article_id,election_id,source_id,arm,sample_stratum,review_round,deterministic_status,deterministic_note,needs_reform_disambiguation,e4_decision,e5_decision,e6_decision,e8_decision,e4_reason_code,e5_reason_code,e6_reason_code,e8_reason_code,e4_supporting_text,e5_supporting_text,e6_supporting_text,e8_supporting_text,e4_confidence,e5_confidence,e6_confidence,e8_confidence,reviewer_id,original_manual_decision,original_review_timestamp,second_review_required,final_reviewed_decision,correction_reason,final_review_timestamp,reviewer_note,headline,effective_date,day_index_from_polling_day,e4_suggested_hint,article_text_excerpt,article_text_path
NEWS-google_dated_search-a0149d62d656,surrey-county-council-by-election-woking-south-2025-07-10,google_dated_search,local,woking_south_blind|surrey-county-council-by-election-woking-south-2025-07-10:local,full_corpus,pending_human_review,"Clears every mechanically-checkable rule. Still requires the human pass for E4 (result leakage), the L/N relevance test (E5), E6 (Reform disambiguation, if applicable) and E8 (genuine editorial content) before it can count as eligible.",,,needs_second_review,not_applicable,,,E5-BORDERLINE-PLACE-MENTION,E6-NOT-REFORM-FLAGGED,,,"Substantive civic report on ""Woking town centre"", but the text does not establish that the location is in Woking South.",,,,medium,,,SL,,,,,,,,"Woking: Town's road closures are killing business, say traders",2025-02-25,135,"likely E4-CLEAR (135 days before polling day - a genuine result leak would require the DATE itself being wrong, not just a careless read; still confirm by skimming for any reference to a declared result)","The closure of Victoria Way is one of the issues affecting Woking town centre
Roadworks and closures in the centre of a Surrey town have been a ""nightmare"" for business, traders have told the BBC.
Issues with Victoria Way, in Woking, began in 2021 when cladding panels fell off the Hilton hotel in stormy weather, leading to road closures for repairs - a situation which has repeated itself several times .
One business owner told BBC Radio Surrey there had been ""late deliveries and missed appointments"", while a Goldsworth Road convenience store owner said roadworks there were ""killing"" his trade.
Southern Gas Networks (SGN), which is responsible for the Goldsworth Road works, said it understood residents were frustrated.
The Hilton hotel's developer, Sir Robert McAlpine (SRM), has also been approached for comment.
It has previously apologised for the inconvenience and also said it empathised with the frustration felt.
Richard Field, who runs Fields Car Centre, told BBC Radio Surrey his was a ""very busy garage"" servicing about 25 cars a day.
""It has been an absolute nightmare for us as a business. A lot of it is diagnostic work where we need to road test vehicles,"" he explained.
""There have been late deliveries, customers missing appointments and some delivery drivers won't come into Woking anymore because they just sit in traffic,"" he said.
Mr Field said the recent closure of Goldsworth Road due to gas pipe repairs by SGN had added to the town's gridlock.
Khaneja Harcharan, who ... [truncated, 3041 chars total - full text at data/raw/news/text/NEWS-google_dated_search-a0149d62d656.txt]",data/raw/news/text/NEWS-google_dated_search-a0149d62d656.txt
NEWS-surrey_comet-0b16fdad5eb5,surrey-county-council-by-election-woking-south-2025-07-10,surrey_comet,local,woking_south_blind|surrey-county-council-by-election-woking-south-2025-07-10:local,full_corpus,pending_human_review,"Clears every mechanically-checkable rule. Still requires the human pass for E4 (result leakage), the L/N relevance test (E5), E6 (Reform disambiguation, if applicable) and E8 (genuine editorial content) before it can count as eligible.",,,exclude,not_applicable,,,E5-NO-L-OR-N-RULE-MET,E6-NOT-REFORM-FLAGGED,,,US defence appointment; no Woking South or UK L/N rule met.,,,,high,,,SL,,,,,,,,Hegseth quickly sworn in as US Defence Secretary after dramatic Senate vote,2025-01-25,166,"likely E4-CLEAR (166 days before polling day - a genuine result leak would require the DATE itself being wrong, not just a careless read; still confirm by skimming for any reference to a declared result)","Pete Hegseth has been sworn in as America’s 29th Secretary of Defence, quickly joining President Donald Trump’s Cabinet after a dramatic late-night vote in the Senate installed him as the Pentagon’s leader.
Mr Hegseth took the oath from Vice President JD Vance in the Eisenhower Executive Office Building with Mr Hegseth’s wife, Jennifer Rauchet, at his side, and Republican senators looking on.
The ceremony came less than 12 hours after Mr Vance broke a 50-50 tie in the Senate to narrowly seal Mr Hegseth’s confirmation.
In brief remarks, Mr Hegseth outlined what he said were his guiding principles: “Restore the warrior ethos in everything that we do, rebuild our military, and re-establish deterrence.”
Thy will be done. America won. Congratulations Mr. Secretary! @PeteHegseth pic.twitter.com/0HBVcwvA6r
— Phil Hegseth (@phegseth) January 25, 2025
“We want to deter them … and we want to end them responsibly. But if we need to fight them, we’re going to bring overwhelming and decisive force to close with and destroy the enemy and bring our boys home.”
He thanked Mr Vance for his tie-breaking vote and joked that his children were happy their father “won in overtime”.
“It is the honour of a lifetime, sir, to serve under you,” Mr Hegseth said, in thanking Mr Trump, who was in Las Vegas on Saturday.
“We look forward to having the backs of our troops and having your back in executing peace through strength, in putting America first and in rebuilding our military.”
The unusually narrow c... [truncated, 4458 chars total - full text at data/raw/news/text/NEWS-surrey_comet-0b16fdad5eb5.txt]",data/raw/news/text/NEWS-surrey_comet-0b16fdad5eb5.txt
NEWS-surrey_comet-17c62e709faf,surrey-county-council-by-election-woking-south-2025-07-10,surrey_comet,local,woking_south_blind|surrey-county-council-by-election-woking-south-2025-07-10:local,full_corpus,pending_human_review,"Clears every mechanically-checkable rule. Still requires the human pass for E4 (result leakage), the L/N relevance test (E5), E6 (Reform disambiguation, if applicable) and E8 (genuine editorial content) before it can count as eligible.",,,include,not_applicable,,,E5-N1-PARTY-POLITICS,E6-NOT-REFORM-FLAGGED,,,"A Conservative council leader criticises the Government's nationwide ""mega councils"" policy.",,,,medium,,,SL,,,,,,,,Government warned ‘mega councils’ plan is based on flawed evidence,2025-01-31,160,"likely E4-CLEAR (160 days before polling day - a genuine result leak would require the DATE itself being wrong, not just a careless read; still confirm by skimming for any reference to a declared result)","Threatened district councils have accused the Government of relying on limited and flawed evidence to justify creating so-called “mega councils” across England.
The second tier authorities warned that the planned move in county areas risks sidelining communities and failing to deliver financial benefits and economic growth.
The English Devolution White Paper, published in December, said 164 district councils and 21 county councils responsible for a combined population of 20 million and an annual budget of £32 billion will be merged to create authorities serving at least 500,000 people.
The District Councils’ Network (DCN) said its members would support a form of reorganisation but they “overwhelmingly” believe councils should be closer to “unique” communities in order to meet their needs.
When the DCN submitted a freedom of information request to establish what evidence was used by the Ministry of Housing, Communities and Local Government (MHCLG) to set the minimum population level, the response cited a report from 2020.
The report by consultancy PwC, which was commissioned by the County Councils Network, found abolishing smaller councils and replacing them with large authorities could save billions of pounds over five years.
The MHCLG also referenced as evidence the white paper itself, which DCN said does not include financial analysis of the minimum population figure, and a separate unnamed document withheld from public scrutiny to preserve a “safe space” for ministers and ... [truncated, 4817 chars total - full text at data/raw/news/text/NEWS-surrey_comet-17c62e709faf.txt]",data/raw/news/text/NEWS-surrey_comet-17c62e709faf.txt
NEWS-surrey_comet-1d7bed5ec244,surrey-county-council-by-election-woking-south-2025-07-10,surrey_comet,local,woking_south_blind|surrey-county-council-by-election-woking-south-2025-07-10:local,full_corpus,pending_human_review,"Clears every mechanically-checkable rule. Still requires the human pass for E4 (result leakage), the L/N relevance test (E5), E6 (Reform disambiguation, if applicable) and E8 (genuine editorial content) before it can count as eligible.",,,exclude,not_applicable,,,E5-NO-L-OR-N-RULE-MET,E6-NOT-REFORM-FLAGGED,,,National bus-lane enforcement survey; no Woking South or eligible national policy rule met.,,,,high,,,SL,,,,,,,,Councils urged not to issue bus lane fines for first time offences,2025-01-29,162,"likely E4-CLEAR (162 days before polling day - a genuine result leak would require the DATE itself being wrong, not just a careless read; still confirm by skimming for any reference to a declared result)","More than a third (36%) of drivers have accidentally driven in a bus lane, a new survey suggests.
The RAC, which commissioned the poll, said the result demonstrates that councils should issue warning letters rather than fines for first time offenders.
Two out of five (42%) of respondents who said they have entered a bus lane by mistake were caught on camera and asked to pay a fine.
Among drivers surveyed who have entered bus lanes operating only at certain times of the day in their area, 56% believe the signage is inadequate.
Just 4% of motorists admitted deliberately driving in a bus lane.
RAC head of policy Simon Williams said: “We have always maintained that the majority of drivers don’t deliberately set out to drive in bus lanes, so it’s good to see this research confirming that.
“Our suspicions around the visibility and clarity of bus lane signage have also been borne out, with drivers expressing considerable concerns about signs often being hard to spot and difficult to understand.
“We continue to call on councils to write to drivers who stray into bus lanes the first time, rather than simply issuing them with fines.
“While it’s fair that anyone who deliberately drives in bus lanes should expect to be fined, our research shows that far too many drivers end up doing so unwittingly, most probably because the signage really isn’t good enough.”
A Local Government Association spokesperson said: “Bus lanes are an important tool to help keep buses on time and therefore encoura... [truncated, 3237 chars total - full text at data/raw/news/text/NEWS-surrey_comet-1d7bed5ec244.txt]",data/raw/news/text/NEWS-surrey_comet-1d7bed5ec244.txt
NEWS-surrey_comet-211bb303ec5c,surrey-county-council-by-election-woking-south-2025-07-10,surrey_comet,local,woking_south_blind|surrey-county-council-by-election-woking-south-2025-07-10:local,full_corpus,pending_human_review,"Clears every mechanically-checkable rule. Still requires the human pass for E4 (result leakage), the L/N relevance test (E5), E6 (Reform disambiguation, if applicable) and E8 (genuine editorial content) before it can count as eligible.",,,exclude,not_applicable,,,E5-NO-L-OR-N-RULE-MET,E6-NOT-REFORM-FLAGGED,,,Elizabeth line industrial dispute; no Woking South or eligible national policy rule met.,,,,high,,,SL,,,,,,,,Elizabeth line Aslef train drivers vote to strike over pay,2025-02-13,147,"likely E4-CLEAR (147 days before polling day - a genuine result leak would require the DATE itself being wrong, not just a careless read; still confirm by skimming for any reference to a declared result)","Elizabeth line passengers face four days of disruption in the coming weeks after train drivers voted to strike over pay.
Members of union Aslef plan to walk out on February 27, March 1, March 8 and March 10.
Elizabeth line operator, MTR, has warned that the strike will be “disruptive” for passengers, adding that it still hoped to resolve the dispute.
Union bosses have said that 95 per cent of train drivers backed strike action on a turnout of 88pc, with just 5pc voting no.
Mike Bagshaw, MTR managing director, said the operator was “disappointed” that drivers had rejected a 4.5pc pay rise.
“The offer would have maintained some of the highest salaries in the industry, along with enhanced terms and conditions,” he claimed.
But Mick Whelan, Aslef's general secretary, said that MTR had decided “not to recognise the input, the importance, and the value of train drivers” in the success of the Elizabeth line.
“I suspect that the company's intransigence is because it has lost the contract with TfL (Transport for London) to run the Elizabeth line,” he claimed.
“If that is indeed the case, it is very disappointing to see the company behave this way.”
MTR will stop operating the Elizabeth line on May 24, at which point it will hand over to a consortium of Go-Ahead Group, Tokyo Metro and Sumitomo Corporation.
A TfL spokesperson said: “We encourage Aslef and MTR Elizabeth line to continue working towards resolving this dispute and avoid impacting our customers with strike action.”
Nigel Gi... [truncated, 2222 chars total - full text at data/raw/news/text/NEWS-surrey_comet-211bb303ec5c.txt]",data/raw/news/text/NEWS-surrey_comet-211bb303ec5c.txt
NEWS-surrey_comet-28549c20403f,surrey-county-council-by-election-woking-south-2025-07-10,surrey_comet,local,woking_south_blind|surrey-county-council-by-election-woking-south-2025-07-10:local,full_corpus,pending_human_review,"Clears every mechanically-checkable rule. Still requires the human pass for E4 (result leakage), the L/N relevance test (E5), E6 (Reform disambiguation, if applicable) and E8 (genuine editorial content) before it can count as eligible.",,,exclude,not_applicable,,,E5-NO-L-OR-N-RULE-MET,E6-NOT-REFORM-FLAGGED,,,Edinburgh visitor-levy decision; it concerns another local authority and no national L/N rule is met.,,,,high,,,SL,,,,,,,,City council could agree Scotland’s first visitor levy charge at online meeting,2025-01-24,167,"likely E4-CLEAR (167 days before polling day - a genuine result leak would require the DATE itself being wrong, not just a careless read; still confirm by skimming for any reference to a declared result)","Scotland’s first ever visitor levy could be agreed by councillors at a meeting on Friday.
Members of the City of Edinburgh Council are expected to approve plans to bring in the charge on those staying in overnight accommodation throughout the area.
However, with a rare red weather warning in place as a result of Storm Eowyn, councillors will be meeting virtually to discuss the proposals – which could raise up to £50 million a year for the authority.
Council leader Jane Meagher has previously described the levy as a “once-in-a-lifetime opportunity” to invest in the city.
It comes after Holyrood, last year, approved legislation giving councils across Scotland the ability to introduce such a charge.
If approved, the levy will see a 5% charge applied to those staying in hotels, bed and breakfasts, and other forms of accommodation, including holiday lets.
Under the council’s plans, it will be applied on bookings made after May 1 this year, for accommodation stays from July 24 2026 onwards.
Friday’s full council meeting to discuss the proposal comes after it was backed last week by the authority’s policy and sustainability committee.
Edinburgh has moved another step closer to a Visitor Levy.
Members today agreed the proposed scheme, subject to further officer advice on the transition period and final approval by Council next week.
Find out more on our website: https://t.co/O9d1ahMGwr pic.twitter.com/p7XRYt4P1w
— The City of Edinburgh Council (@Edinburgh_CC) January 17, 2025
The Fed... [truncated, 2944 chars total - full text at data/raw/news/text/NEWS-surrey_comet-28549c20403f.txt]",data/raw/news/text/NEWS-surrey_comet-28549c20403f.txt
NEWS-surrey_comet-2a0e703d6e09,surrey-county-council-by-election-woking-south-2025-07-10,surrey_comet,local,woking_south_blind|surrey-county-council-by-election-woking-south-2025-07-10:local,full_corpus,pending_human_review,"Clears every mechanically-checkable rule. Still requires the human pass for E4 (result leakage), the L/N relevance test (E5), E6 (Reform disambiguation, if applicable) and E8 (genuine editorial content) before it can count as eligible.",,,exclude,not_applicable,,,E5-NO-L-OR-N-RULE-MET,E6-NOT-REFORM-FLAGGED,,,South Korean political report; no Woking South or UK L/N rule met.,,,,high,,,SL,,,,,,,,South Koreans turn to flower wreaths and K-pop light sticks as political symbols,2025-01-25,166,"likely E4-CLEAR (166 days before polling day - a genuine result leak would require the DATE itself being wrong, not just a careless read; still confirm by skimming for any reference to a declared result)","South Koreans are repurposing flower wreaths and K-pop light sticks as political protest tools amid the nation’s deepest political crisis in decades, sparked by President Yoon Suk Yeol’s short-lived martial law declaration in December.
Hundreds of wreaths, predominantly directed at Yoon himself, have been sent to his residence and government buildings connected to the impeachment proceedings, with some targeting other officials involved in the martial law controversy.
Local media estimate the number of wreaths delivered to government offices as several thousand.
While many wreaths carry moderate messages supporting Mr Yoon or opposing impeachment, several contain extreme rhetoric directed at recipients.
The black-ribboned funeral wreaths with white chrysanthemums and celebratory wreaths with vibrant roses and orchids, costing as much as £60, carry messages reflecting Korea’s deepening political divide.
The protest method has gained traction, with media coverage increasing in tandem over the last few years.
A search on Big Kinds, which collects and analyses articles from more than 100 local news outlets, shows wreath protests received four times more media coverage in 2024 compared to 2023, reflecting the method’s growing popularity.
News articles about these protests started to appear in the early 2010s, though experts cannot specify their exact origin.
In December, outside the National Assembly where lawmakers voted to impeach Mr Yoon, thousands of people wielded K-pop light... [truncated, 2365 chars total - full text at data/raw/news/text/NEWS-surrey_comet-2a0e703d6e09.txt]",data/raw/news/text/NEWS-surrey_comet-2a0e703d6e09.txt
NEWS-surrey_comet-35e56cdc6270,surrey-county-council-by-election-woking-south-2025-07-10,surrey_comet,local,woking_south_blind|surrey-county-council-by-election-woking-south-2025-07-10:local,full_corpus,pending_human_review,"Clears every mechanically-checkable rule. Still requires the human pass for E4 (result leakage), the L/N relevance test (E5), E6 (Reform disambiguation, if applicable) and E8 (genuine editorial content) before it can count as eligible.",,,include,not_applicable,,,E5-N1-PARTY-POLITICS,E6-NOT-REFORM-FLAGGED,,,"A former Conservative chairman accuses the Labour Government of trying to ""bury bad news"".",,,,high,,,SL,,,,,,,,Fact check: Southport trial scheduled by judge long before US election result,2025-01-22,169,"likely E4-CLEAR (169 days before polling day - a genuine result leak would require the DATE itself being wrong, not just a careless read; still confirm by skimming for any reference to a declared result)","A former chairman of the Conservative Party has claimed that the beginning of Southport attacker Axel Rudakubana’s trial was scheduled on the same day as Donald Trump’s presidential inauguration as “a calculated and cynical move by the Labour Government to ‘bury bad news’ behind international headlines”.
The claim echoes other social media posts over recent months which make various claims about the timing of both events on the same day.
This is a false claim. The trial date is set by the courts, not the Government. The trial was scheduled months before Mr Trump’s victory in the US presidential election.
The trial date was set for January 20 2025 during a hearing on August 1 2024 by Honorary Recorder of Liverpool Andrew Menary KC – the judge who allowed Rudakubana’s name to be published despite him being under 18 at the time he was charged.
This was more than three months before the US presidential election was held on November 5.
While it was not known at the time the trial date was set that Mr Trump would become the next president, the US inauguration ceremony always takes place on January 20 , or on January 21 if the 20th is a Sunday.
Trial schedules are set by the courts, never by the Government.
The Government’s website states : “If the defendant pleads not guilty to the crime the court will need to arrange a trial to receive evidence about what happened. At the first hearing the court will ask for information about the case, set a trial date and make court orders (‘dire... [truncated, 2612 chars total - full text at data/raw/news/text/NEWS-surrey_comet-35e56cdc6270.txt]",data/raw/news/text/NEWS-surrey_comet-35e56cdc6270.txt
NEWS-surrey_comet-55427caea581,surrey-county-council-by-election-woking-south-2025-07-10,surrey_comet,local,woking_south_blind|surrey-county-council-by-election-woking-south-2025-07-10:local,full_corpus,pending_human_review,"Clears every mechanically-checkable rule. Still requires the human pass for E4 (result leakage), the L/N relevance test (E5), E6 (Reform disambiguation, if applicable) and E8 (genuine editorial content) before it can count as eligible.",,,exclude,not_applicable,,,E5-NO-L-OR-N-RULE-MET,E6-NOT-REFORM-FLAGGED,,,Trade-union leadership ballot; the incidental Labour reference does not make this party-political coverage.,,,,high,,,SL,,,,,,,,Matt Wrack fails to win re-election as Fire Brigades Union general secretary,2025-01-14,177,"likely E4-CLEAR (177 days before polling day - a genuine result leak would require the DATE itself being wrong, not just a careless read; still confirm by skimming for any reference to a declared result)","The leader of the union representing firefighters has failed to be re-elected after losing to his rival in a ballot of members.
Matt Wrack was seeking another term of office after two decades in the post of general secretary of the Fire Brigades Union (FBU).
But he was beaten by the union’s vice-president Steve Wright, who will now become the new leader.
Mr Wrack is a prominent left winger, being involved in a number of disputes over pay, jobs and conditions and regularly speaking at rallies and meetings pressing the case for improved workers’ rights under the Labour Government.
He was recently the president of the TUC.
He polled 3,436 votes compared to 5,188 for Mr Wright.
Assistant general secretary, Ben Selby, has announced the results of the FBU 2025 general secretary election. Steve Wright has been elected as the new general secretary following a ballot of union members. pic.twitter.com/uIc6uapHAM
— Fire Brigades Union (@fbunational) January 14, 2025
Announcing the ballot result, FBU assistant general secretary Ben Selby wished the winner the very best for the future and noted the “enormous contribution” made by Mr Wrack.
He added: “Elections can be divisive and this one certainly has been. I hope members and officials will now come together to deliver on our campaigns and for a fire service fit for the future.”
Mr Wrack was first elected general secretary in 2005 after holding a number of posts including regional organiser in London during the 2002/3 pay dispute involvi... [truncated, 4949 chars total - full text at data/raw/news/text/NEWS-surrey_comet-55427caea581.txt]",data/raw/news/text/NEWS-surrey_comet-55427caea581.txt
NEWS-surrey_comet-5e97f88e2c80,surrey-county-council-by-election-woking-south-2025-07-10,surrey_comet,local,woking_south_blind|surrey-county-council-by-election-woking-south-2025-07-10:local,full_corpus,pending_human_review,"Clears every mechanically-checkable rule. Still requires the human pass for E4 (result leakage), the L/N relevance test (E5), E6 (Reform disambiguation, if applicable) and E8 (genuine editorial content) before it can count as eligible.",,,include,not_applicable,,,E5-N1-PARTY-POLITICS,E6-NOT-REFORM-FLAGGED,,,"Conservative, Liberal Democrat and Reform politicians criticise the Government's election postponements.",,,,high,,,SL,,,,,,,,Fact check: Are this year’s local elections being ‘cancelled’?,2025-02-07,153,"likely E4-CLEAR (153 days before polling day - a genuine result leak would require the DATE itself being wrong, not just a careless read; still confirm by skimming for any reference to a declared result)","This fact check has been compiled by Full Fact , the UK’s largest fact checking charity working to find, expose and counter the harms of bad information.
In recent weeks we’ve seen various different claims about local elections in May being “cancelled” or postponed — from politicians, in the media and on social media, where some have suggested elections have been cancelled “till 2027” or are set to be cancelled “for the first time since World War II”.
The claims are based on the news that some councils in England have asked to delay elections which were to take place this May, due to a reorganisation of local government.
After an announcement on Wednesday, we now know nine councils in England will have their May 2025 elections postponed until May 2026 . Other local elections will go ahead as planned, however.
Some of the media, politicians from different parties and even a minister have referred to the prospect of council elections being “cancelled”, on the grounds that some elections which had been due in May will not take place. However, the Government has generally used the term “postponed”, given the votes have been delayed and will eventually take place in May 2026 (albeit technically for new entities, not the existing councils).
The prospect of postponement has attracted fierce criticism from some politicians from across the political spectrum, with one Conservative MP calling it “anti-democratic”, the Liberal Democrats describing it as a “scandal” and Reform UK leader ... [truncated, 6671 chars total - full text at data/raw/news/text/NEWS-surrey_comet-5e97f88e2c80.txt]",data/raw/news/text/NEWS-surrey_comet-5e97f88e2c80.txt
NEWS-surrey_comet-66bebfb1ace2,surrey-county-council-by-election-woking-south-2025-07-10,surrey_comet,local,woking_south_blind|surrey-county-council-by-election-woking-south-2025-07-10:local,full_corpus,pending_human_review,"Clears every mechanically-checkable rule. Still requires the human pass for E4 (result leakage), the L/N relevance test (E5), E6 (Reform disambiguation, if applicable) and E8 (genuine editorial content) before it can count as eligible.",,,exclude,not_applicable,,,E5-NO-L-OR-N-RULE-MET,E6-NOT-REFORM-FLAGGED,,,Southport community report; no Woking South or eligible national policy rule met.,,,,high,,,SL,,,,,,,,"Public inquiry will help community heal, says council leader",2025-01-21,170,"likely E4-CLEAR (170 days before polling day - a genuine result leak would require the DATE itself being wrong, not just a careless read; still confirm by skimming for any reference to a declared result)","A public inquiry will help with the “healing process” for the community in Southport, the council leader has said.
Marion Atkinson, leader of Sefton Council, said the guilty pleas entered by Axel Rudakubana, 18, on Monday had come as a relief to a community that is “still hurting and shocked” by the deadly attack at a holiday club in the Merseyside town on July 29 last year.
She said thoughts are with the families of his three victims, Bebe King, six, Elsie Dot Stancombe, seven, and nine-year-old Alice da Silva Aguiar.
“The community is still hurting and shocked by what happened last summer but there is a feeling of relief that the guilty plea entered this week means that those affected don’t have to relive what happened in a public trial,” said Ms Atkinson.
“We welcome the Government’s announcement of a public inquiry – it’s important that we understand the events that led to this tragedy and we hope this will help as part of the healing process for our community and that lessons can be learned.
“The misinformation spread across the country has only served to exacerbate the hurt our community has felt.
“Over the last few months we’ve seen everyone come together and show the love and support we have for each other here in Sefton – we all want to look to a more positive future – and it is important we continue to provide that support to everyone who needs it.”
Hundreds of floral tributes, balloons and toys were left outside Southport Town Hall in the summer as people paid thei... [truncated, 2469 chars total - full text at data/raw/news/text/NEWS-surrey_comet-66bebfb1ace2.txt]",data/raw/news/text/NEWS-surrey_comet-66bebfb1ace2.txt
NEWS-surrey_comet-6b7276bcdcf8,surrey-county-council-by-election-woking-south-2025-07-10,surrey_comet,local,woking_south_blind|surrey-county-council-by-election-woking-south-2025-07-10:local,full_corpus,pending_human_review,"Clears every mechanically-checkable rule. Still requires the human pass for E4 (result leakage), the L/N relevance test (E5), E6 (Reform disambiguation, if applicable) and E8 (genuine editorial content) before it can count as eligible.",,,exclude,not_applicable,,,E5-NO-L-OR-N-RULE-MET,E6-NOT-REFORM-FLAGGED,,,German election report; no Woking South or UK L/N rule met.,,,,high,,,SL,,,,,,,,Protests at far-right party’s conference as Germany’s election campaign warms up,2025-01-11,180,"likely E4-CLEAR (180 days before polling day - a genuine result leak would require the DATE itself being wrong, not just a careless read; still confirm by skimming for any reference to a declared result)","Thousands of people demonstrated against a conference of the far-right Alternative for Germany party on Saturday, blocking some roads and delaying the start as parties launched their campaigns for the country’s election next month.
A heavy police presence was in place in Riesa, in the eastern state of Saxony, a stronghold of Alternative for Germany, or AfD, and officers cleared some protesters from the streets.
However, the two-day conference started a little over two hours late as many delegates’ trips to the venue were slowed by blockades.
AfD formally nominated co-leader Alice Weidel as its candidate for chancellor.
Ms Weidel, who was among those held up, thanked delegates for “defying the left-wing mob and getting here”.
Polls show AfD in second place ahead of the February 23 election, with about 20% support.
However Ms Weidel, who this week held a live chat with tech billionaire Elon Musk, who has endorsed the party, on his X platform, has no realistic chance of becoming Germany’s leader as other parties refuse to work with AfD.
It is the mainstream conservative opposition Union bloc that leads polls with about 30% and its candidate, Friedrich Merz, is the favourite to become the next chancellor.
The Union is focusing on boosting Germany’s stagnant economy in particular and on reducing irregular migration.
Ms Weidel described it as a “party of fraudsters” on Saturday, urging people to “vote for the original” and strengthen her party.
She called for the closure of Germany... [truncated, 3147 chars total - full text at data/raw/news/text/NEWS-surrey_comet-6b7276bcdcf8.txt]",data/raw/news/text/NEWS-surrey_comet-6b7276bcdcf8.txt
NEWS-surrey_comet-7cc89e1f5b75,surrey-county-council-by-election-woking-south-2025-07-10,surrey_comet,local,woking_south_blind|surrey-county-council-by-election-woking-south-2025-07-10:local,full_corpus,pending_human_review,"Clears every mechanically-checkable rule. Still requires the human pass for E4 (result leakage), the L/N relevance test (E5), E6 (Reform disambiguation, if applicable) and E8 (genuine editorial content) before it can count as eligible.",,,exclude,not_applicable,,,E5-NO-L-OR-N-RULE-MET,E6-NOT-REFORM-FLAGGED,,,EastEnders entertainment voting article; no L/N rule met.,,,,high,,,SL,,,,,,,,How to vote for EastEnders Denise Fox live episode storyline,2025-02-19,141,"likely E4-CLEAR (141 days before polling day - a genuine result leak would require the DATE itself being wrong, not just a careless read; still confirm by skimming for any reference to a declared result)","We are almost at the halfway point of EastEnders’ special 40th anniversary week – what do you think of it so far?
There’s only one day to go until the anticipated live episode (which will surely feature plenty of drama in Walford).
However, following the soap’s hour-long episode that transmits on the actual anniversary tonight (Wednesday, February 19), for the first time in the show's history, EastEnders fans will be able to cast their vote on Denise Fox’s “potential suiter”.
Should her future be with Jack or Ravi? You get to decide by casting a vote online.
What a wedding! And it's not over yet... #EastEnders #EE40 pic.twitter.com/hpurMNgbRq
To access the vote, EastEnders viewers must have a BBC account - you can register for an account at bbc.co.uk/account , on or before February 19.
The vote will officially open at 8.30pm on Wednesday (February 19) at bbc.co.uk/eastenders , and will close at 7.10pm on Thursday, February 20 so the result can be incorporated into its live episode which will broadcast at 7.30pm from BBC Elstree Centre that evening, explains the BBC.
The broadcaster adds: “Once all votes have been cast, the vote will be independently verified and handed to the EastEnders executive producer, Chris Clenshaw, just before the live show.
“In that short amount of time, the cast and crew will disregard the losing script, and quickly prepare to depict the drama on screen that reflects the decision chosen by the viewers.
“As well as playing matchmaker for Denise, viewe... [truncated, 2375 chars total - full text at data/raw/news/text/NEWS-surrey_comet-7cc89e1f5b75.txt]",data/raw/news/text/NEWS-surrey_comet-7cc89e1f5b75.txt
NEWS-surrey_comet-7e24461d1940,surrey-county-council-by-election-woking-south-2025-07-10,surrey_comet,local,woking_south_blind|surrey-county-council-by-election-woking-south-2025-07-10:local,full_corpus,pending_human_review,"Clears every mechanically-checkable rule. Still requires the human pass for E4 (result leakage), the L/N relevance test (E5), E6 (Reform disambiguation, if applicable) and E8 (genuine editorial content) before it can count as eligible.",,,exclude,not_applicable,,,E5-NO-L-OR-N-RULE-MET,E6-NOT-REFORM-FLAGGED,,,Arts and exhibition feature using politicians as subjects; no substantive political L/N rule met.,,,,high,,,SL,,,,,,,,Painter depicts politicians including Keir Starmer in the form of plants,2025-02-19,141,"likely E4-CLEAR (141 days before polling day - a genuine result leak would require the DATE itself being wrong, not just a careless read; still confirm by skimming for any reference to a declared result)","A painter who feels “a strong emotional reaction to colour” has depicted politicians including the Prime Minister as plants.
Emily Powell, 34, has synaesthesia, a perceptual phenomenon which causes her to see the world through the lens of colour.
Ms Powell, who has a studio in Dartmoor, said when she meets people, she often thinks of ways to showcase who they are through colour.
“Building a colour profile in my mind is how I make sense of people,” she told the PA news agency.
“As I get to know them more shades and colours are added.”
In her series called “the Greenhouse of Commons” she has reimagined political commentators and politicians including Prime Minister Sir Keir Starmer, former premier Lady Thatcher and Deputy Prime Minister Angela Rayner as floral displays, with different colours used to typify the qualities she feels they convey.
Ms Powell, who is a political podcast enthusiast and has a particular fondness for Newscast and The Rest Is Politics, said she depicted the Prime Minister as a plant in a “sensible pot” to represent his practical nature.
“I listen to a lot about him so then you pick up a read on how he’s presenting himself to the general public and I feel like he hasn’t burst into flower yet,” she said.
“I have used the colour green as I hope for more from him, and then there’s that dark blue to represent that deep-thinking quality to him and he’s very, very sensible so that’s also why he’s a very sensible pot and very square.”
Ms Rayner has been likened ... [truncated, 3624 chars total - full text at data/raw/news/text/NEWS-surrey_comet-7e24461d1940.txt]",data/raw/news/text/NEWS-surrey_comet-7e24461d1940.txt
NEWS-surrey_comet-8503d638a5a2,surrey-county-council-by-election-woking-south-2025-07-10,surrey_comet,local,woking_south_blind|surrey-county-council-by-election-woking-south-2025-07-10:local,full_corpus,pending_human_review,"Clears every mechanically-checkable rule. Still requires the human pass for E4 (result leakage), the L/N relevance test (E5), E6 (Reform disambiguation, if applicable) and E8 (genuine editorial content) before it can count as eligible.",,,include,not_applicable,,,E5-N1-PARTY-POLITICS,E6-NOT-REFORM-FLAGGED,,,The article covers Labour's reversal on WASPI compensation and a cross-party Commons vote.,,,,high,,,SL,,,,,,,,Waspi compensation calls could face symbolic Commons vote,2025-01-23,168,"likely E4-CLEAR (168 days before polling day - a genuine result leak would require the DATE itself being wrong, not just a careless read; still confirm by skimming for any reference to a declared result)","Calls to establish a compensation scheme for women affected by changes to the state pension age could be pushed to a symbolic Commons vote next week.
SNP Westminster leader Stephen Flynn wants to introduce the Women’s State Pension age (Ombudsman report and compensation scheme) Bill to the Commons for further consideration.
His proposed Bill would require ministers to publish measures to address the findings of the Parliamentary and Health Service Ombudsman (PHSO) report, which recommended the UK Government pay compensation to women born in the 1950s whose state pension age was raised so it would be equal with men.
The watchdog said the women should be paid up to £2,950 each, a package with a potential total cost of £10.5 billion to the public purse, as poor communication meant they had lost out on the change to plan their retirement finances.
But the Government last month ruled out a compensation package despite Prime Minister Sir Keir Starmer and Chancellor Rachel Reeves being among the senior ministers to support the Women Against State Pension Inequality (Waspi) campaign when Labour was in opposition.
Mr Flynn will seek permission on January 28 to introduce his Bill to the Commons for further consideration.
A Commons vote on Mr Flynn’s motion under the 10-minute rule process would not force a change, but could highlight the level of unhappiness among Labour backbenchers over the Government’s stance.
Mr Flynn said: “The SNP will bring forward a Bill in the House of Commons... [truncated, 3751 chars total - full text at data/raw/news/text/NEWS-surrey_comet-8503d638a5a2.txt]",data/raw/news/text/NEWS-surrey_comet-8503d638a5a2.txt
NEWS-surrey_comet-9d3c431fbc7c,surrey-county-council-by-election-woking-south-2025-07-10,surrey_comet,local,woking_south_blind|surrey-county-council-by-election-woking-south-2025-07-10:local,full_corpus,pending_human_review,"Clears every mechanically-checkable rule. Still requires the human pass for E4 (result leakage), the L/N relevance test (E5), E6 (Reform disambiguation, if applicable) and E8 (genuine editorial content) before it can count as eligible.",,,include,not_applicable,,,E5-N1-PARTY-POLITICS,E6-NOT-REFORM-FLAGGED,,,The article substantively compares Labour and Conservative governments' policy of non-engagement with the MCB.,,,,medium,,,SL,,,,,,,,Muslim Council of Britain to elect new leader,2025-01-25,166,"likely E4-CLEAR (166 days before polling day - a genuine result leak would require the DATE itself being wrong, not just a careless read; still confirm by skimming for any reference to a declared result)","One of the UK’s major Muslim organisations is to elect its new leader, with one candidate insisting Government must realise it is a “valuable asset, not a liability”.
The Muslim Council of Britain (MCB), established in 1998, describes itself as the UK’s largest Muslim umbrella organisation with more than 500 members, but successive political administrations have followed a policy of non-engagement.
Ties were first cut under Labour in 2009, over a reported declaration of support by a then-senior figure in the MCB for Hamas.
They were restored the following year after the MCB stated its opposition to violence, but more recently both the Conservative and Labour administrations have refused any official engagement.
Both Dr Muhammad Adrees and Dr Mohammed Akhter, the two men competing to become the new MCB secretary-general, have faced criticism in a think tank report for some of their previously aired views.
Policy Exchange reported earlier this month that Dr Adrees, a consultant physician in the NHS, had voiced support for the regime in Iran.
It noted a piece he had written for a 2017 issue of the publication Islam Today, which included a reference to Iran’s former supreme leader Ayatollah Ruhollah Khomeini.
Dr Adrees wrote that a visit to Khomeini’s former home during a trip to Iran “took my thoughts to the time of Iranian Revolution when the great leader led the nation to its destiny”.
In a statement following the Policy Exchange report, Dr Adrees said: “I categorically do not... [truncated, 3996 chars total - full text at data/raw/news/text/NEWS-surrey_comet-9d3c431fbc7c.txt]",data/raw/news/text/NEWS-surrey_comet-9d3c431fbc7c.txt
NEWS-surrey_comet-a6133e1f5555,surrey-county-council-by-election-woking-south-2025-07-10,surrey_comet,local,woking_south_blind|surrey-county-council-by-election-woking-south-2025-07-10:local,full_corpus,pending_human_review,"Clears every mechanically-checkable rule. Still requires the human pass for E4 (result leakage), the L/N relevance test (E5), E6 (Reform disambiguation, if applicable) and E8 (genuine editorial content) before it can count as eligible.",,,needs_second_review,not_applicable,,,E5-BORDERLINE-POLICY-RELEVANCE,E6-NOT-REFORM-FLAGGED,,,"Government financial support for the British Council may be a public-services issue, but its fit with the five N2 categories is unclear.",,,,medium,,,SL,,,,,,,,"British Council could ‘disappear’ in a decade without financial help, boss warns",2025-01-25,166,"likely E4-CLEAR (166 days before polling day - a genuine result leak would require the DATE itself being wrong, not just a careless read; still confirm by skimming for any reference to a declared result)","The British Council could “disappear” within the next decade without urgent government intervention, the organisation’s chief executive has said.
Scott McDonald, the boss of the UK’s international organisation for cultural relations, warned the council’s presence in up to 40 countries was in jeopardy without financial guarantees from the Government.
“I think we would be in real danger of disappearing, probably over a period of a decade,” he told The Guardian.
“And don’t think I’m saying this just for headlines, I think it’s really true.”
Without financial help, the organisation’s primary work in showcasing Britain’s soft power and cultural influence, which has positive effects on diplomacy, tourism and international student recruitment, would be in jeopardy.
The pandemic hit our business hard, and like many organisations, the current world economic situation continues to make recovery difficult. We have reorganised our business to make it stronger financially and will continue to cut costs.🧵5/7
— Scott McDonald (@McDonaldScott_) January 17, 2025
Mr McDonald told The Guardian the British Council has a presence in 100 countries around the world but is being forced to consider closing down operations in 30 to 40.
“That leaves a vacuum in those 30 or 40 countries”, he said.
“There’s no British Council there, promoting the UK and our culture, our education.”
The organisation’s current financial strife stems from a £200 million Covid-era loan from the Government, which comes with c... [truncated, 2508 chars total - full text at data/raw/news/text/NEWS-surrey_comet-a6133e1f5555.txt]",data/raw/news/text/NEWS-surrey_comet-a6133e1f5555.txt
NEWS-surrey_comet-a6955eef75d3,surrey-county-council-by-election-woking-south-2025-07-10,surrey_comet,local,woking_south_blind|surrey-county-council-by-election-woking-south-2025-07-10:local,full_corpus,pending_human_review,"Clears every mechanically-checkable rule. Still requires the human pass for E4 (result leakage), the L/N relevance test (E5), E6 (Reform disambiguation, if applicable) and E8 (genuine editorial content) before it can count as eligible.",,,exclude,not_applicable,,,E5-NO-L-OR-N-RULE-MET,E6-NOT-REFORM-FLAGGED,,,Belarusian election report; no Woking South or UK L/N rule met.,,,,high,,,SL,,,,,,,,Lukashenko wins seventh term in Belarus election,2025-01-27,164,"likely E4-CLEAR (164 days before polling day - a genuine result leak would require the DATE itself being wrong, not just a careless read; still confirm by skimming for any reference to a declared result)","President Alexander Lukashenko has won a a seventh term in office in Belarus, according to the country’s Central Election Commission.
According to a statement by the Central Election Commission, the 70-year-old leader took nearly 87% per cent of the vote in Sunday’s election after a campaign in which four token challengers all praised his rule.
Mr Lukashenko has been in power since 1994 and has ruled the country of nine million people with an iron hand. He relies on subsidies and political support from Russia. He allowed Moscow to use the country’s territory to invade Ukraine in 2022 and later hosted some of Russia’s tactical nuclear weapons.
He still campaigned with the slogan, “peace and security,” arguing he has saved Belarus from being drawn into war
His opponents, many of whom are imprisoned or exiled abroad by his unrelenting crackdown on dissent and free speech, called the election a sham — much like the last one in 2020 that triggered months of protests.
The crackdown saw more than 65,000 arrests, with thousands beaten, bringing condemnation and sanctions from the West.
His iron-fisted rule since 1994 earned Mr Lukashenko the nickname of “Europe’s last dictator”, relying on subsidies and political support from close ally Russia.
“It’s better to have a dictatorship like in Belarus than a democracy like Ukraine,” Mr Lukashenko said in his characteristic bluntness.
His reliance on support from Russian President Vladimir Putin helped him survive the 2020 protests.
Observe... [truncated, 5478 chars total - full text at data/raw/news/text/NEWS-surrey_comet-a6955eef75d3.txt]",data/raw/news/text/NEWS-surrey_comet-a6955eef75d3.txt
NEWS-surrey_comet-b198df73e2fb,surrey-county-council-by-election-woking-south-2025-07-10,surrey_comet,local,woking_south_blind|surrey-county-council-by-election-woking-south-2025-07-10:local,full_corpus,pending_human_review,"Clears every mechanically-checkable rule. Still requires the human pass for E4 (result leakage), the L/N relevance test (E5), E6 (Reform disambiguation, if applicable) and E8 (genuine editorial content) before it can count as eligible.",,,include,not_applicable,,,E5-N2-POLICY-ISSUE,E6-NOT-REFORM-FLAGGED,,,The UK's first supervised drug-consumption facility is a substantive public-services policy issue.,,,,medium,,,SL,,,,,,,,"It is morally wrong not to open safer drug consumption room, says councillor",2025-01-13,178,"likely E4-CLEAR (178 days before polling day - a genuine result leak would require the DATE itself being wrong, not just a careless read; still confirm by skimming for any reference to a declared result)","It would be morally wrong not to open the UK’s first safer drug-consumption room in Glasgow, a councillor has said.
Allan Casey, who convenes Glasgow City Council’s addiction services, welcomed the official opening of the facility on Monday.
The Thistle Centre, in the city’s east end, will provide a space where drug users can take illegal substances such as heroin and cocaine under medical supervision in a clean and hygienic environment.
The Scottish Government hopes those who attend the pilot facility can be encouraged to seek support to overcome their addiction.
Mr Casey, who represents the bordering Dennistoun ward, said there was a clear demand for such a facility.
He told the PA news agency: “The first important milestone is actually getting the doors open which is good news.
“It’s been a long journey, a 10-year journey for some folk to get us to this stage. So that’s the most important bit of news.”
He said safer consumption rooms were not “the start or the end” of the battle against addiction.
But he described the opening as “one of the final pieces of the jigsaw” as he called for more facilities to be opened across Scotland.
“I think we need to expand safe consumption rooms further.
“There can’t just be one. One is not going to address the problems that we face, not just in Glasgow but, in fact, across the country.
“It’s the first step in the right direction towards a more humane service but we need to be able to expand this as much as possible, and we will demonstrat... [truncated, 5739 chars total - full text at data/raw/news/text/NEWS-surrey_comet-b198df73e2fb.txt]",data/raw/news/text/NEWS-surrey_comet-b198df73e2fb.txt
NEWS-surrey_comet-b654f103c35f,surrey-county-council-by-election-woking-south-2025-07-10,surrey_comet,local,woking_south_blind|surrey-county-council-by-election-woking-south-2025-07-10:local,full_corpus,pending_human_review,"Clears every mechanically-checkable rule. Still requires the human pass for E4 (result leakage), the L/N relevance test (E5), E6 (Reform disambiguation, if applicable) and E8 (genuine editorial content) before it can count as eligible.",,,exclude,not_applicable,,,E5-NO-L-OR-N-RULE-MET,E6-NOT-REFORM-FLAGGED,,,German election report; no Woking South or UK L/N rule met.,,,,high,,,SL,,,,,,,,Far-right party’s conference draws protests as Germany heads into election,2025-01-11,180,"likely E4-CLEAR (180 days before polling day - a genuine result leak would require the DATE itself being wrong, not just a careless read; still confirm by skimming for any reference to a declared result)","A conference of the far-right Alternative for Germany party was met by protests on Saturday, as it and other major parties launch their campaigns for the country’s election next month.
Alternative for Germany, or AfD, is holding a two-day gathering in Riesa, in the eastern state of Saxony, one of its strongholds, to formally nominate co-leader Alice Weidel as its candidate for chancellor and finalise details of its platform.
A heavy police presence was in place as thousands of demonstrators were expected.
Officers partly broke up a sit-in blockade at a crossroads, and fireworks were thrown toward police on the sidelines of another protest, German news agency dpa reported.
Polls show AfD in second place ahead of the Februry 23 election, with about 20% support.
However Ms Weidel, who this week held a live chat with tech billionaire Elon Musk, who has endorsed the party on his X platform, has no realistic chance of becoming Germany’s leader as other parties refuse to work with AfD.
It is the mainstream conservative opposition Union bloc that leads polls with about 30% and its candidate, Friedrich Merz, is the favourite to become the next chancellor.
Centre-left Chancellor Olaf Scholz is hoping for a come-from-behind victory, but there has been little sign of significant movement so far in polls that show support for his Social Democrats at 14%-17%.
Mr Scholz leads a minority government after his unpopular and notoriously rancorous three-party coalition collapsed in November, whe... [truncated, 2060 chars total - full text at data/raw/news/text/NEWS-surrey_comet-b654f103c35f.txt]",data/raw/news/text/NEWS-surrey_comet-b654f103c35f.txt
NEWS-surrey_comet-d5c99c43b3fa,surrey-county-council-by-election-woking-south-2025-07-10,surrey_comet,local,woking_south_blind|surrey-county-council-by-election-woking-south-2025-07-10:local,full_corpus,pending_human_review,"Clears every mechanically-checkable rule. Still requires the human pass for E4 (result leakage), the L/N relevance test (E5), E6 (Reform disambiguation, if applicable) and E8 (genuine editorial content) before it can count as eligible.",,,exclude,not_applicable,,,E5-NO-L-OR-N-RULE-MET,E6-NOT-REFORM-FLAGGED,,,US election-interference investigation; no Woking South or UK L/N rule met.,,,,high,,,SL,,,,,,,,Lawyer says he ‘stood up for rule of law’ in Trump election interference probe,2025-01-14,177,"likely E4-CLEAR (177 days before polling day - a genuine result leak would require the DATE itself being wrong, not just a careless read; still confirm by skimming for any reference to a declared result)","Special counsel Jack Smith says in a new report that his team “stood up for the rule of law” as it investigated President-elect Donald Trump’s efforts to overturn the 2020 election.
Mr Smith submitted a report to US Congress detailing his team’s findings about Mr Trump’s efforts to cling to power.
The Associated Press has obtained a copy.
District Judge Aileen Cannon ruled that the US Justice Department can publicly release the investigation on the 2020 election interference case, however, a temporary injunction barring the immediate release of the report remains in effect until Tuesday.
Ms Cannon, who was nominated to the bench by Mr Trump, had earlier temporarily blocked the department from releasing the entire report on Mr Smith’s investigations into Mr Trump that led to two separate criminal cases.
Ms Cannon’s latest order on Monday cleared the way for the release of the volume detailing Mr Smith’s case that accused Mr Trump, a Republican, of conspiring to overturn his 2020 election loss to Joe Biden, a Democrat.
She set a hearing for Friday on whether the department can release a separate volume on the case that accused Mr Trump of hoarding classified documents at his Mar-a-Lago estate after he left the White House in 2021.
The department has said it will not publicly disclose that volume as long as criminal proceedings against two of Mr Trump’s co-defendants remain pending.
Ms Cannon dismissed the classified documents case in July, ruling that Mr Smith’s appointment was... [truncated, 4170 chars total - full text at data/raw/news/text/NEWS-surrey_comet-d5c99c43b3fa.txt]",data/raw/news/text/NEWS-surrey_comet-d5c99c43b3fa.txt
NEWS-surrey_comet-ee3f01f2e04a,surrey-county-council-by-election-woking-south-2025-07-10,surrey_comet,local,woking_south_blind|surrey-county-council-by-election-woking-south-2025-07-10:local,full_corpus,pending_human_review,"Clears every mechanically-checkable rule. Still requires the human pass for E4 (result leakage), the L/N relevance test (E5), E6 (Reform disambiguation, if applicable) and E8 (genuine editorial content) before it can count as eligible.",,,exclude,not_applicable,,,E5-NO-L-OR-N-RULE-MET,E6-NOT-REFORM-FLAGGED,,,German election report; no Woking South or UK L/N rule met.,,,,high,,,SL,,,,,,,,Thousands protest against rise of German far-right ahead of general election,2025-01-25,166,"likely E4-CLEAR (166 days before polling day - a genuine result leak would require the DATE itself being wrong, not just a careless read; still confirm by skimming for any reference to a declared result)","Thousands of Germans have protested in Berlin and other cities against the rise of the far-right and anti-immigrant Alternative for Germany (AfD) party ahead of a February 23 general election.
At Berlin’s Brandenburg Gate, participants lighted up their phones, blew whistles and sang anti-fascist songs, while in Cologne, protesters carried banners denouncing AfD.
An opposition bloc of Germany’s centre-right parties, the Union, led by Friedrich Merz, is leading pre-election polls with AfD in second place.
Mr Merz said on Friday that his party will bring motions to toughen migration policy – one of the main election issues – to parliament next week, a move seen risky in case the motions go to a vote and pass with the help of AfD.
He had earlier vowed to bar people from entering the country without proper papers and to step up deportations if he is elected chancellor.
Those comments came after a knife attack in Aschaffenburg by a rejected asylum-seeker left a man and a two-year-old boy dead, with the reaction to the tragedy spilling over into the election campaign.
Activists including the group calling itself Fridays for Future dubbed the Berlin rally the “sea of light against the right turn”.
They hope it will draw attention to the actions by the new administration of US President Donald Trump and to the political line-up ahead of Germany’s election.
A protester in Cologne, Thomas Schneemann, said it was most important for him to “stay united against the far-right”.
“Especially ... [truncated, 2447 chars total - full text at data/raw/news/text/NEWS-surrey_comet-ee3f01f2e04a.txt]",data/raw/news/text/NEWS-surrey_comet-ee3f01f2e04a.txt
NEWS-surrey_comet-f2338c93225d,surrey-county-council-by-election-woking-south-2025-07-10,surrey_comet,local,woking_south_blind|surrey-county-council-by-election-woking-south-2025-07-10:local,full_corpus,pending_human_review,"Clears every mechanically-checkable rule. Still requires the human pass for E4 (result leakage), the L/N relevance test (E5), E6 (Reform disambiguation, if applicable) and E8 (genuine editorial content) before it can count as eligible.",,,exclude,not_applicable,,,E5-NO-L-OR-N-RULE-MET,E6-NOT-REFORM-FLAGGED,,,"Lichfield fly-tipping report; the council issue affects another area, not Woking South.",,,,high,,,SL,,,,,,,,Council appeals for help to trace fly-tippers who cut off homes and businesses,2025-01-21,170,"likely E4-CLEAR (170 days before polling day - a genuine result leak would require the DATE itself being wrong, not just a careless read; still confirm by skimming for any reference to a declared result)","A local authority is seeking video evidence to track down fly-tippers who dumped a huge mound of building waste stretching more than 40ft along a two-lane road, blocking access to homes and businesses.
Contractors began work to remove the 10ft-high pile of waste from Watery Lane, on the outskirts of Lichfield in Staffordshire, at first light on Tuesday.
A large lorry is believed to have been used to dump the material early on Monday, blocking Watery Lane in the Curborough area, leaving the Curborough Countryside Centre with no vehicular access.
Lichfield District Council said in a statement: “Due to the scale of the fly tipping, we immediately informed the Environment Agency.
“In the meantime, our environmental health officers are looking for evidence whilst we make arrangements to safely remove and dispose of the waste as soon as possible.
“If anyone has information about the people or vehicles involved, or the origin of the waste, please contact us on 01543 308000.”
Photo and video evidence can also be shared with council officers via the authority’s online flytipping evidence submission portal.
We want our comments to be a lively and valuable part of our community - a place where readers can debate and engage with the most important local issues. The ability to comment on our stories is a privilege, not a right, however, and that privilege may be withdrawn if it is abused or misused.
Please report any comments that break our rules.
Are you sure you want to delete this comm... [truncated, 1504 chars total - full text at data/raw/news/text/NEWS-surrey_comet-f2338c93225d.txt]",data/raw/news/text/NEWS-surrey_comet-f2338c93225d.txt
NEWS-surreylive-061fc90ec194,surrey-county-council-by-election-woking-south-2025-07-10,surreylive,local,woking_south_blind|surrey-county-council-by-election-woking-south-2025-07-10:local,full_corpus,pending_human_review,"Clears every mechanically-checkable rule. Still requires the human pass for E4 (result leakage), the L/N relevance test (E5), E6 (Reform disambiguation, if applicable) and E8 (genuine editorial content) before it can count as eligible.",,,include,not_applicable,,,E5-L4-COUNTY-WIDE,E6-NOT-REFORM-FLAGGED,,,Surrey County Council's county-wide budget proposes a 4.99% council-tax increase.,,,,high,,,SL,,,,,,,,Surrey council tax could be increased by an average £88 a year,2025-01-29,162,"likely E4-CLEAR (162 days before polling day - a genuine result leak would require the DATE itself being wrong, not just a careless read; still confirm by skimming for any reference to a declared result)","Sign up to our free daily newsletter for daily roundups of the biggest headlines and breaking news from SurreyLive
Sign up to our free daily newsletter for daily roundups of the biggest headlines and breaking news from SurreyLive
A council tax hike could be hitting Surrey as members take the first look at the county’s budget. Residents could see a maximum increase of 4.99 per cent on council tax, meaning a rise of £1.69 a week for a Band D household.
The proposed increase, which would come into force from April, was agreed by Surrey County Council cabinet on Tuesday, January 28 and will be voted on at the council ’s budget meeting on Tuesday, February 4.
“I absolutely recognise the pressure that any increase in council tax will put on households,” said Tim Oliver OBE, Surrey County Council leader, at the cabinet meeting. But he added increasing council tax was important to “balance our budget and to ensure we can continue to deliver improved and increased services meeting the demand we know we will experience”.
The council said there is a significant pressure on this year’s budget due to the rising demand for services, like adult social care and children’s home to school transport, combined with inflation and added national insurance contributions - which has resulted in a higher cost of delivery.
Council documents state that for the local authority to balance the books, it has to hike up council tax by the maximum 2.99 per cent, and increase the adult social care precept by ... [truncated, 4178 chars total - full text at data/raw/news/text/NEWS-surreylive-061fc90ec194.txt]",data/raw/news/text/NEWS-surreylive-061fc90ec194.txt
NEWS-surreylive-161936500463,surrey-county-council-by-election-woking-south-2025-07-10,surreylive,local,woking_south_blind|surrey-county-council-by-election-woking-south-2025-07-10:local,full_corpus,pending_human_review,"Clears every mechanically-checkable rule. Still requires the human pass for E4 (result leakage), the L/N relevance test (E5), E6 (Reform disambiguation, if applicable) and E8 (genuine editorial content) before it can count as eligible.",,,exclude,not_applicable,,,E5-NO-L-OR-N-RULE-MET,E6-NOT-REFORM-FLAGGED,,,Netflix entertainment article; no substantive political L/N rule met.,,,,high,,,SL,,,,,,,,Netflix adds &apos;must watch political thriller&apos; that proves Robert De Niro is &apos;one of the best&apos;,2025-02-20,140,"likely E4-CLEAR (140 days before polling day - a genuine result leak would require the DATE itself being wrong, not just a careless read; still confirm by skimming for any reference to a declared result)","Netflix has just added a 'gripping must watch political thriller' with one of Robert De Niro's best performances of his career.
Zero Day has only just been made available to view on the platform from today (February 20). While viewers begin their latest binge, critics are already sharing their views on the new limited series.
According to the show's synopsis, the show asks the question on everyone’s mind, how do we find truth in a world in crisis, one seemingly being torn apart by forces outside our control? And in an era rife with conspiracy theory and subterfuge, how much of those forces are products of our own doing, perhaps even of our own imagining?
The story actually centres around former President George Mullen, played by Robert De Niro, who has seemingly taken a back seat after his days in the White House. He spends his time keeping an active routine but is struggling to finish his Presidential memoir with some moments of his past, he would rather not bring back into the public eye.
However, after a cyberattack on the United States results in the death of thousands and threatens institutions such as banks, Mullen is enticed back into the political landscape. He is tasked with leading the Zero Day commission to find out just who was behind the attack and why. He'll end up uncovering many more secrets along the way.
The series was created by Eric Newman, who previously made Griselda for Netflix as well as writing episodes of Narcos and NYPD Blue. De Niro leads an impres... [truncated, 3394 chars total - full text at data/raw/news/text/NEWS-surreylive-161936500463.txt]",data/raw/news/text/NEWS-surreylive-161936500463.txt
NEWS-surreylive-197a67e5b786,surrey-county-council-by-election-woking-south-2025-07-10,surreylive,local,woking_south_blind|surrey-county-council-by-election-woking-south-2025-07-10:local,full_corpus,pending_human_review,"Clears every mechanically-checkable rule. Still requires the human pass for E4 (result leakage), the L/N relevance test (E5), E6 (Reform disambiguation, if applicable) and E8 (genuine editorial content) before it can count as eligible.",,,exclude,not_applicable,,,E5-NO-L-OR-N-RULE-MET,E6-NOT-REFORM-FLAGGED,,,"Crime incidents occurred in The Dittons, not Woking South, and no national rule is met.",,,,high,,,SL,,,,,,,,Conman posing as council worker entered homes in Surrey,2025-01-16,175,"likely E4-CLEAR (175 days before polling day - a genuine result leak would require the DATE itself being wrong, not just a careless read; still confirm by skimming for any reference to a declared result)","Breaking crime updates and news from the courts
Breaking crime updates and news from the courts
People are being warned to be on their guard after a man posed as a tradesperson or council worker to con his way into two homes in Surrey . Officers say a man gained entry to homes in The Dittons and cash was stolen in one incident.
Surrey Police has launched an investigation after the incidents on Sunday, January 12 and Monday, January 13. Officers said a man who claimed to be a tradesperson from the Water Board stole money from a home in St Chad's Close, Long Ditton on Sunday.
In the wake of this, a Surrey Police spokesperson said: ""Please be wary of allowing any stranger into your home if you are not expecting them, and be sure to check ID badges prior to entry. You can also check their identity by contacting the agency they state they are from.""
Anyone with information which may help officers investigating these incidents is urged to contact to police. Officers can be contacted in a number of ways; via Webchat on its website; using the police online reporting tool ; or by dialling 101. Make sure to use the reference number for these incidents which is PR/45250004289.
Surrey Police described the main two fronts scammers will use; either selling goods and services; or conducting surveys to get your personal details.
The most common of the two, involves trying to sell you goods or services which will likely never be delivered, or will be of poor quality. This will allow scammers ... [truncated, 2362 chars total - full text at data/raw/news/text/NEWS-surreylive-197a67e5b786.txt]",data/raw/news/text/NEWS-surreylive-197a67e5b786.txt
NEWS-surreylive-1d7523d36c5a,surrey-county-council-by-election-woking-south-2025-07-10,surreylive,local,woking_south_blind|surrey-county-council-by-election-woking-south-2025-07-10:local,full_corpus,pending_human_review,"Clears every mechanically-checkable rule. Still requires the human pass for E4 (result leakage), the L/N relevance test (E5), E6 (Reform disambiguation, if applicable) and E8 (genuine editorial content) before it can count as eligible.",,,include,not_applicable,,,E5-N2-POLICY-ISSUE,E6-NOT-REFORM-FLAGGED,,,Guildford's budget is substantively linked to an unchanged government funding settlement and council-service cuts.,,,,medium,,,SL,,,,,,,,Guildford council managing to &apos;keep the lights on&apos; but debt burden looms in the future,2025-02-07,153,"likely E4-CLEAR (153 days before polling day - a genuine result leak would require the DATE itself being wrong, not just a careless read; still confirm by skimming for any reference to a declared result)","A Surrey council may have “kept the lights on” and balanced the budget this year but trouble could be looming. The pessimistic warning came during the budget meeting as councillors were told they will have to make tough decisions in the future.
Members of Guildford Borough Council signed off a balanced 2025/26 budget this week despite an ‘unkind’ settlement from the government leaving levels of funding largely unchanged from the previous year. Councillors from all parties praised officers and finance bosses for turning Guildford’s accounts around in the last two years. The Surrey borough was nearing bankruptcy in 2023 with the strain from rising historical debts.
But all is not as rosy as it seems. Each year Guildford Borough Council must find £2m worth of savings just to keep afloat and cover borrowing costs for its “ambitious” capital programme. The projected budget gap is expected to grow from 0 in 2025 to potentially £5.9 million in four years (2028/29) with at least an £1.6 million increase every year. Service costs from the council are projected to rise from £16.4 million in 2025/26 to potentially £20.3m in 2028/29.
Over the next five years, Cllr Richard Lucas (Lead for Finance and Property) explained the requirement for Guildford to pay back its escalating debt represents a “major financial challenge”. He said: “Each year we will have to find another £2m worth of savings just to stay still and cover our borrowing costs increasing.”
However, the council’s plan for payin... [truncated, 4170 chars total - full text at data/raw/news/text/NEWS-surreylive-1d7523d36c5a.txt]",data/raw/news/text/NEWS-surreylive-1d7523d36c5a.txt
NEWS-surreylive-3a1f5201c6e7,surrey-county-council-by-election-woking-south-2025-07-10,surreylive,local,woking_south_blind|surrey-county-council-by-election-woking-south-2025-07-10:local,full_corpus,pending_human_review,"Clears every mechanically-checkable rule. Still requires the human pass for E4 (result leakage), the L/N relevance test (E5), E6 (Reform disambiguation, if applicable) and E8 (genuine editorial content) before it can count as eligible.",,,exclude,not_applicable,,,E5-NO-L-OR-N-RULE-MET,E6-NOT-REFORM-FLAGGED,,,"Crime incidents occurred in The Dittons, not Woking South, and no national rule is met.",,,,high,,,SL,,,,,,,,Conman posing as council and Water Board worker entered Surrey homes to steal money,2025-01-16,175,"likely E4-CLEAR (175 days before polling day - a genuine result leak would require the DATE itself being wrong, not just a careless read; still confirm by skimming for any reference to a declared result)","People are being warned to be on their guard after a man posed as a tradesperson or council worker to con his way into two homes in Surrey . Officers say a man gained entry to homes in The Dittons and cash was stolen in one incident.
Surrey Police has launched an investigation after the incidents on Sunday, January 12 and Monday, January 13. Officers said a man who claimed to be a tradesperson from the Water Board stole money from a home in St Chad's Close, Long Ditton on Sunday.
In the wake of this, a Surrey Police spokesperson said: ""Please be wary of allowing any stranger into your home if you are not expecting them, and be sure to check ID badges prior to entry. You can also check their identity by contacting the agency they state they are from.""
Anyone with information which may help officers investigating these incidents is urged to contact to police. Officers can be contacted in a number of ways; via Webchat on its website; using the police online reporting tool ; or by dialling 101. Make sure to use the reference number for these incidents which is PR/45250004289.
Surrey Police described the main two fronts scammers will use; either selling goods and services; or conducting surveys to get your personal details.
The most common of the two, involves trying to sell you goods or services which will likely never be delivered, or will be of poor quality. This will allow scammers to get a quick and easy profit out of you; charge you for a service you didn't want or agree to;... [truncated, 2266 chars total - full text at data/raw/news/text/NEWS-surreylive-3a1f5201c6e7.txt]",data/raw/news/text/NEWS-surreylive-3a1f5201c6e7.txt
NEWS-surreylive-441a934b5212,surrey-county-council-by-election-woking-south-2025-07-10,surreylive,local,woking_south_blind|surrey-county-council-by-election-woking-south-2025-07-10:local,full_corpus,pending_human_review,"Clears every mechanically-checkable rule. Still requires the human pass for E4 (result leakage), the L/N relevance test (E5), E6 (Reform disambiguation, if applicable) and E8 (genuine editorial content) before it can count as eligible.",,,include,not_applicable,,,E5-L4-COUNTY-WIDE,E6-NOT-REFORM-FLAGGED,,,Surrey County Council's county-wide budget proposes a 4.99% council-tax increase.,,,,high,,,SL,,,,,,,,Surrey council tax could be increased by an average £88 a year,2025-01-29,162,"likely E4-CLEAR (162 days before polling day - a genuine result leak would require the DATE itself being wrong, not just a careless read; still confirm by skimming for any reference to a declared result)","A council tax hike could be hitting Surrey as members take the first look at the county’s budget. Residents could see a maximum increase of 4.99 per cent on council tax, meaning a rise of £1.69 a week for a Band D household.
The proposed increase, which would come into force from April, was agreed by Surrey County Council cabinet on Tuesday, January 28 and will be voted on at the council ’s budget meeting on Tuesday, February 4.
“I absolutely recognise the pressure that any increase in council tax will put on households,” said Tim Oliver OBE, Surrey County Council leader, at the cabinet meeting. But he added increasing council tax was important to “balance our budget and to ensure we can continue to deliver improved and increased services meeting the demand we know we will experience”.
The council said there is a significant pressure on this year’s budget due to the rising demand for services, like adult social care and children’s home to school transport, combined with inflation and added national insurance contributions - which has resulted in a higher cost of delivery.
Council documents state that for the local authority to balance the books, it has to hike up council tax by the maximum 2.99 per cent, and increase the adult social care precept by 2 per cent. The final budget for 2025/26 proposes total funding of £1,264.1m, an increase of £55.7m from 2024/25.
Currently a Band D property pays £1,758.60 a year in council tax, but following the maximum increase in tax, residen... [truncated, 3948 chars total - full text at data/raw/news/text/NEWS-surreylive-441a934b5212.txt]",data/raw/news/text/NEWS-surreylive-441a934b5212.txt
NEWS-surreylive-67379c48fd37,surrey-county-council-by-election-woking-south-2025-07-10,surreylive,local,woking_south_blind|surrey-county-council-by-election-woking-south-2025-07-10:local,full_corpus,pending_human_review,"Clears every mechanically-checkable rule. Still requires the human pass for E4 (result leakage), the L/N relevance test (E5), E6 (Reform disambiguation, if applicable) and E8 (genuine editorial content) before it can count as eligible.",,,exclude,not_applicable,,,E5-NO-L-OR-N-RULE-MET,E6-NOT-REFORM-FLAGGED,,,Spelthorne financial-audit report; it concerns another borough and no national policy rule is met.,,,,high,,,SL,,,,,,,,&apos;Significant weaknesses&apos; in Spelthorne council&apos;s financial records revealed in new report,2025-01-30,161,"likely E4-CLEAR (161 days before polling day - a genuine result leak would require the DATE itself being wrong, not just a careless read; still confirm by skimming for any reference to a declared result)","“Significant weaknesses” in a council’s financial records have been laid bare in a new report. External auditors for Spelthorne Borough Council said they could not fully assess or complete the financial statements as there was inadequate record keeping.
Many queries remained unanswered, said auditors, who reported they were unable to conclude on the 2023/2024 closing balances.
“Without complete and accurate information, the council cannot have full confidence in the financial decisions reached,” the report said. “The finance papers are detailed but, in our judgement, can be confusing to follow, contain contradictory information in the same paper and lack a clear narrative by way of explanation.”
The council has not fully addressed the funding gaps and risks within its financial plan, according to the report. The latest outline budget for 2025/26 reported in December 2024 shows the council closing its £0.3m funding gap in 2025/26 but it has larger gaps of £3.5m and £5.4m predicted for the following consecutive financial years 2026/27 and 2027/28. The report said the council does not have agreed plans to address the budget gaps which amount to around 15-20 per cent of net revenue expenditure.
Although the council has a significant amount of investment properties for which it receives commercial rents, auditors found recording keeping for monitoring the key leases was “inadequate”. The council had around £52m in commercial rents in 2023/24 but auditors could not be assured by th... [truncated, 4003 chars total - full text at data/raw/news/text/NEWS-surreylive-67379c48fd37.txt]",data/raw/news/text/NEWS-surreylive-67379c48fd37.txt
NEWS-surreylive-74053944be3d,surrey-county-council-by-election-woking-south-2025-07-10,surreylive,local,woking_south_blind|surrey-county-council-by-election-woking-south-2025-07-10:local,full_corpus,pending_human_review,"Clears every mechanically-checkable rule. Still requires the human pass for E4 (result leakage), the L/N relevance test (E5), E6 (Reform disambiguation, if applicable) and E8 (genuine editorial content) before it can count as eligible.",,,exclude,not_applicable,,,E5-NO-L-OR-N-RULE-MET,E6-NOT-REFORM-FLAGGED,,,Guildford council-housing service report; it affects another borough and no national policy rule is met.,,,,high,,,SL,,,,,,,,Guildford council tenants say they don&apos;t feel listened to and want their landlord to show &apos;a little more care&apos;,2025-01-21,170,"likely E4-CLEAR (170 days before polling day - a genuine result leak would require the DATE itself being wrong, not just a careless read; still confirm by skimming for any reference to a declared result)","Tenants are not happy with the way Guildford Borough Council deals with complaints. People living in social housing have said they want the council to show a “little more care” in customer service, according to a new report.
Overall satisfaction for Guildford council, which owns about 5,200 social housing properties, has plummeted below the national average for local authorities. Only 61 per cent of tenants (out of 596 respondents) said they were happy with the service. But council bosses say work is already underway to make improvements.
Cllr Julia McShane, lead councillor for housing, said: “The areas our tenants scored us lowest, have been used to inform our comprehensive and continuous Improvement Plan. This plan fully addresses these issues and concerns to ensure that all our tenants have a decent and well managed home.”
The survey, taken between June 21 and July 19 last year, found over 65 per cent of tenants said they were dissatisfied with the way the council handled complaints. The main issues flagged to the council were: handling complaints, communications and customer service, as well as repairs and maintenance.
Cllr Howard Smith ( Labour / Marlborough) said: “These results from the tenants' survey are very disappointing, but not unexpected given all the issues in Housing in Guildford over the last few years. We’ve seen a huge rise in complaints, an increase in the number of 'voids’ (council homes left empty) and a growing number of residents waiting ever longer on... [truncated, 3855 chars total - full text at data/raw/news/text/NEWS-surreylive-74053944be3d.txt]",data/raw/news/text/NEWS-surreylive-74053944be3d.txt
NEWS-surreylive-8a373d6b14b4,surrey-county-council-by-election-woking-south-2025-07-10,surreylive,local,woking_south_blind|surrey-county-council-by-election-woking-south-2025-07-10:local,full_corpus,pending_human_review,"Clears every mechanically-checkable rule. Still requires the human pass for E4 (result leakage), the L/N relevance test (E5), E6 (Reform disambiguation, if applicable) and E8 (genuine editorial content) before it can count as eligible.",,,include,not_applicable,,,E5-L4-COUNTY-WIDE,E6-NOT-REFORM-FLAGGED,,,The Government postpones Surrey's county council election during county-wide reorganisation.,,,,high,,,SL,,,,,,,,No elections in Surrey this year as May&apos;s county council poll cancelled,2025-02-05,155,"likely E4-CLEAR (155 days before polling day - a genuine result leak would require the DATE itself being wrong, not just a careless read; still confirm by skimming for any reference to a declared result)","Voters in Surrey will not get opportunity to cast their ballots this May after the government agreed to the county council's request to postpone the 2025 elections by a year.
Surrey wrote to the government in January to take up its offer to delay elections if it gave officers the time to focus on merging with its boroughs and districts.
On Wednesday (February 2) the Government has confirmed it will set down legislation to postpone the poll and will mean councillors will carry on after their normal four-year terms are over.
The argument put forward by those in favour of postponing the elections are that it frees officer time and keep experienced councillors in position while the transformation takes place.
They also argue that spending millions on an election only to then dissolve the entire council within a year or two would be a waste of time and money. Opponents say it robs people of their democratic right and leaves in place dozens of unmandated councillors.
Surrey will now be part of the first wave of authorities to take part in the government’s devolution plan that aims to simplify and streamline local government.
Details of how a new super council will look are still to be fleshed out but could include either a single mega authority with an elected mayor, or two to three smaller regions.
Tim Oliver, leader of Surrey County Council , said: “Now we’ve received confirmation that Surrey is in the first wave of local government reorganisation and devolution priority programm... [truncated, 2239 chars total - full text at data/raw/news/text/NEWS-surreylive-8a373d6b14b4.txt]",data/raw/news/text/NEWS-surreylive-8a373d6b14b4.txt
NEWS-surreylive-c1f604623c01,surrey-county-council-by-election-woking-south-2025-07-10,surreylive,local,woking_south_blind|surrey-county-council-by-election-woking-south-2025-07-10:local,full_corpus,pending_human_review,"Clears every mechanically-checkable rule. Still requires the human pass for E4 (result leakage), the L/N relevance test (E5), E6 (Reform disambiguation, if applicable) and E8 (genuine editorial content) before it can count as eligible.",,,exclude,not_applicable,,,E5-NO-L-OR-N-RULE-MET,E6-NOT-REFORM-FLAGGED,,,Six Nations sports report; no L/N rule met.,,,,high,,,SL,,,,,,,,Six Nations fans vote for greatest player of all time ahead of 2025 tournament,2025-01-28,163,"likely E4-CLEAR (163 days before polling day - a genuine result leak would require the DATE itself being wrong, not just a careless read; still confirm by skimming for any reference to a declared result)","Sign up to our free daily newsletter for daily roundups of the biggest headlines and breaking news from SurreyLive
Sign up to our free daily newsletter for daily roundups of the biggest headlines and breaking news from SurreyLive
The Six Nations rugby championship is gearing up for kick-off this Friday with Italy and Wales taking to the field. In the running for the top spot, Ireland are currently the top choice to take home the championship title for a third consecutive time.
A recent survey of 2,000 rugby fans before the commencement of this year's competition disclosed who they consider the ultimate rugby union star.
The fearless exploits of Irish skipper Brian O'Driscoll have placed him fourth among the greatest Six Nations players, while English supporters gave props to Martin Johnson, whose robust ball-handling and durability earned him the fifth rank.
However, it was England's own Jonny Wilkinson who took the throne as the all-time Six Nations great, outshining Welsh legends Sir Gareth Edwards and JPR Williams. On the flip side, Jeremy Guscott found himself labelled as the most overrated player in the study.
A spokesperson for Lottoland.co.uk, who commissioned the research in partnership with their Sportsbook team, shared: ""We've been fortunate enough to witness some incredible players over the years.""
""As the Five Nations evolved into the Six Nations, some aspects of becoming a game hero have remained unchanged. It's not just about the victories, it's about how they m... [truncated, 2204 chars total - full text at data/raw/news/text/NEWS-surreylive-c1f604623c01.txt]",data/raw/news/text/NEWS-surreylive-c1f604623c01.txt
NEWS-surreylive-c9f853dabff0,surrey-county-council-by-election-woking-south-2025-07-10,surreylive,local,woking_south_blind|surrey-county-council-by-election-woking-south-2025-07-10:local,full_corpus,pending_human_review,"Clears every mechanically-checkable rule. Still requires the human pass for E4 (result leakage), the L/N relevance test (E5), E6 (Reform disambiguation, if applicable) and E8 (genuine editorial content) before it can count as eligible.",,,exclude,not_applicable,,,E5-NO-L-OR-N-RULE-MET,E6-NOT-REFORM-FLAGGED,,,Epsom and Ewell governance report; it concerns another borough and no national rule is met.,,,,high,,,SL,,,,,,,,Surrey council accused of &apos;shrugging its shoulders&apos; at accusation it has a &apos;culture of secrecy&apos;,2025-02-11,149,"likely E4-CLEAR (149 days before polling day - a genuine result leak would require the DATE itself being wrong, not just a careless read; still confirm by skimming for any reference to a declared result)","External auditors have called for more openness in a Surrey council's decision making after some members described a ‘culture of secrecy’. Councillors accused the senior leadership team (SLT) at Epsom and Ewell Borough Council (EEBC) of ""shrugging its shoulders"" at the criticism.
A critical report presented to councillors raised a “significant weakness” in the EEBC governance arrangements, i.e. how it makes decisions. It read: “‘Some members described a 'culture of secrecy' due to the overuse of pink papers and 'too many decisions being made under part 2 as a media management strategy’.”
Quoting the Local Government Association (LGA) Peer Review from March 2024, the report said there is a “universal frustration and confusion around the lack of transparency through the decision-making process”.
The peer review concluded there was “an immediate need to make it clear and transparent how decisions are made in a committee system”. But no action seems to have been taken. Indeed, external auditors found the council had updated its constitution and scheme of delegation that “was not fully discussed in public meetings and not fully transparent”, according to the report.
In response, the council’s management said: “SLT believes the Council is transparent in its reporting and through Committees.” Regarding the issue of the constitution, the SLT said it was “subject to advice and was not suitable for public discussion”. They added: “The rationale for all items that are part 2 items is ex... [truncated, 3100 chars total - full text at data/raw/news/text/NEWS-surreylive-c9f853dabff0.txt]",data/raw/news/text/NEWS-surreylive-c9f853dabff0.txt
NEWS-surreylive-cc5454562496,surrey-county-council-by-election-woking-south-2025-07-10,surreylive,local,woking_south_blind|surrey-county-council-by-election-woking-south-2025-07-10:local,full_corpus,pending_human_review,"Clears every mechanically-checkable rule. Still requires the human pass for E4 (result leakage), the L/N relevance test (E5), E6 (Reform disambiguation, if applicable) and E8 (genuine editorial content) before it can count as eligible.",,,exclude,not_applicable,,,E5-NO-L-OR-N-RULE-MET,E6-NOT-REFORM-FLAGGED,,,Ashford crime and community report; it concerns another ward and no national rule is met.,,,,high,,,SL,,,,,,,,Council leader gives an update following Ashford death,2025-01-28,163,"likely E4-CLEAR (163 days before polling day - a genuine result leak would require the DATE itself being wrong, not just a careless read; still confirm by skimming for any reference to a declared result)","Breaking crime updates and news from the courts
Breaking crime updates and news from the courts
The leader of Spelthorne Borough Council has expressed her condolences to everyone affected in the ""truly awful and shocking incident"" in Ashford , that left a woman dead and a child injured. She was also keen to reassure those living in the area.
Police officers were called to a home in Woodthorpe Road on January 16 to find a two-year-old child with injuries and a woman, in her 20s, with serious injuries, who was later pronounced dead. The child has since been discharged from hospital and is being care for.
This week, council leader Joanne Sexton said: ""This was a truly awful and shocking incident and my thoughts are with the family and friends of everyone affected. It is also a very worrying time for residents but I would like to reassure them that the police have described this as an isolated incident and do not believe there is a wider risk to the community.
""We are working very closely with the police and all the relevant partners in this case to assist in any way we can. If you have any concerns, please do not hesitate to contact your local ward councillor. I also urge anyone who can help with the investigation to get in touch with the police or Crimestoppers.""
A 34-year-old man has been charged with child cruelty . Milad Ghafari appeared at Guildford Magistrates’ Court on Wednesday, January 21, he has been remanded in custody and is next due to appear at Guildford Crown Cour... [truncated, 2738 chars total - full text at data/raw/news/text/NEWS-surreylive-cc5454562496.txt]",data/raw/news/text/NEWS-surreylive-cc5454562496.txt
NEWS-surreylive-cce4cbed738f,surrey-county-council-by-election-woking-south-2025-07-10,surreylive,local,woking_south_blind|surrey-county-council-by-election-woking-south-2025-07-10:local,full_corpus,pending_human_review,"Clears every mechanically-checkable rule. Still requires the human pass for E4 (result leakage), the L/N relevance test (E5), E6 (Reform disambiguation, if applicable) and E8 (genuine editorial content) before it can count as eligible.",,,exclude,not_applicable,,,E5-NO-L-OR-N-RULE-MET,E6-NOT-REFORM-FLAGGED,,,Caterham housing-development report; it concerns another area and no national rule is met.,,,,high,,,SL,,,,,,,,Plans for new council homes on former sea cadets barracks to help reduce housing list,2025-01-27,164,"likely E4-CLEAR (164 days before polling day - a genuine result leak would require the DATE itself being wrong, not just a careless read; still confirm by skimming for any reference to a declared result)","Plans for new council housing have been submitted on a former sea cadet site in Caterham . The site at The Grove and Hawarden Road, including the former barracks, could be used for up to 16 homes.
The proposal includes demolishing the existing buildings and replacing them with 16 new homes, each with a back garden and a total of 35 car parking spaces. Planning documents show the proposed new builds will look “contemporary and minimal” to reflect the residential area and the previous army barracks.
Tandridge District Council bought the land from the Ministry of Defence in 2023. Following the deal, the Caterham Sea Cadets merged with the Coulsdon unit and relocated to Coulsdon Quarters. The council approved extending its pre-application budget from £50,000 to £100,000 to cover the additional costs for the scheme in June 2024.
Councillor Jeremy Pursehouse, chairman of the housing committee, said: “We currently have just under 2,000 households on the housing register, including 444 in emergency or urgent need, with most seeking family-sized homes. The £250,000 awarded through the Brownfield Land Release Fund will be used solely to support the sea cadets site proposal for affordable rented housing. The budget for this project, as approved by the housing committee in November 2024, is £8.154million.""
All the affordable homes created in this development would be kept by the council and rented to families on its housing list. The proposed development could provide up to 10 three-bedr... [truncated, 2563 chars total - full text at data/raw/news/text/NEWS-surreylive-cce4cbed738f.txt]",data/raw/news/text/NEWS-surreylive-cce4cbed738f.txt
NEWS-surreylive-d9c778ac8529,surrey-county-council-by-election-woking-south-2025-07-10,surreylive,local,woking_south_blind|surrey-county-council-by-election-woking-south-2025-07-10:local,full_corpus,pending_human_review,"Clears every mechanically-checkable rule. Still requires the human pass for E4 (result leakage), the L/N relevance test (E5), E6 (Reform disambiguation, if applicable) and E8 (genuine editorial content) before it can count as eligible.",,,exclude,not_applicable,,,E5-NO-L-OR-N-RULE-MET,E6-NOT-REFORM-FLAGGED,,,The Apprentice entertainment and business feature; no L/N rule met.,,,,high,,,SL,,,,,,,,The Apprentice 2025 candidates: Everything to know about the BBC cast for season 19,2025-01-30,161,"likely E4-CLEAR (161 days before polling day - a genuine result leak would require the DATE itself being wrong, not just a careless read; still confirm by skimming for any reference to a declared result)","The Apprentice season 19 has almost arrived as 18 fresh candidates are gearing up to showcase their business acumen in hopes of being crowned this year's winner.
Fans of the BBC hit have been eagerly awaiting its return, and the wait is finally over as the first episode is set to grace screens tonight, Thursday, 30th January at 9pm on BBC One and iPlayer.
Poised and ready are 18 aspiring entrepreneurs, all vying for Lord Sugar's £250,000 investment and his invaluable mentorship. Here's a sneak peek at the hopefuls stepping into the boardroom.
From London, Amber-Rose is the owner of a convenience store whose first venture Oree Mart became ""a hit"" due to her successful social media strategy, gathering an impressive 470,000 organic followers.
Focusing on her strengths, Amber-Rose refined her business to concentrate solely on her convenience store - yet answering the persistent cry for bubble tea, she launched ""Oree Tea"", a new brand dedicated to delivering ""showcasing the best of Taiwanese bubble teas"".
Another Londoner, Anisa owns a unique pizza company marrying Indian and Italian tastes.
Self-described as a ""go-getter"", Anisa plans to grow her business by ""opening more dark kitchens in high-demand areas"".
She expressed: ""I hope to prove that I am a strong businesswoman with sharp acumen, capable of scaling a business and thriving in any challenge-whether in the kitchen or in the boardroom.
""I'm ready to tackle every task head-on and show I have what it takes to succeed.""
An aw... [truncated, 7853 chars total - full text at data/raw/news/text/NEWS-surreylive-d9c778ac8529.txt]",data/raw/news/text/NEWS-surreylive-d9c778ac8529.txt
NEWS-surreylive-e043ecbb5ce5,surrey-county-council-by-election-woking-south-2025-07-10,surreylive,local,woking_south_blind|surrey-county-council-by-election-woking-south-2025-07-10:local,full_corpus,pending_human_review,"Clears every mechanically-checkable rule. Still requires the human pass for E4 (result leakage), the L/N relevance test (E5), E6 (Reform disambiguation, if applicable) and E8 (genuine editorial content) before it can count as eligible.",,,exclude,not_applicable,,,E5-NO-L-OR-N-RULE-MET,E6-NOT-REFORM-FLAGGED,,,Ashford crime and community report; it concerns another ward and no national rule is met.,,,,high,,,SL,,,,,,,,Council leader gives an update following Ashford death and child cruelty incident,2025-01-28,163,"likely E4-CLEAR (163 days before polling day - a genuine result leak would require the DATE itself being wrong, not just a careless read; still confirm by skimming for any reference to a declared result)","The leader of Spelthorne Borough Council has expressed her condolences to everyone affected in the ""truly awful and shocking incident"" in Ashford , that left a woman dead and a child injured. She was also keen to reassure those living in the area.
Police officers were called to a home in Woodthorpe Road on January 16 to find a two-year-old child with injuries and a woman, in her 20s, with serious injuries, who was later pronounced dead. The child has since been discharged from hospital and is being care for.
This week, council leader Joanne Sexton said: ""This was a truly awful and shocking incident and my thoughts are with the family and friends of everyone affected. It is also a very worrying time for residents but I would like to reassure them that the police have described this as an isolated incident and do not believe there is a wider risk to the community.
""We are working very closely with the police and all the relevant partners in this case to assist in any way we can. If you have any concerns, please do not hesitate to contact your local ward councillor. I also urge anyone who can help with the investigation to get in touch with the police or Crimestoppers.""
A 34-year-old man has been charged with child cruelty . Milad Ghafari appeared at Guildford Magistrates’ Court on Wednesday, January 21, he has been remanded in custody and is next due to appear at Guildford Crown Court in February.
In a joint statement councillors Michelle Arnold, Olivia Rybinski and Paul Woodwa... [truncated, 2642 chars total - full text at data/raw/news/text/NEWS-surreylive-e043ecbb5ce5.txt]",data/raw/news/text/NEWS-surreylive-e043ecbb5ce5.txt
NEWS-surreylive-f84ebadcdd9a,surrey-county-council-by-election-woking-south-2025-07-10,surreylive,local,woking_south_blind|surrey-county-council-by-election-woking-south-2025-07-10:local,full_corpus,pending_human_review,"Clears every mechanically-checkable rule. Still requires the human pass for E4 (result leakage), the L/N relevance test (E5), E6 (Reform disambiguation, if applicable) and E8 (genuine editorial content) before it can count as eligible.",,,include,not_applicable,,,E5-N2-POLICY-ISSUE,E6-NOT-REFORM-FLAGGED,,,"Guildford faces service cuts after a ""very difficult financial settlement from the government"".",,,,high,,,SL,,,,,,,,A Surrey council faces cost-cutting decisions in light of &apos;very difficult&apos; Government funding levels,2025-01-24,167,"likely E4-CLEAR (167 days before polling day - a genuine result leak would require the DATE itself being wrong, not just a careless read; still confirm by skimming for any reference to a declared result)","A Surrey council faces tough decisions in the future after receiving a “very difficult financial settlement from the government”.
Guildford Borough Council has no extra funding to meet inflation and demand pressures, meaning it will have to cut costs and increase income to make ends meet. Cost pressures looming over the council stand at over £3m, with National Insurance increases and developments causing the most strain.
The local authority said it has been told the settlement it would receive from the government for the financial year 2025/26. However, the “significant change” for the next year is Guildford council will not have a cash increase despite an assumed council tax rise of 2.99%.
Even though residents and businesses may face increased council tax and business rates, without extra government funding, the authority’s overall “Core Spending Power” will remain the same,” the council’s report stated.
No additional funding is coming to meet the cost of pay awards from the central government, inflation and demand pressures. Guildford Council is therefore reliant upon cost reduction and increasing income to meet these costs. Richard Bates, Guildford Council’s Chief Financial Officer, said: ""In the light of a poor settlement, we've done the best we can.""
The projected budget gap is expected to grow from 0 in 2025 to potentially £5.9m in four years (2028/29) with a at least a £1.6m increase every year, Service costs from the council are projected to rise from £16.4m in 2025/... [truncated, 3604 chars total - full text at data/raw/news/text/NEWS-surreylive-f84ebadcdd9a.txt]",data/raw/news/text/NEWS-surreylive-f84ebadcdd9a.txt
NEWS-woking_news_mail-8523c1e9a372,surrey-county-council-by-election-woking-south-2025-07-10,woking_news_mail,local,woking_south_blind|surrey-county-council-by-election-woking-south-2025-07-10:local,full_corpus,pending_human_review,"Clears every mechanically-checkable rule. Still requires the human pass for E4 (result leakage), the L/N relevance test (E5), E6 (Reform disambiguation, if applicable) and E8 (genuine editorial content) before it can count as eligible.",,,include,not_applicable,,,E5-L4-COUNTY-WIDE,E6-NOT-REFORM-FLAGGED,,,"Council leaders across Surrey reject a single county-wide ""mega authority"".",,,,high,,,SL,,,,,,,,Big isn't best for Surrey as council leaders rule out 'mega authority',2025-02-19,141,"likely E4-CLEAR (141 days before polling day - a genuine result leak would require the DATE itself being wrong, not just a careless read; still confirm by skimming for any reference to a declared result)","Plans to create a single “mega authority” covering Surrey have been ruled by council leaders across the county.
Leaders from Waverley, Guildford, Woking and Surrey Heath were among the 11 that reached the agreement during a recent meeting.
The government recently confirmed that Surrey is among the first areas to take part in devolution to simplify and streamline local government. Elections have also been postponed until at least 2026 as part of the process.
Two-tier systems of borough and county councils could be thrown away with single unitary authorities created instead. The government argues this would not only be more cost effective but also shift power away from Westminster and towards local people.
“The government’s White Paper sets out their ambition to create strategic combined authorities under mayoral devolution, and within Surrey’s geography a single unitary wouldn’t meet that criteria,” said Surrey County Council leader, Tim Oliver, who was unable to attend the meeting.
A statement from the Surrey Leaders LGR Steering Group said it “remain[s] committed to working together towards submitting one bid for the County”.
Options still on the table include Surrey being made up of two or three smaller council regions, with possibly an elected mayor overseeing the whole county.
Spelthorne councillors recently voted on their preferred make-up of councils depending on whether Surrey would be split into two or three, but leaders across the political divide have warned shrewd ... [truncated, 1965 chars total - full text at data/raw/news/text/NEWS-woking_news_mail-8523c1e9a372.txt]",data/raw/news/text/NEWS-woking_news_mail-8523c1e9a372.txt
NEWS-woking_news_mail-df9a01bb22ce,surrey-county-council-by-election-woking-south-2025-07-10,woking_news_mail,local,woking_south_blind|surrey-county-council-by-election-woking-south-2025-07-10:local,full_corpus,pending_human_review,"Clears every mechanically-checkable rule. Still requires the human pass for E4 (result leakage), the L/N relevance test (E5), E6 (Reform disambiguation, if applicable) and E8 (genuine editorial content) before it can count as eligible.",,,include,not_applicable,,,E5-L2-CANDIDATE,E6-NOT-REFORM-FLAGGED,,,Mayor of Woking Louise Morales is named in a civic statement marking Holocaust Memorial Day.,,,,high,,,SL,,,,,,,,Council to mark Holocaust Memorial Day,2025-01-27,164,"likely E4-CLEAR (164 days before polling day - a genuine result leak would require the DATE itself being wrong, not just a careless read; still confirm by skimming for any reference to a declared result)","Woking Borough Council will join thousands of individuals and organisations across the nation in lighting a candle of remembrance on today to mark Holocaust Memorial Day.
The day is a symbol of solidarity and reflection to remember the countless lives that have been lost or impacted around the world by genocide.
This year’s Holocaust Memorial Day marks the 80th anniversary of the liberation of Auschwitz-Birkenau, the largest Nazi concentration camp complex, and the 30th anniversary of the genocide in Bosnia.
To mark this important day, residents are encouraged to light a candle and place it in their window to remember those lost. Images can be shared on social media using the hashtags #HolocaustMemorialDay and #LightTheDarkness.
The theme is ‘For a Better Future’, to enable people to come together, learn from and about the past, and take actions to make a better future for all.
Mayor of Woking, Cllr Louise Morales, said: ""Holocaust Memorial Day is a time for reflection, remembrance and unity. On this day, we remember the millions of men, women, and children murdered during the Holocaust and those who have suffered and perished in genocides around the world.
“This year, as we mark anniversaries of the liberation of Auschwitz-Birkenau and the genocide in Bosnia, we are reminded of the devastating consequences of hatred and intolerance. The theme, ‘For a Better Future,’ calls us to learn from the past and build a world where compassion and understanding triumph over division and... [truncated, 2244 chars total - full text at data/raw/news/text/NEWS-woking_news_mail-df9a01bb22ce.txt]",data/raw/news/text/NEWS-woking_news_mail-df9a01bb22ce.txt
