article_id,election_id,source_id,arm,sample_stratum,review_round,deterministic_status,deterministic_note,needs_reform_disambiguation,e4_decision,e5_decision,e6_decision,e8_decision,e4_reason_code,e5_reason_code,e6_reason_code,e8_reason_code,e4_supporting_text,e5_supporting_text,e6_supporting_text,e8_supporting_text,e4_confidence,e5_confidence,e6_confidence,e8_confidence,reviewer_id,original_manual_decision,original_review_timestamp,second_review_required,final_reviewed_decision,correction_reason,final_review_timestamp,reviewer_note,headline,effective_date,day_index_from_polling_day,e4_suggested_hint,article_text_excerpt,article_text_path
NEWS-farnham_herald-078a0a74828c,surrey-county-council-by-election-haslemere-2026-07-07,farnham_herald,local,haslemere_probe|surrey-county-council-by-election-haslemere-2026-07-07:local,full_corpus,pending_human_review,"Clears every mechanically-checkable rule. Still requires the human pass for E4 (result leakage), the L/N relevance test (E5), E6 (Reform disambiguation, if applicable) and E8 (genuine editorial content) before it can count as eligible.",,,,not_applicable,,,,E6-NOT-REFORM-FLAGGED,,,,,,,,,,,,,,,,,,Haslemere Border athletes return to racing,2026-01-20,168,"likely E4-CLEAR (168 days before polling day - a genuine result leak would require the DATE itself being wrong, not just a careless read; still confirm by skimming for any reference to a declared result)","With the Christmas festivities behind them, Haslemere Border Athletics Club (HBAC) athletes wasted little time returning to racing, social runs and early-season training.
After a last-minute decision – signing up just a day before – Adam and Lindsay Wade took on the Frozen Phoenix ultra event along the Thames Path. The race features a 5.3km lap, with runners choosing anything from a single circuit or up to seven hours of running. Adam completed an impressive 50km, while Lindsay covered 30km, a tremendous effort made all the more remarkable as it came just eight days after both had finished the demanding Portsmouth Coastal 50km.
The ever-popular Boxing Day Punchbowl Run once again attracted a strong HBAC turnout. Club members tackled the scenic five-mile route in perfect, if chilly, conditions, with some sporting fancy dress, others running alongside younger family members, and a few opting for the traditional beer race. The stunning winter views and relaxed atmosphere made for a thoroughly enjoyable event. Duncan Selmes and Philomel Bennett were rewarded for their efforts, each finishing third in the men’s and women’s beer races.
A cold, frosty morning led to a change of plans at the Tadworth ten-mile race. Icy conditions forced organisers to switch to a four-lap alternative course. Undeterred, Steve King, Annalisa Alexander and Lorraine completed the challenge together, crossing the line side by side in a time of 2:08.00.
Further afield, Rachel Lane and Alex Matthews represe... [truncated, 1955 chars total - full text at data/raw/news/text/NEWS-farnham_herald-078a0a74828c.txt]",data/raw/news/text/NEWS-farnham_herald-078a0a74828c.txt
NEWS-farnham_herald-0cb15e6bd215,surrey-county-council-by-election-haslemere-2026-07-07,farnham_herald,local,haslemere_probe|surrey-county-council-by-election-haslemere-2026-07-07:local,full_corpus,pending_human_review,"Clears every mechanically-checkable rule. Still requires the human pass for E4 (result leakage), the L/N relevance test (E5), E6 (Reform disambiguation, if applicable) and E8 (genuine editorial content) before it can count as eligible.",,,,not_applicable,,,,E6-NOT-REFORM-FLAGGED,,,,,,,,,,,,,,,,,,Peeps into the Past: Steaks were high when Haslemere butchers came to blows,2026-03-03,126,"likely E4-CLEAR (126 days before polling day - a genuine result leak would require the DATE itself being wrong, not just a careless read; still confirm by skimming for any reference to a declared result)","The knives weren’t out but two rival butchers with a lot of beef left Haslemere aghast this week in 1936.
A trade dispute boiled over into blows when Edwin Rowden and Henry Cartwright got into a street fight in Critchmere in front of a disbelieving resident.
A woman looking out for the milkman found the pair “rolling around on the ground” in a skirmish which also included a dog and broken nose.
The pair found themselves before Guildford County Magistrates in a high-steaks battle.
The court heard that while Mr Rowden was the owner of a butchers in Wey Hill that continued trading, another run by his mother closed a few weeks prior.
Words were said after Mr Cartwright, who had been working for Mr Rowden’s mother, opened his own butchers in Shottermill with the former hitting out.
The pair engaged in a struggle, with Mr Cartwright’s dog biting Mr Rowden’s leather coat and belt and the victim later going to Haslemere Hospital for an X-ray and treatment for a broken nose.
But while startled Critchmere resident, Mrs Denham, also verified the punch, she didn’t absolve Edwin of blame.
“There was a struggle and both men rolled on the ground,” she said, adding: “They got up, and the dog them came and caught hold of Rowden’s coat and belt.”
“It was just a quarrel between two butchers,” Mr Cartwright’s defence lawyer told the court.
“Cartwright asked Rowden not to call on his customers and make accusations against him.
“But on the morning in question Rowden took his off leather belt, wrap... [truncated, 1805 chars total - full text at data/raw/news/text/NEWS-farnham_herald-0cb15e6bd215.txt]",data/raw/news/text/NEWS-farnham_herald-0cb15e6bd215.txt
NEWS-farnham_herald-12e61ba9e836,surrey-county-council-by-election-haslemere-2026-07-07,farnham_herald,local,haslemere_probe|surrey-county-council-by-election-haslemere-2026-07-07:local,full_corpus,pending_human_review,"Clears every mechanically-checkable rule. Still requires the human pass for E4 (result leakage), the L/N relevance test (E5), E6 (Reform disambiguation, if applicable) and E8 (genuine editorial content) before it can count as eligible.",,,,not_applicable,,,,E6-NOT-REFORM-FLAGGED,,,,,,,,,,,,,,,,,,Key moment as Trust to get hands on Haslemere Signal Box ,2026-06-09,28,"likely E4-CLEAR (28 days before polling day - a genuine result leak would require the DATE itself being wrong, not just a careless read; still confirm by skimming for any reference to a declared result)","One of Haslemere’s most cherished groups is getting a huge platform as key event in the town’s railway heritage will take place this weekend.
There will be double cause for celebration this Saturday morning as the keys to Haslemere Signal Box will be handed over to the HSBT.
The event will also include the grand opening of the Haslemere Railway Museum to signal the beginning of a new era and conclusion of a four-year journey.
Representatives from Network Rail – which recently submitted a planning application to repaint the signal box in its original Southwestern colours of green and cream – and South Western Railway will give speeches at 11am.
The keys will be handed over to HSBT chair, “Community” Ken Griffiths MBE at 11.15am with the Haslemere Railway Museum being opened shortly afterwards.
There will be a further treat beforehand as a Railway Touring Company steam special, the Portsmouth Flyer, is set to call at the station for water between 10.45am and 11am on the morning.
This weekend has been a long time coming for the HSBT (Haslemere Signal Box Trust) and its volunteers as the handover has been half a decade the making.
The handover means the historic signal box that was decommissioned in October 2024 will be preserved for future generations. Furthermore, the planning application by Network Rail includes changes to its interior with a false ceiling and sink unit being ripped out to further return the building to its original state.
“The proposed works will enhance the ... [truncated, 1836 chars total - full text at data/raw/news/text/NEWS-farnham_herald-12e61ba9e836.txt]",data/raw/news/text/NEWS-farnham_herald-12e61ba9e836.txt
NEWS-farnham_herald-20f72fa46acb,surrey-county-council-by-election-haslemere-2026-07-07,farnham_herald,local,haslemere_probe|surrey-county-council-by-election-haslemere-2026-07-07:local,full_corpus,pending_human_review,"Clears every mechanically-checkable rule. Still requires the human pass for E4 (result leakage), the L/N relevance test (E5), E6 (Reform disambiguation, if applicable) and E8 (genuine editorial content) before it can count as eligible.",,,,not_applicable,,,,E6-NOT-REFORM-FLAGGED,,,,,,,,,,,,,,,,,,Haslemere Fringe Festival 2026 announces first headliner – REEF!,2026-01-19,169,"likely E4-CLEAR (169 days before polling day - a genuine result leak would require the DATE itself being wrong, not just a careless read; still confirm by skimming for any reference to a declared result)","The Haslemere Fringe Festival is gearing up for an unforgettable weekend from July 3 to July 5, and the excitement has already begun with the announcement of its first headline act: REEF.
The iconic English rock band from Glastonbury will take to the Fringe Main Stage on Friday, July 3, bringing their signature energy and a string of hits to the Surrey Hills . Fresh from a triumphant 2025 festival season across the UK and Europe, REEF have soared back into the UK Top 20 with their new album, Shoot Me Your Ace . Fans can expect to hear their chart-topping classics like Glow and Place Your Hands alongside new material.
Joining REEF on the Friday night is the duo ARXX, featuring vocalist Hanni Pidduck and drummer Claire Townsend. Known for spreading queer joy, ARXX have also contributed three tracks to the BBC drama Riot Women. The due are a rising influence on the UK music scene.
The evening will also feature a stellar lineup of UK talent. Tash Hills will host “The Tash Hills Funk and Soul Club,” delivering modern soul, funk, and disco with her powerful vocals. Fans can also enjoy the smooth grooves of Shakatak, the Latin- and soul-infused rhythms of Motet, and the high-energy funk-rock fusion of Beatroot, a nine-piece band guaranteed to get everyone moving.
With an electric mix of rock, funk, soul, and danceable grooves, Friday, July 3 promises a full-on musical experience. Tickets are already on sale – to make sure you “Place Your Hands” on yours, visit www.haslemerefringe.co... [truncated, 1609 chars total - full text at data/raw/news/text/NEWS-farnham_herald-20f72fa46acb.txt]",data/raw/news/text/NEWS-farnham_herald-20f72fa46acb.txt
NEWS-farnham_herald-23800c738171,surrey-county-council-by-election-haslemere-2026-07-07,farnham_herald,local,haslemere_probe|surrey-county-council-by-election-haslemere-2026-07-07:local,full_corpus,pending_human_review,"Clears every mechanically-checkable rule. Still requires the human pass for E4 (result leakage), the L/N relevance test (E5), E6 (Reform disambiguation, if applicable) and E8 (genuine editorial content) before it can count as eligible.",,,,not_applicable,,,,E6-NOT-REFORM-FLAGGED,,,,,,,,,,,,,,,,,,Haslemere Musical Society returns with ambitious spring programme,2026-02-24,133,"likely E4-CLEAR (133 days before polling day - a genuine result leak would require the DATE itself being wrong, not just a careless read; still confirm by skimming for any reference to a declared result)","Haslemere Musical Society (HMS) presents an eclectic programme of orchestral and choral music at its first concert of 2026, on March 7 at Haslemere Hall , under the baton of Dr James Ross.
The first half is devoted to Tchaikovsky’s mighty Fifth Symphony. Last year the HMS orchestra read through it during the “summer sessions” (an annual series open to non-members).
Players enjoyed it so much that it has now been included in the concert programme.
By the time he wrote it in 1888, Tchaikovsky was regarded as the foremost Russian composer , yet he remained far from confident about his talent for large-scale works.
His Fifth Symphony was therefore something of a gamble. Unusually, it utilised a recurring melodic theme, introduced quietly by three clarinets in the opening bars and developing into a fortissimo, heroic conclusion in the finale.
Over time the symphony became popular and came to be associated with victory through struggle. There were many notable performances during the Second World War, including one in Leningrad during the siege of 1941.
British composer John Rutter is best known for his Christmas music, but his secular output is also a treasure trove, not least in the British folk song suite The Sprig of Thyme for choir and small orchestra. It includes favourites such as The Keel Row, Willow Song and The Miller of Dee, alongside lesser-known pieces including O Can Ye Sew Cushions and The Sprig of Thyme itself. Rutter gives the songs a fresh, polished character whil... [truncated, 2083 chars total - full text at data/raw/news/text/NEWS-farnham_herald-23800c738171.txt]",data/raw/news/text/NEWS-farnham_herald-23800c738171.txt
NEWS-farnham_herald-24acc2e9ca66,surrey-county-council-by-election-haslemere-2026-07-07,farnham_herald,local,haslemere_probe|surrey-county-council-by-election-haslemere-2026-07-07:local,full_corpus,pending_human_review,"Clears every mechanically-checkable rule. Still requires the human pass for E4 (result leakage), the L/N relevance test (E5), E6 (Reform disambiguation, if applicable) and E8 (genuine editorial content) before it can count as eligible.",,,,not_applicable,,,,E6-NOT-REFORM-FLAGGED,,,,,,,,,,,,,,,,,,Haslemere Border athletes shine at half marathons,2026-03-31,98,"likely E4-CLEAR (98 days before polling day - a genuine result leak would require the DATE itself being wrong, not just a careless read; still confirm by skimming for any reference to a declared result)","A busy weekend saw Haslemere Border Athletic Club athletes competing across the country, from road races to challenging trail events.
With many preparing for spring marathons, a half marathon was the ideal test, and the results suggest strong performances ahead in the coming weeks.
The Surrey Half Marathon attracted a strong club turnout, producing excellent results. Adam Wade led the men home in 1:10.53, finishing third in his age category. He was followed by Alistair Rose (1:18.39), James Turner (1:22.53) and Tom Owen (1:27.45).
Lindsay Wade was first female finisher for the club in an impressive 1:33.53, securing a personal best with a strong and controlled run. Gemma Reeder (2:02.42) and Tina Fairminer (2:45.25) completed a strong showing on the day.
Club coach Daniel Allaway tackled the hilly Hastings Half Marathon, finishing in 1:24.26 to take second place in his age group after completing a demanding course through the historic town with undulating terrain and blustery coastal conditions.
On the trails, Philomel Bennett excelled at the challenging Winter’s End Marathon, finishing in 4:33.32 and taking first place in her age category – an impressive 26 minutes ahead of her nearest rival, maintaining a strong pace throughout the testing route.
At the Stansted House Half Marathon, set in the scenic estate, Christina Jenkins ran strongly to finish in 1:51.13, securing third-placed female and continuing her consistent run of performances in recent events.
Not satisfied with... [truncated, 1892 chars total - full text at data/raw/news/text/NEWS-farnham_herald-24acc2e9ca66.txt]",data/raw/news/text/NEWS-farnham_herald-24acc2e9ca66.txt
NEWS-farnham_herald-2d42cda8164a,surrey-county-council-by-election-haslemere-2026-07-07,farnham_herald,local,haslemere_probe|surrey-county-council-by-election-haslemere-2026-07-07:local,full_corpus,pending_human_review,"Clears every mechanically-checkable rule. Still requires the human pass for E4 (result leakage), the L/N relevance test (E5), E6 (Reform disambiguation, if applicable) and E8 (genuine editorial content) before it can count as eligible.",,,,not_applicable,,,,E6-NOT-REFORM-FLAGGED,,,,,,,,,,,,,,,,,,Haslemere Border Athletic Club runners shine in wide variety of challenging races,2026-05-27,41,"likely E4-CLEAR (41 days before polling day - a genuine result leak would require the DATE itself being wrong, not just a careless read; still confirm by skimming for any reference to a declared result)","Haslemere Border Athletic Club (HBAC) members tackled a wide variety of challenging races, from mountain ultras in Wales to scenic trail events closer to home.
First up was the gruelling Ultra-Trail Snowdonia, certainly not an event for the faint-hearted. Starting in Llanberis, the race covers 56km with 3,400m of elevation gain, including a double ascent of Snowdon.
Richard Bray used the demanding event as part of his recovery and training following injury. Battling cold, wet conditions alongside the already technical terrain, Bray produced a superb performance to finish in 9:23.25.
Closer to home, club members enjoyed the ever-popular Woodland Woggle 10km race, held within the beautiful Hampton Estate. The picturesque course winds through bluebell woods, rolling hills and scenic trails, making it a favourite among runners each year.
First home for HBAC was Dudley Walker in 59.08, followed by Steve King (1:06.01), Sam Walker (1:06.31), Annalisa Alexander (1:16.39) and Lorraine B (1:16.41). With bacon sandwiches and cakes awaiting runners at the finish, the team were well rewarded for their efforts.
Meanwhile, over on the South Downs, runners took on the notoriously tough Cocking 10km race, featuring demanding hills and trails across the South Downs Way and the Cowdray Estate. In wet and windy conditions, Christine Archer secured third lady overall in an excellent time of 48.14.
The Petersfield Heath 5km race saw some speedy running from club runners, for the men Dean Kellaway... [truncated, 1895 chars total - full text at data/raw/news/text/NEWS-farnham_herald-2d42cda8164a.txt]",data/raw/news/text/NEWS-farnham_herald-2d42cda8164a.txt
NEWS-farnham_herald-31271feea83e,surrey-county-council-by-election-haslemere-2026-07-07,farnham_herald,local,haslemere_probe|surrey-county-council-by-election-haslemere-2026-07-07:local,full_corpus,pending_human_review,"Clears every mechanically-checkable rule. Still requires the human pass for E4 (result leakage), the L/N relevance test (E5), E6 (Reform disambiguation, if applicable) and E8 (genuine editorial content) before it can count as eligible.",,,,not_applicable,,,,E6-NOT-REFORM-FLAGGED,,,,,,,,,,,,,,,,,,From police officer to mayor: Haslemere pays tribute to John Robini,2026-05-18,50,"likely E4-CLEAR (50 days before polling day - a genuine result leak would require the DATE itself being wrong, not just a careless read; still confirm by skimming for any reference to a declared result)","Haslemere is mourning the loss of Cllr John Edward Robini, a tireless public servant whose life of policing and politics left a lasting mark on the community he loved.
Cllr Robini, who served Haslemere at town, borough and county council level, died on Friday, May 1. A former Surrey Police officer with more than four decades of service, he was a well-known and respected figure across the area, recognised for his unwavering commitment to community safety and civic life. A celebration of his life is being planned, with further details to be announced.
At the time of his death, he was a “triple-hatted” councillor, representing residents on Haslemere Town Council, Waverley Borough Council and Surrey County Council. He had previously served as Haslemere Town Mayor from 2019 to 2021, later becoming Mayor of Waverley, roles in which he was widely praised for his steady leadership and visible presence during the Covid pandemic.
Born on December 13, 1948 and educated in Chobham, John began his working life training as a toolmaker at Farnborough ARE College. He later held a number of roles, including managing a gentlemen’s outfitters, where he developed a lifelong appreciation for quality and presentation.
In 1972 he joined the Surrey Police, serving as a local officer in Witley, where he lived with his first wife Linda and their two daughters. His policing career spanned more than 30 years and included being among the first officers on scene at the Guildford bombings in 1974, an exper... [truncated, 3646 chars total - full text at data/raw/news/text/NEWS-farnham_herald-31271feea83e.txt]",data/raw/news/text/NEWS-farnham_herald-31271feea83e.txt
NEWS-farnham_herald-34cbf5d99ad2,surrey-county-council-by-election-haslemere-2026-07-07,farnham_herald,local,haslemere_probe|surrey-county-council-by-election-haslemere-2026-07-07:local,full_corpus,pending_human_review,"Clears every mechanically-checkable rule. Still requires the human pass for E4 (result leakage), the L/N relevance test (E5), E6 (Reform disambiguation, if applicable) and E8 (genuine editorial content) before it can count as eligible.",,,,not_applicable,,,,E6-NOT-REFORM-FLAGGED,,,,,,,,,,,,,,,,,,"Haslemere Border AC runners shine at London, Manchester and Newport marathons",2026-04-29,69,"likely E4-CLEAR (69 days before polling day - a genuine result leak would require the DATE itself being wrong, not just a careless read; still confirm by skimming for any reference to a declared result)","With marathon season in full swing, members of Haslemere Border Athletic Club have been out in force at some of the UK’s biggest races – delivering personal bests, standout performances and memorable first marathons.
First up was the Manchester Marathon, attracting more than 40,000 runners to its famously fast, flat course. Laura Smith seized the opportunity in style, her consistent training paying off as she stormed to a superb 3:38.32 – an impressive 15-minute personal best.
Sarah Smith took on the Newport Marathon, following a scenic route past the city’s landmarks. With controlled pacing, she finished in 3:22.09, securing eighth place in her age category and an unexpected personal best.
The following weekend brought the iconic London Marathon, where 13 club members lined up – several for their marathon debut. Warmer-than-expected conditions made for a challenging day, but the team rose to it.
Leading the men home was Alistair Rose in an excellent 2:51.31, followed by James Turner (2:59.38). Daniel Allaway impressed, clocking 3:01.23 and proving age is no barrier. Richard Taylor (3:54.08), first-timer Matt Smith (4:10.07), Ali Thomson (4:27.36) and Steve Taylor (4:36.24) all battled the heat with determination.
For the women, Lindsay Wade led the way in a superb 3:28.13 on her London debut. Izzy Peters (3:56.54) ran strongly, while Beth Sutton (4:49.51), Gemma Reeder (5:24.48) and Karen Sinclair (6:01.30) all showed grit and resilience – Sinclair earning her moment after 1... [truncated, 1801 chars total - full text at data/raw/news/text/NEWS-farnham_herald-34cbf5d99ad2.txt]",data/raw/news/text/NEWS-farnham_herald-34cbf5d99ad2.txt
NEWS-farnham_herald-359397629d69,surrey-county-council-by-election-haslemere-2026-07-07,farnham_herald,local,haslemere_probe|surrey-county-council-by-election-haslemere-2026-07-07:local,full_corpus,pending_human_review,"Clears every mechanically-checkable rule. Still requires the human pass for E4 (result leakage), the L/N relevance test (E5), E6 (Reform disambiguation, if applicable) and E8 (genuine editorial content) before it can count as eligible.",,,,not_applicable,,,,E6-NOT-REFORM-FLAGGED,,,,,,,,,,,,,,,,,,Return of the Mac as Archie brings musical hits to Haslemere,2026-04-08,90,"likely E4-CLEAR (90 days before polling day - a genuine result leak would require the DATE itself being wrong, not just a careless read; still confirm by skimming for any reference to a declared result)","It’s the return of the Mac in Haslemere this weekend as “the South’s favourite busker” is back in town.
Archie Mac is back by popular demand with the singer dishing up a brunch-time programme of musical hits this Saturday at Haslemere Methodist Church.
Coffee and cake will be served at the Lion Green venue from 10am with Archie set to perform from 11am.
Tickets are £10 from the church’s Open Door Café from 10am to midday from Tuesday to Saturday, or by sending an SAE and cheque to Haslemere Methodist Church, 2 Crofton Lane, Lion Lane, Haslemere, GU27 1JE.
There will also be a retiring collection in aid of Midhurst Palliative Care. For more details call Malcolm on 07842 973341.
This article has no comments yet. Be the first to leave a comment.",data/raw/news/text/NEWS-farnham_herald-359397629d69.txt
NEWS-farnham_herald-3b051fbd7e38,surrey-county-council-by-election-haslemere-2026-07-07,farnham_herald,local,haslemere_probe|surrey-county-council-by-election-haslemere-2026-07-07:local,full_corpus,pending_human_review,"Clears every mechanically-checkable rule. Still requires the human pass for E4 (result leakage), the L/N relevance test (E5), E6 (Reform disambiguation, if applicable) and E8 (genuine editorial content) before it can count as eligible.",,,,not_applicable,,,,E6-NOT-REFORM-FLAGGED,,,,,,,,,,,,,,,,,,Haslemere museum launches£900k survival appeal,2026-04-14,84,"likely E4-CLEAR (84 days before polling day - a genuine result leak would require the DATE itself being wrong, not just a careless read; still confirm by skimming for any reference to a declared result)","A beloved Haslemere institution is celebrating 100 years on the High Street — but warns its future is far from secure without urgent funding.
Haslemere Educational Museum, which moved to its current Georgian home in 1926, is launching an ambitious £900,000 appeal to be raised over the next five years to protect its Grade II listed building and vast collections for generations to come.
But the scale of the challenge facing the independent charity is stark. It costs £700 a day — around £250,000 a year — to keep the museum running, with no regular public funding to rely on.
Instead, the institution has survived for more than a century thanks largely to the generosity of local residents and supporters. Now, trustees say urgent investment is needed to safeguard both the fabric of the historic building and the 380,000 artefacts it contains.
Among the most pressing works are £135,000 for roof and drainage repairs, £65,000 to restore original windows, and £30,000 to repair and repaint the building’s façade.
Melanie Odell, chair of the Centenary Appeal, said: “Having been involved with the museum for 21 years, I have seen how much it means to Haslemere and visitors. As I retire, I very much hope that this centenary appeal will enable us to secure the museum’s future.”
Founded in 1888 by pioneering London surgeon Sir Jonathan Hutchinson, the museum began life as a private collection of global curiosities gathered at his Haslemere home.
Today, the museum welcomes around 35,000 visitors ... [truncated, 1939 chars total - full text at data/raw/news/text/NEWS-farnham_herald-3b051fbd7e38.txt]",data/raw/news/text/NEWS-farnham_herald-3b051fbd7e38.txt
NEWS-farnham_herald-44d96089bcfc,surrey-county-council-by-election-haslemere-2026-07-07,farnham_herald,local,haslemere_probe|surrey-county-council-by-election-haslemere-2026-07-07:local,full_corpus,pending_human_review,"Clears every mechanically-checkable rule. Still requires the human pass for E4 (result leakage), the L/N relevance test (E5), E6 (Reform disambiguation, if applicable) and E8 (genuine editorial content) before it can count as eligible.",,,,not_applicable,,,,E6-NOT-REFORM-FLAGGED,,,,,,,,,,,,,,,,,,Haslemere signal box handed over to community trust,2026-06-19,18,"likely E4-CLEAR (18 days before polling day - a genuine result leak would require the DATE itself being wrong, not just a careless read; still confirm by skimming for any reference to a declared result)","A Grade II listed signal box at Haslemere railway station has embarked on a new journey as a community museum.
South Western Railway and Network Rail formally handed over the signal box to the Haslemere Signal Box Trust, which will now manage the building and open it to the public as a railway museum.
The transfer was marked with a ceremony at the station on Saturday, June 13, attended by volunteers, railway staff and supporters who have helped preserve the landmark.
Guests also enjoyed the sight of the Clan Line steam locomotive passing through on the Portsmouth Direct line before a short presentation in the station car park.
‘Community Ken’ Griffiths, chair of the Haslemere Signal Box Trust, said: “This was a tremendous day for the Signal Box Trust. Not only did we receive the key to the signal box, but we were also able to open our railway memorabilia museum to the public for the first time.
“Thanks must be given to all the volunteers who helped us renovate the box and fit out the museum. They included Network Rail and South Western Railway employees and the local pool of volunteers from Haslemere and the surrounding district.”
Rail Minister Lord Hendy attended the event, during which representatives of South Western Railway and Network Rail handed over the keys to the trust. Visitors were then invited to tour the signal box and a newly opened railway memorabilia museum in the station building.
Built in 1895, the signal box served the railway for more than 130 years before... [truncated, 3186 chars total - full text at data/raw/news/text/NEWS-farnham_herald-44d96089bcfc.txt]",data/raw/news/text/NEWS-farnham_herald-44d96089bcfc.txt
NEWS-farnham_herald-49d3bbe9eec2,surrey-county-council-by-election-haslemere-2026-07-07,farnham_herald,local,haslemere_probe|surrey-county-council-by-election-haslemere-2026-07-07:local,full_corpus,pending_human_review,"Clears every mechanically-checkable rule. Still requires the human pass for E4 (result leakage), the L/N relevance test (E5), E6 (Reform disambiguation, if applicable) and E8 (genuine editorial content) before it can count as eligible.",,,,not_applicable,,,,E6-NOT-REFORM-FLAGGED,,,,,,,,,,,,,,,,,,Haslemere welcomes its first dedicated Pilates training school,2026-02-03,154,"likely E4-CLEAR (154 days before polling day - a genuine result leak would require the DATE itself being wrong, not just a careless read; still confirm by skimming for any reference to a declared result)","Haslemere now has its first dedicated Pilates training school, bringing accredited, professional Pilates education to the area for the first time. The Pilates School officially opened on the first weekend of February, hosting the first two days of its inaugural course at Haslemere Pilates Studio. The next stage of training is set to take place later this month.
Founded by Karol House and Vicky Evans, the school draws on more than 40 years of combined experience in Pilates and movement education. Karol, also a trained physiotherapist, adds clinical insight to the teaching, ensuring a strong foundations-led approach. The school offers YMCA-certified qualifications, focusing exclusively on professional education rather than public fitness classes, making it a unique offering for aspiring instructors in Haslemere and the surrounding areas.
Speaking about the launch, Karol House said: “We wanted to create a training environment that prioritises quality and long-term skill development. Bringing a fully accredited Pilates training school to Haslemere felt like a natural next step, and it’s been really rewarding to welcome our first group of students.”
Students are supported not only through qualification-based training but also through practical teaching experience. Opportunities to teach at Haslemere Pilates and Vicky Evans Pilates allow students to gain real-world experience, while guidance on finding work after graduation helps bridge the gap between training and employment.
The ... [truncated, 1978 chars total - full text at data/raw/news/text/NEWS-farnham_herald-49d3bbe9eec2.txt]",data/raw/news/text/NEWS-farnham_herald-49d3bbe9eec2.txt
NEWS-farnham_herald-4a7fa70d62d1,surrey-county-council-by-election-haslemere-2026-07-07,farnham_herald,local,haslemere_probe|surrey-county-council-by-election-haslemere-2026-07-07:local,full_corpus,pending_human_review,"Clears every mechanically-checkable rule. Still requires the human pass for E4 (result leakage), the L/N relevance test (E5), E6 (Reform disambiguation, if applicable) and E8 (genuine editorial content) before it can count as eligible.",,,,not_applicable,,,,E6-NOT-REFORM-FLAGGED,,,,,,,,,,,,,,,,,,Urgent appeal to find missing 14-year-old girl from Haslemere,2026-05-18,50,"likely E4-CLEAR (50 days before polling day - a genuine result leak would require the DATE itself being wrong, not just a careless read; still confirm by skimming for any reference to a declared result)","Police are appealing for the public’s help in locating 14-year-old Daisy-Mai, who has been reported missing from Haslemere.
Daisy was last seen after failing to return home on May 17. Officers say they are increasingly concerned for her welfare and are working urgently to trace her whereabouts.
She is described as approximately five feet tall, with a slim build, and long dark brown to black hair worn in curls. At the time she went missing, she is believed to have been wearing a black fur bomber jacket and grey flared leggings.
Daisy has known links to a number of areas across Surrey, including Guildford, Witley, Godalming, Cranleigh and Leatherhead. Police have also received information suggesting she may have travelled via public transport towards Gillingham in Kent.
Officers are asking anyone who may have seen Daisy-Mai, or who has information that could assist in locating her, to come forward as a matter of urgency.
A spokesperson said: “We are concerned for Daisy’s welfare and would like to find her as quickly as possible.”
Anyone with information is asked to contact police via direct message, quoting reference PR/45260057631.
This article has no comments yet. Be the first to leave a comment.",data/raw/news/text/NEWS-farnham_herald-4a7fa70d62d1.txt
NEWS-farnham_herald-4bcded977a24,surrey-county-council-by-election-haslemere-2026-07-07,farnham_herald,local,haslemere_probe|surrey-county-council-by-election-haslemere-2026-07-07:local,full_corpus,pending_human_review,"Clears every mechanically-checkable rule. Still requires the human pass for E4 (result leakage), the L/N relevance test (E5), E6 (Reform disambiguation, if applicable) and E8 (genuine editorial content) before it can count as eligible.",,,,not_applicable,,,,E6-NOT-REFORM-FLAGGED,,,,,,,,,,,,,,,,,,Haslemere Border Athletics Club runners achieve superb results,2026-02-25,132,"likely E4-CLEAR (132 days before polling day - a genuine result leak would require the DATE itself being wrong, not just a careless read; still confirm by skimming for any reference to a declared result)","With spring marathon training in full swing, members of Haslemere Border Athletics Club (HBAC) have been clocking up the miles and achieving some superb results along the way.
First up was the Langstone Harbour Half Marathon, starting at Hayling Island, where runners are treated to muddy trails, sea views and bracing sea air. Tiff Read represented HBAC and, despite finding the course tough, crossed the line in an impressive 1:53.14 to finish fifth in her age group and 12th lady overall.
There was a strong HBAC turnout at the Goodwood Running Festival, staged at the Goodwood Motor Circuit. Nina Dunleavy, Richard Shand, Adam Wade and Lindsay Wade all opted for the half marathon – and delivered excellent performances.
Nina led the charge, dipping under the 90-minute mark in 1:29.57 to claim second lady overall and first in her age category. Lindsay topped her age group in 1:39.23. Adam posted 1:32.57, and Richard 2:10.27.
This year’s London Winter Run took place in cold, wet conditions – but that did little to dampen spirits. First home for HBAC was Steve King, running in fancy dress, in 1:04.27. Close behind were Helen Crainey (1:04.46) and Martin Ripley (1:05.54). Caroline Rigby finished strongly in 1:09.23, followed by Annalisa Alexander (1:09.48), Vicky McLaren (1:23.00) and Emma Moore (1:23.12).
A week later it was on to the hills of Winchester for another testing 10k. Gemma Reeder led the club home in 56.52. Karen Sinclair (1:08.53), Helen Crainey (1:08.57) and Ann Varnes ... [truncated, 1694 chars total - full text at data/raw/news/text/NEWS-farnham_herald-4bcded977a24.txt]",data/raw/news/text/NEWS-farnham_herald-4bcded977a24.txt
NEWS-farnham_herald-58f98f32bd3a,surrey-county-council-by-election-haslemere-2026-07-07,farnham_herald,local,haslemere_probe|surrey-county-council-by-election-haslemere-2026-07-07:local,full_corpus,pending_human_review,"Clears every mechanically-checkable rule. Still requires the human pass for E4 (result leakage), the L/N relevance test (E5), E6 (Reform disambiguation, if applicable) and E8 (genuine editorial content) before it can count as eligible.",,,,not_applicable,,,,E6-NOT-REFORM-FLAGGED,,,,,,,,,,,,,,,,,,Haslemere residents encouraged to shop local instead of buying online,2026-06-10,27,"likely E4-CLEAR (27 days before polling day - a genuine result leak would require the DATE itself being wrong, not just a careless read; still confirm by skimming for any reference to a declared result)","Residents are being encouraged to visit Haslemere 's high street and buy items locally that they would normally order online.
Waverley Borough Council has launched its ""When did you last visit your local high street?"" campaign to encourage residents to rethink their shopping habits and support independent businesses.
While phrases such as ""shop local"" and ""use it or lose it"" are widely used, the council is urging people to go a step further by choosing to purchase locally items that might otherwise be bought online.
The campaign highlights the role residents play in supporting the high street and preserving its character.
Cllr Liz Townsend, Waverley’s portfolio holder for planning and economic development, said: ""Haslemere is rightly celebrated for its vibrant independent shops , many of which rely on the continued support of local residents.
“These businesses are at the heart of the town, contributing to a strong local economy, creating jobs and giving Haslemere its distinctive character and charm.""
As part of the campaign, Waverley interviewed a number of local retailers to explore the contribution they make to the town beyond the products they sell.
Cllr Townsend added: ""The interviews with local retailers revealed a common thread running through them all - a strong commitment to their customers, their community and to sustainable choices.
Together, they demonstrate the unique value that independent shops bring, from carefully curated products and personal service to welco... [truncated, 2232 chars total - full text at data/raw/news/text/NEWS-farnham_herald-58f98f32bd3a.txt]",data/raw/news/text/NEWS-farnham_herald-58f98f32bd3a.txt
NEWS-farnham_herald-5f90abe0d23a,surrey-county-council-by-election-haslemere-2026-07-07,farnham_herald,local,haslemere_probe|surrey-county-council-by-election-haslemere-2026-07-07:local,full_corpus,pending_human_review,"Clears every mechanically-checkable rule. Still requires the human pass for E4 (result leakage), the L/N relevance test (E5), E6 (Reform disambiguation, if applicable) and E8 (genuine editorial content) before it can count as eligible.",,,,not_applicable,,,,E6-NOT-REFORM-FLAGGED,,,,,,,,,,,,,,,,,,That's the golden ticket as Haslemere Players get Radio 2 plug,2026-03-18,111,"likely E4-CLEAR (111 days before polling day - a genuine result leak would require the DATE itself being wrong, not just a careless read; still confirm by skimming for any reference to a declared result)","The Haslemere Players have received a golden ticket of their own from a national radio station.
The group pulled off a coup last Sunday (March 15) when Nathan Baseley plugged their forthcoming production of Charlie and the Chocolate Factory on BBC Radio 2.
Nathan stayed in character to deliver a delicious promo during the Elaine Paige on Sunday show that celebrates the best of Broadway, Hollywood and the West End.
The players beat the odds to get a mention as only two other am-dram groups got the chance to do the same.
Trustee Nathan and the group’s marketing officer, Ricky Dyer, wrote the script, with the former doing a “fantastic job” in reading the promo according to his thespian friends.
This article has no comments yet. Be the first to leave a comment.",data/raw/news/text/NEWS-farnham_herald-5f90abe0d23a.txt
NEWS-farnham_herald-6a4d2dbf2eb8,surrey-county-council-by-election-haslemere-2026-07-07,farnham_herald,local,haslemere_probe|surrey-county-council-by-election-haslemere-2026-07-07:local,full_corpus,pending_human_review,"Clears every mechanically-checkable rule. Still requires the human pass for E4 (result leakage), the L/N relevance test (E5), E6 (Reform disambiguation, if applicable) and E8 (genuine editorial content) before it can count as eligible.",,,,not_applicable,,,,E6-NOT-REFORM-FLAGGED,,,,,,,,,,,,,,,,,,Haslemere care home celebrates fifth year in luxury care guide,2026-03-31,98,"likely E4-CLEAR (98 days before polling day - a genuine result leak would require the DATE itself being wrong, not just a careless read; still confirm by skimming for any reference to a declared result)","Brownscombe Care Residences has retained its place in the Knight Frank Luxury Care Home Guide for a fifth consecutive year.
The Haslemere -based home, operated by CHD Living , is among a select group of services featured in the annual guide, which assesses care homes on environment , quality of care and resident experience, particularly within the premium end of the market.
Brownscombe Care Residences provides residential, nursing and palliative care for up to 55 residents across two linked buildings, Brownscombe House and Brownscombe Lodge. The home sits within three acres of landscaped gardens on the edge of Haslemere and combines period architecture with more modern facilities designed to support a range of care needs.
The Knight Frank guide is widely referenced within the sector as a benchmark for luxury and high-quality provision, with inclusion reflecting sustained performance rather than short-term assessment. Brownscombe’s repeated listing over five consecutive years places it among a smaller cohort of homes that have maintained recognition over time.
Alongside accommodation and clinical provision, the service model focuses on long-term residential stability, including end-of-life care.
Shaleeza Hasham, Commercial Director at CHD Living, said: “Being named in the Knight Frank Luxury Care Home Guide for a fifth consecutive year is a significant achievement, and it speaks volumes about the consistency and quality of care delivered at Brownscombe Care Residences.
“We nev... [truncated, 2015 chars total - full text at data/raw/news/text/NEWS-farnham_herald-6a4d2dbf2eb8.txt]",data/raw/news/text/NEWS-farnham_herald-6a4d2dbf2eb8.txt
NEWS-farnham_herald-76c75de8666b,surrey-county-council-by-election-haslemere-2026-07-07,farnham_herald,local,haslemere_probe|surrey-county-council-by-election-haslemere-2026-07-07:local,full_corpus,pending_human_review,"Clears every mechanically-checkable rule. Still requires the human pass for E4 (result leakage), the L/N relevance test (E5), E6 (Reform disambiguation, if applicable) and E8 (genuine editorial content) before it can count as eligible.",,,,not_applicable,,,,E6-NOT-REFORM-FLAGGED,,,,,,,,,,,,,,,,,,WATCH: Firefighters tackle woodland blaze between Haslemere and Farnham,2026-04-27,71,"likely E4-CLEAR (71 days before polling day - a genuine result leak would require the DATE itself being wrong, not just a careless read; still confirm by skimming for any reference to a declared result)","A fire has broken out on an historic estate on the border of Hampshire and Surrey.
Firefighters from two counties are currently dealing with a blaze in woodland on the Land of Nod estate between Churt and Headley Down.
Multiple vehicles, including water pumps, specialist wildfire units and a control unit, are currently at on-site according to Herald reporter, Georgie Hase, who is at the scene.
The fire was reported around 4.45pmpm this afternoon (Monday, April 27) with between three to five hectares affected.
This article has no comments yet. Be the first to leave a comment.",data/raw/news/text/NEWS-farnham_herald-76c75de8666b.txt
NEWS-farnham_herald-799edc8d4410,surrey-county-council-by-election-haslemere-2026-07-07,farnham_herald,local,haslemere_probe|surrey-county-council-by-election-haslemere-2026-07-07:local,full_corpus,pending_human_review,"Clears every mechanically-checkable rule. Still requires the human pass for E4 (result leakage), the L/N relevance test (E5), E6 (Reform disambiguation, if applicable) and E8 (genuine editorial content) before it can count as eligible.",,,,not_applicable,,,,E6-NOT-REFORM-FLAGGED,,,,,,,,,,,,,,,,,,Peeps into the Past: Down the rabbit hole and onto Haslemere,2026-01-08,180,"likely E4-CLEAR (180 days before polling day - a genuine result leak would require the DATE itself being wrong, not just a careless read; still confirm by skimming for any reference to a declared result)","Charles Lutwidge Dodgson left behind a legacy that reached far beyond the lecture halls of Oxford and the pages of Victorian children’s books. He also left traces much closer to home — including in Haslemere.
Dodgson was born in Daresbury, Cheshire, in January 1832. He died at Chestnuts, his sisters’ home near Guildford Castle, and was buried at Mount Cemetery in January 1897. His funeral took place at St Mary’s Church, Guildford, where he sometimes preached, and was conducted by Francis Paget, Dean of Christ Church, Oxford, reflecting his long career there as a mathematics lecturer.
The name Dodgson may not be immediately familiar to many readers, but his pen name is known worldwide. Writing as Lewis Carroll, he was the author of Alice’s Adventures in Wonderland (1865) and Through the Looking Glass (1871). Less widely known are his intriguing connections with Haslemere, beyond the fact that Alice in Wonderland was the first pantomime staged at Haslemere Hall.
An article in The Daily News of September 2, 1904 quoted Lewis Carroll in relation to the first exhibition of handicrafts organised by the United Haslemere Industries. On display were works by the Peasant Artists of Foundry Meadow, alongside an altar frontal destined for Buckingham Palace, created by the St Edmundsbury Weavers of College Hill. The journalist wrote that Haslemere’s crafts “preserved the aesthetic side of manufacture and the dignity of the human hand”, standing in opposition to modern industrial productio... [truncated, 4424 chars total - full text at data/raw/news/text/NEWS-farnham_herald-799edc8d4410.txt]",data/raw/news/text/NEWS-farnham_herald-799edc8d4410.txt
NEWS-farnham_herald-79db7f4ddbe9,surrey-county-council-by-election-haslemere-2026-07-07,farnham_herald,local,haslemere_probe|surrey-county-council-by-election-haslemere-2026-07-07:local,full_corpus,pending_human_review,"Clears every mechanically-checkable rule. Still requires the human pass for E4 (result leakage), the L/N relevance test (E5), E6 (Reform disambiguation, if applicable) and E8 (genuine editorial content) before it can count as eligible.",,,,not_applicable,,,,E6-NOT-REFORM-FLAGGED,,,,,,,,,,,,,,,,,,Ward Thomas to headline Haslemere Fringe Festival Sunday finale,2026-03-30,99,"likely E4-CLEAR (99 days before polling day - a genuine result leak would require the DATE itself being wrong, not just a careless read; still confirm by skimming for any reference to a declared result)","The Haslemere Fringe Festival has unveiled a major Sunday night draw, with acclaimed country-pop duo Ward Thomas set to headline on Lion Green from July 3 to 5.
Sisters Catherine and Lizzie Ward Thomas, often hailed as “Britain’s first country music stars”, have become one of the UK’s most distinctive and successful contemporary acts.
The pair are no strangers to Haslemere, having previously lit up the Fringe stage in both 2014 and 2016. Since then, their sold-out tours and charting albums have cemented their reputation on the international country scene.
Festival organisers say their return promises a “huge finale ” to the weekend – a fitting close to three days of live music in the heart of Haslemere.
This article has no comments yet. Be the first to leave a comment.",data/raw/news/text/NEWS-farnham_herald-79db7f4ddbe9.txt
NEWS-farnham_herald-7afd5139b155,surrey-county-council-by-election-haslemere-2026-07-07,farnham_herald,local,haslemere_probe|surrey-county-council-by-election-haslemere-2026-07-07:local,full_corpus,pending_human_review,"Clears every mechanically-checkable rule. Still requires the human pass for E4 (result leakage), the L/N relevance test (E5), E6 (Reform disambiguation, if applicable) and E8 (genuine editorial content) before it can count as eligible.",,,,not_applicable,,,,E6-NOT-REFORM-FLAGGED,,,,,,,,,,,,,,,,,,We can do it: Haslemere eyes up UK Town of Culture bid (VIDEO),2026-03-19,110,"likely E4-CLEAR (110 days before polling day - a genuine result leak would require the DATE itself being wrong, not just a careless read; still confirm by skimming for any reference to a declared result)","Haslemere looks set to join the bid to become the UK’s first Town of Culture with a living legend proclaiming to town councillors: We can win it.
“Community” Ken Griffiths urged councillors to back the bid last Thursday in a passionate rallying cry, insisting that Haslemere has nothing to lose and everything to gain.
The reward is enormous as the inaugural winner will receive £3million to deliver a cultural programme in 2028 while each finalist will receive £250,000.
But the town faces a race against time to throw its hat in the ring as expressions of interest must be submitted before the end of March.
“I think we can do it,” said Ken during an enthusiastic presentation in the town hall, adding: “The potential is enormous, so what have we got to lose? I would say nothing, but so much to gain.
“I don’t think I’m being overly optimistic in saying we can win, as we’re a really good town that does punch above its weight and delivers things.”
While councillors backed the idea and agreed HTC should head the bid, concerns were raised about the extra workload. Nonetheless, councillors Terry Weldon, Alastair Bayliss, Jacquie Keen and Claire Matthes agreed to join a working party that will bring together figures from key groups and organisations to bolster the bid.
There was more from Mr Griffiths as his presentation included plans for a Community Arts Festival that aims to fill the gap between the Charter Fair and the Haslemere Fringe Festival.
He believes the “visual arts programme” ... [truncated, 1814 chars total - full text at data/raw/news/text/NEWS-farnham_herald-7afd5139b155.txt]",data/raw/news/text/NEWS-farnham_herald-7afd5139b155.txt
NEWS-farnham_herald-7fd939f7be11,surrey-county-council-by-election-haslemere-2026-07-07,farnham_herald,local,haslemere_probe|surrey-county-council-by-election-haslemere-2026-07-07:local,full_corpus,pending_human_review,"Clears every mechanically-checkable rule. Still requires the human pass for E4 (result leakage), the L/N relevance test (E5), E6 (Reform disambiguation, if applicable) and E8 (genuine editorial content) before it can count as eligible.",,,,not_applicable,,,,E6-NOT-REFORM-FLAGGED,,,,,,,,,,,,,,,,,,Haslemere Border Young Athletes off to a flying start,2026-06-10,27,"likely E4-CLEAR (27 days before polling day - a genuine result leak would require the DATE itself being wrong, not just a careless read; still confirm by skimming for any reference to a declared result)","The launch of Haslemere Border Young Athletes has been hailed a big success, with more than 45 youngsters attending the new club’s opening event in Haslemere.
The new junior section of Haslemere Border Athletic Club is open to young runners aged 12 and above and aims to provide fun, inclusive and structured sessions for all abilities.
Youngsters enjoyed a series of taster sessions, while families had the opportunity to meet the coaching team and view the facilities available to the club.
Refreshments afterwards created a welcoming atmosphere and gave parents the chance to ask questions and learn more about the club’s plans. All participants received a goody bag sponsored by Fitstuff.
Feedback from parents and young athletes was positive. One parent said: “My daughter enjoyed the introduction session and came home buzzing.”
Many parents praised the encouraging coaching, supportive environment and affordable membership costs. All coaches are fully qualified through England Athletics and deliver training sessions that are safe, inclusive and progressive.
Since the launch, the club has begun operating weekly Tuesday evening sessions, which continue to attract strong attendance. As word spreads, interest in joining has continued to grow.
The vision behind the new section is to create a thriving young athletes running community in Haslemere, where every child aged 12 and above can access quality coaching, develop lifelong skills and enjoy running in a safe and inspiring environment... [truncated, 1984 chars total - full text at data/raw/news/text/NEWS-farnham_herald-7fd939f7be11.txt]",data/raw/news/text/NEWS-farnham_herald-7fd939f7be11.txt
NEWS-farnham_herald-7fe544e25ba6,surrey-county-council-by-election-haslemere-2026-07-07,farnham_herald,local,haslemere_probe|surrey-county-council-by-election-haslemere-2026-07-07:local,full_corpus,pending_human_review,"Clears every mechanically-checkable rule. Still requires the human pass for E4 (result leakage), the L/N relevance test (E5), E6 (Reform disambiguation, if applicable) and E8 (genuine editorial content) before it can count as eligible.",,,,not_applicable,,,,E6-NOT-REFORM-FLAGGED,,,,,,,,,,,,,,,,,,The Day we played Haslemere: Britpop legends to headline Fringe Festival,2026-03-19,110,"likely E4-CLEAR (110 days before polling day - a genuine result leak would require the DATE itself being wrong, not just a careless read; still confirm by skimming for any reference to a declared result)","The glory years of Britpop will be revisited this summer as one of the era’s biggest bands has landed a top spot at the Haslemere Fringe Festival.
Revellers are set to party like it’s 1996 as organisers of the July 3 to 5 event have confirmed Ocean Colour Scene as the Saturday night headliner.
The band behind classics like The Day We Caught The Train and the immortal The Riverboat Song will grace the Lion Green stage on July 4 some 30 years after the release of their Top 5 album Moseley Shoals.
“We’re really excited that our Saturday night headliner will be this iconic band,” said a spokesperson for the HFF.
“Their rip-roaring live shows have long been one of the most extraordinary experiences in modern rock.”
The programme for the eighth Haslemere Fringe Festival is nicely taking shape with Anna Muir also booking her place after winning the recent Battle of the Bands competition.
The local singer-songwriter, who creates memorable music with clever lyricism and dark humour, will perform on the Main Stage with her band following her triumph at The Shottermill Club.
Organisers have promised the “uber popular” festival will offer something for everyone with amazing headliners and 50 new bands.
“There will also be emerging new talent, dance, comedy, poetry, children’s entertainment, local artisans and lots more,” added a spokesperson.
Organisers have also called on local schools and community groups to help them create a town-wide art installation made from hand-decorated and rec... [truncated, 1912 chars total - full text at data/raw/news/text/NEWS-farnham_herald-7fe544e25ba6.txt]",data/raw/news/text/NEWS-farnham_herald-7fe544e25ba6.txt
NEWS-farnham_herald-8e68327c7bc9,surrey-county-council-by-election-haslemere-2026-07-07,farnham_herald,local,haslemere_probe|surrey-county-council-by-election-haslemere-2026-07-07:local,full_corpus,pending_human_review,"Clears every mechanically-checkable rule. Still requires the human pass for E4 (result leakage), the L/N relevance test (E5), E6 (Reform disambiguation, if applicable) and E8 (genuine editorial content) before it can count as eligible.",,,,not_applicable,,,,E6-NOT-REFORM-FLAGGED,,,,,,,,,,,,,,,,,,Tchaikovsky's fifth symphony to be performed in Haslemere,2026-02-26,131,"likely E4-CLEAR (131 days before polling day - a genuine result leak would require the DATE itself being wrong, not just a careless read; still confirm by skimming for any reference to a declared result)","Haslemere Musical Society will present another eclectic programme of orchestral and choral music under the baton of Dr James Ross at Haslemere Hall on March 7 at 7.30pm.
The first half is devoted to Tchaikovsky’s mighty fifth symphony. Last year the Haslemere Musical Society orchestra read through it during its annual summer sessions, which are open to non-members. Players enjoyed it so much that it has been included in a scheduled concert.
By the time he wrote it in 1888 Tchaikovsky was regarded as the foremost Russian composer, yet he was far from confident about his talent for large-scale works.
His fifth symphony was a gamble with an unusual recurring melodic theme, introduced quietly by three clarinets in the first bars of the first movement and developing to a fortissimo, heroic conclusion in the last.
The fifth became popular and associated with victory through strife. There were many notable performances throughout the Second World War, including one in Leningrad during the 1941 siege.
Living British composer John Rutter is indelibly associated with Christmas, but his secular output is a treasure trove, not least in the British folk song suite The Sprig of Thyme for choir and small orchestra.
It includes favourites like the Keel Row , Willow Song and The Miller of Dee , and lesser-known pieces such as O Can Ye Sew Cushions and The Sprig of Thyme itself. Rutter gives the songs a fresh, polished character while preserving their traditional charm.
The programme also incl... [truncated, 1927 chars total - full text at data/raw/news/text/NEWS-farnham_herald-8e68327c7bc9.txt]",data/raw/news/text/NEWS-farnham_herald-8e68327c7bc9.txt
NEWS-farnham_herald-9782b5abc414,surrey-county-council-by-election-haslemere-2026-07-07,farnham_herald,local,haslemere_probe|surrey-county-council-by-election-haslemere-2026-07-07:local,full_corpus,pending_human_review,"Clears every mechanically-checkable rule. Still requires the human pass for E4 (result leakage), the L/N relevance test (E5), E6 (Reform disambiguation, if applicable) and E8 (genuine editorial content) before it can count as eligible.",,,,not_applicable,,,,E6-NOT-REFORM-FLAGGED,,,,,,,,,,,,,,,,,,"Love for all, hatred for none: Haslemere’s hidden ally",2026-02-09,148,"likely E4-CLEAR (148 days before polling day - a genuine result leak would require the DATE itself being wrong, not just a careless read; still confirm by skimming for any reference to a declared result)","Once a year, the gates of Jamia Ahmadiyya UK open to the people of Haslemere. It’s an invitation to see what goes on behind the walls of the Islamic educational institute, meet students and teachers, and ask anything.
“When we moved in it raised some eyebrows, because people don’t know what we do,” says Fatir Tahir, teacher of English, history and religion. “Some didn’t even know this is a school and people were suspicious. What they know about Islam is what they hear on the news and we are seriously misrepresented.”
The solution was openness. Annual Open Days give the community a chance to connect, ask questions, and see for themselves. “We still get some negative social media comments, assumptions about what we do here. So we open the doors, the only way to connect with people is to talk to them so we can open their eyes.”
The institute trains students from across the UK over seven years to become religious teachers and missionaries, combining theology with languages, ethics, and community service. For some, like Labeed Mirza, it is a spiritual calling. After pursuing a degree in computer sciences, he found his purpose here.
Jamia Ahmadiyya’s impact is felt beyond the classroom. Students actively support the local community, donating more than 110kg of food to food banks in December 2025, visiting care homes, giving out chocolates to neighbours for New Year, participating in litter-picking, tree-planting, and even blood donation drives.
“Islam believes that every being is a... [truncated, 2024 chars total - full text at data/raw/news/text/NEWS-farnham_herald-9782b5abc414.txt]",data/raw/news/text/NEWS-farnham_herald-9782b5abc414.txt
NEWS-farnham_herald-9d1d8f18fdbf,surrey-county-council-by-election-haslemere-2026-07-07,farnham_herald,local,haslemere_probe|surrey-county-council-by-election-haslemere-2026-07-07:local,full_corpus,pending_human_review,"Clears every mechanically-checkable rule. Still requires the human pass for E4 (result leakage), the L/N relevance test (E5), E6 (Reform disambiguation, if applicable) and E8 (genuine editorial content) before it can count as eligible.",,,,not_applicable,,,,E6-NOT-REFORM-FLAGGED,,,,,,,,,,,,,,,,,,Haslemere Community Fridge – Feeding a huge appetite for change,2026-01-22,166,"likely E4-CLEAR (166 days before polling day - a genuine result leak would require the DATE itself being wrong, not just a careless read; still confirm by skimming for any reference to a declared result)","In Haslemere, a small but extraordinary initiative is quietly transforming lives and tackling food waste.
The Haslemere Community Fridge, run by local charity Love Haslemere Hate Waste (LHHW), has welcomed thousands of visitors since opening in November 2024, rescuing tonnes of food that would otherwise have gone to waste. From April 2025 to January 2026 alone, 7,800kg of food was saved from Tesco and Waitrose, equating to 18,500 meals – enough to feed everyone in Haslemere two meals a day.
The fridge is the brainchild of Victoria Page. A sustainability consultant, Victoria founded LHHW in 2019 to reduce waste and inspire behaviour change at a local level. From hosting Repair Cafés to promoting reuse programmes, her approach has always been practical and community-focused. Seeing the huge amounts of perfectly good food discarded by supermarkets and households, she realised a community fridge could tackle food waste while helping everyone, not just those in need.
Victoria said: “We couldn’t have sustained the fridge without the amazing community support. We now have 60 volunteers on rotation. The only thing we all share is that we hate food waste. Two weekly deliveries from FareShare provide about 300 kilos of food. The CEO of FareShare said what we’ve created here in Haslemere is unbelievable – it’s a huge success for such a small town.”
Volunteer Judith Forde added: “This started because so much food was being thrown away. We shifted tonnes of surplus food in the first few m... [truncated, 3286 chars total - full text at data/raw/news/text/NEWS-farnham_herald-9d1d8f18fdbf.txt]",data/raw/news/text/NEWS-farnham_herald-9d1d8f18fdbf.txt
NEWS-farnham_herald-a45ed96c4501,surrey-county-council-by-election-haslemere-2026-07-07,farnham_herald,local,haslemere_probe|surrey-county-council-by-election-haslemere-2026-07-07:local,full_corpus,pending_human_review,"Clears every mechanically-checkable rule. Still requires the human pass for E4 (result leakage), the L/N relevance test (E5), E6 (Reform disambiguation, if applicable) and E8 (genuine editorial content) before it can count as eligible.",,,,not_applicable,,,,E6-NOT-REFORM-FLAGGED,,,,,,,,,,,,,,,,,,Women who caught train to Liss could hold information into Haslemere rape,2026-07-03,4,read carefully (4 days before polling day - close enough that a dating error could plausibly let leakage through; do not default to E4-CLEAR here),"Police investigating a rape in Haslemere car park have identified two woman who may be potential witnesses.
Images of two white woman in their 20s who travelled together to Liss on the Portsmouth Direct Line last Tuesday (June 23) have been released by Surrey Police.
Officers believe the pair, who were seen speaking with another passenger on the train before alighting at Liss around midnight, may have important information, with police stressing neither are suspected of any criminality.
The first woman had brown hair, was wearing a black skirt, denim jacket, had sunglasses on her head and was carrying a tote bag. The second woman was blonde and wearing a white midi dress with a brown backpack.
The CCTV images have been released as part of an ongoing investigation into a reported rape near the junction of Wey Hill and Weydown Road between 10.30pm last Tuesday and 1am the following morning.
A man in his 30s who was arrested on suspicion of rape has been since been released on bail while investigations continue. He is restricted from entering Haslemere, while the victim is being supported by specialist officers.
“Our enquiries have been ongoing since the report was received,” said Detective Simon Driver, who is leading the investigation.
“We have included extensive CCTV reviews, witness enquiries and work to establish a clearer picture of the movements of those in the area at the time.
“Through these enquiries, we have identified two potential witnesses who we would like to spea... [truncated, 2311 chars total - full text at data/raw/news/text/NEWS-farnham_herald-a45ed96c4501.txt]",data/raw/news/text/NEWS-farnham_herald-a45ed96c4501.txt
NEWS-farnham_herald-ac2345e92231,surrey-county-council-by-election-haslemere-2026-07-07,farnham_herald,local,haslemere_probe|surrey-county-council-by-election-haslemere-2026-07-07:local,full_corpus,pending_human_review,"Clears every mechanically-checkable rule. Still requires the human pass for E4 (result leakage), the L/N relevance test (E5), E6 (Reform disambiguation, if applicable) and E8 (genuine editorial content) before it can count as eligible.",,,,not_applicable,,,,E6-NOT-REFORM-FLAGGED,,,,,,,,,,,,,,,,,,Aldershot & Farnham earn impressive win at Haslemere,2026-02-11,146,"likely E4-CLEAR (146 days before polling day - a genuine result leak would require the DATE itself being wrong, not just a careless read; still confirm by skimming for any reference to a declared result)","Aldershot & Farnham (A&F) Hockey Club’s women’s first team picked up an impressive 2-1 victory at Haslemere in South Central Women’s Premier Division Two.
The Shots started on the front foot and Charlotte Clive drove into the baseline before Harriet Beadsley fired off a shot.
Haslemere responded with two short corners, but both were defended confidently by A&F.
The first quarter concluded with steady rain and steady pressure from both sides.
Early in the second quarter, the Shots won a short corner, but Haslemere kept it out.
The Shots continued to push and won another short corner, but the visitors were again denied by Haslemere.
Some incisive attacking play down the left saw Ana Hathaway link up with Tammy Cherry, but A&F then fell behind as Haslemere scored the opening goal.
A&F’s backline were kept busy for the rest of the second quarter. The Shots produced an attack one minute before half-time, but the visitors couldn’t find an equaliser and trailed 1-0 at the break.
The Shots showed plenty of determination in the second half, and Louise Laws and Phoebe Bryant made crucial interventions to deny a Haslemere attack.
Hathaway won a short corner, and Cherry and Hathaway produced shots inside the D as A&F pushed for an equaliser.
Beadsley was next to try her luck for A&F, but she was denied by the Haslemere goalkeeper.
A&F equalised from a short corner when Eloise White’s finish made it 1-1 after earlier shots from Bryant and Bridget Tahourdin.
The Shots then scored a winner ... [truncated, 1785 chars total - full text at data/raw/news/text/NEWS-farnham_herald-ac2345e92231.txt]",data/raw/news/text/NEWS-farnham_herald-ac2345e92231.txt
NEWS-farnham_herald-b1840df14431,surrey-county-council-by-election-haslemere-2026-07-07,farnham_herald,local,haslemere_probe|surrey-county-council-by-election-haslemere-2026-07-07:local,full_corpus,pending_human_review,"Clears every mechanically-checkable rule. Still requires the human pass for E4 (result leakage), the L/N relevance test (E5), E6 (Reform disambiguation, if applicable) and E8 (genuine editorial content) before it can count as eligible.",,,,not_applicable,,,,E6-NOT-REFORM-FLAGGED,,,,,,,,,,,,,,,,,,Haslemere Border athletes brave mud and hills in busy winter programme,2026-02-04,153,"likely E4-CLEAR (153 days before polling day - a genuine result leak would require the DATE itself being wrong, not just a careless read; still confirm by skimming for any reference to a declared result)","Haslemere Border Athletics Club (HBAC) athletes were kept busy – and muddy – with a packed programme of trail and fell races, tackling everything from slippery hills to dramatic coastal paths.
The Winchester Trail Run offered competitors a choice of half marathon or 12km, with both routes serving up plenty of hills to test tired legs. Conditions were extremely muddy, with treacherous descents and slick climbs throughout.
Rachel Lane took on the half marathon challenge and showed real determination to battle through the mud and hills, finishing in a solid 2:55.59. Paul and Karen Goddard opted for 12km, both producing strong runs in tough conditions, crossing the line in 1:27.16 and 1:25.42 respectively.
Two HBAC runners took on the Box Hill Fell Race. The eight-mile course, starting at Burford Spur, packs in a punishing 575 metres of ascent and is renowned for its fiercely-competitive field. Andy Philips and Steph Moss represented the club and, crucially, managed to stay upright on the slippery slopes. Philips powered home in an impressive 1:07.55, with Moss finishing in 1:48.13 after a determined effort.
Richard Bray took on the Arc of Attrition 25-mile coastal race, a point-to-point test along the rugged South West Coast Path from near St Ives to Porthtowan. Battling exposed headlands, relentless climbs and strong coastal winds, Bray used the race as a key training run ahead of the UTMB later this year. He handled the demanding terrain well, finishing in a time of 4:45.07.
L... [truncated, 1872 chars total - full text at data/raw/news/text/NEWS-farnham_herald-b1840df14431.txt]",data/raw/news/text/NEWS-farnham_herald-b1840df14431.txt
NEWS-farnham_herald-bde7f404fb46,surrey-county-council-by-election-haslemere-2026-07-07,farnham_herald,local,haslemere_probe|surrey-county-council-by-election-haslemere-2026-07-07:local,full_corpus,pending_human_review,"Clears every mechanically-checkable rule. Still requires the human pass for E4 (result leakage), the L/N relevance test (E5), E6 (Reform disambiguation, if applicable) and E8 (genuine editorial content) before it can count as eligible.",,,,not_applicable,,,,E6-NOT-REFORM-FLAGGED,,,,,,,,,,,,,,,,,,Major £1 million investment set to transform Haslemere Hospital,2026-04-07,91,"likely E4-CLEAR (91 days before polling day - a genuine result leak would require the DATE itself being wrong, not just a careless read; still confirm by skimming for any reference to a declared result)","A major £1 million investment and expansion of services have been unveiled for Haslemere Hospital in a landmark boost for local healthcare – following years of uncertainty over its future.
Royal Surrey NHS Foundation Trust announced the plans after concern over reduced services and vacant ward space prompted a public engagement exercise last year.
At the centre of the changes is a new long-term conditions hub launching in June, initially focused on cardiology and heart failure, supporting around 50 patients a week with scope to expand over time.
The investment will also fund refurbishment of former ward areas, enabling more outpatient clinics and day services on site. Plans have been developed with local groups, including the Haslemere Hospital League of Friends, as part of a shift towards neighbourhood-based care.
Martin Coakley, a member of the Haslemere Hospital Transformation Group and the Haslemere Hospital League of Friends, said: “We welcome these developments, which will strengthen and confirm the hospital as a healthcare hub for residents for many years to come.”
Louise Stead, the trust’s chief executive, said: “These plans reflect what the community has said matters most and align closely with the wider direction of the NHS, supporting neighbourhood health and helping people to live well within their local communities, while reducing reliance on hospital-based care.”
MP Greg Stafford said: “This is a major vote of confidence in Haslemere Hospital.
“It is very encour... [truncated, 2013 chars total - full text at data/raw/news/text/NEWS-farnham_herald-bde7f404fb46.txt]",data/raw/news/text/NEWS-farnham_herald-bde7f404fb46.txt
NEWS-farnham_herald-c1c0da34ebfc,surrey-county-council-by-election-haslemere-2026-07-07,farnham_herald,local,haslemere_probe|surrey-county-council-by-election-haslemere-2026-07-07:local,full_corpus,pending_human_review,"Clears every mechanically-checkable rule. Still requires the human pass for E4 (result leakage), the L/N relevance test (E5), E6 (Reform disambiguation, if applicable) and E8 (genuine editorial content) before it can count as eligible.",,,,not_applicable,,,,E6-NOT-REFORM-FLAGGED,,,,,,,,,,,,,,,,,,New junior running club launches to inspire Haslemere’s young athletes,2026-03-18,111,"likely E4-CLEAR (111 days before polling day - a genuine result leak would require the DATE itself being wrong, not just a careless read; still confirm by skimming for any reference to a declared result)","Young runners in Haslemere will soon have the opportunity to get active, build confidence and make new friends with the launch of Haslemere Border Young Athletes, the new junior section of Haslemere Border Athletic Club.
The programme is designed for children aged 12 and above and welcomes all abilities – from those wanting to have fun and improve fitness, to youngsters keen to develop their running and compete.
To celebrate the launch, the club will host a taster afternoon at Woolmer Hill Sports Association from 2pm to 5pm on Saturday, May 9.
Young people and their families are invited to meet the coaching team and take part in a sample training session in a friendly, supportive environment. Refreshments will be available in the clubhouse and every participant will receive a goodie bag donated by Fitstuff.
Running offers young people far more than physical fitness. Regular activity supports mental wellbeing, helps reduce stress and builds resilience. It also creates friendships and gives young athletes a positive community where they can challenge themselves, celebrate progress and enjoy being active together.
Club chair Sammy French said the new section aims to inspire the next generation of runners.
“We want to create a vibrant running community where young people can access quality coaching, enjoy being active and develop lifelong skills,” said French.
“Running helps build confidence, discipline and resilience while showing young athletes that consistent effort leads to p... [truncated, 1993 chars total - full text at data/raw/news/text/NEWS-farnham_herald-c1c0da34ebfc.txt]",data/raw/news/text/NEWS-farnham_herald-c1c0da34ebfc.txt
NEWS-farnham_herald-cc54da9dfca8,surrey-county-council-by-election-haslemere-2026-07-07,farnham_herald,local,haslemere_probe|surrey-county-council-by-election-haslemere-2026-07-07:local,full_corpus,pending_human_review,"Clears every mechanically-checkable rule. Still requires the human pass for E4 (result leakage), the L/N relevance test (E5), E6 (Reform disambiguation, if applicable) and E8 (genuine editorial content) before it can count as eligible.",,,,not_applicable,,,,E6-NOT-REFORM-FLAGGED,,,,,,,,,,,,,,,,,,Leave the rain behind – Haslemere Thespians' Aladdin is a must-see,2026-01-19,169,"likely E4-CLEAR (169 days before polling day - a genuine result leak would require the DATE itself being wrong, not just a careless read; still confirm by skimming for any reference to a declared result)","Swap soggy coats for flying carpets, because Haslemere Thespians’ Aladdin is the perfect cure for the January blues.
This is panto exactly as it should be – loud, fast, and packed with jokes that land just as well with adults as they do with children.
Director Sally Waghorn calls it “just great family fun – something for everyone, kids and adults,” and she’s right. The production knows its audience and plays to them confidently, with a cast clearly having the time of their lives.
Gemma Bowles is a fantastic, easy-to-root-for Aladdin, while Lizzie Hales brings sparkle and spirit to Princess Jasmine. Mike Byrne’s Emperor, and the double act of Matthew Darley and Charlotte Parrott as Sergeant Ping and PC Pong, keep the laughs coming thick and fast. And just wait for Antony Mee’s appearance as the Genie of the Lamp.
Adding to the fun, Kim Seymour’s Nobby the Panda steals hearts and laughter in equal measure, proving that even a panda can be a panto star.
The real magic comes from the standout trio: Naomi Robertson’s Wishee Washee, Rob Lloyd’s Abanazar, and Tony Creasey’s Widow Twankey. Robertson has razor-sharp timing and comic presence, Lloyd knows exactly how to milk every boo and hiss, and Creasey proves why Waghorn describes him as “one of the best dames in the business.”
The story follows the tale we all know: Aladdin’s chance encounter with Princess Jasmine sets off a chain of events involving dark magic, a stolen lamp, and a race to save the day. But expect some twists and... [truncated, 1975 chars total - full text at data/raw/news/text/NEWS-farnham_herald-cc54da9dfca8.txt]",data/raw/news/text/NEWS-farnham_herald-cc54da9dfca8.txt
NEWS-farnham_herald-d8e6fe516e16,surrey-county-council-by-election-haslemere-2026-07-07,farnham_herald,local,haslemere_probe|surrey-county-council-by-election-haslemere-2026-07-07:local,full_corpus,pending_human_review,"Clears every mechanically-checkable rule. Still requires the human pass for E4 (result leakage), the L/N relevance test (E5), E6 (Reform disambiguation, if applicable) and E8 (genuine editorial content) before it can count as eligible.",,,,not_applicable,,,,E6-NOT-REFORM-FLAGGED,,,,,,,,,,,,,,,,,,Man arrested following report of rape in Haslemere,2026-06-25,12,"likely E4-CLEAR (12 days before polling day - a genuine result leak would require the DATE itself being wrong, not just a careless read; still confirm by skimming for any reference to a declared result)","Police investigating a report of rape in Haslemere have arrested a man in his 30s.
Cordons were put in place around the junction of Wey Hill and Weydown Road yesterday morning following an incident between 10.30pm and 1am the night before.
A man in his 30s has been arrested on suspicion of rape and is currently in police custody.
“The investigation is in its very early stages, and the victim is being supported by specialist officers as we work to establish the circumstances of this incident,” said a spokesperson for Surrey Police, adding the cordons have since been removed.
“You may see additional police officers in the area over the coming days carrying out enquiries and providing reassurance to the local community.”
Witnesses or anyone with information, dashcam or doorbell footage from the area at the time has been urged to call Surrey Police on 101 quoting PR/45260074829.
Alternatively, get in touch through their Direct Chat option on www.surrey.police.uk or Crimestoppers anonymously on 0800 555 111.
This article has no comments yet. Be the first to leave a comment.",data/raw/news/text/NEWS-farnham_herald-d8e6fe516e16.txt
NEWS-farnham_herald-e105bb23008b,surrey-county-council-by-election-haslemere-2026-07-07,farnham_herald,local,haslemere_probe|surrey-county-council-by-election-haslemere-2026-07-07:local,full_corpus,pending_human_review,"Clears every mechanically-checkable rule. Still requires the human pass for E4 (result leakage), the L/N relevance test (E5), E6 (Reform disambiguation, if applicable) and E8 (genuine editorial content) before it can count as eligible.",,,,not_applicable,,,,E6-NOT-REFORM-FLAGGED,,,,,,,,,,,,,,,,,,Win your way into Haslemere’s biggest summer party – the Fringe,2026-05-05,63,"likely E4-CLEAR (63 days before polling day - a genuine result leak would require the DATE itself being wrong, not just a careless read; still confirm by skimming for any reference to a declared result)","Music , comedy and community spirit are set to collide this summer as the Haslemere Fringe Festival 2026 returns – and readers have the chance to win two tickets.
The much-loved biennial festival takes place from Friday, July 3 to Sunday, July 5 on Lion Green, right in the heart of Haslemere, promising a packed weekend with “something for everyone”. This year’s partner charities include Haslewey Community Centre, Charlie’s Promise, Bliss, I’m All Ears, SERV and The Haslemere Youth Hub.
Headlining Friday night are rock favourites Reef, famed for hits like “Place Your Hands” and “Glow”. They’ll be joined by a lively Fringe Comedy Club led by award-winning comic Mark Simmons, alongside a strong line-up including Tania Edwards, Alistair Williams, Vlad Illich and Jonny Awsum.
Saturday night sees Britpop icons Ocean Colour Scene take to the stage, known for classics such as “The Riverboat Song” and a string of Top 20 hits.
Closing the festival on Sunday are Ward Thomas , the Petersfield twin sisters widely regarded as pioneers of UK country music, returning to a stage they’ve previously graced.
New for 2026 is “Wellness at the Fringe” on Sunday morning, offering yoga, dance fitness, family HIIT sessions, a sound bath and inspiring talks – all included in Sunday or weekend tickets.
Since launching in 2011, the Fringe has built a reputation for showcasing top-tier music, comedy, arts, food and family entertainment, alongside performances from local schools and creatives.
Previous hea... [truncated, 1953 chars total - full text at data/raw/news/text/NEWS-farnham_herald-e105bb23008b.txt]",data/raw/news/text/NEWS-farnham_herald-e105bb23008b.txt
NEWS-farnham_herald-e115042566d4,surrey-county-council-by-election-haslemere-2026-07-07,farnham_herald,local,haslemere_probe|surrey-county-council-by-election-haslemere-2026-07-07:local,full_corpus,pending_human_review,"Clears every mechanically-checkable rule. Still requires the human pass for E4 (result leakage), the L/N relevance test (E5), E6 (Reform disambiguation, if applicable) and E8 (genuine editorial content) before it can count as eligible.",,,,not_applicable,,,,E6-NOT-REFORM-FLAGGED,,,,,,,,,,,,,,,,,,Haslemere Museum marks 100 years on High Street with appeal and events,2026-03-12,117,"likely E4-CLEAR (117 days before polling day - a genuine result leak would require the DATE itself being wrong, not just a careless read; still confirm by skimming for any reference to a declared result)","Haslemere Museum is celebrating a major milestone this year - 100 years since moving to its High Street home.
Almost 100 people attended the launch of a centenary fundraising appeal last week to help maintain the museum’s Georgian building.
The museum will also stage a programme of special events and exhibitions throughout the year to mark the anniversary.
Displays will explore the history of the museum since its founding in 1888, including the move to the High Street in August 1926 and the decades that followed.
A series of evening talks by prominent speakers and supporters is also planned. The talks are sponsored by Clement Windows Group.
The first talk will take place on Thursday, March 12, when the museum’s collections team will share insights into the institution’s history.
Tickets are available through the museum’s website, which also lists the full programme of talks.
Several centenary events have been made possible with support from The National Lottery Heritage Fund.
These include a Memorabilia Show and Tell event on Saturday, March 21, when members of the public are invited to bring objects, photographs or documents connected to their family or local history.
The local community will also contribute to exhibitions during the anniversary year.
A display of museum-related artwork created by local schoolchildren opens this week. Later, during May and June, local artists will show museum-inspired work. Anyone wishing to submit artwork can do so until April 3.
The museum... [truncated, 2041 chars total - full text at data/raw/news/text/NEWS-farnham_herald-e115042566d4.txt]",data/raw/news/text/NEWS-farnham_herald-e115042566d4.txt
NEWS-farnham_herald-e26c6171bc0b,surrey-county-council-by-election-haslemere-2026-07-07,farnham_herald,local,haslemere_probe|surrey-county-council-by-election-haslemere-2026-07-07:local,full_corpus,pending_human_review,"Clears every mechanically-checkable rule. Still requires the human pass for E4 (result leakage), the L/N relevance test (E5), E6 (Reform disambiguation, if applicable) and E8 (genuine editorial content) before it can count as eligible.",,,,not_applicable,,,,E6-NOT-REFORM-FLAGGED,,,,,,,,,,,,,,,,,,Young creatives get unique chance at Haslemere Fringe Festival,2026-04-13,85,"likely E4-CLEAR (85 days before polling day - a genuine result leak would require the DATE itself being wrong, not just a careless read; still confirm by skimming for any reference to a declared result)","Aspiring filmmakers in Haslemere offered rare opportunity to work behind the scenes at a major live music festival, gaining hands-on production experience.
Young creatives in and around Haslemere are being offered a once-in-a-lifetime chance to go behind the scenes of a major live music festival and work as part of a professional production crew.
Music Works and Jellytree Productions have teamed up to launch a Youth Media Programme, giving aspiring filmmakers and content creators the chance to join the production team at the Haslemere Fringe Festival. The festival runs from July 3 to July 5, and successful applicants will gain “access all areas” experience across the event.
Funded by the Fringe Festival, the programme will see participants take part in weekly training sessions at Music Works in Milford on Monday evenings. They will learn how to film bands and artists , as well as develop practical skills by working at local events , including the Charter Fair on May 4, ahead of the main festival weekend.
During the Fringe itself, participants will be fully immersed in the live production environment. They will help film performances, capture festival activities, conduct interviews, and assist with set-up and de-rig. They will also support live video production on the main stage, working with camera feeds, video art, animation and effects.
The programme is designed to give young people real insight into the fast-paced world of live events and the music industry. Depending on t... [truncated, 2012 chars total - full text at data/raw/news/text/NEWS-farnham_herald-e26c6171bc0b.txt]",data/raw/news/text/NEWS-farnham_herald-e26c6171bc0b.txt
NEWS-farnham_herald-e54e6bb49ff3,surrey-county-council-by-election-haslemere-2026-07-07,farnham_herald,local,haslemere_probe|surrey-county-council-by-election-haslemere-2026-07-07:local,full_corpus,pending_human_review,"Clears every mechanically-checkable rule. Still requires the human pass for E4 (result leakage), the L/N relevance test (E5), E6 (Reform disambiguation, if applicable) and E8 (genuine editorial content) before it can count as eligible.",,,,not_applicable,,,,E6-NOT-REFORM-FLAGGED,,,,,,,,,,,,,,,,,,The wait is over: Waitrose Haslemere reopens after seven-week closure,2026-03-05,124,"likely E4-CLEAR (124 days before polling day - a genuine result leak would require the DATE itself being wrong, not just a careless read; still confirm by skimming for any reference to a declared result)","The wait is finally over for Haslemere shoppers as Waitrose is back. The store reopened its West Street branch on Thursday, March 5, following a seven-week, multi-million pound refurbishment. The closure left the local traders about lost footfall during the store’s absence from the high street , especially during the January/February slump.
But traders and residents alike can rejoice now that the store is back. The supermarket will mark its 17th anniversary in May, and the transformation brings modernised service counters, including a dry-aged beef section, continental meats stand and sushi counter.
The refurbishment has brought visible changes to the store layout. The bakery area has been expanded, and a new “Food Lovers’ hub” at the front aims to make shopping more interactive, with recipe ideas and digital displays for inspiration. The wine section has also been enlarged.
Operational changes are designed to improve service: electronic shelf-edge labels allow staff — known as Partners — to spend more time assisting customers, while new refrigeration units improve energy efficiency. The store also now handles collection of John Lewis and Waitrose Entertaining orders, and offers home delivery via Deliveroo. On reopening day, early shoppers were offered free tote bags and had the chance to sample products at tasting stations.
Branch Manager Katherine Batey, who leads a team of 79 Partners, said: “We thank our customers for their patience during the closure. We are delighted to... [truncated, 2000 chars total - full text at data/raw/news/text/NEWS-farnham_herald-e54e6bb49ff3.txt]",data/raw/news/text/NEWS-farnham_herald-e54e6bb49ff3.txt
NEWS-google_dated_search-5fff03450392,surrey-county-council-by-election-haslemere-2026-07-07,google_dated_search,local,haslemere_probe|surrey-county-council-by-election-haslemere-2026-07-07:local,full_corpus,pending_human_review,"Clears every mechanically-checkable rule. Still requires the human pass for E4 (result leakage), the L/N relevance test (E5), E6 (Reform disambiguation, if applicable) and E8 (genuine editorial content) before it can count as eligible.",,,,not_applicable,,,,E6-NOT-REFORM-FLAGGED,,,,,,,,,,,,,,,,,,Voters contend with ‘dodgy’ data in party leaflets for English local elections,2026-04-26,72,"likely E4-CLEAR (72 days before polling day - a genuine result leak would require the DATE itself being wrong, not just a careless read; still confirm by skimming for any reference to a declared result)","Exclusive: Investigation into campaigning materials for local polls in May challenges tactical voting claims
Election leaflets are providing “grotesque” information about how to vote tactically in the May elections, using national polling data, “dodgy” bar charts and doorstep surveys to support claims about parties’ chances of winning.
Leaflets distributed by local politicians across England are claiming that only their party can win, or that another party “can’t win here”, when there is no good evidence to show this is true, a Full Fact investigation for the Guardian has revealed.
Some of the campaigning material Full Fact looked at that contained a chart or graphic “failed to provide reliable evidence to back up a specific claim about how people are likely to vote locally, or were unsourced or misleading in some other way”, with examples from all the major parties.
Readers who responded to a Guardian callout shared images of leaflets they had received. Some said they had at first thought a leaflet from the Conservatives was from the Green party, because it was printed in green with only a small Conservative logo.
Another expressed doubt about what they described as “very dubious” statistics from the Liberal Democrats showing a party was “the only sensible way to vote”.
The polling and political analyst Peter Kellner, a former chair of YouGov, described some of the claims and data used in leaflets as “grotesque” and said spurious claims backed up by unreliable data were beco... [truncated, 6717 chars total - full text at data/raw/news/text/NEWS-google_dated_search-5fff03450392.txt]",data/raw/news/text/NEWS-google_dated_search-5fff03450392.txt
NEWS-google_dated_search-a858b81dc277,surrey-county-council-by-election-haslemere-2026-07-07,google_dated_search,local,haslemere_probe|surrey-county-council-by-election-haslemere-2026-07-07:local,full_corpus,pending_human_review,"Clears every mechanically-checkable rule. Still requires the human pass for E4 (result leakage), the L/N relevance test (E5), E6 (Reform disambiguation, if applicable) and E8 (genuine editorial content) before it can count as eligible.",,,,not_applicable,,,,E6-NOT-REFORM-FLAGGED,,,,,,,,,,,,,,,,,,On-demand bus service in Surrey to be extended to Elmbridge,2026-02-12,145,"likely E4-CLEAR (145 days before polling day - a genuine result leak would require the DATE itself being wrong, not just a careless read; still confirm by skimming for any reference to a declared result)","An on-demand bus service is being extended to cover a new area in Surrey.
From 16 February, residents in Elmbridge will be able to use the Surrey Connect service if a local bus service is not available.
The expansion is funded by Surrey County Council (SCC) to improve access to sustainable travel in areas of the county where there are fewer bus services.
Surrey Connect is already operating in areas including Tandridge, Farnham, Cranleigh, West Guildford, Longcross, Runnymede, Haslemere, Mole Valley and Reigate.
Buses run on weekdays between 07:00 and 19:00, and on the weekend between 08:00 and 18:00.
Journeys can be booked with 30 minutes notice or up to seven days in advance.
Fares are charged based on how many miles are travelled starting from £2 for adults.
The service had more than 97,000 passengers in 2025.
Matt Furniss, SCC's cabinet member for transport, infrastructure and economy, said: ""This expansion is part of our significant investment in bus travel and our efforts to encourage more people to use Surrey's buses. ""
The council is putting £32.3m towards more ultra-low and zero emission buses and is using £6.3m for more ultra-low and zero emission community transport minibuses.
Follow BBC Surrey on Facebook , on X , and on Instagram . Send your story ideas to southeasttoday@bbc.co.uk or WhatsApp us on 08081 002250.",data/raw/news/text/NEWS-google_dated_search-a858b81dc277.txt
NEWS-google_dated_search-aaab910d6986,surrey-county-council-by-election-haslemere-2026-07-07,google_dated_search,local,haslemere_probe|surrey-county-council-by-election-haslemere-2026-07-07:local,full_corpus,pending_human_review,"Clears every mechanically-checkable rule. Still requires the human pass for E4 (result leakage), the L/N relevance test (E5), E6 (Reform disambiguation, if applicable) and E8 (genuine editorial content) before it can count as eligible.",,,,not_applicable,,,,E6-NOT-REFORM-FLAGGED,,,,,,,,,,,,,,,,,,Meet the Haslemere candidates: who should represent your town?,2026-05-05,63,"likely E4-CLEAR (63 days before polling day - a genuine result leak would require the DATE itself being wrong, not just a careless read; still confirm by skimming for any reference to a declared result)","Voters across Haslemere and surrounding villages head to the polls this Thursday, May 7, in an election taking place against a backdrop of major changes to local government, with the creation of a new West Surrey unitary authority set to reshape how services are run.
Candidates say the vote is a key opportunity for residents to influence how their town is represented in future decision-making. A number of candidates standing in the area are featured below, though this is not a complete list of everyone on the ballot.
Liberal Democrat Oliver Leach is emphasising strong local representation, saying he is standing to be “the unapologetic voice of Haslemere residents.” He warns that there is a risk the town’s needs could be overlooked, arguing that Haslemere must not become “the forgotten cornerstone” of the new council structure.
He says his priority is ensuring investment is fairly distributed and local voices are heard, adding that he does not support “decisions made by people in an office miles away who have never stepped foot on the Wey Hill or the High Street.”
The other Lib-Dem candidate for the town is Terry Weldon. Originally from South Africa, Terry has lived in Haslemere with husband Raymond for the past decade.
A former Haslemere town councillor and current Waverley borough councillor, Terry has served on planning, climate and CIL committees.
Following major surgery after being diagnosed with a gastrointestinal tumour in 2014, Terry became a volunteer and trustee for ... [truncated, 4466 chars total - full text at data/raw/news/text/NEWS-google_dated_search-aaab910d6986.txt]",data/raw/news/text/NEWS-google_dated_search-aaab910d6986.txt
NEWS-google_dated_search-c7ebeba59de5,surrey-county-council-by-election-haslemere-2026-07-07,google_dated_search,local,haslemere_probe|surrey-county-council-by-election-haslemere-2026-07-07:local,full_corpus,pending_human_review,"Clears every mechanically-checkable rule. Still requires the human pass for E4 (result leakage), the L/N relevance test (E5), E6 (Reform disambiguation, if applicable) and E8 (genuine editorial content) before it can count as eligible.",,,,not_applicable,,,,E6-NOT-REFORM-FLAGGED,,,,,,,,,,,,,,,,,,Waverley approves final budget before unitary transition after heated debate,2026-02-27,130,"likely E4-CLEAR (130 days before polling day - a genuine result leak would require the DATE itself being wrong, not just a careless read; still confirm by skimming for any reference to a declared result)","Waverley Borough Council has approved its final full-year budget before local government reorganisation, following political clashes over parking charges, reserves and how much should be returned to residents.
Councillors agreed the 2026/27 budget at a meeting on Tuesday, February 25, including a 2.99 percent increase in the borough’s share of Council Tax — equivalent to £6.39 a year for a Band D property.
The rise sets Waverley’s portion of the annual Council Tax bill at £220.25 for a Band D home. The borough council collects Council Tax on behalf of Surrey County Council, Surrey Police and town and parish councils but retains only a small share to fund services such as waste and recycling, housing support, parks and environmental services.
The authority also approved its Medium-term Financial Plan, forecasting a balanced position for 2027/28. Waverley is one of only two Surrey councils, alongside Guildford, projecting balanced budgets across the next two years.
Finance portfolio holder Cllr Mark Merryweather (Lib Dem: Farnham Moor Park) said rising costs continued to place pressure on council finances, with inflation alone expected to add £1.5 million to next year’s spending.
“Setting a balanced budget for the next two years in the current climate is a significant achievement, and we have worked hard to protect the services residents rely on while continuing to invest in our borough,” he said.
The budget includes £6.5 million for new capital projects and £14 million to prog... [truncated, 4493 chars total - full text at data/raw/news/text/NEWS-google_dated_search-c7ebeba59de5.txt]",data/raw/news/text/NEWS-google_dated_search-c7ebeba59de5.txt
NEWS-google_dated_search-dd74f2dcfd3f,surrey-county-council-by-election-haslemere-2026-07-07,google_dated_search,local,haslemere_probe|surrey-county-council-by-election-haslemere-2026-07-07:local,full_corpus,pending_human_review,"Clears every mechanically-checkable rule. Still requires the human pass for E4 (result leakage), the L/N relevance test (E5), E6 (Reform disambiguation, if applicable) and E8 (genuine editorial content) before it can count as eligible.",,,,not_applicable,,,,E6-NOT-REFORM-FLAGGED,,,,,,,,,,,,,,,,,,"Notice is hereby given that a poll for the election of one Councillor for Surrey County Council Haslemere division By-election will be held on Tuesday, 7 July 2026 between the hours of 7am and 10pm.",2026-06-03,34,"likely E4-CLEAR (34 days before polling day - a genuine result leak would require the DATE itself being wrong, not just a careless read; still confirm by skimming for any reference to a declared result)","Notice is hereby given that a poll for the election of one Councillor for Surrey County Council Haslemere division By-election will be held on Tuesday, 7 July 2026 between the hours of 7am and 10pm.

Details regarding the timetable and standing as a candidate in the election can be found on our website https://lnkd.in/emD5yZkM",data/raw/news/text/NEWS-google_dated_search-dd74f2dcfd3f.txt
NEWS-google_dated_search-f12732a98275,surrey-county-council-by-election-haslemere-2026-07-07,google_dated_search,local,haslemere_probe|surrey-county-council-by-election-haslemere-2026-07-07:local,full_corpus,pending_human_review,"Clears every mechanically-checkable rule. Still requires the human pass for E4 (result leakage), the L/N relevance test (E5), E6 (Reform disambiguation, if applicable) and E8 (genuine editorial content) before it can count as eligible.",,,,not_applicable,,,,E6-NOT-REFORM-FLAGGED,,,,,,,,,,,,,,,,,,Services | Connect to Support Surrey,2026-06-25,12,"likely E4-CLEAR (12 days before polling day - a genuine result leak would require the DATE itself being wrong, not just a careless read; still confirm by skimming for any reference to a declared result)","JavaScript is not enabled on your browser. This website uses JavaScript to deliver features to users. Consider turning on JavaScript to get full features. See Accessibility Statement for more information.
Haslemere Library is a Surrey County Council library. It is at the bottom of the hill between Tesco and St Christopher's Green car park. There is free parking at St Christopher's Green.
The library is on 2 floors, but there is no lift. The ground floor has wheelchair access and a hearing loop.
Staff can help you apply for a free bus pass if you are an older or disabled person.
Haslemere Library is also a Warm Hub. You can drop in to get warm, have a hot drink and spend time with other people.
You can renew library items by phone at any time. Call 0300 200 1001 and use the automated renewal line. You will need the borrower number from your library card.
To phone the branch, call 03456 009 009 and press option 7. You will be helped or sent to the right team.
Haslemere Library, 91 Wey Hill, Haslemere, Surrey, GU27 1HP
We developed this website with our health and care partners. Use it to find essential information about care and support.
© Surrey County Council 2026. Powered by PPL Innovate",data/raw/news/text/NEWS-google_dated_search-f12732a98275.txt
NEWS-surrey_comet-cbb4ab8415f4,surrey-county-council-by-election-haslemere-2026-07-07,surrey_comet,local,haslemere_probe|surrey-county-council-by-election-haslemere-2026-07-07:local,full_corpus,pending_human_review,"Clears every mechanically-checkable rule. Still requires the human pass for E4 (result leakage), the L/N relevance test (E5), E6 (Reform disambiguation, if applicable) and E8 (genuine editorial content) before it can count as eligible.",,,,not_applicable,,,,E6-NOT-REFORM-FLAGGED,,,,,,,,,,,,,,,,,,Haslemere – Witness appeal after woman raped,2026-07-04,3,read carefully (3 days before polling day - close enough that a dating error could plausibly let leakage through; do not default to E4-CLEAR here),"Police have launched an appeal to find two women who may be key witnesses after a woman was raped in Surrey.
A woman reported she was raped in Haslemere between 10:30 pm on Tuesday, 23 June and 1 am on Wednesday, 24 June.
The investigation is ongoing and the victim is being supported by specialist officers as enquiries continue.
Officers are particularly keen to trace two women who may have vital information.
They were travelling on a service on the Portsmouth Direct Line and were seen speaking to another passenger on board before getting off at Liss railway station in Hampshire at around midnight.
One woman had brown hair and was wearing a black skirt, a denim jacket and sunglasses on her head, and was carrying a tote bag.
Do you recognise this woman? (Image: Surrey Police)
The second had blonde hair and was wearing a white midi dress with a brown backpack.
Do you recognise this woman? (Image: Surrey Police)
Police believe they may be able to assist the investigation and have confirmed they are not suspects in any criminality.
A man in his 30s was arrested on suspicion of rape and has since been released on conditional bail while enquiries continue.
As part of his bail conditions, he is restricted from entering Haslemere.
Detective Inspector Simon Driver said: ""Our enquiries have been ongoing since the report was received and have included extensive CCTV reviews, witness enquiries and work to establish a clearer picture of the movements of those in the area at the time.
""Thr... [truncated, 2284 chars total - full text at data/raw/news/text/NEWS-surrey_comet-cbb4ab8415f4.txt]",data/raw/news/text/NEWS-surrey_comet-cbb4ab8415f4.txt
NEWS-woking_news_mail-6ce4c7bb7937,surrey-county-council-by-election-haslemere-2026-07-07,woking_news_mail,local,haslemere_probe|surrey-county-council-by-election-haslemere-2026-07-07:local,full_corpus,pending_human_review,"Clears every mechanically-checkable rule. Still requires the human pass for E4 (result leakage), the L/N relevance test (E5), E6 (Reform disambiguation, if applicable) and E8 (genuine editorial content) before it can count as eligible.",,,,not_applicable,,,,E6-NOT-REFORM-FLAGGED,,,,,,,,,,,,,,,,,,Tchaikovsky's fifth symphony to be performed in Haslemere,2026-02-26,131,"likely E4-CLEAR (131 days before polling day - a genuine result leak would require the DATE itself being wrong, not just a careless read; still confirm by skimming for any reference to a declared result)","Haslemere Musical Society will present another eclectic programme of orchestral and choral music under the baton of Dr James Ross at Haslemere Hall on March 7 at 7.30pm.
The first half is devoted to Tchaikovsky’s mighty fifth symphony. Last year the Haslemere Musical Society orchestra read through it during its annual summer sessions, which are open to non-members. Players enjoyed it so much that it has been included in a scheduled concert.
By the time he wrote it in 1888 Tchaikovsky was regarded as the foremost Russian composer, yet he was far from confident about his talent for large-scale works.
His fifth symphony was a gamble with an unusual recurring melodic theme, introduced quietly by three clarinets in the first bars of the first movement and developing to a fortissimo, heroic conclusion in the last.
The fifth became popular and associated with victory through strife. There were many notable performances throughout the Second World War, including one in Leningrad during the 1941 siege.
Living British composer John Rutter is indelibly associated with Christmas, but his secular output is a treasure trove, not least in the British folk song suite The Sprig of Thyme for choir and small orchestra.
It includes favourites like the Keel Row , Willow Song and The Miller of Dee , and lesser-known pieces such as O Can Ye Sew Cushions and The Sprig of Thyme itself. Rutter gives the songs a fresh, polished character while preserving their traditional charm.
The programme also incl... [truncated, 1927 chars total - full text at data/raw/news/text/NEWS-woking_news_mail-6ce4c7bb7937.txt]",data/raw/news/text/NEWS-woking_news_mail-6ce4c7bb7937.txt
NEWS-woking_news_mail-aed84da1e784,surrey-county-council-by-election-haslemere-2026-07-07,woking_news_mail,local,haslemere_probe|surrey-county-council-by-election-haslemere-2026-07-07:local,full_corpus,pending_human_review,"Clears every mechanically-checkable rule. Still requires the human pass for E4 (result leakage), the L/N relevance test (E5), E6 (Reform disambiguation, if applicable) and E8 (genuine editorial content) before it can count as eligible.",,,,not_applicable,,,,E6-NOT-REFORM-FLAGGED,,,,,,,,,,,,,,,,,,Women who caught train to Liss could hold information into Haslemere rape,2026-07-03,4,read carefully (4 days before polling day - close enough that a dating error could plausibly let leakage through; do not default to E4-CLEAR here),"Police investigating a rape in Haslemere car park have identified two woman who may be potential witnesses.
Images of two white woman in their 20s who travelled together to Liss on the Portsmouth Direct Line last Tuesday (June 23) have been released by Surrey Police.
Officers believe the pair, who were seen speaking with another passenger on the train before alighting at Liss around midnight, may have important information, with police stressing neither are suspected of any criminality.
The first woman had brown hair, was wearing a black skirt, denim jacket, had sunglasses on her head and was carrying a tote bag. The second woman was blonde and wearing a white midi dress with a brown backpack.
The CCTV images have been released as part of an ongoing investigation into a reported rape near the junction of Wey Hill and Weydown Road between 10.30pm last Tuesday and 1am the following morning.
A man in his 30s who was arrested on suspicion of rape has been since been released on bail while investigations continue. He is restricted from entering Haslemere, while the victim is being supported by specialist officers.
“Our enquiries have been ongoing since the report was received,” said Detective Simon Driver, who is leading the investigation.
“We have included extensive CCTV reviews, witness enquiries and work to establish a clearer picture of the movements of those in the area at the time.
“Through these enquiries, we have identified two potential witnesses who we would like to spea... [truncated, 2311 chars total - full text at data/raw/news/text/NEWS-woking_news_mail-aed84da1e784.txt]",data/raw/news/text/NEWS-woking_news_mail-aed84da1e784.txt
