election_id,geographic_target_id,focal_party_id,window_type,window,scope_classification,cov_n_articles,cov_n_publications,cov_n_source_arms,cov_n_full_text,cov_n_review_flagged,cov_n_unresolved_alignment,cov_total_party_mentions,cov_total_candidate_mentions,cov_n_result_flagged,stance_denom,positive_stance_n,positive_stance_prop,neutral_stance_n,neutral_stance_prop,negative_stance_n,negative_stance_prop,mixed_stance_n,mixed_stance_prop,mean_sentiment_score,mean_sentiment_score_status,praise_indicator_n,praise_indicator_prop,criticism_indicator_n,criticism_indicator_prop,competence_positive_n,competence_positive_prop,competence_negative_n,competence_negative_prop,integrity_positive_n,integrity_positive_prop,integrity_negative_n,integrity_negative_prop,framing_denom,frame_government_performance_n,frame_government_performance_prop,frame_governance_failure_n,frame_governance_failure_prop,frame_financial_pressure_n,frame_financial_pressure_prop,frame_public_service_quality_n,frame_public_service_quality_prop,frame_accountability_n,frame_accountability_prop,frame_competence_n,frame_competence_prop,frame_integrity_n,frame_integrity_prop,frame_leadership_n,frame_leadership_prop,frame_electoral_competition_n,frame_electoral_competition_prop,frame_challenger_emergence_n,frame_challenger_emergence_prop,frame_anti_incumbent_sentiment_n,frame_anti_incumbent_sentiment_prop,frame_voter_dissatisfaction_n,frame_voter_dissatisfaction_prop,frame_policy_conflict_n,frame_policy_conflict_prop,frame_local_community_impact_n,frame_local_community_impact_prop,frame_national_political_momentum_n,frame_national_political_momentum_prop,frame_other_n,frame_other_prop,frame_multi_n,frame_unclear_or_missing_n,attribution_denom,blame_received_n,blame_received_prop,credit_received_n,credit_received_prop,blame_assigned_n,credit_assigned_n,responsibility_unclear_n,net_credit_minus_blame_n,issues_denom,issue_anti_incumbent_sentiment_primary_n,issue_anti_incumbent_sentiment_any_n,issue_anti_incumbent_sentiment_any_prop,issue_anti_incumbent_sentiment_continuing_n,issue_candidate_party_conduct_primary_n,issue_candidate_party_conduct_any_n,issue_candidate_party_conduct_any_prop,issue_candidate_party_conduct_continuing_n,issue_candidate_selection_withdrawal_primary_n,issue_candidate_selection_withdrawal_any_n,issue_candidate_selection_withdrawal_any_prop,issue_candidate_selection_withdrawal_continuing_n,issue_council_finance_primary_n,issue_council_finance_any_n,issue_council_finance_any_prop,issue_council_finance_continuing_n,issue_council_performance_primary_n,issue_council_performance_any_n,issue_council_performance_any_prop,issue_council_performance_continuing_n,issue_council_tax_primary_n,issue_council_tax_any_n,issue_council_tax_any_prop,issue_council_tax_continuing_n,issue_crime_policing_primary_n,issue_crime_policing_any_n,issue_crime_policing_any_prop,issue_crime_policing_continuing_n,issue_election_administration_primary_n,issue_election_administration_any_n,issue_election_administration_any_prop,issue_election_administration_continuing_n,issue_environment_flooding_primary_n,issue_environment_flooding_any_n,issue_environment_flooding_any_prop,issue_environment_flooding_continuing_n,issue_healthcare_primary_n,issue_healthcare_any_n,issue_healthcare_any_prop,issue_healthcare_continuing_n,issue_immigration_primary_n,issue_immigration_any_n,issue_immigration_any_prop,issue_immigration_continuing_n,issue_investment_funding_primary_n,issue_investment_funding_any_n,issue_investment_funding_any_prop,issue_investment_funding_continuing_n,issue_local_business_primary_n,issue_local_business_any_n,issue_local_business_any_prop,issue_local_business_continuing_n,issue_local_government_reorganisation_primary_n,issue_local_government_reorganisation_any_n,issue_local_government_reorganisation_any_prop,issue_local_government_reorganisation_continuing_n,issue_national_economy_primary_n,issue_national_economy_any_n,issue_national_economy_any_prop,issue_national_economy_continuing_n,issue_national_politics_primary_n,issue_national_politics_any_n,issue_national_politics_any_prop,issue_national_politics_continuing_n,issue_new_party_emergence_primary_n,issue_new_party_emergence_any_n,issue_new_party_emergence_any_prop,issue_new_party_emergence_continuing_n,issue_other_primary_n,issue_other_any_n,issue_other_any_prop,issue_other_continuing_n,issue_planning_housing_primary_n,issue_planning_housing_any_n,issue_planning_housing_any_prop,issue_planning_housing_continuing_n,issue_protest_primary_n,issue_protest_any_n,issue_protest_any_prop,issue_protest_continuing_n,issue_resignation_defection_primary_n,issue_resignation_defection_any_n,issue_resignation_defection_any_prop,issue_resignation_defection_continuing_n,issue_roads_transport_primary_n,issue_roads_transport_any_n,issue_roads_transport_any_prop,issue_roads_transport_continuing_n,issue_scandal_primary_n,issue_scandal_any_n,issue_scandal_any_prop,issue_scandal_continuing_n,issue_schools_send_primary_n,issue_schools_send_any_n,issue_schools_send_any_prop,issue_schools_send_continuing_n,issue_service_closure_primary_n,issue_service_closure_any_n,issue_service_closure_any_prop,issue_service_closure_continuing_n,issue_social_care_primary_n,issue_social_care_any_n,issue_social_care_any_prop,issue_social_care_continuing_n,issue_voter_switching_primary_n,issue_voter_switching_any_n,issue_voter_switching_any_prop,issue_voter_switching_continuing_n,issue_waste_recycling_primary_n,issue_waste_recycling_any_n,issue_waste_recycling_any_prop,issue_waste_recycling_continuing_n,consequence_denom,consq_potential_benefit_n,consq_potential_benefit_prop,consq_potential_damage_n,consq_potential_damage_prop,consq_mixed_or_unclear_impact_n,consq_mixed_or_unclear_impact_prop,consq_growth_signal_n,consq_growth_signal_prop,consq_decline_signal_n,consq_decline_signal_prop,consq_credible_challenger_signal_n,consq_credible_challenger_signal_prop,consq_anti_incumbent_signal_n,consq_anti_incumbent_signal_prop,consq_voter_switching_signal_n,consq_voter_switching_signal_prop,switch_from_counts,switch_to_counts,reform_agg_status,reform_in_headline_n,reform_candidate_mentioned_n,reform_candidate_quoted_n,reform_local_campaign_activity_n,reform_credible_challenger_n,reform_threat_to_conservative_n,reform_threat_to_labour_n,reform_threat_to_liberal_democrats_n,reform_con_to_reform_switching_n,reform_lab_to_reform_switching_n,reform_ld_to_reform_switching_n,reform_protest_anti_incumbent_n,reform_national_momentum_n,reform_credible_challenger_prop,reform_org_strength_reported_n,reform_org_strength_strong_n,reform_credibility_mean,reform_credibility_median,reform_momentum_mean,reform_momentum_median,reform_denom,aggregation_version,features_version,frozen_dataset_version
ESWS-2026-05,ESWS-2026-05:Addlestone Ward,(no_focal_party),cumulative,previous_14_days,surrey_wide_local,1,1,1,1,1,1,0,0,0,0,0,,0,,0,,0,,,not_extracted,0,,0,,0,,0,,0,,0,,1,1,1.0,0,0.0,0,0.0,0,0.0,0,0.0,0,0.0,0,0.0,0,0.0,1,1.0,0,0.0,0,0.0,0,0.0,0,0.0,0,0.0,0,0.0,0,0.0,1,0,0,0,,0,,0,0,0,0,1,0,0,0.0,0,0,0,0.0,0,0,1,1.0,1,0,0,0.0,0,0,0,0.0,0,0,0,0.0,0,0,0,0.0,0,0,1,1.0,1,0,0,0.0,0,0,0,0.0,0,0,0,0.0,0,0,0,0.0,0,0,0,0.0,0,1,1,1.0,1,0,0,0.0,0,0,0,0.0,0,0,0,0.0,0,0,0,0.0,0,0,0,0.0,0,0,0,0.0,0,0,0,0.0,0,0,0,0.0,0,0,0,0.0,0,0,0,0.0,0,0,0,0.0,0,0,0,0.0,0,0,0,0.0,0,0,0,0.0,0,0,0,,0,,0,,0,,0,,0,,0,,0,,,,not_applicable,,,,,,,,,,,,,,,,,,,,,0,context-aggregation-v1.0-2026-07-27,article-features-v1.0-2026-07-27,context-cards-v1.0-pilot67-2026-07-27
ESWS-2026-05,ESWS-2026-05:Addlestone Ward,(no_focal_party),cumulative,previous_180_days,surrey_wide_local,1,1,1,1,1,1,0,0,0,0,0,,0,,0,,0,,,not_extracted,0,,0,,0,,0,,0,,0,,1,1,1.0,0,0.0,0,0.0,0,0.0,0,0.0,0,0.0,0,0.0,0,0.0,1,1.0,0,0.0,0,0.0,0,0.0,0,0.0,0,0.0,0,0.0,0,0.0,1,0,0,0,,0,,0,0,0,0,1,0,0,0.0,0,0,0,0.0,0,0,1,1.0,1,0,0,0.0,0,0,0,0.0,0,0,0,0.0,0,0,0,0.0,0,0,1,1.0,1,0,0,0.0,0,0,0,0.0,0,0,0,0.0,0,0,0,0.0,0,0,0,0.0,0,1,1,1.0,1,0,0,0.0,0,0,0,0.0,0,0,0,0.0,0,0,0,0.0,0,0,0,0.0,0,0,0,0.0,0,0,0,0.0,0,0,0,0.0,0,0,0,0.0,0,0,0,0.0,0,0,0,0.0,0,0,0,0.0,0,0,0,0.0,0,0,0,0.0,0,0,0,,0,,0,,0,,0,,0,,0,,0,,,,not_applicable,,,,,,,,,,,,,,,,,,,,,0,context-aggregation-v1.0-2026-07-27,article-features-v1.0-2026-07-27,context-cards-v1.0-pilot67-2026-07-27
ESWS-2026-05,ESWS-2026-05:Addlestone Ward,(no_focal_party),cumulative,previous_30_days,surrey_wide_local,1,1,1,1,1,1,0,0,0,0,0,,0,,0,,0,,,not_extracted,0,,0,,0,,0,,0,,0,,1,1,1.0,0,0.0,0,0.0,0,0.0,0,0.0,0,0.0,0,0.0,0,0.0,1,1.0,0,0.0,0,0.0,0,0.0,0,0.0,0,0.0,0,0.0,0,0.0,1,0,0,0,,0,,0,0,0,0,1,0,0,0.0,0,0,0,0.0,0,0,1,1.0,1,0,0,0.0,0,0,0,0.0,0,0,0,0.0,0,0,0,0.0,0,0,1,1.0,1,0,0,0.0,0,0,0,0.0,0,0,0,0.0,0,0,0,0.0,0,0,0,0.0,0,1,1,1.0,1,0,0,0.0,0,0,0,0.0,0,0,0,0.0,0,0,0,0.0,0,0,0,0.0,0,0,0,0.0,0,0,0,0.0,0,0,0,0.0,0,0,0,0.0,0,0,0,0.0,0,0,0,0.0,0,0,0,0.0,0,0,0,0.0,0,0,0,0.0,0,0,0,,0,,0,,0,,0,,0,,0,,0,,,,not_applicable,,,,,,,,,,,,,,,,,,,,,0,context-aggregation-v1.0-2026-07-27,article-features-v1.0-2026-07-27,context-cards-v1.0-pilot67-2026-07-27
ESWS-2026-05,ESWS-2026-05:Addlestone Ward,(no_focal_party),cumulative,previous_72_hours,surrey_wide_local,1,1,1,1,1,1,0,0,0,0,0,,0,,0,,0,,,not_extracted,0,,0,,0,,0,,0,,0,,1,1,1.0,0,0.0,0,0.0,0,0.0,0,0.0,0,0.0,0,0.0,0,0.0,1,1.0,0,0.0,0,0.0,0,0.0,0,0.0,0,0.0,0,0.0,0,0.0,1,0,0,0,,0,,0,0,0,0,1,0,0,0.0,0,0,0,0.0,0,0,1,1.0,1,0,0,0.0,0,0,0,0.0,0,0,0,0.0,0,0,0,0.0,0,0,1,1.0,1,0,0,0.0,0,0,0,0.0,0,0,0,0.0,0,0,0,0.0,0,0,0,0.0,0,1,1,1.0,1,0,0,0.0,0,0,0,0.0,0,0,0,0.0,0,0,0,0.0,0,0,0,0.0,0,0,0,0.0,0,0,0,0.0,0,0,0,0.0,0,0,0,0.0,0,0,0,0.0,0,0,0,0.0,0,0,0,0.0,0,0,0,0.0,0,0,0,0.0,0,0,0,,0,,0,,0,,0,,0,,0,,0,,,,not_applicable,,,,,,,,,,,,,,,,,,,,,0,context-aggregation-v1.0-2026-07-27,article-features-v1.0-2026-07-27,context-cards-v1.0-pilot67-2026-07-27
ESWS-2026-05,ESWS-2026-05:Addlestone Ward,(no_focal_party),cumulative,previous_7_days,surrey_wide_local,1,1,1,1,1,1,0,0,0,0,0,,0,,0,,0,,,not_extracted,0,,0,,0,,0,,0,,0,,1,1,1.0,0,0.0,0,0.0,0,0.0,0,0.0,0,0.0,0,0.0,0,0.0,1,1.0,0,0.0,0,0.0,0,0.0,0,0.0,0,0.0,0,0.0,0,0.0,1,0,0,0,,0,,0,0,0,0,1,0,0,0.0,0,0,0,0.0,0,0,1,1.0,1,0,0,0.0,0,0,0,0.0,0,0,0,0.0,0,0,0,0.0,0,0,1,1.0,1,0,0,0.0,0,0,0,0.0,0,0,0,0.0,0,0,0,0.0,0,0,0,0.0,0,1,1,1.0,1,0,0,0.0,0,0,0,0.0,0,0,0,0.0,0,0,0,0.0,0,0,0,0.0,0,0,0,0.0,0,0,0,0.0,0,0,0,0.0,0,0,0,0.0,0,0,0,0.0,0,0,0,0.0,0,0,0,0.0,0,0,0,0.0,0,0,0,0.0,0,0,0,,0,,0,,0,,0,,0,,0,,0,,,,not_applicable,,,,,,,,,,,,,,,,,,,,,0,context-aggregation-v1.0-2026-07-27,article-features-v1.0-2026-07-27,context-cards-v1.0-pilot67-2026-07-27
ESWS-2026-05,ESWS-2026-05:Addlestone Ward,(no_focal_party),cumulative,previous_90_days,surrey_wide_local,1,1,1,1,1,1,0,0,0,0,0,,0,,0,,0,,,not_extracted,0,,0,,0,,0,,0,,0,,1,1,1.0,0,0.0,0,0.0,0,0.0,0,0.0,0,0.0,0,0.0,0,0.0,1,1.0,0,0.0,0,0.0,0,0.0,0,0.0,0,0.0,0,0.0,0,0.0,1,0,0,0,,0,,0,0,0,0,1,0,0,0.0,0,0,0,0.0,0,0,1,1.0,1,0,0,0.0,0,0,0,0.0,0,0,0,0.0,0,0,0,0.0,0,0,1,1.0,1,0,0,0.0,0,0,0,0.0,0,0,0,0.0,0,0,0,0.0,0,0,0,0.0,0,1,1,1.0,1,0,0,0.0,0,0,0,0.0,0,0,0,0.0,0,0,0,0.0,0,0,0,0.0,0,0,0,0.0,0,0,0,0.0,0,0,0,0.0,0,0,0,0.0,0,0,0,0.0,0,0,0,0.0,0,0,0,0.0,0,0,0,0.0,0,0,0,0.0,0,0,0,,0,,0,,0,,0,,0,,0,,0,,,,not_applicable,,,,,,,,,,,,,,,,,,,,,0,context-aggregation-v1.0-2026-07-27,article-features-v1.0-2026-07-27,context-cards-v1.0-pilot67-2026-07-27
ESWS-2026-05,ESWS-2026-05:Addlestone Ward,(no_focal_party),individual,final_72_hours,surrey_wide_local,1,1,1,1,1,1,0,0,0,0,0,,0,,0,,0,,,not_extracted,0,,0,,0,,0,,0,,0,,1,1,1.0,0,0.0,0,0.0,0,0.0,0,0.0,0,0.0,0,0.0,0,0.0,1,1.0,0,0.0,0,0.0,0,0.0,0,0.0,0,0.0,0,0.0,0,0.0,1,0,0,0,,0,,0,0,0,0,1,0,0,0.0,0,0,0,0.0,0,0,1,1.0,1,0,0,0.0,0,0,0,0.0,0,0,0,0.0,0,0,0,0.0,0,0,1,1.0,1,0,0,0.0,0,0,0,0.0,0,0,0,0.0,0,0,0,0.0,0,0,0,0.0,0,1,1,1.0,1,0,0,0.0,0,0,0,0.0,0,0,0,0.0,0,0,0,0.0,0,0,0,0.0,0,0,0,0.0,0,0,0,0.0,0,0,0,0.0,0,0,0,0.0,0,0,0,0.0,0,0,0,0.0,0,0,0,0.0,0,0,0,0.0,0,0,0,0.0,0,0,0,,0,,0,,0,,0,,0,,0,,0,,,,not_applicable,,,,,,,,,,,,,,,,,,,,,0,context-aggregation-v1.0-2026-07-27,article-features-v1.0-2026-07-27,context-cards-v1.0-pilot67-2026-07-27
ESWS-2026-05,ESWS-2026-05:Ash Ward,(no_focal_party),cumulative,previous_14_days,surrey_wide_local,1,1,1,1,1,1,0,0,0,0,0,,0,,0,,0,,,not_extracted,0,,0,,0,,0,,0,,0,,1,1,1.0,0,0.0,0,0.0,0,0.0,0,0.0,0,0.0,0,0.0,0,0.0,1,1.0,0,0.0,0,0.0,0,0.0,0,0.0,0,0.0,0,0.0,0,0.0,1,0,0,0,,0,,0,0,0,0,1,0,0,0.0,0,0,0,0.0,0,0,1,1.0,1,0,0,0.0,0,0,0,0.0,0,0,0,0.0,0,0,0,0.0,0,0,1,1.0,1,0,0,0.0,0,0,0,0.0,0,0,0,0.0,0,0,0,0.0,0,0,0,0.0,0,1,1,1.0,1,0,0,0.0,0,0,0,0.0,0,0,0,0.0,0,0,0,0.0,0,0,0,0.0,0,0,0,0.0,0,0,0,0.0,0,0,0,0.0,0,0,0,0.0,0,0,0,0.0,0,0,0,0.0,0,0,0,0.0,0,0,0,0.0,0,0,0,0.0,0,0,0,,0,,0,,0,,0,,0,,0,,0,,,,not_applicable,,,,,,,,,,,,,,,,,,,,,0,context-aggregation-v1.0-2026-07-27,article-features-v1.0-2026-07-27,context-cards-v1.0-pilot67-2026-07-27
ESWS-2026-05,ESWS-2026-05:Ash Ward,(no_focal_party),cumulative,previous_180_days,surrey_wide_local,1,1,1,1,1,1,0,0,0,0,0,,0,,0,,0,,,not_extracted,0,,0,,0,,0,,0,,0,,1,1,1.0,0,0.0,0,0.0,0,0.0,0,0.0,0,0.0,0,0.0,0,0.0,1,1.0,0,0.0,0,0.0,0,0.0,0,0.0,0,0.0,0,0.0,0,0.0,1,0,0,0,,0,,0,0,0,0,1,0,0,0.0,0,0,0,0.0,0,0,1,1.0,1,0,0,0.0,0,0,0,0.0,0,0,0,0.0,0,0,0,0.0,0,0,1,1.0,1,0,0,0.0,0,0,0,0.0,0,0,0,0.0,0,0,0,0.0,0,0,0,0.0,0,1,1,1.0,1,0,0,0.0,0,0,0,0.0,0,0,0,0.0,0,0,0,0.0,0,0,0,0.0,0,0,0,0.0,0,0,0,0.0,0,0,0,0.0,0,0,0,0.0,0,0,0,0.0,0,0,0,0.0,0,0,0,0.0,0,0,0,0.0,0,0,0,0.0,0,0,0,,0,,0,,0,,0,,0,,0,,0,,,,not_applicable,,,,,,,,,,,,,,,,,,,,,0,context-aggregation-v1.0-2026-07-27,article-features-v1.0-2026-07-27,context-cards-v1.0-pilot67-2026-07-27
ESWS-2026-05,ESWS-2026-05:Ash Ward,(no_focal_party),cumulative,previous_30_days,surrey_wide_local,1,1,1,1,1,1,0,0,0,0,0,,0,,0,,0,,,not_extracted,0,,0,,0,,0,,0,,0,,1,1,1.0,0,0.0,0,0.0,0,0.0,0,0.0,0,0.0,0,0.0,0,0.0,1,1.0,0,0.0,0,0.0,0,0.0,0,0.0,0,0.0,0,0.0,0,0.0,1,0,0,0,,0,,0,0,0,0,1,0,0,0.0,0,0,0,0.0,0,0,1,1.0,1,0,0,0.0,0,0,0,0.0,0,0,0,0.0,0,0,0,0.0,0,0,1,1.0,1,0,0,0.0,0,0,0,0.0,0,0,0,0.0,0,0,0,0.0,0,0,0,0.0,0,1,1,1.0,1,0,0,0.0,0,0,0,0.0,0,0,0,0.0,0,0,0,0.0,0,0,0,0.0,0,0,0,0.0,0,0,0,0.0,0,0,0,0.0,0,0,0,0.0,0,0,0,0.0,0,0,0,0.0,0,0,0,0.0,0,0,0,0.0,0,0,0,0.0,0,0,0,,0,,0,,0,,0,,0,,0,,0,,,,not_applicable,,,,,,,,,,,,,,,,,,,,,0,context-aggregation-v1.0-2026-07-27,article-features-v1.0-2026-07-27,context-cards-v1.0-pilot67-2026-07-27
ESWS-2026-05,ESWS-2026-05:Ash Ward,(no_focal_party),cumulative,previous_72_hours,surrey_wide_local,1,1,1,1,1,1,0,0,0,0,0,,0,,0,,0,,,not_extracted,0,,0,,0,,0,,0,,0,,1,1,1.0,0,0.0,0,0.0,0,0.0,0,0.0,0,0.0,0,0.0,0,0.0,1,1.0,0,0.0,0,0.0,0,0.0,0,0.0,0,0.0,0,0.0,0,0.0,1,0,0,0,,0,,0,0,0,0,1,0,0,0.0,0,0,0,0.0,0,0,1,1.0,1,0,0,0.0,0,0,0,0.0,0,0,0,0.0,0,0,0,0.0,0,0,1,1.0,1,0,0,0.0,0,0,0,0.0,0,0,0,0.0,0,0,0,0.0,0,0,0,0.0,0,1,1,1.0,1,0,0,0.0,0,0,0,0.0,0,0,0,0.0,0,0,0,0.0,0,0,0,0.0,0,0,0,0.0,0,0,0,0.0,0,0,0,0.0,0,0,0,0.0,0,0,0,0.0,0,0,0,0.0,0,0,0,0.0,0,0,0,0.0,0,0,0,0.0,0,0,0,,0,,0,,0,,0,,0,,0,,0,,,,not_applicable,,,,,,,,,,,,,,,,,,,,,0,context-aggregation-v1.0-2026-07-27,article-features-v1.0-2026-07-27,context-cards-v1.0-pilot67-2026-07-27
ESWS-2026-05,ESWS-2026-05:Ash Ward,(no_focal_party),cumulative,previous_7_days,surrey_wide_local,1,1,1,1,1,1,0,0,0,0,0,,0,,0,,0,,,not_extracted,0,,0,,0,,0,,0,,0,,1,1,1.0,0,0.0,0,0.0,0,0.0,0,0.0,0,0.0,0,0.0,0,0.0,1,1.0,0,0.0,0,0.0,0,0.0,0,0.0,0,0.0,0,0.0,0,0.0,1,0,0,0,,0,,0,0,0,0,1,0,0,0.0,0,0,0,0.0,0,0,1,1.0,1,0,0,0.0,0,0,0,0.0,0,0,0,0.0,0,0,0,0.0,0,0,1,1.0,1,0,0,0.0,0,0,0,0.0,0,0,0,0.0,0,0,0,0.0,0,0,0,0.0,0,1,1,1.0,1,0,0,0.0,0,0,0,0.0,0,0,0,0.0,0,0,0,0.0,0,0,0,0.0,0,0,0,0.0,0,0,0,0.0,0,0,0,0.0,0,0,0,0.0,0,0,0,0.0,0,0,0,0.0,0,0,0,0.0,0,0,0,0.0,0,0,0,0.0,0,0,0,,0,,0,,0,,0,,0,,0,,0,,,,not_applicable,,,,,,,,,,,,,,,,,,,,,0,context-aggregation-v1.0-2026-07-27,article-features-v1.0-2026-07-27,context-cards-v1.0-pilot67-2026-07-27
ESWS-2026-05,ESWS-2026-05:Ash Ward,(no_focal_party),cumulative,previous_90_days,surrey_wide_local,1,1,1,1,1,1,0,0,0,0,0,,0,,0,,0,,,not_extracted,0,,0,,0,,0,,0,,0,,1,1,1.0,0,0.0,0,0.0,0,0.0,0,0.0,0,0.0,0,0.0,0,0.0,1,1.0,0,0.0,0,0.0,0,0.0,0,0.0,0,0.0,0,0.0,0,0.0,1,0,0,0,,0,,0,0,0,0,1,0,0,0.0,0,0,0,0.0,0,0,1,1.0,1,0,0,0.0,0,0,0,0.0,0,0,0,0.0,0,0,0,0.0,0,0,1,1.0,1,0,0,0.0,0,0,0,0.0,0,0,0,0.0,0,0,0,0.0,0,0,0,0.0,0,1,1,1.0,1,0,0,0.0,0,0,0,0.0,0,0,0,0.0,0,0,0,0.0,0,0,0,0.0,0,0,0,0.0,0,0,0,0.0,0,0,0,0.0,0,0,0,0.0,0,0,0,0.0,0,0,0,0.0,0,0,0,0.0,0,0,0,0.0,0,0,0,0.0,0,0,0,,0,,0,,0,,0,,0,,0,,0,,,,not_applicable,,,,,,,,,,,,,,,,,,,,,0,context-aggregation-v1.0-2026-07-27,article-features-v1.0-2026-07-27,context-cards-v1.0-pilot67-2026-07-27
ESWS-2026-05,ESWS-2026-05:Ash Ward,(no_focal_party),individual,final_72_hours,surrey_wide_local,1,1,1,1,1,1,0,0,0,0,0,,0,,0,,0,,,not_extracted,0,,0,,0,,0,,0,,0,,1,1,1.0,0,0.0,0,0.0,0,0.0,0,0.0,0,0.0,0,0.0,0,0.0,1,1.0,0,0.0,0,0.0,0,0.0,0,0.0,0,0.0,0,0.0,0,0.0,1,0,0,0,,0,,0,0,0,0,1,0,0,0.0,0,0,0,0.0,0,0,1,1.0,1,0,0,0.0,0,0,0,0.0,0,0,0,0.0,0,0,0,0.0,0,0,1,1.0,1,0,0,0.0,0,0,0,0.0,0,0,0,0.0,0,0,0,0.0,0,0,0,0.0,0,1,1,1.0,1,0,0,0.0,0,0,0,0.0,0,0,0,0.0,0,0,0,0.0,0,0,0,0.0,0,0,0,0.0,0,0,0,0.0,0,0,0,0.0,0,0,0,0.0,0,0,0,0.0,0,0,0,0.0,0,0,0,0.0,0,0,0,0.0,0,0,0,0.0,0,0,0,,0,,0,,0,,0,,0,,0,,0,,,,not_applicable,,,,,,,,,,,,,,,,,,,,,0,context-aggregation-v1.0-2026-07-27,article-features-v1.0-2026-07-27,context-cards-v1.0-pilot67-2026-07-27
ESWS-2026-05,ESWS-2026-05:Ashford Ward,(no_focal_party),cumulative,previous_14_days,surrey_wide_local,1,1,1,1,1,1,0,0,0,0,0,,0,,0,,0,,,not_extracted,0,,0,,0,,0,,0,,0,,1,1,1.0,0,0.0,0,0.0,0,0.0,0,0.0,0,0.0,0,0.0,0,0.0,1,1.0,0,0.0,0,0.0,0,0.0,0,0.0,0,0.0,0,0.0,0,0.0,1,0,0,0,,0,,0,0,0,0,1,0,0,0.0,0,0,0,0.0,0,0,1,1.0,1,0,0,0.0,0,0,0,0.0,0,0,0,0.0,0,0,0,0.0,0,0,1,1.0,1,0,0,0.0,0,0,0,0.0,0,0,0,0.0,0,0,0,0.0,0,0,0,0.0,0,1,1,1.0,1,0,0,0.0,0,0,0,0.0,0,0,0,0.0,0,0,0,0.0,0,0,0,0.0,0,0,0,0.0,0,0,0,0.0,0,0,0,0.0,0,0,0,0.0,0,0,0,0.0,0,0,0,0.0,0,0,0,0.0,0,0,0,0.0,0,0,0,0.0,0,0,0,,0,,0,,0,,0,,0,,0,,0,,,,not_applicable,,,,,,,,,,,,,,,,,,,,,0,context-aggregation-v1.0-2026-07-27,article-features-v1.0-2026-07-27,context-cards-v1.0-pilot67-2026-07-27
ESWS-2026-05,ESWS-2026-05:Ashford Ward,(no_focal_party),cumulative,previous_180_days,surrey_wide_local,1,1,1,1,1,1,0,0,0,0,0,,0,,0,,0,,,not_extracted,0,,0,,0,,0,,0,,0,,1,1,1.0,0,0.0,0,0.0,0,0.0,0,0.0,0,0.0,0,0.0,0,0.0,1,1.0,0,0.0,0,0.0,0,0.0,0,0.0,0,0.0,0,0.0,0,0.0,1,0,0,0,,0,,0,0,0,0,1,0,0,0.0,0,0,0,0.0,0,0,1,1.0,1,0,0,0.0,0,0,0,0.0,0,0,0,0.0,0,0,0,0.0,0,0,1,1.0,1,0,0,0.0,0,0,0,0.0,0,0,0,0.0,0,0,0,0.0,0,0,0,0.0,0,1,1,1.0,1,0,0,0.0,0,0,0,0.0,0,0,0,0.0,0,0,0,0.0,0,0,0,0.0,0,0,0,0.0,0,0,0,0.0,0,0,0,0.0,0,0,0,0.0,0,0,0,0.0,0,0,0,0.0,0,0,0,0.0,0,0,0,0.0,0,0,0,0.0,0,0,0,,0,,0,,0,,0,,0,,0,,0,,,,not_applicable,,,,,,,,,,,,,,,,,,,,,0,context-aggregation-v1.0-2026-07-27,article-features-v1.0-2026-07-27,context-cards-v1.0-pilot67-2026-07-27
ESWS-2026-05,ESWS-2026-05:Ashford Ward,(no_focal_party),cumulative,previous_30_days,surrey_wide_local,1,1,1,1,1,1,0,0,0,0,0,,0,,0,,0,,,not_extracted,0,,0,,0,,0,,0,,0,,1,1,1.0,0,0.0,0,0.0,0,0.0,0,0.0,0,0.0,0,0.0,0,0.0,1,1.0,0,0.0,0,0.0,0,0.0,0,0.0,0,0.0,0,0.0,0,0.0,1,0,0,0,,0,,0,0,0,0,1,0,0,0.0,0,0,0,0.0,0,0,1,1.0,1,0,0,0.0,0,0,0,0.0,0,0,0,0.0,0,0,0,0.0,0,0,1,1.0,1,0,0,0.0,0,0,0,0.0,0,0,0,0.0,0,0,0,0.0,0,0,0,0.0,0,1,1,1.0,1,0,0,0.0,0,0,0,0.0,0,0,0,0.0,0,0,0,0.0,0,0,0,0.0,0,0,0,0.0,0,0,0,0.0,0,0,0,0.0,0,0,0,0.0,0,0,0,0.0,0,0,0,0.0,0,0,0,0.0,0,0,0,0.0,0,0,0,0.0,0,0,0,,0,,0,,0,,0,,0,,0,,0,,,,not_applicable,,,,,,,,,,,,,,,,,,,,,0,context-aggregation-v1.0-2026-07-27,article-features-v1.0-2026-07-27,context-cards-v1.0-pilot67-2026-07-27
ESWS-2026-05,ESWS-2026-05:Ashford Ward,(no_focal_party),cumulative,previous_72_hours,surrey_wide_local,1,1,1,1,1,1,0,0,0,0,0,,0,,0,,0,,,not_extracted,0,,0,,0,,0,,0,,0,,1,1,1.0,0,0.0,0,0.0,0,0.0,0,0.0,0,0.0,0,0.0,0,0.0,1,1.0,0,0.0,0,0.0,0,0.0,0,0.0,0,0.0,0,0.0,0,0.0,1,0,0,0,,0,,0,0,0,0,1,0,0,0.0,0,0,0,0.0,0,0,1,1.0,1,0,0,0.0,0,0,0,0.0,0,0,0,0.0,0,0,0,0.0,0,0,1,1.0,1,0,0,0.0,0,0,0,0.0,0,0,0,0.0,0,0,0,0.0,0,0,0,0.0,0,1,1,1.0,1,0,0,0.0,0,0,0,0.0,0,0,0,0.0,0,0,0,0.0,0,0,0,0.0,0,0,0,0.0,0,0,0,0.0,0,0,0,0.0,0,0,0,0.0,0,0,0,0.0,0,0,0,0.0,0,0,0,0.0,0,0,0,0.0,0,0,0,0.0,0,0,0,,0,,0,,0,,0,,0,,0,,0,,,,not_applicable,,,,,,,,,,,,,,,,,,,,,0,context-aggregation-v1.0-2026-07-27,article-features-v1.0-2026-07-27,context-cards-v1.0-pilot67-2026-07-27
ESWS-2026-05,ESWS-2026-05:Ashford Ward,(no_focal_party),cumulative,previous_7_days,surrey_wide_local,1,1,1,1,1,1,0,0,0,0,0,,0,,0,,0,,,not_extracted,0,,0,,0,,0,,0,,0,,1,1,1.0,0,0.0,0,0.0,0,0.0,0,0.0,0,0.0,0,0.0,0,0.0,1,1.0,0,0.0,0,0.0,0,0.0,0,0.0,0,0.0,0,0.0,0,0.0,1,0,0,0,,0,,0,0,0,0,1,0,0,0.0,0,0,0,0.0,0,0,1,1.0,1,0,0,0.0,0,0,0,0.0,0,0,0,0.0,0,0,0,0.0,0,0,1,1.0,1,0,0,0.0,0,0,0,0.0,0,0,0,0.0,0,0,0,0.0,0,0,0,0.0,0,1,1,1.0,1,0,0,0.0,0,0,0,0.0,0,0,0,0.0,0,0,0,0.0,0,0,0,0.0,0,0,0,0.0,0,0,0,0.0,0,0,0,0.0,0,0,0,0.0,0,0,0,0.0,0,0,0,0.0,0,0,0,0.0,0,0,0,0.0,0,0,0,0.0,0,0,0,,0,,0,,0,,0,,0,,0,,0,,,,not_applicable,,,,,,,,,,,,,,,,,,,,,0,context-aggregation-v1.0-2026-07-27,article-features-v1.0-2026-07-27,context-cards-v1.0-pilot67-2026-07-27
ESWS-2026-05,ESWS-2026-05:Ashford Ward,(no_focal_party),cumulative,previous_90_days,surrey_wide_local,1,1,1,1,1,1,0,0,0,0,0,,0,,0,,0,,,not_extracted,0,,0,,0,,0,,0,,0,,1,1,1.0,0,0.0,0,0.0,0,0.0,0,0.0,0,0.0,0,0.0,0,0.0,1,1.0,0,0.0,0,0.0,0,0.0,0,0.0,0,0.0,0,0.0,0,0.0,1,0,0,0,,0,,0,0,0,0,1,0,0,0.0,0,0,0,0.0,0,0,1,1.0,1,0,0,0.0,0,0,0,0.0,0,0,0,0.0,0,0,0,0.0,0,0,1,1.0,1,0,0,0.0,0,0,0,0.0,0,0,0,0.0,0,0,0,0.0,0,0,0,0.0,0,1,1,1.0,1,0,0,0.0,0,0,0,0.0,0,0,0,0.0,0,0,0,0.0,0,0,0,0.0,0,0,0,0.0,0,0,0,0.0,0,0,0,0.0,0,0,0,0.0,0,0,0,0.0,0,0,0,0.0,0,0,0,0.0,0,0,0,0.0,0,0,0,0.0,0,0,0,,0,,0,,0,,0,,0,,0,,0,,,,not_applicable,,,,,,,,,,,,,,,,,,,,,0,context-aggregation-v1.0-2026-07-27,article-features-v1.0-2026-07-27,context-cards-v1.0-pilot67-2026-07-27
ESWS-2026-05,ESWS-2026-05:Ashford Ward,(no_focal_party),individual,final_72_hours,surrey_wide_local,1,1,1,1,1,1,0,0,0,0,0,,0,,0,,0,,,not_extracted,0,,0,,0,,0,,0,,0,,1,1,1.0,0,0.0,0,0.0,0,0.0,0,0.0,0,0.0,0,0.0,0,0.0,1,1.0,0,0.0,0,0.0,0,0.0,0,0.0,0,0.0,0,0.0,0,0.0,1,0,0,0,,0,,0,0,0,0,1,0,0,0.0,0,0,0,0.0,0,0,1,1.0,1,0,0,0.0,0,0,0,0.0,0,0,0,0.0,0,0,0,0.0,0,0,1,1.0,1,0,0,0.0,0,0,0,0.0,0,0,0,0.0,0,0,0,0.0,0,0,0,0.0,0,1,1,1.0,1,0,0,0.0,0,0,0,0.0,0,0,0,0.0,0,0,0,0.0,0,0,0,0.0,0,0,0,0.0,0,0,0,0.0,0,0,0,0.0,0,0,0,0.0,0,0,0,0.0,0,0,0,0.0,0,0,0,0.0,0,0,0,0.0,0,0,0,0.0,0,0,0,,0,,0,,0,,0,,0,,0,,0,,,,not_applicable,,,,,,,,,,,,,,,,,,,,,0,context-aggregation-v1.0-2026-07-27,article-features-v1.0-2026-07-27,context-cards-v1.0-pilot67-2026-07-27
ESWS-2026-05,"ESWS-2026-05:Bagshot, Windlesham & Chobham Ward",(no_focal_party),cumulative,previous_14_days,surrey_wide_local,1,1,1,1,1,1,0,0,0,0,0,,0,,0,,0,,,not_extracted,0,,0,,0,,0,,0,,0,,1,1,1.0,0,0.0,0,0.0,0,0.0,0,0.0,0,0.0,0,0.0,0,0.0,1,1.0,0,0.0,0,0.0,0,0.0,0,0.0,0,0.0,0,0.0,0,0.0,1,0,0,0,,0,,0,0,0,0,1,0,0,0.0,0,0,0,0.0,0,0,1,1.0,1,0,0,0.0,0,0,0,0.0,0,0,0,0.0,0,0,0,0.0,0,0,1,1.0,1,0,0,0.0,0,0,0,0.0,0,0,0,0.0,0,0,0,0.0,0,0,0,0.0,0,1,1,1.0,1,0,0,0.0,0,0,0,0.0,0,0,0,0.0,0,0,0,0.0,0,0,0,0.0,0,0,0,0.0,0,0,0,0.0,0,0,0,0.0,0,0,0,0.0,0,0,0,0.0,0,0,0,0.0,0,0,0,0.0,0,0,0,0.0,0,0,0,0.0,0,0,0,,0,,0,,0,,0,,0,,0,,0,,,,not_applicable,,,,,,,,,,,,,,,,,,,,,0,context-aggregation-v1.0-2026-07-27,article-features-v1.0-2026-07-27,context-cards-v1.0-pilot67-2026-07-27
ESWS-2026-05,"ESWS-2026-05:Bagshot, Windlesham & Chobham Ward",(no_focal_party),cumulative,previous_180_days,surrey_wide_local,1,1,1,1,1,1,0,0,0,0,0,,0,,0,,0,,,not_extracted,0,,0,,0,,0,,0,,0,,1,1,1.0,0,0.0,0,0.0,0,0.0,0,0.0,0,0.0,0,0.0,0,0.0,1,1.0,0,0.0,0,0.0,0,0.0,0,0.0,0,0.0,0,0.0,0,0.0,1,0,0,0,,0,,0,0,0,0,1,0,0,0.0,0,0,0,0.0,0,0,1,1.0,1,0,0,0.0,0,0,0,0.0,0,0,0,0.0,0,0,0,0.0,0,0,1,1.0,1,0,0,0.0,0,0,0,0.0,0,0,0,0.0,0,0,0,0.0,0,0,0,0.0,0,1,1,1.0,1,0,0,0.0,0,0,0,0.0,0,0,0,0.0,0,0,0,0.0,0,0,0,0.0,0,0,0,0.0,0,0,0,0.0,0,0,0,0.0,0,0,0,0.0,0,0,0,0.0,0,0,0,0.0,0,0,0,0.0,0,0,0,0.0,0,0,0,0.0,0,0,0,,0,,0,,0,,0,,0,,0,,0,,,,not_applicable,,,,,,,,,,,,,,,,,,,,,0,context-aggregation-v1.0-2026-07-27,article-features-v1.0-2026-07-27,context-cards-v1.0-pilot67-2026-07-27
ESWS-2026-05,"ESWS-2026-05:Bagshot, Windlesham & Chobham Ward",(no_focal_party),cumulative,previous_30_days,surrey_wide_local,1,1,1,1,1,1,0,0,0,0,0,,0,,0,,0,,,not_extracted,0,,0,,0,,0,,0,,0,,1,1,1.0,0,0.0,0,0.0,0,0.0,0,0.0,0,0.0,0,0.0,0,0.0,1,1.0,0,0.0,0,0.0,0,0.0,0,0.0,0,0.0,0,0.0,0,0.0,1,0,0,0,,0,,0,0,0,0,1,0,0,0.0,0,0,0,0.0,0,0,1,1.0,1,0,0,0.0,0,0,0,0.0,0,0,0,0.0,0,0,0,0.0,0,0,1,1.0,1,0,0,0.0,0,0,0,0.0,0,0,0,0.0,0,0,0,0.0,0,0,0,0.0,0,1,1,1.0,1,0,0,0.0,0,0,0,0.0,0,0,0,0.0,0,0,0,0.0,0,0,0,0.0,0,0,0,0.0,0,0,0,0.0,0,0,0,0.0,0,0,0,0.0,0,0,0,0.0,0,0,0,0.0,0,0,0,0.0,0,0,0,0.0,0,0,0,0.0,0,0,0,,0,,0,,0,,0,,0,,0,,0,,,,not_applicable,,,,,,,,,,,,,,,,,,,,,0,context-aggregation-v1.0-2026-07-27,article-features-v1.0-2026-07-27,context-cards-v1.0-pilot67-2026-07-27
ESWS-2026-05,"ESWS-2026-05:Bagshot, Windlesham & Chobham Ward",(no_focal_party),cumulative,previous_72_hours,surrey_wide_local,1,1,1,1,1,1,0,0,0,0,0,,0,,0,,0,,,not_extracted,0,,0,,0,,0,,0,,0,,1,1,1.0,0,0.0,0,0.0,0,0.0,0,0.0,0,0.0,0,0.0,0,0.0,1,1.0,0,0.0,0,0.0,0,0.0,0,0.0,0,0.0,0,0.0,0,0.0,1,0,0,0,,0,,0,0,0,0,1,0,0,0.0,0,0,0,0.0,0,0,1,1.0,1,0,0,0.0,0,0,0,0.0,0,0,0,0.0,0,0,0,0.0,0,0,1,1.0,1,0,0,0.0,0,0,0,0.0,0,0,0,0.0,0,0,0,0.0,0,0,0,0.0,0,1,1,1.0,1,0,0,0.0,0,0,0,0.0,0,0,0,0.0,0,0,0,0.0,0,0,0,0.0,0,0,0,0.0,0,0,0,0.0,0,0,0,0.0,0,0,0,0.0,0,0,0,0.0,0,0,0,0.0,0,0,0,0.0,0,0,0,0.0,0,0,0,0.0,0,0,0,,0,,0,,0,,0,,0,,0,,0,,,,not_applicable,,,,,,,,,,,,,,,,,,,,,0,context-aggregation-v1.0-2026-07-27,article-features-v1.0-2026-07-27,context-cards-v1.0-pilot67-2026-07-27
ESWS-2026-05,"ESWS-2026-05:Bagshot, Windlesham & Chobham Ward",(no_focal_party),cumulative,previous_7_days,surrey_wide_local,1,1,1,1,1,1,0,0,0,0,0,,0,,0,,0,,,not_extracted,0,,0,,0,,0,,0,,0,,1,1,1.0,0,0.0,0,0.0,0,0.0,0,0.0,0,0.0,0,0.0,0,0.0,1,1.0,0,0.0,0,0.0,0,0.0,0,0.0,0,0.0,0,0.0,0,0.0,1,0,0,0,,0,,0,0,0,0,1,0,0,0.0,0,0,0,0.0,0,0,1,1.0,1,0,0,0.0,0,0,0,0.0,0,0,0,0.0,0,0,0,0.0,0,0,1,1.0,1,0,0,0.0,0,0,0,0.0,0,0,0,0.0,0,0,0,0.0,0,0,0,0.0,0,1,1,1.0,1,0,0,0.0,0,0,0,0.0,0,0,0,0.0,0,0,0,0.0,0,0,0,0.0,0,0,0,0.0,0,0,0,0.0,0,0,0,0.0,0,0,0,0.0,0,0,0,0.0,0,0,0,0.0,0,0,0,0.0,0,0,0,0.0,0,0,0,0.0,0,0,0,,0,,0,,0,,0,,0,,0,,0,,,,not_applicable,,,,,,,,,,,,,,,,,,,,,0,context-aggregation-v1.0-2026-07-27,article-features-v1.0-2026-07-27,context-cards-v1.0-pilot67-2026-07-27
ESWS-2026-05,"ESWS-2026-05:Bagshot, Windlesham & Chobham Ward",(no_focal_party),cumulative,previous_90_days,surrey_wide_local,1,1,1,1,1,1,0,0,0,0,0,,0,,0,,0,,,not_extracted,0,,0,,0,,0,,0,,0,,1,1,1.0,0,0.0,0,0.0,0,0.0,0,0.0,0,0.0,0,0.0,0,0.0,1,1.0,0,0.0,0,0.0,0,0.0,0,0.0,0,0.0,0,0.0,0,0.0,1,0,0,0,,0,,0,0,0,0,1,0,0,0.0,0,0,0,0.0,0,0,1,1.0,1,0,0,0.0,0,0,0,0.0,0,0,0,0.0,0,0,0,0.0,0,0,1,1.0,1,0,0,0.0,0,0,0,0.0,0,0,0,0.0,0,0,0,0.0,0,0,0,0.0,0,1,1,1.0,1,0,0,0.0,0,0,0,0.0,0,0,0,0.0,0,0,0,0.0,0,0,0,0.0,0,0,0,0.0,0,0,0,0.0,0,0,0,0.0,0,0,0,0.0,0,0,0,0.0,0,0,0,0.0,0,0,0,0.0,0,0,0,0.0,0,0,0,0.0,0,0,0,,0,,0,,0,,0,,0,,0,,0,,,,not_applicable,,,,,,,,,,,,,,,,,,,,,0,context-aggregation-v1.0-2026-07-27,article-features-v1.0-2026-07-27,context-cards-v1.0-pilot67-2026-07-27
ESWS-2026-05,"ESWS-2026-05:Bagshot, Windlesham & Chobham Ward",(no_focal_party),individual,final_72_hours,surrey_wide_local,1,1,1,1,1,1,0,0,0,0,0,,0,,0,,0,,,not_extracted,0,,0,,0,,0,,0,,0,,1,1,1.0,0,0.0,0,0.0,0,0.0,0,0.0,0,0.0,0,0.0,0,0.0,1,1.0,0,0.0,0,0.0,0,0.0,0,0.0,0,0.0,0,0.0,0,0.0,1,0,0,0,,0,,0,0,0,0,1,0,0,0.0,0,0,0,0.0,0,0,1,1.0,1,0,0,0.0,0,0,0,0.0,0,0,0,0.0,0,0,0,0.0,0,0,1,1.0,1,0,0,0.0,0,0,0,0.0,0,0,0,0.0,0,0,0,0.0,0,0,0,0.0,0,1,1,1.0,1,0,0,0.0,0,0,0,0.0,0,0,0,0.0,0,0,0,0.0,0,0,0,0.0,0,0,0,0.0,0,0,0,0.0,0,0,0,0.0,0,0,0,0.0,0,0,0,0.0,0,0,0,0.0,0,0,0,0.0,0,0,0,0.0,0,0,0,0.0,0,0,0,,0,,0,,0,,0,,0,,0,,0,,,,not_applicable,,,,,,,,,,,,,,,,,,,,,0,context-aggregation-v1.0-2026-07-27,article-features-v1.0-2026-07-27,context-cards-v1.0-pilot67-2026-07-27
ESWS-2026-05,ESWS-2026-05:Camberley East Ward,(no_focal_party),cumulative,previous_14_days,surrey_wide_local,1,1,1,1,1,1,0,0,0,0,0,,0,,0,,0,,,not_extracted,0,,0,,0,,0,,0,,0,,1,1,1.0,0,0.0,0,0.0,0,0.0,0,0.0,0,0.0,0,0.0,0,0.0,1,1.0,0,0.0,0,0.0,0,0.0,0,0.0,0,0.0,0,0.0,0,0.0,1,0,0,0,,0,,0,0,0,0,1,0,0,0.0,0,0,0,0.0,0,0,1,1.0,1,0,0,0.0,0,0,0,0.0,0,0,0,0.0,0,0,0,0.0,0,0,1,1.0,1,0,0,0.0,0,0,0,0.0,0,0,0,0.0,0,0,0,0.0,0,0,0,0.0,0,1,1,1.0,1,0,0,0.0,0,0,0,0.0,0,0,0,0.0,0,0,0,0.0,0,0,0,0.0,0,0,0,0.0,0,0,0,0.0,0,0,0,0.0,0,0,0,0.0,0,0,0,0.0,0,0,0,0.0,0,0,0,0.0,0,0,0,0.0,0,0,0,0.0,0,0,0,,0,,0,,0,,0,,0,,0,,0,,,,not_applicable,,,,,,,,,,,,,,,,,,,,,0,context-aggregation-v1.0-2026-07-27,article-features-v1.0-2026-07-27,context-cards-v1.0-pilot67-2026-07-27
ESWS-2026-05,ESWS-2026-05:Camberley East Ward,(no_focal_party),cumulative,previous_180_days,surrey_wide_local,1,1,1,1,1,1,0,0,0,0,0,,0,,0,,0,,,not_extracted,0,,0,,0,,0,,0,,0,,1,1,1.0,0,0.0,0,0.0,0,0.0,0,0.0,0,0.0,0,0.0,0,0.0,1,1.0,0,0.0,0,0.0,0,0.0,0,0.0,0,0.0,0,0.0,0,0.0,1,0,0,0,,0,,0,0,0,0,1,0,0,0.0,0,0,0,0.0,0,0,1,1.0,1,0,0,0.0,0,0,0,0.0,0,0,0,0.0,0,0,0,0.0,0,0,1,1.0,1,0,0,0.0,0,0,0,0.0,0,0,0,0.0,0,0,0,0.0,0,0,0,0.0,0,1,1,1.0,1,0,0,0.0,0,0,0,0.0,0,0,0,0.0,0,0,0,0.0,0,0,0,0.0,0,0,0,0.0,0,0,0,0.0,0,0,0,0.0,0,0,0,0.0,0,0,0,0.0,0,0,0,0.0,0,0,0,0.0,0,0,0,0.0,0,0,0,0.0,0,0,0,,0,,0,,0,,0,,0,,0,,0,,,,not_applicable,,,,,,,,,,,,,,,,,,,,,0,context-aggregation-v1.0-2026-07-27,article-features-v1.0-2026-07-27,context-cards-v1.0-pilot67-2026-07-27
ESWS-2026-05,ESWS-2026-05:Camberley East Ward,(no_focal_party),cumulative,previous_30_days,surrey_wide_local,1,1,1,1,1,1,0,0,0,0,0,,0,,0,,0,,,not_extracted,0,,0,,0,,0,,0,,0,,1,1,1.0,0,0.0,0,0.0,0,0.0,0,0.0,0,0.0,0,0.0,0,0.0,1,1.0,0,0.0,0,0.0,0,0.0,0,0.0,0,0.0,0,0.0,0,0.0,1,0,0,0,,0,,0,0,0,0,1,0,0,0.0,0,0,0,0.0,0,0,1,1.0,1,0,0,0.0,0,0,0,0.0,0,0,0,0.0,0,0,0,0.0,0,0,1,1.0,1,0,0,0.0,0,0,0,0.0,0,0,0,0.0,0,0,0,0.0,0,0,0,0.0,0,1,1,1.0,1,0,0,0.0,0,0,0,0.0,0,0,0,0.0,0,0,0,0.0,0,0,0,0.0,0,0,0,0.0,0,0,0,0.0,0,0,0,0.0,0,0,0,0.0,0,0,0,0.0,0,0,0,0.0,0,0,0,0.0,0,0,0,0.0,0,0,0,0.0,0,0,0,,0,,0,,0,,0,,0,,0,,0,,,,not_applicable,,,,,,,,,,,,,,,,,,,,,0,context-aggregation-v1.0-2026-07-27,article-features-v1.0-2026-07-27,context-cards-v1.0-pilot67-2026-07-27
ESWS-2026-05,ESWS-2026-05:Camberley East Ward,(no_focal_party),cumulative,previous_72_hours,surrey_wide_local,1,1,1,1,1,1,0,0,0,0,0,,0,,0,,0,,,not_extracted,0,,0,,0,,0,,0,,0,,1,1,1.0,0,0.0,0,0.0,0,0.0,0,0.0,0,0.0,0,0.0,0,0.0,1,1.0,0,0.0,0,0.0,0,0.0,0,0.0,0,0.0,0,0.0,0,0.0,1,0,0,0,,0,,0,0,0,0,1,0,0,0.0,0,0,0,0.0,0,0,1,1.0,1,0,0,0.0,0,0,0,0.0,0,0,0,0.0,0,0,0,0.0,0,0,1,1.0,1,0,0,0.0,0,0,0,0.0,0,0,0,0.0,0,0,0,0.0,0,0,0,0.0,0,1,1,1.0,1,0,0,0.0,0,0,0,0.0,0,0,0,0.0,0,0,0,0.0,0,0,0,0.0,0,0,0,0.0,0,0,0,0.0,0,0,0,0.0,0,0,0,0.0,0,0,0,0.0,0,0,0,0.0,0,0,0,0.0,0,0,0,0.0,0,0,0,0.0,0,0,0,,0,,0,,0,,0,,0,,0,,0,,,,not_applicable,,,,,,,,,,,,,,,,,,,,,0,context-aggregation-v1.0-2026-07-27,article-features-v1.0-2026-07-27,context-cards-v1.0-pilot67-2026-07-27
ESWS-2026-05,ESWS-2026-05:Camberley East Ward,(no_focal_party),cumulative,previous_7_days,surrey_wide_local,1,1,1,1,1,1,0,0,0,0,0,,0,,0,,0,,,not_extracted,0,,0,,0,,0,,0,,0,,1,1,1.0,0,0.0,0,0.0,0,0.0,0,0.0,0,0.0,0,0.0,0,0.0,1,1.0,0,0.0,0,0.0,0,0.0,0,0.0,0,0.0,0,0.0,0,0.0,1,0,0,0,,0,,0,0,0,0,1,0,0,0.0,0,0,0,0.0,0,0,1,1.0,1,0,0,0.0,0,0,0,0.0,0,0,0,0.0,0,0,0,0.0,0,0,1,1.0,1,0,0,0.0,0,0,0,0.0,0,0,0,0.0,0,0,0,0.0,0,0,0,0.0,0,1,1,1.0,1,0,0,0.0,0,0,0,0.0,0,0,0,0.0,0,0,0,0.0,0,0,0,0.0,0,0,0,0.0,0,0,0,0.0,0,0,0,0.0,0,0,0,0.0,0,0,0,0.0,0,0,0,0.0,0,0,0,0.0,0,0,0,0.0,0,0,0,0.0,0,0,0,,0,,0,,0,,0,,0,,0,,0,,,,not_applicable,,,,,,,,,,,,,,,,,,,,,0,context-aggregation-v1.0-2026-07-27,article-features-v1.0-2026-07-27,context-cards-v1.0-pilot67-2026-07-27
ESWS-2026-05,ESWS-2026-05:Camberley East Ward,(no_focal_party),cumulative,previous_90_days,surrey_wide_local,1,1,1,1,1,1,0,0,0,0,0,,0,,0,,0,,,not_extracted,0,,0,,0,,0,,0,,0,,1,1,1.0,0,0.0,0,0.0,0,0.0,0,0.0,0,0.0,0,0.0,0,0.0,1,1.0,0,0.0,0,0.0,0,0.0,0,0.0,0,0.0,0,0.0,0,0.0,1,0,0,0,,0,,0,0,0,0,1,0,0,0.0,0,0,0,0.0,0,0,1,1.0,1,0,0,0.0,0,0,0,0.0,0,0,0,0.0,0,0,0,0.0,0,0,1,1.0,1,0,0,0.0,0,0,0,0.0,0,0,0,0.0,0,0,0,0.0,0,0,0,0.0,0,1,1,1.0,1,0,0,0.0,0,0,0,0.0,0,0,0,0.0,0,0,0,0.0,0,0,0,0.0,0,0,0,0.0,0,0,0,0.0,0,0,0,0.0,0,0,0,0.0,0,0,0,0.0,0,0,0,0.0,0,0,0,0.0,0,0,0,0.0,0,0,0,0.0,0,0,0,,0,,0,,0,,0,,0,,0,,0,,,,not_applicable,,,,,,,,,,,,,,,,,,,,,0,context-aggregation-v1.0-2026-07-27,article-features-v1.0-2026-07-27,context-cards-v1.0-pilot67-2026-07-27
ESWS-2026-05,ESWS-2026-05:Camberley East Ward,(no_focal_party),individual,final_72_hours,surrey_wide_local,1,1,1,1,1,1,0,0,0,0,0,,0,,0,,0,,,not_extracted,0,,0,,0,,0,,0,,0,,1,1,1.0,0,0.0,0,0.0,0,0.0,0,0.0,0,0.0,0,0.0,0,0.0,1,1.0,0,0.0,0,0.0,0,0.0,0,0.0,0,0.0,0,0.0,0,0.0,1,0,0,0,,0,,0,0,0,0,1,0,0,0.0,0,0,0,0.0,0,0,1,1.0,1,0,0,0.0,0,0,0,0.0,0,0,0,0.0,0,0,0,0.0,0,0,1,1.0,1,0,0,0.0,0,0,0,0.0,0,0,0,0.0,0,0,0,0.0,0,0,0,0.0,0,1,1,1.0,1,0,0,0.0,0,0,0,0.0,0,0,0,0.0,0,0,0,0.0,0,0,0,0.0,0,0,0,0.0,0,0,0,0.0,0,0,0,0.0,0,0,0,0.0,0,0,0,0.0,0,0,0,0.0,0,0,0,0.0,0,0,0,0.0,0,0,0,0.0,0,0,0,,0,,0,,0,,0,,0,,0,,0,,,,not_applicable,,,,,,,,,,,,,,,,,,,,,0,context-aggregation-v1.0-2026-07-27,article-features-v1.0-2026-07-27,context-cards-v1.0-pilot67-2026-07-27
ESWS-2026-05,ESWS-2026-05:Camberley West & Frimley Ward,(no_focal_party),cumulative,previous_14_days,surrey_wide_local,1,1,1,1,1,1,0,0,0,0,0,,0,,0,,0,,,not_extracted,0,,0,,0,,0,,0,,0,,1,1,1.0,0,0.0,0,0.0,0,0.0,0,0.0,0,0.0,0,0.0,0,0.0,1,1.0,0,0.0,0,0.0,0,0.0,0,0.0,0,0.0,0,0.0,0,0.0,1,0,0,0,,0,,0,0,0,0,1,0,0,0.0,0,0,0,0.0,0,0,1,1.0,1,0,0,0.0,0,0,0,0.0,0,0,0,0.0,0,0,0,0.0,0,0,1,1.0,1,0,0,0.0,0,0,0,0.0,0,0,0,0.0,0,0,0,0.0,0,0,0,0.0,0,1,1,1.0,1,0,0,0.0,0,0,0,0.0,0,0,0,0.0,0,0,0,0.0,0,0,0,0.0,0,0,0,0.0,0,0,0,0.0,0,0,0,0.0,0,0,0,0.0,0,0,0,0.0,0,0,0,0.0,0,0,0,0.0,0,0,0,0.0,0,0,0,0.0,0,0,0,,0,,0,,0,,0,,0,,0,,0,,,,not_applicable,,,,,,,,,,,,,,,,,,,,,0,context-aggregation-v1.0-2026-07-27,article-features-v1.0-2026-07-27,context-cards-v1.0-pilot67-2026-07-27
ESWS-2026-05,ESWS-2026-05:Camberley West & Frimley Ward,(no_focal_party),cumulative,previous_180_days,surrey_wide_local,1,1,1,1,1,1,0,0,0,0,0,,0,,0,,0,,,not_extracted,0,,0,,0,,0,,0,,0,,1,1,1.0,0,0.0,0,0.0,0,0.0,0,0.0,0,0.0,0,0.0,0,0.0,1,1.0,0,0.0,0,0.0,0,0.0,0,0.0,0,0.0,0,0.0,0,0.0,1,0,0,0,,0,,0,0,0,0,1,0,0,0.0,0,0,0,0.0,0,0,1,1.0,1,0,0,0.0,0,0,0,0.0,0,0,0,0.0,0,0,0,0.0,0,0,1,1.0,1,0,0,0.0,0,0,0,0.0,0,0,0,0.0,0,0,0,0.0,0,0,0,0.0,0,1,1,1.0,1,0,0,0.0,0,0,0,0.0,0,0,0,0.0,0,0,0,0.0,0,0,0,0.0,0,0,0,0.0,0,0,0,0.0,0,0,0,0.0,0,0,0,0.0,0,0,0,0.0,0,0,0,0.0,0,0,0,0.0,0,0,0,0.0,0,0,0,0.0,0,0,0,,0,,0,,0,,0,,0,,0,,0,,,,not_applicable,,,,,,,,,,,,,,,,,,,,,0,context-aggregation-v1.0-2026-07-27,article-features-v1.0-2026-07-27,context-cards-v1.0-pilot67-2026-07-27
ESWS-2026-05,ESWS-2026-05:Camberley West & Frimley Ward,(no_focal_party),cumulative,previous_30_days,surrey_wide_local,1,1,1,1,1,1,0,0,0,0,0,,0,,0,,0,,,not_extracted,0,,0,,0,,0,,0,,0,,1,1,1.0,0,0.0,0,0.0,0,0.0,0,0.0,0,0.0,0,0.0,0,0.0,1,1.0,0,0.0,0,0.0,0,0.0,0,0.0,0,0.0,0,0.0,0,0.0,1,0,0,0,,0,,0,0,0,0,1,0,0,0.0,0,0,0,0.0,0,0,1,1.0,1,0,0,0.0,0,0,0,0.0,0,0,0,0.0,0,0,0,0.0,0,0,1,1.0,1,0,0,0.0,0,0,0,0.0,0,0,0,0.0,0,0,0,0.0,0,0,0,0.0,0,1,1,1.0,1,0,0,0.0,0,0,0,0.0,0,0,0,0.0,0,0,0,0.0,0,0,0,0.0,0,0,0,0.0,0,0,0,0.0,0,0,0,0.0,0,0,0,0.0,0,0,0,0.0,0,0,0,0.0,0,0,0,0.0,0,0,0,0.0,0,0,0,0.0,0,0,0,,0,,0,,0,,0,,0,,0,,0,,,,not_applicable,,,,,,,,,,,,,,,,,,,,,0,context-aggregation-v1.0-2026-07-27,article-features-v1.0-2026-07-27,context-cards-v1.0-pilot67-2026-07-27
ESWS-2026-05,ESWS-2026-05:Camberley West & Frimley Ward,(no_focal_party),cumulative,previous_72_hours,surrey_wide_local,1,1,1,1,1,1,0,0,0,0,0,,0,,0,,0,,,not_extracted,0,,0,,0,,0,,0,,0,,1,1,1.0,0,0.0,0,0.0,0,0.0,0,0.0,0,0.0,0,0.0,0,0.0,1,1.0,0,0.0,0,0.0,0,0.0,0,0.0,0,0.0,0,0.0,0,0.0,1,0,0,0,,0,,0,0,0,0,1,0,0,0.0,0,0,0,0.0,0,0,1,1.0,1,0,0,0.0,0,0,0,0.0,0,0,0,0.0,0,0,0,0.0,0,0,1,1.0,1,0,0,0.0,0,0,0,0.0,0,0,0,0.0,0,0,0,0.0,0,0,0,0.0,0,1,1,1.0,1,0,0,0.0,0,0,0,0.0,0,0,0,0.0,0,0,0,0.0,0,0,0,0.0,0,0,0,0.0,0,0,0,0.0,0,0,0,0.0,0,0,0,0.0,0,0,0,0.0,0,0,0,0.0,0,0,0,0.0,0,0,0,0.0,0,0,0,0.0,0,0,0,,0,,0,,0,,0,,0,,0,,0,,,,not_applicable,,,,,,,,,,,,,,,,,,,,,0,context-aggregation-v1.0-2026-07-27,article-features-v1.0-2026-07-27,context-cards-v1.0-pilot67-2026-07-27
ESWS-2026-05,ESWS-2026-05:Camberley West & Frimley Ward,(no_focal_party),cumulative,previous_7_days,surrey_wide_local,1,1,1,1,1,1,0,0,0,0,0,,0,,0,,0,,,not_extracted,0,,0,,0,,0,,0,,0,,1,1,1.0,0,0.0,0,0.0,0,0.0,0,0.0,0,0.0,0,0.0,0,0.0,1,1.0,0,0.0,0,0.0,0,0.0,0,0.0,0,0.0,0,0.0,0,0.0,1,0,0,0,,0,,0,0,0,0,1,0,0,0.0,0,0,0,0.0,0,0,1,1.0,1,0,0,0.0,0,0,0,0.0,0,0,0,0.0,0,0,0,0.0,0,0,1,1.0,1,0,0,0.0,0,0,0,0.0,0,0,0,0.0,0,0,0,0.0,0,0,0,0.0,0,1,1,1.0,1,0,0,0.0,0,0,0,0.0,0,0,0,0.0,0,0,0,0.0,0,0,0,0.0,0,0,0,0.0,0,0,0,0.0,0,0,0,0.0,0,0,0,0.0,0,0,0,0.0,0,0,0,0.0,0,0,0,0.0,0,0,0,0.0,0,0,0,0.0,0,0,0,,0,,0,,0,,0,,0,,0,,0,,,,not_applicable,,,,,,,,,,,,,,,,,,,,,0,context-aggregation-v1.0-2026-07-27,article-features-v1.0-2026-07-27,context-cards-v1.0-pilot67-2026-07-27
ESWS-2026-05,ESWS-2026-05:Camberley West & Frimley Ward,(no_focal_party),cumulative,previous_90_days,surrey_wide_local,1,1,1,1,1,1,0,0,0,0,0,,0,,0,,0,,,not_extracted,0,,0,,0,,0,,0,,0,,1,1,1.0,0,0.0,0,0.0,0,0.0,0,0.0,0,0.0,0,0.0,0,0.0,1,1.0,0,0.0,0,0.0,0,0.0,0,0.0,0,0.0,0,0.0,0,0.0,1,0,0,0,,0,,0,0,0,0,1,0,0,0.0,0,0,0,0.0,0,0,1,1.0,1,0,0,0.0,0,0,0,0.0,0,0,0,0.0,0,0,0,0.0,0,0,1,1.0,1,0,0,0.0,0,0,0,0.0,0,0,0,0.0,0,0,0,0.0,0,0,0,0.0,0,1,1,1.0,1,0,0,0.0,0,0,0,0.0,0,0,0,0.0,0,0,0,0.0,0,0,0,0.0,0,0,0,0.0,0,0,0,0.0,0,0,0,0.0,0,0,0,0.0,0,0,0,0.0,0,0,0,0.0,0,0,0,0.0,0,0,0,0.0,0,0,0,0.0,0,0,0,,0,,0,,0,,0,,0,,0,,0,,,,not_applicable,,,,,,,,,,,,,,,,,,,,,0,context-aggregation-v1.0-2026-07-27,article-features-v1.0-2026-07-27,context-cards-v1.0-pilot67-2026-07-27
ESWS-2026-05,ESWS-2026-05:Camberley West & Frimley Ward,(no_focal_party),individual,final_72_hours,surrey_wide_local,1,1,1,1,1,1,0,0,0,0,0,,0,,0,,0,,,not_extracted,0,,0,,0,,0,,0,,0,,1,1,1.0,0,0.0,0,0.0,0,0.0,0,0.0,0,0.0,0,0.0,0,0.0,1,1.0,0,0.0,0,0.0,0,0.0,0,0.0,0,0.0,0,0.0,0,0.0,1,0,0,0,,0,,0,0,0,0,1,0,0,0.0,0,0,0,0.0,0,0,1,1.0,1,0,0,0.0,0,0,0,0.0,0,0,0,0.0,0,0,0,0.0,0,0,1,1.0,1,0,0,0.0,0,0,0,0.0,0,0,0,0.0,0,0,0,0.0,0,0,0,0.0,0,1,1,1.0,1,0,0,0.0,0,0,0,0.0,0,0,0,0.0,0,0,0,0.0,0,0,0,0.0,0,0,0,0.0,0,0,0,0.0,0,0,0,0.0,0,0,0,0.0,0,0,0,0.0,0,0,0,0.0,0,0,0,0.0,0,0,0,0.0,0,0,0,0.0,0,0,0,,0,,0,,0,,0,,0,,0,,0,,,,not_applicable,,,,,,,,,,,,,,,,,,,,,0,context-aggregation-v1.0-2026-07-27,article-features-v1.0-2026-07-27,context-cards-v1.0-pilot67-2026-07-27
ESWS-2026-05,ESWS-2026-05:Chertsey Ward,(no_focal_party),cumulative,previous_14_days,surrey_wide_local,1,1,1,1,1,1,0,0,0,0,0,,0,,0,,0,,,not_extracted,0,,0,,0,,0,,0,,0,,1,1,1.0,0,0.0,0,0.0,0,0.0,0,0.0,0,0.0,0,0.0,0,0.0,1,1.0,0,0.0,0,0.0,0,0.0,0,0.0,0,0.0,0,0.0,0,0.0,1,0,0,0,,0,,0,0,0,0,1,0,0,0.0,0,0,0,0.0,0,0,1,1.0,1,0,0,0.0,0,0,0,0.0,0,0,0,0.0,0,0,0,0.0,0,0,1,1.0,1,0,0,0.0,0,0,0,0.0,0,0,0,0.0,0,0,0,0.0,0,0,0,0.0,0,1,1,1.0,1,0,0,0.0,0,0,0,0.0,0,0,0,0.0,0,0,0,0.0,0,0,0,0.0,0,0,0,0.0,0,0,0,0.0,0,0,0,0.0,0,0,0,0.0,0,0,0,0.0,0,0,0,0.0,0,0,0,0.0,0,0,0,0.0,0,0,0,0.0,0,0,0,,0,,0,,0,,0,,0,,0,,0,,,,not_applicable,,,,,,,,,,,,,,,,,,,,,0,context-aggregation-v1.0-2026-07-27,article-features-v1.0-2026-07-27,context-cards-v1.0-pilot67-2026-07-27
ESWS-2026-05,ESWS-2026-05:Chertsey Ward,(no_focal_party),cumulative,previous_180_days,surrey_wide_local,1,1,1,1,1,1,0,0,0,0,0,,0,,0,,0,,,not_extracted,0,,0,,0,,0,,0,,0,,1,1,1.0,0,0.0,0,0.0,0,0.0,0,0.0,0,0.0,0,0.0,0,0.0,1,1.0,0,0.0,0,0.0,0,0.0,0,0.0,0,0.0,0,0.0,0,0.0,1,0,0,0,,0,,0,0,0,0,1,0,0,0.0,0,0,0,0.0,0,0,1,1.0,1,0,0,0.0,0,0,0,0.0,0,0,0,0.0,0,0,0,0.0,0,0,1,1.0,1,0,0,0.0,0,0,0,0.0,0,0,0,0.0,0,0,0,0.0,0,0,0,0.0,0,1,1,1.0,1,0,0,0.0,0,0,0,0.0,0,0,0,0.0,0,0,0,0.0,0,0,0,0.0,0,0,0,0.0,0,0,0,0.0,0,0,0,0.0,0,0,0,0.0,0,0,0,0.0,0,0,0,0.0,0,0,0,0.0,0,0,0,0.0,0,0,0,0.0,0,0,0,,0,,0,,0,,0,,0,,0,,0,,,,not_applicable,,,,,,,,,,,,,,,,,,,,,0,context-aggregation-v1.0-2026-07-27,article-features-v1.0-2026-07-27,context-cards-v1.0-pilot67-2026-07-27
ESWS-2026-05,ESWS-2026-05:Chertsey Ward,(no_focal_party),cumulative,previous_30_days,surrey_wide_local,1,1,1,1,1,1,0,0,0,0,0,,0,,0,,0,,,not_extracted,0,,0,,0,,0,,0,,0,,1,1,1.0,0,0.0,0,0.0,0,0.0,0,0.0,0,0.0,0,0.0,0,0.0,1,1.0,0,0.0,0,0.0,0,0.0,0,0.0,0,0.0,0,0.0,0,0.0,1,0,0,0,,0,,0,0,0,0,1,0,0,0.0,0,0,0,0.0,0,0,1,1.0,1,0,0,0.0,0,0,0,0.0,0,0,0,0.0,0,0,0,0.0,0,0,1,1.0,1,0,0,0.0,0,0,0,0.0,0,0,0,0.0,0,0,0,0.0,0,0,0,0.0,0,1,1,1.0,1,0,0,0.0,0,0,0,0.0,0,0,0,0.0,0,0,0,0.0,0,0,0,0.0,0,0,0,0.0,0,0,0,0.0,0,0,0,0.0,0,0,0,0.0,0,0,0,0.0,0,0,0,0.0,0,0,0,0.0,0,0,0,0.0,0,0,0,0.0,0,0,0,,0,,0,,0,,0,,0,,0,,0,,,,not_applicable,,,,,,,,,,,,,,,,,,,,,0,context-aggregation-v1.0-2026-07-27,article-features-v1.0-2026-07-27,context-cards-v1.0-pilot67-2026-07-27
ESWS-2026-05,ESWS-2026-05:Chertsey Ward,(no_focal_party),cumulative,previous_72_hours,surrey_wide_local,1,1,1,1,1,1,0,0,0,0,0,,0,,0,,0,,,not_extracted,0,,0,,0,,0,,0,,0,,1,1,1.0,0,0.0,0,0.0,0,0.0,0,0.0,0,0.0,0,0.0,0,0.0,1,1.0,0,0.0,0,0.0,0,0.0,0,0.0,0,0.0,0,0.0,0,0.0,1,0,0,0,,0,,0,0,0,0,1,0,0,0.0,0,0,0,0.0,0,0,1,1.0,1,0,0,0.0,0,0,0,0.0,0,0,0,0.0,0,0,0,0.0,0,0,1,1.0,1,0,0,0.0,0,0,0,0.0,0,0,0,0.0,0,0,0,0.0,0,0,0,0.0,0,1,1,1.0,1,0,0,0.0,0,0,0,0.0,0,0,0,0.0,0,0,0,0.0,0,0,0,0.0,0,0,0,0.0,0,0,0,0.0,0,0,0,0.0,0,0,0,0.0,0,0,0,0.0,0,0,0,0.0,0,0,0,0.0,0,0,0,0.0,0,0,0,0.0,0,0,0,,0,,0,,0,,0,,0,,0,,0,,,,not_applicable,,,,,,,,,,,,,,,,,,,,,0,context-aggregation-v1.0-2026-07-27,article-features-v1.0-2026-07-27,context-cards-v1.0-pilot67-2026-07-27
ESWS-2026-05,ESWS-2026-05:Chertsey Ward,(no_focal_party),cumulative,previous_7_days,surrey_wide_local,1,1,1,1,1,1,0,0,0,0,0,,0,,0,,0,,,not_extracted,0,,0,,0,,0,,0,,0,,1,1,1.0,0,0.0,0,0.0,0,0.0,0,0.0,0,0.0,0,0.0,0,0.0,1,1.0,0,0.0,0,0.0,0,0.0,0,0.0,0,0.0,0,0.0,0,0.0,1,0,0,0,,0,,0,0,0,0,1,0,0,0.0,0,0,0,0.0,0,0,1,1.0,1,0,0,0.0,0,0,0,0.0,0,0,0,0.0,0,0,0,0.0,0,0,1,1.0,1,0,0,0.0,0,0,0,0.0,0,0,0,0.0,0,0,0,0.0,0,0,0,0.0,0,1,1,1.0,1,0,0,0.0,0,0,0,0.0,0,0,0,0.0,0,0,0,0.0,0,0,0,0.0,0,0,0,0.0,0,0,0,0.0,0,0,0,0.0,0,0,0,0.0,0,0,0,0.0,0,0,0,0.0,0,0,0,0.0,0,0,0,0.0,0,0,0,0.0,0,0,0,,0,,0,,0,,0,,0,,0,,0,,,,not_applicable,,,,,,,,,,,,,,,,,,,,,0,context-aggregation-v1.0-2026-07-27,article-features-v1.0-2026-07-27,context-cards-v1.0-pilot67-2026-07-27
ESWS-2026-05,ESWS-2026-05:Chertsey Ward,(no_focal_party),cumulative,previous_90_days,surrey_wide_local,1,1,1,1,1,1,0,0,0,0,0,,0,,0,,0,,,not_extracted,0,,0,,0,,0,,0,,0,,1,1,1.0,0,0.0,0,0.0,0,0.0,0,0.0,0,0.0,0,0.0,0,0.0,1,1.0,0,0.0,0,0.0,0,0.0,0,0.0,0,0.0,0,0.0,0,0.0,1,0,0,0,,0,,0,0,0,0,1,0,0,0.0,0,0,0,0.0,0,0,1,1.0,1,0,0,0.0,0,0,0,0.0,0,0,0,0.0,0,0,0,0.0,0,0,1,1.0,1,0,0,0.0,0,0,0,0.0,0,0,0,0.0,0,0,0,0.0,0,0,0,0.0,0,1,1,1.0,1,0,0,0.0,0,0,0,0.0,0,0,0,0.0,0,0,0,0.0,0,0,0,0.0,0,0,0,0.0,0,0,0,0.0,0,0,0,0.0,0,0,0,0.0,0,0,0,0.0,0,0,0,0.0,0,0,0,0.0,0,0,0,0.0,0,0,0,0.0,0,0,0,,0,,0,,0,,0,,0,,0,,0,,,,not_applicable,,,,,,,,,,,,,,,,,,,,,0,context-aggregation-v1.0-2026-07-27,article-features-v1.0-2026-07-27,context-cards-v1.0-pilot67-2026-07-27
ESWS-2026-05,ESWS-2026-05:Chertsey Ward,(no_focal_party),individual,final_72_hours,surrey_wide_local,1,1,1,1,1,1,0,0,0,0,0,,0,,0,,0,,,not_extracted,0,,0,,0,,0,,0,,0,,1,1,1.0,0,0.0,0,0.0,0,0.0,0,0.0,0,0.0,0,0.0,0,0.0,1,1.0,0,0.0,0,0.0,0,0.0,0,0.0,0,0.0,0,0.0,0,0.0,1,0,0,0,,0,,0,0,0,0,1,0,0,0.0,0,0,0,0.0,0,0,1,1.0,1,0,0,0.0,0,0,0,0.0,0,0,0,0.0,0,0,0,0.0,0,0,1,1.0,1,0,0,0.0,0,0,0,0.0,0,0,0,0.0,0,0,0,0.0,0,0,0,0.0,0,1,1,1.0,1,0,0,0.0,0,0,0,0.0,0,0,0,0.0,0,0,0,0.0,0,0,0,0.0,0,0,0,0.0,0,0,0,0.0,0,0,0,0.0,0,0,0,0.0,0,0,0,0.0,0,0,0,0.0,0,0,0,0.0,0,0,0,0.0,0,0,0,0.0,0,0,0,,0,,0,,0,,0,,0,,0,,0,,,,not_applicable,,,,,,,,,,,,,,,,,,,,,0,context-aggregation-v1.0-2026-07-27,article-features-v1.0-2026-07-27,context-cards-v1.0-pilot67-2026-07-27
ESWS-2026-05,ESWS-2026-05:Cranleigh & Ewhurst Ward,(no_focal_party),cumulative,previous_14_days,surrey_wide_local,1,1,1,1,1,1,0,0,0,0,0,,0,,0,,0,,,not_extracted,0,,0,,0,,0,,0,,0,,1,1,1.0,0,0.0,0,0.0,0,0.0,0,0.0,0,0.0,0,0.0,0,0.0,1,1.0,0,0.0,0,0.0,0,0.0,0,0.0,0,0.0,0,0.0,0,0.0,1,0,0,0,,0,,0,0,0,0,1,0,0,0.0,0,0,0,0.0,0,0,1,1.0,1,0,0,0.0,0,0,0,0.0,0,0,0,0.0,0,0,0,0.0,0,0,1,1.0,1,0,0,0.0,0,0,0,0.0,0,0,0,0.0,0,0,0,0.0,0,0,0,0.0,0,1,1,1.0,1,0,0,0.0,0,0,0,0.0,0,0,0,0.0,0,0,0,0.0,0,0,0,0.0,0,0,0,0.0,0,0,0,0.0,0,0,0,0.0,0,0,0,0.0,0,0,0,0.0,0,0,0,0.0,0,0,0,0.0,0,0,0,0.0,0,0,0,0.0,0,0,0,,0,,0,,0,,0,,0,,0,,0,,,,not_applicable,,,,,,,,,,,,,,,,,,,,,0,context-aggregation-v1.0-2026-07-27,article-features-v1.0-2026-07-27,context-cards-v1.0-pilot67-2026-07-27
ESWS-2026-05,ESWS-2026-05:Cranleigh & Ewhurst Ward,(no_focal_party),cumulative,previous_180_days,surrey_wide_local,1,1,1,1,1,1,0,0,0,0,0,,0,,0,,0,,,not_extracted,0,,0,,0,,0,,0,,0,,1,1,1.0,0,0.0,0,0.0,0,0.0,0,0.0,0,0.0,0,0.0,0,0.0,1,1.0,0,0.0,0,0.0,0,0.0,0,0.0,0,0.0,0,0.0,0,0.0,1,0,0,0,,0,,0,0,0,0,1,0,0,0.0,0,0,0,0.0,0,0,1,1.0,1,0,0,0.0,0,0,0,0.0,0,0,0,0.0,0,0,0,0.0,0,0,1,1.0,1,0,0,0.0,0,0,0,0.0,0,0,0,0.0,0,0,0,0.0,0,0,0,0.0,0,1,1,1.0,1,0,0,0.0,0,0,0,0.0,0,0,0,0.0,0,0,0,0.0,0,0,0,0.0,0,0,0,0.0,0,0,0,0.0,0,0,0,0.0,0,0,0,0.0,0,0,0,0.0,0,0,0,0.0,0,0,0,0.0,0,0,0,0.0,0,0,0,0.0,0,0,0,,0,,0,,0,,0,,0,,0,,0,,,,not_applicable,,,,,,,,,,,,,,,,,,,,,0,context-aggregation-v1.0-2026-07-27,article-features-v1.0-2026-07-27,context-cards-v1.0-pilot67-2026-07-27
ESWS-2026-05,ESWS-2026-05:Cranleigh & Ewhurst Ward,(no_focal_party),cumulative,previous_30_days,surrey_wide_local,1,1,1,1,1,1,0,0,0,0,0,,0,,0,,0,,,not_extracted,0,,0,,0,,0,,0,,0,,1,1,1.0,0,0.0,0,0.0,0,0.0,0,0.0,0,0.0,0,0.0,0,0.0,1,1.0,0,0.0,0,0.0,0,0.0,0,0.0,0,0.0,0,0.0,0,0.0,1,0,0,0,,0,,0,0,0,0,1,0,0,0.0,0,0,0,0.0,0,0,1,1.0,1,0,0,0.0,0,0,0,0.0,0,0,0,0.0,0,0,0,0.0,0,0,1,1.0,1,0,0,0.0,0,0,0,0.0,0,0,0,0.0,0,0,0,0.0,0,0,0,0.0,0,1,1,1.0,1,0,0,0.0,0,0,0,0.0,0,0,0,0.0,0,0,0,0.0,0,0,0,0.0,0,0,0,0.0,0,0,0,0.0,0,0,0,0.0,0,0,0,0.0,0,0,0,0.0,0,0,0,0.0,0,0,0,0.0,0,0,0,0.0,0,0,0,0.0,0,0,0,,0,,0,,0,,0,,0,,0,,0,,,,not_applicable,,,,,,,,,,,,,,,,,,,,,0,context-aggregation-v1.0-2026-07-27,article-features-v1.0-2026-07-27,context-cards-v1.0-pilot67-2026-07-27
ESWS-2026-05,ESWS-2026-05:Cranleigh & Ewhurst Ward,(no_focal_party),cumulative,previous_72_hours,surrey_wide_local,1,1,1,1,1,1,0,0,0,0,0,,0,,0,,0,,,not_extracted,0,,0,,0,,0,,0,,0,,1,1,1.0,0,0.0,0,0.0,0,0.0,0,0.0,0,0.0,0,0.0,0,0.0,1,1.0,0,0.0,0,0.0,0,0.0,0,0.0,0,0.0,0,0.0,0,0.0,1,0,0,0,,0,,0,0,0,0,1,0,0,0.0,0,0,0,0.0,0,0,1,1.0,1,0,0,0.0,0,0,0,0.0,0,0,0,0.0,0,0,0,0.0,0,0,1,1.0,1,0,0,0.0,0,0,0,0.0,0,0,0,0.0,0,0,0,0.0,0,0,0,0.0,0,1,1,1.0,1,0,0,0.0,0,0,0,0.0,0,0,0,0.0,0,0,0,0.0,0,0,0,0.0,0,0,0,0.0,0,0,0,0.0,0,0,0,0.0,0,0,0,0.0,0,0,0,0.0,0,0,0,0.0,0,0,0,0.0,0,0,0,0.0,0,0,0,0.0,0,0,0,,0,,0,,0,,0,,0,,0,,0,,,,not_applicable,,,,,,,,,,,,,,,,,,,,,0,context-aggregation-v1.0-2026-07-27,article-features-v1.0-2026-07-27,context-cards-v1.0-pilot67-2026-07-27
ESWS-2026-05,ESWS-2026-05:Cranleigh & Ewhurst Ward,(no_focal_party),cumulative,previous_7_days,surrey_wide_local,1,1,1,1,1,1,0,0,0,0,0,,0,,0,,0,,,not_extracted,0,,0,,0,,0,,0,,0,,1,1,1.0,0,0.0,0,0.0,0,0.0,0,0.0,0,0.0,0,0.0,0,0.0,1,1.0,0,0.0,0,0.0,0,0.0,0,0.0,0,0.0,0,0.0,0,0.0,1,0,0,0,,0,,0,0,0,0,1,0,0,0.0,0,0,0,0.0,0,0,1,1.0,1,0,0,0.0,0,0,0,0.0,0,0,0,0.0,0,0,0,0.0,0,0,1,1.0,1,0,0,0.0,0,0,0,0.0,0,0,0,0.0,0,0,0,0.0,0,0,0,0.0,0,1,1,1.0,1,0,0,0.0,0,0,0,0.0,0,0,0,0.0,0,0,0,0.0,0,0,0,0.0,0,0,0,0.0,0,0,0,0.0,0,0,0,0.0,0,0,0,0.0,0,0,0,0.0,0,0,0,0.0,0,0,0,0.0,0,0,0,0.0,0,0,0,0.0,0,0,0,,0,,0,,0,,0,,0,,0,,0,,,,not_applicable,,,,,,,,,,,,,,,,,,,,,0,context-aggregation-v1.0-2026-07-27,article-features-v1.0-2026-07-27,context-cards-v1.0-pilot67-2026-07-27
ESWS-2026-05,ESWS-2026-05:Cranleigh & Ewhurst Ward,(no_focal_party),cumulative,previous_90_days,surrey_wide_local,1,1,1,1,1,1,0,0,0,0,0,,0,,0,,0,,,not_extracted,0,,0,,0,,0,,0,,0,,1,1,1.0,0,0.0,0,0.0,0,0.0,0,0.0,0,0.0,0,0.0,0,0.0,1,1.0,0,0.0,0,0.0,0,0.0,0,0.0,0,0.0,0,0.0,0,0.0,1,0,0,0,,0,,0,0,0,0,1,0,0,0.0,0,0,0,0.0,0,0,1,1.0,1,0,0,0.0,0,0,0,0.0,0,0,0,0.0,0,0,0,0.0,0,0,1,1.0,1,0,0,0.0,0,0,0,0.0,0,0,0,0.0,0,0,0,0.0,0,0,0,0.0,0,1,1,1.0,1,0,0,0.0,0,0,0,0.0,0,0,0,0.0,0,0,0,0.0,0,0,0,0.0,0,0,0,0.0,0,0,0,0.0,0,0,0,0.0,0,0,0,0.0,0,0,0,0.0,0,0,0,0.0,0,0,0,0.0,0,0,0,0.0,0,0,0,0.0,0,0,0,,0,,0,,0,,0,,0,,0,,0,,,,not_applicable,,,,,,,,,,,,,,,,,,,,,0,context-aggregation-v1.0-2026-07-27,article-features-v1.0-2026-07-27,context-cards-v1.0-pilot67-2026-07-27
ESWS-2026-05,ESWS-2026-05:Cranleigh & Ewhurst Ward,(no_focal_party),individual,final_72_hours,surrey_wide_local,1,1,1,1,1,1,0,0,0,0,0,,0,,0,,0,,,not_extracted,0,,0,,0,,0,,0,,0,,1,1,1.0,0,0.0,0,0.0,0,0.0,0,0.0,0,0.0,0,0.0,0,0.0,1,1.0,0,0.0,0,0.0,0,0.0,0,0.0,0,0.0,0,0.0,0,0.0,1,0,0,0,,0,,0,0,0,0,1,0,0,0.0,0,0,0,0.0,0,0,1,1.0,1,0,0,0.0,0,0,0,0.0,0,0,0,0.0,0,0,0,0.0,0,0,1,1.0,1,0,0,0.0,0,0,0,0.0,0,0,0,0.0,0,0,0,0.0,0,0,0,0.0,0,1,1,1.0,1,0,0,0.0,0,0,0,0.0,0,0,0,0.0,0,0,0,0.0,0,0,0,0.0,0,0,0,0.0,0,0,0,0.0,0,0,0,0.0,0,0,0,0.0,0,0,0,0.0,0,0,0,0.0,0,0,0,0.0,0,0,0,0.0,0,0,0,0.0,0,0,0,,0,,0,,0,,0,,0,,0,,0,,,,not_applicable,,,,,,,,,,,,,,,,,,,,,0,context-aggregation-v1.0-2026-07-27,article-features-v1.0-2026-07-27,context-cards-v1.0-pilot67-2026-07-27
ESWS-2026-05,ESWS-2026-05:ELECTION_WIDE,(no_focal_party),cumulative,previous_14_days,national_political,1,1,1,1,1,0,0,0,0,0,0,,0,,0,,0,,,not_extracted,0,,0,,0,,0,,0,,0,,1,0,0.0,1,1.0,0,0.0,0,0.0,1,1.0,0,0.0,0,0.0,0,0.0,0,0.0,0,0.0,0,0.0,0,0.0,1,1.0,0,0.0,1,1.0,0,0.0,1,0,0,0,,0,,0,0,0,0,1,0,0,0.0,0,0,0,0.0,0,0,0,0.0,0,0,0,0.0,0,0,0,0.0,0,0,0,0.0,0,0,0,0.0,0,0,0,0.0,0,0,0,0.0,0,0,0,0.0,0,0,0,0.0,0,0,0,0.0,0,0,0,0.0,0,0,0,0.0,0,0,0,0.0,0,0,0,0.0,0,0,0,0.0,0,0,0,0.0,0,0,0,0.0,0,0,0,0.0,0,0,0,0.0,0,0,0,0.0,0,0,0,0.0,0,1,1,1.0,1,0,0,0.0,0,0,0,0.0,0,0,0,0.0,0,0,0,0.0,0,0,0,,0,,0,,0,,0,,0,,0,,0,,,,not_applicable,,,,,,,,,,,,,,,,,,,,,0,context-aggregation-v1.0-2026-07-27,article-features-v1.0-2026-07-27,context-cards-v1.0-pilot67-2026-07-27
ESWS-2026-05,ESWS-2026-05:ELECTION_WIDE,(no_focal_party),cumulative,previous_180_days,national_political,5,1,2,5,3,0,0,0,0,0,0,,0,,0,,0,,,not_extracted,0,,0,,0,,0,,0,,0,,5,1,0.2,3,0.6,2,0.4,3,0.6,2,0.4,0,0.0,0,0.0,1,0.2,0,0.0,0,0.0,0,0.0,0,0.0,3,0.6,2,0.4,1,0.2,0,0.0,4,0,0,0,,0,,0,0,0,0,5,0,0,0.0,0,0,0,0.0,0,0,0,0.0,0,1,1,0.2,1,0,1,0.2,1,0,1,0.2,1,0,0,0.0,0,0,0,0.0,0,0,0,0.0,0,1,1,0.2,1,0,0,0.0,0,0,0,0.0,0,0,0,0.0,0,0,0,0.0,0,0,0,0.0,0,0,0,0.0,0,0,0,0.0,0,0,0,0.0,0,0,0,0.0,0,0,0,0.0,0,0,0,0.0,0,0,0,0.0,0,0,0,0.0,0,1,2,0.4,2,0,1,0.2,1,0,1,0.2,1,0,0,0.0,0,0,0,0.0,0,0,0,,0,,0,,0,,0,,0,,0,,0,,,,not_applicable,,,,,,,,,,,,,,,,,,,,,0,context-aggregation-v1.0-2026-07-27,article-features-v1.0-2026-07-27,context-cards-v1.0-pilot67-2026-07-27
ESWS-2026-05,ESWS-2026-05:ELECTION_WIDE,(no_focal_party),cumulative,previous_180_days,ward_specific_local,1,1,1,1,0,0,0,0,0,0,0,,0,,0,,0,,,not_extracted,0,,0,,0,,0,,0,,0,,1,0,0.0,0,0.0,0,0.0,0,0.0,0,0.0,0,0.0,0,0.0,0,0.0,0,0.0,0,0.0,0,0.0,0,0.0,0,0.0,0,0.0,0,0.0,0,0.0,0,0,0,0,,0,,0,0,0,0,1,0,0,0.0,0,0,0,0.0,0,0,0,0.0,0,0,0,0.0,0,0,0,0.0,0,0,0,0.0,0,0,0,0.0,0,0,0,0.0,0,0,0,0.0,0,0,0,0.0,0,0,0,0.0,0,0,0,0.0,0,0,0,0.0,0,0,0,0.0,0,0,0,0.0,0,0,0,0.0,0,0,0,0.0,0,0,0,0.0,0,0,0,0.0,0,0,0,0.0,0,0,0,0.0,0,0,0,0.0,0,0,0,0.0,0,0,0,0.0,0,0,0,0.0,0,0,0,0.0,0,0,0,0.0,0,0,0,0.0,0,0,0,,0,,0,,0,,0,,0,,0,,0,,,,not_applicable,,,,,,,,,,,,,,,,,,,,,0,context-aggregation-v1.0-2026-07-27,article-features-v1.0-2026-07-27,context-cards-v1.0-pilot67-2026-07-27
ESWS-2026-05,ESWS-2026-05:ELECTION_WIDE,(no_focal_party),cumulative,previous_30_days,national_political,1,1,1,1,1,0,0,0,0,0,0,,0,,0,,0,,,not_extracted,0,,0,,0,,0,,0,,0,,1,0,0.0,1,1.0,0,0.0,0,0.0,1,1.0,0,0.0,0,0.0,0,0.0,0,0.0,0,0.0,0,0.0,0,0.0,1,1.0,0,0.0,1,1.0,0,0.0,1,0,0,0,,0,,0,0,0,0,1,0,0,0.0,0,0,0,0.0,0,0,0,0.0,0,0,0,0.0,0,0,0,0.0,0,0,0,0.0,0,0,0,0.0,0,0,0,0.0,0,0,0,0.0,0,0,0,0.0,0,0,0,0.0,0,0,0,0.0,0,0,0,0.0,0,0,0,0.0,0,0,0,0.0,0,0,0,0.0,0,0,0,0.0,0,0,0,0.0,0,0,0,0.0,0,0,0,0.0,0,0,0,0.0,0,0,0,0.0,0,0,0,0.0,0,1,1,1.0,1,0,0,0.0,0,0,0,0.0,0,0,0,0.0,0,0,0,0.0,0,0,0,,0,,0,,0,,0,,0,,0,,0,,,,not_applicable,,,,,,,,,,,,,,,,,,,,,0,context-aggregation-v1.0-2026-07-27,article-features-v1.0-2026-07-27,context-cards-v1.0-pilot67-2026-07-27
ESWS-2026-05,ESWS-2026-05:ELECTION_WIDE,(no_focal_party),cumulative,previous_90_days,national_political,2,1,2,2,1,0,0,0,0,0,0,,0,,0,,0,,,not_extracted,0,,0,,0,,0,,0,,0,,2,0,0.0,2,1.0,0,0.0,1,0.5,2,1.0,0,0.0,0,0.0,0,0.0,0,0.0,0,0.0,0,0.0,0,0.0,1,0.5,1,0.5,1,0.5,0,0.0,2,0,0,0,,0,,0,0,0,0,2,0,0,0.0,0,0,0,0.0,0,0,0,0.0,0,0,0,0.0,0,0,0,0.0,0,0,0,0.0,0,0,0,0.0,0,0,0,0.0,0,0,0,0.0,0,0,0,0.0,0,0,0,0.0,0,0,0,0.0,0,0,0,0.0,0,0,0,0.0,0,0,0,0.0,0,0,0,0.0,0,0,0,0.0,0,0,0,0.0,0,0,0,0.0,0,0,0,0.0,0,0,0,0.0,0,0,0,0.0,0,0,0,0.0,0,1,1,0.5,1,0,0,0.0,0,0,0,0.0,0,0,0,0.0,0,0,0,0.0,0,0,0,,0,,0,,0,,0,,0,,0,,0,,,,not_applicable,,,,,,,,,,,,,,,,,,,,,0,context-aggregation-v1.0-2026-07-27,article-features-v1.0-2026-07-27,context-cards-v1.0-pilot67-2026-07-27
ESWS-2026-05,ESWS-2026-05:ELECTION_WIDE,(no_focal_party),individual,14_to_8_days,national_political,1,1,1,1,1,0,0,0,0,0,0,,0,,0,,0,,,not_extracted,0,,0,,0,,0,,0,,0,,1,0,0.0,1,1.0,0,0.0,0,0.0,1,1.0,0,0.0,0,0.0,0,0.0,0,0.0,0,0.0,0,0.0,0,0.0,1,1.0,0,0.0,1,1.0,0,0.0,1,0,0,0,,0,,0,0,0,0,1,0,0,0.0,0,0,0,0.0,0,0,0,0.0,0,0,0,0.0,0,0,0,0.0,0,0,0,0.0,0,0,0,0.0,0,0,0,0.0,0,0,0,0.0,0,0,0,0.0,0,0,0,0.0,0,0,0,0.0,0,0,0,0.0,0,0,0,0.0,0,0,0,0.0,0,0,0,0.0,0,0,0,0.0,0,0,0,0.0,0,0,0,0.0,0,0,0,0.0,0,0,0,0.0,0,0,0,0.0,0,0,0,0.0,0,1,1,1.0,1,0,0,0.0,0,0,0,0.0,0,0,0,0.0,0,0,0,0.0,0,0,0,,0,,0,,0,,0,,0,,0,,0,,,,not_applicable,,,,,,,,,,,,,,,,,,,,,0,context-aggregation-v1.0-2026-07-27,article-features-v1.0-2026-07-27,context-cards-v1.0-pilot67-2026-07-27
ESWS-2026-05,ESWS-2026-05:ELECTION_WIDE,(no_focal_party),individual,180_to_91_days,national_political,3,1,2,3,2,0,0,0,0,0,0,,0,,0,,0,,,not_extracted,0,,0,,0,,0,,0,,0,,3,1,0.3333,1,0.3333,2,0.6667,2,0.6667,0,0.0,0,0.0,0,0.0,1,0.3333,0,0.0,0,0.0,0,0.0,0,0.0,2,0.6667,1,0.3333,0,0.0,0,0.0,2,0,0,0,,0,,0,0,0,0,3,0,0,0.0,0,0,0,0.0,0,0,0,0.0,0,1,1,0.3333,1,0,1,0.3333,1,0,1,0.3333,1,0,0,0.0,0,0,0,0.0,0,0,0,0.0,0,1,1,0.3333,1,0,0,0.0,0,0,0,0.0,0,0,0,0.0,0,0,0,0.0,0,0,0,0.0,0,0,0,0.0,0,0,0,0.0,0,0,0,0.0,0,0,0,0.0,0,0,0,0.0,0,0,0,0.0,0,0,0,0.0,0,0,0,0.0,0,0,1,0.3333,1,0,1,0.3333,1,0,1,0.3333,1,0,0,0.0,0,0,0,0.0,0,0,0,,0,,0,,0,,0,,0,,0,,0,,,,not_applicable,,,,,,,,,,,,,,,,,,,,,0,context-aggregation-v1.0-2026-07-27,article-features-v1.0-2026-07-27,context-cards-v1.0-pilot67-2026-07-27
ESWS-2026-05,ESWS-2026-05:ELECTION_WIDE,(no_focal_party),individual,180_to_91_days,ward_specific_local,1,1,1,1,0,0,0,0,0,0,0,,0,,0,,0,,,not_extracted,0,,0,,0,,0,,0,,0,,1,0,0.0,0,0.0,0,0.0,0,0.0,0,0.0,0,0.0,0,0.0,0,0.0,0,0.0,0,0.0,0,0.0,0,0.0,0,0.0,0,0.0,0,0.0,0,0.0,0,0,0,0,,0,,0,0,0,0,1,0,0,0.0,0,0,0,0.0,0,0,0,0.0,0,0,0,0.0,0,0,0,0.0,0,0,0,0.0,0,0,0,0.0,0,0,0,0.0,0,0,0,0.0,0,0,0,0.0,0,0,0,0.0,0,0,0,0.0,0,0,0,0.0,0,0,0,0.0,0,0,0,0.0,0,0,0,0.0,0,0,0,0.0,0,0,0,0.0,0,0,0,0.0,0,0,0,0.0,0,0,0,0.0,0,0,0,0.0,0,0,0,0.0,0,0,0,0.0,0,0,0,0.0,0,0,0,0.0,0,0,0,0.0,0,0,0,0.0,0,0,0,,0,,0,,0,,0,,0,,0,,0,,,,not_applicable,,,,,,,,,,,,,,,,,,,,,0,context-aggregation-v1.0-2026-07-27,article-features-v1.0-2026-07-27,context-cards-v1.0-pilot67-2026-07-27
ESWS-2026-05,ESWS-2026-05:ELECTION_WIDE,(no_focal_party),individual,90_to_31_days,national_political,1,1,1,1,0,0,0,0,0,0,0,,0,,0,,0,,,not_extracted,0,,0,,0,,0,,0,,0,,1,0,0.0,1,1.0,0,0.0,1,1.0,1,1.0,0,0.0,0,0.0,0,0.0,0,0.0,0,0.0,0,0.0,0,0.0,0,0.0,1,1.0,0,0.0,0,0.0,1,0,0,0,,0,,0,0,0,0,1,0,0,0.0,0,0,0,0.0,0,0,0,0.0,0,0,0,0.0,0,0,0,0.0,0,0,0,0.0,0,0,0,0.0,0,0,0,0.0,0,0,0,0.0,0,0,0,0.0,0,0,0,0.0,0,0,0,0.0,0,0,0,0.0,0,0,0,0.0,0,0,0,0.0,0,0,0,0.0,0,0,0,0.0,0,0,0,0.0,0,0,0,0.0,0,0,0,0.0,0,0,0,0.0,0,0,0,0.0,0,0,0,0.0,0,0,0,0.0,0,0,0,0.0,0,0,0,0.0,0,0,0,0.0,0,0,0,0.0,0,0,0,,0,,0,,0,,0,,0,,0,,0,,,,not_applicable,,,,,,,,,,,,,,,,,,,,,0,context-aggregation-v1.0-2026-07-27,article-features-v1.0-2026-07-27,context-cards-v1.0-pilot67-2026-07-27
ESWS-2026-05,ESWS-2026-05:ELECTION_WIDE,SCC-PARTY-411cd345ed8f,cumulative,previous_14_days,mixed_local_national,1,1,1,1,0,0,1,0,0,1,0,0.0,0,0.0,1,1.0,0,0.0,,not_extracted,0,0.0,0,0.0,0,0.0,0,0.0,0,0.0,0,0.0,0,0,,0,,0,,0,,0,,0,,0,,0,,0,,0,,0,,0,,0,,0,,0,,0,,0,1,1,1,1.0,0,0.0,0,0,0,-1,1,0,0,0.0,0,0,1,1.0,1,0,0,0.0,0,0,0,0.0,0,0,0,0.0,0,0,0,0.0,0,0,0,0.0,0,0,0,0.0,0,0,1,1.0,1,0,0,0.0,0,0,0,0.0,0,0,0,0.0,0,0,0,0.0,0,0,0,0.0,0,0,0,0.0,0,0,0,0.0,0,0,1,1.0,1,0,0,0.0,0,0,0,0.0,0,0,0,0.0,0,0,0,0.0,0,0,1,1.0,1,0,0,0.0,0,0,0,0.0,0,0,0,0.0,0,0,0,0.0,0,1,1,1.0,1,0,1,1.0,1,1,0,0.0,1,1.0,0,0.0,0,0.0,0,0.0,0,0.0,1,1.0,1,1.0,SCC-PARTY-411cd345ed8f:1,SCC-PARTY-ec762c976078:1,not_applicable,,,,,,,,,,,,,,,,,,,,,0,context-aggregation-v1.0-2026-07-27,article-features-v1.0-2026-07-27,context-cards-v1.0-pilot67-2026-07-27
ESWS-2026-05,ESWS-2026-05:ELECTION_WIDE,SCC-PARTY-411cd345ed8f,cumulative,previous_180_days,mixed_local_national,1,1,1,1,0,0,1,0,0,1,0,0.0,0,0.0,1,1.0,0,0.0,,not_extracted,0,0.0,0,0.0,0,0.0,0,0.0,0,0.0,0,0.0,0,0,,0,,0,,0,,0,,0,,0,,0,,0,,0,,0,,0,,0,,0,,0,,0,,0,1,1,1,1.0,0,0.0,0,0,0,-1,1,0,0,0.0,0,0,1,1.0,1,0,0,0.0,0,0,0,0.0,0,0,0,0.0,0,0,0,0.0,0,0,0,0.0,0,0,0,0.0,0,0,1,1.0,1,0,0,0.0,0,0,0,0.0,0,0,0,0.0,0,0,0,0.0,0,0,0,0.0,0,0,0,0.0,0,0,0,0.0,0,0,1,1.0,1,0,0,0.0,0,0,0,0.0,0,0,0,0.0,0,0,0,0.0,0,0,1,1.0,1,0,0,0.0,0,0,0,0.0,0,0,0,0.0,0,0,0,0.0,0,1,1,1.0,1,0,1,1.0,1,1,0,0.0,1,1.0,0,0.0,0,0.0,0,0.0,0,0.0,1,1.0,1,1.0,SCC-PARTY-411cd345ed8f:1,SCC-PARTY-ec762c976078:1,not_applicable,,,,,,,,,,,,,,,,,,,,,0,context-aggregation-v1.0-2026-07-27,article-features-v1.0-2026-07-27,context-cards-v1.0-pilot67-2026-07-27
ESWS-2026-05,ESWS-2026-05:ELECTION_WIDE,SCC-PARTY-411cd345ed8f,cumulative,previous_180_days,national_political,8,1,1,8,7,4,6,0,1,8,1,0.125,0,0.0,2,0.25,4,0.5,,not_extracted,2,0.25,3,0.375,1,0.125,2,0.25,0,0.0,1,0.125,8,1,0.125,4,0.5,3,0.375,1,0.125,6,0.75,2,0.25,4,0.5,5,0.625,3,0.375,2,0.25,1,0.125,0,0.0,4,0.5,0,0.0,4,0.5,0,0.0,8,0,7,1,0.1429,0,0.0,0,0,0,-1,7,0,2,0.2857,2,2,4,0.5714,4,0,1,0.1429,1,1,1,0.1429,1,0,0,0.0,0,0,2,0.2857,2,0,0,0.0,0,1,1,0.1429,1,0,1,0.1429,1,0,2,0.2857,2,0,2,0.2857,2,0,2,0.2857,2,0,0,0.0,0,0,0,0.0,0,0,0,0.0,0,0,0,0.0,0,0,2,0.2857,2,2,2,0.2857,2,0,0,0.0,0,0,0,0.0,0,1,2,0.2857,2,0,1,0.1429,1,0,5,0.7143,5,0,2,0.2857,2,0,1,0.1429,1,0,1,0.1429,1,0,1,0.1429,1,0,0,0.0,0,6,0,0.0,4,0.6667,0,0.0,0,0.0,0,0.0,0,0.0,2,0.3333,1,0.1667,SCC-PARTY-411cd345ed8f:1,SCC-PARTY-bbe23fd6863d:1,not_applicable,,,,,,,,,,,,,,,,,,,,,0,context-aggregation-v1.0-2026-07-27,article-features-v1.0-2026-07-27,context-cards-v1.0-pilot67-2026-07-27
ESWS-2026-05,ESWS-2026-05:ELECTION_WIDE,SCC-PARTY-411cd345ed8f,cumulative,previous_180_days,uncertain,1,1,1,1,1,1,1,0,0,1,0,0.0,0,0.0,0,0.0,1,1.0,,not_extracted,0,0.0,1,1.0,0,0.0,0,0.0,0,0.0,0,0.0,1,1,1.0,1,1.0,1,1.0,0,0.0,0,0.0,0,0.0,0,0.0,1,1.0,0,0.0,0,0.0,0,0.0,0,0.0,1,1.0,0,0.0,0,0.0,0,0.0,1,0,1,0,0.0,0,0.0,0,0,0,0,1,0,0,0.0,0,0,0,0.0,0,0,0,0.0,0,0,1,1.0,1,0,0,0.0,0,1,1,1.0,1,0,0,0.0,0,0,0,0.0,0,0,0,0.0,0,0,1,1.0,1,0,0,0.0,0,0,0,0.0,0,0,0,0.0,0,0,0,0.0,0,0,0,0.0,0,0,0,0.0,0,0,0,0.0,0,0,0,0.0,0,0,0,0.0,0,0,0,0.0,0,0,0,0.0,0,0,1,1.0,1,0,0,0.0,0,0,0,0.0,0,0,0,0.0,0,0,0,0.0,0,0,0,0.0,0,0,0,0.0,0,0,0,,0,,0,,0,,0,,0,,0,,0,,,,not_applicable,,,,,,,,,,,,,,,,,,,,,0,context-aggregation-v1.0-2026-07-27,article-features-v1.0-2026-07-27,context-cards-v1.0-pilot67-2026-07-27
ESWS-2026-05,ESWS-2026-05:ELECTION_WIDE,SCC-PARTY-411cd345ed8f,cumulative,previous_30_days,mixed_local_national,1,1,1,1,0,0,1,0,0,1,0,0.0,0,0.0,1,1.0,0,0.0,,not_extracted,0,0.0,0,0.0,0,0.0,0,0.0,0,0.0,0,0.0,0,0,,0,,0,,0,,0,,0,,0,,0,,0,,0,,0,,0,,0,,0,,0,,0,,0,1,1,1,1.0,0,0.0,0,0,0,-1,1,0,0,0.0,0,0,1,1.0,1,0,0,0.0,0,0,0,0.0,0,0,0,0.0,0,0,0,0.0,0,0,0,0.0,0,0,0,0.0,0,0,1,1.0,1,0,0,0.0,0,0,0,0.0,0,0,0,0.0,0,0,0,0.0,0,0,0,0.0,0,0,0,0.0,0,0,0,0.0,0,0,1,1.0,1,0,0,0.0,0,0,0,0.0,0,0,0,0.0,0,0,0,0.0,0,0,1,1.0,1,0,0,0.0,0,0,0,0.0,0,0,0,0.0,0,0,0,0.0,0,1,1,1.0,1,0,1,1.0,1,1,0,0.0,1,1.0,0,0.0,0,0.0,0,0.0,0,0.0,1,1.0,1,1.0,SCC-PARTY-411cd345ed8f:1,SCC-PARTY-ec762c976078:1,not_applicable,,,,,,,,,,,,,,,,,,,,,0,context-aggregation-v1.0-2026-07-27,article-features-v1.0-2026-07-27,context-cards-v1.0-pilot67-2026-07-27
ESWS-2026-05,ESWS-2026-05:ELECTION_WIDE,SCC-PARTY-411cd345ed8f,cumulative,previous_72_hours,mixed_local_national,1,1,1,1,0,0,1,0,0,1,0,0.0,0,0.0,1,1.0,0,0.0,,not_extracted,0,0.0,0,0.0,0,0.0,0,0.0,0,0.0,0,0.0,0,0,,0,,0,,0,,0,,0,,0,,0,,0,,0,,0,,0,,0,,0,,0,,0,,0,1,1,1,1.0,0,0.0,0,0,0,-1,1,0,0,0.0,0,0,1,1.0,1,0,0,0.0,0,0,0,0.0,0,0,0,0.0,0,0,0,0.0,0,0,0,0.0,0,0,0,0.0,0,0,1,1.0,1,0,0,0.0,0,0,0,0.0,0,0,0,0.0,0,0,0,0.0,0,0,0,0.0,0,0,0,0.0,0,0,0,0.0,0,0,1,1.0,1,0,0,0.0,0,0,0,0.0,0,0,0,0.0,0,0,0,0.0,0,0,1,1.0,1,0,0,0.0,0,0,0,0.0,0,0,0,0.0,0,0,0,0.0,0,1,1,1.0,1,0,1,1.0,1,1,0,0.0,1,1.0,0,0.0,0,0.0,0,0.0,0,0.0,1,1.0,1,1.0,SCC-PARTY-411cd345ed8f:1,SCC-PARTY-ec762c976078:1,not_applicable,,,,,,,,,,,,,,,,,,,,,0,context-aggregation-v1.0-2026-07-27,article-features-v1.0-2026-07-27,context-cards-v1.0-pilot67-2026-07-27
ESWS-2026-05,ESWS-2026-05:ELECTION_WIDE,SCC-PARTY-411cd345ed8f,cumulative,previous_7_days,mixed_local_national,1,1,1,1,0,0,1,0,0,1,0,0.0,0,0.0,1,1.0,0,0.0,,not_extracted,0,0.0,0,0.0,0,0.0,0,0.0,0,0.0,0,0.0,0,0,,0,,0,,0,,0,,0,,0,,0,,0,,0,,0,,0,,0,,0,,0,,0,,0,1,1,1,1.0,0,0.0,0,0,0,-1,1,0,0,0.0,0,0,1,1.0,1,0,0,0.0,0,0,0,0.0,0,0,0,0.0,0,0,0,0.0,0,0,0,0.0,0,0,0,0.0,0,0,1,1.0,1,0,0,0.0,0,0,0,0.0,0,0,0,0.0,0,0,0,0.0,0,0,0,0.0,0,0,0,0.0,0,0,0,0.0,0,0,1,1.0,1,0,0,0.0,0,0,0,0.0,0,0,0,0.0,0,0,0,0.0,0,0,1,1.0,1,0,0,0.0,0,0,0,0.0,0,0,0,0.0,0,0,0,0.0,0,1,1,1.0,1,0,1,1.0,1,1,0,0.0,1,1.0,0,0.0,0,0.0,0,0.0,0,0.0,1,1.0,1,1.0,SCC-PARTY-411cd345ed8f:1,SCC-PARTY-ec762c976078:1,not_applicable,,,,,,,,,,,,,,,,,,,,,0,context-aggregation-v1.0-2026-07-27,article-features-v1.0-2026-07-27,context-cards-v1.0-pilot67-2026-07-27
ESWS-2026-05,ESWS-2026-05:ELECTION_WIDE,SCC-PARTY-411cd345ed8f,cumulative,previous_90_days,mixed_local_national,1,1,1,1,0,0,1,0,0,1,0,0.0,0,0.0,1,1.0,0,0.0,,not_extracted,0,0.0,0,0.0,0,0.0,0,0.0,0,0.0,0,0.0,0,0,,0,,0,,0,,0,,0,,0,,0,,0,,0,,0,,0,,0,,0,,0,,0,,0,1,1,1,1.0,0,0.0,0,0,0,-1,1,0,0,0.0,0,0,1,1.0,1,0,0,0.0,0,0,0,0.0,0,0,0,0.0,0,0,0,0.0,0,0,0,0.0,0,0,0,0.0,0,0,1,1.0,1,0,0,0.0,0,0,0,0.0,0,0,0,0.0,0,0,0,0.0,0,0,0,0.0,0,0,0,0.0,0,0,0,0.0,0,0,1,1.0,1,0,0,0.0,0,0,0,0.0,0,0,0,0.0,0,0,0,0.0,0,0,1,1.0,1,0,0,0.0,0,0,0,0.0,0,0,0,0.0,0,0,0,0.0,0,1,1,1.0,1,0,1,1.0,1,1,0,0.0,1,1.0,0,0.0,0,0.0,0,0.0,0,0.0,1,1.0,1,1.0,SCC-PARTY-411cd345ed8f:1,SCC-PARTY-ec762c976078:1,not_applicable,,,,,,,,,,,,,,,,,,,,,0,context-aggregation-v1.0-2026-07-27,article-features-v1.0-2026-07-27,context-cards-v1.0-pilot67-2026-07-27
ESWS-2026-05,ESWS-2026-05:ELECTION_WIDE,SCC-PARTY-411cd345ed8f,cumulative,previous_90_days,national_political,1,1,1,1,1,0,0,0,0,1,0,0.0,0,0.0,0,0.0,1,1.0,,not_extracted,0,0.0,0,0.0,0,0.0,0,0.0,0,0.0,0,0.0,1,0,0.0,0,0.0,0,0.0,0,0.0,1,1.0,0,0.0,1,1.0,1,1.0,1,1.0,0,0.0,1,1.0,0,0.0,0,0.0,0,0.0,0,0.0,0,0.0,1,0,1,0,0.0,0,0.0,0,0,0,0,1,0,1,1.0,1,0,1,1.0,1,0,1,1.0,1,0,0,0.0,0,0,0,0.0,0,0,0,0.0,0,0,0,0.0,0,0,0,0.0,0,0,0,0.0,0,0,0,0.0,0,0,0,0.0,0,0,1,1.0,1,0,0,0.0,0,0,0,0.0,0,0,0,0.0,0,0,0,0.0,0,0,0,0.0,0,0,0,0.0,0,0,0,0.0,0,0,0,0.0,0,1,1,1.0,1,0,0,0.0,0,0,1,1.0,1,0,0,0.0,0,0,0,0.0,0,0,0,0.0,0,0,0,0.0,0,0,0,0.0,0,0,0,,0,,0,,0,,0,,0,,0,,0,,,,not_applicable,,,,,,,,,,,,,,,,,,,,,0,context-aggregation-v1.0-2026-07-27,article-features-v1.0-2026-07-27,context-cards-v1.0-pilot67-2026-07-27
ESWS-2026-05,ESWS-2026-05:ELECTION_WIDE,SCC-PARTY-411cd345ed8f,individual,180_to_91_days,national_political,7,1,1,7,6,4,6,0,1,7,1,0.1429,0,0.0,2,0.2857,3,0.4286,,not_extracted,2,0.2857,3,0.4286,1,0.1429,2,0.2857,0,0.0,1,0.1429,7,1,0.1429,4,0.5714,3,0.4286,1,0.1429,5,0.7143,2,0.2857,3,0.4286,4,0.5714,2,0.2857,2,0.2857,0,0.0,0,0.0,4,0.5714,0,0.0,4,0.5714,0,0.0,7,0,6,1,0.1667,0,0.0,0,0,0,-1,6,0,1,0.1667,1,2,3,0.5,3,0,0,0.0,0,1,1,0.1667,1,0,0,0.0,0,0,2,0.3333,2,0,0,0.0,0,1,1,0.1667,1,0,1,0.1667,1,0,2,0.3333,2,0,2,0.3333,2,0,1,0.1667,1,0,0,0.0,0,0,0,0.0,0,0,0,0.0,0,0,0,0.0,0,0,2,0.3333,2,2,2,0.3333,2,0,0,0.0,0,0,0,0.0,0,0,1,0.1667,1,0,1,0.1667,1,0,4,0.6667,4,0,2,0.3333,2,0,1,0.1667,1,0,1,0.1667,1,0,1,0.1667,1,0,0,0.0,0,6,0,0.0,4,0.6667,0,0.0,0,0.0,0,0.0,0,0.0,2,0.3333,1,0.1667,SCC-PARTY-411cd345ed8f:1,SCC-PARTY-bbe23fd6863d:1,not_applicable,,,,,,,,,,,,,,,,,,,,,0,context-aggregation-v1.0-2026-07-27,article-features-v1.0-2026-07-27,context-cards-v1.0-pilot67-2026-07-27
ESWS-2026-05,ESWS-2026-05:ELECTION_WIDE,SCC-PARTY-411cd345ed8f,individual,180_to_91_days,uncertain,1,1,1,1,1,1,1,0,0,1,0,0.0,0,0.0,0,0.0,1,1.0,,not_extracted,0,0.0,1,1.0,0,0.0,0,0.0,0,0.0,0,0.0,1,1,1.0,1,1.0,1,1.0,0,0.0,0,0.0,0,0.0,0,0.0,1,1.0,0,0.0,0,0.0,0,0.0,0,0.0,1,1.0,0,0.0,0,0.0,0,0.0,1,0,1,0,0.0,0,0.0,0,0,0,0,1,0,0,0.0,0,0,0,0.0,0,0,0,0.0,0,0,1,1.0,1,0,0,0.0,0,1,1,1.0,1,0,0,0.0,0,0,0,0.0,0,0,0,0.0,0,0,1,1.0,1,0,0,0.0,0,0,0,0.0,0,0,0,0.0,0,0,0,0.0,0,0,0,0.0,0,0,0,0.0,0,0,0,0.0,0,0,0,0.0,0,0,0,0.0,0,0,0,0.0,0,0,0,0.0,0,0,1,1.0,1,0,0,0.0,0,0,0,0.0,0,0,0,0.0,0,0,0,0.0,0,0,0,0.0,0,0,0,0.0,0,0,0,,0,,0,,0,,0,,0,,0,,0,,,,not_applicable,,,,,,,,,,,,,,,,,,,,,0,context-aggregation-v1.0-2026-07-27,article-features-v1.0-2026-07-27,context-cards-v1.0-pilot67-2026-07-27
ESWS-2026-05,ESWS-2026-05:ELECTION_WIDE,SCC-PARTY-411cd345ed8f,individual,90_to_31_days,national_political,1,1,1,1,1,0,0,0,0,1,0,0.0,0,0.0,0,0.0,1,1.0,,not_extracted,0,0.0,0,0.0,0,0.0,0,0.0,0,0.0,0,0.0,1,0,0.0,0,0.0,0,0.0,0,0.0,1,1.0,0,0.0,1,1.0,1,1.0,1,1.0,0,0.0,1,1.0,0,0.0,0,0.0,0,0.0,0,0.0,0,0.0,1,0,1,0,0.0,0,0.0,0,0,0,0,1,0,1,1.0,1,0,1,1.0,1,0,1,1.0,1,0,0,0.0,0,0,0,0.0,0,0,0,0.0,0,0,0,0.0,0,0,0,0.0,0,0,0,0.0,0,0,0,0.0,0,0,0,0.0,0,0,1,1.0,1,0,0,0.0,0,0,0,0.0,0,0,0,0.0,0,0,0,0.0,0,0,0,0.0,0,0,0,0.0,0,0,0,0.0,0,0,0,0.0,0,1,1,1.0,1,0,0,0.0,0,0,1,1.0,1,0,0,0.0,0,0,0,0.0,0,0,0,0.0,0,0,0,0.0,0,0,0,0.0,0,0,0,,0,,0,,0,,0,,0,,0,,0,,,,not_applicable,,,,,,,,,,,,,,,,,,,,,0,context-aggregation-v1.0-2026-07-27,article-features-v1.0-2026-07-27,context-cards-v1.0-pilot67-2026-07-27
ESWS-2026-05,ESWS-2026-05:ELECTION_WIDE,SCC-PARTY-411cd345ed8f,individual,final_72_hours,mixed_local_national,1,1,1,1,0,0,1,0,0,1,0,0.0,0,0.0,1,1.0,0,0.0,,not_extracted,0,0.0,0,0.0,0,0.0,0,0.0,0,0.0,0,0.0,0,0,,0,,0,,0,,0,,0,,0,,0,,0,,0,,0,,0,,0,,0,,0,,0,,0,1,1,1,1.0,0,0.0,0,0,0,-1,1,0,0,0.0,0,0,1,1.0,1,0,0,0.0,0,0,0,0.0,0,0,0,0.0,0,0,0,0.0,0,0,0,0.0,0,0,0,0.0,0,0,1,1.0,1,0,0,0.0,0,0,0,0.0,0,0,0,0.0,0,0,0,0.0,0,0,0,0.0,0,0,0,0.0,0,0,0,0.0,0,0,1,1.0,1,0,0,0.0,0,0,0,0.0,0,0,0,0.0,0,0,0,0.0,0,0,1,1.0,1,0,0,0.0,0,0,0,0.0,0,0,0,0.0,0,0,0,0.0,0,1,1,1.0,1,0,1,1.0,1,1,0,0.0,1,1.0,0,0.0,0,0.0,0,0.0,0,0.0,1,1.0,1,1.0,SCC-PARTY-411cd345ed8f:1,SCC-PARTY-ec762c976078:1,not_applicable,,,,,,,,,,,,,,,,,,,,,0,context-aggregation-v1.0-2026-07-27,article-features-v1.0-2026-07-27,context-cards-v1.0-pilot67-2026-07-27
ESWS-2026-05,ESWS-2026-05:ELECTION_WIDE,SCC-PARTY-42dc7e4f3f94,cumulative,previous_14_days,mixed_local_national,1,1,1,1,0,0,1,0,0,1,0,0.0,0,0.0,1,1.0,0,0.0,,not_extracted,0,0.0,1,1.0,0,0.0,0,0.0,0,0.0,0,0.0,0,0,,0,,0,,0,,0,,0,,0,,0,,0,,0,,0,,0,,0,,0,,0,,0,,0,1,1,1,1.0,0,0.0,0,0,0,-1,1,0,0,0.0,0,0,1,1.0,1,0,0,0.0,0,0,0,0.0,0,0,0,0.0,0,0,0,0.0,0,0,0,0.0,0,0,0,0.0,0,0,1,1.0,1,0,0,0.0,0,0,0,0.0,0,0,0,0.0,0,0,0,0.0,0,0,0,0.0,0,0,0,0.0,0,0,0,0.0,0,0,1,1.0,1,0,0,0.0,0,0,0,0.0,0,0,0,0.0,0,0,0,0.0,0,0,1,1.0,1,0,0,0.0,0,0,0,0.0,0,0,0,0.0,0,0,0,0.0,0,1,1,1.0,1,0,1,1.0,1,1,0,0.0,1,1.0,0,0.0,0,0.0,0,0.0,0,0.0,0,0.0,1,1.0,SCC-PARTY-42dc7e4f3f94:1,SCC-PARTY-ec762c976078:1,not_applicable,,,,,,,,,,,,,,,,,,,,,0,context-aggregation-v1.0-2026-07-27,article-features-v1.0-2026-07-27,context-cards-v1.0-pilot67-2026-07-27
ESWS-2026-05,ESWS-2026-05:ELECTION_WIDE,SCC-PARTY-42dc7e4f3f94,cumulative,previous_180_days,mixed_local_national,1,1,1,1,0,0,1,0,0,1,0,0.0,0,0.0,1,1.0,0,0.0,,not_extracted,0,0.0,1,1.0,0,0.0,0,0.0,0,0.0,0,0.0,0,0,,0,,0,,0,,0,,0,,0,,0,,0,,0,,0,,0,,0,,0,,0,,0,,0,1,1,1,1.0,0,0.0,0,0,0,-1,1,0,0,0.0,0,0,1,1.0,1,0,0,0.0,0,0,0,0.0,0,0,0,0.0,0,0,0,0.0,0,0,0,0.0,0,0,0,0.0,0,0,1,1.0,1,0,0,0.0,0,0,0,0.0,0,0,0,0.0,0,0,0,0.0,0,0,0,0.0,0,0,0,0.0,0,0,0,0.0,0,0,1,1.0,1,0,0,0.0,0,0,0,0.0,0,0,0,0.0,0,0,0,0.0,0,0,1,1.0,1,0,0,0.0,0,0,0,0.0,0,0,0,0.0,0,0,0,0.0,0,1,1,1.0,1,0,1,1.0,1,1,0,0.0,1,1.0,0,0.0,0,0.0,0,0.0,0,0.0,0,0.0,1,1.0,SCC-PARTY-42dc7e4f3f94:1,SCC-PARTY-ec762c976078:1,not_applicable,,,,,,,,,,,,,,,,,,,,,0,context-aggregation-v1.0-2026-07-27,article-features-v1.0-2026-07-27,context-cards-v1.0-pilot67-2026-07-27
ESWS-2026-05,ESWS-2026-05:ELECTION_WIDE,SCC-PARTY-42dc7e4f3f94,cumulative,previous_180_days,national_political,7,1,2,7,6,4,6,0,1,7,1,0.1429,0,0.0,3,0.4286,2,0.2857,,not_extracted,0,0.0,3,0.4286,0,0.0,1,0.1429,0,0.0,2,0.2857,7,1,0.1429,3,0.4286,3,0.4286,1,0.1429,5,0.7143,1,0.1429,4,0.5714,4,0.5714,2,0.2857,1,0.1429,0,0.0,0,0.0,4,0.5714,0,0.0,5,0.7143,0,0.0,7,0,6,1,0.1667,0,0.0,1,0,0,-1,6,0,0,0.0,0,1,2,0.3333,2,0,0,0.0,0,1,1,0.1667,1,0,0,0.0,0,0,2,0.3333,2,0,0,0.0,0,1,1,0.1667,1,0,1,0.1667,1,0,2,0.3333,2,0,2,0.3333,2,0,1,0.1667,1,0,0,0.0,0,0,0,0.0,0,0,0,0.0,0,0,0,0.0,0,0,2,0.3333,2,2,2,0.3333,2,0,0,0.0,0,0,0,0.0,0,0,1,0.1667,1,0,1,0.1667,1,0,3,0.5,3,0,2,0.3333,2,0,1,0.1667,1,0,1,0.1667,1,0,1,0.1667,1,0,0,0.0,0,6,2,0.3333,2,0.3333,1,0.1667,0,0.0,0,0.0,2,0.3333,0,0.0,2,0.3333,SCC-PARTY-42dc7e4f3f94:2,SCC-PARTY-bbe23fd6863d:2,not_applicable,,,,,,,,,,,,,,,,,,,,,0,context-aggregation-v1.0-2026-07-27,article-features-v1.0-2026-07-27,context-cards-v1.0-pilot67-2026-07-27
ESWS-2026-05,ESWS-2026-05:ELECTION_WIDE,SCC-PARTY-42dc7e4f3f94,cumulative,previous_180_days,uncertain,1,1,1,1,1,1,1,0,0,1,0,0.0,0,0.0,0,0.0,0,0.0,,not_extracted,0,0.0,1,1.0,0,0.0,0,0.0,0,0.0,0,0.0,1,1,1.0,1,1.0,1,1.0,0,0.0,0,0.0,0,0.0,0,0.0,1,1.0,0,0.0,0,0.0,0,0.0,0,0.0,1,1.0,0,0.0,0,0.0,0,0.0,1,0,1,1,1.0,0,0.0,0,0,0,-1,1,0,0,0.0,0,0,0,0.0,0,0,0,0.0,0,0,1,1.0,1,0,0,0.0,0,1,1,1.0,1,0,0,0.0,0,0,0,0.0,0,0,0,0.0,0,0,1,1.0,1,0,0,0.0,0,0,0,0.0,0,0,0,0.0,0,0,0,0.0,0,0,0,0.0,0,0,0,0.0,0,0,0,0.0,0,0,0,0.0,0,0,0,0.0,0,0,0,0.0,0,0,0,0.0,0,0,1,1.0,1,0,0,0.0,0,0,0,0.0,0,0,0,0.0,0,0,0,0.0,0,0,0,0.0,0,0,0,0.0,0,0,0,,0,,0,,0,,0,,0,,0,,0,,,,not_applicable,,,,,,,,,,,,,,,,,,,,,0,context-aggregation-v1.0-2026-07-27,article-features-v1.0-2026-07-27,context-cards-v1.0-pilot67-2026-07-27
ESWS-2026-05,ESWS-2026-05:ELECTION_WIDE,SCC-PARTY-42dc7e4f3f94,cumulative,previous_30_days,mixed_local_national,1,1,1,1,0,0,1,0,0,1,0,0.0,0,0.0,1,1.0,0,0.0,,not_extracted,0,0.0,1,1.0,0,0.0,0,0.0,0,0.0,0,0.0,0,0,,0,,0,,0,,0,,0,,0,,0,,0,,0,,0,,0,,0,,0,,0,,0,,0,1,1,1,1.0,0,0.0,0,0,0,-1,1,0,0,0.0,0,0,1,1.0,1,0,0,0.0,0,0,0,0.0,0,0,0,0.0,0,0,0,0.0,0,0,0,0.0,0,0,0,0.0,0,0,1,1.0,1,0,0,0.0,0,0,0,0.0,0,0,0,0.0,0,0,0,0.0,0,0,0,0.0,0,0,0,0.0,0,0,0,0.0,0,0,1,1.0,1,0,0,0.0,0,0,0,0.0,0,0,0,0.0,0,0,0,0.0,0,0,1,1.0,1,0,0,0.0,0,0,0,0.0,0,0,0,0.0,0,0,0,0.0,0,1,1,1.0,1,0,1,1.0,1,1,0,0.0,1,1.0,0,0.0,0,0.0,0,0.0,0,0.0,0,0.0,1,1.0,SCC-PARTY-42dc7e4f3f94:1,SCC-PARTY-ec762c976078:1,not_applicable,,,,,,,,,,,,,,,,,,,,,0,context-aggregation-v1.0-2026-07-27,article-features-v1.0-2026-07-27,context-cards-v1.0-pilot67-2026-07-27
ESWS-2026-05,ESWS-2026-05:ELECTION_WIDE,SCC-PARTY-42dc7e4f3f94,cumulative,previous_72_hours,mixed_local_national,1,1,1,1,0,0,1,0,0,1,0,0.0,0,0.0,1,1.0,0,0.0,,not_extracted,0,0.0,1,1.0,0,0.0,0,0.0,0,0.0,0,0.0,0,0,,0,,0,,0,,0,,0,,0,,0,,0,,0,,0,,0,,0,,0,,0,,0,,0,1,1,1,1.0,0,0.0,0,0,0,-1,1,0,0,0.0,0,0,1,1.0,1,0,0,0.0,0,0,0,0.0,0,0,0,0.0,0,0,0,0.0,0,0,0,0.0,0,0,0,0.0,0,0,1,1.0,1,0,0,0.0,0,0,0,0.0,0,0,0,0.0,0,0,0,0.0,0,0,0,0.0,0,0,0,0.0,0,0,0,0.0,0,0,1,1.0,1,0,0,0.0,0,0,0,0.0,0,0,0,0.0,0,0,0,0.0,0,0,1,1.0,1,0,0,0.0,0,0,0,0.0,0,0,0,0.0,0,0,0,0.0,0,1,1,1.0,1,0,1,1.0,1,1,0,0.0,1,1.0,0,0.0,0,0.0,0,0.0,0,0.0,0,0.0,1,1.0,SCC-PARTY-42dc7e4f3f94:1,SCC-PARTY-ec762c976078:1,not_applicable,,,,,,,,,,,,,,,,,,,,,0,context-aggregation-v1.0-2026-07-27,article-features-v1.0-2026-07-27,context-cards-v1.0-pilot67-2026-07-27
ESWS-2026-05,ESWS-2026-05:ELECTION_WIDE,SCC-PARTY-42dc7e4f3f94,cumulative,previous_7_days,mixed_local_national,1,1,1,1,0,0,1,0,0,1,0,0.0,0,0.0,1,1.0,0,0.0,,not_extracted,0,0.0,1,1.0,0,0.0,0,0.0,0,0.0,0,0.0,0,0,,0,,0,,0,,0,,0,,0,,0,,0,,0,,0,,0,,0,,0,,0,,0,,0,1,1,1,1.0,0,0.0,0,0,0,-1,1,0,0,0.0,0,0,1,1.0,1,0,0,0.0,0,0,0,0.0,0,0,0,0.0,0,0,0,0.0,0,0,0,0.0,0,0,0,0.0,0,0,1,1.0,1,0,0,0.0,0,0,0,0.0,0,0,0,0.0,0,0,0,0.0,0,0,0,0.0,0,0,0,0.0,0,0,0,0.0,0,0,1,1.0,1,0,0,0.0,0,0,0,0.0,0,0,0,0.0,0,0,0,0.0,0,0,1,1.0,1,0,0,0.0,0,0,0,0.0,0,0,0,0.0,0,0,0,0.0,0,1,1,1.0,1,0,1,1.0,1,1,0,0.0,1,1.0,0,0.0,0,0.0,0,0.0,0,0.0,0,0.0,1,1.0,SCC-PARTY-42dc7e4f3f94:1,SCC-PARTY-ec762c976078:1,not_applicable,,,,,,,,,,,,,,,,,,,,,0,context-aggregation-v1.0-2026-07-27,article-features-v1.0-2026-07-27,context-cards-v1.0-pilot67-2026-07-27
ESWS-2026-05,ESWS-2026-05:ELECTION_WIDE,SCC-PARTY-42dc7e4f3f94,cumulative,previous_90_days,mixed_local_national,1,1,1,1,0,0,1,0,0,1,0,0.0,0,0.0,1,1.0,0,0.0,,not_extracted,0,0.0,1,1.0,0,0.0,0,0.0,0,0.0,0,0.0,0,0,,0,,0,,0,,0,,0,,0,,0,,0,,0,,0,,0,,0,,0,,0,,0,,0,1,1,1,1.0,0,0.0,0,0,0,-1,1,0,0,0.0,0,0,1,1.0,1,0,0,0.0,0,0,0,0.0,0,0,0,0.0,0,0,0,0.0,0,0,0,0.0,0,0,0,0.0,0,0,1,1.0,1,0,0,0.0,0,0,0,0.0,0,0,0,0.0,0,0,0,0.0,0,0,0,0.0,0,0,0,0.0,0,0,0,0.0,0,0,1,1.0,1,0,0,0.0,0,0,0,0.0,0,0,0,0.0,0,0,0,0.0,0,0,1,1.0,1,0,0,0.0,0,0,0,0.0,0,0,0,0.0,0,0,0,0.0,0,1,1,1.0,1,0,1,1.0,1,1,0,0.0,1,1.0,0,0.0,0,0.0,0,0.0,0,0.0,0,0.0,1,1.0,SCC-PARTY-42dc7e4f3f94:1,SCC-PARTY-ec762c976078:1,not_applicable,,,,,,,,,,,,,,,,,,,,,0,context-aggregation-v1.0-2026-07-27,article-features-v1.0-2026-07-27,context-cards-v1.0-pilot67-2026-07-27
ESWS-2026-05,ESWS-2026-05:ELECTION_WIDE,SCC-PARTY-42dc7e4f3f94,cumulative,previous_90_days,national_political,1,1,1,1,1,0,1,0,0,1,0,0.0,0,0.0,1,1.0,0,0.0,,not_extracted,0,0.0,0,0.0,0,0.0,0,0.0,0,0.0,1,1.0,1,0,0.0,0,0.0,0,0.0,0,0.0,1,1.0,0,0.0,1,1.0,1,1.0,0,0.0,0,0.0,0,0.0,0,0.0,0,0.0,0,0.0,1,1.0,0,0.0,1,0,1,0,0.0,0,0.0,0,0,0,0,1,0,0,0.0,0,0,0,0.0,0,0,0,0.0,0,0,0,0.0,0,0,0,0.0,0,0,0,0.0,0,0,0,0.0,0,0,0,0.0,0,0,0,0.0,0,0,0,0.0,0,0,0,0.0,0,0,0,0.0,0,0,0,0.0,0,0,0,0.0,0,0,0,0.0,0,0,0,0.0,0,0,0,0.0,0,0,0,0.0,0,0,0,0.0,0,0,0,0.0,0,0,0,0.0,0,0,0,0.0,0,0,0,0.0,0,0,0,0.0,0,0,0,0.0,0,0,0,0.0,0,0,0,0.0,0,0,0,0.0,0,1,0,0.0,0,0.0,1,1.0,0,0.0,0,0.0,0,0.0,0,0.0,0,0.0,,,not_applicable,,,,,,,,,,,,,,,,,,,,,0,context-aggregation-v1.0-2026-07-27,article-features-v1.0-2026-07-27,context-cards-v1.0-pilot67-2026-07-27
ESWS-2026-05,ESWS-2026-05:ELECTION_WIDE,SCC-PARTY-42dc7e4f3f94,individual,180_to_91_days,national_political,6,1,1,6,5,4,5,0,1,6,1,0.1667,0,0.0,2,0.3333,2,0.3333,,not_extracted,0,0.0,3,0.5,0,0.0,1,0.1667,0,0.0,1,0.1667,6,1,0.1667,3,0.5,3,0.5,1,0.1667,4,0.6667,1,0.1667,3,0.5,3,0.5,2,0.3333,1,0.1667,0,0.0,0,0.0,4,0.6667,0,0.0,4,0.6667,0,0.0,6,0,5,1,0.2,0,0.0,1,0,0,-1,5,0,0,0.0,0,1,2,0.4,2,0,0,0.0,0,1,1,0.2,1,0,0,0.0,0,0,2,0.4,2,0,0,0.0,0,1,1,0.2,1,0,1,0.2,1,0,2,0.4,2,0,2,0.4,2,0,1,0.2,1,0,0,0.0,0,0,0,0.0,0,0,0,0.0,0,0,0,0.0,0,0,2,0.4,2,2,2,0.4,2,0,0,0.0,0,0,0,0.0,0,0,1,0.2,1,0,1,0.2,1,0,3,0.6,3,0,2,0.4,2,0,1,0.2,1,0,1,0.2,1,0,1,0.2,1,0,0,0.0,0,5,2,0.4,2,0.4,0,0.0,0,0.0,0,0.0,2,0.4,0,0.0,2,0.4,SCC-PARTY-42dc7e4f3f94:2,SCC-PARTY-bbe23fd6863d:2,not_applicable,,,,,,,,,,,,,,,,,,,,,0,context-aggregation-v1.0-2026-07-27,article-features-v1.0-2026-07-27,context-cards-v1.0-pilot67-2026-07-27
ESWS-2026-05,ESWS-2026-05:ELECTION_WIDE,SCC-PARTY-42dc7e4f3f94,individual,180_to_91_days,uncertain,1,1,1,1,1,1,1,0,0,1,0,0.0,0,0.0,0,0.0,0,0.0,,not_extracted,0,0.0,1,1.0,0,0.0,0,0.0,0,0.0,0,0.0,1,1,1.0,1,1.0,1,1.0,0,0.0,0,0.0,0,0.0,0,0.0,1,1.0,0,0.0,0,0.0,0,0.0,0,0.0,1,1.0,0,0.0,0,0.0,0,0.0,1,0,1,1,1.0,0,0.0,0,0,0,-1,1,0,0,0.0,0,0,0,0.0,0,0,0,0.0,0,0,1,1.0,1,0,0,0.0,0,1,1,1.0,1,0,0,0.0,0,0,0,0.0,0,0,0,0.0,0,0,1,1.0,1,0,0,0.0,0,0,0,0.0,0,0,0,0.0,0,0,0,0.0,0,0,0,0.0,0,0,0,0.0,0,0,0,0.0,0,0,0,0.0,0,0,0,0.0,0,0,0,0.0,0,0,0,0.0,0,0,1,1.0,1,0,0,0.0,0,0,0,0.0,0,0,0,0.0,0,0,0,0.0,0,0,0,0.0,0,0,0,0.0,0,0,0,,0,,0,,0,,0,,0,,0,,0,,,,not_applicable,,,,,,,,,,,,,,,,,,,,,0,context-aggregation-v1.0-2026-07-27,article-features-v1.0-2026-07-27,context-cards-v1.0-pilot67-2026-07-27
ESWS-2026-05,ESWS-2026-05:ELECTION_WIDE,SCC-PARTY-42dc7e4f3f94,individual,90_to_31_days,national_political,1,1,1,1,1,0,1,0,0,1,0,0.0,0,0.0,1,1.0,0,0.0,,not_extracted,0,0.0,0,0.0,0,0.0,0,0.0,0,0.0,1,1.0,1,0,0.0,0,0.0,0,0.0,0,0.0,1,1.0,0,0.0,1,1.0,1,1.0,0,0.0,0,0.0,0,0.0,0,0.0,0,0.0,0,0.0,1,1.0,0,0.0,1,0,1,0,0.0,0,0.0,0,0,0,0,1,0,0,0.0,0,0,0,0.0,0,0,0,0.0,0,0,0,0.0,0,0,0,0.0,0,0,0,0.0,0,0,0,0.0,0,0,0,0.0,0,0,0,0.0,0,0,0,0.0,0,0,0,0.0,0,0,0,0.0,0,0,0,0.0,0,0,0,0.0,0,0,0,0.0,0,0,0,0.0,0,0,0,0.0,0,0,0,0.0,0,0,0,0.0,0,0,0,0.0,0,0,0,0.0,0,0,0,0.0,0,0,0,0.0,0,0,0,0.0,0,0,0,0.0,0,0,0,0.0,0,0,0,0.0,0,0,0,0.0,0,1,0,0.0,0,0.0,1,1.0,0,0.0,0,0.0,0,0.0,0,0.0,0,0.0,,,not_applicable,,,,,,,,,,,,,,,,,,,,,0,context-aggregation-v1.0-2026-07-27,article-features-v1.0-2026-07-27,context-cards-v1.0-pilot67-2026-07-27
ESWS-2026-05,ESWS-2026-05:ELECTION_WIDE,SCC-PARTY-42dc7e4f3f94,individual,final_72_hours,mixed_local_national,1,1,1,1,0,0,1,0,0,1,0,0.0,0,0.0,1,1.0,0,0.0,,not_extracted,0,0.0,1,1.0,0,0.0,0,0.0,0,0.0,0,0.0,0,0,,0,,0,,0,,0,,0,,0,,0,,0,,0,,0,,0,,0,,0,,0,,0,,0,1,1,1,1.0,0,0.0,0,0,0,-1,1,0,0,0.0,0,0,1,1.0,1,0,0,0.0,0,0,0,0.0,0,0,0,0.0,0,0,0,0.0,0,0,0,0.0,0,0,0,0.0,0,0,1,1.0,1,0,0,0.0,0,0,0,0.0,0,0,0,0.0,0,0,0,0.0,0,0,0,0.0,0,0,0,0.0,0,0,0,0.0,0,0,1,1.0,1,0,0,0.0,0,0,0,0.0,0,0,0,0.0,0,0,0,0.0,0,0,1,1.0,1,0,0,0.0,0,0,0,0.0,0,0,0,0.0,0,0,0,0.0,0,1,1,1.0,1,0,1,1.0,1,1,0,0.0,1,1.0,0,0.0,0,0.0,0,0.0,0,0.0,0,0.0,1,1.0,SCC-PARTY-42dc7e4f3f94:1,SCC-PARTY-ec762c976078:1,not_applicable,,,,,,,,,,,,,,,,,,,,,0,context-aggregation-v1.0-2026-07-27,article-features-v1.0-2026-07-27,context-cards-v1.0-pilot67-2026-07-27
ESWS-2026-05,ESWS-2026-05:ELECTION_WIDE,SCC-PARTY-bbe23fd6863d,cumulative,previous_14_days,mixed_local_national,1,1,1,1,0,0,1,0,0,1,0,0.0,0,0.0,1,1.0,0,0.0,,not_extracted,0,0.0,0,0.0,0,0.0,0,0.0,0,0.0,1,1.0,0,0,,0,,0,,0,,0,,0,,0,,0,,0,,0,,0,,0,,0,,0,,0,,0,,0,1,1,1,1.0,0,0.0,0,0,0,-1,1,0,0,0.0,0,0,1,1.0,1,0,0,0.0,0,0,0,0.0,0,0,0,0.0,0,0,0,0.0,0,0,0,0.0,0,0,0,0.0,0,0,1,1.0,1,0,0,0.0,0,0,0,0.0,0,0,0,0.0,0,0,0,0.0,0,0,0,0.0,0,0,0,0.0,0,0,0,0.0,0,0,1,1.0,1,0,0,0.0,0,0,0,0.0,0,0,0,0.0,0,0,0,0.0,0,0,1,1.0,1,0,0,0.0,0,0,0,0.0,0,0,0,0.0,0,0,0,0.0,0,1,1,1.0,1,0,1,1.0,1,1,1,1.0,0,0.0,0,0.0,0,0.0,0,0.0,1,1.0,0,0.0,1,1.0,,,aggregated,1.0,0.0,0.0,1.0,1.0,0.0,1.0,1.0,0.0,0.0,0.0,0.0,1.0,1.0,1.0,1.0,0.7,0.7,0.6,0.6,1,context-aggregation-v1.0-2026-07-27,article-features-v1.0-2026-07-27,context-cards-v1.0-pilot67-2026-07-27
ESWS-2026-05,ESWS-2026-05:ELECTION_WIDE,SCC-PARTY-bbe23fd6863d,cumulative,previous_180_days,mixed_local_national,1,1,1,1,0,0,1,0,0,1,0,0.0,0,0.0,1,1.0,0,0.0,,not_extracted,0,0.0,0,0.0,0,0.0,0,0.0,0,0.0,1,1.0,0,0,,0,,0,,0,,0,,0,,0,,0,,0,,0,,0,,0,,0,,0,,0,,0,,0,1,1,1,1.0,0,0.0,0,0,0,-1,1,0,0,0.0,0,0,1,1.0,1,0,0,0.0,0,0,0,0.0,0,0,0,0.0,0,0,0,0.0,0,0,0,0.0,0,0,0,0.0,0,0,1,1.0,1,0,0,0.0,0,0,0,0.0,0,0,0,0.0,0,0,0,0.0,0,0,0,0.0,0,0,0,0.0,0,0,0,0.0,0,0,1,1.0,1,0,0,0.0,0,0,0,0.0,0,0,0,0.0,0,0,0,0.0,0,0,1,1.0,1,0,0,0.0,0,0,0,0.0,0,0,0,0.0,0,0,0,0.0,0,1,1,1.0,1,0,1,1.0,1,1,1,1.0,0,0.0,0,0.0,0,0.0,0,0.0,1,1.0,0,0.0,1,1.0,,,aggregated,1.0,0.0,0.0,1.0,1.0,0.0,1.0,1.0,0.0,0.0,0.0,0.0,1.0,1.0,1.0,1.0,0.7,0.7,0.6,0.6,1,context-aggregation-v1.0-2026-07-27,article-features-v1.0-2026-07-27,context-cards-v1.0-pilot67-2026-07-27
ESWS-2026-05,ESWS-2026-05:ELECTION_WIDE,SCC-PARTY-bbe23fd6863d,cumulative,previous_180_days,national_political,8,1,2,8,8,4,6,0,1,8,1,0.125,2,0.25,3,0.375,1,0.125,,not_extracted,1,0.125,2,0.25,0,0.0,0,0.0,0,0.0,2,0.25,8,1,0.125,3,0.375,2,0.25,0,0.0,6,0.75,2,0.25,5,0.625,6,0.75,3,0.375,2,0.25,1,0.125,0,0.0,3,0.375,0,0.0,5,0.625,0,0.0,8,0,7,0,0.0,0,0.0,1,0,0,0,7,0,2,0.2857,2,2,4,0.5714,4,0,1,0.1429,1,0,0,0.0,0,0,0,0.0,0,0,1,0.1429,1,0,0,0.0,0,1,1,0.1429,1,0,1,0.1429,1,0,2,0.2857,2,0,2,0.2857,2,0,1,0.1429,1,0,0,0.0,0,0,0,0.0,0,0,0,0.0,0,0,0,0.0,0,0,2,0.2857,2,2,2,0.2857,2,0,0,0.0,0,0,0,0.0,0,1,2,0.2857,2,0,1,0.1429,1,0,5,0.7143,5,0,1,0.1429,1,0,0,0.0,0,0,0,0.0,0,0,1,0.1429,1,0,0,0.0,0,7,3,0.4286,1,0.1429,1,0.1429,2,0.2857,0,0.0,2,0.2857,0,0.0,2,0.2857,SCC-PARTY-42dc7e4f3f94:2,SCC-PARTY-bbe23fd6863d:2,aggregated,0.0,1.0,1.0,0.0,3.0,2.0,2.0,0.0,2.0,1.0,0.0,0.0,4.0,0.5,6.0,0.0,,,,,6,context-aggregation-v1.0-2026-07-27,article-features-v1.0-2026-07-27,context-cards-v1.0-pilot67-2026-07-27
ESWS-2026-05,ESWS-2026-05:ELECTION_WIDE,SCC-PARTY-bbe23fd6863d,cumulative,previous_180_days,uncertain,2,1,1,2,2,2,1,0,0,2,1,0.5,0,0.0,0,0.0,0,0.0,,not_extracted,0,0.0,1,0.5,0,0.0,0,0.0,0,0.0,1,0.5,2,1,0.5,2,1.0,1,0.5,0,0.0,1,0.5,0,0.0,1,0.5,2,1.0,0,0.0,0,0.0,0,0.0,0,0.0,1,0.5,0,0.0,1,0.5,0,0.0,2,0,1,0,0.0,0,0.0,0,0,0,0,1,0,0,0.0,0,0,0,0.0,0,0,0,0.0,0,0,1,1.0,1,0,0,0.0,0,1,1,1.0,1,0,0,0.0,0,0,0,0.0,0,0,0,0.0,0,0,1,1.0,1,0,0,0.0,0,0,0,0.0,0,0,0,0.0,0,0,0,0.0,0,0,0,0.0,0,0,0,0.0,0,0,0,0.0,0,0,0,0.0,0,0,0,0.0,0,0,0,0.0,0,0,0,0.0,0,0,1,1.0,1,0,0,0.0,0,0,0,0.0,0,0,0,0.0,0,0,0,0.0,0,0,0,0.0,0,0,0,0.0,0,1,1,1.0,0,0.0,0,0.0,1,1.0,0,0.0,0,0.0,0,0.0,0,0.0,,,aggregated,0.0,1.0,0.0,0.0,0.0,0.0,0.0,0.0,0.0,0.0,0.0,0.0,0.0,0.0,1.0,0.0,,,,,1,context-aggregation-v1.0-2026-07-27,article-features-v1.0-2026-07-27,context-cards-v1.0-pilot67-2026-07-27
ESWS-2026-05,ESWS-2026-05:ELECTION_WIDE,SCC-PARTY-bbe23fd6863d,cumulative,previous_30_days,mixed_local_national,1,1,1,1,0,0,1,0,0,1,0,0.0,0,0.0,1,1.0,0,0.0,,not_extracted,0,0.0,0,0.0,0,0.0,0,0.0,0,0.0,1,1.0,0,0,,0,,0,,0,,0,,0,,0,,0,,0,,0,,0,,0,,0,,0,,0,,0,,0,1,1,1,1.0,0,0.0,0,0,0,-1,1,0,0,0.0,0,0,1,1.0,1,0,0,0.0,0,0,0,0.0,0,0,0,0.0,0,0,0,0.0,0,0,0,0.0,0,0,0,0.0,0,0,1,1.0,1,0,0,0.0,0,0,0,0.0,0,0,0,0.0,0,0,0,0.0,0,0,0,0.0,0,0,0,0.0,0,0,0,0.0,0,0,1,1.0,1,0,0,0.0,0,0,0,0.0,0,0,0,0.0,0,0,0,0.0,0,0,1,1.0,1,0,0,0.0,0,0,0,0.0,0,0,0,0.0,0,0,0,0.0,0,1,1,1.0,1,0,1,1.0,1,1,1,1.0,0,0.0,0,0.0,0,0.0,0,0.0,1,1.0,0,0.0,1,1.0,,,aggregated,1.0,0.0,0.0,1.0,1.0,0.0,1.0,1.0,0.0,0.0,0.0,0.0,1.0,1.0,1.0,1.0,0.7,0.7,0.6,0.6,1,context-aggregation-v1.0-2026-07-27,article-features-v1.0-2026-07-27,context-cards-v1.0-pilot67-2026-07-27
ESWS-2026-05,ESWS-2026-05:ELECTION_WIDE,SCC-PARTY-bbe23fd6863d,cumulative,previous_72_hours,mixed_local_national,1,1,1,1,0,0,1,0,0,1,0,0.0,0,0.0,1,1.0,0,0.0,,not_extracted,0,0.0,0,0.0,0,0.0,0,0.0,0,0.0,1,1.0,0,0,,0,,0,,0,,0,,0,,0,,0,,0,,0,,0,,0,,0,,0,,0,,0,,0,1,1,1,1.0,0,0.0,0,0,0,-1,1,0,0,0.0,0,0,1,1.0,1,0,0,0.0,0,0,0,0.0,0,0,0,0.0,0,0,0,0.0,0,0,0,0.0,0,0,0,0.0,0,0,1,1.0,1,0,0,0.0,0,0,0,0.0,0,0,0,0.0,0,0,0,0.0,0,0,0,0.0,0,0,0,0.0,0,0,0,0.0,0,0,1,1.0,1,0,0,0.0,0,0,0,0.0,0,0,0,0.0,0,0,0,0.0,0,0,1,1.0,1,0,0,0.0,0,0,0,0.0,0,0,0,0.0,0,0,0,0.0,0,1,1,1.0,1,0,1,1.0,1,1,1,1.0,0,0.0,0,0.0,0,0.0,0,0.0,1,1.0,0,0.0,1,1.0,,,aggregated,1.0,0.0,0.0,1.0,1.0,0.0,1.0,1.0,0.0,0.0,0.0,0.0,1.0,1.0,1.0,1.0,0.7,0.7,0.6,0.6,1,context-aggregation-v1.0-2026-07-27,article-features-v1.0-2026-07-27,context-cards-v1.0-pilot67-2026-07-27
ESWS-2026-05,ESWS-2026-05:ELECTION_WIDE,SCC-PARTY-bbe23fd6863d,cumulative,previous_7_days,mixed_local_national,1,1,1,1,0,0,1,0,0,1,0,0.0,0,0.0,1,1.0,0,0.0,,not_extracted,0,0.0,0,0.0,0,0.0,0,0.0,0,0.0,1,1.0,0,0,,0,,0,,0,,0,,0,,0,,0,,0,,0,,0,,0,,0,,0,,0,,0,,0,1,1,1,1.0,0,0.0,0,0,0,-1,1,0,0,0.0,0,0,1,1.0,1,0,0,0.0,0,0,0,0.0,0,0,0,0.0,0,0,0,0.0,0,0,0,0.0,0,0,0,0.0,0,0,1,1.0,1,0,0,0.0,0,0,0,0.0,0,0,0,0.0,0,0,0,0.0,0,0,0,0.0,0,0,0,0.0,0,0,0,0.0,0,0,1,1.0,1,0,0,0.0,0,0,0,0.0,0,0,0,0.0,0,0,0,0.0,0,0,1,1.0,1,0,0,0.0,0,0,0,0.0,0,0,0,0.0,0,0,0,0.0,0,1,1,1.0,1,0,1,1.0,1,1,1,1.0,0,0.0,0,0.0,0,0.0,0,0.0,1,1.0,0,0.0,1,1.0,,,aggregated,1.0,0.0,0.0,1.0,1.0,0.0,1.0,1.0,0.0,0.0,0.0,0.0,1.0,1.0,1.0,1.0,0.7,0.7,0.6,0.6,1,context-aggregation-v1.0-2026-07-27,article-features-v1.0-2026-07-27,context-cards-v1.0-pilot67-2026-07-27
ESWS-2026-05,ESWS-2026-05:ELECTION_WIDE,SCC-PARTY-bbe23fd6863d,cumulative,previous_90_days,mixed_local_national,1,1,1,1,0,0,1,0,0,1,0,0.0,0,0.0,1,1.0,0,0.0,,not_extracted,0,0.0,0,0.0,0,0.0,0,0.0,0,0.0,1,1.0,0,0,,0,,0,,0,,0,,0,,0,,0,,0,,0,,0,,0,,0,,0,,0,,0,,0,1,1,1,1.0,0,0.0,0,0,0,-1,1,0,0,0.0,0,0,1,1.0,1,0,0,0.0,0,0,0,0.0,0,0,0,0.0,0,0,0,0.0,0,0,0,0.0,0,0,0,0.0,0,0,1,1.0,1,0,0,0.0,0,0,0,0.0,0,0,0,0.0,0,0,0,0.0,0,0,0,0.0,0,0,0,0.0,0,0,0,0.0,0,0,1,1.0,1,0,0,0.0,0,0,0,0.0,0,0,0,0.0,0,0,0,0.0,0,0,1,1.0,1,0,0,0.0,0,0,0,0.0,0,0,0,0.0,0,0,0,0.0,0,1,1,1.0,1,0,1,1.0,1,1,1,1.0,0,0.0,0,0.0,0,0.0,0,0.0,1,1.0,0,0.0,1,1.0,,,aggregated,1.0,0.0,0.0,1.0,1.0,0.0,1.0,1.0,0.0,0.0,0.0,0.0,1.0,1.0,1.0,1.0,0.7,0.7,0.6,0.6,1,context-aggregation-v1.0-2026-07-27,article-features-v1.0-2026-07-27,context-cards-v1.0-pilot67-2026-07-27
ESWS-2026-05,ESWS-2026-05:ELECTION_WIDE,SCC-PARTY-bbe23fd6863d,cumulative,previous_90_days,national_political,2,1,2,2,2,0,1,0,0,2,0,0.0,1,0.5,1,0.5,0,0.0,,not_extracted,0,0.0,0,0.0,0,0.0,0,0.0,0,0.0,1,0.5,2,0,0.0,0,0.0,0,0.0,0,0.0,2,1.0,0,0.0,2,1.0,2,1.0,1,0.5,0,0.0,1,0.5,0,0.0,0,0.0,0,0.0,1,0.5,0,0.0,2,0,2,0,0.0,0,0.0,0,0,0,0,2,0,1,0.5,1,0,1,0.5,1,0,1,0.5,1,0,0,0.0,0,0,0,0.0,0,0,0,0.0,0,0,0,0.0,0,0,0,0.0,0,0,0,0.0,0,0,0,0.0,0,0,0,0.0,0,0,1,0.5,1,0,0,0.0,0,0,0,0.0,0,0,0,0.0,0,0,0,0.0,0,0,0,0.0,0,0,0,0.0,0,0,0,0.0,0,0,0,0.0,0,1,1,0.5,1,0,0,0.0,0,0,1,0.5,1,0,0,0.0,0,0,0,0.0,0,0,0,0.0,0,0,0,0.0,0,0,0,0.0,0,1,0,0.0,0,0.0,0,0.0,0,0.0,0,0.0,0,0.0,0,0.0,0,0.0,,,aggregated,0.0,0.0,0.0,0.0,0.0,0.0,0.0,0.0,0.0,0.0,0.0,0.0,1.0,0.0,1.0,0.0,,,,,1,context-aggregation-v1.0-2026-07-27,article-features-v1.0-2026-07-27,context-cards-v1.0-pilot67-2026-07-27
ESWS-2026-05,ESWS-2026-05:ELECTION_WIDE,SCC-PARTY-bbe23fd6863d,individual,180_to_91_days,national_political,6,1,1,6,6,4,5,0,1,6,1,0.1667,1,0.1667,2,0.3333,1,0.1667,,not_extracted,1,0.1667,2,0.3333,0,0.0,0,0.0,0,0.0,1,0.1667,6,1,0.1667,3,0.5,2,0.3333,0,0.0,4,0.6667,2,0.3333,3,0.5,4,0.6667,2,0.3333,2,0.3333,0,0.0,0,0.0,3,0.5,0,0.0,4,0.6667,0,0.0,6,0,5,0,0.0,0,0.0,1,0,0,0,5,0,1,0.2,1,2,3,0.6,3,0,0,0.0,0,0,0,0.0,0,0,0,0.0,0,0,1,0.2,1,0,0,0.0,0,1,1,0.2,1,0,1,0.2,1,0,2,0.4,2,0,2,0.4,2,0,0,0.0,0,0,0,0.0,0,0,0,0.0,0,0,0,0.0,0,0,0,0.0,0,0,2,0.4,2,2,2,0.4,2,0,0,0.0,0,0,0,0.0,0,0,1,0.2,1,0,1,0.2,1,0,4,0.8,4,0,1,0.2,1,0,0,0.0,0,0,0,0.0,0,0,1,0.2,1,0,0,0.0,0,6,3,0.5,1,0.1667,1,0.1667,2,0.3333,0,0.0,2,0.3333,0,0.0,2,0.3333,SCC-PARTY-42dc7e4f3f94:2,SCC-PARTY-bbe23fd6863d:2,aggregated,0.0,1.0,1.0,0.0,3.0,2.0,2.0,0.0,2.0,1.0,0.0,0.0,3.0,0.6,5.0,0.0,,,,,5,context-aggregation-v1.0-2026-07-27,article-features-v1.0-2026-07-27,context-cards-v1.0-pilot67-2026-07-27
ESWS-2026-05,ESWS-2026-05:ELECTION_WIDE,SCC-PARTY-bbe23fd6863d,individual,180_to_91_days,uncertain,2,1,1,2,2,2,1,0,0,2,1,0.5,0,0.0,0,0.0,0,0.0,,not_extracted,0,0.0,1,0.5,0,0.0,0,0.0,0,0.0,1,0.5,2,1,0.5,2,1.0,1,0.5,0,0.0,1,0.5,0,0.0,1,0.5,2,1.0,0,0.0,0,0.0,0,0.0,0,0.0,1,0.5,0,0.0,1,0.5,0,0.0,2,0,1,0,0.0,0,0.0,0,0,0,0,1,0,0,0.0,0,0,0,0.0,0,0,0,0.0,0,0,1,1.0,1,0,0,0.0,0,1,1,1.0,1,0,0,0.0,0,0,0,0.0,0,0,0,0.0,0,0,1,1.0,1,0,0,0.0,0,0,0,0.0,0,0,0,0.0,0,0,0,0.0,0,0,0,0.0,0,0,0,0.0,0,0,0,0.0,0,0,0,0.0,0,0,0,0.0,0,0,0,0.0,0,0,0,0.0,0,0,1,1.0,1,0,0,0.0,0,0,0,0.0,0,0,0,0.0,0,0,0,0.0,0,0,0,0.0,0,0,0,0.0,0,1,1,1.0,0,0.0,0,0.0,1,1.0,0,0.0,0,0.0,0,0.0,0,0.0,,,aggregated,0.0,1.0,0.0,0.0,0.0,0.0,0.0,0.0,0.0,0.0,0.0,0.0,0.0,0.0,1.0,0.0,,,,,1,context-aggregation-v1.0-2026-07-27,article-features-v1.0-2026-07-27,context-cards-v1.0-pilot67-2026-07-27
ESWS-2026-05,ESWS-2026-05:ELECTION_WIDE,SCC-PARTY-bbe23fd6863d,individual,90_to_31_days,national_political,2,1,2,2,2,0,1,0,0,2,0,0.0,1,0.5,1,0.5,0,0.0,,not_extracted,0,0.0,0,0.0,0,0.0,0,0.0,0,0.0,1,0.5,2,0,0.0,0,0.0,0,0.0,0,0.0,2,1.0,0,0.0,2,1.0,2,1.0,1,0.5,0,0.0,1,0.5,0,0.0,0,0.0,0,0.0,1,0.5,0,0.0,2,0,2,0,0.0,0,0.0,0,0,0,0,2,0,1,0.5,1,0,1,0.5,1,0,1,0.5,1,0,0,0.0,0,0,0,0.0,0,0,0,0.0,0,0,0,0.0,0,0,0,0.0,0,0,0,0.0,0,0,0,0.0,0,0,0,0.0,0,0,1,0.5,1,0,0,0.0,0,0,0,0.0,0,0,0,0.0,0,0,0,0.0,0,0,0,0.0,0,0,0,0.0,0,0,0,0.0,0,0,0,0.0,0,1,1,0.5,1,0,0,0.0,0,0,1,0.5,1,0,0,0.0,0,0,0,0.0,0,0,0,0.0,0,0,0,0.0,0,0,0,0.0,0,1,0,0.0,0,0.0,0,0.0,0,0.0,0,0.0,0,0.0,0,0.0,0,0.0,,,aggregated,0.0,0.0,0.0,0.0,0.0,0.0,0.0,0.0,0.0,0.0,0.0,0.0,1.0,0.0,1.0,0.0,,,,,1,context-aggregation-v1.0-2026-07-27,article-features-v1.0-2026-07-27,context-cards-v1.0-pilot67-2026-07-27
ESWS-2026-05,ESWS-2026-05:ELECTION_WIDE,SCC-PARTY-bbe23fd6863d,individual,final_72_hours,mixed_local_national,1,1,1,1,0,0,1,0,0,1,0,0.0,0,0.0,1,1.0,0,0.0,,not_extracted,0,0.0,0,0.0,0,0.0,0,0.0,0,0.0,1,1.0,0,0,,0,,0,,0,,0,,0,,0,,0,,0,,0,,0,,0,,0,,0,,0,,0,,0,1,1,1,1.0,0,0.0,0,0,0,-1,1,0,0,0.0,0,0,1,1.0,1,0,0,0.0,0,0,0,0.0,0,0,0,0.0,0,0,0,0.0,0,0,0,0.0,0,0,0,0.0,0,0,1,1.0,1,0,0,0.0,0,0,0,0.0,0,0,0,0.0,0,0,0,0.0,0,0,0,0.0,0,0,0,0.0,0,0,0,0.0,0,0,1,1.0,1,0,0,0.0,0,0,0,0.0,0,0,0,0.0,0,0,0,0.0,0,0,1,1.0,1,0,0,0.0,0,0,0,0.0,0,0,0,0.0,0,0,0,0.0,0,1,1,1.0,1,0,1,1.0,1,1,1,1.0,0,0.0,0,0.0,0,0.0,0,0.0,1,1.0,0,0.0,1,1.0,,,aggregated,1.0,0.0,0.0,1.0,1.0,0.0,1.0,1.0,0.0,0.0,0.0,0.0,1.0,1.0,1.0,1.0,0.7,0.7,0.6,0.6,1,context-aggregation-v1.0-2026-07-27,article-features-v1.0-2026-07-27,context-cards-v1.0-pilot67-2026-07-27
ESWS-2026-05,ESWS-2026-05:ELECTION_WIDE,SCC-PARTY-bc74f4f071a5,cumulative,previous_14_days,mixed_local_national,1,1,1,1,0,0,1,0,0,1,0,0.0,0,0.0,0,0.0,1,1.0,,not_extracted,0,0.0,0,0.0,0,0.0,0,0.0,0,0.0,0,0.0,0,0,,0,,0,,0,,0,,0,,0,,0,,0,,0,,0,,0,,0,,0,,0,,0,,0,1,1,1,1.0,0,0.0,0,0,0,-1,1,0,0,0.0,0,0,1,1.0,1,0,0,0.0,0,0,0,0.0,0,0,0,0.0,0,0,0,0.0,0,0,0,0.0,0,0,0,0.0,0,0,1,1.0,1,0,0,0.0,0,0,0,0.0,0,0,0,0.0,0,0,0,0.0,0,0,0,0.0,0,0,0,0.0,0,0,0,0.0,0,0,1,1.0,1,0,0,0.0,0,0,0,0.0,0,0,0,0.0,0,0,0,0.0,0,0,1,1.0,1,0,0,0.0,0,0,0,0.0,0,0,0,0.0,0,0,0,0.0,0,1,1,1.0,1,0,1,1.0,1,1,1,1.0,1,1.0,0,0.0,1,1.0,0,0.0,0,0.0,0,0.0,1,1.0,SCC-PARTY-411cd345ed8f:1,SCC-PARTY-bc74f4f071a5:1,not_applicable,,,,,,,,,,,,,,,,,,,,,0,context-aggregation-v1.0-2026-07-27,article-features-v1.0-2026-07-27,context-cards-v1.0-pilot67-2026-07-27
ESWS-2026-05,ESWS-2026-05:ELECTION_WIDE,SCC-PARTY-bc74f4f071a5,cumulative,previous_180_days,mixed_local_national,1,1,1,1,0,0,1,0,0,1,0,0.0,0,0.0,0,0.0,1,1.0,,not_extracted,0,0.0,0,0.0,0,0.0,0,0.0,0,0.0,0,0.0,0,0,,0,,0,,0,,0,,0,,0,,0,,0,,0,,0,,0,,0,,0,,0,,0,,0,1,1,1,1.0,0,0.0,0,0,0,-1,1,0,0,0.0,0,0,1,1.0,1,0,0,0.0,0,0,0,0.0,0,0,0,0.0,0,0,0,0.0,0,0,0,0.0,0,0,0,0.0,0,0,1,1.0,1,0,0,0.0,0,0,0,0.0,0,0,0,0.0,0,0,0,0.0,0,0,0,0.0,0,0,0,0.0,0,0,0,0.0,0,0,1,1.0,1,0,0,0.0,0,0,0,0.0,0,0,0,0.0,0,0,0,0.0,0,0,1,1.0,1,0,0,0.0,0,0,0,0.0,0,0,0,0.0,0,0,0,0.0,0,1,1,1.0,1,0,1,1.0,1,1,1,1.0,1,1.0,0,0.0,1,1.0,0,0.0,0,0.0,0,0.0,1,1.0,SCC-PARTY-411cd345ed8f:1,SCC-PARTY-bc74f4f071a5:1,not_applicable,,,,,,,,,,,,,,,,,,,,,0,context-aggregation-v1.0-2026-07-27,article-features-v1.0-2026-07-27,context-cards-v1.0-pilot67-2026-07-27
ESWS-2026-05,ESWS-2026-05:ELECTION_WIDE,SCC-PARTY-bc74f4f071a5,cumulative,previous_180_days,national_political,2,1,1,2,2,2,2,0,1,2,2,1.0,0,0.0,0,0.0,0,0.0,,not_extracted,2,1.0,0,0.0,0,0.0,0,0.0,1,0.5,0,0.0,2,0,0.0,2,1.0,1,0.5,0,0.0,1,0.5,0,0.0,2,1.0,1,0.5,0,0.0,1,0.5,0,0.0,0,0.0,1,0.5,0,0.0,1,0.5,0,0.0,2,0,2,0,0.0,1,0.5,0,0,0,1,2,0,0,0.0,0,0,1,0.5,1,0,0,0.0,0,0,0,0.0,0,0,0,0.0,0,0,0,0.0,0,0,0,0.0,0,1,1,0.5,1,0,0,0.0,0,0,1,0.5,1,0,1,0.5,1,0,0,0.0,0,0,0,0.0,0,0,0,0.0,0,0,0,0.0,0,0,0,0.0,0,0,1,0.5,1,1,1,0.5,1,0,0,0.0,0,0,0,0.0,0,0,1,0.5,1,0,0,0.0,0,0,2,1.0,2,0,0,0.0,0,0,0,0.0,0,0,0,0.0,0,0,0,0.0,0,0,0,0.0,0,2,2,1.0,0,0.0,0,0.0,1,0.5,0,0.0,1,0.5,0,0.0,1,0.5,SCC-PARTY-ec762c976078:1,SCC-PARTY-bc74f4f071a5:1,not_applicable,,,,,,,,,,,,,,,,,,,,,0,context-aggregation-v1.0-2026-07-27,article-features-v1.0-2026-07-27,context-cards-v1.0-pilot67-2026-07-27
ESWS-2026-05,ESWS-2026-05:ELECTION_WIDE,SCC-PARTY-bc74f4f071a5,cumulative,previous_30_days,mixed_local_national,1,1,1,1,0,0,1,0,0,1,0,0.0,0,0.0,0,0.0,1,1.0,,not_extracted,0,0.0,0,0.0,0,0.0,0,0.0,0,0.0,0,0.0,0,0,,0,,0,,0,,0,,0,,0,,0,,0,,0,,0,,0,,0,,0,,0,,0,,0,1,1,1,1.0,0,0.0,0,0,0,-1,1,0,0,0.0,0,0,1,1.0,1,0,0,0.0,0,0,0,0.0,0,0,0,0.0,0,0,0,0.0,0,0,0,0.0,0,0,0,0.0,0,0,1,1.0,1,0,0,0.0,0,0,0,0.0,0,0,0,0.0,0,0,0,0.0,0,0,0,0.0,0,0,0,0.0,0,0,0,0.0,0,0,1,1.0,1,0,0,0.0,0,0,0,0.0,0,0,0,0.0,0,0,0,0.0,0,0,1,1.0,1,0,0,0.0,0,0,0,0.0,0,0,0,0.0,0,0,0,0.0,0,1,1,1.0,1,0,1,1.0,1,1,1,1.0,1,1.0,0,0.0,1,1.0,0,0.0,0,0.0,0,0.0,1,1.0,SCC-PARTY-411cd345ed8f:1,SCC-PARTY-bc74f4f071a5:1,not_applicable,,,,,,,,,,,,,,,,,,,,,0,context-aggregation-v1.0-2026-07-27,article-features-v1.0-2026-07-27,context-cards-v1.0-pilot67-2026-07-27
ESWS-2026-05,ESWS-2026-05:ELECTION_WIDE,SCC-PARTY-bc74f4f071a5,cumulative,previous_72_hours,mixed_local_national,1,1,1,1,0,0,1,0,0,1,0,0.0,0,0.0,0,0.0,1,1.0,,not_extracted,0,0.0,0,0.0,0,0.0,0,0.0,0,0.0,0,0.0,0,0,,0,,0,,0,,0,,0,,0,,0,,0,,0,,0,,0,,0,,0,,0,,0,,0,1,1,1,1.0,0,0.0,0,0,0,-1,1,0,0,0.0,0,0,1,1.0,1,0,0,0.0,0,0,0,0.0,0,0,0,0.0,0,0,0,0.0,0,0,0,0.0,0,0,0,0.0,0,0,1,1.0,1,0,0,0.0,0,0,0,0.0,0,0,0,0.0,0,0,0,0.0,0,0,0,0.0,0,0,0,0.0,0,0,0,0.0,0,0,1,1.0,1,0,0,0.0,0,0,0,0.0,0,0,0,0.0,0,0,0,0.0,0,0,1,1.0,1,0,0,0.0,0,0,0,0.0,0,0,0,0.0,0,0,0,0.0,0,1,1,1.0,1,0,1,1.0,1,1,1,1.0,1,1.0,0,0.0,1,1.0,0,0.0,0,0.0,0,0.0,1,1.0,SCC-PARTY-411cd345ed8f:1,SCC-PARTY-bc74f4f071a5:1,not_applicable,,,,,,,,,,,,,,,,,,,,,0,context-aggregation-v1.0-2026-07-27,article-features-v1.0-2026-07-27,context-cards-v1.0-pilot67-2026-07-27
ESWS-2026-05,ESWS-2026-05:ELECTION_WIDE,SCC-PARTY-bc74f4f071a5,cumulative,previous_7_days,mixed_local_national,1,1,1,1,0,0,1,0,0,1,0,0.0,0,0.0,0,0.0,1,1.0,,not_extracted,0,0.0,0,0.0,0,0.0,0,0.0,0,0.0,0,0.0,0,0,,0,,0,,0,,0,,0,,0,,0,,0,,0,,0,,0,,0,,0,,0,,0,,0,1,1,1,1.0,0,0.0,0,0,0,-1,1,0,0,0.0,0,0,1,1.0,1,0,0,0.0,0,0,0,0.0,0,0,0,0.0,0,0,0,0.0,0,0,0,0.0,0,0,0,0.0,0,0,1,1.0,1,0,0,0.0,0,0,0,0.0,0,0,0,0.0,0,0,0,0.0,0,0,0,0.0,0,0,0,0.0,0,0,0,0.0,0,0,1,1.0,1,0,0,0.0,0,0,0,0.0,0,0,0,0.0,0,0,0,0.0,0,0,1,1.0,1,0,0,0.0,0,0,0,0.0,0,0,0,0.0,0,0,0,0.0,0,1,1,1.0,1,0,1,1.0,1,1,1,1.0,1,1.0,0,0.0,1,1.0,0,0.0,0,0.0,0,0.0,1,1.0,SCC-PARTY-411cd345ed8f:1,SCC-PARTY-bc74f4f071a5:1,not_applicable,,,,,,,,,,,,,,,,,,,,,0,context-aggregation-v1.0-2026-07-27,article-features-v1.0-2026-07-27,context-cards-v1.0-pilot67-2026-07-27
ESWS-2026-05,ESWS-2026-05:ELECTION_WIDE,SCC-PARTY-bc74f4f071a5,cumulative,previous_90_days,mixed_local_national,1,1,1,1,0,0,1,0,0,1,0,0.0,0,0.0,0,0.0,1,1.0,,not_extracted,0,0.0,0,0.0,0,0.0,0,0.0,0,0.0,0,0.0,0,0,,0,,0,,0,,0,,0,,0,,0,,0,,0,,0,,0,,0,,0,,0,,0,,0,1,1,1,1.0,0,0.0,0,0,0,-1,1,0,0,0.0,0,0,1,1.0,1,0,0,0.0,0,0,0,0.0,0,0,0,0.0,0,0,0,0.0,0,0,0,0.0,0,0,0,0.0,0,0,1,1.0,1,0,0,0.0,0,0,0,0.0,0,0,0,0.0,0,0,0,0.0,0,0,0,0.0,0,0,0,0.0,0,0,0,0.0,0,0,1,1.0,1,0,0,0.0,0,0,0,0.0,0,0,0,0.0,0,0,0,0.0,0,0,1,1.0,1,0,0,0.0,0,0,0,0.0,0,0,0,0.0,0,0,0,0.0,0,1,1,1.0,1,0,1,1.0,1,1,1,1.0,1,1.0,0,0.0,1,1.0,0,0.0,0,0.0,0,0.0,1,1.0,SCC-PARTY-411cd345ed8f:1,SCC-PARTY-bc74f4f071a5:1,not_applicable,,,,,,,,,,,,,,,,,,,,,0,context-aggregation-v1.0-2026-07-27,article-features-v1.0-2026-07-27,context-cards-v1.0-pilot67-2026-07-27
ESWS-2026-05,ESWS-2026-05:ELECTION_WIDE,SCC-PARTY-bc74f4f071a5,individual,180_to_91_days,national_political,2,1,1,2,2,2,2,0,1,2,2,1.0,0,0.0,0,0.0,0,0.0,,not_extracted,2,1.0,0,0.0,0,0.0,0,0.0,1,0.5,0,0.0,2,0,0.0,2,1.0,1,0.5,0,0.0,1,0.5,0,0.0,2,1.0,1,0.5,0,0.0,1,0.5,0,0.0,0,0.0,1,0.5,0,0.0,1,0.5,0,0.0,2,0,2,0,0.0,1,0.5,0,0,0,1,2,0,0,0.0,0,0,1,0.5,1,0,0,0.0,0,0,0,0.0,0,0,0,0.0,0,0,0,0.0,0,0,0,0.0,0,1,1,0.5,1,0,0,0.0,0,0,1,0.5,1,0,1,0.5,1,0,0,0.0,0,0,0,0.0,0,0,0,0.0,0,0,0,0.0,0,0,0,0.0,0,0,1,0.5,1,1,1,0.5,1,0,0,0.0,0,0,0,0.0,0,0,1,0.5,1,0,0,0.0,0,0,2,1.0,2,0,0,0.0,0,0,0,0.0,0,0,0,0.0,0,0,0,0.0,0,0,0,0.0,0,2,2,1.0,0,0.0,0,0.0,1,0.5,0,0.0,1,0.5,0,0.0,1,0.5,SCC-PARTY-ec762c976078:1,SCC-PARTY-bc74f4f071a5:1,not_applicable,,,,,,,,,,,,,,,,,,,,,0,context-aggregation-v1.0-2026-07-27,article-features-v1.0-2026-07-27,context-cards-v1.0-pilot67-2026-07-27
ESWS-2026-05,ESWS-2026-05:ELECTION_WIDE,SCC-PARTY-bc74f4f071a5,individual,final_72_hours,mixed_local_national,1,1,1,1,0,0,1,0,0,1,0,0.0,0,0.0,0,0.0,1,1.0,,not_extracted,0,0.0,0,0.0,0,0.0,0,0.0,0,0.0,0,0.0,0,0,,0,,0,,0,,0,,0,,0,,0,,0,,0,,0,,0,,0,,0,,0,,0,,0,1,1,1,1.0,0,0.0,0,0,0,-1,1,0,0,0.0,0,0,1,1.0,1,0,0,0.0,0,0,0,0.0,0,0,0,0.0,0,0,0,0.0,0,0,0,0.0,0,0,0,0.0,0,0,1,1.0,1,0,0,0.0,0,0,0,0.0,0,0,0,0.0,0,0,0,0.0,0,0,0,0.0,0,0,0,0.0,0,0,0,0.0,0,0,1,1.0,1,0,0,0.0,0,0,0,0.0,0,0,0,0.0,0,0,0,0.0,0,0,1,1.0,1,0,0,0.0,0,0,0,0.0,0,0,0,0.0,0,0,0,0.0,0,1,1,1.0,1,0,1,1.0,1,1,1,1.0,1,1.0,0,0.0,1,1.0,0,0.0,0,0.0,0,0.0,1,1.0,SCC-PARTY-411cd345ed8f:1,SCC-PARTY-bc74f4f071a5:1,not_applicable,,,,,,,,,,,,,,,,,,,,,0,context-aggregation-v1.0-2026-07-27,article-features-v1.0-2026-07-27,context-cards-v1.0-pilot67-2026-07-27
ESWS-2026-05,ESWS-2026-05:ELECTION_WIDE,SCC-PARTY-ec762c976078,cumulative,previous_14_days,mixed_local_national,1,1,1,1,0,0,1,8,0,1,1,1.0,0,0.0,0,0.0,0,0.0,,not_extracted,1,1.0,0,0.0,1,1.0,0,0.0,0,0.0,0,0.0,0,0,,0,,0,,0,,0,,0,,0,,0,,0,,0,,0,,0,,0,,0,,0,,0,,0,1,1,0,0.0,1,1.0,0,0,0,1,1,0,0,0.0,0,0,1,1.0,1,0,0,0.0,0,0,0,0.0,0,0,0,0.0,0,0,0,0.0,0,0,0,0.0,0,0,0,0.0,0,0,1,1.0,1,0,0,0.0,0,0,0,0.0,0,0,0,0.0,0,0,0,0.0,0,0,0,0.0,0,0,0,0.0,0,0,0,0.0,0,0,1,1.0,1,0,0,0.0,0,0,0,0.0,0,0,0,0.0,0,0,0,0.0,0,0,1,1.0,1,0,0,0.0,0,0,0,0.0,0,0,0,0.0,0,0,0,0.0,0,1,1,1.0,1,0,1,1.0,1,1,1,1.0,0,0.0,0,0.0,0,0.0,0,0.0,1,1.0,0,0.0,1,1.0,SCC-PARTY-42dc7e4f3f94:1,SCC-PARTY-ec762c976078:1,not_applicable,,,,,,,,,,,,,,,,,,,,,0,context-aggregation-v1.0-2026-07-27,article-features-v1.0-2026-07-27,context-cards-v1.0-pilot67-2026-07-27
ESWS-2026-05,ESWS-2026-05:ELECTION_WIDE,SCC-PARTY-ec762c976078,cumulative,previous_180_days,mixed_local_national,1,1,1,1,0,0,1,8,0,1,1,1.0,0,0.0,0,0.0,0,0.0,,not_extracted,1,1.0,0,0.0,1,1.0,0,0.0,0,0.0,0,0.0,0,0,,0,,0,,0,,0,,0,,0,,0,,0,,0,,0,,0,,0,,0,,0,,0,,0,1,1,0,0.0,1,1.0,0,0,0,1,1,0,0,0.0,0,0,1,1.0,1,0,0,0.0,0,0,0,0.0,0,0,0,0.0,0,0,0,0.0,0,0,0,0.0,0,0,0,0.0,0,0,1,1.0,1,0,0,0.0,0,0,0,0.0,0,0,0,0.0,0,0,0,0.0,0,0,0,0.0,0,0,0,0.0,0,0,0,0.0,0,0,1,1.0,1,0,0,0.0,0,0,0,0.0,0,0,0,0.0,0,0,0,0.0,0,0,1,1.0,1,0,0,0.0,0,0,0,0.0,0,0,0,0.0,0,0,0,0.0,0,1,1,1.0,1,0,1,1.0,1,1,1,1.0,0,0.0,0,0.0,0,0.0,0,0.0,1,1.0,0,0.0,1,1.0,SCC-PARTY-42dc7e4f3f94:1,SCC-PARTY-ec762c976078:1,not_applicable,,,,,,,,,,,,,,,,,,,,,0,context-aggregation-v1.0-2026-07-27,article-features-v1.0-2026-07-27,context-cards-v1.0-pilot67-2026-07-27
ESWS-2026-05,ESWS-2026-05:ELECTION_WIDE,SCC-PARTY-ec762c976078,cumulative,previous_180_days,national_political,2,1,1,2,2,2,2,0,1,2,1,0.5,0,0.0,0,0.0,1,0.5,,not_extracted,1,0.5,0,0.0,0,0.0,0,0.0,1,0.5,0,0.0,2,0,0.0,2,1.0,1,0.5,0,0.0,1,0.5,0,0.0,2,1.0,1,0.5,0,0.0,1,0.5,0,0.0,0,0.0,1,0.5,0,0.0,1,0.5,0,0.0,2,0,2,0,0.0,0,0.0,0,0,0,0,2,0,0,0.0,0,0,1,0.5,1,0,0,0.0,0,0,0,0.0,0,0,0,0.0,0,0,0,0.0,0,0,0,0.0,0,1,1,0.5,1,0,0,0.0,0,0,1,0.5,1,0,1,0.5,1,0,0,0.0,0,0,0,0.0,0,0,0,0.0,0,0,0,0.0,0,0,0,0.0,0,0,1,0.5,1,1,1,0.5,1,0,0,0.0,0,0,0,0.0,0,0,1,0.5,1,0,0,0.0,0,0,2,1.0,2,0,0,0.0,0,0,0,0.0,0,0,0,0.0,0,0,0,0.0,0,0,0,0.0,0,2,1,0.5,1,0.5,0,0.0,0,0.0,0,0.0,1,0.5,0,0.0,1,0.5,SCC-PARTY-ec762c976078:1,SCC-PARTY-bc74f4f071a5:1,not_applicable,,,,,,,,,,,,,,,,,,,,,0,context-aggregation-v1.0-2026-07-27,article-features-v1.0-2026-07-27,context-cards-v1.0-pilot67-2026-07-27
ESWS-2026-05,ESWS-2026-05:ELECTION_WIDE,SCC-PARTY-ec762c976078,cumulative,previous_30_days,mixed_local_national,1,1,1,1,0,0,1,8,0,1,1,1.0,0,0.0,0,0.0,0,0.0,,not_extracted,1,1.0,0,0.0,1,1.0,0,0.0,0,0.0,0,0.0,0,0,,0,,0,,0,,0,,0,,0,,0,,0,,0,,0,,0,,0,,0,,0,,0,,0,1,1,0,0.0,1,1.0,0,0,0,1,1,0,0,0.0,0,0,1,1.0,1,0,0,0.0,0,0,0,0.0,0,0,0,0.0,0,0,0,0.0,0,0,0,0.0,0,0,0,0.0,0,0,1,1.0,1,0,0,0.0,0,0,0,0.0,0,0,0,0.0,0,0,0,0.0,0,0,0,0.0,0,0,0,0.0,0,0,0,0.0,0,0,1,1.0,1,0,0,0.0,0,0,0,0.0,0,0,0,0.0,0,0,0,0.0,0,0,1,1.0,1,0,0,0.0,0,0,0,0.0,0,0,0,0.0,0,0,0,0.0,0,1,1,1.0,1,0,1,1.0,1,1,1,1.0,0,0.0,0,0.0,0,0.0,0,0.0,1,1.0,0,0.0,1,1.0,SCC-PARTY-42dc7e4f3f94:1,SCC-PARTY-ec762c976078:1,not_applicable,,,,,,,,,,,,,,,,,,,,,0,context-aggregation-v1.0-2026-07-27,article-features-v1.0-2026-07-27,context-cards-v1.0-pilot67-2026-07-27
ESWS-2026-05,ESWS-2026-05:ELECTION_WIDE,SCC-PARTY-ec762c976078,cumulative,previous_72_hours,mixed_local_national,1,1,1,1,0,0,1,8,0,1,1,1.0,0,0.0,0,0.0,0,0.0,,not_extracted,1,1.0,0,0.0,1,1.0,0,0.0,0,0.0,0,0.0,0,0,,0,,0,,0,,0,,0,,0,,0,,0,,0,,0,,0,,0,,0,,0,,0,,0,1,1,0,0.0,1,1.0,0,0,0,1,1,0,0,0.0,0,0,1,1.0,1,0,0,0.0,0,0,0,0.0,0,0,0,0.0,0,0,0,0.0,0,0,0,0.0,0,0,0,0.0,0,0,1,1.0,1,0,0,0.0,0,0,0,0.0,0,0,0,0.0,0,0,0,0.0,0,0,0,0.0,0,0,0,0.0,0,0,0,0.0,0,0,1,1.0,1,0,0,0.0,0,0,0,0.0,0,0,0,0.0,0,0,0,0.0,0,0,1,1.0,1,0,0,0.0,0,0,0,0.0,0,0,0,0.0,0,0,0,0.0,0,1,1,1.0,1,0,1,1.0,1,1,1,1.0,0,0.0,0,0.0,0,0.0,0,0.0,1,1.0,0,0.0,1,1.0,SCC-PARTY-42dc7e4f3f94:1,SCC-PARTY-ec762c976078:1,not_applicable,,,,,,,,,,,,,,,,,,,,,0,context-aggregation-v1.0-2026-07-27,article-features-v1.0-2026-07-27,context-cards-v1.0-pilot67-2026-07-27
ESWS-2026-05,ESWS-2026-05:ELECTION_WIDE,SCC-PARTY-ec762c976078,cumulative,previous_7_days,mixed_local_national,1,1,1,1,0,0,1,8,0,1,1,1.0,0,0.0,0,0.0,0,0.0,,not_extracted,1,1.0,0,0.0,1,1.0,0,0.0,0,0.0,0,0.0,0,0,,0,,0,,0,,0,,0,,0,,0,,0,,0,,0,,0,,0,,0,,0,,0,,0,1,1,0,0.0,1,1.0,0,0,0,1,1,0,0,0.0,0,0,1,1.0,1,0,0,0.0,0,0,0,0.0,0,0,0,0.0,0,0,0,0.0,0,0,0,0.0,0,0,0,0.0,0,0,1,1.0,1,0,0,0.0,0,0,0,0.0,0,0,0,0.0,0,0,0,0.0,0,0,0,0.0,0,0,0,0.0,0,0,0,0.0,0,0,1,1.0,1,0,0,0.0,0,0,0,0.0,0,0,0,0.0,0,0,0,0.0,0,0,1,1.0,1,0,0,0.0,0,0,0,0.0,0,0,0,0.0,0,0,0,0.0,0,1,1,1.0,1,0,1,1.0,1,1,1,1.0,0,0.0,0,0.0,0,0.0,0,0.0,1,1.0,0,0.0,1,1.0,SCC-PARTY-42dc7e4f3f94:1,SCC-PARTY-ec762c976078:1,not_applicable,,,,,,,,,,,,,,,,,,,,,0,context-aggregation-v1.0-2026-07-27,article-features-v1.0-2026-07-27,context-cards-v1.0-pilot67-2026-07-27
ESWS-2026-05,ESWS-2026-05:ELECTION_WIDE,SCC-PARTY-ec762c976078,cumulative,previous_90_days,mixed_local_national,1,1,1,1,0,0,1,8,0,1,1,1.0,0,0.0,0,0.0,0,0.0,,not_extracted,1,1.0,0,0.0,1,1.0,0,0.0,0,0.0,0,0.0,0,0,,0,,0,,0,,0,,0,,0,,0,,0,,0,,0,,0,,0,,0,,0,,0,,0,1,1,0,0.0,1,1.0,0,0,0,1,1,0,0,0.0,0,0,1,1.0,1,0,0,0.0,0,0,0,0.0,0,0,0,0.0,0,0,0,0.0,0,0,0,0.0,0,0,0,0.0,0,0,1,1.0,1,0,0,0.0,0,0,0,0.0,0,0,0,0.0,0,0,0,0.0,0,0,0,0.0,0,0,0,0.0,0,0,0,0.0,0,0,1,1.0,1,0,0,0.0,0,0,0,0.0,0,0,0,0.0,0,0,0,0.0,0,0,1,1.0,1,0,0,0.0,0,0,0,0.0,0,0,0,0.0,0,0,0,0.0,0,1,1,1.0,1,0,1,1.0,1,1,1,1.0,0,0.0,0,0.0,0,0.0,0,0.0,1,1.0,0,0.0,1,1.0,SCC-PARTY-42dc7e4f3f94:1,SCC-PARTY-ec762c976078:1,not_applicable,,,,,,,,,,,,,,,,,,,,,0,context-aggregation-v1.0-2026-07-27,article-features-v1.0-2026-07-27,context-cards-v1.0-pilot67-2026-07-27
ESWS-2026-05,ESWS-2026-05:ELECTION_WIDE,SCC-PARTY-ec762c976078,individual,180_to_91_days,national_political,2,1,1,2,2,2,2,0,1,2,1,0.5,0,0.0,0,0.0,1,0.5,,not_extracted,1,0.5,0,0.0,0,0.0,0,0.0,1,0.5,0,0.0,2,0,0.0,2,1.0,1,0.5,0,0.0,1,0.5,0,0.0,2,1.0,1,0.5,0,0.0,1,0.5,0,0.0,0,0.0,1,0.5,0,0.0,1,0.5,0,0.0,2,0,2,0,0.0,0,0.0,0,0,0,0,2,0,0,0.0,0,0,1,0.5,1,0,0,0.0,0,0,0,0.0,0,0,0,0.0,0,0,0,0.0,0,0,0,0.0,0,1,1,0.5,1,0,0,0.0,0,0,1,0.5,1,0,1,0.5,1,0,0,0.0,0,0,0,0.0,0,0,0,0.0,0,0,0,0.0,0,0,0,0.0,0,0,1,0.5,1,1,1,0.5,1,0,0,0.0,0,0,0,0.0,0,0,1,0.5,1,0,0,0.0,0,0,2,1.0,2,0,0,0.0,0,0,0,0.0,0,0,0,0.0,0,0,0,0.0,0,0,0,0.0,0,2,1,0.5,1,0.5,0,0.0,0,0.0,0,0.0,1,0.5,0,0.0,1,0.5,SCC-PARTY-ec762c976078:1,SCC-PARTY-bc74f4f071a5:1,not_applicable,,,,,,,,,,,,,,,,,,,,,0,context-aggregation-v1.0-2026-07-27,article-features-v1.0-2026-07-27,context-cards-v1.0-pilot67-2026-07-27
ESWS-2026-05,ESWS-2026-05:ELECTION_WIDE,SCC-PARTY-ec762c976078,individual,final_72_hours,mixed_local_national,1,1,1,1,0,0,1,8,0,1,1,1.0,0,0.0,0,0.0,0,0.0,,not_extracted,1,1.0,0,0.0,1,1.0,0,0.0,0,0.0,0,0.0,0,0,,0,,0,,0,,0,,0,,0,,0,,0,,0,,0,,0,,0,,0,,0,,0,,0,1,1,0,0.0,1,1.0,0,0,0,1,1,0,0,0.0,0,0,1,1.0,1,0,0,0.0,0,0,0,0.0,0,0,0,0.0,0,0,0,0.0,0,0,0,0.0,0,0,0,0.0,0,0,1,1.0,1,0,0,0.0,0,0,0,0.0,0,0,0,0.0,0,0,0,0.0,0,0,0,0.0,0,0,0,0.0,0,0,0,0.0,0,0,1,1.0,1,0,0,0.0,0,0,0,0.0,0,0,0,0.0,0,0,0,0.0,0,0,1,1.0,1,0,0,0.0,0,0,0,0.0,0,0,0,0.0,0,0,0,0.0,0,1,1,1.0,1,0,1,1.0,1,1,1,1.0,0,0.0,0,0.0,0,0.0,0,0.0,1,1.0,0,0.0,1,1.0,SCC-PARTY-42dc7e4f3f94:1,SCC-PARTY-ec762c976078:1,not_applicable,,,,,,,,,,,,,,,,,,,,,0,context-aggregation-v1.0-2026-07-27,article-features-v1.0-2026-07-27,context-cards-v1.0-pilot67-2026-07-27
ESWS-2026-05,ESWS-2026-05:Egham Ward,(no_focal_party),cumulative,previous_14_days,surrey_wide_local,1,1,1,1,1,1,0,0,0,0,0,,0,,0,,0,,,not_extracted,0,,0,,0,,0,,0,,0,,1,1,1.0,0,0.0,0,0.0,0,0.0,0,0.0,0,0.0,0,0.0,0,0.0,1,1.0,0,0.0,0,0.0,0,0.0,0,0.0,0,0.0,0,0.0,0,0.0,1,0,0,0,,0,,0,0,0,0,1,0,0,0.0,0,0,0,0.0,0,0,1,1.0,1,0,0,0.0,0,0,0,0.0,0,0,0,0.0,0,0,0,0.0,0,0,1,1.0,1,0,0,0.0,0,0,0,0.0,0,0,0,0.0,0,0,0,0.0,0,0,0,0.0,0,1,1,1.0,1,0,0,0.0,0,0,0,0.0,0,0,0,0.0,0,0,0,0.0,0,0,0,0.0,0,0,0,0.0,0,0,0,0.0,0,0,0,0.0,0,0,0,0.0,0,0,0,0.0,0,0,0,0.0,0,0,0,0.0,0,0,0,0.0,0,0,0,0.0,0,0,0,,0,,0,,0,,0,,0,,0,,0,,,,not_applicable,,,,,,,,,,,,,,,,,,,,,0,context-aggregation-v1.0-2026-07-27,article-features-v1.0-2026-07-27,context-cards-v1.0-pilot67-2026-07-27
ESWS-2026-05,ESWS-2026-05:Egham Ward,(no_focal_party),cumulative,previous_180_days,surrey_wide_local,1,1,1,1,1,1,0,0,0,0,0,,0,,0,,0,,,not_extracted,0,,0,,0,,0,,0,,0,,1,1,1.0,0,0.0,0,0.0,0,0.0,0,0.0,0,0.0,0,0.0,0,0.0,1,1.0,0,0.0,0,0.0,0,0.0,0,0.0,0,0.0,0,0.0,0,0.0,1,0,0,0,,0,,0,0,0,0,1,0,0,0.0,0,0,0,0.0,0,0,1,1.0,1,0,0,0.0,0,0,0,0.0,0,0,0,0.0,0,0,0,0.0,0,0,1,1.0,1,0,0,0.0,0,0,0,0.0,0,0,0,0.0,0,0,0,0.0,0,0,0,0.0,0,1,1,1.0,1,0,0,0.0,0,0,0,0.0,0,0,0,0.0,0,0,0,0.0,0,0,0,0.0,0,0,0,0.0,0,0,0,0.0,0,0,0,0.0,0,0,0,0.0,0,0,0,0.0,0,0,0,0.0,0,0,0,0.0,0,0,0,0.0,0,0,0,0.0,0,0,0,,0,,0,,0,,0,,0,,0,,0,,,,not_applicable,,,,,,,,,,,,,,,,,,,,,0,context-aggregation-v1.0-2026-07-27,article-features-v1.0-2026-07-27,context-cards-v1.0-pilot67-2026-07-27
ESWS-2026-05,ESWS-2026-05:Egham Ward,(no_focal_party),cumulative,previous_30_days,surrey_wide_local,1,1,1,1,1,1,0,0,0,0,0,,0,,0,,0,,,not_extracted,0,,0,,0,,0,,0,,0,,1,1,1.0,0,0.0,0,0.0,0,0.0,0,0.0,0,0.0,0,0.0,0,0.0,1,1.0,0,0.0,0,0.0,0,0.0,0,0.0,0,0.0,0,0.0,0,0.0,1,0,0,0,,0,,0,0,0,0,1,0,0,0.0,0,0,0,0.0,0,0,1,1.0,1,0,0,0.0,0,0,0,0.0,0,0,0,0.0,0,0,0,0.0,0,0,1,1.0,1,0,0,0.0,0,0,0,0.0,0,0,0,0.0,0,0,0,0.0,0,0,0,0.0,0,1,1,1.0,1,0,0,0.0,0,0,0,0.0,0,0,0,0.0,0,0,0,0.0,0,0,0,0.0,0,0,0,0.0,0,0,0,0.0,0,0,0,0.0,0,0,0,0.0,0,0,0,0.0,0,0,0,0.0,0,0,0,0.0,0,0,0,0.0,0,0,0,0.0,0,0,0,,0,,0,,0,,0,,0,,0,,0,,,,not_applicable,,,,,,,,,,,,,,,,,,,,,0,context-aggregation-v1.0-2026-07-27,article-features-v1.0-2026-07-27,context-cards-v1.0-pilot67-2026-07-27
ESWS-2026-05,ESWS-2026-05:Egham Ward,(no_focal_party),cumulative,previous_72_hours,surrey_wide_local,1,1,1,1,1,1,0,0,0,0,0,,0,,0,,0,,,not_extracted,0,,0,,0,,0,,0,,0,,1,1,1.0,0,0.0,0,0.0,0,0.0,0,0.0,0,0.0,0,0.0,0,0.0,1,1.0,0,0.0,0,0.0,0,0.0,0,0.0,0,0.0,0,0.0,0,0.0,1,0,0,0,,0,,0,0,0,0,1,0,0,0.0,0,0,0,0.0,0,0,1,1.0,1,0,0,0.0,0,0,0,0.0,0,0,0,0.0,0,0,0,0.0,0,0,1,1.0,1,0,0,0.0,0,0,0,0.0,0,0,0,0.0,0,0,0,0.0,0,0,0,0.0,0,1,1,1.0,1,0,0,0.0,0,0,0,0.0,0,0,0,0.0,0,0,0,0.0,0,0,0,0.0,0,0,0,0.0,0,0,0,0.0,0,0,0,0.0,0,0,0,0.0,0,0,0,0.0,0,0,0,0.0,0,0,0,0.0,0,0,0,0.0,0,0,0,0.0,0,0,0,,0,,0,,0,,0,,0,,0,,0,,,,not_applicable,,,,,,,,,,,,,,,,,,,,,0,context-aggregation-v1.0-2026-07-27,article-features-v1.0-2026-07-27,context-cards-v1.0-pilot67-2026-07-27
ESWS-2026-05,ESWS-2026-05:Egham Ward,(no_focal_party),cumulative,previous_7_days,surrey_wide_local,1,1,1,1,1,1,0,0,0,0,0,,0,,0,,0,,,not_extracted,0,,0,,0,,0,,0,,0,,1,1,1.0,0,0.0,0,0.0,0,0.0,0,0.0,0,0.0,0,0.0,0,0.0,1,1.0,0,0.0,0,0.0,0,0.0,0,0.0,0,0.0,0,0.0,0,0.0,1,0,0,0,,0,,0,0,0,0,1,0,0,0.0,0,0,0,0.0,0,0,1,1.0,1,0,0,0.0,0,0,0,0.0,0,0,0,0.0,0,0,0,0.0,0,0,1,1.0,1,0,0,0.0,0,0,0,0.0,0,0,0,0.0,0,0,0,0.0,0,0,0,0.0,0,1,1,1.0,1,0,0,0.0,0,0,0,0.0,0,0,0,0.0,0,0,0,0.0,0,0,0,0.0,0,0,0,0.0,0,0,0,0.0,0,0,0,0.0,0,0,0,0.0,0,0,0,0.0,0,0,0,0.0,0,0,0,0.0,0,0,0,0.0,0,0,0,0.0,0,0,0,,0,,0,,0,,0,,0,,0,,0,,,,not_applicable,,,,,,,,,,,,,,,,,,,,,0,context-aggregation-v1.0-2026-07-27,article-features-v1.0-2026-07-27,context-cards-v1.0-pilot67-2026-07-27
ESWS-2026-05,ESWS-2026-05:Egham Ward,(no_focal_party),cumulative,previous_90_days,surrey_wide_local,1,1,1,1,1,1,0,0,0,0,0,,0,,0,,0,,,not_extracted,0,,0,,0,,0,,0,,0,,1,1,1.0,0,0.0,0,0.0,0,0.0,0,0.0,0,0.0,0,0.0,0,0.0,1,1.0,0,0.0,0,0.0,0,0.0,0,0.0,0,0.0,0,0.0,0,0.0,1,0,0,0,,0,,0,0,0,0,1,0,0,0.0,0,0,0,0.0,0,0,1,1.0,1,0,0,0.0,0,0,0,0.0,0,0,0,0.0,0,0,0,0.0,0,0,1,1.0,1,0,0,0.0,0,0,0,0.0,0,0,0,0.0,0,0,0,0.0,0,0,0,0.0,0,1,1,1.0,1,0,0,0.0,0,0,0,0.0,0,0,0,0.0,0,0,0,0.0,0,0,0,0.0,0,0,0,0.0,0,0,0,0.0,0,0,0,0.0,0,0,0,0.0,0,0,0,0.0,0,0,0,0.0,0,0,0,0.0,0,0,0,0.0,0,0,0,0.0,0,0,0,,0,,0,,0,,0,,0,,0,,0,,,,not_applicable,,,,,,,,,,,,,,,,,,,,,0,context-aggregation-v1.0-2026-07-27,article-features-v1.0-2026-07-27,context-cards-v1.0-pilot67-2026-07-27
ESWS-2026-05,ESWS-2026-05:Egham Ward,(no_focal_party),individual,final_72_hours,surrey_wide_local,1,1,1,1,1,1,0,0,0,0,0,,0,,0,,0,,,not_extracted,0,,0,,0,,0,,0,,0,,1,1,1.0,0,0.0,0,0.0,0,0.0,0,0.0,0,0.0,0,0.0,0,0.0,1,1.0,0,0.0,0,0.0,0,0.0,0,0.0,0,0.0,0,0.0,0,0.0,1,0,0,0,,0,,0,0,0,0,1,0,0,0.0,0,0,0,0.0,0,0,1,1.0,1,0,0,0.0,0,0,0,0.0,0,0,0,0.0,0,0,0,0.0,0,0,1,1.0,1,0,0,0.0,0,0,0,0.0,0,0,0,0.0,0,0,0,0.0,0,0,0,0.0,0,1,1,1.0,1,0,0,0.0,0,0,0,0.0,0,0,0,0.0,0,0,0,0.0,0,0,0,0.0,0,0,0,0.0,0,0,0,0.0,0,0,0,0.0,0,0,0,0.0,0,0,0,0.0,0,0,0,0.0,0,0,0,0.0,0,0,0,0.0,0,0,0,0.0,0,0,0,,0,,0,,0,,0,,0,,0,,0,,,,not_applicable,,,,,,,,,,,,,,,,,,,,,0,context-aggregation-v1.0-2026-07-27,article-features-v1.0-2026-07-27,context-cards-v1.0-pilot67-2026-07-27
ESWS-2026-05,ESWS-2026-05:Englefield Green & Virginia Water Ward,(no_focal_party),cumulative,previous_14_days,surrey_wide_local,1,1,1,1,1,1,0,0,0,0,0,,0,,0,,0,,,not_extracted,0,,0,,0,,0,,0,,0,,1,1,1.0,0,0.0,0,0.0,0,0.0,0,0.0,0,0.0,0,0.0,0,0.0,1,1.0,0,0.0,0,0.0,0,0.0,0,0.0,0,0.0,0,0.0,0,0.0,1,0,0,0,,0,,0,0,0,0,1,0,0,0.0,0,0,0,0.0,0,0,1,1.0,1,0,0,0.0,0,0,0,0.0,0,0,0,0.0,0,0,0,0.0,0,0,1,1.0,1,0,0,0.0,0,0,0,0.0,0,0,0,0.0,0,0,0,0.0,0,0,0,0.0,0,1,1,1.0,1,0,0,0.0,0,0,0,0.0,0,0,0,0.0,0,0,0,0.0,0,0,0,0.0,0,0,0,0.0,0,0,0,0.0,0,0,0,0.0,0,0,0,0.0,0,0,0,0.0,0,0,0,0.0,0,0,0,0.0,0,0,0,0.0,0,0,0,0.0,0,0,0,,0,,0,,0,,0,,0,,0,,0,,,,not_applicable,,,,,,,,,,,,,,,,,,,,,0,context-aggregation-v1.0-2026-07-27,article-features-v1.0-2026-07-27,context-cards-v1.0-pilot67-2026-07-27
ESWS-2026-05,ESWS-2026-05:Englefield Green & Virginia Water Ward,(no_focal_party),cumulative,previous_180_days,surrey_wide_local,1,1,1,1,1,1,0,0,0,0,0,,0,,0,,0,,,not_extracted,0,,0,,0,,0,,0,,0,,1,1,1.0,0,0.0,0,0.0,0,0.0,0,0.0,0,0.0,0,0.0,0,0.0,1,1.0,0,0.0,0,0.0,0,0.0,0,0.0,0,0.0,0,0.0,0,0.0,1,0,0,0,,0,,0,0,0,0,1,0,0,0.0,0,0,0,0.0,0,0,1,1.0,1,0,0,0.0,0,0,0,0.0,0,0,0,0.0,0,0,0,0.0,0,0,1,1.0,1,0,0,0.0,0,0,0,0.0,0,0,0,0.0,0,0,0,0.0,0,0,0,0.0,0,1,1,1.0,1,0,0,0.0,0,0,0,0.0,0,0,0,0.0,0,0,0,0.0,0,0,0,0.0,0,0,0,0.0,0,0,0,0.0,0,0,0,0.0,0,0,0,0.0,0,0,0,0.0,0,0,0,0.0,0,0,0,0.0,0,0,0,0.0,0,0,0,0.0,0,0,0,,0,,0,,0,,0,,0,,0,,0,,,,not_applicable,,,,,,,,,,,,,,,,,,,,,0,context-aggregation-v1.0-2026-07-27,article-features-v1.0-2026-07-27,context-cards-v1.0-pilot67-2026-07-27
ESWS-2026-05,ESWS-2026-05:Englefield Green & Virginia Water Ward,(no_focal_party),cumulative,previous_30_days,surrey_wide_local,1,1,1,1,1,1,0,0,0,0,0,,0,,0,,0,,,not_extracted,0,,0,,0,,0,,0,,0,,1,1,1.0,0,0.0,0,0.0,0,0.0,0,0.0,0,0.0,0,0.0,0,0.0,1,1.0,0,0.0,0,0.0,0,0.0,0,0.0,0,0.0,0,0.0,0,0.0,1,0,0,0,,0,,0,0,0,0,1,0,0,0.0,0,0,0,0.0,0,0,1,1.0,1,0,0,0.0,0,0,0,0.0,0,0,0,0.0,0,0,0,0.0,0,0,1,1.0,1,0,0,0.0,0,0,0,0.0,0,0,0,0.0,0,0,0,0.0,0,0,0,0.0,0,1,1,1.0,1,0,0,0.0,0,0,0,0.0,0,0,0,0.0,0,0,0,0.0,0,0,0,0.0,0,0,0,0.0,0,0,0,0.0,0,0,0,0.0,0,0,0,0.0,0,0,0,0.0,0,0,0,0.0,0,0,0,0.0,0,0,0,0.0,0,0,0,0.0,0,0,0,,0,,0,,0,,0,,0,,0,,0,,,,not_applicable,,,,,,,,,,,,,,,,,,,,,0,context-aggregation-v1.0-2026-07-27,article-features-v1.0-2026-07-27,context-cards-v1.0-pilot67-2026-07-27
ESWS-2026-05,ESWS-2026-05:Englefield Green & Virginia Water Ward,(no_focal_party),cumulative,previous_72_hours,surrey_wide_local,1,1,1,1,1,1,0,0,0,0,0,,0,,0,,0,,,not_extracted,0,,0,,0,,0,,0,,0,,1,1,1.0,0,0.0,0,0.0,0,0.0,0,0.0,0,0.0,0,0.0,0,0.0,1,1.0,0,0.0,0,0.0,0,0.0,0,0.0,0,0.0,0,0.0,0,0.0,1,0,0,0,,0,,0,0,0,0,1,0,0,0.0,0,0,0,0.0,0,0,1,1.0,1,0,0,0.0,0,0,0,0.0,0,0,0,0.0,0,0,0,0.0,0,0,1,1.0,1,0,0,0.0,0,0,0,0.0,0,0,0,0.0,0,0,0,0.0,0,0,0,0.0,0,1,1,1.0,1,0,0,0.0,0,0,0,0.0,0,0,0,0.0,0,0,0,0.0,0,0,0,0.0,0,0,0,0.0,0,0,0,0.0,0,0,0,0.0,0,0,0,0.0,0,0,0,0.0,0,0,0,0.0,0,0,0,0.0,0,0,0,0.0,0,0,0,0.0,0,0,0,,0,,0,,0,,0,,0,,0,,0,,,,not_applicable,,,,,,,,,,,,,,,,,,,,,0,context-aggregation-v1.0-2026-07-27,article-features-v1.0-2026-07-27,context-cards-v1.0-pilot67-2026-07-27
ESWS-2026-05,ESWS-2026-05:Englefield Green & Virginia Water Ward,(no_focal_party),cumulative,previous_7_days,surrey_wide_local,1,1,1,1,1,1,0,0,0,0,0,,0,,0,,0,,,not_extracted,0,,0,,0,,0,,0,,0,,1,1,1.0,0,0.0,0,0.0,0,0.0,0,0.0,0,0.0,0,0.0,0,0.0,1,1.0,0,0.0,0,0.0,0,0.0,0,0.0,0,0.0,0,0.0,0,0.0,1,0,0,0,,0,,0,0,0,0,1,0,0,0.0,0,0,0,0.0,0,0,1,1.0,1,0,0,0.0,0,0,0,0.0,0,0,0,0.0,0,0,0,0.0,0,0,1,1.0,1,0,0,0.0,0,0,0,0.0,0,0,0,0.0,0,0,0,0.0,0,0,0,0.0,0,1,1,1.0,1,0,0,0.0,0,0,0,0.0,0,0,0,0.0,0,0,0,0.0,0,0,0,0.0,0,0,0,0.0,0,0,0,0.0,0,0,0,0.0,0,0,0,0.0,0,0,0,0.0,0,0,0,0.0,0,0,0,0.0,0,0,0,0.0,0,0,0,0.0,0,0,0,,0,,0,,0,,0,,0,,0,,0,,,,not_applicable,,,,,,,,,,,,,,,,,,,,,0,context-aggregation-v1.0-2026-07-27,article-features-v1.0-2026-07-27,context-cards-v1.0-pilot67-2026-07-27
ESWS-2026-05,ESWS-2026-05:Englefield Green & Virginia Water Ward,(no_focal_party),cumulative,previous_90_days,surrey_wide_local,1,1,1,1,1,1,0,0,0,0,0,,0,,0,,0,,,not_extracted,0,,0,,0,,0,,0,,0,,1,1,1.0,0,0.0,0,0.0,0,0.0,0,0.0,0,0.0,0,0.0,0,0.0,1,1.0,0,0.0,0,0.0,0,0.0,0,0.0,0,0.0,0,0.0,0,0.0,1,0,0,0,,0,,0,0,0,0,1,0,0,0.0,0,0,0,0.0,0,0,1,1.0,1,0,0,0.0,0,0,0,0.0,0,0,0,0.0,0,0,0,0.0,0,0,1,1.0,1,0,0,0.0,0,0,0,0.0,0,0,0,0.0,0,0,0,0.0,0,0,0,0.0,0,1,1,1.0,1,0,0,0.0,0,0,0,0.0,0,0,0,0.0,0,0,0,0.0,0,0,0,0.0,0,0,0,0.0,0,0,0,0.0,0,0,0,0.0,0,0,0,0.0,0,0,0,0.0,0,0,0,0.0,0,0,0,0.0,0,0,0,0.0,0,0,0,0.0,0,0,0,,0,,0,,0,,0,,0,,0,,0,,,,not_applicable,,,,,,,,,,,,,,,,,,,,,0,context-aggregation-v1.0-2026-07-27,article-features-v1.0-2026-07-27,context-cards-v1.0-pilot67-2026-07-27
ESWS-2026-05,ESWS-2026-05:Englefield Green & Virginia Water Ward,(no_focal_party),individual,final_72_hours,surrey_wide_local,1,1,1,1,1,1,0,0,0,0,0,,0,,0,,0,,,not_extracted,0,,0,,0,,0,,0,,0,,1,1,1.0,0,0.0,0,0.0,0,0.0,0,0.0,0,0.0,0,0.0,0,0.0,1,1.0,0,0.0,0,0.0,0,0.0,0,0.0,0,0.0,0,0.0,0,0.0,1,0,0,0,,0,,0,0,0,0,1,0,0,0.0,0,0,0,0.0,0,0,1,1.0,1,0,0,0.0,0,0,0,0.0,0,0,0,0.0,0,0,0,0.0,0,0,1,1.0,1,0,0,0.0,0,0,0,0.0,0,0,0,0.0,0,0,0,0.0,0,0,0,0.0,0,1,1,1.0,1,0,0,0.0,0,0,0,0.0,0,0,0,0.0,0,0,0,0.0,0,0,0,0.0,0,0,0,0.0,0,0,0,0.0,0,0,0,0.0,0,0,0,0.0,0,0,0,0.0,0,0,0,0.0,0,0,0,0.0,0,0,0,0.0,0,0,0,0.0,0,0,0,,0,,0,,0,,0,,0,,0,,0,,,,not_applicable,,,,,,,,,,,,,,,,,,,,,0,context-aggregation-v1.0-2026-07-27,article-features-v1.0-2026-07-27,context-cards-v1.0-pilot67-2026-07-27
ESWS-2026-05,ESWS-2026-05:Farnham Central Ward,(no_focal_party),cumulative,previous_14_days,surrey_wide_local,1,1,1,1,1,1,0,0,0,0,0,,0,,0,,0,,,not_extracted,0,,0,,0,,0,,0,,0,,1,1,1.0,0,0.0,0,0.0,0,0.0,0,0.0,0,0.0,0,0.0,0,0.0,1,1.0,0,0.0,0,0.0,0,0.0,0,0.0,0,0.0,0,0.0,0,0.0,1,0,0,0,,0,,0,0,0,0,1,0,0,0.0,0,0,0,0.0,0,0,1,1.0,1,0,0,0.0,0,0,0,0.0,0,0,0,0.0,0,0,0,0.0,0,0,1,1.0,1,0,0,0.0,0,0,0,0.0,0,0,0,0.0,0,0,0,0.0,0,0,0,0.0,0,1,1,1.0,1,0,0,0.0,0,0,0,0.0,0,0,0,0.0,0,0,0,0.0,0,0,0,0.0,0,0,0,0.0,0,0,0,0.0,0,0,0,0.0,0,0,0,0.0,0,0,0,0.0,0,0,0,0.0,0,0,0,0.0,0,0,0,0.0,0,0,0,0.0,0,0,0,,0,,0,,0,,0,,0,,0,,0,,,,not_applicable,,,,,,,,,,,,,,,,,,,,,0,context-aggregation-v1.0-2026-07-27,article-features-v1.0-2026-07-27,context-cards-v1.0-pilot67-2026-07-27
ESWS-2026-05,ESWS-2026-05:Farnham Central Ward,(no_focal_party),cumulative,previous_180_days,surrey_wide_local,1,1,1,1,1,1,0,0,0,0,0,,0,,0,,0,,,not_extracted,0,,0,,0,,0,,0,,0,,1,1,1.0,0,0.0,0,0.0,0,0.0,0,0.0,0,0.0,0,0.0,0,0.0,1,1.0,0,0.0,0,0.0,0,0.0,0,0.0,0,0.0,0,0.0,0,0.0,1,0,0,0,,0,,0,0,0,0,1,0,0,0.0,0,0,0,0.0,0,0,1,1.0,1,0,0,0.0,0,0,0,0.0,0,0,0,0.0,0,0,0,0.0,0,0,1,1.0,1,0,0,0.0,0,0,0,0.0,0,0,0,0.0,0,0,0,0.0,0,0,0,0.0,0,1,1,1.0,1,0,0,0.0,0,0,0,0.0,0,0,0,0.0,0,0,0,0.0,0,0,0,0.0,0,0,0,0.0,0,0,0,0.0,0,0,0,0.0,0,0,0,0.0,0,0,0,0.0,0,0,0,0.0,0,0,0,0.0,0,0,0,0.0,0,0,0,0.0,0,0,0,,0,,0,,0,,0,,0,,0,,0,,,,not_applicable,,,,,,,,,,,,,,,,,,,,,0,context-aggregation-v1.0-2026-07-27,article-features-v1.0-2026-07-27,context-cards-v1.0-pilot67-2026-07-27
ESWS-2026-05,ESWS-2026-05:Farnham Central Ward,(no_focal_party),cumulative,previous_30_days,surrey_wide_local,1,1,1,1,1,1,0,0,0,0,0,,0,,0,,0,,,not_extracted,0,,0,,0,,0,,0,,0,,1,1,1.0,0,0.0,0,0.0,0,0.0,0,0.0,0,0.0,0,0.0,0,0.0,1,1.0,0,0.0,0,0.0,0,0.0,0,0.0,0,0.0,0,0.0,0,0.0,1,0,0,0,,0,,0,0,0,0,1,0,0,0.0,0,0,0,0.0,0,0,1,1.0,1,0,0,0.0,0,0,0,0.0,0,0,0,0.0,0,0,0,0.0,0,0,1,1.0,1,0,0,0.0,0,0,0,0.0,0,0,0,0.0,0,0,0,0.0,0,0,0,0.0,0,1,1,1.0,1,0,0,0.0,0,0,0,0.0,0,0,0,0.0,0,0,0,0.0,0,0,0,0.0,0,0,0,0.0,0,0,0,0.0,0,0,0,0.0,0,0,0,0.0,0,0,0,0.0,0,0,0,0.0,0,0,0,0.0,0,0,0,0.0,0,0,0,0.0,0,0,0,,0,,0,,0,,0,,0,,0,,0,,,,not_applicable,,,,,,,,,,,,,,,,,,,,,0,context-aggregation-v1.0-2026-07-27,article-features-v1.0-2026-07-27,context-cards-v1.0-pilot67-2026-07-27
ESWS-2026-05,ESWS-2026-05:Farnham Central Ward,(no_focal_party),cumulative,previous_72_hours,surrey_wide_local,1,1,1,1,1,1,0,0,0,0,0,,0,,0,,0,,,not_extracted,0,,0,,0,,0,,0,,0,,1,1,1.0,0,0.0,0,0.0,0,0.0,0,0.0,0,0.0,0,0.0,0,0.0,1,1.0,0,0.0,0,0.0,0,0.0,0,0.0,0,0.0,0,0.0,0,0.0,1,0,0,0,,0,,0,0,0,0,1,0,0,0.0,0,0,0,0.0,0,0,1,1.0,1,0,0,0.0,0,0,0,0.0,0,0,0,0.0,0,0,0,0.0,0,0,1,1.0,1,0,0,0.0,0,0,0,0.0,0,0,0,0.0,0,0,0,0.0,0,0,0,0.0,0,1,1,1.0,1,0,0,0.0,0,0,0,0.0,0,0,0,0.0,0,0,0,0.0,0,0,0,0.0,0,0,0,0.0,0,0,0,0.0,0,0,0,0.0,0,0,0,0.0,0,0,0,0.0,0,0,0,0.0,0,0,0,0.0,0,0,0,0.0,0,0,0,0.0,0,0,0,,0,,0,,0,,0,,0,,0,,0,,,,not_applicable,,,,,,,,,,,,,,,,,,,,,0,context-aggregation-v1.0-2026-07-27,article-features-v1.0-2026-07-27,context-cards-v1.0-pilot67-2026-07-27
ESWS-2026-05,ESWS-2026-05:Farnham Central Ward,(no_focal_party),cumulative,previous_7_days,surrey_wide_local,1,1,1,1,1,1,0,0,0,0,0,,0,,0,,0,,,not_extracted,0,,0,,0,,0,,0,,0,,1,1,1.0,0,0.0,0,0.0,0,0.0,0,0.0,0,0.0,0,0.0,0,0.0,1,1.0,0,0.0,0,0.0,0,0.0,0,0.0,0,0.0,0,0.0,0,0.0,1,0,0,0,,0,,0,0,0,0,1,0,0,0.0,0,0,0,0.0,0,0,1,1.0,1,0,0,0.0,0,0,0,0.0,0,0,0,0.0,0,0,0,0.0,0,0,1,1.0,1,0,0,0.0,0,0,0,0.0,0,0,0,0.0,0,0,0,0.0,0,0,0,0.0,0,1,1,1.0,1,0,0,0.0,0,0,0,0.0,0,0,0,0.0,0,0,0,0.0,0,0,0,0.0,0,0,0,0.0,0,0,0,0.0,0,0,0,0.0,0,0,0,0.0,0,0,0,0.0,0,0,0,0.0,0,0,0,0.0,0,0,0,0.0,0,0,0,0.0,0,0,0,,0,,0,,0,,0,,0,,0,,0,,,,not_applicable,,,,,,,,,,,,,,,,,,,,,0,context-aggregation-v1.0-2026-07-27,article-features-v1.0-2026-07-27,context-cards-v1.0-pilot67-2026-07-27
ESWS-2026-05,ESWS-2026-05:Farnham Central Ward,(no_focal_party),cumulative,previous_90_days,surrey_wide_local,1,1,1,1,1,1,0,0,0,0,0,,0,,0,,0,,,not_extracted,0,,0,,0,,0,,0,,0,,1,1,1.0,0,0.0,0,0.0,0,0.0,0,0.0,0,0.0,0,0.0,0,0.0,1,1.0,0,0.0,0,0.0,0,0.0,0,0.0,0,0.0,0,0.0,0,0.0,1,0,0,0,,0,,0,0,0,0,1,0,0,0.0,0,0,0,0.0,0,0,1,1.0,1,0,0,0.0,0,0,0,0.0,0,0,0,0.0,0,0,0,0.0,0,0,1,1.0,1,0,0,0.0,0,0,0,0.0,0,0,0,0.0,0,0,0,0.0,0,0,0,0.0,0,1,1,1.0,1,0,0,0.0,0,0,0,0.0,0,0,0,0.0,0,0,0,0.0,0,0,0,0.0,0,0,0,0.0,0,0,0,0.0,0,0,0,0.0,0,0,0,0.0,0,0,0,0.0,0,0,0,0.0,0,0,0,0.0,0,0,0,0.0,0,0,0,0.0,0,0,0,,0,,0,,0,,0,,0,,0,,0,,,,not_applicable,,,,,,,,,,,,,,,,,,,,,0,context-aggregation-v1.0-2026-07-27,article-features-v1.0-2026-07-27,context-cards-v1.0-pilot67-2026-07-27
ESWS-2026-05,ESWS-2026-05:Farnham Central Ward,(no_focal_party),individual,final_72_hours,surrey_wide_local,1,1,1,1,1,1,0,0,0,0,0,,0,,0,,0,,,not_extracted,0,,0,,0,,0,,0,,0,,1,1,1.0,0,0.0,0,0.0,0,0.0,0,0.0,0,0.0,0,0.0,0,0.0,1,1.0,0,0.0,0,0.0,0,0.0,0,0.0,0,0.0,0,0.0,0,0.0,1,0,0,0,,0,,0,0,0,0,1,0,0,0.0,0,0,0,0.0,0,0,1,1.0,1,0,0,0.0,0,0,0,0.0,0,0,0,0.0,0,0,0,0.0,0,0,1,1.0,1,0,0,0.0,0,0,0,0.0,0,0,0,0.0,0,0,0,0.0,0,0,0,0.0,0,1,1,1.0,1,0,0,0.0,0,0,0,0.0,0,0,0,0.0,0,0,0,0.0,0,0,0,0.0,0,0,0,0.0,0,0,0,0.0,0,0,0,0.0,0,0,0,0.0,0,0,0,0.0,0,0,0,0.0,0,0,0,0.0,0,0,0,0.0,0,0,0,0.0,0,0,0,,0,,0,,0,,0,,0,,0,,0,,,,not_applicable,,,,,,,,,,,,,,,,,,,,,0,context-aggregation-v1.0-2026-07-27,article-features-v1.0-2026-07-27,context-cards-v1.0-pilot67-2026-07-27
ESWS-2026-05,ESWS-2026-05:Farnham North Ward,(no_focal_party),cumulative,previous_14_days,surrey_wide_local,1,1,1,1,1,1,0,0,0,0,0,,0,,0,,0,,,not_extracted,0,,0,,0,,0,,0,,0,,1,1,1.0,0,0.0,0,0.0,0,0.0,0,0.0,0,0.0,0,0.0,0,0.0,1,1.0,0,0.0,0,0.0,0,0.0,0,0.0,0,0.0,0,0.0,0,0.0,1,0,0,0,,0,,0,0,0,0,1,0,0,0.0,0,0,0,0.0,0,0,1,1.0,1,0,0,0.0,0,0,0,0.0,0,0,0,0.0,0,0,0,0.0,0,0,1,1.0,1,0,0,0.0,0,0,0,0.0,0,0,0,0.0,0,0,0,0.0,0,0,0,0.0,0,1,1,1.0,1,0,0,0.0,0,0,0,0.0,0,0,0,0.0,0,0,0,0.0,0,0,0,0.0,0,0,0,0.0,0,0,0,0.0,0,0,0,0.0,0,0,0,0.0,0,0,0,0.0,0,0,0,0.0,0,0,0,0.0,0,0,0,0.0,0,0,0,0.0,0,0,0,,0,,0,,0,,0,,0,,0,,0,,,,not_applicable,,,,,,,,,,,,,,,,,,,,,0,context-aggregation-v1.0-2026-07-27,article-features-v1.0-2026-07-27,context-cards-v1.0-pilot67-2026-07-27
ESWS-2026-05,ESWS-2026-05:Farnham North Ward,(no_focal_party),cumulative,previous_180_days,surrey_wide_local,1,1,1,1,1,1,0,0,0,0,0,,0,,0,,0,,,not_extracted,0,,0,,0,,0,,0,,0,,1,1,1.0,0,0.0,0,0.0,0,0.0,0,0.0,0,0.0,0,0.0,0,0.0,1,1.0,0,0.0,0,0.0,0,0.0,0,0.0,0,0.0,0,0.0,0,0.0,1,0,0,0,,0,,0,0,0,0,1,0,0,0.0,0,0,0,0.0,0,0,1,1.0,1,0,0,0.0,0,0,0,0.0,0,0,0,0.0,0,0,0,0.0,0,0,1,1.0,1,0,0,0.0,0,0,0,0.0,0,0,0,0.0,0,0,0,0.0,0,0,0,0.0,0,1,1,1.0,1,0,0,0.0,0,0,0,0.0,0,0,0,0.0,0,0,0,0.0,0,0,0,0.0,0,0,0,0.0,0,0,0,0.0,0,0,0,0.0,0,0,0,0.0,0,0,0,0.0,0,0,0,0.0,0,0,0,0.0,0,0,0,0.0,0,0,0,0.0,0,0,0,,0,,0,,0,,0,,0,,0,,0,,,,not_applicable,,,,,,,,,,,,,,,,,,,,,0,context-aggregation-v1.0-2026-07-27,article-features-v1.0-2026-07-27,context-cards-v1.0-pilot67-2026-07-27
ESWS-2026-05,ESWS-2026-05:Farnham North Ward,(no_focal_party),cumulative,previous_30_days,surrey_wide_local,1,1,1,1,1,1,0,0,0,0,0,,0,,0,,0,,,not_extracted,0,,0,,0,,0,,0,,0,,1,1,1.0,0,0.0,0,0.0,0,0.0,0,0.0,0,0.0,0,0.0,0,0.0,1,1.0,0,0.0,0,0.0,0,0.0,0,0.0,0,0.0,0,0.0,0,0.0,1,0,0,0,,0,,0,0,0,0,1,0,0,0.0,0,0,0,0.0,0,0,1,1.0,1,0,0,0.0,0,0,0,0.0,0,0,0,0.0,0,0,0,0.0,0,0,1,1.0,1,0,0,0.0,0,0,0,0.0,0,0,0,0.0,0,0,0,0.0,0,0,0,0.0,0,1,1,1.0,1,0,0,0.0,0,0,0,0.0,0,0,0,0.0,0,0,0,0.0,0,0,0,0.0,0,0,0,0.0,0,0,0,0.0,0,0,0,0.0,0,0,0,0.0,0,0,0,0.0,0,0,0,0.0,0,0,0,0.0,0,0,0,0.0,0,0,0,0.0,0,0,0,,0,,0,,0,,0,,0,,0,,0,,,,not_applicable,,,,,,,,,,,,,,,,,,,,,0,context-aggregation-v1.0-2026-07-27,article-features-v1.0-2026-07-27,context-cards-v1.0-pilot67-2026-07-27
ESWS-2026-05,ESWS-2026-05:Farnham North Ward,(no_focal_party),cumulative,previous_72_hours,surrey_wide_local,1,1,1,1,1,1,0,0,0,0,0,,0,,0,,0,,,not_extracted,0,,0,,0,,0,,0,,0,,1,1,1.0,0,0.0,0,0.0,0,0.0,0,0.0,0,0.0,0,0.0,0,0.0,1,1.0,0,0.0,0,0.0,0,0.0,0,0.0,0,0.0,0,0.0,0,0.0,1,0,0,0,,0,,0,0,0,0,1,0,0,0.0,0,0,0,0.0,0,0,1,1.0,1,0,0,0.0,0,0,0,0.0,0,0,0,0.0,0,0,0,0.0,0,0,1,1.0,1,0,0,0.0,0,0,0,0.0,0,0,0,0.0,0,0,0,0.0,0,0,0,0.0,0,1,1,1.0,1,0,0,0.0,0,0,0,0.0,0,0,0,0.0,0,0,0,0.0,0,0,0,0.0,0,0,0,0.0,0,0,0,0.0,0,0,0,0.0,0,0,0,0.0,0,0,0,0.0,0,0,0,0.0,0,0,0,0.0,0,0,0,0.0,0,0,0,0.0,0,0,0,,0,,0,,0,,0,,0,,0,,0,,,,not_applicable,,,,,,,,,,,,,,,,,,,,,0,context-aggregation-v1.0-2026-07-27,article-features-v1.0-2026-07-27,context-cards-v1.0-pilot67-2026-07-27
ESWS-2026-05,ESWS-2026-05:Farnham North Ward,(no_focal_party),cumulative,previous_7_days,surrey_wide_local,1,1,1,1,1,1,0,0,0,0,0,,0,,0,,0,,,not_extracted,0,,0,,0,,0,,0,,0,,1,1,1.0,0,0.0,0,0.0,0,0.0,0,0.0,0,0.0,0,0.0,0,0.0,1,1.0,0,0.0,0,0.0,0,0.0,0,0.0,0,0.0,0,0.0,0,0.0,1,0,0,0,,0,,0,0,0,0,1,0,0,0.0,0,0,0,0.0,0,0,1,1.0,1,0,0,0.0,0,0,0,0.0,0,0,0,0.0,0,0,0,0.0,0,0,1,1.0,1,0,0,0.0,0,0,0,0.0,0,0,0,0.0,0,0,0,0.0,0,0,0,0.0,0,1,1,1.0,1,0,0,0.0,0,0,0,0.0,0,0,0,0.0,0,0,0,0.0,0,0,0,0.0,0,0,0,0.0,0,0,0,0.0,0,0,0,0.0,0,0,0,0.0,0,0,0,0.0,0,0,0,0.0,0,0,0,0.0,0,0,0,0.0,0,0,0,0.0,0,0,0,,0,,0,,0,,0,,0,,0,,0,,,,not_applicable,,,,,,,,,,,,,,,,,,,,,0,context-aggregation-v1.0-2026-07-27,article-features-v1.0-2026-07-27,context-cards-v1.0-pilot67-2026-07-27
ESWS-2026-05,ESWS-2026-05:Farnham North Ward,(no_focal_party),cumulative,previous_90_days,surrey_wide_local,1,1,1,1,1,1,0,0,0,0,0,,0,,0,,0,,,not_extracted,0,,0,,0,,0,,0,,0,,1,1,1.0,0,0.0,0,0.0,0,0.0,0,0.0,0,0.0,0,0.0,0,0.0,1,1.0,0,0.0,0,0.0,0,0.0,0,0.0,0,0.0,0,0.0,0,0.0,1,0,0,0,,0,,0,0,0,0,1,0,0,0.0,0,0,0,0.0,0,0,1,1.0,1,0,0,0.0,0,0,0,0.0,0,0,0,0.0,0,0,0,0.0,0,0,1,1.0,1,0,0,0.0,0,0,0,0.0,0,0,0,0.0,0,0,0,0.0,0,0,0,0.0,0,1,1,1.0,1,0,0,0.0,0,0,0,0.0,0,0,0,0.0,0,0,0,0.0,0,0,0,0.0,0,0,0,0.0,0,0,0,0.0,0,0,0,0.0,0,0,0,0.0,0,0,0,0.0,0,0,0,0.0,0,0,0,0.0,0,0,0,0.0,0,0,0,0.0,0,0,0,,0,,0,,0,,0,,0,,0,,0,,,,not_applicable,,,,,,,,,,,,,,,,,,,,,0,context-aggregation-v1.0-2026-07-27,article-features-v1.0-2026-07-27,context-cards-v1.0-pilot67-2026-07-27
ESWS-2026-05,ESWS-2026-05:Farnham North Ward,(no_focal_party),individual,final_72_hours,surrey_wide_local,1,1,1,1,1,1,0,0,0,0,0,,0,,0,,0,,,not_extracted,0,,0,,0,,0,,0,,0,,1,1,1.0,0,0.0,0,0.0,0,0.0,0,0.0,0,0.0,0,0.0,0,0.0,1,1.0,0,0.0,0,0.0,0,0.0,0,0.0,0,0.0,0,0.0,0,0.0,1,0,0,0,,0,,0,0,0,0,1,0,0,0.0,0,0,0,0.0,0,0,1,1.0,1,0,0,0.0,0,0,0,0.0,0,0,0,0.0,0,0,0,0.0,0,0,1,1.0,1,0,0,0.0,0,0,0,0.0,0,0,0,0.0,0,0,0,0.0,0,0,0,0.0,0,1,1,1.0,1,0,0,0.0,0,0,0,0.0,0,0,0,0.0,0,0,0,0.0,0,0,0,0.0,0,0,0,0.0,0,0,0,0.0,0,0,0,0.0,0,0,0,0.0,0,0,0,0.0,0,0,0,0.0,0,0,0,0.0,0,0,0,0.0,0,0,0,0.0,0,0,0,,0,,0,,0,,0,,0,,0,,0,,,,not_applicable,,,,,,,,,,,,,,,,,,,,,0,context-aggregation-v1.0-2026-07-27,article-features-v1.0-2026-07-27,context-cards-v1.0-pilot67-2026-07-27
ESWS-2026-05,ESWS-2026-05:Farnham South Ward,(no_focal_party),cumulative,previous_14_days,surrey_wide_local,1,1,1,1,1,1,0,0,0,0,0,,0,,0,,0,,,not_extracted,0,,0,,0,,0,,0,,0,,1,1,1.0,0,0.0,0,0.0,0,0.0,0,0.0,0,0.0,0,0.0,0,0.0,1,1.0,0,0.0,0,0.0,0,0.0,0,0.0,0,0.0,0,0.0,0,0.0,1,0,0,0,,0,,0,0,0,0,1,0,0,0.0,0,0,0,0.0,0,0,1,1.0,1,0,0,0.0,0,0,0,0.0,0,0,0,0.0,0,0,0,0.0,0,0,1,1.0,1,0,0,0.0,0,0,0,0.0,0,0,0,0.0,0,0,0,0.0,0,0,0,0.0,0,1,1,1.0,1,0,0,0.0,0,0,0,0.0,0,0,0,0.0,0,0,0,0.0,0,0,0,0.0,0,0,0,0.0,0,0,0,0.0,0,0,0,0.0,0,0,0,0.0,0,0,0,0.0,0,0,0,0.0,0,0,0,0.0,0,0,0,0.0,0,0,0,0.0,0,0,0,,0,,0,,0,,0,,0,,0,,0,,,,not_applicable,,,,,,,,,,,,,,,,,,,,,0,context-aggregation-v1.0-2026-07-27,article-features-v1.0-2026-07-27,context-cards-v1.0-pilot67-2026-07-27
ESWS-2026-05,ESWS-2026-05:Farnham South Ward,(no_focal_party),cumulative,previous_180_days,surrey_wide_local,1,1,1,1,1,1,0,0,0,0,0,,0,,0,,0,,,not_extracted,0,,0,,0,,0,,0,,0,,1,1,1.0,0,0.0,0,0.0,0,0.0,0,0.0,0,0.0,0,0.0,0,0.0,1,1.0,0,0.0,0,0.0,0,0.0,0,0.0,0,0.0,0,0.0,0,0.0,1,0,0,0,,0,,0,0,0,0,1,0,0,0.0,0,0,0,0.0,0,0,1,1.0,1,0,0,0.0,0,0,0,0.0,0,0,0,0.0,0,0,0,0.0,0,0,1,1.0,1,0,0,0.0,0,0,0,0.0,0,0,0,0.0,0,0,0,0.0,0,0,0,0.0,0,1,1,1.0,1,0,0,0.0,0,0,0,0.0,0,0,0,0.0,0,0,0,0.0,0,0,0,0.0,0,0,0,0.0,0,0,0,0.0,0,0,0,0.0,0,0,0,0.0,0,0,0,0.0,0,0,0,0.0,0,0,0,0.0,0,0,0,0.0,0,0,0,0.0,0,0,0,,0,,0,,0,,0,,0,,0,,0,,,,not_applicable,,,,,,,,,,,,,,,,,,,,,0,context-aggregation-v1.0-2026-07-27,article-features-v1.0-2026-07-27,context-cards-v1.0-pilot67-2026-07-27
ESWS-2026-05,ESWS-2026-05:Farnham South Ward,(no_focal_party),cumulative,previous_30_days,surrey_wide_local,1,1,1,1,1,1,0,0,0,0,0,,0,,0,,0,,,not_extracted,0,,0,,0,,0,,0,,0,,1,1,1.0,0,0.0,0,0.0,0,0.0,0,0.0,0,0.0,0,0.0,0,0.0,1,1.0,0,0.0,0,0.0,0,0.0,0,0.0,0,0.0,0,0.0,0,0.0,1,0,0,0,,0,,0,0,0,0,1,0,0,0.0,0,0,0,0.0,0,0,1,1.0,1,0,0,0.0,0,0,0,0.0,0,0,0,0.0,0,0,0,0.0,0,0,1,1.0,1,0,0,0.0,0,0,0,0.0,0,0,0,0.0,0,0,0,0.0,0,0,0,0.0,0,1,1,1.0,1,0,0,0.0,0,0,0,0.0,0,0,0,0.0,0,0,0,0.0,0,0,0,0.0,0,0,0,0.0,0,0,0,0.0,0,0,0,0.0,0,0,0,0.0,0,0,0,0.0,0,0,0,0.0,0,0,0,0.0,0,0,0,0.0,0,0,0,0.0,0,0,0,,0,,0,,0,,0,,0,,0,,0,,,,not_applicable,,,,,,,,,,,,,,,,,,,,,0,context-aggregation-v1.0-2026-07-27,article-features-v1.0-2026-07-27,context-cards-v1.0-pilot67-2026-07-27
ESWS-2026-05,ESWS-2026-05:Farnham South Ward,(no_focal_party),cumulative,previous_72_hours,surrey_wide_local,1,1,1,1,1,1,0,0,0,0,0,,0,,0,,0,,,not_extracted,0,,0,,0,,0,,0,,0,,1,1,1.0,0,0.0,0,0.0,0,0.0,0,0.0,0,0.0,0,0.0,0,0.0,1,1.0,0,0.0,0,0.0,0,0.0,0,0.0,0,0.0,0,0.0,0,0.0,1,0,0,0,,0,,0,0,0,0,1,0,0,0.0,0,0,0,0.0,0,0,1,1.0,1,0,0,0.0,0,0,0,0.0,0,0,0,0.0,0,0,0,0.0,0,0,1,1.0,1,0,0,0.0,0,0,0,0.0,0,0,0,0.0,0,0,0,0.0,0,0,0,0.0,0,1,1,1.0,1,0,0,0.0,0,0,0,0.0,0,0,0,0.0,0,0,0,0.0,0,0,0,0.0,0,0,0,0.0,0,0,0,0.0,0,0,0,0.0,0,0,0,0.0,0,0,0,0.0,0,0,0,0.0,0,0,0,0.0,0,0,0,0.0,0,0,0,0.0,0,0,0,,0,,0,,0,,0,,0,,0,,0,,,,not_applicable,,,,,,,,,,,,,,,,,,,,,0,context-aggregation-v1.0-2026-07-27,article-features-v1.0-2026-07-27,context-cards-v1.0-pilot67-2026-07-27
ESWS-2026-05,ESWS-2026-05:Farnham South Ward,(no_focal_party),cumulative,previous_7_days,surrey_wide_local,1,1,1,1,1,1,0,0,0,0,0,,0,,0,,0,,,not_extracted,0,,0,,0,,0,,0,,0,,1,1,1.0,0,0.0,0,0.0,0,0.0,0,0.0,0,0.0,0,0.0,0,0.0,1,1.0,0,0.0,0,0.0,0,0.0,0,0.0,0,0.0,0,0.0,0,0.0,1,0,0,0,,0,,0,0,0,0,1,0,0,0.0,0,0,0,0.0,0,0,1,1.0,1,0,0,0.0,0,0,0,0.0,0,0,0,0.0,0,0,0,0.0,0,0,1,1.0,1,0,0,0.0,0,0,0,0.0,0,0,0,0.0,0,0,0,0.0,0,0,0,0.0,0,1,1,1.0,1,0,0,0.0,0,0,0,0.0,0,0,0,0.0,0,0,0,0.0,0,0,0,0.0,0,0,0,0.0,0,0,0,0.0,0,0,0,0.0,0,0,0,0.0,0,0,0,0.0,0,0,0,0.0,0,0,0,0.0,0,0,0,0.0,0,0,0,0.0,0,0,0,,0,,0,,0,,0,,0,,0,,0,,,,not_applicable,,,,,,,,,,,,,,,,,,,,,0,context-aggregation-v1.0-2026-07-27,article-features-v1.0-2026-07-27,context-cards-v1.0-pilot67-2026-07-27
ESWS-2026-05,ESWS-2026-05:Farnham South Ward,(no_focal_party),cumulative,previous_90_days,surrey_wide_local,1,1,1,1,1,1,0,0,0,0,0,,0,,0,,0,,,not_extracted,0,,0,,0,,0,,0,,0,,1,1,1.0,0,0.0,0,0.0,0,0.0,0,0.0,0,0.0,0,0.0,0,0.0,1,1.0,0,0.0,0,0.0,0,0.0,0,0.0,0,0.0,0,0.0,0,0.0,1,0,0,0,,0,,0,0,0,0,1,0,0,0.0,0,0,0,0.0,0,0,1,1.0,1,0,0,0.0,0,0,0,0.0,0,0,0,0.0,0,0,0,0.0,0,0,1,1.0,1,0,0,0.0,0,0,0,0.0,0,0,0,0.0,0,0,0,0.0,0,0,0,0.0,0,1,1,1.0,1,0,0,0.0,0,0,0,0.0,0,0,0,0.0,0,0,0,0.0,0,0,0,0.0,0,0,0,0.0,0,0,0,0.0,0,0,0,0.0,0,0,0,0.0,0,0,0,0.0,0,0,0,0.0,0,0,0,0.0,0,0,0,0.0,0,0,0,0.0,0,0,0,,0,,0,,0,,0,,0,,0,,0,,,,not_applicable,,,,,,,,,,,,,,,,,,,,,0,context-aggregation-v1.0-2026-07-27,article-features-v1.0-2026-07-27,context-cards-v1.0-pilot67-2026-07-27
ESWS-2026-05,ESWS-2026-05:Farnham South Ward,(no_focal_party),individual,final_72_hours,surrey_wide_local,1,1,1,1,1,1,0,0,0,0,0,,0,,0,,0,,,not_extracted,0,,0,,0,,0,,0,,0,,1,1,1.0,0,0.0,0,0.0,0,0.0,0,0.0,0,0.0,0,0.0,0,0.0,1,1.0,0,0.0,0,0.0,0,0.0,0,0.0,0,0.0,0,0.0,0,0.0,1,0,0,0,,0,,0,0,0,0,1,0,0,0.0,0,0,0,0.0,0,0,1,1.0,1,0,0,0.0,0,0,0,0.0,0,0,0,0.0,0,0,0,0.0,0,0,1,1.0,1,0,0,0.0,0,0,0,0.0,0,0,0,0.0,0,0,0,0.0,0,0,0,0.0,0,1,1,1.0,1,0,0,0.0,0,0,0,0.0,0,0,0,0.0,0,0,0,0.0,0,0,0,0.0,0,0,0,0.0,0,0,0,0.0,0,0,0,0.0,0,0,0,0.0,0,0,0,0.0,0,0,0,0.0,0,0,0,0.0,0,0,0,0.0,0,0,0,0.0,0,0,0,,0,,0,,0,,0,,0,,0,,0,,,,not_applicable,,,,,,,,,,,,,,,,,,,,,0,context-aggregation-v1.0-2026-07-27,article-features-v1.0-2026-07-27,context-cards-v1.0-pilot67-2026-07-27
ESWS-2026-05,ESWS-2026-05:Frimley Green & Mytchett Ward,(no_focal_party),cumulative,previous_14_days,surrey_wide_local,1,1,1,1,1,1,0,0,0,0,0,,0,,0,,0,,,not_extracted,0,,0,,0,,0,,0,,0,,1,1,1.0,0,0.0,0,0.0,0,0.0,0,0.0,0,0.0,0,0.0,0,0.0,1,1.0,0,0.0,0,0.0,0,0.0,0,0.0,0,0.0,0,0.0,0,0.0,1,0,0,0,,0,,0,0,0,0,1,0,0,0.0,0,0,0,0.0,0,0,1,1.0,1,0,0,0.0,0,0,0,0.0,0,0,0,0.0,0,0,0,0.0,0,0,1,1.0,1,0,0,0.0,0,0,0,0.0,0,0,0,0.0,0,0,0,0.0,0,0,0,0.0,0,1,1,1.0,1,0,0,0.0,0,0,0,0.0,0,0,0,0.0,0,0,0,0.0,0,0,0,0.0,0,0,0,0.0,0,0,0,0.0,0,0,0,0.0,0,0,0,0.0,0,0,0,0.0,0,0,0,0.0,0,0,0,0.0,0,0,0,0.0,0,0,0,0.0,0,0,0,,0,,0,,0,,0,,0,,0,,0,,,,not_applicable,,,,,,,,,,,,,,,,,,,,,0,context-aggregation-v1.0-2026-07-27,article-features-v1.0-2026-07-27,context-cards-v1.0-pilot67-2026-07-27
ESWS-2026-05,ESWS-2026-05:Frimley Green & Mytchett Ward,(no_focal_party),cumulative,previous_180_days,surrey_wide_local,1,1,1,1,1,1,0,0,0,0,0,,0,,0,,0,,,not_extracted,0,,0,,0,,0,,0,,0,,1,1,1.0,0,0.0,0,0.0,0,0.0,0,0.0,0,0.0,0,0.0,0,0.0,1,1.0,0,0.0,0,0.0,0,0.0,0,0.0,0,0.0,0,0.0,0,0.0,1,0,0,0,,0,,0,0,0,0,1,0,0,0.0,0,0,0,0.0,0,0,1,1.0,1,0,0,0.0,0,0,0,0.0,0,0,0,0.0,0,0,0,0.0,0,0,1,1.0,1,0,0,0.0,0,0,0,0.0,0,0,0,0.0,0,0,0,0.0,0,0,0,0.0,0,1,1,1.0,1,0,0,0.0,0,0,0,0.0,0,0,0,0.0,0,0,0,0.0,0,0,0,0.0,0,0,0,0.0,0,0,0,0.0,0,0,0,0.0,0,0,0,0.0,0,0,0,0.0,0,0,0,0.0,0,0,0,0.0,0,0,0,0.0,0,0,0,0.0,0,0,0,,0,,0,,0,,0,,0,,0,,0,,,,not_applicable,,,,,,,,,,,,,,,,,,,,,0,context-aggregation-v1.0-2026-07-27,article-features-v1.0-2026-07-27,context-cards-v1.0-pilot67-2026-07-27
ESWS-2026-05,ESWS-2026-05:Frimley Green & Mytchett Ward,(no_focal_party),cumulative,previous_30_days,surrey_wide_local,1,1,1,1,1,1,0,0,0,0,0,,0,,0,,0,,,not_extracted,0,,0,,0,,0,,0,,0,,1,1,1.0,0,0.0,0,0.0,0,0.0,0,0.0,0,0.0,0,0.0,0,0.0,1,1.0,0,0.0,0,0.0,0,0.0,0,0.0,0,0.0,0,0.0,0,0.0,1,0,0,0,,0,,0,0,0,0,1,0,0,0.0,0,0,0,0.0,0,0,1,1.0,1,0,0,0.0,0,0,0,0.0,0,0,0,0.0,0,0,0,0.0,0,0,1,1.0,1,0,0,0.0,0,0,0,0.0,0,0,0,0.0,0,0,0,0.0,0,0,0,0.0,0,1,1,1.0,1,0,0,0.0,0,0,0,0.0,0,0,0,0.0,0,0,0,0.0,0,0,0,0.0,0,0,0,0.0,0,0,0,0.0,0,0,0,0.0,0,0,0,0.0,0,0,0,0.0,0,0,0,0.0,0,0,0,0.0,0,0,0,0.0,0,0,0,0.0,0,0,0,,0,,0,,0,,0,,0,,0,,0,,,,not_applicable,,,,,,,,,,,,,,,,,,,,,0,context-aggregation-v1.0-2026-07-27,article-features-v1.0-2026-07-27,context-cards-v1.0-pilot67-2026-07-27
ESWS-2026-05,ESWS-2026-05:Frimley Green & Mytchett Ward,(no_focal_party),cumulative,previous_72_hours,surrey_wide_local,1,1,1,1,1,1,0,0,0,0,0,,0,,0,,0,,,not_extracted,0,,0,,0,,0,,0,,0,,1,1,1.0,0,0.0,0,0.0,0,0.0,0,0.0,0,0.0,0,0.0,0,0.0,1,1.0,0,0.0,0,0.0,0,0.0,0,0.0,0,0.0,0,0.0,0,0.0,1,0,0,0,,0,,0,0,0,0,1,0,0,0.0,0,0,0,0.0,0,0,1,1.0,1,0,0,0.0,0,0,0,0.0,0,0,0,0.0,0,0,0,0.0,0,0,1,1.0,1,0,0,0.0,0,0,0,0.0,0,0,0,0.0,0,0,0,0.0,0,0,0,0.0,0,1,1,1.0,1,0,0,0.0,0,0,0,0.0,0,0,0,0.0,0,0,0,0.0,0,0,0,0.0,0,0,0,0.0,0,0,0,0.0,0,0,0,0.0,0,0,0,0.0,0,0,0,0.0,0,0,0,0.0,0,0,0,0.0,0,0,0,0.0,0,0,0,0.0,0,0,0,,0,,0,,0,,0,,0,,0,,0,,,,not_applicable,,,,,,,,,,,,,,,,,,,,,0,context-aggregation-v1.0-2026-07-27,article-features-v1.0-2026-07-27,context-cards-v1.0-pilot67-2026-07-27
ESWS-2026-05,ESWS-2026-05:Frimley Green & Mytchett Ward,(no_focal_party),cumulative,previous_7_days,surrey_wide_local,1,1,1,1,1,1,0,0,0,0,0,,0,,0,,0,,,not_extracted,0,,0,,0,,0,,0,,0,,1,1,1.0,0,0.0,0,0.0,0,0.0,0,0.0,0,0.0,0,0.0,0,0.0,1,1.0,0,0.0,0,0.0,0,0.0,0,0.0,0,0.0,0,0.0,0,0.0,1,0,0,0,,0,,0,0,0,0,1,0,0,0.0,0,0,0,0.0,0,0,1,1.0,1,0,0,0.0,0,0,0,0.0,0,0,0,0.0,0,0,0,0.0,0,0,1,1.0,1,0,0,0.0,0,0,0,0.0,0,0,0,0.0,0,0,0,0.0,0,0,0,0.0,0,1,1,1.0,1,0,0,0.0,0,0,0,0.0,0,0,0,0.0,0,0,0,0.0,0,0,0,0.0,0,0,0,0.0,0,0,0,0.0,0,0,0,0.0,0,0,0,0.0,0,0,0,0.0,0,0,0,0.0,0,0,0,0.0,0,0,0,0.0,0,0,0,0.0,0,0,0,,0,,0,,0,,0,,0,,0,,0,,,,not_applicable,,,,,,,,,,,,,,,,,,,,,0,context-aggregation-v1.0-2026-07-27,article-features-v1.0-2026-07-27,context-cards-v1.0-pilot67-2026-07-27
ESWS-2026-05,ESWS-2026-05:Frimley Green & Mytchett Ward,(no_focal_party),cumulative,previous_90_days,surrey_wide_local,1,1,1,1,1,1,0,0,0,0,0,,0,,0,,0,,,not_extracted,0,,0,,0,,0,,0,,0,,1,1,1.0,0,0.0,0,0.0,0,0.0,0,0.0,0,0.0,0,0.0,0,0.0,1,1.0,0,0.0,0,0.0,0,0.0,0,0.0,0,0.0,0,0.0,0,0.0,1,0,0,0,,0,,0,0,0,0,1,0,0,0.0,0,0,0,0.0,0,0,1,1.0,1,0,0,0.0,0,0,0,0.0,0,0,0,0.0,0,0,0,0.0,0,0,1,1.0,1,0,0,0.0,0,0,0,0.0,0,0,0,0.0,0,0,0,0.0,0,0,0,0.0,0,1,1,1.0,1,0,0,0.0,0,0,0,0.0,0,0,0,0.0,0,0,0,0.0,0,0,0,0.0,0,0,0,0.0,0,0,0,0.0,0,0,0,0.0,0,0,0,0.0,0,0,0,0.0,0,0,0,0.0,0,0,0,0.0,0,0,0,0.0,0,0,0,0.0,0,0,0,,0,,0,,0,,0,,0,,0,,0,,,,not_applicable,,,,,,,,,,,,,,,,,,,,,0,context-aggregation-v1.0-2026-07-27,article-features-v1.0-2026-07-27,context-cards-v1.0-pilot67-2026-07-27
ESWS-2026-05,ESWS-2026-05:Frimley Green & Mytchett Ward,(no_focal_party),individual,final_72_hours,surrey_wide_local,1,1,1,1,1,1,0,0,0,0,0,,0,,0,,0,,,not_extracted,0,,0,,0,,0,,0,,0,,1,1,1.0,0,0.0,0,0.0,0,0.0,0,0.0,0,0.0,0,0.0,0,0.0,1,1.0,0,0.0,0,0.0,0,0.0,0,0.0,0,0.0,0,0.0,0,0.0,1,0,0,0,,0,,0,0,0,0,1,0,0,0.0,0,0,0,0.0,0,0,1,1.0,1,0,0,0.0,0,0,0,0.0,0,0,0,0.0,0,0,0,0.0,0,0,1,1.0,1,0,0,0.0,0,0,0,0.0,0,0,0,0.0,0,0,0,0.0,0,0,0,0.0,0,1,1,1.0,1,0,0,0.0,0,0,0,0.0,0,0,0,0.0,0,0,0,0.0,0,0,0,0.0,0,0,0,0.0,0,0,0,0.0,0,0,0,0.0,0,0,0,0.0,0,0,0,0.0,0,0,0,0.0,0,0,0,0.0,0,0,0,0.0,0,0,0,0.0,0,0,0,,0,,0,,0,,0,,0,,0,,0,,,,not_applicable,,,,,,,,,,,,,,,,,,,,,0,context-aggregation-v1.0-2026-07-27,article-features-v1.0-2026-07-27,context-cards-v1.0-pilot67-2026-07-27
ESWS-2026-05,ESWS-2026-05:Godalming North Ward,(no_focal_party),cumulative,previous_14_days,surrey_wide_local,1,1,1,1,1,1,0,0,0,0,0,,0,,0,,0,,,not_extracted,0,,0,,0,,0,,0,,0,,1,1,1.0,0,0.0,0,0.0,0,0.0,0,0.0,0,0.0,0,0.0,0,0.0,1,1.0,0,0.0,0,0.0,0,0.0,0,0.0,0,0.0,0,0.0,0,0.0,1,0,0,0,,0,,0,0,0,0,1,0,0,0.0,0,0,0,0.0,0,0,1,1.0,1,0,0,0.0,0,0,0,0.0,0,0,0,0.0,0,0,0,0.0,0,0,1,1.0,1,0,0,0.0,0,0,0,0.0,0,0,0,0.0,0,0,0,0.0,0,0,0,0.0,0,1,1,1.0,1,0,0,0.0,0,0,0,0.0,0,0,0,0.0,0,0,0,0.0,0,0,0,0.0,0,0,0,0.0,0,0,0,0.0,0,0,0,0.0,0,0,0,0.0,0,0,0,0.0,0,0,0,0.0,0,0,0,0.0,0,0,0,0.0,0,0,0,0.0,0,0,0,,0,,0,,0,,0,,0,,0,,0,,,,not_applicable,,,,,,,,,,,,,,,,,,,,,0,context-aggregation-v1.0-2026-07-27,article-features-v1.0-2026-07-27,context-cards-v1.0-pilot67-2026-07-27
ESWS-2026-05,ESWS-2026-05:Godalming North Ward,(no_focal_party),cumulative,previous_180_days,surrey_wide_local,1,1,1,1,1,1,0,0,0,0,0,,0,,0,,0,,,not_extracted,0,,0,,0,,0,,0,,0,,1,1,1.0,0,0.0,0,0.0,0,0.0,0,0.0,0,0.0,0,0.0,0,0.0,1,1.0,0,0.0,0,0.0,0,0.0,0,0.0,0,0.0,0,0.0,0,0.0,1,0,0,0,,0,,0,0,0,0,1,0,0,0.0,0,0,0,0.0,0,0,1,1.0,1,0,0,0.0,0,0,0,0.0,0,0,0,0.0,0,0,0,0.0,0,0,1,1.0,1,0,0,0.0,0,0,0,0.0,0,0,0,0.0,0,0,0,0.0,0,0,0,0.0,0,1,1,1.0,1,0,0,0.0,0,0,0,0.0,0,0,0,0.0,0,0,0,0.0,0,0,0,0.0,0,0,0,0.0,0,0,0,0.0,0,0,0,0.0,0,0,0,0.0,0,0,0,0.0,0,0,0,0.0,0,0,0,0.0,0,0,0,0.0,0,0,0,0.0,0,0,0,,0,,0,,0,,0,,0,,0,,0,,,,not_applicable,,,,,,,,,,,,,,,,,,,,,0,context-aggregation-v1.0-2026-07-27,article-features-v1.0-2026-07-27,context-cards-v1.0-pilot67-2026-07-27
ESWS-2026-05,ESWS-2026-05:Godalming North Ward,(no_focal_party),cumulative,previous_30_days,surrey_wide_local,1,1,1,1,1,1,0,0,0,0,0,,0,,0,,0,,,not_extracted,0,,0,,0,,0,,0,,0,,1,1,1.0,0,0.0,0,0.0,0,0.0,0,0.0,0,0.0,0,0.0,0,0.0,1,1.0,0,0.0,0,0.0,0,0.0,0,0.0,0,0.0,0,0.0,0,0.0,1,0,0,0,,0,,0,0,0,0,1,0,0,0.0,0,0,0,0.0,0,0,1,1.0,1,0,0,0.0,0,0,0,0.0,0,0,0,0.0,0,0,0,0.0,0,0,1,1.0,1,0,0,0.0,0,0,0,0.0,0,0,0,0.0,0,0,0,0.0,0,0,0,0.0,0,1,1,1.0,1,0,0,0.0,0,0,0,0.0,0,0,0,0.0,0,0,0,0.0,0,0,0,0.0,0,0,0,0.0,0,0,0,0.0,0,0,0,0.0,0,0,0,0.0,0,0,0,0.0,0,0,0,0.0,0,0,0,0.0,0,0,0,0.0,0,0,0,0.0,0,0,0,,0,,0,,0,,0,,0,,0,,0,,,,not_applicable,,,,,,,,,,,,,,,,,,,,,0,context-aggregation-v1.0-2026-07-27,article-features-v1.0-2026-07-27,context-cards-v1.0-pilot67-2026-07-27
ESWS-2026-05,ESWS-2026-05:Godalming North Ward,(no_focal_party),cumulative,previous_72_hours,surrey_wide_local,1,1,1,1,1,1,0,0,0,0,0,,0,,0,,0,,,not_extracted,0,,0,,0,,0,,0,,0,,1,1,1.0,0,0.0,0,0.0,0,0.0,0,0.0,0,0.0,0,0.0,0,0.0,1,1.0,0,0.0,0,0.0,0,0.0,0,0.0,0,0.0,0,0.0,0,0.0,1,0,0,0,,0,,0,0,0,0,1,0,0,0.0,0,0,0,0.0,0,0,1,1.0,1,0,0,0.0,0,0,0,0.0,0,0,0,0.0,0,0,0,0.0,0,0,1,1.0,1,0,0,0.0,0,0,0,0.0,0,0,0,0.0,0,0,0,0.0,0,0,0,0.0,0,1,1,1.0,1,0,0,0.0,0,0,0,0.0,0,0,0,0.0,0,0,0,0.0,0,0,0,0.0,0,0,0,0.0,0,0,0,0.0,0,0,0,0.0,0,0,0,0.0,0,0,0,0.0,0,0,0,0.0,0,0,0,0.0,0,0,0,0.0,0,0,0,0.0,0,0,0,,0,,0,,0,,0,,0,,0,,0,,,,not_applicable,,,,,,,,,,,,,,,,,,,,,0,context-aggregation-v1.0-2026-07-27,article-features-v1.0-2026-07-27,context-cards-v1.0-pilot67-2026-07-27
ESWS-2026-05,ESWS-2026-05:Godalming North Ward,(no_focal_party),cumulative,previous_7_days,surrey_wide_local,1,1,1,1,1,1,0,0,0,0,0,,0,,0,,0,,,not_extracted,0,,0,,0,,0,,0,,0,,1,1,1.0,0,0.0,0,0.0,0,0.0,0,0.0,0,0.0,0,0.0,0,0.0,1,1.0,0,0.0,0,0.0,0,0.0,0,0.0,0,0.0,0,0.0,0,0.0,1,0,0,0,,0,,0,0,0,0,1,0,0,0.0,0,0,0,0.0,0,0,1,1.0,1,0,0,0.0,0,0,0,0.0,0,0,0,0.0,0,0,0,0.0,0,0,1,1.0,1,0,0,0.0,0,0,0,0.0,0,0,0,0.0,0,0,0,0.0,0,0,0,0.0,0,1,1,1.0,1,0,0,0.0,0,0,0,0.0,0,0,0,0.0,0,0,0,0.0,0,0,0,0.0,0,0,0,0.0,0,0,0,0.0,0,0,0,0.0,0,0,0,0.0,0,0,0,0.0,0,0,0,0.0,0,0,0,0.0,0,0,0,0.0,0,0,0,0.0,0,0,0,,0,,0,,0,,0,,0,,0,,0,,,,not_applicable,,,,,,,,,,,,,,,,,,,,,0,context-aggregation-v1.0-2026-07-27,article-features-v1.0-2026-07-27,context-cards-v1.0-pilot67-2026-07-27
ESWS-2026-05,ESWS-2026-05:Godalming North Ward,(no_focal_party),cumulative,previous_90_days,surrey_wide_local,1,1,1,1,1,1,0,0,0,0,0,,0,,0,,0,,,not_extracted,0,,0,,0,,0,,0,,0,,1,1,1.0,0,0.0,0,0.0,0,0.0,0,0.0,0,0.0,0,0.0,0,0.0,1,1.0,0,0.0,0,0.0,0,0.0,0,0.0,0,0.0,0,0.0,0,0.0,1,0,0,0,,0,,0,0,0,0,1,0,0,0.0,0,0,0,0.0,0,0,1,1.0,1,0,0,0.0,0,0,0,0.0,0,0,0,0.0,0,0,0,0.0,0,0,1,1.0,1,0,0,0.0,0,0,0,0.0,0,0,0,0.0,0,0,0,0.0,0,0,0,0.0,0,1,1,1.0,1,0,0,0.0,0,0,0,0.0,0,0,0,0.0,0,0,0,0.0,0,0,0,0.0,0,0,0,0.0,0,0,0,0.0,0,0,0,0.0,0,0,0,0.0,0,0,0,0.0,0,0,0,0.0,0,0,0,0.0,0,0,0,0.0,0,0,0,0.0,0,0,0,,0,,0,,0,,0,,0,,0,,0,,,,not_applicable,,,,,,,,,,,,,,,,,,,,,0,context-aggregation-v1.0-2026-07-27,article-features-v1.0-2026-07-27,context-cards-v1.0-pilot67-2026-07-27
ESWS-2026-05,ESWS-2026-05:Godalming North Ward,(no_focal_party),individual,final_72_hours,surrey_wide_local,1,1,1,1,1,1,0,0,0,0,0,,0,,0,,0,,,not_extracted,0,,0,,0,,0,,0,,0,,1,1,1.0,0,0.0,0,0.0,0,0.0,0,0.0,0,0.0,0,0.0,0,0.0,1,1.0,0,0.0,0,0.0,0,0.0,0,0.0,0,0.0,0,0.0,0,0.0,1,0,0,0,,0,,0,0,0,0,1,0,0,0.0,0,0,0,0.0,0,0,1,1.0,1,0,0,0.0,0,0,0,0.0,0,0,0,0.0,0,0,0,0.0,0,0,1,1.0,1,0,0,0.0,0,0,0,0.0,0,0,0,0.0,0,0,0,0.0,0,0,0,0.0,0,1,1,1.0,1,0,0,0.0,0,0,0,0.0,0,0,0,0.0,0,0,0,0.0,0,0,0,0.0,0,0,0,0.0,0,0,0,0.0,0,0,0,0.0,0,0,0,0.0,0,0,0,0.0,0,0,0,0.0,0,0,0,0.0,0,0,0,0.0,0,0,0,0.0,0,0,0,,0,,0,,0,,0,,0,,0,,0,,,,not_applicable,,,,,,,,,,,,,,,,,,,,,0,context-aggregation-v1.0-2026-07-27,article-features-v1.0-2026-07-27,context-cards-v1.0-pilot67-2026-07-27
ESWS-2026-05,"ESWS-2026-05:Godalming South, Milford & Witley Ward",(no_focal_party),cumulative,previous_14_days,surrey_wide_local,1,1,1,1,1,1,0,0,0,0,0,,0,,0,,0,,,not_extracted,0,,0,,0,,0,,0,,0,,1,1,1.0,0,0.0,0,0.0,0,0.0,0,0.0,0,0.0,0,0.0,0,0.0,1,1.0,0,0.0,0,0.0,0,0.0,0,0.0,0,0.0,0,0.0,0,0.0,1,0,0,0,,0,,0,0,0,0,1,0,0,0.0,0,0,0,0.0,0,0,1,1.0,1,0,0,0.0,0,0,0,0.0,0,0,0,0.0,0,0,0,0.0,0,0,1,1.0,1,0,0,0.0,0,0,0,0.0,0,0,0,0.0,0,0,0,0.0,0,0,0,0.0,0,1,1,1.0,1,0,0,0.0,0,0,0,0.0,0,0,0,0.0,0,0,0,0.0,0,0,0,0.0,0,0,0,0.0,0,0,0,0.0,0,0,0,0.0,0,0,0,0.0,0,0,0,0.0,0,0,0,0.0,0,0,0,0.0,0,0,0,0.0,0,0,0,0.0,0,0,0,,0,,0,,0,,0,,0,,0,,0,,,,not_applicable,,,,,,,,,,,,,,,,,,,,,0,context-aggregation-v1.0-2026-07-27,article-features-v1.0-2026-07-27,context-cards-v1.0-pilot67-2026-07-27
ESWS-2026-05,"ESWS-2026-05:Godalming South, Milford & Witley Ward",(no_focal_party),cumulative,previous_180_days,surrey_wide_local,1,1,1,1,1,1,0,0,0,0,0,,0,,0,,0,,,not_extracted,0,,0,,0,,0,,0,,0,,1,1,1.0,0,0.0,0,0.0,0,0.0,0,0.0,0,0.0,0,0.0,0,0.0,1,1.0,0,0.0,0,0.0,0,0.0,0,0.0,0,0.0,0,0.0,0,0.0,1,0,0,0,,0,,0,0,0,0,1,0,0,0.0,0,0,0,0.0,0,0,1,1.0,1,0,0,0.0,0,0,0,0.0,0,0,0,0.0,0,0,0,0.0,0,0,1,1.0,1,0,0,0.0,0,0,0,0.0,0,0,0,0.0,0,0,0,0.0,0,0,0,0.0,0,1,1,1.0,1,0,0,0.0,0,0,0,0.0,0,0,0,0.0,0,0,0,0.0,0,0,0,0.0,0,0,0,0.0,0,0,0,0.0,0,0,0,0.0,0,0,0,0.0,0,0,0,0.0,0,0,0,0.0,0,0,0,0.0,0,0,0,0.0,0,0,0,0.0,0,0,0,,0,,0,,0,,0,,0,,0,,0,,,,not_applicable,,,,,,,,,,,,,,,,,,,,,0,context-aggregation-v1.0-2026-07-27,article-features-v1.0-2026-07-27,context-cards-v1.0-pilot67-2026-07-27
ESWS-2026-05,"ESWS-2026-05:Godalming South, Milford & Witley Ward",(no_focal_party),cumulative,previous_30_days,surrey_wide_local,1,1,1,1,1,1,0,0,0,0,0,,0,,0,,0,,,not_extracted,0,,0,,0,,0,,0,,0,,1,1,1.0,0,0.0,0,0.0,0,0.0,0,0.0,0,0.0,0,0.0,0,0.0,1,1.0,0,0.0,0,0.0,0,0.0,0,0.0,0,0.0,0,0.0,0,0.0,1,0,0,0,,0,,0,0,0,0,1,0,0,0.0,0,0,0,0.0,0,0,1,1.0,1,0,0,0.0,0,0,0,0.0,0,0,0,0.0,0,0,0,0.0,0,0,1,1.0,1,0,0,0.0,0,0,0,0.0,0,0,0,0.0,0,0,0,0.0,0,0,0,0.0,0,1,1,1.0,1,0,0,0.0,0,0,0,0.0,0,0,0,0.0,0,0,0,0.0,0,0,0,0.0,0,0,0,0.0,0,0,0,0.0,0,0,0,0.0,0,0,0,0.0,0,0,0,0.0,0,0,0,0.0,0,0,0,0.0,0,0,0,0.0,0,0,0,0.0,0,0,0,,0,,0,,0,,0,,0,,0,,0,,,,not_applicable,,,,,,,,,,,,,,,,,,,,,0,context-aggregation-v1.0-2026-07-27,article-features-v1.0-2026-07-27,context-cards-v1.0-pilot67-2026-07-27
ESWS-2026-05,"ESWS-2026-05:Godalming South, Milford & Witley Ward",(no_focal_party),cumulative,previous_72_hours,surrey_wide_local,1,1,1,1,1,1,0,0,0,0,0,,0,,0,,0,,,not_extracted,0,,0,,0,,0,,0,,0,,1,1,1.0,0,0.0,0,0.0,0,0.0,0,0.0,0,0.0,0,0.0,0,0.0,1,1.0,0,0.0,0,0.0,0,0.0,0,0.0,0,0.0,0,0.0,0,0.0,1,0,0,0,,0,,0,0,0,0,1,0,0,0.0,0,0,0,0.0,0,0,1,1.0,1,0,0,0.0,0,0,0,0.0,0,0,0,0.0,0,0,0,0.0,0,0,1,1.0,1,0,0,0.0,0,0,0,0.0,0,0,0,0.0,0,0,0,0.0,0,0,0,0.0,0,1,1,1.0,1,0,0,0.0,0,0,0,0.0,0,0,0,0.0,0,0,0,0.0,0,0,0,0.0,0,0,0,0.0,0,0,0,0.0,0,0,0,0.0,0,0,0,0.0,0,0,0,0.0,0,0,0,0.0,0,0,0,0.0,0,0,0,0.0,0,0,0,0.0,0,0,0,,0,,0,,0,,0,,0,,0,,0,,,,not_applicable,,,,,,,,,,,,,,,,,,,,,0,context-aggregation-v1.0-2026-07-27,article-features-v1.0-2026-07-27,context-cards-v1.0-pilot67-2026-07-27
ESWS-2026-05,"ESWS-2026-05:Godalming South, Milford & Witley Ward",(no_focal_party),cumulative,previous_7_days,surrey_wide_local,1,1,1,1,1,1,0,0,0,0,0,,0,,0,,0,,,not_extracted,0,,0,,0,,0,,0,,0,,1,1,1.0,0,0.0,0,0.0,0,0.0,0,0.0,0,0.0,0,0.0,0,0.0,1,1.0,0,0.0,0,0.0,0,0.0,0,0.0,0,0.0,0,0.0,0,0.0,1,0,0,0,,0,,0,0,0,0,1,0,0,0.0,0,0,0,0.0,0,0,1,1.0,1,0,0,0.0,0,0,0,0.0,0,0,0,0.0,0,0,0,0.0,0,0,1,1.0,1,0,0,0.0,0,0,0,0.0,0,0,0,0.0,0,0,0,0.0,0,0,0,0.0,0,1,1,1.0,1,0,0,0.0,0,0,0,0.0,0,0,0,0.0,0,0,0,0.0,0,0,0,0.0,0,0,0,0.0,0,0,0,0.0,0,0,0,0.0,0,0,0,0.0,0,0,0,0.0,0,0,0,0.0,0,0,0,0.0,0,0,0,0.0,0,0,0,0.0,0,0,0,,0,,0,,0,,0,,0,,0,,0,,,,not_applicable,,,,,,,,,,,,,,,,,,,,,0,context-aggregation-v1.0-2026-07-27,article-features-v1.0-2026-07-27,context-cards-v1.0-pilot67-2026-07-27
ESWS-2026-05,"ESWS-2026-05:Godalming South, Milford & Witley Ward",(no_focal_party),cumulative,previous_90_days,surrey_wide_local,1,1,1,1,1,1,0,0,0,0,0,,0,,0,,0,,,not_extracted,0,,0,,0,,0,,0,,0,,1,1,1.0,0,0.0,0,0.0,0,0.0,0,0.0,0,0.0,0,0.0,0,0.0,1,1.0,0,0.0,0,0.0,0,0.0,0,0.0,0,0.0,0,0.0,0,0.0,1,0,0,0,,0,,0,0,0,0,1,0,0,0.0,0,0,0,0.0,0,0,1,1.0,1,0,0,0.0,0,0,0,0.0,0,0,0,0.0,0,0,0,0.0,0,0,1,1.0,1,0,0,0.0,0,0,0,0.0,0,0,0,0.0,0,0,0,0.0,0,0,0,0.0,0,1,1,1.0,1,0,0,0.0,0,0,0,0.0,0,0,0,0.0,0,0,0,0.0,0,0,0,0.0,0,0,0,0.0,0,0,0,0.0,0,0,0,0.0,0,0,0,0.0,0,0,0,0.0,0,0,0,0.0,0,0,0,0.0,0,0,0,0.0,0,0,0,0.0,0,0,0,,0,,0,,0,,0,,0,,0,,0,,,,not_applicable,,,,,,,,,,,,,,,,,,,,,0,context-aggregation-v1.0-2026-07-27,article-features-v1.0-2026-07-27,context-cards-v1.0-pilot67-2026-07-27
ESWS-2026-05,"ESWS-2026-05:Godalming South, Milford & Witley Ward",(no_focal_party),individual,final_72_hours,surrey_wide_local,1,1,1,1,1,1,0,0,0,0,0,,0,,0,,0,,,not_extracted,0,,0,,0,,0,,0,,0,,1,1,1.0,0,0.0,0,0.0,0,0.0,0,0.0,0,0.0,0,0.0,0,0.0,1,1.0,0,0.0,0,0.0,0,0.0,0,0.0,0,0.0,0,0.0,0,0.0,1,0,0,0,,0,,0,0,0,0,1,0,0,0.0,0,0,0,0.0,0,0,1,1.0,1,0,0,0.0,0,0,0,0.0,0,0,0,0.0,0,0,0,0.0,0,0,1,1.0,1,0,0,0.0,0,0,0,0.0,0,0,0,0.0,0,0,0,0.0,0,0,0,0.0,0,1,1,1.0,1,0,0,0.0,0,0,0,0.0,0,0,0,0.0,0,0,0,0.0,0,0,0,0.0,0,0,0,0.0,0,0,0,0.0,0,0,0,0.0,0,0,0,0.0,0,0,0,0.0,0,0,0,0.0,0,0,0,0.0,0,0,0,0.0,0,0,0,0.0,0,0,0,,0,,0,,0,,0,,0,,0,,0,,,,not_applicable,,,,,,,,,,,,,,,,,,,,,0,context-aggregation-v1.0-2026-07-27,article-features-v1.0-2026-07-27,context-cards-v1.0-pilot67-2026-07-27
ESWS-2026-05,ESWS-2026-05:Goldsworth East & Horsell Village Ward,(no_focal_party),cumulative,previous_14_days,surrey_wide_local,1,1,1,1,1,1,0,0,0,0,0,,0,,0,,0,,,not_extracted,0,,0,,0,,0,,0,,0,,1,1,1.0,0,0.0,0,0.0,0,0.0,0,0.0,0,0.0,0,0.0,0,0.0,1,1.0,0,0.0,0,0.0,0,0.0,0,0.0,0,0.0,0,0.0,0,0.0,1,0,0,0,,0,,0,0,0,0,1,0,0,0.0,0,0,0,0.0,0,0,1,1.0,1,0,0,0.0,0,0,0,0.0,0,0,0,0.0,0,0,0,0.0,0,0,1,1.0,1,0,0,0.0,0,0,0,0.0,0,0,0,0.0,0,0,0,0.0,0,0,0,0.0,0,1,1,1.0,1,0,0,0.0,0,0,0,0.0,0,0,0,0.0,0,0,0,0.0,0,0,0,0.0,0,0,0,0.0,0,0,0,0.0,0,0,0,0.0,0,0,0,0.0,0,0,0,0.0,0,0,0,0.0,0,0,0,0.0,0,0,0,0.0,0,0,0,0.0,0,0,0,,0,,0,,0,,0,,0,,0,,0,,,,not_applicable,,,,,,,,,,,,,,,,,,,,,0,context-aggregation-v1.0-2026-07-27,article-features-v1.0-2026-07-27,context-cards-v1.0-pilot67-2026-07-27
ESWS-2026-05,ESWS-2026-05:Goldsworth East & Horsell Village Ward,(no_focal_party),cumulative,previous_180_days,surrey_wide_local,1,1,1,1,1,1,0,0,0,0,0,,0,,0,,0,,,not_extracted,0,,0,,0,,0,,0,,0,,1,1,1.0,0,0.0,0,0.0,0,0.0,0,0.0,0,0.0,0,0.0,0,0.0,1,1.0,0,0.0,0,0.0,0,0.0,0,0.0,0,0.0,0,0.0,0,0.0,1,0,0,0,,0,,0,0,0,0,1,0,0,0.0,0,0,0,0.0,0,0,1,1.0,1,0,0,0.0,0,0,0,0.0,0,0,0,0.0,0,0,0,0.0,0,0,1,1.0,1,0,0,0.0,0,0,0,0.0,0,0,0,0.0,0,0,0,0.0,0,0,0,0.0,0,1,1,1.0,1,0,0,0.0,0,0,0,0.0,0,0,0,0.0,0,0,0,0.0,0,0,0,0.0,0,0,0,0.0,0,0,0,0.0,0,0,0,0.0,0,0,0,0.0,0,0,0,0.0,0,0,0,0.0,0,0,0,0.0,0,0,0,0.0,0,0,0,0.0,0,0,0,,0,,0,,0,,0,,0,,0,,0,,,,not_applicable,,,,,,,,,,,,,,,,,,,,,0,context-aggregation-v1.0-2026-07-27,article-features-v1.0-2026-07-27,context-cards-v1.0-pilot67-2026-07-27
ESWS-2026-05,ESWS-2026-05:Goldsworth East & Horsell Village Ward,(no_focal_party),cumulative,previous_30_days,surrey_wide_local,1,1,1,1,1,1,0,0,0,0,0,,0,,0,,0,,,not_extracted,0,,0,,0,,0,,0,,0,,1,1,1.0,0,0.0,0,0.0,0,0.0,0,0.0,0,0.0,0,0.0,0,0.0,1,1.0,0,0.0,0,0.0,0,0.0,0,0.0,0,0.0,0,0.0,0,0.0,1,0,0,0,,0,,0,0,0,0,1,0,0,0.0,0,0,0,0.0,0,0,1,1.0,1,0,0,0.0,0,0,0,0.0,0,0,0,0.0,0,0,0,0.0,0,0,1,1.0,1,0,0,0.0,0,0,0,0.0,0,0,0,0.0,0,0,0,0.0,0,0,0,0.0,0,1,1,1.0,1,0,0,0.0,0,0,0,0.0,0,0,0,0.0,0,0,0,0.0,0,0,0,0.0,0,0,0,0.0,0,0,0,0.0,0,0,0,0.0,0,0,0,0.0,0,0,0,0.0,0,0,0,0.0,0,0,0,0.0,0,0,0,0.0,0,0,0,0.0,0,0,0,,0,,0,,0,,0,,0,,0,,0,,,,not_applicable,,,,,,,,,,,,,,,,,,,,,0,context-aggregation-v1.0-2026-07-27,article-features-v1.0-2026-07-27,context-cards-v1.0-pilot67-2026-07-27
ESWS-2026-05,ESWS-2026-05:Goldsworth East & Horsell Village Ward,(no_focal_party),cumulative,previous_72_hours,surrey_wide_local,1,1,1,1,1,1,0,0,0,0,0,,0,,0,,0,,,not_extracted,0,,0,,0,,0,,0,,0,,1,1,1.0,0,0.0,0,0.0,0,0.0,0,0.0,0,0.0,0,0.0,0,0.0,1,1.0,0,0.0,0,0.0,0,0.0,0,0.0,0,0.0,0,0.0,0,0.0,1,0,0,0,,0,,0,0,0,0,1,0,0,0.0,0,0,0,0.0,0,0,1,1.0,1,0,0,0.0,0,0,0,0.0,0,0,0,0.0,0,0,0,0.0,0,0,1,1.0,1,0,0,0.0,0,0,0,0.0,0,0,0,0.0,0,0,0,0.0,0,0,0,0.0,0,1,1,1.0,1,0,0,0.0,0,0,0,0.0,0,0,0,0.0,0,0,0,0.0,0,0,0,0.0,0,0,0,0.0,0,0,0,0.0,0,0,0,0.0,0,0,0,0.0,0,0,0,0.0,0,0,0,0.0,0,0,0,0.0,0,0,0,0.0,0,0,0,0.0,0,0,0,,0,,0,,0,,0,,0,,0,,0,,,,not_applicable,,,,,,,,,,,,,,,,,,,,,0,context-aggregation-v1.0-2026-07-27,article-features-v1.0-2026-07-27,context-cards-v1.0-pilot67-2026-07-27
ESWS-2026-05,ESWS-2026-05:Goldsworth East & Horsell Village Ward,(no_focal_party),cumulative,previous_7_days,surrey_wide_local,1,1,1,1,1,1,0,0,0,0,0,,0,,0,,0,,,not_extracted,0,,0,,0,,0,,0,,0,,1,1,1.0,0,0.0,0,0.0,0,0.0,0,0.0,0,0.0,0,0.0,0,0.0,1,1.0,0,0.0,0,0.0,0,0.0,0,0.0,0,0.0,0,0.0,0,0.0,1,0,0,0,,0,,0,0,0,0,1,0,0,0.0,0,0,0,0.0,0,0,1,1.0,1,0,0,0.0,0,0,0,0.0,0,0,0,0.0,0,0,0,0.0,0,0,1,1.0,1,0,0,0.0,0,0,0,0.0,0,0,0,0.0,0,0,0,0.0,0,0,0,0.0,0,1,1,1.0,1,0,0,0.0,0,0,0,0.0,0,0,0,0.0,0,0,0,0.0,0,0,0,0.0,0,0,0,0.0,0,0,0,0.0,0,0,0,0.0,0,0,0,0.0,0,0,0,0.0,0,0,0,0.0,0,0,0,0.0,0,0,0,0.0,0,0,0,0.0,0,0,0,,0,,0,,0,,0,,0,,0,,0,,,,not_applicable,,,,,,,,,,,,,,,,,,,,,0,context-aggregation-v1.0-2026-07-27,article-features-v1.0-2026-07-27,context-cards-v1.0-pilot67-2026-07-27
ESWS-2026-05,ESWS-2026-05:Goldsworth East & Horsell Village Ward,(no_focal_party),cumulative,previous_90_days,surrey_wide_local,1,1,1,1,1,1,0,0,0,0,0,,0,,0,,0,,,not_extracted,0,,0,,0,,0,,0,,0,,1,1,1.0,0,0.0,0,0.0,0,0.0,0,0.0,0,0.0,0,0.0,0,0.0,1,1.0,0,0.0,0,0.0,0,0.0,0,0.0,0,0.0,0,0.0,0,0.0,1,0,0,0,,0,,0,0,0,0,1,0,0,0.0,0,0,0,0.0,0,0,1,1.0,1,0,0,0.0,0,0,0,0.0,0,0,0,0.0,0,0,0,0.0,0,0,1,1.0,1,0,0,0.0,0,0,0,0.0,0,0,0,0.0,0,0,0,0.0,0,0,0,0.0,0,1,1,1.0,1,0,0,0.0,0,0,0,0.0,0,0,0,0.0,0,0,0,0.0,0,0,0,0.0,0,0,0,0.0,0,0,0,0.0,0,0,0,0.0,0,0,0,0.0,0,0,0,0.0,0,0,0,0.0,0,0,0,0.0,0,0,0,0.0,0,0,0,0.0,0,0,0,,0,,0,,0,,0,,0,,0,,0,,,,not_applicable,,,,,,,,,,,,,,,,,,,,,0,context-aggregation-v1.0-2026-07-27,article-features-v1.0-2026-07-27,context-cards-v1.0-pilot67-2026-07-27
ESWS-2026-05,ESWS-2026-05:Goldsworth East & Horsell Village Ward,(no_focal_party),individual,final_72_hours,surrey_wide_local,1,1,1,1,1,1,0,0,0,0,0,,0,,0,,0,,,not_extracted,0,,0,,0,,0,,0,,0,,1,1,1.0,0,0.0,0,0.0,0,0.0,0,0.0,0,0.0,0,0.0,0,0.0,1,1.0,0,0.0,0,0.0,0,0.0,0,0.0,0,0.0,0,0.0,0,0.0,1,0,0,0,,0,,0,0,0,0,1,0,0,0.0,0,0,0,0.0,0,0,1,1.0,1,0,0,0.0,0,0,0,0.0,0,0,0,0.0,0,0,0,0.0,0,0,1,1.0,1,0,0,0.0,0,0,0,0.0,0,0,0,0.0,0,0,0,0.0,0,0,0,0.0,0,1,1,1.0,1,0,0,0.0,0,0,0,0.0,0,0,0,0.0,0,0,0,0.0,0,0,0,0.0,0,0,0,0.0,0,0,0,0.0,0,0,0,0.0,0,0,0,0.0,0,0,0,0.0,0,0,0,0.0,0,0,0,0.0,0,0,0,0.0,0,0,0,0.0,0,0,0,,0,,0,,0,,0,,0,,0,,0,,,,not_applicable,,,,,,,,,,,,,,,,,,,,,0,context-aggregation-v1.0-2026-07-27,article-features-v1.0-2026-07-27,context-cards-v1.0-pilot67-2026-07-27
ESWS-2026-05,ESWS-2026-05:Guildford East Ward,(no_focal_party),cumulative,previous_14_days,surrey_wide_local,1,1,1,1,1,1,0,0,0,0,0,,0,,0,,0,,,not_extracted,0,,0,,0,,0,,0,,0,,1,1,1.0,0,0.0,0,0.0,0,0.0,0,0.0,0,0.0,0,0.0,0,0.0,1,1.0,0,0.0,0,0.0,0,0.0,0,0.0,0,0.0,0,0.0,0,0.0,1,0,0,0,,0,,0,0,0,0,1,0,0,0.0,0,0,0,0.0,0,0,1,1.0,1,0,0,0.0,0,0,0,0.0,0,0,0,0.0,0,0,0,0.0,0,0,1,1.0,1,0,0,0.0,0,0,0,0.0,0,0,0,0.0,0,0,0,0.0,0,0,0,0.0,0,1,1,1.0,1,0,0,0.0,0,0,0,0.0,0,0,0,0.0,0,0,0,0.0,0,0,0,0.0,0,0,0,0.0,0,0,0,0.0,0,0,0,0.0,0,0,0,0.0,0,0,0,0.0,0,0,0,0.0,0,0,0,0.0,0,0,0,0.0,0,0,0,0.0,0,0,0,,0,,0,,0,,0,,0,,0,,0,,,,not_applicable,,,,,,,,,,,,,,,,,,,,,0,context-aggregation-v1.0-2026-07-27,article-features-v1.0-2026-07-27,context-cards-v1.0-pilot67-2026-07-27
ESWS-2026-05,ESWS-2026-05:Guildford East Ward,(no_focal_party),cumulative,previous_180_days,surrey_wide_local,1,1,1,1,1,1,0,0,0,0,0,,0,,0,,0,,,not_extracted,0,,0,,0,,0,,0,,0,,1,1,1.0,0,0.0,0,0.0,0,0.0,0,0.0,0,0.0,0,0.0,0,0.0,1,1.0,0,0.0,0,0.0,0,0.0,0,0.0,0,0.0,0,0.0,0,0.0,1,0,0,0,,0,,0,0,0,0,1,0,0,0.0,0,0,0,0.0,0,0,1,1.0,1,0,0,0.0,0,0,0,0.0,0,0,0,0.0,0,0,0,0.0,0,0,1,1.0,1,0,0,0.0,0,0,0,0.0,0,0,0,0.0,0,0,0,0.0,0,0,0,0.0,0,1,1,1.0,1,0,0,0.0,0,0,0,0.0,0,0,0,0.0,0,0,0,0.0,0,0,0,0.0,0,0,0,0.0,0,0,0,0.0,0,0,0,0.0,0,0,0,0.0,0,0,0,0.0,0,0,0,0.0,0,0,0,0.0,0,0,0,0.0,0,0,0,0.0,0,0,0,,0,,0,,0,,0,,0,,0,,0,,,,not_applicable,,,,,,,,,,,,,,,,,,,,,0,context-aggregation-v1.0-2026-07-27,article-features-v1.0-2026-07-27,context-cards-v1.0-pilot67-2026-07-27
ESWS-2026-05,ESWS-2026-05:Guildford East Ward,(no_focal_party),cumulative,previous_30_days,surrey_wide_local,1,1,1,1,1,1,0,0,0,0,0,,0,,0,,0,,,not_extracted,0,,0,,0,,0,,0,,0,,1,1,1.0,0,0.0,0,0.0,0,0.0,0,0.0,0,0.0,0,0.0,0,0.0,1,1.0,0,0.0,0,0.0,0,0.0,0,0.0,0,0.0,0,0.0,0,0.0,1,0,0,0,,0,,0,0,0,0,1,0,0,0.0,0,0,0,0.0,0,0,1,1.0,1,0,0,0.0,0,0,0,0.0,0,0,0,0.0,0,0,0,0.0,0,0,1,1.0,1,0,0,0.0,0,0,0,0.0,0,0,0,0.0,0,0,0,0.0,0,0,0,0.0,0,1,1,1.0,1,0,0,0.0,0,0,0,0.0,0,0,0,0.0,0,0,0,0.0,0,0,0,0.0,0,0,0,0.0,0,0,0,0.0,0,0,0,0.0,0,0,0,0.0,0,0,0,0.0,0,0,0,0.0,0,0,0,0.0,0,0,0,0.0,0,0,0,0.0,0,0,0,,0,,0,,0,,0,,0,,0,,0,,,,not_applicable,,,,,,,,,,,,,,,,,,,,,0,context-aggregation-v1.0-2026-07-27,article-features-v1.0-2026-07-27,context-cards-v1.0-pilot67-2026-07-27
ESWS-2026-05,ESWS-2026-05:Guildford East Ward,(no_focal_party),cumulative,previous_72_hours,surrey_wide_local,1,1,1,1,1,1,0,0,0,0,0,,0,,0,,0,,,not_extracted,0,,0,,0,,0,,0,,0,,1,1,1.0,0,0.0,0,0.0,0,0.0,0,0.0,0,0.0,0,0.0,0,0.0,1,1.0,0,0.0,0,0.0,0,0.0,0,0.0,0,0.0,0,0.0,0,0.0,1,0,0,0,,0,,0,0,0,0,1,0,0,0.0,0,0,0,0.0,0,0,1,1.0,1,0,0,0.0,0,0,0,0.0,0,0,0,0.0,0,0,0,0.0,0,0,1,1.0,1,0,0,0.0,0,0,0,0.0,0,0,0,0.0,0,0,0,0.0,0,0,0,0.0,0,1,1,1.0,1,0,0,0.0,0,0,0,0.0,0,0,0,0.0,0,0,0,0.0,0,0,0,0.0,0,0,0,0.0,0,0,0,0.0,0,0,0,0.0,0,0,0,0.0,0,0,0,0.0,0,0,0,0.0,0,0,0,0.0,0,0,0,0.0,0,0,0,0.0,0,0,0,,0,,0,,0,,0,,0,,0,,0,,,,not_applicable,,,,,,,,,,,,,,,,,,,,,0,context-aggregation-v1.0-2026-07-27,article-features-v1.0-2026-07-27,context-cards-v1.0-pilot67-2026-07-27
ESWS-2026-05,ESWS-2026-05:Guildford East Ward,(no_focal_party),cumulative,previous_7_days,surrey_wide_local,1,1,1,1,1,1,0,0,0,0,0,,0,,0,,0,,,not_extracted,0,,0,,0,,0,,0,,0,,1,1,1.0,0,0.0,0,0.0,0,0.0,0,0.0,0,0.0,0,0.0,0,0.0,1,1.0,0,0.0,0,0.0,0,0.0,0,0.0,0,0.0,0,0.0,0,0.0,1,0,0,0,,0,,0,0,0,0,1,0,0,0.0,0,0,0,0.0,0,0,1,1.0,1,0,0,0.0,0,0,0,0.0,0,0,0,0.0,0,0,0,0.0,0,0,1,1.0,1,0,0,0.0,0,0,0,0.0,0,0,0,0.0,0,0,0,0.0,0,0,0,0.0,0,1,1,1.0,1,0,0,0.0,0,0,0,0.0,0,0,0,0.0,0,0,0,0.0,0,0,0,0.0,0,0,0,0.0,0,0,0,0.0,0,0,0,0.0,0,0,0,0.0,0,0,0,0.0,0,0,0,0.0,0,0,0,0.0,0,0,0,0.0,0,0,0,0.0,0,0,0,,0,,0,,0,,0,,0,,0,,0,,,,not_applicable,,,,,,,,,,,,,,,,,,,,,0,context-aggregation-v1.0-2026-07-27,article-features-v1.0-2026-07-27,context-cards-v1.0-pilot67-2026-07-27
ESWS-2026-05,ESWS-2026-05:Guildford East Ward,(no_focal_party),cumulative,previous_90_days,surrey_wide_local,1,1,1,1,1,1,0,0,0,0,0,,0,,0,,0,,,not_extracted,0,,0,,0,,0,,0,,0,,1,1,1.0,0,0.0,0,0.0,0,0.0,0,0.0,0,0.0,0,0.0,0,0.0,1,1.0,0,0.0,0,0.0,0,0.0,0,0.0,0,0.0,0,0.0,0,0.0,1,0,0,0,,0,,0,0,0,0,1,0,0,0.0,0,0,0,0.0,0,0,1,1.0,1,0,0,0.0,0,0,0,0.0,0,0,0,0.0,0,0,0,0.0,0,0,1,1.0,1,0,0,0.0,0,0,0,0.0,0,0,0,0.0,0,0,0,0.0,0,0,0,0.0,0,1,1,1.0,1,0,0,0.0,0,0,0,0.0,0,0,0,0.0,0,0,0,0.0,0,0,0,0.0,0,0,0,0.0,0,0,0,0.0,0,0,0,0.0,0,0,0,0.0,0,0,0,0.0,0,0,0,0.0,0,0,0,0.0,0,0,0,0.0,0,0,0,0.0,0,0,0,,0,,0,,0,,0,,0,,0,,0,,,,not_applicable,,,,,,,,,,,,,,,,,,,,,0,context-aggregation-v1.0-2026-07-27,article-features-v1.0-2026-07-27,context-cards-v1.0-pilot67-2026-07-27
ESWS-2026-05,ESWS-2026-05:Guildford East Ward,(no_focal_party),individual,final_72_hours,surrey_wide_local,1,1,1,1,1,1,0,0,0,0,0,,0,,0,,0,,,not_extracted,0,,0,,0,,0,,0,,0,,1,1,1.0,0,0.0,0,0.0,0,0.0,0,0.0,0,0.0,0,0.0,0,0.0,1,1.0,0,0.0,0,0.0,0,0.0,0,0.0,0,0.0,0,0.0,0,0.0,1,0,0,0,,0,,0,0,0,0,1,0,0,0.0,0,0,0,0.0,0,0,1,1.0,1,0,0,0.0,0,0,0,0.0,0,0,0,0.0,0,0,0,0.0,0,0,1,1.0,1,0,0,0.0,0,0,0,0.0,0,0,0,0.0,0,0,0,0.0,0,0,0,0.0,0,1,1,1.0,1,0,0,0.0,0,0,0,0.0,0,0,0,0.0,0,0,0,0.0,0,0,0,0.0,0,0,0,0.0,0,0,0,0.0,0,0,0,0.0,0,0,0,0.0,0,0,0,0.0,0,0,0,0.0,0,0,0,0.0,0,0,0,0.0,0,0,0,0.0,0,0,0,,0,,0,,0,,0,,0,,0,,0,,,,not_applicable,,,,,,,,,,,,,,,,,,,,,0,context-aggregation-v1.0-2026-07-27,article-features-v1.0-2026-07-27,context-cards-v1.0-pilot67-2026-07-27
ESWS-2026-05,ESWS-2026-05:Guildford North Ward,(no_focal_party),cumulative,previous_14_days,surrey_wide_local,1,1,1,1,1,1,0,0,0,0,0,,0,,0,,0,,,not_extracted,0,,0,,0,,0,,0,,0,,1,1,1.0,0,0.0,0,0.0,0,0.0,0,0.0,0,0.0,0,0.0,0,0.0,1,1.0,0,0.0,0,0.0,0,0.0,0,0.0,0,0.0,0,0.0,0,0.0,1,0,0,0,,0,,0,0,0,0,1,0,0,0.0,0,0,0,0.0,0,0,1,1.0,1,0,0,0.0,0,0,0,0.0,0,0,0,0.0,0,0,0,0.0,0,0,1,1.0,1,0,0,0.0,0,0,0,0.0,0,0,0,0.0,0,0,0,0.0,0,0,0,0.0,0,1,1,1.0,1,0,0,0.0,0,0,0,0.0,0,0,0,0.0,0,0,0,0.0,0,0,0,0.0,0,0,0,0.0,0,0,0,0.0,0,0,0,0.0,0,0,0,0.0,0,0,0,0.0,0,0,0,0.0,0,0,0,0.0,0,0,0,0.0,0,0,0,0.0,0,0,0,,0,,0,,0,,0,,0,,0,,0,,,,not_applicable,,,,,,,,,,,,,,,,,,,,,0,context-aggregation-v1.0-2026-07-27,article-features-v1.0-2026-07-27,context-cards-v1.0-pilot67-2026-07-27
ESWS-2026-05,ESWS-2026-05:Guildford North Ward,(no_focal_party),cumulative,previous_180_days,surrey_wide_local,1,1,1,1,1,1,0,0,0,0,0,,0,,0,,0,,,not_extracted,0,,0,,0,,0,,0,,0,,1,1,1.0,0,0.0,0,0.0,0,0.0,0,0.0,0,0.0,0,0.0,0,0.0,1,1.0,0,0.0,0,0.0,0,0.0,0,0.0,0,0.0,0,0.0,0,0.0,1,0,0,0,,0,,0,0,0,0,1,0,0,0.0,0,0,0,0.0,0,0,1,1.0,1,0,0,0.0,0,0,0,0.0,0,0,0,0.0,0,0,0,0.0,0,0,1,1.0,1,0,0,0.0,0,0,0,0.0,0,0,0,0.0,0,0,0,0.0,0,0,0,0.0,0,1,1,1.0,1,0,0,0.0,0,0,0,0.0,0,0,0,0.0,0,0,0,0.0,0,0,0,0.0,0,0,0,0.0,0,0,0,0.0,0,0,0,0.0,0,0,0,0.0,0,0,0,0.0,0,0,0,0.0,0,0,0,0.0,0,0,0,0.0,0,0,0,0.0,0,0,0,,0,,0,,0,,0,,0,,0,,0,,,,not_applicable,,,,,,,,,,,,,,,,,,,,,0,context-aggregation-v1.0-2026-07-27,article-features-v1.0-2026-07-27,context-cards-v1.0-pilot67-2026-07-27
ESWS-2026-05,ESWS-2026-05:Guildford North Ward,(no_focal_party),cumulative,previous_30_days,surrey_wide_local,1,1,1,1,1,1,0,0,0,0,0,,0,,0,,0,,,not_extracted,0,,0,,0,,0,,0,,0,,1,1,1.0,0,0.0,0,0.0,0,0.0,0,0.0,0,0.0,0,0.0,0,0.0,1,1.0,0,0.0,0,0.0,0,0.0,0,0.0,0,0.0,0,0.0,0,0.0,1,0,0,0,,0,,0,0,0,0,1,0,0,0.0,0,0,0,0.0,0,0,1,1.0,1,0,0,0.0,0,0,0,0.0,0,0,0,0.0,0,0,0,0.0,0,0,1,1.0,1,0,0,0.0,0,0,0,0.0,0,0,0,0.0,0,0,0,0.0,0,0,0,0.0,0,1,1,1.0,1,0,0,0.0,0,0,0,0.0,0,0,0,0.0,0,0,0,0.0,0,0,0,0.0,0,0,0,0.0,0,0,0,0.0,0,0,0,0.0,0,0,0,0.0,0,0,0,0.0,0,0,0,0.0,0,0,0,0.0,0,0,0,0.0,0,0,0,0.0,0,0,0,,0,,0,,0,,0,,0,,0,,0,,,,not_applicable,,,,,,,,,,,,,,,,,,,,,0,context-aggregation-v1.0-2026-07-27,article-features-v1.0-2026-07-27,context-cards-v1.0-pilot67-2026-07-27
ESWS-2026-05,ESWS-2026-05:Guildford North Ward,(no_focal_party),cumulative,previous_72_hours,surrey_wide_local,1,1,1,1,1,1,0,0,0,0,0,,0,,0,,0,,,not_extracted,0,,0,,0,,0,,0,,0,,1,1,1.0,0,0.0,0,0.0,0,0.0,0,0.0,0,0.0,0,0.0,0,0.0,1,1.0,0,0.0,0,0.0,0,0.0,0,0.0,0,0.0,0,0.0,0,0.0,1,0,0,0,,0,,0,0,0,0,1,0,0,0.0,0,0,0,0.0,0,0,1,1.0,1,0,0,0.0,0,0,0,0.0,0,0,0,0.0,0,0,0,0.0,0,0,1,1.0,1,0,0,0.0,0,0,0,0.0,0,0,0,0.0,0,0,0,0.0,0,0,0,0.0,0,1,1,1.0,1,0,0,0.0,0,0,0,0.0,0,0,0,0.0,0,0,0,0.0,0,0,0,0.0,0,0,0,0.0,0,0,0,0.0,0,0,0,0.0,0,0,0,0.0,0,0,0,0.0,0,0,0,0.0,0,0,0,0.0,0,0,0,0.0,0,0,0,0.0,0,0,0,,0,,0,,0,,0,,0,,0,,0,,,,not_applicable,,,,,,,,,,,,,,,,,,,,,0,context-aggregation-v1.0-2026-07-27,article-features-v1.0-2026-07-27,context-cards-v1.0-pilot67-2026-07-27
ESWS-2026-05,ESWS-2026-05:Guildford North Ward,(no_focal_party),cumulative,previous_7_days,surrey_wide_local,1,1,1,1,1,1,0,0,0,0,0,,0,,0,,0,,,not_extracted,0,,0,,0,,0,,0,,0,,1,1,1.0,0,0.0,0,0.0,0,0.0,0,0.0,0,0.0,0,0.0,0,0.0,1,1.0,0,0.0,0,0.0,0,0.0,0,0.0,0,0.0,0,0.0,0,0.0,1,0,0,0,,0,,0,0,0,0,1,0,0,0.0,0,0,0,0.0,0,0,1,1.0,1,0,0,0.0,0,0,0,0.0,0,0,0,0.0,0,0,0,0.0,0,0,1,1.0,1,0,0,0.0,0,0,0,0.0,0,0,0,0.0,0,0,0,0.0,0,0,0,0.0,0,1,1,1.0,1,0,0,0.0,0,0,0,0.0,0,0,0,0.0,0,0,0,0.0,0,0,0,0.0,0,0,0,0.0,0,0,0,0.0,0,0,0,0.0,0,0,0,0.0,0,0,0,0.0,0,0,0,0.0,0,0,0,0.0,0,0,0,0.0,0,0,0,0.0,0,0,0,,0,,0,,0,,0,,0,,0,,0,,,,not_applicable,,,,,,,,,,,,,,,,,,,,,0,context-aggregation-v1.0-2026-07-27,article-features-v1.0-2026-07-27,context-cards-v1.0-pilot67-2026-07-27
ESWS-2026-05,ESWS-2026-05:Guildford North Ward,(no_focal_party),cumulative,previous_90_days,surrey_wide_local,1,1,1,1,1,1,0,0,0,0,0,,0,,0,,0,,,not_extracted,0,,0,,0,,0,,0,,0,,1,1,1.0,0,0.0,0,0.0,0,0.0,0,0.0,0,0.0,0,0.0,0,0.0,1,1.0,0,0.0,0,0.0,0,0.0,0,0.0,0,0.0,0,0.0,0,0.0,1,0,0,0,,0,,0,0,0,0,1,0,0,0.0,0,0,0,0.0,0,0,1,1.0,1,0,0,0.0,0,0,0,0.0,0,0,0,0.0,0,0,0,0.0,0,0,1,1.0,1,0,0,0.0,0,0,0,0.0,0,0,0,0.0,0,0,0,0.0,0,0,0,0.0,0,1,1,1.0,1,0,0,0.0,0,0,0,0.0,0,0,0,0.0,0,0,0,0.0,0,0,0,0.0,0,0,0,0.0,0,0,0,0.0,0,0,0,0.0,0,0,0,0.0,0,0,0,0.0,0,0,0,0.0,0,0,0,0.0,0,0,0,0.0,0,0,0,0.0,0,0,0,,0,,0,,0,,0,,0,,0,,0,,,,not_applicable,,,,,,,,,,,,,,,,,,,,,0,context-aggregation-v1.0-2026-07-27,article-features-v1.0-2026-07-27,context-cards-v1.0-pilot67-2026-07-27
ESWS-2026-05,ESWS-2026-05:Guildford North Ward,(no_focal_party),individual,final_72_hours,surrey_wide_local,1,1,1,1,1,1,0,0,0,0,0,,0,,0,,0,,,not_extracted,0,,0,,0,,0,,0,,0,,1,1,1.0,0,0.0,0,0.0,0,0.0,0,0.0,0,0.0,0,0.0,0,0.0,1,1.0,0,0.0,0,0.0,0,0.0,0,0.0,0,0.0,0,0.0,0,0.0,1,0,0,0,,0,,0,0,0,0,1,0,0,0.0,0,0,0,0.0,0,0,1,1.0,1,0,0,0.0,0,0,0,0.0,0,0,0,0.0,0,0,0,0.0,0,0,1,1.0,1,0,0,0.0,0,0,0,0.0,0,0,0,0.0,0,0,0,0.0,0,0,0,0.0,0,1,1,1.0,1,0,0,0.0,0,0,0,0.0,0,0,0,0.0,0,0,0,0.0,0,0,0,0.0,0,0,0,0.0,0,0,0,0.0,0,0,0,0.0,0,0,0,0.0,0,0,0,0.0,0,0,0,0.0,0,0,0,0.0,0,0,0,0.0,0,0,0,0.0,0,0,0,,0,,0,,0,,0,,0,,0,,0,,,,not_applicable,,,,,,,,,,,,,,,,,,,,,0,context-aggregation-v1.0-2026-07-27,article-features-v1.0-2026-07-27,context-cards-v1.0-pilot67-2026-07-27
ESWS-2026-05,ESWS-2026-05:Guildford South East Ward,(no_focal_party),cumulative,previous_14_days,surrey_wide_local,1,1,1,1,1,1,0,0,0,0,0,,0,,0,,0,,,not_extracted,0,,0,,0,,0,,0,,0,,1,1,1.0,0,0.0,0,0.0,0,0.0,0,0.0,0,0.0,0,0.0,0,0.0,1,1.0,0,0.0,0,0.0,0,0.0,0,0.0,0,0.0,0,0.0,0,0.0,1,0,0,0,,0,,0,0,0,0,1,0,0,0.0,0,0,0,0.0,0,0,1,1.0,1,0,0,0.0,0,0,0,0.0,0,0,0,0.0,0,0,0,0.0,0,0,1,1.0,1,0,0,0.0,0,0,0,0.0,0,0,0,0.0,0,0,0,0.0,0,0,0,0.0,0,1,1,1.0,1,0,0,0.0,0,0,0,0.0,0,0,0,0.0,0,0,0,0.0,0,0,0,0.0,0,0,0,0.0,0,0,0,0.0,0,0,0,0.0,0,0,0,0.0,0,0,0,0.0,0,0,0,0.0,0,0,0,0.0,0,0,0,0.0,0,0,0,0.0,0,0,0,,0,,0,,0,,0,,0,,0,,0,,,,not_applicable,,,,,,,,,,,,,,,,,,,,,0,context-aggregation-v1.0-2026-07-27,article-features-v1.0-2026-07-27,context-cards-v1.0-pilot67-2026-07-27
ESWS-2026-05,ESWS-2026-05:Guildford South East Ward,(no_focal_party),cumulative,previous_180_days,surrey_wide_local,1,1,1,1,1,1,0,0,0,0,0,,0,,0,,0,,,not_extracted,0,,0,,0,,0,,0,,0,,1,1,1.0,0,0.0,0,0.0,0,0.0,0,0.0,0,0.0,0,0.0,0,0.0,1,1.0,0,0.0,0,0.0,0,0.0,0,0.0,0,0.0,0,0.0,0,0.0,1,0,0,0,,0,,0,0,0,0,1,0,0,0.0,0,0,0,0.0,0,0,1,1.0,1,0,0,0.0,0,0,0,0.0,0,0,0,0.0,0,0,0,0.0,0,0,1,1.0,1,0,0,0.0,0,0,0,0.0,0,0,0,0.0,0,0,0,0.0,0,0,0,0.0,0,1,1,1.0,1,0,0,0.0,0,0,0,0.0,0,0,0,0.0,0,0,0,0.0,0,0,0,0.0,0,0,0,0.0,0,0,0,0.0,0,0,0,0.0,0,0,0,0.0,0,0,0,0.0,0,0,0,0.0,0,0,0,0.0,0,0,0,0.0,0,0,0,0.0,0,0,0,,0,,0,,0,,0,,0,,0,,0,,,,not_applicable,,,,,,,,,,,,,,,,,,,,,0,context-aggregation-v1.0-2026-07-27,article-features-v1.0-2026-07-27,context-cards-v1.0-pilot67-2026-07-27
ESWS-2026-05,ESWS-2026-05:Guildford South East Ward,(no_focal_party),cumulative,previous_30_days,surrey_wide_local,1,1,1,1,1,1,0,0,0,0,0,,0,,0,,0,,,not_extracted,0,,0,,0,,0,,0,,0,,1,1,1.0,0,0.0,0,0.0,0,0.0,0,0.0,0,0.0,0,0.0,0,0.0,1,1.0,0,0.0,0,0.0,0,0.0,0,0.0,0,0.0,0,0.0,0,0.0,1,0,0,0,,0,,0,0,0,0,1,0,0,0.0,0,0,0,0.0,0,0,1,1.0,1,0,0,0.0,0,0,0,0.0,0,0,0,0.0,0,0,0,0.0,0,0,1,1.0,1,0,0,0.0,0,0,0,0.0,0,0,0,0.0,0,0,0,0.0,0,0,0,0.0,0,1,1,1.0,1,0,0,0.0,0,0,0,0.0,0,0,0,0.0,0,0,0,0.0,0,0,0,0.0,0,0,0,0.0,0,0,0,0.0,0,0,0,0.0,0,0,0,0.0,0,0,0,0.0,0,0,0,0.0,0,0,0,0.0,0,0,0,0.0,0,0,0,0.0,0,0,0,,0,,0,,0,,0,,0,,0,,0,,,,not_applicable,,,,,,,,,,,,,,,,,,,,,0,context-aggregation-v1.0-2026-07-27,article-features-v1.0-2026-07-27,context-cards-v1.0-pilot67-2026-07-27
ESWS-2026-05,ESWS-2026-05:Guildford South East Ward,(no_focal_party),cumulative,previous_72_hours,surrey_wide_local,1,1,1,1,1,1,0,0,0,0,0,,0,,0,,0,,,not_extracted,0,,0,,0,,0,,0,,0,,1,1,1.0,0,0.0,0,0.0,0,0.0,0,0.0,0,0.0,0,0.0,0,0.0,1,1.0,0,0.0,0,0.0,0,0.0,0,0.0,0,0.0,0,0.0,0,0.0,1,0,0,0,,0,,0,0,0,0,1,0,0,0.0,0,0,0,0.0,0,0,1,1.0,1,0,0,0.0,0,0,0,0.0,0,0,0,0.0,0,0,0,0.0,0,0,1,1.0,1,0,0,0.0,0,0,0,0.0,0,0,0,0.0,0,0,0,0.0,0,0,0,0.0,0,1,1,1.0,1,0,0,0.0,0,0,0,0.0,0,0,0,0.0,0,0,0,0.0,0,0,0,0.0,0,0,0,0.0,0,0,0,0.0,0,0,0,0.0,0,0,0,0.0,0,0,0,0.0,0,0,0,0.0,0,0,0,0.0,0,0,0,0.0,0,0,0,0.0,0,0,0,,0,,0,,0,,0,,0,,0,,0,,,,not_applicable,,,,,,,,,,,,,,,,,,,,,0,context-aggregation-v1.0-2026-07-27,article-features-v1.0-2026-07-27,context-cards-v1.0-pilot67-2026-07-27
ESWS-2026-05,ESWS-2026-05:Guildford South East Ward,(no_focal_party),cumulative,previous_7_days,surrey_wide_local,1,1,1,1,1,1,0,0,0,0,0,,0,,0,,0,,,not_extracted,0,,0,,0,,0,,0,,0,,1,1,1.0,0,0.0,0,0.0,0,0.0,0,0.0,0,0.0,0,0.0,0,0.0,1,1.0,0,0.0,0,0.0,0,0.0,0,0.0,0,0.0,0,0.0,0,0.0,1,0,0,0,,0,,0,0,0,0,1,0,0,0.0,0,0,0,0.0,0,0,1,1.0,1,0,0,0.0,0,0,0,0.0,0,0,0,0.0,0,0,0,0.0,0,0,1,1.0,1,0,0,0.0,0,0,0,0.0,0,0,0,0.0,0,0,0,0.0,0,0,0,0.0,0,1,1,1.0,1,0,0,0.0,0,0,0,0.0,0,0,0,0.0,0,0,0,0.0,0,0,0,0.0,0,0,0,0.0,0,0,0,0.0,0,0,0,0.0,0,0,0,0.0,0,0,0,0.0,0,0,0,0.0,0,0,0,0.0,0,0,0,0.0,0,0,0,0.0,0,0,0,,0,,0,,0,,0,,0,,0,,0,,,,not_applicable,,,,,,,,,,,,,,,,,,,,,0,context-aggregation-v1.0-2026-07-27,article-features-v1.0-2026-07-27,context-cards-v1.0-pilot67-2026-07-27
ESWS-2026-05,ESWS-2026-05:Guildford South East Ward,(no_focal_party),cumulative,previous_90_days,surrey_wide_local,1,1,1,1,1,1,0,0,0,0,0,,0,,0,,0,,,not_extracted,0,,0,,0,,0,,0,,0,,1,1,1.0,0,0.0,0,0.0,0,0.0,0,0.0,0,0.0,0,0.0,0,0.0,1,1.0,0,0.0,0,0.0,0,0.0,0,0.0,0,0.0,0,0.0,0,0.0,1,0,0,0,,0,,0,0,0,0,1,0,0,0.0,0,0,0,0.0,0,0,1,1.0,1,0,0,0.0,0,0,0,0.0,0,0,0,0.0,0,0,0,0.0,0,0,1,1.0,1,0,0,0.0,0,0,0,0.0,0,0,0,0.0,0,0,0,0.0,0,0,0,0.0,0,1,1,1.0,1,0,0,0.0,0,0,0,0.0,0,0,0,0.0,0,0,0,0.0,0,0,0,0.0,0,0,0,0.0,0,0,0,0.0,0,0,0,0.0,0,0,0,0.0,0,0,0,0.0,0,0,0,0.0,0,0,0,0.0,0,0,0,0.0,0,0,0,0.0,0,0,0,,0,,0,,0,,0,,0,,0,,0,,,,not_applicable,,,,,,,,,,,,,,,,,,,,,0,context-aggregation-v1.0-2026-07-27,article-features-v1.0-2026-07-27,context-cards-v1.0-pilot67-2026-07-27
ESWS-2026-05,ESWS-2026-05:Guildford South East Ward,(no_focal_party),individual,final_72_hours,surrey_wide_local,1,1,1,1,1,1,0,0,0,0,0,,0,,0,,0,,,not_extracted,0,,0,,0,,0,,0,,0,,1,1,1.0,0,0.0,0,0.0,0,0.0,0,0.0,0,0.0,0,0.0,0,0.0,1,1.0,0,0.0,0,0.0,0,0.0,0,0.0,0,0.0,0,0.0,0,0.0,1,0,0,0,,0,,0,0,0,0,1,0,0,0.0,0,0,0,0.0,0,0,1,1.0,1,0,0,0.0,0,0,0,0.0,0,0,0,0.0,0,0,0,0.0,0,0,1,1.0,1,0,0,0.0,0,0,0,0.0,0,0,0,0.0,0,0,0,0.0,0,0,0,0.0,0,1,1,1.0,1,0,0,0.0,0,0,0,0.0,0,0,0,0.0,0,0,0,0.0,0,0,0,0.0,0,0,0,0.0,0,0,0,0.0,0,0,0,0.0,0,0,0,0.0,0,0,0,0.0,0,0,0,0.0,0,0,0,0.0,0,0,0,0.0,0,0,0,0.0,0,0,0,,0,,0,,0,,0,,0,,0,,0,,,,not_applicable,,,,,,,,,,,,,,,,,,,,,0,context-aggregation-v1.0-2026-07-27,article-features-v1.0-2026-07-27,context-cards-v1.0-pilot67-2026-07-27
ESWS-2026-05,ESWS-2026-05:Guildford South West Ward,(no_focal_party),cumulative,previous_14_days,surrey_wide_local,1,1,1,1,1,1,0,0,0,0,0,,0,,0,,0,,,not_extracted,0,,0,,0,,0,,0,,0,,1,1,1.0,0,0.0,0,0.0,0,0.0,0,0.0,0,0.0,0,0.0,0,0.0,1,1.0,0,0.0,0,0.0,0,0.0,0,0.0,0,0.0,0,0.0,0,0.0,1,0,0,0,,0,,0,0,0,0,1,0,0,0.0,0,0,0,0.0,0,0,1,1.0,1,0,0,0.0,0,0,0,0.0,0,0,0,0.0,0,0,0,0.0,0,0,1,1.0,1,0,0,0.0,0,0,0,0.0,0,0,0,0.0,0,0,0,0.0,0,0,0,0.0,0,1,1,1.0,1,0,0,0.0,0,0,0,0.0,0,0,0,0.0,0,0,0,0.0,0,0,0,0.0,0,0,0,0.0,0,0,0,0.0,0,0,0,0.0,0,0,0,0.0,0,0,0,0.0,0,0,0,0.0,0,0,0,0.0,0,0,0,0.0,0,0,0,0.0,0,0,0,,0,,0,,0,,0,,0,,0,,0,,,,not_applicable,,,,,,,,,,,,,,,,,,,,,0,context-aggregation-v1.0-2026-07-27,article-features-v1.0-2026-07-27,context-cards-v1.0-pilot67-2026-07-27
ESWS-2026-05,ESWS-2026-05:Guildford South West Ward,(no_focal_party),cumulative,previous_180_days,surrey_wide_local,1,1,1,1,1,1,0,0,0,0,0,,0,,0,,0,,,not_extracted,0,,0,,0,,0,,0,,0,,1,1,1.0,0,0.0,0,0.0,0,0.0,0,0.0,0,0.0,0,0.0,0,0.0,1,1.0,0,0.0,0,0.0,0,0.0,0,0.0,0,0.0,0,0.0,0,0.0,1,0,0,0,,0,,0,0,0,0,1,0,0,0.0,0,0,0,0.0,0,0,1,1.0,1,0,0,0.0,0,0,0,0.0,0,0,0,0.0,0,0,0,0.0,0,0,1,1.0,1,0,0,0.0,0,0,0,0.0,0,0,0,0.0,0,0,0,0.0,0,0,0,0.0,0,1,1,1.0,1,0,0,0.0,0,0,0,0.0,0,0,0,0.0,0,0,0,0.0,0,0,0,0.0,0,0,0,0.0,0,0,0,0.0,0,0,0,0.0,0,0,0,0.0,0,0,0,0.0,0,0,0,0.0,0,0,0,0.0,0,0,0,0.0,0,0,0,0.0,0,0,0,,0,,0,,0,,0,,0,,0,,0,,,,not_applicable,,,,,,,,,,,,,,,,,,,,,0,context-aggregation-v1.0-2026-07-27,article-features-v1.0-2026-07-27,context-cards-v1.0-pilot67-2026-07-27
ESWS-2026-05,ESWS-2026-05:Guildford South West Ward,(no_focal_party),cumulative,previous_30_days,surrey_wide_local,1,1,1,1,1,1,0,0,0,0,0,,0,,0,,0,,,not_extracted,0,,0,,0,,0,,0,,0,,1,1,1.0,0,0.0,0,0.0,0,0.0,0,0.0,0,0.0,0,0.0,0,0.0,1,1.0,0,0.0,0,0.0,0,0.0,0,0.0,0,0.0,0,0.0,0,0.0,1,0,0,0,,0,,0,0,0,0,1,0,0,0.0,0,0,0,0.0,0,0,1,1.0,1,0,0,0.0,0,0,0,0.0,0,0,0,0.0,0,0,0,0.0,0,0,1,1.0,1,0,0,0.0,0,0,0,0.0,0,0,0,0.0,0,0,0,0.0,0,0,0,0.0,0,1,1,1.0,1,0,0,0.0,0,0,0,0.0,0,0,0,0.0,0,0,0,0.0,0,0,0,0.0,0,0,0,0.0,0,0,0,0.0,0,0,0,0.0,0,0,0,0.0,0,0,0,0.0,0,0,0,0.0,0,0,0,0.0,0,0,0,0.0,0,0,0,0.0,0,0,0,,0,,0,,0,,0,,0,,0,,0,,,,not_applicable,,,,,,,,,,,,,,,,,,,,,0,context-aggregation-v1.0-2026-07-27,article-features-v1.0-2026-07-27,context-cards-v1.0-pilot67-2026-07-27
ESWS-2026-05,ESWS-2026-05:Guildford South West Ward,(no_focal_party),cumulative,previous_72_hours,surrey_wide_local,1,1,1,1,1,1,0,0,0,0,0,,0,,0,,0,,,not_extracted,0,,0,,0,,0,,0,,0,,1,1,1.0,0,0.0,0,0.0,0,0.0,0,0.0,0,0.0,0,0.0,0,0.0,1,1.0,0,0.0,0,0.0,0,0.0,0,0.0,0,0.0,0,0.0,0,0.0,1,0,0,0,,0,,0,0,0,0,1,0,0,0.0,0,0,0,0.0,0,0,1,1.0,1,0,0,0.0,0,0,0,0.0,0,0,0,0.0,0,0,0,0.0,0,0,1,1.0,1,0,0,0.0,0,0,0,0.0,0,0,0,0.0,0,0,0,0.0,0,0,0,0.0,0,1,1,1.0,1,0,0,0.0,0,0,0,0.0,0,0,0,0.0,0,0,0,0.0,0,0,0,0.0,0,0,0,0.0,0,0,0,0.0,0,0,0,0.0,0,0,0,0.0,0,0,0,0.0,0,0,0,0.0,0,0,0,0.0,0,0,0,0.0,0,0,0,0.0,0,0,0,,0,,0,,0,,0,,0,,0,,0,,,,not_applicable,,,,,,,,,,,,,,,,,,,,,0,context-aggregation-v1.0-2026-07-27,article-features-v1.0-2026-07-27,context-cards-v1.0-pilot67-2026-07-27
ESWS-2026-05,ESWS-2026-05:Guildford South West Ward,(no_focal_party),cumulative,previous_7_days,surrey_wide_local,1,1,1,1,1,1,0,0,0,0,0,,0,,0,,0,,,not_extracted,0,,0,,0,,0,,0,,0,,1,1,1.0,0,0.0,0,0.0,0,0.0,0,0.0,0,0.0,0,0.0,0,0.0,1,1.0,0,0.0,0,0.0,0,0.0,0,0.0,0,0.0,0,0.0,0,0.0,1,0,0,0,,0,,0,0,0,0,1,0,0,0.0,0,0,0,0.0,0,0,1,1.0,1,0,0,0.0,0,0,0,0.0,0,0,0,0.0,0,0,0,0.0,0,0,1,1.0,1,0,0,0.0,0,0,0,0.0,0,0,0,0.0,0,0,0,0.0,0,0,0,0.0,0,1,1,1.0,1,0,0,0.0,0,0,0,0.0,0,0,0,0.0,0,0,0,0.0,0,0,0,0.0,0,0,0,0.0,0,0,0,0.0,0,0,0,0.0,0,0,0,0.0,0,0,0,0.0,0,0,0,0.0,0,0,0,0.0,0,0,0,0.0,0,0,0,0.0,0,0,0,,0,,0,,0,,0,,0,,0,,0,,,,not_applicable,,,,,,,,,,,,,,,,,,,,,0,context-aggregation-v1.0-2026-07-27,article-features-v1.0-2026-07-27,context-cards-v1.0-pilot67-2026-07-27
ESWS-2026-05,ESWS-2026-05:Guildford South West Ward,(no_focal_party),cumulative,previous_90_days,surrey_wide_local,1,1,1,1,1,1,0,0,0,0,0,,0,,0,,0,,,not_extracted,0,,0,,0,,0,,0,,0,,1,1,1.0,0,0.0,0,0.0,0,0.0,0,0.0,0,0.0,0,0.0,0,0.0,1,1.0,0,0.0,0,0.0,0,0.0,0,0.0,0,0.0,0,0.0,0,0.0,1,0,0,0,,0,,0,0,0,0,1,0,0,0.0,0,0,0,0.0,0,0,1,1.0,1,0,0,0.0,0,0,0,0.0,0,0,0,0.0,0,0,0,0.0,0,0,1,1.0,1,0,0,0.0,0,0,0,0.0,0,0,0,0.0,0,0,0,0.0,0,0,0,0.0,0,1,1,1.0,1,0,0,0.0,0,0,0,0.0,0,0,0,0.0,0,0,0,0.0,0,0,0,0.0,0,0,0,0.0,0,0,0,0.0,0,0,0,0.0,0,0,0,0.0,0,0,0,0.0,0,0,0,0.0,0,0,0,0.0,0,0,0,0.0,0,0,0,0.0,0,0,0,,0,,0,,0,,0,,0,,0,,0,,,,not_applicable,,,,,,,,,,,,,,,,,,,,,0,context-aggregation-v1.0-2026-07-27,article-features-v1.0-2026-07-27,context-cards-v1.0-pilot67-2026-07-27
ESWS-2026-05,ESWS-2026-05:Guildford South West Ward,(no_focal_party),individual,final_72_hours,surrey_wide_local,1,1,1,1,1,1,0,0,0,0,0,,0,,0,,0,,,not_extracted,0,,0,,0,,0,,0,,0,,1,1,1.0,0,0.0,0,0.0,0,0.0,0,0.0,0,0.0,0,0.0,0,0.0,1,1.0,0,0.0,0,0.0,0,0.0,0,0.0,0,0.0,0,0.0,0,0.0,1,0,0,0,,0,,0,0,0,0,1,0,0,0.0,0,0,0,0.0,0,0,1,1.0,1,0,0,0.0,0,0,0,0.0,0,0,0,0.0,0,0,0,0.0,0,0,1,1.0,1,0,0,0.0,0,0,0,0.0,0,0,0,0.0,0,0,0,0.0,0,0,0,0.0,0,1,1,1.0,1,0,0,0.0,0,0,0,0.0,0,0,0,0.0,0,0,0,0.0,0,0,0,0.0,0,0,0,0.0,0,0,0,0.0,0,0,0,0.0,0,0,0,0.0,0,0,0,0.0,0,0,0,0.0,0,0,0,0.0,0,0,0,0.0,0,0,0,0.0,0,0,0,,0,,0,,0,,0,,0,,0,,0,,,,not_applicable,,,,,,,,,,,,,,,,,,,,,0,context-aggregation-v1.0-2026-07-27,article-features-v1.0-2026-07-27,context-cards-v1.0-pilot67-2026-07-27
ESWS-2026-05,ESWS-2026-05:Guildford West Ward,(no_focal_party),cumulative,previous_14_days,surrey_wide_local,1,1,1,1,1,1,0,0,0,0,0,,0,,0,,0,,,not_extracted,0,,0,,0,,0,,0,,0,,1,1,1.0,0,0.0,0,0.0,0,0.0,0,0.0,0,0.0,0,0.0,0,0.0,1,1.0,0,0.0,0,0.0,0,0.0,0,0.0,0,0.0,0,0.0,0,0.0,1,0,0,0,,0,,0,0,0,0,1,0,0,0.0,0,0,0,0.0,0,0,1,1.0,1,0,0,0.0,0,0,0,0.0,0,0,0,0.0,0,0,0,0.0,0,0,1,1.0,1,0,0,0.0,0,0,0,0.0,0,0,0,0.0,0,0,0,0.0,0,0,0,0.0,0,1,1,1.0,1,0,0,0.0,0,0,0,0.0,0,0,0,0.0,0,0,0,0.0,0,0,0,0.0,0,0,0,0.0,0,0,0,0.0,0,0,0,0.0,0,0,0,0.0,0,0,0,0.0,0,0,0,0.0,0,0,0,0.0,0,0,0,0.0,0,0,0,0.0,0,0,0,,0,,0,,0,,0,,0,,0,,0,,,,not_applicable,,,,,,,,,,,,,,,,,,,,,0,context-aggregation-v1.0-2026-07-27,article-features-v1.0-2026-07-27,context-cards-v1.0-pilot67-2026-07-27
ESWS-2026-05,ESWS-2026-05:Guildford West Ward,(no_focal_party),cumulative,previous_180_days,surrey_wide_local,1,1,1,1,1,1,0,0,0,0,0,,0,,0,,0,,,not_extracted,0,,0,,0,,0,,0,,0,,1,1,1.0,0,0.0,0,0.0,0,0.0,0,0.0,0,0.0,0,0.0,0,0.0,1,1.0,0,0.0,0,0.0,0,0.0,0,0.0,0,0.0,0,0.0,0,0.0,1,0,0,0,,0,,0,0,0,0,1,0,0,0.0,0,0,0,0.0,0,0,1,1.0,1,0,0,0.0,0,0,0,0.0,0,0,0,0.0,0,0,0,0.0,0,0,1,1.0,1,0,0,0.0,0,0,0,0.0,0,0,0,0.0,0,0,0,0.0,0,0,0,0.0,0,1,1,1.0,1,0,0,0.0,0,0,0,0.0,0,0,0,0.0,0,0,0,0.0,0,0,0,0.0,0,0,0,0.0,0,0,0,0.0,0,0,0,0.0,0,0,0,0.0,0,0,0,0.0,0,0,0,0.0,0,0,0,0.0,0,0,0,0.0,0,0,0,0.0,0,0,0,,0,,0,,0,,0,,0,,0,,0,,,,not_applicable,,,,,,,,,,,,,,,,,,,,,0,context-aggregation-v1.0-2026-07-27,article-features-v1.0-2026-07-27,context-cards-v1.0-pilot67-2026-07-27
ESWS-2026-05,ESWS-2026-05:Guildford West Ward,(no_focal_party),cumulative,previous_30_days,surrey_wide_local,1,1,1,1,1,1,0,0,0,0,0,,0,,0,,0,,,not_extracted,0,,0,,0,,0,,0,,0,,1,1,1.0,0,0.0,0,0.0,0,0.0,0,0.0,0,0.0,0,0.0,0,0.0,1,1.0,0,0.0,0,0.0,0,0.0,0,0.0,0,0.0,0,0.0,0,0.0,1,0,0,0,,0,,0,0,0,0,1,0,0,0.0,0,0,0,0.0,0,0,1,1.0,1,0,0,0.0,0,0,0,0.0,0,0,0,0.0,0,0,0,0.0,0,0,1,1.0,1,0,0,0.0,0,0,0,0.0,0,0,0,0.0,0,0,0,0.0,0,0,0,0.0,0,1,1,1.0,1,0,0,0.0,0,0,0,0.0,0,0,0,0.0,0,0,0,0.0,0,0,0,0.0,0,0,0,0.0,0,0,0,0.0,0,0,0,0.0,0,0,0,0.0,0,0,0,0.0,0,0,0,0.0,0,0,0,0.0,0,0,0,0.0,0,0,0,0.0,0,0,0,,0,,0,,0,,0,,0,,0,,0,,,,not_applicable,,,,,,,,,,,,,,,,,,,,,0,context-aggregation-v1.0-2026-07-27,article-features-v1.0-2026-07-27,context-cards-v1.0-pilot67-2026-07-27
ESWS-2026-05,ESWS-2026-05:Guildford West Ward,(no_focal_party),cumulative,previous_72_hours,surrey_wide_local,1,1,1,1,1,1,0,0,0,0,0,,0,,0,,0,,,not_extracted,0,,0,,0,,0,,0,,0,,1,1,1.0,0,0.0,0,0.0,0,0.0,0,0.0,0,0.0,0,0.0,0,0.0,1,1.0,0,0.0,0,0.0,0,0.0,0,0.0,0,0.0,0,0.0,0,0.0,1,0,0,0,,0,,0,0,0,0,1,0,0,0.0,0,0,0,0.0,0,0,1,1.0,1,0,0,0.0,0,0,0,0.0,0,0,0,0.0,0,0,0,0.0,0,0,1,1.0,1,0,0,0.0,0,0,0,0.0,0,0,0,0.0,0,0,0,0.0,0,0,0,0.0,0,1,1,1.0,1,0,0,0.0,0,0,0,0.0,0,0,0,0.0,0,0,0,0.0,0,0,0,0.0,0,0,0,0.0,0,0,0,0.0,0,0,0,0.0,0,0,0,0.0,0,0,0,0.0,0,0,0,0.0,0,0,0,0.0,0,0,0,0.0,0,0,0,0.0,0,0,0,,0,,0,,0,,0,,0,,0,,0,,,,not_applicable,,,,,,,,,,,,,,,,,,,,,0,context-aggregation-v1.0-2026-07-27,article-features-v1.0-2026-07-27,context-cards-v1.0-pilot67-2026-07-27
ESWS-2026-05,ESWS-2026-05:Guildford West Ward,(no_focal_party),cumulative,previous_7_days,surrey_wide_local,1,1,1,1,1,1,0,0,0,0,0,,0,,0,,0,,,not_extracted,0,,0,,0,,0,,0,,0,,1,1,1.0,0,0.0,0,0.0,0,0.0,0,0.0,0,0.0,0,0.0,0,0.0,1,1.0,0,0.0,0,0.0,0,0.0,0,0.0,0,0.0,0,0.0,0,0.0,1,0,0,0,,0,,0,0,0,0,1,0,0,0.0,0,0,0,0.0,0,0,1,1.0,1,0,0,0.0,0,0,0,0.0,0,0,0,0.0,0,0,0,0.0,0,0,1,1.0,1,0,0,0.0,0,0,0,0.0,0,0,0,0.0,0,0,0,0.0,0,0,0,0.0,0,1,1,1.0,1,0,0,0.0,0,0,0,0.0,0,0,0,0.0,0,0,0,0.0,0,0,0,0.0,0,0,0,0.0,0,0,0,0.0,0,0,0,0.0,0,0,0,0.0,0,0,0,0.0,0,0,0,0.0,0,0,0,0.0,0,0,0,0.0,0,0,0,0.0,0,0,0,,0,,0,,0,,0,,0,,0,,0,,,,not_applicable,,,,,,,,,,,,,,,,,,,,,0,context-aggregation-v1.0-2026-07-27,article-features-v1.0-2026-07-27,context-cards-v1.0-pilot67-2026-07-27
ESWS-2026-05,ESWS-2026-05:Guildford West Ward,(no_focal_party),cumulative,previous_90_days,surrey_wide_local,1,1,1,1,1,1,0,0,0,0,0,,0,,0,,0,,,not_extracted,0,,0,,0,,0,,0,,0,,1,1,1.0,0,0.0,0,0.0,0,0.0,0,0.0,0,0.0,0,0.0,0,0.0,1,1.0,0,0.0,0,0.0,0,0.0,0,0.0,0,0.0,0,0.0,0,0.0,1,0,0,0,,0,,0,0,0,0,1,0,0,0.0,0,0,0,0.0,0,0,1,1.0,1,0,0,0.0,0,0,0,0.0,0,0,0,0.0,0,0,0,0.0,0,0,1,1.0,1,0,0,0.0,0,0,0,0.0,0,0,0,0.0,0,0,0,0.0,0,0,0,0.0,0,1,1,1.0,1,0,0,0.0,0,0,0,0.0,0,0,0,0.0,0,0,0,0.0,0,0,0,0.0,0,0,0,0.0,0,0,0,0.0,0,0,0,0.0,0,0,0,0.0,0,0,0,0.0,0,0,0,0.0,0,0,0,0.0,0,0,0,0.0,0,0,0,0.0,0,0,0,,0,,0,,0,,0,,0,,0,,0,,,,not_applicable,,,,,,,,,,,,,,,,,,,,,0,context-aggregation-v1.0-2026-07-27,article-features-v1.0-2026-07-27,context-cards-v1.0-pilot67-2026-07-27
ESWS-2026-05,ESWS-2026-05:Guildford West Ward,(no_focal_party),individual,final_72_hours,surrey_wide_local,1,1,1,1,1,1,0,0,0,0,0,,0,,0,,0,,,not_extracted,0,,0,,0,,0,,0,,0,,1,1,1.0,0,0.0,0,0.0,0,0.0,0,0.0,0,0.0,0,0.0,0,0.0,1,1.0,0,0.0,0,0.0,0,0.0,0,0.0,0,0.0,0,0.0,0,0.0,1,0,0,0,,0,,0,0,0,0,1,0,0,0.0,0,0,0,0.0,0,0,1,1.0,1,0,0,0.0,0,0,0,0.0,0,0,0,0.0,0,0,0,0.0,0,0,1,1.0,1,0,0,0.0,0,0,0,0.0,0,0,0,0.0,0,0,0,0.0,0,0,0,0.0,0,1,1,1.0,1,0,0,0.0,0,0,0,0.0,0,0,0,0.0,0,0,0,0.0,0,0,0,0.0,0,0,0,0.0,0,0,0,0.0,0,0,0,0.0,0,0,0,0.0,0,0,0,0.0,0,0,0,0.0,0,0,0,0.0,0,0,0,0.0,0,0,0,0.0,0,0,0,,0,,0,,0,,0,,0,,0,,0,,,,not_applicable,,,,,,,,,,,,,,,,,,,,,0,context-aggregation-v1.0-2026-07-27,article-features-v1.0-2026-07-27,context-cards-v1.0-pilot67-2026-07-27
ESWS-2026-05,ESWS-2026-05:Haslemere Ward,(no_focal_party),cumulative,previous_14_days,surrey_wide_local,1,1,1,1,1,1,0,0,0,0,0,,0,,0,,0,,,not_extracted,0,,0,,0,,0,,0,,0,,1,1,1.0,0,0.0,0,0.0,0,0.0,0,0.0,0,0.0,0,0.0,0,0.0,1,1.0,0,0.0,0,0.0,0,0.0,0,0.0,0,0.0,0,0.0,0,0.0,1,0,0,0,,0,,0,0,0,0,1,0,0,0.0,0,0,0,0.0,0,0,1,1.0,1,0,0,0.0,0,0,0,0.0,0,0,0,0.0,0,0,0,0.0,0,0,1,1.0,1,0,0,0.0,0,0,0,0.0,0,0,0,0.0,0,0,0,0.0,0,0,0,0.0,0,1,1,1.0,1,0,0,0.0,0,0,0,0.0,0,0,0,0.0,0,0,0,0.0,0,0,0,0.0,0,0,0,0.0,0,0,0,0.0,0,0,0,0.0,0,0,0,0.0,0,0,0,0.0,0,0,0,0.0,0,0,0,0.0,0,0,0,0.0,0,0,0,0.0,0,0,0,,0,,0,,0,,0,,0,,0,,0,,,,not_applicable,,,,,,,,,,,,,,,,,,,,,0,context-aggregation-v1.0-2026-07-27,article-features-v1.0-2026-07-27,context-cards-v1.0-pilot67-2026-07-27
ESWS-2026-05,ESWS-2026-05:Haslemere Ward,(no_focal_party),cumulative,previous_180_days,surrey_wide_local,1,1,1,1,1,1,0,0,0,0,0,,0,,0,,0,,,not_extracted,0,,0,,0,,0,,0,,0,,1,1,1.0,0,0.0,0,0.0,0,0.0,0,0.0,0,0.0,0,0.0,0,0.0,1,1.0,0,0.0,0,0.0,0,0.0,0,0.0,0,0.0,0,0.0,0,0.0,1,0,0,0,,0,,0,0,0,0,1,0,0,0.0,0,0,0,0.0,0,0,1,1.0,1,0,0,0.0,0,0,0,0.0,0,0,0,0.0,0,0,0,0.0,0,0,1,1.0,1,0,0,0.0,0,0,0,0.0,0,0,0,0.0,0,0,0,0.0,0,0,0,0.0,0,1,1,1.0,1,0,0,0.0,0,0,0,0.0,0,0,0,0.0,0,0,0,0.0,0,0,0,0.0,0,0,0,0.0,0,0,0,0.0,0,0,0,0.0,0,0,0,0.0,0,0,0,0.0,0,0,0,0.0,0,0,0,0.0,0,0,0,0.0,0,0,0,0.0,0,0,0,,0,,0,,0,,0,,0,,0,,0,,,,not_applicable,,,,,,,,,,,,,,,,,,,,,0,context-aggregation-v1.0-2026-07-27,article-features-v1.0-2026-07-27,context-cards-v1.0-pilot67-2026-07-27
ESWS-2026-05,ESWS-2026-05:Haslemere Ward,(no_focal_party),cumulative,previous_30_days,surrey_wide_local,1,1,1,1,1,1,0,0,0,0,0,,0,,0,,0,,,not_extracted,0,,0,,0,,0,,0,,0,,1,1,1.0,0,0.0,0,0.0,0,0.0,0,0.0,0,0.0,0,0.0,0,0.0,1,1.0,0,0.0,0,0.0,0,0.0,0,0.0,0,0.0,0,0.0,0,0.0,1,0,0,0,,0,,0,0,0,0,1,0,0,0.0,0,0,0,0.0,0,0,1,1.0,1,0,0,0.0,0,0,0,0.0,0,0,0,0.0,0,0,0,0.0,0,0,1,1.0,1,0,0,0.0,0,0,0,0.0,0,0,0,0.0,0,0,0,0.0,0,0,0,0.0,0,1,1,1.0,1,0,0,0.0,0,0,0,0.0,0,0,0,0.0,0,0,0,0.0,0,0,0,0.0,0,0,0,0.0,0,0,0,0.0,0,0,0,0.0,0,0,0,0.0,0,0,0,0.0,0,0,0,0.0,0,0,0,0.0,0,0,0,0.0,0,0,0,0.0,0,0,0,,0,,0,,0,,0,,0,,0,,0,,,,not_applicable,,,,,,,,,,,,,,,,,,,,,0,context-aggregation-v1.0-2026-07-27,article-features-v1.0-2026-07-27,context-cards-v1.0-pilot67-2026-07-27
ESWS-2026-05,ESWS-2026-05:Haslemere Ward,(no_focal_party),cumulative,previous_72_hours,surrey_wide_local,1,1,1,1,1,1,0,0,0,0,0,,0,,0,,0,,,not_extracted,0,,0,,0,,0,,0,,0,,1,1,1.0,0,0.0,0,0.0,0,0.0,0,0.0,0,0.0,0,0.0,0,0.0,1,1.0,0,0.0,0,0.0,0,0.0,0,0.0,0,0.0,0,0.0,0,0.0,1,0,0,0,,0,,0,0,0,0,1,0,0,0.0,0,0,0,0.0,0,0,1,1.0,1,0,0,0.0,0,0,0,0.0,0,0,0,0.0,0,0,0,0.0,0,0,1,1.0,1,0,0,0.0,0,0,0,0.0,0,0,0,0.0,0,0,0,0.0,0,0,0,0.0,0,1,1,1.0,1,0,0,0.0,0,0,0,0.0,0,0,0,0.0,0,0,0,0.0,0,0,0,0.0,0,0,0,0.0,0,0,0,0.0,0,0,0,0.0,0,0,0,0.0,0,0,0,0.0,0,0,0,0.0,0,0,0,0.0,0,0,0,0.0,0,0,0,0.0,0,0,0,,0,,0,,0,,0,,0,,0,,0,,,,not_applicable,,,,,,,,,,,,,,,,,,,,,0,context-aggregation-v1.0-2026-07-27,article-features-v1.0-2026-07-27,context-cards-v1.0-pilot67-2026-07-27
ESWS-2026-05,ESWS-2026-05:Haslemere Ward,(no_focal_party),cumulative,previous_7_days,surrey_wide_local,1,1,1,1,1,1,0,0,0,0,0,,0,,0,,0,,,not_extracted,0,,0,,0,,0,,0,,0,,1,1,1.0,0,0.0,0,0.0,0,0.0,0,0.0,0,0.0,0,0.0,0,0.0,1,1.0,0,0.0,0,0.0,0,0.0,0,0.0,0,0.0,0,0.0,0,0.0,1,0,0,0,,0,,0,0,0,0,1,0,0,0.0,0,0,0,0.0,0,0,1,1.0,1,0,0,0.0,0,0,0,0.0,0,0,0,0.0,0,0,0,0.0,0,0,1,1.0,1,0,0,0.0,0,0,0,0.0,0,0,0,0.0,0,0,0,0.0,0,0,0,0.0,0,1,1,1.0,1,0,0,0.0,0,0,0,0.0,0,0,0,0.0,0,0,0,0.0,0,0,0,0.0,0,0,0,0.0,0,0,0,0.0,0,0,0,0.0,0,0,0,0.0,0,0,0,0.0,0,0,0,0.0,0,0,0,0.0,0,0,0,0.0,0,0,0,0.0,0,0,0,,0,,0,,0,,0,,0,,0,,0,,,,not_applicable,,,,,,,,,,,,,,,,,,,,,0,context-aggregation-v1.0-2026-07-27,article-features-v1.0-2026-07-27,context-cards-v1.0-pilot67-2026-07-27
ESWS-2026-05,ESWS-2026-05:Haslemere Ward,(no_focal_party),cumulative,previous_90_days,surrey_wide_local,1,1,1,1,1,1,0,0,0,0,0,,0,,0,,0,,,not_extracted,0,,0,,0,,0,,0,,0,,1,1,1.0,0,0.0,0,0.0,0,0.0,0,0.0,0,0.0,0,0.0,0,0.0,1,1.0,0,0.0,0,0.0,0,0.0,0,0.0,0,0.0,0,0.0,0,0.0,1,0,0,0,,0,,0,0,0,0,1,0,0,0.0,0,0,0,0.0,0,0,1,1.0,1,0,0,0.0,0,0,0,0.0,0,0,0,0.0,0,0,0,0.0,0,0,1,1.0,1,0,0,0.0,0,0,0,0.0,0,0,0,0.0,0,0,0,0.0,0,0,0,0.0,0,1,1,1.0,1,0,0,0.0,0,0,0,0.0,0,0,0,0.0,0,0,0,0.0,0,0,0,0.0,0,0,0,0.0,0,0,0,0.0,0,0,0,0.0,0,0,0,0.0,0,0,0,0.0,0,0,0,0.0,0,0,0,0.0,0,0,0,0.0,0,0,0,0.0,0,0,0,,0,,0,,0,,0,,0,,0,,0,,,,not_applicable,,,,,,,,,,,,,,,,,,,,,0,context-aggregation-v1.0-2026-07-27,article-features-v1.0-2026-07-27,context-cards-v1.0-pilot67-2026-07-27
ESWS-2026-05,ESWS-2026-05:Haslemere Ward,(no_focal_party),individual,final_72_hours,surrey_wide_local,1,1,1,1,1,1,0,0,0,0,0,,0,,0,,0,,,not_extracted,0,,0,,0,,0,,0,,0,,1,1,1.0,0,0.0,0,0.0,0,0.0,0,0.0,0,0.0,0,0.0,0,0.0,1,1.0,0,0.0,0,0.0,0,0.0,0,0.0,0,0.0,0,0.0,0,0.0,1,0,0,0,,0,,0,0,0,0,1,0,0,0.0,0,0,0,0.0,0,0,1,1.0,1,0,0,0.0,0,0,0,0.0,0,0,0,0.0,0,0,0,0.0,0,0,1,1.0,1,0,0,0.0,0,0,0,0.0,0,0,0,0.0,0,0,0,0.0,0,0,0,0.0,0,1,1,1.0,1,0,0,0.0,0,0,0,0.0,0,0,0,0.0,0,0,0,0.0,0,0,0,0.0,0,0,0,0.0,0,0,0,0.0,0,0,0,0.0,0,0,0,0.0,0,0,0,0.0,0,0,0,0.0,0,0,0,0.0,0,0,0,0.0,0,0,0,0.0,0,0,0,,0,,0,,0,,0,,0,,0,,0,,,,not_applicable,,,,,,,,,,,,,,,,,,,,,0,context-aggregation-v1.0-2026-07-27,article-features-v1.0-2026-07-27,context-cards-v1.0-pilot67-2026-07-27
ESWS-2026-05,ESWS-2026-05:Heatherside & Parkside Ward,(no_focal_party),cumulative,previous_14_days,surrey_wide_local,1,1,1,1,1,1,0,0,0,0,0,,0,,0,,0,,,not_extracted,0,,0,,0,,0,,0,,0,,1,1,1.0,0,0.0,0,0.0,0,0.0,0,0.0,0,0.0,0,0.0,0,0.0,1,1.0,0,0.0,0,0.0,0,0.0,0,0.0,0,0.0,0,0.0,0,0.0,1,0,0,0,,0,,0,0,0,0,1,0,0,0.0,0,0,0,0.0,0,0,1,1.0,1,0,0,0.0,0,0,0,0.0,0,0,0,0.0,0,0,0,0.0,0,0,1,1.0,1,0,0,0.0,0,0,0,0.0,0,0,0,0.0,0,0,0,0.0,0,0,0,0.0,0,1,1,1.0,1,0,0,0.0,0,0,0,0.0,0,0,0,0.0,0,0,0,0.0,0,0,0,0.0,0,0,0,0.0,0,0,0,0.0,0,0,0,0.0,0,0,0,0.0,0,0,0,0.0,0,0,0,0.0,0,0,0,0.0,0,0,0,0.0,0,0,0,0.0,0,0,0,,0,,0,,0,,0,,0,,0,,0,,,,not_applicable,,,,,,,,,,,,,,,,,,,,,0,context-aggregation-v1.0-2026-07-27,article-features-v1.0-2026-07-27,context-cards-v1.0-pilot67-2026-07-27
ESWS-2026-05,ESWS-2026-05:Heatherside & Parkside Ward,(no_focal_party),cumulative,previous_180_days,surrey_wide_local,1,1,1,1,1,1,0,0,0,0,0,,0,,0,,0,,,not_extracted,0,,0,,0,,0,,0,,0,,1,1,1.0,0,0.0,0,0.0,0,0.0,0,0.0,0,0.0,0,0.0,0,0.0,1,1.0,0,0.0,0,0.0,0,0.0,0,0.0,0,0.0,0,0.0,0,0.0,1,0,0,0,,0,,0,0,0,0,1,0,0,0.0,0,0,0,0.0,0,0,1,1.0,1,0,0,0.0,0,0,0,0.0,0,0,0,0.0,0,0,0,0.0,0,0,1,1.0,1,0,0,0.0,0,0,0,0.0,0,0,0,0.0,0,0,0,0.0,0,0,0,0.0,0,1,1,1.0,1,0,0,0.0,0,0,0,0.0,0,0,0,0.0,0,0,0,0.0,0,0,0,0.0,0,0,0,0.0,0,0,0,0.0,0,0,0,0.0,0,0,0,0.0,0,0,0,0.0,0,0,0,0.0,0,0,0,0.0,0,0,0,0.0,0,0,0,0.0,0,0,0,,0,,0,,0,,0,,0,,0,,0,,,,not_applicable,,,,,,,,,,,,,,,,,,,,,0,context-aggregation-v1.0-2026-07-27,article-features-v1.0-2026-07-27,context-cards-v1.0-pilot67-2026-07-27
ESWS-2026-05,ESWS-2026-05:Heatherside & Parkside Ward,(no_focal_party),cumulative,previous_30_days,surrey_wide_local,1,1,1,1,1,1,0,0,0,0,0,,0,,0,,0,,,not_extracted,0,,0,,0,,0,,0,,0,,1,1,1.0,0,0.0,0,0.0,0,0.0,0,0.0,0,0.0,0,0.0,0,0.0,1,1.0,0,0.0,0,0.0,0,0.0,0,0.0,0,0.0,0,0.0,0,0.0,1,0,0,0,,0,,0,0,0,0,1,0,0,0.0,0,0,0,0.0,0,0,1,1.0,1,0,0,0.0,0,0,0,0.0,0,0,0,0.0,0,0,0,0.0,0,0,1,1.0,1,0,0,0.0,0,0,0,0.0,0,0,0,0.0,0,0,0,0.0,0,0,0,0.0,0,1,1,1.0,1,0,0,0.0,0,0,0,0.0,0,0,0,0.0,0,0,0,0.0,0,0,0,0.0,0,0,0,0.0,0,0,0,0.0,0,0,0,0.0,0,0,0,0.0,0,0,0,0.0,0,0,0,0.0,0,0,0,0.0,0,0,0,0.0,0,0,0,0.0,0,0,0,,0,,0,,0,,0,,0,,0,,0,,,,not_applicable,,,,,,,,,,,,,,,,,,,,,0,context-aggregation-v1.0-2026-07-27,article-features-v1.0-2026-07-27,context-cards-v1.0-pilot67-2026-07-27
ESWS-2026-05,ESWS-2026-05:Heatherside & Parkside Ward,(no_focal_party),cumulative,previous_72_hours,surrey_wide_local,1,1,1,1,1,1,0,0,0,0,0,,0,,0,,0,,,not_extracted,0,,0,,0,,0,,0,,0,,1,1,1.0,0,0.0,0,0.0,0,0.0,0,0.0,0,0.0,0,0.0,0,0.0,1,1.0,0,0.0,0,0.0,0,0.0,0,0.0,0,0.0,0,0.0,0,0.0,1,0,0,0,,0,,0,0,0,0,1,0,0,0.0,0,0,0,0.0,0,0,1,1.0,1,0,0,0.0,0,0,0,0.0,0,0,0,0.0,0,0,0,0.0,0,0,1,1.0,1,0,0,0.0,0,0,0,0.0,0,0,0,0.0,0,0,0,0.0,0,0,0,0.0,0,1,1,1.0,1,0,0,0.0,0,0,0,0.0,0,0,0,0.0,0,0,0,0.0,0,0,0,0.0,0,0,0,0.0,0,0,0,0.0,0,0,0,0.0,0,0,0,0.0,0,0,0,0.0,0,0,0,0.0,0,0,0,0.0,0,0,0,0.0,0,0,0,0.0,0,0,0,,0,,0,,0,,0,,0,,0,,0,,,,not_applicable,,,,,,,,,,,,,,,,,,,,,0,context-aggregation-v1.0-2026-07-27,article-features-v1.0-2026-07-27,context-cards-v1.0-pilot67-2026-07-27
ESWS-2026-05,ESWS-2026-05:Heatherside & Parkside Ward,(no_focal_party),cumulative,previous_7_days,surrey_wide_local,1,1,1,1,1,1,0,0,0,0,0,,0,,0,,0,,,not_extracted,0,,0,,0,,0,,0,,0,,1,1,1.0,0,0.0,0,0.0,0,0.0,0,0.0,0,0.0,0,0.0,0,0.0,1,1.0,0,0.0,0,0.0,0,0.0,0,0.0,0,0.0,0,0.0,0,0.0,1,0,0,0,,0,,0,0,0,0,1,0,0,0.0,0,0,0,0.0,0,0,1,1.0,1,0,0,0.0,0,0,0,0.0,0,0,0,0.0,0,0,0,0.0,0,0,1,1.0,1,0,0,0.0,0,0,0,0.0,0,0,0,0.0,0,0,0,0.0,0,0,0,0.0,0,1,1,1.0,1,0,0,0.0,0,0,0,0.0,0,0,0,0.0,0,0,0,0.0,0,0,0,0.0,0,0,0,0.0,0,0,0,0.0,0,0,0,0.0,0,0,0,0.0,0,0,0,0.0,0,0,0,0.0,0,0,0,0.0,0,0,0,0.0,0,0,0,0.0,0,0,0,,0,,0,,0,,0,,0,,0,,0,,,,not_applicable,,,,,,,,,,,,,,,,,,,,,0,context-aggregation-v1.0-2026-07-27,article-features-v1.0-2026-07-27,context-cards-v1.0-pilot67-2026-07-27
ESWS-2026-05,ESWS-2026-05:Heatherside & Parkside Ward,(no_focal_party),cumulative,previous_90_days,surrey_wide_local,1,1,1,1,1,1,0,0,0,0,0,,0,,0,,0,,,not_extracted,0,,0,,0,,0,,0,,0,,1,1,1.0,0,0.0,0,0.0,0,0.0,0,0.0,0,0.0,0,0.0,0,0.0,1,1.0,0,0.0,0,0.0,0,0.0,0,0.0,0,0.0,0,0.0,0,0.0,1,0,0,0,,0,,0,0,0,0,1,0,0,0.0,0,0,0,0.0,0,0,1,1.0,1,0,0,0.0,0,0,0,0.0,0,0,0,0.0,0,0,0,0.0,0,0,1,1.0,1,0,0,0.0,0,0,0,0.0,0,0,0,0.0,0,0,0,0.0,0,0,0,0.0,0,1,1,1.0,1,0,0,0.0,0,0,0,0.0,0,0,0,0.0,0,0,0,0.0,0,0,0,0.0,0,0,0,0.0,0,0,0,0.0,0,0,0,0.0,0,0,0,0.0,0,0,0,0.0,0,0,0,0.0,0,0,0,0.0,0,0,0,0.0,0,0,0,0.0,0,0,0,,0,,0,,0,,0,,0,,0,,0,,,,not_applicable,,,,,,,,,,,,,,,,,,,,,0,context-aggregation-v1.0-2026-07-27,article-features-v1.0-2026-07-27,context-cards-v1.0-pilot67-2026-07-27
ESWS-2026-05,ESWS-2026-05:Heatherside & Parkside Ward,(no_focal_party),individual,final_72_hours,surrey_wide_local,1,1,1,1,1,1,0,0,0,0,0,,0,,0,,0,,,not_extracted,0,,0,,0,,0,,0,,0,,1,1,1.0,0,0.0,0,0.0,0,0.0,0,0.0,0,0.0,0,0.0,0,0.0,1,1.0,0,0.0,0,0.0,0,0.0,0,0.0,0,0.0,0,0.0,0,0.0,1,0,0,0,,0,,0,0,0,0,1,0,0,0.0,0,0,0,0.0,0,0,1,1.0,1,0,0,0.0,0,0,0,0.0,0,0,0,0.0,0,0,0,0.0,0,0,1,1.0,1,0,0,0.0,0,0,0,0.0,0,0,0,0.0,0,0,0,0.0,0,0,0,0.0,0,1,1,1.0,1,0,0,0.0,0,0,0,0.0,0,0,0,0.0,0,0,0,0.0,0,0,0,0.0,0,0,0,0.0,0,0,0,0.0,0,0,0,0.0,0,0,0,0.0,0,0,0,0.0,0,0,0,0.0,0,0,0,0.0,0,0,0,0.0,0,0,0,0.0,0,0,0,,0,,0,,0,,0,,0,,0,,0,,,,not_applicable,,,,,,,,,,,,,,,,,,,,,0,context-aggregation-v1.0-2026-07-27,article-features-v1.0-2026-07-27,context-cards-v1.0-pilot67-2026-07-27
ESWS-2026-05,ESWS-2026-05:Horsleys Ward,(no_focal_party),cumulative,previous_14_days,surrey_wide_local,1,1,1,1,1,1,0,0,0,0,0,,0,,0,,0,,,not_extracted,0,,0,,0,,0,,0,,0,,1,1,1.0,0,0.0,0,0.0,0,0.0,0,0.0,0,0.0,0,0.0,0,0.0,1,1.0,0,0.0,0,0.0,0,0.0,0,0.0,0,0.0,0,0.0,0,0.0,1,0,0,0,,0,,0,0,0,0,1,0,0,0.0,0,0,0,0.0,0,0,1,1.0,1,0,0,0.0,0,0,0,0.0,0,0,0,0.0,0,0,0,0.0,0,0,1,1.0,1,0,0,0.0,0,0,0,0.0,0,0,0,0.0,0,0,0,0.0,0,0,0,0.0,0,1,1,1.0,1,0,0,0.0,0,0,0,0.0,0,0,0,0.0,0,0,0,0.0,0,0,0,0.0,0,0,0,0.0,0,0,0,0.0,0,0,0,0.0,0,0,0,0.0,0,0,0,0.0,0,0,0,0.0,0,0,0,0.0,0,0,0,0.0,0,0,0,0.0,0,0,0,,0,,0,,0,,0,,0,,0,,0,,,,not_applicable,,,,,,,,,,,,,,,,,,,,,0,context-aggregation-v1.0-2026-07-27,article-features-v1.0-2026-07-27,context-cards-v1.0-pilot67-2026-07-27
ESWS-2026-05,ESWS-2026-05:Horsleys Ward,(no_focal_party),cumulative,previous_180_days,surrey_wide_local,1,1,1,1,1,1,0,0,0,0,0,,0,,0,,0,,,not_extracted,0,,0,,0,,0,,0,,0,,1,1,1.0,0,0.0,0,0.0,0,0.0,0,0.0,0,0.0,0,0.0,0,0.0,1,1.0,0,0.0,0,0.0,0,0.0,0,0.0,0,0.0,0,0.0,0,0.0,1,0,0,0,,0,,0,0,0,0,1,0,0,0.0,0,0,0,0.0,0,0,1,1.0,1,0,0,0.0,0,0,0,0.0,0,0,0,0.0,0,0,0,0.0,0,0,1,1.0,1,0,0,0.0,0,0,0,0.0,0,0,0,0.0,0,0,0,0.0,0,0,0,0.0,0,1,1,1.0,1,0,0,0.0,0,0,0,0.0,0,0,0,0.0,0,0,0,0.0,0,0,0,0.0,0,0,0,0.0,0,0,0,0.0,0,0,0,0.0,0,0,0,0.0,0,0,0,0.0,0,0,0,0.0,0,0,0,0.0,0,0,0,0.0,0,0,0,0.0,0,0,0,,0,,0,,0,,0,,0,,0,,0,,,,not_applicable,,,,,,,,,,,,,,,,,,,,,0,context-aggregation-v1.0-2026-07-27,article-features-v1.0-2026-07-27,context-cards-v1.0-pilot67-2026-07-27
ESWS-2026-05,ESWS-2026-05:Horsleys Ward,(no_focal_party),cumulative,previous_30_days,surrey_wide_local,1,1,1,1,1,1,0,0,0,0,0,,0,,0,,0,,,not_extracted,0,,0,,0,,0,,0,,0,,1,1,1.0,0,0.0,0,0.0,0,0.0,0,0.0,0,0.0,0,0.0,0,0.0,1,1.0,0,0.0,0,0.0,0,0.0,0,0.0,0,0.0,0,0.0,0,0.0,1,0,0,0,,0,,0,0,0,0,1,0,0,0.0,0,0,0,0.0,0,0,1,1.0,1,0,0,0.0,0,0,0,0.0,0,0,0,0.0,0,0,0,0.0,0,0,1,1.0,1,0,0,0.0,0,0,0,0.0,0,0,0,0.0,0,0,0,0.0,0,0,0,0.0,0,1,1,1.0,1,0,0,0.0,0,0,0,0.0,0,0,0,0.0,0,0,0,0.0,0,0,0,0.0,0,0,0,0.0,0,0,0,0.0,0,0,0,0.0,0,0,0,0.0,0,0,0,0.0,0,0,0,0.0,0,0,0,0.0,0,0,0,0.0,0,0,0,0.0,0,0,0,,0,,0,,0,,0,,0,,0,,0,,,,not_applicable,,,,,,,,,,,,,,,,,,,,,0,context-aggregation-v1.0-2026-07-27,article-features-v1.0-2026-07-27,context-cards-v1.0-pilot67-2026-07-27
ESWS-2026-05,ESWS-2026-05:Horsleys Ward,(no_focal_party),cumulative,previous_72_hours,surrey_wide_local,1,1,1,1,1,1,0,0,0,0,0,,0,,0,,0,,,not_extracted,0,,0,,0,,0,,0,,0,,1,1,1.0,0,0.0,0,0.0,0,0.0,0,0.0,0,0.0,0,0.0,0,0.0,1,1.0,0,0.0,0,0.0,0,0.0,0,0.0,0,0.0,0,0.0,0,0.0,1,0,0,0,,0,,0,0,0,0,1,0,0,0.0,0,0,0,0.0,0,0,1,1.0,1,0,0,0.0,0,0,0,0.0,0,0,0,0.0,0,0,0,0.0,0,0,1,1.0,1,0,0,0.0,0,0,0,0.0,0,0,0,0.0,0,0,0,0.0,0,0,0,0.0,0,1,1,1.0,1,0,0,0.0,0,0,0,0.0,0,0,0,0.0,0,0,0,0.0,0,0,0,0.0,0,0,0,0.0,0,0,0,0.0,0,0,0,0.0,0,0,0,0.0,0,0,0,0.0,0,0,0,0.0,0,0,0,0.0,0,0,0,0.0,0,0,0,0.0,0,0,0,,0,,0,,0,,0,,0,,0,,0,,,,not_applicable,,,,,,,,,,,,,,,,,,,,,0,context-aggregation-v1.0-2026-07-27,article-features-v1.0-2026-07-27,context-cards-v1.0-pilot67-2026-07-27
ESWS-2026-05,ESWS-2026-05:Horsleys Ward,(no_focal_party),cumulative,previous_7_days,surrey_wide_local,1,1,1,1,1,1,0,0,0,0,0,,0,,0,,0,,,not_extracted,0,,0,,0,,0,,0,,0,,1,1,1.0,0,0.0,0,0.0,0,0.0,0,0.0,0,0.0,0,0.0,0,0.0,1,1.0,0,0.0,0,0.0,0,0.0,0,0.0,0,0.0,0,0.0,0,0.0,1,0,0,0,,0,,0,0,0,0,1,0,0,0.0,0,0,0,0.0,0,0,1,1.0,1,0,0,0.0,0,0,0,0.0,0,0,0,0.0,0,0,0,0.0,0,0,1,1.0,1,0,0,0.0,0,0,0,0.0,0,0,0,0.0,0,0,0,0.0,0,0,0,0.0,0,1,1,1.0,1,0,0,0.0,0,0,0,0.0,0,0,0,0.0,0,0,0,0.0,0,0,0,0.0,0,0,0,0.0,0,0,0,0.0,0,0,0,0.0,0,0,0,0.0,0,0,0,0.0,0,0,0,0.0,0,0,0,0.0,0,0,0,0.0,0,0,0,0.0,0,0,0,,0,,0,,0,,0,,0,,0,,0,,,,not_applicable,,,,,,,,,,,,,,,,,,,,,0,context-aggregation-v1.0-2026-07-27,article-features-v1.0-2026-07-27,context-cards-v1.0-pilot67-2026-07-27
ESWS-2026-05,ESWS-2026-05:Horsleys Ward,(no_focal_party),cumulative,previous_90_days,surrey_wide_local,1,1,1,1,1,1,0,0,0,0,0,,0,,0,,0,,,not_extracted,0,,0,,0,,0,,0,,0,,1,1,1.0,0,0.0,0,0.0,0,0.0,0,0.0,0,0.0,0,0.0,0,0.0,1,1.0,0,0.0,0,0.0,0,0.0,0,0.0,0,0.0,0,0.0,0,0.0,1,0,0,0,,0,,0,0,0,0,1,0,0,0.0,0,0,0,0.0,0,0,1,1.0,1,0,0,0.0,0,0,0,0.0,0,0,0,0.0,0,0,0,0.0,0,0,1,1.0,1,0,0,0.0,0,0,0,0.0,0,0,0,0.0,0,0,0,0.0,0,0,0,0.0,0,1,1,1.0,1,0,0,0.0,0,0,0,0.0,0,0,0,0.0,0,0,0,0.0,0,0,0,0.0,0,0,0,0.0,0,0,0,0.0,0,0,0,0.0,0,0,0,0.0,0,0,0,0.0,0,0,0,0.0,0,0,0,0.0,0,0,0,0.0,0,0,0,0.0,0,0,0,,0,,0,,0,,0,,0,,0,,0,,,,not_applicable,,,,,,,,,,,,,,,,,,,,,0,context-aggregation-v1.0-2026-07-27,article-features-v1.0-2026-07-27,context-cards-v1.0-pilot67-2026-07-27
ESWS-2026-05,ESWS-2026-05:Horsleys Ward,(no_focal_party),individual,final_72_hours,surrey_wide_local,1,1,1,1,1,1,0,0,0,0,0,,0,,0,,0,,,not_extracted,0,,0,,0,,0,,0,,0,,1,1,1.0,0,0.0,0,0.0,0,0.0,0,0.0,0,0.0,0,0.0,0,0.0,1,1.0,0,0.0,0,0.0,0,0.0,0,0.0,0,0.0,0,0.0,0,0.0,1,0,0,0,,0,,0,0,0,0,1,0,0,0.0,0,0,0,0.0,0,0,1,1.0,1,0,0,0.0,0,0,0,0.0,0,0,0,0.0,0,0,0,0.0,0,0,1,1.0,1,0,0,0.0,0,0,0,0.0,0,0,0,0.0,0,0,0,0.0,0,0,0,0.0,0,1,1,1.0,1,0,0,0.0,0,0,0,0.0,0,0,0,0.0,0,0,0,0.0,0,0,0,0.0,0,0,0,0.0,0,0,0,0.0,0,0,0,0.0,0,0,0,0.0,0,0,0,0.0,0,0,0,0.0,0,0,0,0.0,0,0,0,0.0,0,0,0,0.0,0,0,0,,0,,0,,0,,0,,0,,0,,0,,,,not_applicable,,,,,,,,,,,,,,,,,,,,,0,context-aggregation-v1.0-2026-07-27,article-features-v1.0-2026-07-27,context-cards-v1.0-pilot67-2026-07-27
ESWS-2026-05,ESWS-2026-05:Knaphill & Goldsworth West Ward,(no_focal_party),cumulative,previous_14_days,surrey_wide_local,1,1,1,1,1,1,0,0,0,0,0,,0,,0,,0,,,not_extracted,0,,0,,0,,0,,0,,0,,1,1,1.0,0,0.0,0,0.0,0,0.0,0,0.0,0,0.0,0,0.0,0,0.0,1,1.0,0,0.0,0,0.0,0,0.0,0,0.0,0,0.0,0,0.0,0,0.0,1,0,0,0,,0,,0,0,0,0,1,0,0,0.0,0,0,0,0.0,0,0,1,1.0,1,0,0,0.0,0,0,0,0.0,0,0,0,0.0,0,0,0,0.0,0,0,1,1.0,1,0,0,0.0,0,0,0,0.0,0,0,0,0.0,0,0,0,0.0,0,0,0,0.0,0,1,1,1.0,1,0,0,0.0,0,0,0,0.0,0,0,0,0.0,0,0,0,0.0,0,0,0,0.0,0,0,0,0.0,0,0,0,0.0,0,0,0,0.0,0,0,0,0.0,0,0,0,0.0,0,0,0,0.0,0,0,0,0.0,0,0,0,0.0,0,0,0,0.0,0,0,0,,0,,0,,0,,0,,0,,0,,0,,,,not_applicable,,,,,,,,,,,,,,,,,,,,,0,context-aggregation-v1.0-2026-07-27,article-features-v1.0-2026-07-27,context-cards-v1.0-pilot67-2026-07-27
ESWS-2026-05,ESWS-2026-05:Knaphill & Goldsworth West Ward,(no_focal_party),cumulative,previous_180_days,surrey_wide_local,1,1,1,1,1,1,0,0,0,0,0,,0,,0,,0,,,not_extracted,0,,0,,0,,0,,0,,0,,1,1,1.0,0,0.0,0,0.0,0,0.0,0,0.0,0,0.0,0,0.0,0,0.0,1,1.0,0,0.0,0,0.0,0,0.0,0,0.0,0,0.0,0,0.0,0,0.0,1,0,0,0,,0,,0,0,0,0,1,0,0,0.0,0,0,0,0.0,0,0,1,1.0,1,0,0,0.0,0,0,0,0.0,0,0,0,0.0,0,0,0,0.0,0,0,1,1.0,1,0,0,0.0,0,0,0,0.0,0,0,0,0.0,0,0,0,0.0,0,0,0,0.0,0,1,1,1.0,1,0,0,0.0,0,0,0,0.0,0,0,0,0.0,0,0,0,0.0,0,0,0,0.0,0,0,0,0.0,0,0,0,0.0,0,0,0,0.0,0,0,0,0.0,0,0,0,0.0,0,0,0,0.0,0,0,0,0.0,0,0,0,0.0,0,0,0,0.0,0,0,0,,0,,0,,0,,0,,0,,0,,0,,,,not_applicable,,,,,,,,,,,,,,,,,,,,,0,context-aggregation-v1.0-2026-07-27,article-features-v1.0-2026-07-27,context-cards-v1.0-pilot67-2026-07-27
ESWS-2026-05,ESWS-2026-05:Knaphill & Goldsworth West Ward,(no_focal_party),cumulative,previous_30_days,surrey_wide_local,1,1,1,1,1,1,0,0,0,0,0,,0,,0,,0,,,not_extracted,0,,0,,0,,0,,0,,0,,1,1,1.0,0,0.0,0,0.0,0,0.0,0,0.0,0,0.0,0,0.0,0,0.0,1,1.0,0,0.0,0,0.0,0,0.0,0,0.0,0,0.0,0,0.0,0,0.0,1,0,0,0,,0,,0,0,0,0,1,0,0,0.0,0,0,0,0.0,0,0,1,1.0,1,0,0,0.0,0,0,0,0.0,0,0,0,0.0,0,0,0,0.0,0,0,1,1.0,1,0,0,0.0,0,0,0,0.0,0,0,0,0.0,0,0,0,0.0,0,0,0,0.0,0,1,1,1.0,1,0,0,0.0,0,0,0,0.0,0,0,0,0.0,0,0,0,0.0,0,0,0,0.0,0,0,0,0.0,0,0,0,0.0,0,0,0,0.0,0,0,0,0.0,0,0,0,0.0,0,0,0,0.0,0,0,0,0.0,0,0,0,0.0,0,0,0,0.0,0,0,0,,0,,0,,0,,0,,0,,0,,0,,,,not_applicable,,,,,,,,,,,,,,,,,,,,,0,context-aggregation-v1.0-2026-07-27,article-features-v1.0-2026-07-27,context-cards-v1.0-pilot67-2026-07-27
ESWS-2026-05,ESWS-2026-05:Knaphill & Goldsworth West Ward,(no_focal_party),cumulative,previous_72_hours,surrey_wide_local,1,1,1,1,1,1,0,0,0,0,0,,0,,0,,0,,,not_extracted,0,,0,,0,,0,,0,,0,,1,1,1.0,0,0.0,0,0.0,0,0.0,0,0.0,0,0.0,0,0.0,0,0.0,1,1.0,0,0.0,0,0.0,0,0.0,0,0.0,0,0.0,0,0.0,0,0.0,1,0,0,0,,0,,0,0,0,0,1,0,0,0.0,0,0,0,0.0,0,0,1,1.0,1,0,0,0.0,0,0,0,0.0,0,0,0,0.0,0,0,0,0.0,0,0,1,1.0,1,0,0,0.0,0,0,0,0.0,0,0,0,0.0,0,0,0,0.0,0,0,0,0.0,0,1,1,1.0,1,0,0,0.0,0,0,0,0.0,0,0,0,0.0,0,0,0,0.0,0,0,0,0.0,0,0,0,0.0,0,0,0,0.0,0,0,0,0.0,0,0,0,0.0,0,0,0,0.0,0,0,0,0.0,0,0,0,0.0,0,0,0,0.0,0,0,0,0.0,0,0,0,,0,,0,,0,,0,,0,,0,,0,,,,not_applicable,,,,,,,,,,,,,,,,,,,,,0,context-aggregation-v1.0-2026-07-27,article-features-v1.0-2026-07-27,context-cards-v1.0-pilot67-2026-07-27
ESWS-2026-05,ESWS-2026-05:Knaphill & Goldsworth West Ward,(no_focal_party),cumulative,previous_7_days,surrey_wide_local,1,1,1,1,1,1,0,0,0,0,0,,0,,0,,0,,,not_extracted,0,,0,,0,,0,,0,,0,,1,1,1.0,0,0.0,0,0.0,0,0.0,0,0.0,0,0.0,0,0.0,0,0.0,1,1.0,0,0.0,0,0.0,0,0.0,0,0.0,0,0.0,0,0.0,0,0.0,1,0,0,0,,0,,0,0,0,0,1,0,0,0.0,0,0,0,0.0,0,0,1,1.0,1,0,0,0.0,0,0,0,0.0,0,0,0,0.0,0,0,0,0.0,0,0,1,1.0,1,0,0,0.0,0,0,0,0.0,0,0,0,0.0,0,0,0,0.0,0,0,0,0.0,0,1,1,1.0,1,0,0,0.0,0,0,0,0.0,0,0,0,0.0,0,0,0,0.0,0,0,0,0.0,0,0,0,0.0,0,0,0,0.0,0,0,0,0.0,0,0,0,0.0,0,0,0,0.0,0,0,0,0.0,0,0,0,0.0,0,0,0,0.0,0,0,0,0.0,0,0,0,,0,,0,,0,,0,,0,,0,,0,,,,not_applicable,,,,,,,,,,,,,,,,,,,,,0,context-aggregation-v1.0-2026-07-27,article-features-v1.0-2026-07-27,context-cards-v1.0-pilot67-2026-07-27
ESWS-2026-05,ESWS-2026-05:Knaphill & Goldsworth West Ward,(no_focal_party),cumulative,previous_90_days,surrey_wide_local,1,1,1,1,1,1,0,0,0,0,0,,0,,0,,0,,,not_extracted,0,,0,,0,,0,,0,,0,,1,1,1.0,0,0.0,0,0.0,0,0.0,0,0.0,0,0.0,0,0.0,0,0.0,1,1.0,0,0.0,0,0.0,0,0.0,0,0.0,0,0.0,0,0.0,0,0.0,1,0,0,0,,0,,0,0,0,0,1,0,0,0.0,0,0,0,0.0,0,0,1,1.0,1,0,0,0.0,0,0,0,0.0,0,0,0,0.0,0,0,0,0.0,0,0,1,1.0,1,0,0,0.0,0,0,0,0.0,0,0,0,0.0,0,0,0,0.0,0,0,0,0.0,0,1,1,1.0,1,0,0,0.0,0,0,0,0.0,0,0,0,0.0,0,0,0,0.0,0,0,0,0.0,0,0,0,0.0,0,0,0,0.0,0,0,0,0.0,0,0,0,0.0,0,0,0,0.0,0,0,0,0.0,0,0,0,0.0,0,0,0,0.0,0,0,0,0.0,0,0,0,,0,,0,,0,,0,,0,,0,,0,,,,not_applicable,,,,,,,,,,,,,,,,,,,,,0,context-aggregation-v1.0-2026-07-27,article-features-v1.0-2026-07-27,context-cards-v1.0-pilot67-2026-07-27
ESWS-2026-05,ESWS-2026-05:Knaphill & Goldsworth West Ward,(no_focal_party),individual,final_72_hours,surrey_wide_local,1,1,1,1,1,1,0,0,0,0,0,,0,,0,,0,,,not_extracted,0,,0,,0,,0,,0,,0,,1,1,1.0,0,0.0,0,0.0,0,0.0,0,0.0,0,0.0,0,0.0,0,0.0,1,1.0,0,0.0,0,0.0,0,0.0,0,0.0,0,0.0,0,0.0,0,0.0,1,0,0,0,,0,,0,0,0,0,1,0,0,0.0,0,0,0,0.0,0,0,1,1.0,1,0,0,0.0,0,0,0,0.0,0,0,0,0.0,0,0,0,0.0,0,0,1,1.0,1,0,0,0.0,0,0,0,0.0,0,0,0,0.0,0,0,0,0.0,0,0,0,0.0,0,1,1,1.0,1,0,0,0.0,0,0,0,0.0,0,0,0,0.0,0,0,0,0.0,0,0,0,0.0,0,0,0,0.0,0,0,0,0.0,0,0,0,0.0,0,0,0,0.0,0,0,0,0.0,0,0,0,0.0,0,0,0,0.0,0,0,0,0.0,0,0,0,0.0,0,0,0,,0,,0,,0,,0,,0,,0,,0,,,,not_applicable,,,,,,,,,,,,,,,,,,,,,0,context-aggregation-v1.0-2026-07-27,article-features-v1.0-2026-07-27,context-cards-v1.0-pilot67-2026-07-27
ESWS-2026-05,ESWS-2026-05:Laleham & Shepperton Ward,(no_focal_party),cumulative,previous_14_days,surrey_wide_local,1,1,1,1,1,1,0,0,0,0,0,,0,,0,,0,,,not_extracted,0,,0,,0,,0,,0,,0,,1,1,1.0,0,0.0,0,0.0,0,0.0,0,0.0,0,0.0,0,0.0,0,0.0,1,1.0,0,0.0,0,0.0,0,0.0,0,0.0,0,0.0,0,0.0,0,0.0,1,0,0,0,,0,,0,0,0,0,1,0,0,0.0,0,0,0,0.0,0,0,1,1.0,1,0,0,0.0,0,0,0,0.0,0,0,0,0.0,0,0,0,0.0,0,0,1,1.0,1,0,0,0.0,0,0,0,0.0,0,0,0,0.0,0,0,0,0.0,0,0,0,0.0,0,1,1,1.0,1,0,0,0.0,0,0,0,0.0,0,0,0,0.0,0,0,0,0.0,0,0,0,0.0,0,0,0,0.0,0,0,0,0.0,0,0,0,0.0,0,0,0,0.0,0,0,0,0.0,0,0,0,0.0,0,0,0,0.0,0,0,0,0.0,0,0,0,0.0,0,0,0,,0,,0,,0,,0,,0,,0,,0,,,,not_applicable,,,,,,,,,,,,,,,,,,,,,0,context-aggregation-v1.0-2026-07-27,article-features-v1.0-2026-07-27,context-cards-v1.0-pilot67-2026-07-27
ESWS-2026-05,ESWS-2026-05:Laleham & Shepperton Ward,(no_focal_party),cumulative,previous_180_days,surrey_wide_local,1,1,1,1,1,1,0,0,0,0,0,,0,,0,,0,,,not_extracted,0,,0,,0,,0,,0,,0,,1,1,1.0,0,0.0,0,0.0,0,0.0,0,0.0,0,0.0,0,0.0,0,0.0,1,1.0,0,0.0,0,0.0,0,0.0,0,0.0,0,0.0,0,0.0,0,0.0,1,0,0,0,,0,,0,0,0,0,1,0,0,0.0,0,0,0,0.0,0,0,1,1.0,1,0,0,0.0,0,0,0,0.0,0,0,0,0.0,0,0,0,0.0,0,0,1,1.0,1,0,0,0.0,0,0,0,0.0,0,0,0,0.0,0,0,0,0.0,0,0,0,0.0,0,1,1,1.0,1,0,0,0.0,0,0,0,0.0,0,0,0,0.0,0,0,0,0.0,0,0,0,0.0,0,0,0,0.0,0,0,0,0.0,0,0,0,0.0,0,0,0,0.0,0,0,0,0.0,0,0,0,0.0,0,0,0,0.0,0,0,0,0.0,0,0,0,0.0,0,0,0,,0,,0,,0,,0,,0,,0,,0,,,,not_applicable,,,,,,,,,,,,,,,,,,,,,0,context-aggregation-v1.0-2026-07-27,article-features-v1.0-2026-07-27,context-cards-v1.0-pilot67-2026-07-27
ESWS-2026-05,ESWS-2026-05:Laleham & Shepperton Ward,(no_focal_party),cumulative,previous_30_days,surrey_wide_local,1,1,1,1,1,1,0,0,0,0,0,,0,,0,,0,,,not_extracted,0,,0,,0,,0,,0,,0,,1,1,1.0,0,0.0,0,0.0,0,0.0,0,0.0,0,0.0,0,0.0,0,0.0,1,1.0,0,0.0,0,0.0,0,0.0,0,0.0,0,0.0,0,0.0,0,0.0,1,0,0,0,,0,,0,0,0,0,1,0,0,0.0,0,0,0,0.0,0,0,1,1.0,1,0,0,0.0,0,0,0,0.0,0,0,0,0.0,0,0,0,0.0,0,0,1,1.0,1,0,0,0.0,0,0,0,0.0,0,0,0,0.0,0,0,0,0.0,0,0,0,0.0,0,1,1,1.0,1,0,0,0.0,0,0,0,0.0,0,0,0,0.0,0,0,0,0.0,0,0,0,0.0,0,0,0,0.0,0,0,0,0.0,0,0,0,0.0,0,0,0,0.0,0,0,0,0.0,0,0,0,0.0,0,0,0,0.0,0,0,0,0.0,0,0,0,0.0,0,0,0,,0,,0,,0,,0,,0,,0,,0,,,,not_applicable,,,,,,,,,,,,,,,,,,,,,0,context-aggregation-v1.0-2026-07-27,article-features-v1.0-2026-07-27,context-cards-v1.0-pilot67-2026-07-27
ESWS-2026-05,ESWS-2026-05:Laleham & Shepperton Ward,(no_focal_party),cumulative,previous_72_hours,surrey_wide_local,1,1,1,1,1,1,0,0,0,0,0,,0,,0,,0,,,not_extracted,0,,0,,0,,0,,0,,0,,1,1,1.0,0,0.0,0,0.0,0,0.0,0,0.0,0,0.0,0,0.0,0,0.0,1,1.0,0,0.0,0,0.0,0,0.0,0,0.0,0,0.0,0,0.0,0,0.0,1,0,0,0,,0,,0,0,0,0,1,0,0,0.0,0,0,0,0.0,0,0,1,1.0,1,0,0,0.0,0,0,0,0.0,0,0,0,0.0,0,0,0,0.0,0,0,1,1.0,1,0,0,0.0,0,0,0,0.0,0,0,0,0.0,0,0,0,0.0,0,0,0,0.0,0,1,1,1.0,1,0,0,0.0,0,0,0,0.0,0,0,0,0.0,0,0,0,0.0,0,0,0,0.0,0,0,0,0.0,0,0,0,0.0,0,0,0,0.0,0,0,0,0.0,0,0,0,0.0,0,0,0,0.0,0,0,0,0.0,0,0,0,0.0,0,0,0,0.0,0,0,0,,0,,0,,0,,0,,0,,0,,0,,,,not_applicable,,,,,,,,,,,,,,,,,,,,,0,context-aggregation-v1.0-2026-07-27,article-features-v1.0-2026-07-27,context-cards-v1.0-pilot67-2026-07-27
ESWS-2026-05,ESWS-2026-05:Laleham & Shepperton Ward,(no_focal_party),cumulative,previous_7_days,surrey_wide_local,1,1,1,1,1,1,0,0,0,0,0,,0,,0,,0,,,not_extracted,0,,0,,0,,0,,0,,0,,1,1,1.0,0,0.0,0,0.0,0,0.0,0,0.0,0,0.0,0,0.0,0,0.0,1,1.0,0,0.0,0,0.0,0,0.0,0,0.0,0,0.0,0,0.0,0,0.0,1,0,0,0,,0,,0,0,0,0,1,0,0,0.0,0,0,0,0.0,0,0,1,1.0,1,0,0,0.0,0,0,0,0.0,0,0,0,0.0,0,0,0,0.0,0,0,1,1.0,1,0,0,0.0,0,0,0,0.0,0,0,0,0.0,0,0,0,0.0,0,0,0,0.0,0,1,1,1.0,1,0,0,0.0,0,0,0,0.0,0,0,0,0.0,0,0,0,0.0,0,0,0,0.0,0,0,0,0.0,0,0,0,0.0,0,0,0,0.0,0,0,0,0.0,0,0,0,0.0,0,0,0,0.0,0,0,0,0.0,0,0,0,0.0,0,0,0,0.0,0,0,0,,0,,0,,0,,0,,0,,0,,0,,,,not_applicable,,,,,,,,,,,,,,,,,,,,,0,context-aggregation-v1.0-2026-07-27,article-features-v1.0-2026-07-27,context-cards-v1.0-pilot67-2026-07-27
ESWS-2026-05,ESWS-2026-05:Laleham & Shepperton Ward,(no_focal_party),cumulative,previous_90_days,surrey_wide_local,1,1,1,1,1,1,0,0,0,0,0,,0,,0,,0,,,not_extracted,0,,0,,0,,0,,0,,0,,1,1,1.0,0,0.0,0,0.0,0,0.0,0,0.0,0,0.0,0,0.0,0,0.0,1,1.0,0,0.0,0,0.0,0,0.0,0,0.0,0,0.0,0,0.0,0,0.0,1,0,0,0,,0,,0,0,0,0,1,0,0,0.0,0,0,0,0.0,0,0,1,1.0,1,0,0,0.0,0,0,0,0.0,0,0,0,0.0,0,0,0,0.0,0,0,1,1.0,1,0,0,0.0,0,0,0,0.0,0,0,0,0.0,0,0,0,0.0,0,0,0,0.0,0,1,1,1.0,1,0,0,0.0,0,0,0,0.0,0,0,0,0.0,0,0,0,0.0,0,0,0,0.0,0,0,0,0.0,0,0,0,0.0,0,0,0,0.0,0,0,0,0.0,0,0,0,0.0,0,0,0,0.0,0,0,0,0.0,0,0,0,0.0,0,0,0,0.0,0,0,0,,0,,0,,0,,0,,0,,0,,0,,,,not_applicable,,,,,,,,,,,,,,,,,,,,,0,context-aggregation-v1.0-2026-07-27,article-features-v1.0-2026-07-27,context-cards-v1.0-pilot67-2026-07-27
ESWS-2026-05,ESWS-2026-05:Laleham & Shepperton Ward,(no_focal_party),individual,final_72_hours,surrey_wide_local,1,1,1,1,1,1,0,0,0,0,0,,0,,0,,0,,,not_extracted,0,,0,,0,,0,,0,,0,,1,1,1.0,0,0.0,0,0.0,0,0.0,0,0.0,0,0.0,0,0.0,0,0.0,1,1.0,0,0.0,0,0.0,0,0.0,0,0.0,0,0.0,0,0.0,0,0.0,1,0,0,0,,0,,0,0,0,0,1,0,0,0.0,0,0,0,0.0,0,0,1,1.0,1,0,0,0.0,0,0,0,0.0,0,0,0,0.0,0,0,0,0.0,0,0,1,1.0,1,0,0,0.0,0,0,0,0.0,0,0,0,0.0,0,0,0,0.0,0,0,0,0.0,0,1,1,1.0,1,0,0,0.0,0,0,0,0.0,0,0,0,0.0,0,0,0,0.0,0,0,0,0.0,0,0,0,0.0,0,0,0,0.0,0,0,0,0.0,0,0,0,0.0,0,0,0,0.0,0,0,0,0.0,0,0,0,0.0,0,0,0,0.0,0,0,0,0.0,0,0,0,,0,,0,,0,,0,,0,,0,,0,,,,not_applicable,,,,,,,,,,,,,,,,,,,,,0,context-aggregation-v1.0-2026-07-27,article-features-v1.0-2026-07-27,context-cards-v1.0-pilot67-2026-07-27
ESWS-2026-05,"ESWS-2026-05:Lightwater, West End & Bisley Ward",(no_focal_party),cumulative,previous_14_days,surrey_wide_local,1,1,1,1,1,1,0,0,0,0,0,,0,,0,,0,,,not_extracted,0,,0,,0,,0,,0,,0,,1,1,1.0,0,0.0,0,0.0,0,0.0,0,0.0,0,0.0,0,0.0,0,0.0,1,1.0,0,0.0,0,0.0,0,0.0,0,0.0,0,0.0,0,0.0,0,0.0,1,0,0,0,,0,,0,0,0,0,1,0,0,0.0,0,0,0,0.0,0,0,1,1.0,1,0,0,0.0,0,0,0,0.0,0,0,0,0.0,0,0,0,0.0,0,0,1,1.0,1,0,0,0.0,0,0,0,0.0,0,0,0,0.0,0,0,0,0.0,0,0,0,0.0,0,1,1,1.0,1,0,0,0.0,0,0,0,0.0,0,0,0,0.0,0,0,0,0.0,0,0,0,0.0,0,0,0,0.0,0,0,0,0.0,0,0,0,0.0,0,0,0,0.0,0,0,0,0.0,0,0,0,0.0,0,0,0,0.0,0,0,0,0.0,0,0,0,0.0,0,0,0,,0,,0,,0,,0,,0,,0,,0,,,,not_applicable,,,,,,,,,,,,,,,,,,,,,0,context-aggregation-v1.0-2026-07-27,article-features-v1.0-2026-07-27,context-cards-v1.0-pilot67-2026-07-27
ESWS-2026-05,"ESWS-2026-05:Lightwater, West End & Bisley Ward",(no_focal_party),cumulative,previous_180_days,surrey_wide_local,1,1,1,1,1,1,0,0,0,0,0,,0,,0,,0,,,not_extracted,0,,0,,0,,0,,0,,0,,1,1,1.0,0,0.0,0,0.0,0,0.0,0,0.0,0,0.0,0,0.0,0,0.0,1,1.0,0,0.0,0,0.0,0,0.0,0,0.0,0,0.0,0,0.0,0,0.0,1,0,0,0,,0,,0,0,0,0,1,0,0,0.0,0,0,0,0.0,0,0,1,1.0,1,0,0,0.0,0,0,0,0.0,0,0,0,0.0,0,0,0,0.0,0,0,1,1.0,1,0,0,0.0,0,0,0,0.0,0,0,0,0.0,0,0,0,0.0,0,0,0,0.0,0,1,1,1.0,1,0,0,0.0,0,0,0,0.0,0,0,0,0.0,0,0,0,0.0,0,0,0,0.0,0,0,0,0.0,0,0,0,0.0,0,0,0,0.0,0,0,0,0.0,0,0,0,0.0,0,0,0,0.0,0,0,0,0.0,0,0,0,0.0,0,0,0,0.0,0,0,0,,0,,0,,0,,0,,0,,0,,0,,,,not_applicable,,,,,,,,,,,,,,,,,,,,,0,context-aggregation-v1.0-2026-07-27,article-features-v1.0-2026-07-27,context-cards-v1.0-pilot67-2026-07-27
ESWS-2026-05,"ESWS-2026-05:Lightwater, West End & Bisley Ward",(no_focal_party),cumulative,previous_30_days,surrey_wide_local,1,1,1,1,1,1,0,0,0,0,0,,0,,0,,0,,,not_extracted,0,,0,,0,,0,,0,,0,,1,1,1.0,0,0.0,0,0.0,0,0.0,0,0.0,0,0.0,0,0.0,0,0.0,1,1.0,0,0.0,0,0.0,0,0.0,0,0.0,0,0.0,0,0.0,0,0.0,1,0,0,0,,0,,0,0,0,0,1,0,0,0.0,0,0,0,0.0,0,0,1,1.0,1,0,0,0.0,0,0,0,0.0,0,0,0,0.0,0,0,0,0.0,0,0,1,1.0,1,0,0,0.0,0,0,0,0.0,0,0,0,0.0,0,0,0,0.0,0,0,0,0.0,0,1,1,1.0,1,0,0,0.0,0,0,0,0.0,0,0,0,0.0,0,0,0,0.0,0,0,0,0.0,0,0,0,0.0,0,0,0,0.0,0,0,0,0.0,0,0,0,0.0,0,0,0,0.0,0,0,0,0.0,0,0,0,0.0,0,0,0,0.0,0,0,0,0.0,0,0,0,,0,,0,,0,,0,,0,,0,,0,,,,not_applicable,,,,,,,,,,,,,,,,,,,,,0,context-aggregation-v1.0-2026-07-27,article-features-v1.0-2026-07-27,context-cards-v1.0-pilot67-2026-07-27
ESWS-2026-05,"ESWS-2026-05:Lightwater, West End & Bisley Ward",(no_focal_party),cumulative,previous_72_hours,surrey_wide_local,1,1,1,1,1,1,0,0,0,0,0,,0,,0,,0,,,not_extracted,0,,0,,0,,0,,0,,0,,1,1,1.0,0,0.0,0,0.0,0,0.0,0,0.0,0,0.0,0,0.0,0,0.0,1,1.0,0,0.0,0,0.0,0,0.0,0,0.0,0,0.0,0,0.0,0,0.0,1,0,0,0,,0,,0,0,0,0,1,0,0,0.0,0,0,0,0.0,0,0,1,1.0,1,0,0,0.0,0,0,0,0.0,0,0,0,0.0,0,0,0,0.0,0,0,1,1.0,1,0,0,0.0,0,0,0,0.0,0,0,0,0.0,0,0,0,0.0,0,0,0,0.0,0,1,1,1.0,1,0,0,0.0,0,0,0,0.0,0,0,0,0.0,0,0,0,0.0,0,0,0,0.0,0,0,0,0.0,0,0,0,0.0,0,0,0,0.0,0,0,0,0.0,0,0,0,0.0,0,0,0,0.0,0,0,0,0.0,0,0,0,0.0,0,0,0,0.0,0,0,0,,0,,0,,0,,0,,0,,0,,0,,,,not_applicable,,,,,,,,,,,,,,,,,,,,,0,context-aggregation-v1.0-2026-07-27,article-features-v1.0-2026-07-27,context-cards-v1.0-pilot67-2026-07-27
ESWS-2026-05,"ESWS-2026-05:Lightwater, West End & Bisley Ward",(no_focal_party),cumulative,previous_7_days,surrey_wide_local,1,1,1,1,1,1,0,0,0,0,0,,0,,0,,0,,,not_extracted,0,,0,,0,,0,,0,,0,,1,1,1.0,0,0.0,0,0.0,0,0.0,0,0.0,0,0.0,0,0.0,0,0.0,1,1.0,0,0.0,0,0.0,0,0.0,0,0.0,0,0.0,0,0.0,0,0.0,1,0,0,0,,0,,0,0,0,0,1,0,0,0.0,0,0,0,0.0,0,0,1,1.0,1,0,0,0.0,0,0,0,0.0,0,0,0,0.0,0,0,0,0.0,0,0,1,1.0,1,0,0,0.0,0,0,0,0.0,0,0,0,0.0,0,0,0,0.0,0,0,0,0.0,0,1,1,1.0,1,0,0,0.0,0,0,0,0.0,0,0,0,0.0,0,0,0,0.0,0,0,0,0.0,0,0,0,0.0,0,0,0,0.0,0,0,0,0.0,0,0,0,0.0,0,0,0,0.0,0,0,0,0.0,0,0,0,0.0,0,0,0,0.0,0,0,0,0.0,0,0,0,,0,,0,,0,,0,,0,,0,,0,,,,not_applicable,,,,,,,,,,,,,,,,,,,,,0,context-aggregation-v1.0-2026-07-27,article-features-v1.0-2026-07-27,context-cards-v1.0-pilot67-2026-07-27
ESWS-2026-05,"ESWS-2026-05:Lightwater, West End & Bisley Ward",(no_focal_party),cumulative,previous_90_days,surrey_wide_local,1,1,1,1,1,1,0,0,0,0,0,,0,,0,,0,,,not_extracted,0,,0,,0,,0,,0,,0,,1,1,1.0,0,0.0,0,0.0,0,0.0,0,0.0,0,0.0,0,0.0,0,0.0,1,1.0,0,0.0,0,0.0,0,0.0,0,0.0,0,0.0,0,0.0,0,0.0,1,0,0,0,,0,,0,0,0,0,1,0,0,0.0,0,0,0,0.0,0,0,1,1.0,1,0,0,0.0,0,0,0,0.0,0,0,0,0.0,0,0,0,0.0,0,0,1,1.0,1,0,0,0.0,0,0,0,0.0,0,0,0,0.0,0,0,0,0.0,0,0,0,0.0,0,1,1,1.0,1,0,0,0.0,0,0,0,0.0,0,0,0,0.0,0,0,0,0.0,0,0,0,0.0,0,0,0,0.0,0,0,0,0.0,0,0,0,0.0,0,0,0,0.0,0,0,0,0.0,0,0,0,0.0,0,0,0,0.0,0,0,0,0.0,0,0,0,0.0,0,0,0,,0,,0,,0,,0,,0,,0,,0,,,,not_applicable,,,,,,,,,,,,,,,,,,,,,0,context-aggregation-v1.0-2026-07-27,article-features-v1.0-2026-07-27,context-cards-v1.0-pilot67-2026-07-27
ESWS-2026-05,"ESWS-2026-05:Lightwater, West End & Bisley Ward",(no_focal_party),individual,final_72_hours,surrey_wide_local,1,1,1,1,1,1,0,0,0,0,0,,0,,0,,0,,,not_extracted,0,,0,,0,,0,,0,,0,,1,1,1.0,0,0.0,0,0.0,0,0.0,0,0.0,0,0.0,0,0.0,0,0.0,1,1.0,0,0.0,0,0.0,0,0.0,0,0.0,0,0.0,0,0.0,0,0.0,1,0,0,0,,0,,0,0,0,0,1,0,0,0.0,0,0,0,0.0,0,0,1,1.0,1,0,0,0.0,0,0,0,0.0,0,0,0,0.0,0,0,0,0.0,0,0,1,1.0,1,0,0,0.0,0,0,0,0.0,0,0,0,0.0,0,0,0,0.0,0,0,0,0.0,0,1,1,1.0,1,0,0,0.0,0,0,0,0.0,0,0,0,0.0,0,0,0,0.0,0,0,0,0.0,0,0,0,0.0,0,0,0,0.0,0,0,0,0.0,0,0,0,0.0,0,0,0,0.0,0,0,0,0.0,0,0,0,0.0,0,0,0,0.0,0,0,0,0.0,0,0,0,,0,,0,,0,,0,,0,,0,,0,,,,not_applicable,,,,,,,,,,,,,,,,,,,,,0,context-aggregation-v1.0-2026-07-27,article-features-v1.0-2026-07-27,context-cards-v1.0-pilot67-2026-07-27
ESWS-2026-05,ESWS-2026-05:Lower Sunbury & Halliford Ward,(no_focal_party),cumulative,previous_14_days,surrey_wide_local,1,1,1,1,1,1,0,0,0,0,0,,0,,0,,0,,,not_extracted,0,,0,,0,,0,,0,,0,,1,1,1.0,0,0.0,0,0.0,0,0.0,0,0.0,0,0.0,0,0.0,0,0.0,1,1.0,0,0.0,0,0.0,0,0.0,0,0.0,0,0.0,0,0.0,0,0.0,1,0,0,0,,0,,0,0,0,0,1,0,0,0.0,0,0,0,0.0,0,0,1,1.0,1,0,0,0.0,0,0,0,0.0,0,0,0,0.0,0,0,0,0.0,0,0,1,1.0,1,0,0,0.0,0,0,0,0.0,0,0,0,0.0,0,0,0,0.0,0,0,0,0.0,0,1,1,1.0,1,0,0,0.0,0,0,0,0.0,0,0,0,0.0,0,0,0,0.0,0,0,0,0.0,0,0,0,0.0,0,0,0,0.0,0,0,0,0.0,0,0,0,0.0,0,0,0,0.0,0,0,0,0.0,0,0,0,0.0,0,0,0,0.0,0,0,0,0.0,0,0,0,,0,,0,,0,,0,,0,,0,,0,,,,not_applicable,,,,,,,,,,,,,,,,,,,,,0,context-aggregation-v1.0-2026-07-27,article-features-v1.0-2026-07-27,context-cards-v1.0-pilot67-2026-07-27
ESWS-2026-05,ESWS-2026-05:Lower Sunbury & Halliford Ward,(no_focal_party),cumulative,previous_180_days,surrey_wide_local,1,1,1,1,1,1,0,0,0,0,0,,0,,0,,0,,,not_extracted,0,,0,,0,,0,,0,,0,,1,1,1.0,0,0.0,0,0.0,0,0.0,0,0.0,0,0.0,0,0.0,0,0.0,1,1.0,0,0.0,0,0.0,0,0.0,0,0.0,0,0.0,0,0.0,0,0.0,1,0,0,0,,0,,0,0,0,0,1,0,0,0.0,0,0,0,0.0,0,0,1,1.0,1,0,0,0.0,0,0,0,0.0,0,0,0,0.0,0,0,0,0.0,0,0,1,1.0,1,0,0,0.0,0,0,0,0.0,0,0,0,0.0,0,0,0,0.0,0,0,0,0.0,0,1,1,1.0,1,0,0,0.0,0,0,0,0.0,0,0,0,0.0,0,0,0,0.0,0,0,0,0.0,0,0,0,0.0,0,0,0,0.0,0,0,0,0.0,0,0,0,0.0,0,0,0,0.0,0,0,0,0.0,0,0,0,0.0,0,0,0,0.0,0,0,0,0.0,0,0,0,,0,,0,,0,,0,,0,,0,,0,,,,not_applicable,,,,,,,,,,,,,,,,,,,,,0,context-aggregation-v1.0-2026-07-27,article-features-v1.0-2026-07-27,context-cards-v1.0-pilot67-2026-07-27
ESWS-2026-05,ESWS-2026-05:Lower Sunbury & Halliford Ward,(no_focal_party),cumulative,previous_30_days,surrey_wide_local,1,1,1,1,1,1,0,0,0,0,0,,0,,0,,0,,,not_extracted,0,,0,,0,,0,,0,,0,,1,1,1.0,0,0.0,0,0.0,0,0.0,0,0.0,0,0.0,0,0.0,0,0.0,1,1.0,0,0.0,0,0.0,0,0.0,0,0.0,0,0.0,0,0.0,0,0.0,1,0,0,0,,0,,0,0,0,0,1,0,0,0.0,0,0,0,0.0,0,0,1,1.0,1,0,0,0.0,0,0,0,0.0,0,0,0,0.0,0,0,0,0.0,0,0,1,1.0,1,0,0,0.0,0,0,0,0.0,0,0,0,0.0,0,0,0,0.0,0,0,0,0.0,0,1,1,1.0,1,0,0,0.0,0,0,0,0.0,0,0,0,0.0,0,0,0,0.0,0,0,0,0.0,0,0,0,0.0,0,0,0,0.0,0,0,0,0.0,0,0,0,0.0,0,0,0,0.0,0,0,0,0.0,0,0,0,0.0,0,0,0,0.0,0,0,0,0.0,0,0,0,,0,,0,,0,,0,,0,,0,,0,,,,not_applicable,,,,,,,,,,,,,,,,,,,,,0,context-aggregation-v1.0-2026-07-27,article-features-v1.0-2026-07-27,context-cards-v1.0-pilot67-2026-07-27
ESWS-2026-05,ESWS-2026-05:Lower Sunbury & Halliford Ward,(no_focal_party),cumulative,previous_72_hours,surrey_wide_local,1,1,1,1,1,1,0,0,0,0,0,,0,,0,,0,,,not_extracted,0,,0,,0,,0,,0,,0,,1,1,1.0,0,0.0,0,0.0,0,0.0,0,0.0,0,0.0,0,0.0,0,0.0,1,1.0,0,0.0,0,0.0,0,0.0,0,0.0,0,0.0,0,0.0,0,0.0,1,0,0,0,,0,,0,0,0,0,1,0,0,0.0,0,0,0,0.0,0,0,1,1.0,1,0,0,0.0,0,0,0,0.0,0,0,0,0.0,0,0,0,0.0,0,0,1,1.0,1,0,0,0.0,0,0,0,0.0,0,0,0,0.0,0,0,0,0.0,0,0,0,0.0,0,1,1,1.0,1,0,0,0.0,0,0,0,0.0,0,0,0,0.0,0,0,0,0.0,0,0,0,0.0,0,0,0,0.0,0,0,0,0.0,0,0,0,0.0,0,0,0,0.0,0,0,0,0.0,0,0,0,0.0,0,0,0,0.0,0,0,0,0.0,0,0,0,0.0,0,0,0,,0,,0,,0,,0,,0,,0,,0,,,,not_applicable,,,,,,,,,,,,,,,,,,,,,0,context-aggregation-v1.0-2026-07-27,article-features-v1.0-2026-07-27,context-cards-v1.0-pilot67-2026-07-27
ESWS-2026-05,ESWS-2026-05:Lower Sunbury & Halliford Ward,(no_focal_party),cumulative,previous_7_days,surrey_wide_local,1,1,1,1,1,1,0,0,0,0,0,,0,,0,,0,,,not_extracted,0,,0,,0,,0,,0,,0,,1,1,1.0,0,0.0,0,0.0,0,0.0,0,0.0,0,0.0,0,0.0,0,0.0,1,1.0,0,0.0,0,0.0,0,0.0,0,0.0,0,0.0,0,0.0,0,0.0,1,0,0,0,,0,,0,0,0,0,1,0,0,0.0,0,0,0,0.0,0,0,1,1.0,1,0,0,0.0,0,0,0,0.0,0,0,0,0.0,0,0,0,0.0,0,0,1,1.0,1,0,0,0.0,0,0,0,0.0,0,0,0,0.0,0,0,0,0.0,0,0,0,0.0,0,1,1,1.0,1,0,0,0.0,0,0,0,0.0,0,0,0,0.0,0,0,0,0.0,0,0,0,0.0,0,0,0,0.0,0,0,0,0.0,0,0,0,0.0,0,0,0,0.0,0,0,0,0.0,0,0,0,0.0,0,0,0,0.0,0,0,0,0.0,0,0,0,0.0,0,0,0,,0,,0,,0,,0,,0,,0,,0,,,,not_applicable,,,,,,,,,,,,,,,,,,,,,0,context-aggregation-v1.0-2026-07-27,article-features-v1.0-2026-07-27,context-cards-v1.0-pilot67-2026-07-27
ESWS-2026-05,ESWS-2026-05:Lower Sunbury & Halliford Ward,(no_focal_party),cumulative,previous_90_days,surrey_wide_local,1,1,1,1,1,1,0,0,0,0,0,,0,,0,,0,,,not_extracted,0,,0,,0,,0,,0,,0,,1,1,1.0,0,0.0,0,0.0,0,0.0,0,0.0,0,0.0,0,0.0,0,0.0,1,1.0,0,0.0,0,0.0,0,0.0,0,0.0,0,0.0,0,0.0,0,0.0,1,0,0,0,,0,,0,0,0,0,1,0,0,0.0,0,0,0,0.0,0,0,1,1.0,1,0,0,0.0,0,0,0,0.0,0,0,0,0.0,0,0,0,0.0,0,0,1,1.0,1,0,0,0.0,0,0,0,0.0,0,0,0,0.0,0,0,0,0.0,0,0,0,0.0,0,1,1,1.0,1,0,0,0.0,0,0,0,0.0,0,0,0,0.0,0,0,0,0.0,0,0,0,0.0,0,0,0,0.0,0,0,0,0.0,0,0,0,0.0,0,0,0,0.0,0,0,0,0.0,0,0,0,0.0,0,0,0,0.0,0,0,0,0.0,0,0,0,0.0,0,0,0,,0,,0,,0,,0,,0,,0,,0,,,,not_applicable,,,,,,,,,,,,,,,,,,,,,0,context-aggregation-v1.0-2026-07-27,article-features-v1.0-2026-07-27,context-cards-v1.0-pilot67-2026-07-27
ESWS-2026-05,ESWS-2026-05:Lower Sunbury & Halliford Ward,(no_focal_party),individual,final_72_hours,surrey_wide_local,1,1,1,1,1,1,0,0,0,0,0,,0,,0,,0,,,not_extracted,0,,0,,0,,0,,0,,0,,1,1,1.0,0,0.0,0,0.0,0,0.0,0,0.0,0,0.0,0,0.0,0,0.0,1,1.0,0,0.0,0,0.0,0,0.0,0,0.0,0,0.0,0,0.0,0,0.0,1,0,0,0,,0,,0,0,0,0,1,0,0,0.0,0,0,0,0.0,0,0,1,1.0,1,0,0,0.0,0,0,0,0.0,0,0,0,0.0,0,0,0,0.0,0,0,1,1.0,1,0,0,0.0,0,0,0,0.0,0,0,0,0.0,0,0,0,0.0,0,0,0,0.0,0,1,1,1.0,1,0,0,0.0,0,0,0,0.0,0,0,0,0.0,0,0,0,0.0,0,0,0,0.0,0,0,0,0.0,0,0,0,0.0,0,0,0,0.0,0,0,0,0.0,0,0,0,0.0,0,0,0,0.0,0,0,0,0.0,0,0,0,0.0,0,0,0,0.0,0,0,0,,0,,0,,0,,0,,0,,0,,0,,,,not_applicable,,,,,,,,,,,,,,,,,,,,,0,context-aggregation-v1.0-2026-07-27,article-features-v1.0-2026-07-27,context-cards-v1.0-pilot67-2026-07-27
ESWS-2026-05,ESWS-2026-05:Shalford Ward,(no_focal_party),cumulative,previous_14_days,surrey_wide_local,1,1,1,1,1,1,0,0,0,0,0,,0,,0,,0,,,not_extracted,0,,0,,0,,0,,0,,0,,1,1,1.0,0,0.0,0,0.0,0,0.0,0,0.0,0,0.0,0,0.0,0,0.0,1,1.0,0,0.0,0,0.0,0,0.0,0,0.0,0,0.0,0,0.0,0,0.0,1,0,0,0,,0,,0,0,0,0,1,0,0,0.0,0,0,0,0.0,0,0,1,1.0,1,0,0,0.0,0,0,0,0.0,0,0,0,0.0,0,0,0,0.0,0,0,1,1.0,1,0,0,0.0,0,0,0,0.0,0,0,0,0.0,0,0,0,0.0,0,0,0,0.0,0,1,1,1.0,1,0,0,0.0,0,0,0,0.0,0,0,0,0.0,0,0,0,0.0,0,0,0,0.0,0,0,0,0.0,0,0,0,0.0,0,0,0,0.0,0,0,0,0.0,0,0,0,0.0,0,0,0,0.0,0,0,0,0.0,0,0,0,0.0,0,0,0,0.0,0,0,0,,0,,0,,0,,0,,0,,0,,0,,,,not_applicable,,,,,,,,,,,,,,,,,,,,,0,context-aggregation-v1.0-2026-07-27,article-features-v1.0-2026-07-27,context-cards-v1.0-pilot67-2026-07-27
ESWS-2026-05,ESWS-2026-05:Shalford Ward,(no_focal_party),cumulative,previous_180_days,surrey_wide_local,1,1,1,1,1,1,0,0,0,0,0,,0,,0,,0,,,not_extracted,0,,0,,0,,0,,0,,0,,1,1,1.0,0,0.0,0,0.0,0,0.0,0,0.0,0,0.0,0,0.0,0,0.0,1,1.0,0,0.0,0,0.0,0,0.0,0,0.0,0,0.0,0,0.0,0,0.0,1,0,0,0,,0,,0,0,0,0,1,0,0,0.0,0,0,0,0.0,0,0,1,1.0,1,0,0,0.0,0,0,0,0.0,0,0,0,0.0,0,0,0,0.0,0,0,1,1.0,1,0,0,0.0,0,0,0,0.0,0,0,0,0.0,0,0,0,0.0,0,0,0,0.0,0,1,1,1.0,1,0,0,0.0,0,0,0,0.0,0,0,0,0.0,0,0,0,0.0,0,0,0,0.0,0,0,0,0.0,0,0,0,0.0,0,0,0,0.0,0,0,0,0.0,0,0,0,0.0,0,0,0,0.0,0,0,0,0.0,0,0,0,0.0,0,0,0,0.0,0,0,0,,0,,0,,0,,0,,0,,0,,0,,,,not_applicable,,,,,,,,,,,,,,,,,,,,,0,context-aggregation-v1.0-2026-07-27,article-features-v1.0-2026-07-27,context-cards-v1.0-pilot67-2026-07-27
ESWS-2026-05,ESWS-2026-05:Shalford Ward,(no_focal_party),cumulative,previous_30_days,surrey_wide_local,1,1,1,1,1,1,0,0,0,0,0,,0,,0,,0,,,not_extracted,0,,0,,0,,0,,0,,0,,1,1,1.0,0,0.0,0,0.0,0,0.0,0,0.0,0,0.0,0,0.0,0,0.0,1,1.0,0,0.0,0,0.0,0,0.0,0,0.0,0,0.0,0,0.0,0,0.0,1,0,0,0,,0,,0,0,0,0,1,0,0,0.0,0,0,0,0.0,0,0,1,1.0,1,0,0,0.0,0,0,0,0.0,0,0,0,0.0,0,0,0,0.0,0,0,1,1.0,1,0,0,0.0,0,0,0,0.0,0,0,0,0.0,0,0,0,0.0,0,0,0,0.0,0,1,1,1.0,1,0,0,0.0,0,0,0,0.0,0,0,0,0.0,0,0,0,0.0,0,0,0,0.0,0,0,0,0.0,0,0,0,0.0,0,0,0,0.0,0,0,0,0.0,0,0,0,0.0,0,0,0,0.0,0,0,0,0.0,0,0,0,0.0,0,0,0,0.0,0,0,0,,0,,0,,0,,0,,0,,0,,0,,,,not_applicable,,,,,,,,,,,,,,,,,,,,,0,context-aggregation-v1.0-2026-07-27,article-features-v1.0-2026-07-27,context-cards-v1.0-pilot67-2026-07-27
ESWS-2026-05,ESWS-2026-05:Shalford Ward,(no_focal_party),cumulative,previous_72_hours,surrey_wide_local,1,1,1,1,1,1,0,0,0,0,0,,0,,0,,0,,,not_extracted,0,,0,,0,,0,,0,,0,,1,1,1.0,0,0.0,0,0.0,0,0.0,0,0.0,0,0.0,0,0.0,0,0.0,1,1.0,0,0.0,0,0.0,0,0.0,0,0.0,0,0.0,0,0.0,0,0.0,1,0,0,0,,0,,0,0,0,0,1,0,0,0.0,0,0,0,0.0,0,0,1,1.0,1,0,0,0.0,0,0,0,0.0,0,0,0,0.0,0,0,0,0.0,0,0,1,1.0,1,0,0,0.0,0,0,0,0.0,0,0,0,0.0,0,0,0,0.0,0,0,0,0.0,0,1,1,1.0,1,0,0,0.0,0,0,0,0.0,0,0,0,0.0,0,0,0,0.0,0,0,0,0.0,0,0,0,0.0,0,0,0,0.0,0,0,0,0.0,0,0,0,0.0,0,0,0,0.0,0,0,0,0.0,0,0,0,0.0,0,0,0,0.0,0,0,0,0.0,0,0,0,,0,,0,,0,,0,,0,,0,,0,,,,not_applicable,,,,,,,,,,,,,,,,,,,,,0,context-aggregation-v1.0-2026-07-27,article-features-v1.0-2026-07-27,context-cards-v1.0-pilot67-2026-07-27
ESWS-2026-05,ESWS-2026-05:Shalford Ward,(no_focal_party),cumulative,previous_7_days,surrey_wide_local,1,1,1,1,1,1,0,0,0,0,0,,0,,0,,0,,,not_extracted,0,,0,,0,,0,,0,,0,,1,1,1.0,0,0.0,0,0.0,0,0.0,0,0.0,0,0.0,0,0.0,0,0.0,1,1.0,0,0.0,0,0.0,0,0.0,0,0.0,0,0.0,0,0.0,0,0.0,1,0,0,0,,0,,0,0,0,0,1,0,0,0.0,0,0,0,0.0,0,0,1,1.0,1,0,0,0.0,0,0,0,0.0,0,0,0,0.0,0,0,0,0.0,0,0,1,1.0,1,0,0,0.0,0,0,0,0.0,0,0,0,0.0,0,0,0,0.0,0,0,0,0.0,0,1,1,1.0,1,0,0,0.0,0,0,0,0.0,0,0,0,0.0,0,0,0,0.0,0,0,0,0.0,0,0,0,0.0,0,0,0,0.0,0,0,0,0.0,0,0,0,0.0,0,0,0,0.0,0,0,0,0.0,0,0,0,0.0,0,0,0,0.0,0,0,0,0.0,0,0,0,,0,,0,,0,,0,,0,,0,,0,,,,not_applicable,,,,,,,,,,,,,,,,,,,,,0,context-aggregation-v1.0-2026-07-27,article-features-v1.0-2026-07-27,context-cards-v1.0-pilot67-2026-07-27
ESWS-2026-05,ESWS-2026-05:Shalford Ward,(no_focal_party),cumulative,previous_90_days,surrey_wide_local,1,1,1,1,1,1,0,0,0,0,0,,0,,0,,0,,,not_extracted,0,,0,,0,,0,,0,,0,,1,1,1.0,0,0.0,0,0.0,0,0.0,0,0.0,0,0.0,0,0.0,0,0.0,1,1.0,0,0.0,0,0.0,0,0.0,0,0.0,0,0.0,0,0.0,0,0.0,1,0,0,0,,0,,0,0,0,0,1,0,0,0.0,0,0,0,0.0,0,0,1,1.0,1,0,0,0.0,0,0,0,0.0,0,0,0,0.0,0,0,0,0.0,0,0,1,1.0,1,0,0,0.0,0,0,0,0.0,0,0,0,0.0,0,0,0,0.0,0,0,0,0.0,0,1,1,1.0,1,0,0,0.0,0,0,0,0.0,0,0,0,0.0,0,0,0,0.0,0,0,0,0.0,0,0,0,0.0,0,0,0,0.0,0,0,0,0.0,0,0,0,0.0,0,0,0,0.0,0,0,0,0.0,0,0,0,0.0,0,0,0,0.0,0,0,0,0.0,0,0,0,,0,,0,,0,,0,,0,,0,,0,,,,not_applicable,,,,,,,,,,,,,,,,,,,,,0,context-aggregation-v1.0-2026-07-27,article-features-v1.0-2026-07-27,context-cards-v1.0-pilot67-2026-07-27
ESWS-2026-05,ESWS-2026-05:Shalford Ward,(no_focal_party),individual,final_72_hours,surrey_wide_local,1,1,1,1,1,1,0,0,0,0,0,,0,,0,,0,,,not_extracted,0,,0,,0,,0,,0,,0,,1,1,1.0,0,0.0,0,0.0,0,0.0,0,0.0,0,0.0,0,0.0,0,0.0,1,1.0,0,0.0,0,0.0,0,0.0,0,0.0,0,0.0,0,0.0,0,0.0,1,0,0,0,,0,,0,0,0,0,1,0,0,0.0,0,0,0,0.0,0,0,1,1.0,1,0,0,0.0,0,0,0,0.0,0,0,0,0.0,0,0,0,0.0,0,0,1,1.0,1,0,0,0.0,0,0,0,0.0,0,0,0,0.0,0,0,0,0.0,0,0,0,0.0,0,1,1,1.0,1,0,0,0.0,0,0,0,0.0,0,0,0,0.0,0,0,0,0.0,0,0,0,0.0,0,0,0,0.0,0,0,0,0.0,0,0,0,0.0,0,0,0,0.0,0,0,0,0.0,0,0,0,0.0,0,0,0,0.0,0,0,0,0.0,0,0,0,0.0,0,0,0,,0,,0,,0,,0,,0,,0,,0,,,,not_applicable,,,,,,,,,,,,,,,,,,,,,0,context-aggregation-v1.0-2026-07-27,article-features-v1.0-2026-07-27,context-cards-v1.0-pilot67-2026-07-27
ESWS-2026-05,ESWS-2026-05:Shere Ward,(no_focal_party),cumulative,previous_14_days,surrey_wide_local,1,1,1,1,1,1,0,0,0,0,0,,0,,0,,0,,,not_extracted,0,,0,,0,,0,,0,,0,,1,1,1.0,0,0.0,0,0.0,0,0.0,0,0.0,0,0.0,0,0.0,0,0.0,1,1.0,0,0.0,0,0.0,0,0.0,0,0.0,0,0.0,0,0.0,0,0.0,1,0,0,0,,0,,0,0,0,0,1,0,0,0.0,0,0,0,0.0,0,0,1,1.0,1,0,0,0.0,0,0,0,0.0,0,0,0,0.0,0,0,0,0.0,0,0,1,1.0,1,0,0,0.0,0,0,0,0.0,0,0,0,0.0,0,0,0,0.0,0,0,0,0.0,0,1,1,1.0,1,0,0,0.0,0,0,0,0.0,0,0,0,0.0,0,0,0,0.0,0,0,0,0.0,0,0,0,0.0,0,0,0,0.0,0,0,0,0.0,0,0,0,0.0,0,0,0,0.0,0,0,0,0.0,0,0,0,0.0,0,0,0,0.0,0,0,0,0.0,0,0,0,,0,,0,,0,,0,,0,,0,,0,,,,not_applicable,,,,,,,,,,,,,,,,,,,,,0,context-aggregation-v1.0-2026-07-27,article-features-v1.0-2026-07-27,context-cards-v1.0-pilot67-2026-07-27
ESWS-2026-05,ESWS-2026-05:Shere Ward,(no_focal_party),cumulative,previous_180_days,surrey_wide_local,1,1,1,1,1,1,0,0,0,0,0,,0,,0,,0,,,not_extracted,0,,0,,0,,0,,0,,0,,1,1,1.0,0,0.0,0,0.0,0,0.0,0,0.0,0,0.0,0,0.0,0,0.0,1,1.0,0,0.0,0,0.0,0,0.0,0,0.0,0,0.0,0,0.0,0,0.0,1,0,0,0,,0,,0,0,0,0,1,0,0,0.0,0,0,0,0.0,0,0,1,1.0,1,0,0,0.0,0,0,0,0.0,0,0,0,0.0,0,0,0,0.0,0,0,1,1.0,1,0,0,0.0,0,0,0,0.0,0,0,0,0.0,0,0,0,0.0,0,0,0,0.0,0,1,1,1.0,1,0,0,0.0,0,0,0,0.0,0,0,0,0.0,0,0,0,0.0,0,0,0,0.0,0,0,0,0.0,0,0,0,0.0,0,0,0,0.0,0,0,0,0.0,0,0,0,0.0,0,0,0,0.0,0,0,0,0.0,0,0,0,0.0,0,0,0,0.0,0,0,0,,0,,0,,0,,0,,0,,0,,0,,,,not_applicable,,,,,,,,,,,,,,,,,,,,,0,context-aggregation-v1.0-2026-07-27,article-features-v1.0-2026-07-27,context-cards-v1.0-pilot67-2026-07-27
ESWS-2026-05,ESWS-2026-05:Shere Ward,(no_focal_party),cumulative,previous_30_days,surrey_wide_local,1,1,1,1,1,1,0,0,0,0,0,,0,,0,,0,,,not_extracted,0,,0,,0,,0,,0,,0,,1,1,1.0,0,0.0,0,0.0,0,0.0,0,0.0,0,0.0,0,0.0,0,0.0,1,1.0,0,0.0,0,0.0,0,0.0,0,0.0,0,0.0,0,0.0,0,0.0,1,0,0,0,,0,,0,0,0,0,1,0,0,0.0,0,0,0,0.0,0,0,1,1.0,1,0,0,0.0,0,0,0,0.0,0,0,0,0.0,0,0,0,0.0,0,0,1,1.0,1,0,0,0.0,0,0,0,0.0,0,0,0,0.0,0,0,0,0.0,0,0,0,0.0,0,1,1,1.0,1,0,0,0.0,0,0,0,0.0,0,0,0,0.0,0,0,0,0.0,0,0,0,0.0,0,0,0,0.0,0,0,0,0.0,0,0,0,0.0,0,0,0,0.0,0,0,0,0.0,0,0,0,0.0,0,0,0,0.0,0,0,0,0.0,0,0,0,0.0,0,0,0,,0,,0,,0,,0,,0,,0,,0,,,,not_applicable,,,,,,,,,,,,,,,,,,,,,0,context-aggregation-v1.0-2026-07-27,article-features-v1.0-2026-07-27,context-cards-v1.0-pilot67-2026-07-27
ESWS-2026-05,ESWS-2026-05:Shere Ward,(no_focal_party),cumulative,previous_72_hours,surrey_wide_local,1,1,1,1,1,1,0,0,0,0,0,,0,,0,,0,,,not_extracted,0,,0,,0,,0,,0,,0,,1,1,1.0,0,0.0,0,0.0,0,0.0,0,0.0,0,0.0,0,0.0,0,0.0,1,1.0,0,0.0,0,0.0,0,0.0,0,0.0,0,0.0,0,0.0,0,0.0,1,0,0,0,,0,,0,0,0,0,1,0,0,0.0,0,0,0,0.0,0,0,1,1.0,1,0,0,0.0,0,0,0,0.0,0,0,0,0.0,0,0,0,0.0,0,0,1,1.0,1,0,0,0.0,0,0,0,0.0,0,0,0,0.0,0,0,0,0.0,0,0,0,0.0,0,1,1,1.0,1,0,0,0.0,0,0,0,0.0,0,0,0,0.0,0,0,0,0.0,0,0,0,0.0,0,0,0,0.0,0,0,0,0.0,0,0,0,0.0,0,0,0,0.0,0,0,0,0.0,0,0,0,0.0,0,0,0,0.0,0,0,0,0.0,0,0,0,0.0,0,0,0,,0,,0,,0,,0,,0,,0,,0,,,,not_applicable,,,,,,,,,,,,,,,,,,,,,0,context-aggregation-v1.0-2026-07-27,article-features-v1.0-2026-07-27,context-cards-v1.0-pilot67-2026-07-27
ESWS-2026-05,ESWS-2026-05:Shere Ward,(no_focal_party),cumulative,previous_7_days,surrey_wide_local,1,1,1,1,1,1,0,0,0,0,0,,0,,0,,0,,,not_extracted,0,,0,,0,,0,,0,,0,,1,1,1.0,0,0.0,0,0.0,0,0.0,0,0.0,0,0.0,0,0.0,0,0.0,1,1.0,0,0.0,0,0.0,0,0.0,0,0.0,0,0.0,0,0.0,0,0.0,1,0,0,0,,0,,0,0,0,0,1,0,0,0.0,0,0,0,0.0,0,0,1,1.0,1,0,0,0.0,0,0,0,0.0,0,0,0,0.0,0,0,0,0.0,0,0,1,1.0,1,0,0,0.0,0,0,0,0.0,0,0,0,0.0,0,0,0,0.0,0,0,0,0.0,0,1,1,1.0,1,0,0,0.0,0,0,0,0.0,0,0,0,0.0,0,0,0,0.0,0,0,0,0.0,0,0,0,0.0,0,0,0,0.0,0,0,0,0.0,0,0,0,0.0,0,0,0,0.0,0,0,0,0.0,0,0,0,0.0,0,0,0,0.0,0,0,0,0.0,0,0,0,,0,,0,,0,,0,,0,,0,,0,,,,not_applicable,,,,,,,,,,,,,,,,,,,,,0,context-aggregation-v1.0-2026-07-27,article-features-v1.0-2026-07-27,context-cards-v1.0-pilot67-2026-07-27
ESWS-2026-05,ESWS-2026-05:Shere Ward,(no_focal_party),cumulative,previous_90_days,surrey_wide_local,1,1,1,1,1,1,0,0,0,0,0,,0,,0,,0,,,not_extracted,0,,0,,0,,0,,0,,0,,1,1,1.0,0,0.0,0,0.0,0,0.0,0,0.0,0,0.0,0,0.0,0,0.0,1,1.0,0,0.0,0,0.0,0,0.0,0,0.0,0,0.0,0,0.0,0,0.0,1,0,0,0,,0,,0,0,0,0,1,0,0,0.0,0,0,0,0.0,0,0,1,1.0,1,0,0,0.0,0,0,0,0.0,0,0,0,0.0,0,0,0,0.0,0,0,1,1.0,1,0,0,0.0,0,0,0,0.0,0,0,0,0.0,0,0,0,0.0,0,0,0,0.0,0,1,1,1.0,1,0,0,0.0,0,0,0,0.0,0,0,0,0.0,0,0,0,0.0,0,0,0,0.0,0,0,0,0.0,0,0,0,0.0,0,0,0,0.0,0,0,0,0.0,0,0,0,0.0,0,0,0,0.0,0,0,0,0.0,0,0,0,0.0,0,0,0,0.0,0,0,0,,0,,0,,0,,0,,0,,0,,0,,,,not_applicable,,,,,,,,,,,,,,,,,,,,,0,context-aggregation-v1.0-2026-07-27,article-features-v1.0-2026-07-27,context-cards-v1.0-pilot67-2026-07-27
ESWS-2026-05,ESWS-2026-05:Shere Ward,(no_focal_party),individual,final_72_hours,surrey_wide_local,1,1,1,1,1,1,0,0,0,0,0,,0,,0,,0,,,not_extracted,0,,0,,0,,0,,0,,0,,1,1,1.0,0,0.0,0,0.0,0,0.0,0,0.0,0,0.0,0,0.0,0,0.0,1,1.0,0,0.0,0,0.0,0,0.0,0,0.0,0,0.0,0,0.0,0,0.0,1,0,0,0,,0,,0,0,0,0,1,0,0,0.0,0,0,0,0.0,0,0,1,1.0,1,0,0,0.0,0,0,0,0.0,0,0,0,0.0,0,0,0,0.0,0,0,1,1.0,1,0,0,0.0,0,0,0,0.0,0,0,0,0.0,0,0,0,0.0,0,0,0,0.0,0,1,1,1.0,1,0,0,0.0,0,0,0,0.0,0,0,0,0.0,0,0,0,0.0,0,0,0,0.0,0,0,0,0.0,0,0,0,0.0,0,0,0,0.0,0,0,0,0.0,0,0,0,0.0,0,0,0,0.0,0,0,0,0.0,0,0,0,0.0,0,0,0,0.0,0,0,0,,0,,0,,0,,0,,0,,0,,0,,,,not_applicable,,,,,,,,,,,,,,,,,,,,,0,context-aggregation-v1.0-2026-07-27,article-features-v1.0-2026-07-27,context-cards-v1.0-pilot67-2026-07-27
ESWS-2026-05,ESWS-2026-05:Staines South & Ashford West Ward,(no_focal_party),cumulative,previous_14_days,surrey_wide_local,1,1,1,1,1,1,0,0,0,0,0,,0,,0,,0,,,not_extracted,0,,0,,0,,0,,0,,0,,1,1,1.0,0,0.0,0,0.0,0,0.0,0,0.0,0,0.0,0,0.0,0,0.0,1,1.0,0,0.0,0,0.0,0,0.0,0,0.0,0,0.0,0,0.0,0,0.0,1,0,0,0,,0,,0,0,0,0,1,0,0,0.0,0,0,0,0.0,0,0,1,1.0,1,0,0,0.0,0,0,0,0.0,0,0,0,0.0,0,0,0,0.0,0,0,1,1.0,1,0,0,0.0,0,0,0,0.0,0,0,0,0.0,0,0,0,0.0,0,0,0,0.0,0,1,1,1.0,1,0,0,0.0,0,0,0,0.0,0,0,0,0.0,0,0,0,0.0,0,0,0,0.0,0,0,0,0.0,0,0,0,0.0,0,0,0,0.0,0,0,0,0.0,0,0,0,0.0,0,0,0,0.0,0,0,0,0.0,0,0,0,0.0,0,0,0,0.0,0,0,0,,0,,0,,0,,0,,0,,0,,0,,,,not_applicable,,,,,,,,,,,,,,,,,,,,,0,context-aggregation-v1.0-2026-07-27,article-features-v1.0-2026-07-27,context-cards-v1.0-pilot67-2026-07-27
ESWS-2026-05,ESWS-2026-05:Staines South & Ashford West Ward,(no_focal_party),cumulative,previous_180_days,surrey_wide_local,1,1,1,1,1,1,0,0,0,0,0,,0,,0,,0,,,not_extracted,0,,0,,0,,0,,0,,0,,1,1,1.0,0,0.0,0,0.0,0,0.0,0,0.0,0,0.0,0,0.0,0,0.0,1,1.0,0,0.0,0,0.0,0,0.0,0,0.0,0,0.0,0,0.0,0,0.0,1,0,0,0,,0,,0,0,0,0,1,0,0,0.0,0,0,0,0.0,0,0,1,1.0,1,0,0,0.0,0,0,0,0.0,0,0,0,0.0,0,0,0,0.0,0,0,1,1.0,1,0,0,0.0,0,0,0,0.0,0,0,0,0.0,0,0,0,0.0,0,0,0,0.0,0,1,1,1.0,1,0,0,0.0,0,0,0,0.0,0,0,0,0.0,0,0,0,0.0,0,0,0,0.0,0,0,0,0.0,0,0,0,0.0,0,0,0,0.0,0,0,0,0.0,0,0,0,0.0,0,0,0,0.0,0,0,0,0.0,0,0,0,0.0,0,0,0,0.0,0,0,0,,0,,0,,0,,0,,0,,0,,0,,,,not_applicable,,,,,,,,,,,,,,,,,,,,,0,context-aggregation-v1.0-2026-07-27,article-features-v1.0-2026-07-27,context-cards-v1.0-pilot67-2026-07-27
ESWS-2026-05,ESWS-2026-05:Staines South & Ashford West Ward,(no_focal_party),cumulative,previous_30_days,surrey_wide_local,1,1,1,1,1,1,0,0,0,0,0,,0,,0,,0,,,not_extracted,0,,0,,0,,0,,0,,0,,1,1,1.0,0,0.0,0,0.0,0,0.0,0,0.0,0,0.0,0,0.0,0,0.0,1,1.0,0,0.0,0,0.0,0,0.0,0,0.0,0,0.0,0,0.0,0,0.0,1,0,0,0,,0,,0,0,0,0,1,0,0,0.0,0,0,0,0.0,0,0,1,1.0,1,0,0,0.0,0,0,0,0.0,0,0,0,0.0,0,0,0,0.0,0,0,1,1.0,1,0,0,0.0,0,0,0,0.0,0,0,0,0.0,0,0,0,0.0,0,0,0,0.0,0,1,1,1.0,1,0,0,0.0,0,0,0,0.0,0,0,0,0.0,0,0,0,0.0,0,0,0,0.0,0,0,0,0.0,0,0,0,0.0,0,0,0,0.0,0,0,0,0.0,0,0,0,0.0,0,0,0,0.0,0,0,0,0.0,0,0,0,0.0,0,0,0,0.0,0,0,0,,0,,0,,0,,0,,0,,0,,0,,,,not_applicable,,,,,,,,,,,,,,,,,,,,,0,context-aggregation-v1.0-2026-07-27,article-features-v1.0-2026-07-27,context-cards-v1.0-pilot67-2026-07-27
ESWS-2026-05,ESWS-2026-05:Staines South & Ashford West Ward,(no_focal_party),cumulative,previous_72_hours,surrey_wide_local,1,1,1,1,1,1,0,0,0,0,0,,0,,0,,0,,,not_extracted,0,,0,,0,,0,,0,,0,,1,1,1.0,0,0.0,0,0.0,0,0.0,0,0.0,0,0.0,0,0.0,0,0.0,1,1.0,0,0.0,0,0.0,0,0.0,0,0.0,0,0.0,0,0.0,0,0.0,1,0,0,0,,0,,0,0,0,0,1,0,0,0.0,0,0,0,0.0,0,0,1,1.0,1,0,0,0.0,0,0,0,0.0,0,0,0,0.0,0,0,0,0.0,0,0,1,1.0,1,0,0,0.0,0,0,0,0.0,0,0,0,0.0,0,0,0,0.0,0,0,0,0.0,0,1,1,1.0,1,0,0,0.0,0,0,0,0.0,0,0,0,0.0,0,0,0,0.0,0,0,0,0.0,0,0,0,0.0,0,0,0,0.0,0,0,0,0.0,0,0,0,0.0,0,0,0,0.0,0,0,0,0.0,0,0,0,0.0,0,0,0,0.0,0,0,0,0.0,0,0,0,,0,,0,,0,,0,,0,,0,,0,,,,not_applicable,,,,,,,,,,,,,,,,,,,,,0,context-aggregation-v1.0-2026-07-27,article-features-v1.0-2026-07-27,context-cards-v1.0-pilot67-2026-07-27
ESWS-2026-05,ESWS-2026-05:Staines South & Ashford West Ward,(no_focal_party),cumulative,previous_7_days,surrey_wide_local,1,1,1,1,1,1,0,0,0,0,0,,0,,0,,0,,,not_extracted,0,,0,,0,,0,,0,,0,,1,1,1.0,0,0.0,0,0.0,0,0.0,0,0.0,0,0.0,0,0.0,0,0.0,1,1.0,0,0.0,0,0.0,0,0.0,0,0.0,0,0.0,0,0.0,0,0.0,1,0,0,0,,0,,0,0,0,0,1,0,0,0.0,0,0,0,0.0,0,0,1,1.0,1,0,0,0.0,0,0,0,0.0,0,0,0,0.0,0,0,0,0.0,0,0,1,1.0,1,0,0,0.0,0,0,0,0.0,0,0,0,0.0,0,0,0,0.0,0,0,0,0.0,0,1,1,1.0,1,0,0,0.0,0,0,0,0.0,0,0,0,0.0,0,0,0,0.0,0,0,0,0.0,0,0,0,0.0,0,0,0,0.0,0,0,0,0.0,0,0,0,0.0,0,0,0,0.0,0,0,0,0.0,0,0,0,0.0,0,0,0,0.0,0,0,0,0.0,0,0,0,,0,,0,,0,,0,,0,,0,,0,,,,not_applicable,,,,,,,,,,,,,,,,,,,,,0,context-aggregation-v1.0-2026-07-27,article-features-v1.0-2026-07-27,context-cards-v1.0-pilot67-2026-07-27
ESWS-2026-05,ESWS-2026-05:Staines South & Ashford West Ward,(no_focal_party),cumulative,previous_90_days,surrey_wide_local,1,1,1,1,1,1,0,0,0,0,0,,0,,0,,0,,,not_extracted,0,,0,,0,,0,,0,,0,,1,1,1.0,0,0.0,0,0.0,0,0.0,0,0.0,0,0.0,0,0.0,0,0.0,1,1.0,0,0.0,0,0.0,0,0.0,0,0.0,0,0.0,0,0.0,0,0.0,1,0,0,0,,0,,0,0,0,0,1,0,0,0.0,0,0,0,0.0,0,0,1,1.0,1,0,0,0.0,0,0,0,0.0,0,0,0,0.0,0,0,0,0.0,0,0,1,1.0,1,0,0,0.0,0,0,0,0.0,0,0,0,0.0,0,0,0,0.0,0,0,0,0.0,0,1,1,1.0,1,0,0,0.0,0,0,0,0.0,0,0,0,0.0,0,0,0,0.0,0,0,0,0.0,0,0,0,0.0,0,0,0,0.0,0,0,0,0.0,0,0,0,0.0,0,0,0,0.0,0,0,0,0.0,0,0,0,0.0,0,0,0,0.0,0,0,0,0.0,0,0,0,,0,,0,,0,,0,,0,,0,,0,,,,not_applicable,,,,,,,,,,,,,,,,,,,,,0,context-aggregation-v1.0-2026-07-27,article-features-v1.0-2026-07-27,context-cards-v1.0-pilot67-2026-07-27
ESWS-2026-05,ESWS-2026-05:Staines South & Ashford West Ward,(no_focal_party),individual,final_72_hours,surrey_wide_local,1,1,1,1,1,1,0,0,0,0,0,,0,,0,,0,,,not_extracted,0,,0,,0,,0,,0,,0,,1,1,1.0,0,0.0,0,0.0,0,0.0,0,0.0,0,0.0,0,0.0,0,0.0,1,1.0,0,0.0,0,0.0,0,0.0,0,0.0,0,0.0,0,0.0,0,0.0,1,0,0,0,,0,,0,0,0,0,1,0,0,0.0,0,0,0,0.0,0,0,1,1.0,1,0,0,0.0,0,0,0,0.0,0,0,0,0.0,0,0,0,0.0,0,0,1,1.0,1,0,0,0.0,0,0,0,0.0,0,0,0,0.0,0,0,0,0.0,0,0,0,0.0,0,1,1,1.0,1,0,0,0.0,0,0,0,0.0,0,0,0,0.0,0,0,0,0.0,0,0,0,0.0,0,0,0,0.0,0,0,0,0.0,0,0,0,0.0,0,0,0,0.0,0,0,0,0.0,0,0,0,0.0,0,0,0,0.0,0,0,0,0.0,0,0,0,0.0,0,0,0,,0,,0,,0,,0,,0,,0,,0,,,,not_applicable,,,,,,,,,,,,,,,,,,,,,0,context-aggregation-v1.0-2026-07-27,article-features-v1.0-2026-07-27,context-cards-v1.0-pilot67-2026-07-27
ESWS-2026-05,ESWS-2026-05:Staines Ward,(no_focal_party),cumulative,previous_14_days,surrey_wide_local,1,1,1,1,1,1,0,0,0,0,0,,0,,0,,0,,,not_extracted,0,,0,,0,,0,,0,,0,,1,1,1.0,0,0.0,0,0.0,0,0.0,0,0.0,0,0.0,0,0.0,0,0.0,1,1.0,0,0.0,0,0.0,0,0.0,0,0.0,0,0.0,0,0.0,0,0.0,1,0,0,0,,0,,0,0,0,0,1,0,0,0.0,0,0,0,0.0,0,0,1,1.0,1,0,0,0.0,0,0,0,0.0,0,0,0,0.0,0,0,0,0.0,0,0,1,1.0,1,0,0,0.0,0,0,0,0.0,0,0,0,0.0,0,0,0,0.0,0,0,0,0.0,0,1,1,1.0,1,0,0,0.0,0,0,0,0.0,0,0,0,0.0,0,0,0,0.0,0,0,0,0.0,0,0,0,0.0,0,0,0,0.0,0,0,0,0.0,0,0,0,0.0,0,0,0,0.0,0,0,0,0.0,0,0,0,0.0,0,0,0,0.0,0,0,0,0.0,0,0,0,,0,,0,,0,,0,,0,,0,,0,,,,not_applicable,,,,,,,,,,,,,,,,,,,,,0,context-aggregation-v1.0-2026-07-27,article-features-v1.0-2026-07-27,context-cards-v1.0-pilot67-2026-07-27
ESWS-2026-05,ESWS-2026-05:Staines Ward,(no_focal_party),cumulative,previous_180_days,surrey_wide_local,1,1,1,1,1,1,0,0,0,0,0,,0,,0,,0,,,not_extracted,0,,0,,0,,0,,0,,0,,1,1,1.0,0,0.0,0,0.0,0,0.0,0,0.0,0,0.0,0,0.0,0,0.0,1,1.0,0,0.0,0,0.0,0,0.0,0,0.0,0,0.0,0,0.0,0,0.0,1,0,0,0,,0,,0,0,0,0,1,0,0,0.0,0,0,0,0.0,0,0,1,1.0,1,0,0,0.0,0,0,0,0.0,0,0,0,0.0,0,0,0,0.0,0,0,1,1.0,1,0,0,0.0,0,0,0,0.0,0,0,0,0.0,0,0,0,0.0,0,0,0,0.0,0,1,1,1.0,1,0,0,0.0,0,0,0,0.0,0,0,0,0.0,0,0,0,0.0,0,0,0,0.0,0,0,0,0.0,0,0,0,0.0,0,0,0,0.0,0,0,0,0.0,0,0,0,0.0,0,0,0,0.0,0,0,0,0.0,0,0,0,0.0,0,0,0,0.0,0,0,0,,0,,0,,0,,0,,0,,0,,0,,,,not_applicable,,,,,,,,,,,,,,,,,,,,,0,context-aggregation-v1.0-2026-07-27,article-features-v1.0-2026-07-27,context-cards-v1.0-pilot67-2026-07-27
ESWS-2026-05,ESWS-2026-05:Staines Ward,(no_focal_party),cumulative,previous_30_days,surrey_wide_local,1,1,1,1,1,1,0,0,0,0,0,,0,,0,,0,,,not_extracted,0,,0,,0,,0,,0,,0,,1,1,1.0,0,0.0,0,0.0,0,0.0,0,0.0,0,0.0,0,0.0,0,0.0,1,1.0,0,0.0,0,0.0,0,0.0,0,0.0,0,0.0,0,0.0,0,0.0,1,0,0,0,,0,,0,0,0,0,1,0,0,0.0,0,0,0,0.0,0,0,1,1.0,1,0,0,0.0,0,0,0,0.0,0,0,0,0.0,0,0,0,0.0,0,0,1,1.0,1,0,0,0.0,0,0,0,0.0,0,0,0,0.0,0,0,0,0.0,0,0,0,0.0,0,1,1,1.0,1,0,0,0.0,0,0,0,0.0,0,0,0,0.0,0,0,0,0.0,0,0,0,0.0,0,0,0,0.0,0,0,0,0.0,0,0,0,0.0,0,0,0,0.0,0,0,0,0.0,0,0,0,0.0,0,0,0,0.0,0,0,0,0.0,0,0,0,0.0,0,0,0,,0,,0,,0,,0,,0,,0,,0,,,,not_applicable,,,,,,,,,,,,,,,,,,,,,0,context-aggregation-v1.0-2026-07-27,article-features-v1.0-2026-07-27,context-cards-v1.0-pilot67-2026-07-27
ESWS-2026-05,ESWS-2026-05:Staines Ward,(no_focal_party),cumulative,previous_72_hours,surrey_wide_local,1,1,1,1,1,1,0,0,0,0,0,,0,,0,,0,,,not_extracted,0,,0,,0,,0,,0,,0,,1,1,1.0,0,0.0,0,0.0,0,0.0,0,0.0,0,0.0,0,0.0,0,0.0,1,1.0,0,0.0,0,0.0,0,0.0,0,0.0,0,0.0,0,0.0,0,0.0,1,0,0,0,,0,,0,0,0,0,1,0,0,0.0,0,0,0,0.0,0,0,1,1.0,1,0,0,0.0,0,0,0,0.0,0,0,0,0.0,0,0,0,0.0,0,0,1,1.0,1,0,0,0.0,0,0,0,0.0,0,0,0,0.0,0,0,0,0.0,0,0,0,0.0,0,1,1,1.0,1,0,0,0.0,0,0,0,0.0,0,0,0,0.0,0,0,0,0.0,0,0,0,0.0,0,0,0,0.0,0,0,0,0.0,0,0,0,0.0,0,0,0,0.0,0,0,0,0.0,0,0,0,0.0,0,0,0,0.0,0,0,0,0.0,0,0,0,0.0,0,0,0,,0,,0,,0,,0,,0,,0,,0,,,,not_applicable,,,,,,,,,,,,,,,,,,,,,0,context-aggregation-v1.0-2026-07-27,article-features-v1.0-2026-07-27,context-cards-v1.0-pilot67-2026-07-27
ESWS-2026-05,ESWS-2026-05:Staines Ward,(no_focal_party),cumulative,previous_7_days,surrey_wide_local,1,1,1,1,1,1,0,0,0,0,0,,0,,0,,0,,,not_extracted,0,,0,,0,,0,,0,,0,,1,1,1.0,0,0.0,0,0.0,0,0.0,0,0.0,0,0.0,0,0.0,0,0.0,1,1.0,0,0.0,0,0.0,0,0.0,0,0.0,0,0.0,0,0.0,0,0.0,1,0,0,0,,0,,0,0,0,0,1,0,0,0.0,0,0,0,0.0,0,0,1,1.0,1,0,0,0.0,0,0,0,0.0,0,0,0,0.0,0,0,0,0.0,0,0,1,1.0,1,0,0,0.0,0,0,0,0.0,0,0,0,0.0,0,0,0,0.0,0,0,0,0.0,0,1,1,1.0,1,0,0,0.0,0,0,0,0.0,0,0,0,0.0,0,0,0,0.0,0,0,0,0.0,0,0,0,0.0,0,0,0,0.0,0,0,0,0.0,0,0,0,0.0,0,0,0,0.0,0,0,0,0.0,0,0,0,0.0,0,0,0,0.0,0,0,0,0.0,0,0,0,,0,,0,,0,,0,,0,,0,,0,,,,not_applicable,,,,,,,,,,,,,,,,,,,,,0,context-aggregation-v1.0-2026-07-27,article-features-v1.0-2026-07-27,context-cards-v1.0-pilot67-2026-07-27
ESWS-2026-05,ESWS-2026-05:Staines Ward,(no_focal_party),cumulative,previous_90_days,surrey_wide_local,1,1,1,1,1,1,0,0,0,0,0,,0,,0,,0,,,not_extracted,0,,0,,0,,0,,0,,0,,1,1,1.0,0,0.0,0,0.0,0,0.0,0,0.0,0,0.0,0,0.0,0,0.0,1,1.0,0,0.0,0,0.0,0,0.0,0,0.0,0,0.0,0,0.0,0,0.0,1,0,0,0,,0,,0,0,0,0,1,0,0,0.0,0,0,0,0.0,0,0,1,1.0,1,0,0,0.0,0,0,0,0.0,0,0,0,0.0,0,0,0,0.0,0,0,1,1.0,1,0,0,0.0,0,0,0,0.0,0,0,0,0.0,0,0,0,0.0,0,0,0,0.0,0,1,1,1.0,1,0,0,0.0,0,0,0,0.0,0,0,0,0.0,0,0,0,0.0,0,0,0,0.0,0,0,0,0.0,0,0,0,0.0,0,0,0,0.0,0,0,0,0.0,0,0,0,0.0,0,0,0,0.0,0,0,0,0.0,0,0,0,0.0,0,0,0,0.0,0,0,0,,0,,0,,0,,0,,0,,0,,0,,,,not_applicable,,,,,,,,,,,,,,,,,,,,,0,context-aggregation-v1.0-2026-07-27,article-features-v1.0-2026-07-27,context-cards-v1.0-pilot67-2026-07-27
ESWS-2026-05,ESWS-2026-05:Staines Ward,(no_focal_party),individual,final_72_hours,surrey_wide_local,1,1,1,1,1,1,0,0,0,0,0,,0,,0,,0,,,not_extracted,0,,0,,0,,0,,0,,0,,1,1,1.0,0,0.0,0,0.0,0,0.0,0,0.0,0,0.0,0,0.0,0,0.0,1,1.0,0,0.0,0,0.0,0,0.0,0,0.0,0,0.0,0,0.0,0,0.0,1,0,0,0,,0,,0,0,0,0,1,0,0,0.0,0,0,0,0.0,0,0,1,1.0,1,0,0,0.0,0,0,0,0.0,0,0,0,0.0,0,0,0,0.0,0,0,1,1.0,1,0,0,0.0,0,0,0,0.0,0,0,0,0.0,0,0,0,0.0,0,0,0,0.0,0,1,1,1.0,1,0,0,0.0,0,0,0,0.0,0,0,0,0.0,0,0,0,0.0,0,0,0,0.0,0,0,0,0.0,0,0,0,0.0,0,0,0,0.0,0,0,0,0.0,0,0,0,0.0,0,0,0,0.0,0,0,0,0.0,0,0,0,0.0,0,0,0,0.0,0,0,0,,0,,0,,0,,0,,0,,0,,0,,,,not_applicable,,,,,,,,,,,,,,,,,,,,,0,context-aggregation-v1.0-2026-07-27,article-features-v1.0-2026-07-27,context-cards-v1.0-pilot67-2026-07-27
ESWS-2026-05,ESWS-2026-05:Sunbury Common & Ashford Common Ward,(no_focal_party),cumulative,previous_14_days,surrey_wide_local,1,1,1,1,1,1,0,0,0,0,0,,0,,0,,0,,,not_extracted,0,,0,,0,,0,,0,,0,,1,1,1.0,0,0.0,0,0.0,0,0.0,0,0.0,0,0.0,0,0.0,0,0.0,1,1.0,0,0.0,0,0.0,0,0.0,0,0.0,0,0.0,0,0.0,0,0.0,1,0,0,0,,0,,0,0,0,0,1,0,0,0.0,0,0,0,0.0,0,0,1,1.0,1,0,0,0.0,0,0,0,0.0,0,0,0,0.0,0,0,0,0.0,0,0,1,1.0,1,0,0,0.0,0,0,0,0.0,0,0,0,0.0,0,0,0,0.0,0,0,0,0.0,0,1,1,1.0,1,0,0,0.0,0,0,0,0.0,0,0,0,0.0,0,0,0,0.0,0,0,0,0.0,0,0,0,0.0,0,0,0,0.0,0,0,0,0.0,0,0,0,0.0,0,0,0,0.0,0,0,0,0.0,0,0,0,0.0,0,0,0,0.0,0,0,0,0.0,0,0,0,,0,,0,,0,,0,,0,,0,,0,,,,not_applicable,,,,,,,,,,,,,,,,,,,,,0,context-aggregation-v1.0-2026-07-27,article-features-v1.0-2026-07-27,context-cards-v1.0-pilot67-2026-07-27
ESWS-2026-05,ESWS-2026-05:Sunbury Common & Ashford Common Ward,(no_focal_party),cumulative,previous_180_days,surrey_wide_local,1,1,1,1,1,1,0,0,0,0,0,,0,,0,,0,,,not_extracted,0,,0,,0,,0,,0,,0,,1,1,1.0,0,0.0,0,0.0,0,0.0,0,0.0,0,0.0,0,0.0,0,0.0,1,1.0,0,0.0,0,0.0,0,0.0,0,0.0,0,0.0,0,0.0,0,0.0,1,0,0,0,,0,,0,0,0,0,1,0,0,0.0,0,0,0,0.0,0,0,1,1.0,1,0,0,0.0,0,0,0,0.0,0,0,0,0.0,0,0,0,0.0,0,0,1,1.0,1,0,0,0.0,0,0,0,0.0,0,0,0,0.0,0,0,0,0.0,0,0,0,0.0,0,1,1,1.0,1,0,0,0.0,0,0,0,0.0,0,0,0,0.0,0,0,0,0.0,0,0,0,0.0,0,0,0,0.0,0,0,0,0.0,0,0,0,0.0,0,0,0,0.0,0,0,0,0.0,0,0,0,0.0,0,0,0,0.0,0,0,0,0.0,0,0,0,0.0,0,0,0,,0,,0,,0,,0,,0,,0,,0,,,,not_applicable,,,,,,,,,,,,,,,,,,,,,0,context-aggregation-v1.0-2026-07-27,article-features-v1.0-2026-07-27,context-cards-v1.0-pilot67-2026-07-27
ESWS-2026-05,ESWS-2026-05:Sunbury Common & Ashford Common Ward,(no_focal_party),cumulative,previous_30_days,surrey_wide_local,1,1,1,1,1,1,0,0,0,0,0,,0,,0,,0,,,not_extracted,0,,0,,0,,0,,0,,0,,1,1,1.0,0,0.0,0,0.0,0,0.0,0,0.0,0,0.0,0,0.0,0,0.0,1,1.0,0,0.0,0,0.0,0,0.0,0,0.0,0,0.0,0,0.0,0,0.0,1,0,0,0,,0,,0,0,0,0,1,0,0,0.0,0,0,0,0.0,0,0,1,1.0,1,0,0,0.0,0,0,0,0.0,0,0,0,0.0,0,0,0,0.0,0,0,1,1.0,1,0,0,0.0,0,0,0,0.0,0,0,0,0.0,0,0,0,0.0,0,0,0,0.0,0,1,1,1.0,1,0,0,0.0,0,0,0,0.0,0,0,0,0.0,0,0,0,0.0,0,0,0,0.0,0,0,0,0.0,0,0,0,0.0,0,0,0,0.0,0,0,0,0.0,0,0,0,0.0,0,0,0,0.0,0,0,0,0.0,0,0,0,0.0,0,0,0,0.0,0,0,0,,0,,0,,0,,0,,0,,0,,0,,,,not_applicable,,,,,,,,,,,,,,,,,,,,,0,context-aggregation-v1.0-2026-07-27,article-features-v1.0-2026-07-27,context-cards-v1.0-pilot67-2026-07-27
ESWS-2026-05,ESWS-2026-05:Sunbury Common & Ashford Common Ward,(no_focal_party),cumulative,previous_72_hours,surrey_wide_local,1,1,1,1,1,1,0,0,0,0,0,,0,,0,,0,,,not_extracted,0,,0,,0,,0,,0,,0,,1,1,1.0,0,0.0,0,0.0,0,0.0,0,0.0,0,0.0,0,0.0,0,0.0,1,1.0,0,0.0,0,0.0,0,0.0,0,0.0,0,0.0,0,0.0,0,0.0,1,0,0,0,,0,,0,0,0,0,1,0,0,0.0,0,0,0,0.0,0,0,1,1.0,1,0,0,0.0,0,0,0,0.0,0,0,0,0.0,0,0,0,0.0,0,0,1,1.0,1,0,0,0.0,0,0,0,0.0,0,0,0,0.0,0,0,0,0.0,0,0,0,0.0,0,1,1,1.0,1,0,0,0.0,0,0,0,0.0,0,0,0,0.0,0,0,0,0.0,0,0,0,0.0,0,0,0,0.0,0,0,0,0.0,0,0,0,0.0,0,0,0,0.0,0,0,0,0.0,0,0,0,0.0,0,0,0,0.0,0,0,0,0.0,0,0,0,0.0,0,0,0,,0,,0,,0,,0,,0,,0,,0,,,,not_applicable,,,,,,,,,,,,,,,,,,,,,0,context-aggregation-v1.0-2026-07-27,article-features-v1.0-2026-07-27,context-cards-v1.0-pilot67-2026-07-27
ESWS-2026-05,ESWS-2026-05:Sunbury Common & Ashford Common Ward,(no_focal_party),cumulative,previous_7_days,surrey_wide_local,1,1,1,1,1,1,0,0,0,0,0,,0,,0,,0,,,not_extracted,0,,0,,0,,0,,0,,0,,1,1,1.0,0,0.0,0,0.0,0,0.0,0,0.0,0,0.0,0,0.0,0,0.0,1,1.0,0,0.0,0,0.0,0,0.0,0,0.0,0,0.0,0,0.0,0,0.0,1,0,0,0,,0,,0,0,0,0,1,0,0,0.0,0,0,0,0.0,0,0,1,1.0,1,0,0,0.0,0,0,0,0.0,0,0,0,0.0,0,0,0,0.0,0,0,1,1.0,1,0,0,0.0,0,0,0,0.0,0,0,0,0.0,0,0,0,0.0,0,0,0,0.0,0,1,1,1.0,1,0,0,0.0,0,0,0,0.0,0,0,0,0.0,0,0,0,0.0,0,0,0,0.0,0,0,0,0.0,0,0,0,0.0,0,0,0,0.0,0,0,0,0.0,0,0,0,0.0,0,0,0,0.0,0,0,0,0.0,0,0,0,0.0,0,0,0,0.0,0,0,0,,0,,0,,0,,0,,0,,0,,0,,,,not_applicable,,,,,,,,,,,,,,,,,,,,,0,context-aggregation-v1.0-2026-07-27,article-features-v1.0-2026-07-27,context-cards-v1.0-pilot67-2026-07-27
ESWS-2026-05,ESWS-2026-05:Sunbury Common & Ashford Common Ward,(no_focal_party),cumulative,previous_90_days,surrey_wide_local,1,1,1,1,1,1,0,0,0,0,0,,0,,0,,0,,,not_extracted,0,,0,,0,,0,,0,,0,,1,1,1.0,0,0.0,0,0.0,0,0.0,0,0.0,0,0.0,0,0.0,0,0.0,1,1.0,0,0.0,0,0.0,0,0.0,0,0.0,0,0.0,0,0.0,0,0.0,1,0,0,0,,0,,0,0,0,0,1,0,0,0.0,0,0,0,0.0,0,0,1,1.0,1,0,0,0.0,0,0,0,0.0,0,0,0,0.0,0,0,0,0.0,0,0,1,1.0,1,0,0,0.0,0,0,0,0.0,0,0,0,0.0,0,0,0,0.0,0,0,0,0.0,0,1,1,1.0,1,0,0,0.0,0,0,0,0.0,0,0,0,0.0,0,0,0,0.0,0,0,0,0.0,0,0,0,0.0,0,0,0,0.0,0,0,0,0.0,0,0,0,0.0,0,0,0,0.0,0,0,0,0.0,0,0,0,0.0,0,0,0,0.0,0,0,0,0.0,0,0,0,,0,,0,,0,,0,,0,,0,,0,,,,not_applicable,,,,,,,,,,,,,,,,,,,,,0,context-aggregation-v1.0-2026-07-27,article-features-v1.0-2026-07-27,context-cards-v1.0-pilot67-2026-07-27
ESWS-2026-05,ESWS-2026-05:Sunbury Common & Ashford Common Ward,(no_focal_party),individual,final_72_hours,surrey_wide_local,1,1,1,1,1,1,0,0,0,0,0,,0,,0,,0,,,not_extracted,0,,0,,0,,0,,0,,0,,1,1,1.0,0,0.0,0,0.0,0,0.0,0,0.0,0,0.0,0,0.0,0,0.0,1,1.0,0,0.0,0,0.0,0,0.0,0,0.0,0,0.0,0,0.0,0,0.0,1,0,0,0,,0,,0,0,0,0,1,0,0,0.0,0,0,0,0.0,0,0,1,1.0,1,0,0,0.0,0,0,0,0.0,0,0,0,0.0,0,0,0,0.0,0,0,1,1.0,1,0,0,0.0,0,0,0,0.0,0,0,0,0.0,0,0,0,0.0,0,0,0,0.0,0,1,1,1.0,1,0,0,0.0,0,0,0,0.0,0,0,0,0.0,0,0,0,0.0,0,0,0,0.0,0,0,0,0.0,0,0,0,0.0,0,0,0,0.0,0,0,0,0.0,0,0,0,0.0,0,0,0,0.0,0,0,0,0.0,0,0,0,0.0,0,0,0,0.0,0,0,0,,0,,0,,0,,0,,0,,0,,0,,,,not_applicable,,,,,,,,,,,,,,,,,,,,,0,context-aggregation-v1.0-2026-07-27,article-features-v1.0-2026-07-27,context-cards-v1.0-pilot67-2026-07-27
ESWS-2026-05,"ESWS-2026-05:Thorpe, Longcross & Ottershaw Ward",(no_focal_party),cumulative,previous_14_days,surrey_wide_local,1,1,1,1,1,1,0,0,0,0,0,,0,,0,,0,,,not_extracted,0,,0,,0,,0,,0,,0,,1,1,1.0,0,0.0,0,0.0,0,0.0,0,0.0,0,0.0,0,0.0,0,0.0,1,1.0,0,0.0,0,0.0,0,0.0,0,0.0,0,0.0,0,0.0,0,0.0,1,0,0,0,,0,,0,0,0,0,1,0,0,0.0,0,0,0,0.0,0,0,1,1.0,1,0,0,0.0,0,0,0,0.0,0,0,0,0.0,0,0,0,0.0,0,0,1,1.0,1,0,0,0.0,0,0,0,0.0,0,0,0,0.0,0,0,0,0.0,0,0,0,0.0,0,1,1,1.0,1,0,0,0.0,0,0,0,0.0,0,0,0,0.0,0,0,0,0.0,0,0,0,0.0,0,0,0,0.0,0,0,0,0.0,0,0,0,0.0,0,0,0,0.0,0,0,0,0.0,0,0,0,0.0,0,0,0,0.0,0,0,0,0.0,0,0,0,0.0,0,0,0,,0,,0,,0,,0,,0,,0,,0,,,,not_applicable,,,,,,,,,,,,,,,,,,,,,0,context-aggregation-v1.0-2026-07-27,article-features-v1.0-2026-07-27,context-cards-v1.0-pilot67-2026-07-27
ESWS-2026-05,"ESWS-2026-05:Thorpe, Longcross & Ottershaw Ward",(no_focal_party),cumulative,previous_180_days,surrey_wide_local,1,1,1,1,1,1,0,0,0,0,0,,0,,0,,0,,,not_extracted,0,,0,,0,,0,,0,,0,,1,1,1.0,0,0.0,0,0.0,0,0.0,0,0.0,0,0.0,0,0.0,0,0.0,1,1.0,0,0.0,0,0.0,0,0.0,0,0.0,0,0.0,0,0.0,0,0.0,1,0,0,0,,0,,0,0,0,0,1,0,0,0.0,0,0,0,0.0,0,0,1,1.0,1,0,0,0.0,0,0,0,0.0,0,0,0,0.0,0,0,0,0.0,0,0,1,1.0,1,0,0,0.0,0,0,0,0.0,0,0,0,0.0,0,0,0,0.0,0,0,0,0.0,0,1,1,1.0,1,0,0,0.0,0,0,0,0.0,0,0,0,0.0,0,0,0,0.0,0,0,0,0.0,0,0,0,0.0,0,0,0,0.0,0,0,0,0.0,0,0,0,0.0,0,0,0,0.0,0,0,0,0.0,0,0,0,0.0,0,0,0,0.0,0,0,0,0.0,0,0,0,,0,,0,,0,,0,,0,,0,,0,,,,not_applicable,,,,,,,,,,,,,,,,,,,,,0,context-aggregation-v1.0-2026-07-27,article-features-v1.0-2026-07-27,context-cards-v1.0-pilot67-2026-07-27
ESWS-2026-05,"ESWS-2026-05:Thorpe, Longcross & Ottershaw Ward",(no_focal_party),cumulative,previous_30_days,surrey_wide_local,1,1,1,1,1,1,0,0,0,0,0,,0,,0,,0,,,not_extracted,0,,0,,0,,0,,0,,0,,1,1,1.0,0,0.0,0,0.0,0,0.0,0,0.0,0,0.0,0,0.0,0,0.0,1,1.0,0,0.0,0,0.0,0,0.0,0,0.0,0,0.0,0,0.0,0,0.0,1,0,0,0,,0,,0,0,0,0,1,0,0,0.0,0,0,0,0.0,0,0,1,1.0,1,0,0,0.0,0,0,0,0.0,0,0,0,0.0,0,0,0,0.0,0,0,1,1.0,1,0,0,0.0,0,0,0,0.0,0,0,0,0.0,0,0,0,0.0,0,0,0,0.0,0,1,1,1.0,1,0,0,0.0,0,0,0,0.0,0,0,0,0.0,0,0,0,0.0,0,0,0,0.0,0,0,0,0.0,0,0,0,0.0,0,0,0,0.0,0,0,0,0.0,0,0,0,0.0,0,0,0,0.0,0,0,0,0.0,0,0,0,0.0,0,0,0,0.0,0,0,0,,0,,0,,0,,0,,0,,0,,0,,,,not_applicable,,,,,,,,,,,,,,,,,,,,,0,context-aggregation-v1.0-2026-07-27,article-features-v1.0-2026-07-27,context-cards-v1.0-pilot67-2026-07-27
ESWS-2026-05,"ESWS-2026-05:Thorpe, Longcross & Ottershaw Ward",(no_focal_party),cumulative,previous_72_hours,surrey_wide_local,1,1,1,1,1,1,0,0,0,0,0,,0,,0,,0,,,not_extracted,0,,0,,0,,0,,0,,0,,1,1,1.0,0,0.0,0,0.0,0,0.0,0,0.0,0,0.0,0,0.0,0,0.0,1,1.0,0,0.0,0,0.0,0,0.0,0,0.0,0,0.0,0,0.0,0,0.0,1,0,0,0,,0,,0,0,0,0,1,0,0,0.0,0,0,0,0.0,0,0,1,1.0,1,0,0,0.0,0,0,0,0.0,0,0,0,0.0,0,0,0,0.0,0,0,1,1.0,1,0,0,0.0,0,0,0,0.0,0,0,0,0.0,0,0,0,0.0,0,0,0,0.0,0,1,1,1.0,1,0,0,0.0,0,0,0,0.0,0,0,0,0.0,0,0,0,0.0,0,0,0,0.0,0,0,0,0.0,0,0,0,0.0,0,0,0,0.0,0,0,0,0.0,0,0,0,0.0,0,0,0,0.0,0,0,0,0.0,0,0,0,0.0,0,0,0,0.0,0,0,0,,0,,0,,0,,0,,0,,0,,0,,,,not_applicable,,,,,,,,,,,,,,,,,,,,,0,context-aggregation-v1.0-2026-07-27,article-features-v1.0-2026-07-27,context-cards-v1.0-pilot67-2026-07-27
ESWS-2026-05,"ESWS-2026-05:Thorpe, Longcross & Ottershaw Ward",(no_focal_party),cumulative,previous_7_days,surrey_wide_local,1,1,1,1,1,1,0,0,0,0,0,,0,,0,,0,,,not_extracted,0,,0,,0,,0,,0,,0,,1,1,1.0,0,0.0,0,0.0,0,0.0,0,0.0,0,0.0,0,0.0,0,0.0,1,1.0,0,0.0,0,0.0,0,0.0,0,0.0,0,0.0,0,0.0,0,0.0,1,0,0,0,,0,,0,0,0,0,1,0,0,0.0,0,0,0,0.0,0,0,1,1.0,1,0,0,0.0,0,0,0,0.0,0,0,0,0.0,0,0,0,0.0,0,0,1,1.0,1,0,0,0.0,0,0,0,0.0,0,0,0,0.0,0,0,0,0.0,0,0,0,0.0,0,1,1,1.0,1,0,0,0.0,0,0,0,0.0,0,0,0,0.0,0,0,0,0.0,0,0,0,0.0,0,0,0,0.0,0,0,0,0.0,0,0,0,0.0,0,0,0,0.0,0,0,0,0.0,0,0,0,0.0,0,0,0,0.0,0,0,0,0.0,0,0,0,0.0,0,0,0,,0,,0,,0,,0,,0,,0,,0,,,,not_applicable,,,,,,,,,,,,,,,,,,,,,0,context-aggregation-v1.0-2026-07-27,article-features-v1.0-2026-07-27,context-cards-v1.0-pilot67-2026-07-27
ESWS-2026-05,"ESWS-2026-05:Thorpe, Longcross & Ottershaw Ward",(no_focal_party),cumulative,previous_90_days,surrey_wide_local,1,1,1,1,1,1,0,0,0,0,0,,0,,0,,0,,,not_extracted,0,,0,,0,,0,,0,,0,,1,1,1.0,0,0.0,0,0.0,0,0.0,0,0.0,0,0.0,0,0.0,0,0.0,1,1.0,0,0.0,0,0.0,0,0.0,0,0.0,0,0.0,0,0.0,0,0.0,1,0,0,0,,0,,0,0,0,0,1,0,0,0.0,0,0,0,0.0,0,0,1,1.0,1,0,0,0.0,0,0,0,0.0,0,0,0,0.0,0,0,0,0.0,0,0,1,1.0,1,0,0,0.0,0,0,0,0.0,0,0,0,0.0,0,0,0,0.0,0,0,0,0.0,0,1,1,1.0,1,0,0,0.0,0,0,0,0.0,0,0,0,0.0,0,0,0,0.0,0,0,0,0.0,0,0,0,0.0,0,0,0,0.0,0,0,0,0.0,0,0,0,0.0,0,0,0,0.0,0,0,0,0.0,0,0,0,0.0,0,0,0,0.0,0,0,0,0.0,0,0,0,,0,,0,,0,,0,,0,,0,,0,,,,not_applicable,,,,,,,,,,,,,,,,,,,,,0,context-aggregation-v1.0-2026-07-27,article-features-v1.0-2026-07-27,context-cards-v1.0-pilot67-2026-07-27
ESWS-2026-05,"ESWS-2026-05:Thorpe, Longcross & Ottershaw Ward",(no_focal_party),individual,final_72_hours,surrey_wide_local,1,1,1,1,1,1,0,0,0,0,0,,0,,0,,0,,,not_extracted,0,,0,,0,,0,,0,,0,,1,1,1.0,0,0.0,0,0.0,0,0.0,0,0.0,0,0.0,0,0.0,0,0.0,1,1.0,0,0.0,0,0.0,0,0.0,0,0.0,0,0.0,0,0.0,0,0.0,1,0,0,0,,0,,0,0,0,0,1,0,0,0.0,0,0,0,0.0,0,0,1,1.0,1,0,0,0.0,0,0,0,0.0,0,0,0,0.0,0,0,0,0.0,0,0,1,1.0,1,0,0,0.0,0,0,0,0.0,0,0,0,0.0,0,0,0,0.0,0,0,0,0.0,0,1,1,1.0,1,0,0,0.0,0,0,0,0.0,0,0,0,0.0,0,0,0,0.0,0,0,0,0.0,0,0,0,0.0,0,0,0,0.0,0,0,0,0.0,0,0,0,0.0,0,0,0,0.0,0,0,0,0.0,0,0,0,0.0,0,0,0,0.0,0,0,0,0.0,0,0,0,,0,,0,,0,,0,,0,,0,,0,,,,not_applicable,,,,,,,,,,,,,,,,,,,,,0,context-aggregation-v1.0-2026-07-27,article-features-v1.0-2026-07-27,context-cards-v1.0-pilot67-2026-07-27
ESWS-2026-05,ESWS-2026-05:Waverley Eastern Villages Ward,(no_focal_party),cumulative,previous_14_days,surrey_wide_local,1,1,1,1,1,1,0,0,0,0,0,,0,,0,,0,,,not_extracted,0,,0,,0,,0,,0,,0,,1,1,1.0,0,0.0,0,0.0,0,0.0,0,0.0,0,0.0,0,0.0,0,0.0,1,1.0,0,0.0,0,0.0,0,0.0,0,0.0,0,0.0,0,0.0,0,0.0,1,0,0,0,,0,,0,0,0,0,1,0,0,0.0,0,0,0,0.0,0,0,1,1.0,1,0,0,0.0,0,0,0,0.0,0,0,0,0.0,0,0,0,0.0,0,0,1,1.0,1,0,0,0.0,0,0,0,0.0,0,0,0,0.0,0,0,0,0.0,0,0,0,0.0,0,1,1,1.0,1,0,0,0.0,0,0,0,0.0,0,0,0,0.0,0,0,0,0.0,0,0,0,0.0,0,0,0,0.0,0,0,0,0.0,0,0,0,0.0,0,0,0,0.0,0,0,0,0.0,0,0,0,0.0,0,0,0,0.0,0,0,0,0.0,0,0,0,0.0,0,0,0,,0,,0,,0,,0,,0,,0,,0,,,,not_applicable,,,,,,,,,,,,,,,,,,,,,0,context-aggregation-v1.0-2026-07-27,article-features-v1.0-2026-07-27,context-cards-v1.0-pilot67-2026-07-27
ESWS-2026-05,ESWS-2026-05:Waverley Eastern Villages Ward,(no_focal_party),cumulative,previous_180_days,surrey_wide_local,1,1,1,1,1,1,0,0,0,0,0,,0,,0,,0,,,not_extracted,0,,0,,0,,0,,0,,0,,1,1,1.0,0,0.0,0,0.0,0,0.0,0,0.0,0,0.0,0,0.0,0,0.0,1,1.0,0,0.0,0,0.0,0,0.0,0,0.0,0,0.0,0,0.0,0,0.0,1,0,0,0,,0,,0,0,0,0,1,0,0,0.0,0,0,0,0.0,0,0,1,1.0,1,0,0,0.0,0,0,0,0.0,0,0,0,0.0,0,0,0,0.0,0,0,1,1.0,1,0,0,0.0,0,0,0,0.0,0,0,0,0.0,0,0,0,0.0,0,0,0,0.0,0,1,1,1.0,1,0,0,0.0,0,0,0,0.0,0,0,0,0.0,0,0,0,0.0,0,0,0,0.0,0,0,0,0.0,0,0,0,0.0,0,0,0,0.0,0,0,0,0.0,0,0,0,0.0,0,0,0,0.0,0,0,0,0.0,0,0,0,0.0,0,0,0,0.0,0,0,0,,0,,0,,0,,0,,0,,0,,0,,,,not_applicable,,,,,,,,,,,,,,,,,,,,,0,context-aggregation-v1.0-2026-07-27,article-features-v1.0-2026-07-27,context-cards-v1.0-pilot67-2026-07-27
ESWS-2026-05,ESWS-2026-05:Waverley Eastern Villages Ward,(no_focal_party),cumulative,previous_30_days,surrey_wide_local,1,1,1,1,1,1,0,0,0,0,0,,0,,0,,0,,,not_extracted,0,,0,,0,,0,,0,,0,,1,1,1.0,0,0.0,0,0.0,0,0.0,0,0.0,0,0.0,0,0.0,0,0.0,1,1.0,0,0.0,0,0.0,0,0.0,0,0.0,0,0.0,0,0.0,0,0.0,1,0,0,0,,0,,0,0,0,0,1,0,0,0.0,0,0,0,0.0,0,0,1,1.0,1,0,0,0.0,0,0,0,0.0,0,0,0,0.0,0,0,0,0.0,0,0,1,1.0,1,0,0,0.0,0,0,0,0.0,0,0,0,0.0,0,0,0,0.0,0,0,0,0.0,0,1,1,1.0,1,0,0,0.0,0,0,0,0.0,0,0,0,0.0,0,0,0,0.0,0,0,0,0.0,0,0,0,0.0,0,0,0,0.0,0,0,0,0.0,0,0,0,0.0,0,0,0,0.0,0,0,0,0.0,0,0,0,0.0,0,0,0,0.0,0,0,0,0.0,0,0,0,,0,,0,,0,,0,,0,,0,,0,,,,not_applicable,,,,,,,,,,,,,,,,,,,,,0,context-aggregation-v1.0-2026-07-27,article-features-v1.0-2026-07-27,context-cards-v1.0-pilot67-2026-07-27
ESWS-2026-05,ESWS-2026-05:Waverley Eastern Villages Ward,(no_focal_party),cumulative,previous_72_hours,surrey_wide_local,1,1,1,1,1,1,0,0,0,0,0,,0,,0,,0,,,not_extracted,0,,0,,0,,0,,0,,0,,1,1,1.0,0,0.0,0,0.0,0,0.0,0,0.0,0,0.0,0,0.0,0,0.0,1,1.0,0,0.0,0,0.0,0,0.0,0,0.0,0,0.0,0,0.0,0,0.0,1,0,0,0,,0,,0,0,0,0,1,0,0,0.0,0,0,0,0.0,0,0,1,1.0,1,0,0,0.0,0,0,0,0.0,0,0,0,0.0,0,0,0,0.0,0,0,1,1.0,1,0,0,0.0,0,0,0,0.0,0,0,0,0.0,0,0,0,0.0,0,0,0,0.0,0,1,1,1.0,1,0,0,0.0,0,0,0,0.0,0,0,0,0.0,0,0,0,0.0,0,0,0,0.0,0,0,0,0.0,0,0,0,0.0,0,0,0,0.0,0,0,0,0.0,0,0,0,0.0,0,0,0,0.0,0,0,0,0.0,0,0,0,0.0,0,0,0,0.0,0,0,0,,0,,0,,0,,0,,0,,0,,0,,,,not_applicable,,,,,,,,,,,,,,,,,,,,,0,context-aggregation-v1.0-2026-07-27,article-features-v1.0-2026-07-27,context-cards-v1.0-pilot67-2026-07-27
ESWS-2026-05,ESWS-2026-05:Waverley Eastern Villages Ward,(no_focal_party),cumulative,previous_7_days,surrey_wide_local,1,1,1,1,1,1,0,0,0,0,0,,0,,0,,0,,,not_extracted,0,,0,,0,,0,,0,,0,,1,1,1.0,0,0.0,0,0.0,0,0.0,0,0.0,0,0.0,0,0.0,0,0.0,1,1.0,0,0.0,0,0.0,0,0.0,0,0.0,0,0.0,0,0.0,0,0.0,1,0,0,0,,0,,0,0,0,0,1,0,0,0.0,0,0,0,0.0,0,0,1,1.0,1,0,0,0.0,0,0,0,0.0,0,0,0,0.0,0,0,0,0.0,0,0,1,1.0,1,0,0,0.0,0,0,0,0.0,0,0,0,0.0,0,0,0,0.0,0,0,0,0.0,0,1,1,1.0,1,0,0,0.0,0,0,0,0.0,0,0,0,0.0,0,0,0,0.0,0,0,0,0.0,0,0,0,0.0,0,0,0,0.0,0,0,0,0.0,0,0,0,0.0,0,0,0,0.0,0,0,0,0.0,0,0,0,0.0,0,0,0,0.0,0,0,0,0.0,0,0,0,,0,,0,,0,,0,,0,,0,,0,,,,not_applicable,,,,,,,,,,,,,,,,,,,,,0,context-aggregation-v1.0-2026-07-27,article-features-v1.0-2026-07-27,context-cards-v1.0-pilot67-2026-07-27
ESWS-2026-05,ESWS-2026-05:Waverley Eastern Villages Ward,(no_focal_party),cumulative,previous_90_days,surrey_wide_local,1,1,1,1,1,1,0,0,0,0,0,,0,,0,,0,,,not_extracted,0,,0,,0,,0,,0,,0,,1,1,1.0,0,0.0,0,0.0,0,0.0,0,0.0,0,0.0,0,0.0,0,0.0,1,1.0,0,0.0,0,0.0,0,0.0,0,0.0,0,0.0,0,0.0,0,0.0,1,0,0,0,,0,,0,0,0,0,1,0,0,0.0,0,0,0,0.0,0,0,1,1.0,1,0,0,0.0,0,0,0,0.0,0,0,0,0.0,0,0,0,0.0,0,0,1,1.0,1,0,0,0.0,0,0,0,0.0,0,0,0,0.0,0,0,0,0.0,0,0,0,0.0,0,1,1,1.0,1,0,0,0.0,0,0,0,0.0,0,0,0,0.0,0,0,0,0.0,0,0,0,0.0,0,0,0,0.0,0,0,0,0.0,0,0,0,0.0,0,0,0,0.0,0,0,0,0.0,0,0,0,0.0,0,0,0,0.0,0,0,0,0.0,0,0,0,0.0,0,0,0,,0,,0,,0,,0,,0,,0,,0,,,,not_applicable,,,,,,,,,,,,,,,,,,,,,0,context-aggregation-v1.0-2026-07-27,article-features-v1.0-2026-07-27,context-cards-v1.0-pilot67-2026-07-27
ESWS-2026-05,ESWS-2026-05:Waverley Eastern Villages Ward,(no_focal_party),individual,final_72_hours,surrey_wide_local,1,1,1,1,1,1,0,0,0,0,0,,0,,0,,0,,,not_extracted,0,,0,,0,,0,,0,,0,,1,1,1.0,0,0.0,0,0.0,0,0.0,0,0.0,0,0.0,0,0.0,0,0.0,1,1.0,0,0.0,0,0.0,0,0.0,0,0.0,0,0.0,0,0.0,0,0.0,1,0,0,0,,0,,0,0,0,0,1,0,0,0.0,0,0,0,0.0,0,0,1,1.0,1,0,0,0.0,0,0,0,0.0,0,0,0,0.0,0,0,0,0.0,0,0,1,1.0,1,0,0,0.0,0,0,0,0.0,0,0,0,0.0,0,0,0,0.0,0,0,0,0.0,0,1,1,1.0,1,0,0,0.0,0,0,0,0.0,0,0,0,0.0,0,0,0,0.0,0,0,0,0.0,0,0,0,0.0,0,0,0,0.0,0,0,0,0.0,0,0,0,0.0,0,0,0,0.0,0,0,0,0.0,0,0,0,0.0,0,0,0,0.0,0,0,0,0.0,0,0,0,,0,,0,,0,,0,,0,,0,,0,,,,not_applicable,,,,,,,,,,,,,,,,,,,,,0,context-aggregation-v1.0-2026-07-27,article-features-v1.0-2026-07-27,context-cards-v1.0-pilot67-2026-07-27
ESWS-2026-05,ESWS-2026-05:Waverley Western Villages Ward,(no_focal_party),cumulative,previous_14_days,surrey_wide_local,1,1,1,1,1,1,0,0,0,0,0,,0,,0,,0,,,not_extracted,0,,0,,0,,0,,0,,0,,1,1,1.0,0,0.0,0,0.0,0,0.0,0,0.0,0,0.0,0,0.0,0,0.0,1,1.0,0,0.0,0,0.0,0,0.0,0,0.0,0,0.0,0,0.0,0,0.0,1,0,0,0,,0,,0,0,0,0,1,0,0,0.0,0,0,0,0.0,0,0,1,1.0,1,0,0,0.0,0,0,0,0.0,0,0,0,0.0,0,0,0,0.0,0,0,1,1.0,1,0,0,0.0,0,0,0,0.0,0,0,0,0.0,0,0,0,0.0,0,0,0,0.0,0,1,1,1.0,1,0,0,0.0,0,0,0,0.0,0,0,0,0.0,0,0,0,0.0,0,0,0,0.0,0,0,0,0.0,0,0,0,0.0,0,0,0,0.0,0,0,0,0.0,0,0,0,0.0,0,0,0,0.0,0,0,0,0.0,0,0,0,0.0,0,0,0,0.0,0,0,0,,0,,0,,0,,0,,0,,0,,0,,,,not_applicable,,,,,,,,,,,,,,,,,,,,,0,context-aggregation-v1.0-2026-07-27,article-features-v1.0-2026-07-27,context-cards-v1.0-pilot67-2026-07-27
ESWS-2026-05,ESWS-2026-05:Waverley Western Villages Ward,(no_focal_party),cumulative,previous_180_days,surrey_wide_local,1,1,1,1,1,1,0,0,0,0,0,,0,,0,,0,,,not_extracted,0,,0,,0,,0,,0,,0,,1,1,1.0,0,0.0,0,0.0,0,0.0,0,0.0,0,0.0,0,0.0,0,0.0,1,1.0,0,0.0,0,0.0,0,0.0,0,0.0,0,0.0,0,0.0,0,0.0,1,0,0,0,,0,,0,0,0,0,1,0,0,0.0,0,0,0,0.0,0,0,1,1.0,1,0,0,0.0,0,0,0,0.0,0,0,0,0.0,0,0,0,0.0,0,0,1,1.0,1,0,0,0.0,0,0,0,0.0,0,0,0,0.0,0,0,0,0.0,0,0,0,0.0,0,1,1,1.0,1,0,0,0.0,0,0,0,0.0,0,0,0,0.0,0,0,0,0.0,0,0,0,0.0,0,0,0,0.0,0,0,0,0.0,0,0,0,0.0,0,0,0,0.0,0,0,0,0.0,0,0,0,0.0,0,0,0,0.0,0,0,0,0.0,0,0,0,0.0,0,0,0,,0,,0,,0,,0,,0,,0,,0,,,,not_applicable,,,,,,,,,,,,,,,,,,,,,0,context-aggregation-v1.0-2026-07-27,article-features-v1.0-2026-07-27,context-cards-v1.0-pilot67-2026-07-27
ESWS-2026-05,ESWS-2026-05:Waverley Western Villages Ward,(no_focal_party),cumulative,previous_30_days,surrey_wide_local,1,1,1,1,1,1,0,0,0,0,0,,0,,0,,0,,,not_extracted,0,,0,,0,,0,,0,,0,,1,1,1.0,0,0.0,0,0.0,0,0.0,0,0.0,0,0.0,0,0.0,0,0.0,1,1.0,0,0.0,0,0.0,0,0.0,0,0.0,0,0.0,0,0.0,0,0.0,1,0,0,0,,0,,0,0,0,0,1,0,0,0.0,0,0,0,0.0,0,0,1,1.0,1,0,0,0.0,0,0,0,0.0,0,0,0,0.0,0,0,0,0.0,0,0,1,1.0,1,0,0,0.0,0,0,0,0.0,0,0,0,0.0,0,0,0,0.0,0,0,0,0.0,0,1,1,1.0,1,0,0,0.0,0,0,0,0.0,0,0,0,0.0,0,0,0,0.0,0,0,0,0.0,0,0,0,0.0,0,0,0,0.0,0,0,0,0.0,0,0,0,0.0,0,0,0,0.0,0,0,0,0.0,0,0,0,0.0,0,0,0,0.0,0,0,0,0.0,0,0,0,,0,,0,,0,,0,,0,,0,,0,,,,not_applicable,,,,,,,,,,,,,,,,,,,,,0,context-aggregation-v1.0-2026-07-27,article-features-v1.0-2026-07-27,context-cards-v1.0-pilot67-2026-07-27
ESWS-2026-05,ESWS-2026-05:Waverley Western Villages Ward,(no_focal_party),cumulative,previous_72_hours,surrey_wide_local,1,1,1,1,1,1,0,0,0,0,0,,0,,0,,0,,,not_extracted,0,,0,,0,,0,,0,,0,,1,1,1.0,0,0.0,0,0.0,0,0.0,0,0.0,0,0.0,0,0.0,0,0.0,1,1.0,0,0.0,0,0.0,0,0.0,0,0.0,0,0.0,0,0.0,0,0.0,1,0,0,0,,0,,0,0,0,0,1,0,0,0.0,0,0,0,0.0,0,0,1,1.0,1,0,0,0.0,0,0,0,0.0,0,0,0,0.0,0,0,0,0.0,0,0,1,1.0,1,0,0,0.0,0,0,0,0.0,0,0,0,0.0,0,0,0,0.0,0,0,0,0.0,0,1,1,1.0,1,0,0,0.0,0,0,0,0.0,0,0,0,0.0,0,0,0,0.0,0,0,0,0.0,0,0,0,0.0,0,0,0,0.0,0,0,0,0.0,0,0,0,0.0,0,0,0,0.0,0,0,0,0.0,0,0,0,0.0,0,0,0,0.0,0,0,0,0.0,0,0,0,,0,,0,,0,,0,,0,,0,,0,,,,not_applicable,,,,,,,,,,,,,,,,,,,,,0,context-aggregation-v1.0-2026-07-27,article-features-v1.0-2026-07-27,context-cards-v1.0-pilot67-2026-07-27
ESWS-2026-05,ESWS-2026-05:Waverley Western Villages Ward,(no_focal_party),cumulative,previous_7_days,surrey_wide_local,1,1,1,1,1,1,0,0,0,0,0,,0,,0,,0,,,not_extracted,0,,0,,0,,0,,0,,0,,1,1,1.0,0,0.0,0,0.0,0,0.0,0,0.0,0,0.0,0,0.0,0,0.0,1,1.0,0,0.0,0,0.0,0,0.0,0,0.0,0,0.0,0,0.0,0,0.0,1,0,0,0,,0,,0,0,0,0,1,0,0,0.0,0,0,0,0.0,0,0,1,1.0,1,0,0,0.0,0,0,0,0.0,0,0,0,0.0,0,0,0,0.0,0,0,1,1.0,1,0,0,0.0,0,0,0,0.0,0,0,0,0.0,0,0,0,0.0,0,0,0,0.0,0,1,1,1.0,1,0,0,0.0,0,0,0,0.0,0,0,0,0.0,0,0,0,0.0,0,0,0,0.0,0,0,0,0.0,0,0,0,0.0,0,0,0,0.0,0,0,0,0.0,0,0,0,0.0,0,0,0,0.0,0,0,0,0.0,0,0,0,0.0,0,0,0,0.0,0,0,0,,0,,0,,0,,0,,0,,0,,0,,,,not_applicable,,,,,,,,,,,,,,,,,,,,,0,context-aggregation-v1.0-2026-07-27,article-features-v1.0-2026-07-27,context-cards-v1.0-pilot67-2026-07-27
ESWS-2026-05,ESWS-2026-05:Waverley Western Villages Ward,(no_focal_party),cumulative,previous_90_days,surrey_wide_local,1,1,1,1,1,1,0,0,0,0,0,,0,,0,,0,,,not_extracted,0,,0,,0,,0,,0,,0,,1,1,1.0,0,0.0,0,0.0,0,0.0,0,0.0,0,0.0,0,0.0,0,0.0,1,1.0,0,0.0,0,0.0,0,0.0,0,0.0,0,0.0,0,0.0,0,0.0,1,0,0,0,,0,,0,0,0,0,1,0,0,0.0,0,0,0,0.0,0,0,1,1.0,1,0,0,0.0,0,0,0,0.0,0,0,0,0.0,0,0,0,0.0,0,0,1,1.0,1,0,0,0.0,0,0,0,0.0,0,0,0,0.0,0,0,0,0.0,0,0,0,0.0,0,1,1,1.0,1,0,0,0.0,0,0,0,0.0,0,0,0,0.0,0,0,0,0.0,0,0,0,0.0,0,0,0,0.0,0,0,0,0.0,0,0,0,0.0,0,0,0,0.0,0,0,0,0.0,0,0,0,0.0,0,0,0,0.0,0,0,0,0.0,0,0,0,0.0,0,0,0,,0,,0,,0,,0,,0,,0,,0,,,,not_applicable,,,,,,,,,,,,,,,,,,,,,0,context-aggregation-v1.0-2026-07-27,article-features-v1.0-2026-07-27,context-cards-v1.0-pilot67-2026-07-27
ESWS-2026-05,ESWS-2026-05:Waverley Western Villages Ward,(no_focal_party),individual,final_72_hours,surrey_wide_local,1,1,1,1,1,1,0,0,0,0,0,,0,,0,,0,,,not_extracted,0,,0,,0,,0,,0,,0,,1,1,1.0,0,0.0,0,0.0,0,0.0,0,0.0,0,0.0,0,0.0,0,0.0,1,1.0,0,0.0,0,0.0,0,0.0,0,0.0,0,0.0,0,0.0,0,0.0,1,0,0,0,,0,,0,0,0,0,1,0,0,0.0,0,0,0,0.0,0,0,1,1.0,1,0,0,0.0,0,0,0,0.0,0,0,0,0.0,0,0,0,0.0,0,0,1,1.0,1,0,0,0.0,0,0,0,0.0,0,0,0,0.0,0,0,0,0.0,0,0,0,0.0,0,1,1,1.0,1,0,0,0.0,0,0,0,0.0,0,0,0,0.0,0,0,0,0.0,0,0,0,0.0,0,0,0,0.0,0,0,0,0.0,0,0,0,0.0,0,0,0,0.0,0,0,0,0.0,0,0,0,0.0,0,0,0,0.0,0,0,0,0.0,0,0,0,0.0,0,0,0,,0,,0,,0,,0,,0,,0,,0,,,,not_applicable,,,,,,,,,,,,,,,,,,,,,0,context-aggregation-v1.0-2026-07-27,article-features-v1.0-2026-07-27,context-cards-v1.0-pilot67-2026-07-27
ESWS-2026-05,ESWS-2026-05:Woking North Ward,(no_focal_party),cumulative,previous_14_days,surrey_wide_local,1,1,1,1,1,1,0,0,0,0,0,,0,,0,,0,,,not_extracted,0,,0,,0,,0,,0,,0,,1,1,1.0,0,0.0,0,0.0,0,0.0,0,0.0,0,0.0,0,0.0,0,0.0,1,1.0,0,0.0,0,0.0,0,0.0,0,0.0,0,0.0,0,0.0,0,0.0,1,0,0,0,,0,,0,0,0,0,1,0,0,0.0,0,0,0,0.0,0,0,1,1.0,1,0,0,0.0,0,0,0,0.0,0,0,0,0.0,0,0,0,0.0,0,0,1,1.0,1,0,0,0.0,0,0,0,0.0,0,0,0,0.0,0,0,0,0.0,0,0,0,0.0,0,1,1,1.0,1,0,0,0.0,0,0,0,0.0,0,0,0,0.0,0,0,0,0.0,0,0,0,0.0,0,0,0,0.0,0,0,0,0.0,0,0,0,0.0,0,0,0,0.0,0,0,0,0.0,0,0,0,0.0,0,0,0,0.0,0,0,0,0.0,0,0,0,0.0,0,0,0,,0,,0,,0,,0,,0,,0,,0,,,,not_applicable,,,,,,,,,,,,,,,,,,,,,0,context-aggregation-v1.0-2026-07-27,article-features-v1.0-2026-07-27,context-cards-v1.0-pilot67-2026-07-27
ESWS-2026-05,ESWS-2026-05:Woking North Ward,(no_focal_party),cumulative,previous_180_days,surrey_wide_local,1,1,1,1,1,1,0,0,0,0,0,,0,,0,,0,,,not_extracted,0,,0,,0,,0,,0,,0,,1,1,1.0,0,0.0,0,0.0,0,0.0,0,0.0,0,0.0,0,0.0,0,0.0,1,1.0,0,0.0,0,0.0,0,0.0,0,0.0,0,0.0,0,0.0,0,0.0,1,0,0,0,,0,,0,0,0,0,1,0,0,0.0,0,0,0,0.0,0,0,1,1.0,1,0,0,0.0,0,0,0,0.0,0,0,0,0.0,0,0,0,0.0,0,0,1,1.0,1,0,0,0.0,0,0,0,0.0,0,0,0,0.0,0,0,0,0.0,0,0,0,0.0,0,1,1,1.0,1,0,0,0.0,0,0,0,0.0,0,0,0,0.0,0,0,0,0.0,0,0,0,0.0,0,0,0,0.0,0,0,0,0.0,0,0,0,0.0,0,0,0,0.0,0,0,0,0.0,0,0,0,0.0,0,0,0,0.0,0,0,0,0.0,0,0,0,0.0,0,0,0,,0,,0,,0,,0,,0,,0,,0,,,,not_applicable,,,,,,,,,,,,,,,,,,,,,0,context-aggregation-v1.0-2026-07-27,article-features-v1.0-2026-07-27,context-cards-v1.0-pilot67-2026-07-27
ESWS-2026-05,ESWS-2026-05:Woking North Ward,(no_focal_party),cumulative,previous_30_days,surrey_wide_local,1,1,1,1,1,1,0,0,0,0,0,,0,,0,,0,,,not_extracted,0,,0,,0,,0,,0,,0,,1,1,1.0,0,0.0,0,0.0,0,0.0,0,0.0,0,0.0,0,0.0,0,0.0,1,1.0,0,0.0,0,0.0,0,0.0,0,0.0,0,0.0,0,0.0,0,0.0,1,0,0,0,,0,,0,0,0,0,1,0,0,0.0,0,0,0,0.0,0,0,1,1.0,1,0,0,0.0,0,0,0,0.0,0,0,0,0.0,0,0,0,0.0,0,0,1,1.0,1,0,0,0.0,0,0,0,0.0,0,0,0,0.0,0,0,0,0.0,0,0,0,0.0,0,1,1,1.0,1,0,0,0.0,0,0,0,0.0,0,0,0,0.0,0,0,0,0.0,0,0,0,0.0,0,0,0,0.0,0,0,0,0.0,0,0,0,0.0,0,0,0,0.0,0,0,0,0.0,0,0,0,0.0,0,0,0,0.0,0,0,0,0.0,0,0,0,0.0,0,0,0,,0,,0,,0,,0,,0,,0,,0,,,,not_applicable,,,,,,,,,,,,,,,,,,,,,0,context-aggregation-v1.0-2026-07-27,article-features-v1.0-2026-07-27,context-cards-v1.0-pilot67-2026-07-27
ESWS-2026-05,ESWS-2026-05:Woking North Ward,(no_focal_party),cumulative,previous_72_hours,surrey_wide_local,1,1,1,1,1,1,0,0,0,0,0,,0,,0,,0,,,not_extracted,0,,0,,0,,0,,0,,0,,1,1,1.0,0,0.0,0,0.0,0,0.0,0,0.0,0,0.0,0,0.0,0,0.0,1,1.0,0,0.0,0,0.0,0,0.0,0,0.0,0,0.0,0,0.0,0,0.0,1,0,0,0,,0,,0,0,0,0,1,0,0,0.0,0,0,0,0.0,0,0,1,1.0,1,0,0,0.0,0,0,0,0.0,0,0,0,0.0,0,0,0,0.0,0,0,1,1.0,1,0,0,0.0,0,0,0,0.0,0,0,0,0.0,0,0,0,0.0,0,0,0,0.0,0,1,1,1.0,1,0,0,0.0,0,0,0,0.0,0,0,0,0.0,0,0,0,0.0,0,0,0,0.0,0,0,0,0.0,0,0,0,0.0,0,0,0,0.0,0,0,0,0.0,0,0,0,0.0,0,0,0,0.0,0,0,0,0.0,0,0,0,0.0,0,0,0,0.0,0,0,0,,0,,0,,0,,0,,0,,0,,0,,,,not_applicable,,,,,,,,,,,,,,,,,,,,,0,context-aggregation-v1.0-2026-07-27,article-features-v1.0-2026-07-27,context-cards-v1.0-pilot67-2026-07-27
ESWS-2026-05,ESWS-2026-05:Woking North Ward,(no_focal_party),cumulative,previous_7_days,surrey_wide_local,1,1,1,1,1,1,0,0,0,0,0,,0,,0,,0,,,not_extracted,0,,0,,0,,0,,0,,0,,1,1,1.0,0,0.0,0,0.0,0,0.0,0,0.0,0,0.0,0,0.0,0,0.0,1,1.0,0,0.0,0,0.0,0,0.0,0,0.0,0,0.0,0,0.0,0,0.0,1,0,0,0,,0,,0,0,0,0,1,0,0,0.0,0,0,0,0.0,0,0,1,1.0,1,0,0,0.0,0,0,0,0.0,0,0,0,0.0,0,0,0,0.0,0,0,1,1.0,1,0,0,0.0,0,0,0,0.0,0,0,0,0.0,0,0,0,0.0,0,0,0,0.0,0,1,1,1.0,1,0,0,0.0,0,0,0,0.0,0,0,0,0.0,0,0,0,0.0,0,0,0,0.0,0,0,0,0.0,0,0,0,0.0,0,0,0,0.0,0,0,0,0.0,0,0,0,0.0,0,0,0,0.0,0,0,0,0.0,0,0,0,0.0,0,0,0,0.0,0,0,0,,0,,0,,0,,0,,0,,0,,0,,,,not_applicable,,,,,,,,,,,,,,,,,,,,,0,context-aggregation-v1.0-2026-07-27,article-features-v1.0-2026-07-27,context-cards-v1.0-pilot67-2026-07-27
ESWS-2026-05,ESWS-2026-05:Woking North Ward,(no_focal_party),cumulative,previous_90_days,surrey_wide_local,1,1,1,1,1,1,0,0,0,0,0,,0,,0,,0,,,not_extracted,0,,0,,0,,0,,0,,0,,1,1,1.0,0,0.0,0,0.0,0,0.0,0,0.0,0,0.0,0,0.0,0,0.0,1,1.0,0,0.0,0,0.0,0,0.0,0,0.0,0,0.0,0,0.0,0,0.0,1,0,0,0,,0,,0,0,0,0,1,0,0,0.0,0,0,0,0.0,0,0,1,1.0,1,0,0,0.0,0,0,0,0.0,0,0,0,0.0,0,0,0,0.0,0,0,1,1.0,1,0,0,0.0,0,0,0,0.0,0,0,0,0.0,0,0,0,0.0,0,0,0,0.0,0,1,1,1.0,1,0,0,0.0,0,0,0,0.0,0,0,0,0.0,0,0,0,0.0,0,0,0,0.0,0,0,0,0.0,0,0,0,0.0,0,0,0,0.0,0,0,0,0.0,0,0,0,0.0,0,0,0,0.0,0,0,0,0.0,0,0,0,0.0,0,0,0,0.0,0,0,0,,0,,0,,0,,0,,0,,0,,0,,,,not_applicable,,,,,,,,,,,,,,,,,,,,,0,context-aggregation-v1.0-2026-07-27,article-features-v1.0-2026-07-27,context-cards-v1.0-pilot67-2026-07-27
ESWS-2026-05,ESWS-2026-05:Woking North Ward,(no_focal_party),individual,final_72_hours,surrey_wide_local,1,1,1,1,1,1,0,0,0,0,0,,0,,0,,0,,,not_extracted,0,,0,,0,,0,,0,,0,,1,1,1.0,0,0.0,0,0.0,0,0.0,0,0.0,0,0.0,0,0.0,0,0.0,1,1.0,0,0.0,0,0.0,0,0.0,0,0.0,0,0.0,0,0.0,0,0.0,1,0,0,0,,0,,0,0,0,0,1,0,0,0.0,0,0,0,0.0,0,0,1,1.0,1,0,0,0.0,0,0,0,0.0,0,0,0,0.0,0,0,0,0.0,0,0,1,1.0,1,0,0,0.0,0,0,0,0.0,0,0,0,0.0,0,0,0,0.0,0,0,0,0.0,0,1,1,1.0,1,0,0,0.0,0,0,0,0.0,0,0,0,0.0,0,0,0,0.0,0,0,0,0.0,0,0,0,0.0,0,0,0,0.0,0,0,0,0.0,0,0,0,0.0,0,0,0,0.0,0,0,0,0.0,0,0,0,0.0,0,0,0,0.0,0,0,0,0.0,0,0,0,,0,,0,,0,,0,,0,,0,,0,,,,not_applicable,,,,,,,,,,,,,,,,,,,,,0,context-aggregation-v1.0-2026-07-27,article-features-v1.0-2026-07-27,context-cards-v1.0-pilot67-2026-07-27
ESWS-2026-05,ESWS-2026-05:Woking South East Ward,(no_focal_party),cumulative,previous_14_days,surrey_wide_local,1,1,1,1,1,1,0,0,0,0,0,,0,,0,,0,,,not_extracted,0,,0,,0,,0,,0,,0,,1,1,1.0,0,0.0,0,0.0,0,0.0,0,0.0,0,0.0,0,0.0,0,0.0,1,1.0,0,0.0,0,0.0,0,0.0,0,0.0,0,0.0,0,0.0,0,0.0,1,0,0,0,,0,,0,0,0,0,1,0,0,0.0,0,0,0,0.0,0,0,1,1.0,1,0,0,0.0,0,0,0,0.0,0,0,0,0.0,0,0,0,0.0,0,0,1,1.0,1,0,0,0.0,0,0,0,0.0,0,0,0,0.0,0,0,0,0.0,0,0,0,0.0,0,1,1,1.0,1,0,0,0.0,0,0,0,0.0,0,0,0,0.0,0,0,0,0.0,0,0,0,0.0,0,0,0,0.0,0,0,0,0.0,0,0,0,0.0,0,0,0,0.0,0,0,0,0.0,0,0,0,0.0,0,0,0,0.0,0,0,0,0.0,0,0,0,0.0,0,0,0,,0,,0,,0,,0,,0,,0,,0,,,,not_applicable,,,,,,,,,,,,,,,,,,,,,0,context-aggregation-v1.0-2026-07-27,article-features-v1.0-2026-07-27,context-cards-v1.0-pilot67-2026-07-27
ESWS-2026-05,ESWS-2026-05:Woking South East Ward,(no_focal_party),cumulative,previous_180_days,surrey_wide_local,1,1,1,1,1,1,0,0,0,0,0,,0,,0,,0,,,not_extracted,0,,0,,0,,0,,0,,0,,1,1,1.0,0,0.0,0,0.0,0,0.0,0,0.0,0,0.0,0,0.0,0,0.0,1,1.0,0,0.0,0,0.0,0,0.0,0,0.0,0,0.0,0,0.0,0,0.0,1,0,0,0,,0,,0,0,0,0,1,0,0,0.0,0,0,0,0.0,0,0,1,1.0,1,0,0,0.0,0,0,0,0.0,0,0,0,0.0,0,0,0,0.0,0,0,1,1.0,1,0,0,0.0,0,0,0,0.0,0,0,0,0.0,0,0,0,0.0,0,0,0,0.0,0,1,1,1.0,1,0,0,0.0,0,0,0,0.0,0,0,0,0.0,0,0,0,0.0,0,0,0,0.0,0,0,0,0.0,0,0,0,0.0,0,0,0,0.0,0,0,0,0.0,0,0,0,0.0,0,0,0,0.0,0,0,0,0.0,0,0,0,0.0,0,0,0,0.0,0,0,0,,0,,0,,0,,0,,0,,0,,0,,,,not_applicable,,,,,,,,,,,,,,,,,,,,,0,context-aggregation-v1.0-2026-07-27,article-features-v1.0-2026-07-27,context-cards-v1.0-pilot67-2026-07-27
ESWS-2026-05,ESWS-2026-05:Woking South East Ward,(no_focal_party),cumulative,previous_30_days,surrey_wide_local,1,1,1,1,1,1,0,0,0,0,0,,0,,0,,0,,,not_extracted,0,,0,,0,,0,,0,,0,,1,1,1.0,0,0.0,0,0.0,0,0.0,0,0.0,0,0.0,0,0.0,0,0.0,1,1.0,0,0.0,0,0.0,0,0.0,0,0.0,0,0.0,0,0.0,0,0.0,1,0,0,0,,0,,0,0,0,0,1,0,0,0.0,0,0,0,0.0,0,0,1,1.0,1,0,0,0.0,0,0,0,0.0,0,0,0,0.0,0,0,0,0.0,0,0,1,1.0,1,0,0,0.0,0,0,0,0.0,0,0,0,0.0,0,0,0,0.0,0,0,0,0.0,0,1,1,1.0,1,0,0,0.0,0,0,0,0.0,0,0,0,0.0,0,0,0,0.0,0,0,0,0.0,0,0,0,0.0,0,0,0,0.0,0,0,0,0.0,0,0,0,0.0,0,0,0,0.0,0,0,0,0.0,0,0,0,0.0,0,0,0,0.0,0,0,0,0.0,0,0,0,,0,,0,,0,,0,,0,,0,,0,,,,not_applicable,,,,,,,,,,,,,,,,,,,,,0,context-aggregation-v1.0-2026-07-27,article-features-v1.0-2026-07-27,context-cards-v1.0-pilot67-2026-07-27
ESWS-2026-05,ESWS-2026-05:Woking South East Ward,(no_focal_party),cumulative,previous_72_hours,surrey_wide_local,1,1,1,1,1,1,0,0,0,0,0,,0,,0,,0,,,not_extracted,0,,0,,0,,0,,0,,0,,1,1,1.0,0,0.0,0,0.0,0,0.0,0,0.0,0,0.0,0,0.0,0,0.0,1,1.0,0,0.0,0,0.0,0,0.0,0,0.0,0,0.0,0,0.0,0,0.0,1,0,0,0,,0,,0,0,0,0,1,0,0,0.0,0,0,0,0.0,0,0,1,1.0,1,0,0,0.0,0,0,0,0.0,0,0,0,0.0,0,0,0,0.0,0,0,1,1.0,1,0,0,0.0,0,0,0,0.0,0,0,0,0.0,0,0,0,0.0,0,0,0,0.0,0,1,1,1.0,1,0,0,0.0,0,0,0,0.0,0,0,0,0.0,0,0,0,0.0,0,0,0,0.0,0,0,0,0.0,0,0,0,0.0,0,0,0,0.0,0,0,0,0.0,0,0,0,0.0,0,0,0,0.0,0,0,0,0.0,0,0,0,0.0,0,0,0,0.0,0,0,0,,0,,0,,0,,0,,0,,0,,0,,,,not_applicable,,,,,,,,,,,,,,,,,,,,,0,context-aggregation-v1.0-2026-07-27,article-features-v1.0-2026-07-27,context-cards-v1.0-pilot67-2026-07-27
ESWS-2026-05,ESWS-2026-05:Woking South East Ward,(no_focal_party),cumulative,previous_7_days,surrey_wide_local,1,1,1,1,1,1,0,0,0,0,0,,0,,0,,0,,,not_extracted,0,,0,,0,,0,,0,,0,,1,1,1.0,0,0.0,0,0.0,0,0.0,0,0.0,0,0.0,0,0.0,0,0.0,1,1.0,0,0.0,0,0.0,0,0.0,0,0.0,0,0.0,0,0.0,0,0.0,1,0,0,0,,0,,0,0,0,0,1,0,0,0.0,0,0,0,0.0,0,0,1,1.0,1,0,0,0.0,0,0,0,0.0,0,0,0,0.0,0,0,0,0.0,0,0,1,1.0,1,0,0,0.0,0,0,0,0.0,0,0,0,0.0,0,0,0,0.0,0,0,0,0.0,0,1,1,1.0,1,0,0,0.0,0,0,0,0.0,0,0,0,0.0,0,0,0,0.0,0,0,0,0.0,0,0,0,0.0,0,0,0,0.0,0,0,0,0.0,0,0,0,0.0,0,0,0,0.0,0,0,0,0.0,0,0,0,0.0,0,0,0,0.0,0,0,0,0.0,0,0,0,,0,,0,,0,,0,,0,,0,,0,,,,not_applicable,,,,,,,,,,,,,,,,,,,,,0,context-aggregation-v1.0-2026-07-27,article-features-v1.0-2026-07-27,context-cards-v1.0-pilot67-2026-07-27
ESWS-2026-05,ESWS-2026-05:Woking South East Ward,(no_focal_party),cumulative,previous_90_days,surrey_wide_local,1,1,1,1,1,1,0,0,0,0,0,,0,,0,,0,,,not_extracted,0,,0,,0,,0,,0,,0,,1,1,1.0,0,0.0,0,0.0,0,0.0,0,0.0,0,0.0,0,0.0,0,0.0,1,1.0,0,0.0,0,0.0,0,0.0,0,0.0,0,0.0,0,0.0,0,0.0,1,0,0,0,,0,,0,0,0,0,1,0,0,0.0,0,0,0,0.0,0,0,1,1.0,1,0,0,0.0,0,0,0,0.0,0,0,0,0.0,0,0,0,0.0,0,0,1,1.0,1,0,0,0.0,0,0,0,0.0,0,0,0,0.0,0,0,0,0.0,0,0,0,0.0,0,1,1,1.0,1,0,0,0.0,0,0,0,0.0,0,0,0,0.0,0,0,0,0.0,0,0,0,0.0,0,0,0,0.0,0,0,0,0.0,0,0,0,0.0,0,0,0,0.0,0,0,0,0.0,0,0,0,0.0,0,0,0,0.0,0,0,0,0.0,0,0,0,0.0,0,0,0,,0,,0,,0,,0,,0,,0,,0,,,,not_applicable,,,,,,,,,,,,,,,,,,,,,0,context-aggregation-v1.0-2026-07-27,article-features-v1.0-2026-07-27,context-cards-v1.0-pilot67-2026-07-27
ESWS-2026-05,ESWS-2026-05:Woking South East Ward,(no_focal_party),individual,final_72_hours,surrey_wide_local,1,1,1,1,1,1,0,0,0,0,0,,0,,0,,0,,,not_extracted,0,,0,,0,,0,,0,,0,,1,1,1.0,0,0.0,0,0.0,0,0.0,0,0.0,0,0.0,0,0.0,0,0.0,1,1.0,0,0.0,0,0.0,0,0.0,0,0.0,0,0.0,0,0.0,0,0.0,1,0,0,0,,0,,0,0,0,0,1,0,0,0.0,0,0,0,0.0,0,0,1,1.0,1,0,0,0.0,0,0,0,0.0,0,0,0,0.0,0,0,0,0.0,0,0,1,1.0,1,0,0,0.0,0,0,0,0.0,0,0,0,0.0,0,0,0,0.0,0,0,0,0.0,0,1,1,1.0,1,0,0,0.0,0,0,0,0.0,0,0,0,0.0,0,0,0,0.0,0,0,0,0.0,0,0,0,0.0,0,0,0,0.0,0,0,0,0.0,0,0,0,0.0,0,0,0,0.0,0,0,0,0.0,0,0,0,0.0,0,0,0,0.0,0,0,0,0.0,0,0,0,,0,,0,,0,,0,,0,,0,,0,,,,not_applicable,,,,,,,,,,,,,,,,,,,,,0,context-aggregation-v1.0-2026-07-27,article-features-v1.0-2026-07-27,context-cards-v1.0-pilot67-2026-07-27
ESWS-2026-05,ESWS-2026-05:Woking South Ward,(no_focal_party),cumulative,previous_14_days,surrey_wide_local,1,1,1,1,1,1,0,0,0,0,0,,0,,0,,0,,,not_extracted,0,,0,,0,,0,,0,,0,,1,1,1.0,0,0.0,0,0.0,0,0.0,0,0.0,0,0.0,0,0.0,0,0.0,1,1.0,0,0.0,0,0.0,0,0.0,0,0.0,0,0.0,0,0.0,0,0.0,1,0,0,0,,0,,0,0,0,0,1,0,0,0.0,0,0,0,0.0,0,0,1,1.0,1,0,0,0.0,0,0,0,0.0,0,0,0,0.0,0,0,0,0.0,0,0,1,1.0,1,0,0,0.0,0,0,0,0.0,0,0,0,0.0,0,0,0,0.0,0,0,0,0.0,0,1,1,1.0,1,0,0,0.0,0,0,0,0.0,0,0,0,0.0,0,0,0,0.0,0,0,0,0.0,0,0,0,0.0,0,0,0,0.0,0,0,0,0.0,0,0,0,0.0,0,0,0,0.0,0,0,0,0.0,0,0,0,0.0,0,0,0,0.0,0,0,0,0.0,0,0,0,,0,,0,,0,,0,,0,,0,,0,,,,not_applicable,,,,,,,,,,,,,,,,,,,,,0,context-aggregation-v1.0-2026-07-27,article-features-v1.0-2026-07-27,context-cards-v1.0-pilot67-2026-07-27
ESWS-2026-05,ESWS-2026-05:Woking South Ward,(no_focal_party),cumulative,previous_180_days,surrey_wide_local,1,1,1,1,1,1,0,0,0,0,0,,0,,0,,0,,,not_extracted,0,,0,,0,,0,,0,,0,,1,1,1.0,0,0.0,0,0.0,0,0.0,0,0.0,0,0.0,0,0.0,0,0.0,1,1.0,0,0.0,0,0.0,0,0.0,0,0.0,0,0.0,0,0.0,0,0.0,1,0,0,0,,0,,0,0,0,0,1,0,0,0.0,0,0,0,0.0,0,0,1,1.0,1,0,0,0.0,0,0,0,0.0,0,0,0,0.0,0,0,0,0.0,0,0,1,1.0,1,0,0,0.0,0,0,0,0.0,0,0,0,0.0,0,0,0,0.0,0,0,0,0.0,0,1,1,1.0,1,0,0,0.0,0,0,0,0.0,0,0,0,0.0,0,0,0,0.0,0,0,0,0.0,0,0,0,0.0,0,0,0,0.0,0,0,0,0.0,0,0,0,0.0,0,0,0,0.0,0,0,0,0.0,0,0,0,0.0,0,0,0,0.0,0,0,0,0.0,0,0,0,,0,,0,,0,,0,,0,,0,,0,,,,not_applicable,,,,,,,,,,,,,,,,,,,,,0,context-aggregation-v1.0-2026-07-27,article-features-v1.0-2026-07-27,context-cards-v1.0-pilot67-2026-07-27
ESWS-2026-05,ESWS-2026-05:Woking South Ward,(no_focal_party),cumulative,previous_30_days,surrey_wide_local,1,1,1,1,1,1,0,0,0,0,0,,0,,0,,0,,,not_extracted,0,,0,,0,,0,,0,,0,,1,1,1.0,0,0.0,0,0.0,0,0.0,0,0.0,0,0.0,0,0.0,0,0.0,1,1.0,0,0.0,0,0.0,0,0.0,0,0.0,0,0.0,0,0.0,0,0.0,1,0,0,0,,0,,0,0,0,0,1,0,0,0.0,0,0,0,0.0,0,0,1,1.0,1,0,0,0.0,0,0,0,0.0,0,0,0,0.0,0,0,0,0.0,0,0,1,1.0,1,0,0,0.0,0,0,0,0.0,0,0,0,0.0,0,0,0,0.0,0,0,0,0.0,0,1,1,1.0,1,0,0,0.0,0,0,0,0.0,0,0,0,0.0,0,0,0,0.0,0,0,0,0.0,0,0,0,0.0,0,0,0,0.0,0,0,0,0.0,0,0,0,0.0,0,0,0,0.0,0,0,0,0.0,0,0,0,0.0,0,0,0,0.0,0,0,0,0.0,0,0,0,,0,,0,,0,,0,,0,,0,,0,,,,not_applicable,,,,,,,,,,,,,,,,,,,,,0,context-aggregation-v1.0-2026-07-27,article-features-v1.0-2026-07-27,context-cards-v1.0-pilot67-2026-07-27
ESWS-2026-05,ESWS-2026-05:Woking South Ward,(no_focal_party),cumulative,previous_72_hours,surrey_wide_local,1,1,1,1,1,1,0,0,0,0,0,,0,,0,,0,,,not_extracted,0,,0,,0,,0,,0,,0,,1,1,1.0,0,0.0,0,0.0,0,0.0,0,0.0,0,0.0,0,0.0,0,0.0,1,1.0,0,0.0,0,0.0,0,0.0,0,0.0,0,0.0,0,0.0,0,0.0,1,0,0,0,,0,,0,0,0,0,1,0,0,0.0,0,0,0,0.0,0,0,1,1.0,1,0,0,0.0,0,0,0,0.0,0,0,0,0.0,0,0,0,0.0,0,0,1,1.0,1,0,0,0.0,0,0,0,0.0,0,0,0,0.0,0,0,0,0.0,0,0,0,0.0,0,1,1,1.0,1,0,0,0.0,0,0,0,0.0,0,0,0,0.0,0,0,0,0.0,0,0,0,0.0,0,0,0,0.0,0,0,0,0.0,0,0,0,0.0,0,0,0,0.0,0,0,0,0.0,0,0,0,0.0,0,0,0,0.0,0,0,0,0.0,0,0,0,0.0,0,0,0,,0,,0,,0,,0,,0,,0,,0,,,,not_applicable,,,,,,,,,,,,,,,,,,,,,0,context-aggregation-v1.0-2026-07-27,article-features-v1.0-2026-07-27,context-cards-v1.0-pilot67-2026-07-27
ESWS-2026-05,ESWS-2026-05:Woking South Ward,(no_focal_party),cumulative,previous_7_days,surrey_wide_local,1,1,1,1,1,1,0,0,0,0,0,,0,,0,,0,,,not_extracted,0,,0,,0,,0,,0,,0,,1,1,1.0,0,0.0,0,0.0,0,0.0,0,0.0,0,0.0,0,0.0,0,0.0,1,1.0,0,0.0,0,0.0,0,0.0,0,0.0,0,0.0,0,0.0,0,0.0,1,0,0,0,,0,,0,0,0,0,1,0,0,0.0,0,0,0,0.0,0,0,1,1.0,1,0,0,0.0,0,0,0,0.0,0,0,0,0.0,0,0,0,0.0,0,0,1,1.0,1,0,0,0.0,0,0,0,0.0,0,0,0,0.0,0,0,0,0.0,0,0,0,0.0,0,1,1,1.0,1,0,0,0.0,0,0,0,0.0,0,0,0,0.0,0,0,0,0.0,0,0,0,0.0,0,0,0,0.0,0,0,0,0.0,0,0,0,0.0,0,0,0,0.0,0,0,0,0.0,0,0,0,0.0,0,0,0,0.0,0,0,0,0.0,0,0,0,0.0,0,0,0,,0,,0,,0,,0,,0,,0,,0,,,,not_applicable,,,,,,,,,,,,,,,,,,,,,0,context-aggregation-v1.0-2026-07-27,article-features-v1.0-2026-07-27,context-cards-v1.0-pilot67-2026-07-27
ESWS-2026-05,ESWS-2026-05:Woking South Ward,(no_focal_party),cumulative,previous_90_days,surrey_wide_local,1,1,1,1,1,1,0,0,0,0,0,,0,,0,,0,,,not_extracted,0,,0,,0,,0,,0,,0,,1,1,1.0,0,0.0,0,0.0,0,0.0,0,0.0,0,0.0,0,0.0,0,0.0,1,1.0,0,0.0,0,0.0,0,0.0,0,0.0,0,0.0,0,0.0,0,0.0,1,0,0,0,,0,,0,0,0,0,1,0,0,0.0,0,0,0,0.0,0,0,1,1.0,1,0,0,0.0,0,0,0,0.0,0,0,0,0.0,0,0,0,0.0,0,0,1,1.0,1,0,0,0.0,0,0,0,0.0,0,0,0,0.0,0,0,0,0.0,0,0,0,0.0,0,1,1,1.0,1,0,0,0.0,0,0,0,0.0,0,0,0,0.0,0,0,0,0.0,0,0,0,0.0,0,0,0,0.0,0,0,0,0.0,0,0,0,0.0,0,0,0,0.0,0,0,0,0.0,0,0,0,0.0,0,0,0,0.0,0,0,0,0.0,0,0,0,0.0,0,0,0,,0,,0,,0,,0,,0,,0,,0,,,,not_applicable,,,,,,,,,,,,,,,,,,,,,0,context-aggregation-v1.0-2026-07-27,article-features-v1.0-2026-07-27,context-cards-v1.0-pilot67-2026-07-27
ESWS-2026-05,ESWS-2026-05:Woking South Ward,(no_focal_party),individual,final_72_hours,surrey_wide_local,1,1,1,1,1,1,0,0,0,0,0,,0,,0,,0,,,not_extracted,0,,0,,0,,0,,0,,0,,1,1,1.0,0,0.0,0,0.0,0,0.0,0,0.0,0,0.0,0,0.0,0,0.0,1,1.0,0,0.0,0,0.0,0,0.0,0,0.0,0,0.0,0,0.0,0,0.0,1,0,0,0,,0,,0,0,0,0,1,0,0,0.0,0,0,0,0.0,0,0,1,1.0,1,0,0,0.0,0,0,0,0.0,0,0,0,0.0,0,0,0,0.0,0,0,1,1.0,1,0,0,0.0,0,0,0,0.0,0,0,0,0.0,0,0,0,0.0,0,0,0,0.0,0,1,1,1.0,1,0,0,0.0,0,0,0,0.0,0,0,0,0.0,0,0,0,0.0,0,0,0,0.0,0,0,0,0.0,0,0,0,0.0,0,0,0,0.0,0,0,0,0.0,0,0,0,0.0,0,0,0,0.0,0,0,0,0.0,0,0,0,0.0,0,0,0,0.0,0,0,0,,0,,0,,0,,0,,0,,0,,0,,,,not_applicable,,,,,,,,,,,,,,,,,,,,,0,context-aggregation-v1.0-2026-07-27,article-features-v1.0-2026-07-27,context-cards-v1.0-pilot67-2026-07-27
ESWS-2026-05,ESWS-2026-05:Woking South West Ward,(no_focal_party),cumulative,previous_14_days,surrey_wide_local,1,1,1,1,1,1,0,0,0,0,0,,0,,0,,0,,,not_extracted,0,,0,,0,,0,,0,,0,,1,1,1.0,0,0.0,0,0.0,0,0.0,0,0.0,0,0.0,0,0.0,0,0.0,1,1.0,0,0.0,0,0.0,0,0.0,0,0.0,0,0.0,0,0.0,0,0.0,1,0,0,0,,0,,0,0,0,0,1,0,0,0.0,0,0,0,0.0,0,0,1,1.0,1,0,0,0.0,0,0,0,0.0,0,0,0,0.0,0,0,0,0.0,0,0,1,1.0,1,0,0,0.0,0,0,0,0.0,0,0,0,0.0,0,0,0,0.0,0,0,0,0.0,0,1,1,1.0,1,0,0,0.0,0,0,0,0.0,0,0,0,0.0,0,0,0,0.0,0,0,0,0.0,0,0,0,0.0,0,0,0,0.0,0,0,0,0.0,0,0,0,0.0,0,0,0,0.0,0,0,0,0.0,0,0,0,0.0,0,0,0,0.0,0,0,0,0.0,0,0,0,,0,,0,,0,,0,,0,,0,,0,,,,not_applicable,,,,,,,,,,,,,,,,,,,,,0,context-aggregation-v1.0-2026-07-27,article-features-v1.0-2026-07-27,context-cards-v1.0-pilot67-2026-07-27
ESWS-2026-05,ESWS-2026-05:Woking South West Ward,(no_focal_party),cumulative,previous_180_days,surrey_wide_local,1,1,1,1,1,1,0,0,0,0,0,,0,,0,,0,,,not_extracted,0,,0,,0,,0,,0,,0,,1,1,1.0,0,0.0,0,0.0,0,0.0,0,0.0,0,0.0,0,0.0,0,0.0,1,1.0,0,0.0,0,0.0,0,0.0,0,0.0,0,0.0,0,0.0,0,0.0,1,0,0,0,,0,,0,0,0,0,1,0,0,0.0,0,0,0,0.0,0,0,1,1.0,1,0,0,0.0,0,0,0,0.0,0,0,0,0.0,0,0,0,0.0,0,0,1,1.0,1,0,0,0.0,0,0,0,0.0,0,0,0,0.0,0,0,0,0.0,0,0,0,0.0,0,1,1,1.0,1,0,0,0.0,0,0,0,0.0,0,0,0,0.0,0,0,0,0.0,0,0,0,0.0,0,0,0,0.0,0,0,0,0.0,0,0,0,0.0,0,0,0,0.0,0,0,0,0.0,0,0,0,0.0,0,0,0,0.0,0,0,0,0.0,0,0,0,0.0,0,0,0,,0,,0,,0,,0,,0,,0,,0,,,,not_applicable,,,,,,,,,,,,,,,,,,,,,0,context-aggregation-v1.0-2026-07-27,article-features-v1.0-2026-07-27,context-cards-v1.0-pilot67-2026-07-27
ESWS-2026-05,ESWS-2026-05:Woking South West Ward,(no_focal_party),cumulative,previous_30_days,surrey_wide_local,1,1,1,1,1,1,0,0,0,0,0,,0,,0,,0,,,not_extracted,0,,0,,0,,0,,0,,0,,1,1,1.0,0,0.0,0,0.0,0,0.0,0,0.0,0,0.0,0,0.0,0,0.0,1,1.0,0,0.0,0,0.0,0,0.0,0,0.0,0,0.0,0,0.0,0,0.0,1,0,0,0,,0,,0,0,0,0,1,0,0,0.0,0,0,0,0.0,0,0,1,1.0,1,0,0,0.0,0,0,0,0.0,0,0,0,0.0,0,0,0,0.0,0,0,1,1.0,1,0,0,0.0,0,0,0,0.0,0,0,0,0.0,0,0,0,0.0,0,0,0,0.0,0,1,1,1.0,1,0,0,0.0,0,0,0,0.0,0,0,0,0.0,0,0,0,0.0,0,0,0,0.0,0,0,0,0.0,0,0,0,0.0,0,0,0,0.0,0,0,0,0.0,0,0,0,0.0,0,0,0,0.0,0,0,0,0.0,0,0,0,0.0,0,0,0,0.0,0,0,0,,0,,0,,0,,0,,0,,0,,0,,,,not_applicable,,,,,,,,,,,,,,,,,,,,,0,context-aggregation-v1.0-2026-07-27,article-features-v1.0-2026-07-27,context-cards-v1.0-pilot67-2026-07-27
ESWS-2026-05,ESWS-2026-05:Woking South West Ward,(no_focal_party),cumulative,previous_72_hours,surrey_wide_local,1,1,1,1,1,1,0,0,0,0,0,,0,,0,,0,,,not_extracted,0,,0,,0,,0,,0,,0,,1,1,1.0,0,0.0,0,0.0,0,0.0,0,0.0,0,0.0,0,0.0,0,0.0,1,1.0,0,0.0,0,0.0,0,0.0,0,0.0,0,0.0,0,0.0,0,0.0,1,0,0,0,,0,,0,0,0,0,1,0,0,0.0,0,0,0,0.0,0,0,1,1.0,1,0,0,0.0,0,0,0,0.0,0,0,0,0.0,0,0,0,0.0,0,0,1,1.0,1,0,0,0.0,0,0,0,0.0,0,0,0,0.0,0,0,0,0.0,0,0,0,0.0,0,1,1,1.0,1,0,0,0.0,0,0,0,0.0,0,0,0,0.0,0,0,0,0.0,0,0,0,0.0,0,0,0,0.0,0,0,0,0.0,0,0,0,0.0,0,0,0,0.0,0,0,0,0.0,0,0,0,0.0,0,0,0,0.0,0,0,0,0.0,0,0,0,0.0,0,0,0,,0,,0,,0,,0,,0,,0,,0,,,,not_applicable,,,,,,,,,,,,,,,,,,,,,0,context-aggregation-v1.0-2026-07-27,article-features-v1.0-2026-07-27,context-cards-v1.0-pilot67-2026-07-27
ESWS-2026-05,ESWS-2026-05:Woking South West Ward,(no_focal_party),cumulative,previous_7_days,surrey_wide_local,1,1,1,1,1,1,0,0,0,0,0,,0,,0,,0,,,not_extracted,0,,0,,0,,0,,0,,0,,1,1,1.0,0,0.0,0,0.0,0,0.0,0,0.0,0,0.0,0,0.0,0,0.0,1,1.0,0,0.0,0,0.0,0,0.0,0,0.0,0,0.0,0,0.0,0,0.0,1,0,0,0,,0,,0,0,0,0,1,0,0,0.0,0,0,0,0.0,0,0,1,1.0,1,0,0,0.0,0,0,0,0.0,0,0,0,0.0,0,0,0,0.0,0,0,1,1.0,1,0,0,0.0,0,0,0,0.0,0,0,0,0.0,0,0,0,0.0,0,0,0,0.0,0,1,1,1.0,1,0,0,0.0,0,0,0,0.0,0,0,0,0.0,0,0,0,0.0,0,0,0,0.0,0,0,0,0.0,0,0,0,0.0,0,0,0,0.0,0,0,0,0.0,0,0,0,0.0,0,0,0,0.0,0,0,0,0.0,0,0,0,0.0,0,0,0,0.0,0,0,0,,0,,0,,0,,0,,0,,0,,0,,,,not_applicable,,,,,,,,,,,,,,,,,,,,,0,context-aggregation-v1.0-2026-07-27,article-features-v1.0-2026-07-27,context-cards-v1.0-pilot67-2026-07-27
ESWS-2026-05,ESWS-2026-05:Woking South West Ward,(no_focal_party),cumulative,previous_90_days,surrey_wide_local,1,1,1,1,1,1,0,0,0,0,0,,0,,0,,0,,,not_extracted,0,,0,,0,,0,,0,,0,,1,1,1.0,0,0.0,0,0.0,0,0.0,0,0.0,0,0.0,0,0.0,0,0.0,1,1.0,0,0.0,0,0.0,0,0.0,0,0.0,0,0.0,0,0.0,0,0.0,1,0,0,0,,0,,0,0,0,0,1,0,0,0.0,0,0,0,0.0,0,0,1,1.0,1,0,0,0.0,0,0,0,0.0,0,0,0,0.0,0,0,0,0.0,0,0,1,1.0,1,0,0,0.0,0,0,0,0.0,0,0,0,0.0,0,0,0,0.0,0,0,0,0.0,0,1,1,1.0,1,0,0,0.0,0,0,0,0.0,0,0,0,0.0,0,0,0,0.0,0,0,0,0.0,0,0,0,0.0,0,0,0,0.0,0,0,0,0.0,0,0,0,0.0,0,0,0,0.0,0,0,0,0.0,0,0,0,0.0,0,0,0,0.0,0,0,0,0.0,0,0,0,,0,,0,,0,,0,,0,,0,,0,,,,not_applicable,,,,,,,,,,,,,,,,,,,,,0,context-aggregation-v1.0-2026-07-27,article-features-v1.0-2026-07-27,context-cards-v1.0-pilot67-2026-07-27
ESWS-2026-05,ESWS-2026-05:Woking South West Ward,(no_focal_party),individual,final_72_hours,surrey_wide_local,1,1,1,1,1,1,0,0,0,0,0,,0,,0,,0,,,not_extracted,0,,0,,0,,0,,0,,0,,1,1,1.0,0,0.0,0,0.0,0,0.0,0,0.0,0,0.0,0,0.0,0,0.0,1,1.0,0,0.0,0,0.0,0,0.0,0,0.0,0,0.0,0,0.0,0,0.0,1,0,0,0,,0,,0,0,0,0,1,0,0,0.0,0,0,0,0.0,0,0,1,1.0,1,0,0,0.0,0,0,0,0.0,0,0,0,0.0,0,0,0,0.0,0,0,1,1.0,1,0,0,0.0,0,0,0,0.0,0,0,0,0.0,0,0,0,0.0,0,0,0,0.0,0,1,1,1.0,1,0,0,0.0,0,0,0,0.0,0,0,0,0.0,0,0,0,0.0,0,0,0,0.0,0,0,0,0.0,0,0,0,0.0,0,0,0,0.0,0,0,0,0.0,0,0,0,0.0,0,0,0,0.0,0,0,0,0.0,0,0,0,0.0,0,0,0,0.0,0,0,0,,0,,0,,0,,0,,0,,0,,0,,,,not_applicable,,,,,,,,,,,,,,,,,,,,,0,context-aggregation-v1.0-2026-07-27,article-features-v1.0-2026-07-27,context-cards-v1.0-pilot67-2026-07-27
ESWS-2026-05,ESWS-2026-05:Woodham & New Haw Ward,(no_focal_party),cumulative,previous_14_days,surrey_wide_local,1,1,1,1,1,1,0,0,0,0,0,,0,,0,,0,,,not_extracted,0,,0,,0,,0,,0,,0,,1,1,1.0,0,0.0,0,0.0,0,0.0,0,0.0,0,0.0,0,0.0,0,0.0,1,1.0,0,0.0,0,0.0,0,0.0,0,0.0,0,0.0,0,0.0,0,0.0,1,0,0,0,,0,,0,0,0,0,1,0,0,0.0,0,0,0,0.0,0,0,1,1.0,1,0,0,0.0,0,0,0,0.0,0,0,0,0.0,0,0,0,0.0,0,0,1,1.0,1,0,0,0.0,0,0,0,0.0,0,0,0,0.0,0,0,0,0.0,0,0,0,0.0,0,1,1,1.0,1,0,0,0.0,0,0,0,0.0,0,0,0,0.0,0,0,0,0.0,0,0,0,0.0,0,0,0,0.0,0,0,0,0.0,0,0,0,0.0,0,0,0,0.0,0,0,0,0.0,0,0,0,0.0,0,0,0,0.0,0,0,0,0.0,0,0,0,0.0,0,0,0,,0,,0,,0,,0,,0,,0,,0,,,,not_applicable,,,,,,,,,,,,,,,,,,,,,0,context-aggregation-v1.0-2026-07-27,article-features-v1.0-2026-07-27,context-cards-v1.0-pilot67-2026-07-27
ESWS-2026-05,ESWS-2026-05:Woodham & New Haw Ward,(no_focal_party),cumulative,previous_180_days,surrey_wide_local,1,1,1,1,1,1,0,0,0,0,0,,0,,0,,0,,,not_extracted,0,,0,,0,,0,,0,,0,,1,1,1.0,0,0.0,0,0.0,0,0.0,0,0.0,0,0.0,0,0.0,0,0.0,1,1.0,0,0.0,0,0.0,0,0.0,0,0.0,0,0.0,0,0.0,0,0.0,1,0,0,0,,0,,0,0,0,0,1,0,0,0.0,0,0,0,0.0,0,0,1,1.0,1,0,0,0.0,0,0,0,0.0,0,0,0,0.0,0,0,0,0.0,0,0,1,1.0,1,0,0,0.0,0,0,0,0.0,0,0,0,0.0,0,0,0,0.0,0,0,0,0.0,0,1,1,1.0,1,0,0,0.0,0,0,0,0.0,0,0,0,0.0,0,0,0,0.0,0,0,0,0.0,0,0,0,0.0,0,0,0,0.0,0,0,0,0.0,0,0,0,0.0,0,0,0,0.0,0,0,0,0.0,0,0,0,0.0,0,0,0,0.0,0,0,0,0.0,0,0,0,,0,,0,,0,,0,,0,,0,,0,,,,not_applicable,,,,,,,,,,,,,,,,,,,,,0,context-aggregation-v1.0-2026-07-27,article-features-v1.0-2026-07-27,context-cards-v1.0-pilot67-2026-07-27
ESWS-2026-05,ESWS-2026-05:Woodham & New Haw Ward,(no_focal_party),cumulative,previous_30_days,surrey_wide_local,1,1,1,1,1,1,0,0,0,0,0,,0,,0,,0,,,not_extracted,0,,0,,0,,0,,0,,0,,1,1,1.0,0,0.0,0,0.0,0,0.0,0,0.0,0,0.0,0,0.0,0,0.0,1,1.0,0,0.0,0,0.0,0,0.0,0,0.0,0,0.0,0,0.0,0,0.0,1,0,0,0,,0,,0,0,0,0,1,0,0,0.0,0,0,0,0.0,0,0,1,1.0,1,0,0,0.0,0,0,0,0.0,0,0,0,0.0,0,0,0,0.0,0,0,1,1.0,1,0,0,0.0,0,0,0,0.0,0,0,0,0.0,0,0,0,0.0,0,0,0,0.0,0,1,1,1.0,1,0,0,0.0,0,0,0,0.0,0,0,0,0.0,0,0,0,0.0,0,0,0,0.0,0,0,0,0.0,0,0,0,0.0,0,0,0,0.0,0,0,0,0.0,0,0,0,0.0,0,0,0,0.0,0,0,0,0.0,0,0,0,0.0,0,0,0,0.0,0,0,0,,0,,0,,0,,0,,0,,0,,0,,,,not_applicable,,,,,,,,,,,,,,,,,,,,,0,context-aggregation-v1.0-2026-07-27,article-features-v1.0-2026-07-27,context-cards-v1.0-pilot67-2026-07-27
ESWS-2026-05,ESWS-2026-05:Woodham & New Haw Ward,(no_focal_party),cumulative,previous_72_hours,surrey_wide_local,1,1,1,1,1,1,0,0,0,0,0,,0,,0,,0,,,not_extracted,0,,0,,0,,0,,0,,0,,1,1,1.0,0,0.0,0,0.0,0,0.0,0,0.0,0,0.0,0,0.0,0,0.0,1,1.0,0,0.0,0,0.0,0,0.0,0,0.0,0,0.0,0,0.0,0,0.0,1,0,0,0,,0,,0,0,0,0,1,0,0,0.0,0,0,0,0.0,0,0,1,1.0,1,0,0,0.0,0,0,0,0.0,0,0,0,0.0,0,0,0,0.0,0,0,1,1.0,1,0,0,0.0,0,0,0,0.0,0,0,0,0.0,0,0,0,0.0,0,0,0,0.0,0,1,1,1.0,1,0,0,0.0,0,0,0,0.0,0,0,0,0.0,0,0,0,0.0,0,0,0,0.0,0,0,0,0.0,0,0,0,0.0,0,0,0,0.0,0,0,0,0.0,0,0,0,0.0,0,0,0,0.0,0,0,0,0.0,0,0,0,0.0,0,0,0,0.0,0,0,0,,0,,0,,0,,0,,0,,0,,0,,,,not_applicable,,,,,,,,,,,,,,,,,,,,,0,context-aggregation-v1.0-2026-07-27,article-features-v1.0-2026-07-27,context-cards-v1.0-pilot67-2026-07-27
ESWS-2026-05,ESWS-2026-05:Woodham & New Haw Ward,(no_focal_party),cumulative,previous_7_days,surrey_wide_local,1,1,1,1,1,1,0,0,0,0,0,,0,,0,,0,,,not_extracted,0,,0,,0,,0,,0,,0,,1,1,1.0,0,0.0,0,0.0,0,0.0,0,0.0,0,0.0,0,0.0,0,0.0,1,1.0,0,0.0,0,0.0,0,0.0,0,0.0,0,0.0,0,0.0,0,0.0,1,0,0,0,,0,,0,0,0,0,1,0,0,0.0,0,0,0,0.0,0,0,1,1.0,1,0,0,0.0,0,0,0,0.0,0,0,0,0.0,0,0,0,0.0,0,0,1,1.0,1,0,0,0.0,0,0,0,0.0,0,0,0,0.0,0,0,0,0.0,0,0,0,0.0,0,1,1,1.0,1,0,0,0.0,0,0,0,0.0,0,0,0,0.0,0,0,0,0.0,0,0,0,0.0,0,0,0,0.0,0,0,0,0.0,0,0,0,0.0,0,0,0,0.0,0,0,0,0.0,0,0,0,0.0,0,0,0,0.0,0,0,0,0.0,0,0,0,0.0,0,0,0,,0,,0,,0,,0,,0,,0,,0,,,,not_applicable,,,,,,,,,,,,,,,,,,,,,0,context-aggregation-v1.0-2026-07-27,article-features-v1.0-2026-07-27,context-cards-v1.0-pilot67-2026-07-27
ESWS-2026-05,ESWS-2026-05:Woodham & New Haw Ward,(no_focal_party),cumulative,previous_90_days,surrey_wide_local,1,1,1,1,1,1,0,0,0,0,0,,0,,0,,0,,,not_extracted,0,,0,,0,,0,,0,,0,,1,1,1.0,0,0.0,0,0.0,0,0.0,0,0.0,0,0.0,0,0.0,0,0.0,1,1.0,0,0.0,0,0.0,0,0.0,0,0.0,0,0.0,0,0.0,0,0.0,1,0,0,0,,0,,0,0,0,0,1,0,0,0.0,0,0,0,0.0,0,0,1,1.0,1,0,0,0.0,0,0,0,0.0,0,0,0,0.0,0,0,0,0.0,0,0,1,1.0,1,0,0,0.0,0,0,0,0.0,0,0,0,0.0,0,0,0,0.0,0,0,0,0.0,0,1,1,1.0,1,0,0,0.0,0,0,0,0.0,0,0,0,0.0,0,0,0,0.0,0,0,0,0.0,0,0,0,0.0,0,0,0,0.0,0,0,0,0.0,0,0,0,0.0,0,0,0,0.0,0,0,0,0.0,0,0,0,0.0,0,0,0,0.0,0,0,0,0.0,0,0,0,,0,,0,,0,,0,,0,,0,,0,,,,not_applicable,,,,,,,,,,,,,,,,,,,,,0,context-aggregation-v1.0-2026-07-27,article-features-v1.0-2026-07-27,context-cards-v1.0-pilot67-2026-07-27
ESWS-2026-05,ESWS-2026-05:Woodham & New Haw Ward,(no_focal_party),individual,final_72_hours,surrey_wide_local,1,1,1,1,1,1,0,0,0,0,0,,0,,0,,0,,,not_extracted,0,,0,,0,,0,,0,,0,,1,1,1.0,0,0.0,0,0.0,0,0.0,0,0.0,0,0.0,0,0.0,0,0.0,1,1.0,0,0.0,0,0.0,0,0.0,0,0.0,0,0.0,0,0.0,0,0.0,1,0,0,0,,0,,0,0,0,0,1,0,0,0.0,0,0,0,0.0,0,0,1,1.0,1,0,0,0.0,0,0,0,0.0,0,0,0,0.0,0,0,0,0.0,0,0,1,1.0,1,0,0,0.0,0,0,0,0.0,0,0,0,0.0,0,0,0,0.0,0,0,0,0.0,0,1,1,1.0,1,0,0,0.0,0,0,0,0.0,0,0,0,0.0,0,0,0,0.0,0,0,0,0.0,0,0,0,0.0,0,0,0,0.0,0,0,0,0.0,0,0,0,0.0,0,0,0,0.0,0,0,0,0.0,0,0,0,0.0,0,0,0,0.0,0,0,0,0.0,0,0,0,,0,,0,,0,,0,,0,,0,,0,,,,not_applicable,,,,,,,,,,,,,,,,,,,,,0,context-aggregation-v1.0-2026-07-27,article-features-v1.0-2026-07-27,context-cards-v1.0-pilot67-2026-07-27
ESWS-2026-05,ESWS-2026-05:Worplesdon Ward,(no_focal_party),cumulative,previous_14_days,surrey_wide_local,1,1,1,1,1,1,0,0,0,0,0,,0,,0,,0,,,not_extracted,0,,0,,0,,0,,0,,0,,1,1,1.0,0,0.0,0,0.0,0,0.0,0,0.0,0,0.0,0,0.0,0,0.0,1,1.0,0,0.0,0,0.0,0,0.0,0,0.0,0,0.0,0,0.0,0,0.0,1,0,0,0,,0,,0,0,0,0,1,0,0,0.0,0,0,0,0.0,0,0,1,1.0,1,0,0,0.0,0,0,0,0.0,0,0,0,0.0,0,0,0,0.0,0,0,1,1.0,1,0,0,0.0,0,0,0,0.0,0,0,0,0.0,0,0,0,0.0,0,0,0,0.0,0,1,1,1.0,1,0,0,0.0,0,0,0,0.0,0,0,0,0.0,0,0,0,0.0,0,0,0,0.0,0,0,0,0.0,0,0,0,0.0,0,0,0,0.0,0,0,0,0.0,0,0,0,0.0,0,0,0,0.0,0,0,0,0.0,0,0,0,0.0,0,0,0,0.0,0,0,0,,0,,0,,0,,0,,0,,0,,0,,,,not_applicable,,,,,,,,,,,,,,,,,,,,,0,context-aggregation-v1.0-2026-07-27,article-features-v1.0-2026-07-27,context-cards-v1.0-pilot67-2026-07-27
ESWS-2026-05,ESWS-2026-05:Worplesdon Ward,(no_focal_party),cumulative,previous_180_days,surrey_wide_local,1,1,1,1,1,1,0,0,0,0,0,,0,,0,,0,,,not_extracted,0,,0,,0,,0,,0,,0,,1,1,1.0,0,0.0,0,0.0,0,0.0,0,0.0,0,0.0,0,0.0,0,0.0,1,1.0,0,0.0,0,0.0,0,0.0,0,0.0,0,0.0,0,0.0,0,0.0,1,0,0,0,,0,,0,0,0,0,1,0,0,0.0,0,0,0,0.0,0,0,1,1.0,1,0,0,0.0,0,0,0,0.0,0,0,0,0.0,0,0,0,0.0,0,0,1,1.0,1,0,0,0.0,0,0,0,0.0,0,0,0,0.0,0,0,0,0.0,0,0,0,0.0,0,1,1,1.0,1,0,0,0.0,0,0,0,0.0,0,0,0,0.0,0,0,0,0.0,0,0,0,0.0,0,0,0,0.0,0,0,0,0.0,0,0,0,0.0,0,0,0,0.0,0,0,0,0.0,0,0,0,0.0,0,0,0,0.0,0,0,0,0.0,0,0,0,0.0,0,0,0,,0,,0,,0,,0,,0,,0,,0,,,,not_applicable,,,,,,,,,,,,,,,,,,,,,0,context-aggregation-v1.0-2026-07-27,article-features-v1.0-2026-07-27,context-cards-v1.0-pilot67-2026-07-27
ESWS-2026-05,ESWS-2026-05:Worplesdon Ward,(no_focal_party),cumulative,previous_30_days,surrey_wide_local,1,1,1,1,1,1,0,0,0,0,0,,0,,0,,0,,,not_extracted,0,,0,,0,,0,,0,,0,,1,1,1.0,0,0.0,0,0.0,0,0.0,0,0.0,0,0.0,0,0.0,0,0.0,1,1.0,0,0.0,0,0.0,0,0.0,0,0.0,0,0.0,0,0.0,0,0.0,1,0,0,0,,0,,0,0,0,0,1,0,0,0.0,0,0,0,0.0,0,0,1,1.0,1,0,0,0.0,0,0,0,0.0,0,0,0,0.0,0,0,0,0.0,0,0,1,1.0,1,0,0,0.0,0,0,0,0.0,0,0,0,0.0,0,0,0,0.0,0,0,0,0.0,0,1,1,1.0,1,0,0,0.0,0,0,0,0.0,0,0,0,0.0,0,0,0,0.0,0,0,0,0.0,0,0,0,0.0,0,0,0,0.0,0,0,0,0.0,0,0,0,0.0,0,0,0,0.0,0,0,0,0.0,0,0,0,0.0,0,0,0,0.0,0,0,0,0.0,0,0,0,,0,,0,,0,,0,,0,,0,,0,,,,not_applicable,,,,,,,,,,,,,,,,,,,,,0,context-aggregation-v1.0-2026-07-27,article-features-v1.0-2026-07-27,context-cards-v1.0-pilot67-2026-07-27
ESWS-2026-05,ESWS-2026-05:Worplesdon Ward,(no_focal_party),cumulative,previous_72_hours,surrey_wide_local,1,1,1,1,1,1,0,0,0,0,0,,0,,0,,0,,,not_extracted,0,,0,,0,,0,,0,,0,,1,1,1.0,0,0.0,0,0.0,0,0.0,0,0.0,0,0.0,0,0.0,0,0.0,1,1.0,0,0.0,0,0.0,0,0.0,0,0.0,0,0.0,0,0.0,0,0.0,1,0,0,0,,0,,0,0,0,0,1,0,0,0.0,0,0,0,0.0,0,0,1,1.0,1,0,0,0.0,0,0,0,0.0,0,0,0,0.0,0,0,0,0.0,0,0,1,1.0,1,0,0,0.0,0,0,0,0.0,0,0,0,0.0,0,0,0,0.0,0,0,0,0.0,0,1,1,1.0,1,0,0,0.0,0,0,0,0.0,0,0,0,0.0,0,0,0,0.0,0,0,0,0.0,0,0,0,0.0,0,0,0,0.0,0,0,0,0.0,0,0,0,0.0,0,0,0,0.0,0,0,0,0.0,0,0,0,0.0,0,0,0,0.0,0,0,0,0.0,0,0,0,,0,,0,,0,,0,,0,,0,,0,,,,not_applicable,,,,,,,,,,,,,,,,,,,,,0,context-aggregation-v1.0-2026-07-27,article-features-v1.0-2026-07-27,context-cards-v1.0-pilot67-2026-07-27
ESWS-2026-05,ESWS-2026-05:Worplesdon Ward,(no_focal_party),cumulative,previous_7_days,surrey_wide_local,1,1,1,1,1,1,0,0,0,0,0,,0,,0,,0,,,not_extracted,0,,0,,0,,0,,0,,0,,1,1,1.0,0,0.0,0,0.0,0,0.0,0,0.0,0,0.0,0,0.0,0,0.0,1,1.0,0,0.0,0,0.0,0,0.0,0,0.0,0,0.0,0,0.0,0,0.0,1,0,0,0,,0,,0,0,0,0,1,0,0,0.0,0,0,0,0.0,0,0,1,1.0,1,0,0,0.0,0,0,0,0.0,0,0,0,0.0,0,0,0,0.0,0,0,1,1.0,1,0,0,0.0,0,0,0,0.0,0,0,0,0.0,0,0,0,0.0,0,0,0,0.0,0,1,1,1.0,1,0,0,0.0,0,0,0,0.0,0,0,0,0.0,0,0,0,0.0,0,0,0,0.0,0,0,0,0.0,0,0,0,0.0,0,0,0,0.0,0,0,0,0.0,0,0,0,0.0,0,0,0,0.0,0,0,0,0.0,0,0,0,0.0,0,0,0,0.0,0,0,0,,0,,0,,0,,0,,0,,0,,0,,,,not_applicable,,,,,,,,,,,,,,,,,,,,,0,context-aggregation-v1.0-2026-07-27,article-features-v1.0-2026-07-27,context-cards-v1.0-pilot67-2026-07-27
ESWS-2026-05,ESWS-2026-05:Worplesdon Ward,(no_focal_party),cumulative,previous_90_days,surrey_wide_local,1,1,1,1,1,1,0,0,0,0,0,,0,,0,,0,,,not_extracted,0,,0,,0,,0,,0,,0,,1,1,1.0,0,0.0,0,0.0,0,0.0,0,0.0,0,0.0,0,0.0,0,0.0,1,1.0,0,0.0,0,0.0,0,0.0,0,0.0,0,0.0,0,0.0,0,0.0,1,0,0,0,,0,,0,0,0,0,1,0,0,0.0,0,0,0,0.0,0,0,1,1.0,1,0,0,0.0,0,0,0,0.0,0,0,0,0.0,0,0,0,0.0,0,0,1,1.0,1,0,0,0.0,0,0,0,0.0,0,0,0,0.0,0,0,0,0.0,0,0,0,0.0,0,1,1,1.0,1,0,0,0.0,0,0,0,0.0,0,0,0,0.0,0,0,0,0.0,0,0,0,0.0,0,0,0,0.0,0,0,0,0.0,0,0,0,0.0,0,0,0,0.0,0,0,0,0.0,0,0,0,0.0,0,0,0,0.0,0,0,0,0.0,0,0,0,0.0,0,0,0,,0,,0,,0,,0,,0,,0,,0,,,,not_applicable,,,,,,,,,,,,,,,,,,,,,0,context-aggregation-v1.0-2026-07-27,article-features-v1.0-2026-07-27,context-cards-v1.0-pilot67-2026-07-27
ESWS-2026-05,ESWS-2026-05:Worplesdon Ward,(no_focal_party),individual,final_72_hours,surrey_wide_local,1,1,1,1,1,1,0,0,0,0,0,,0,,0,,0,,,not_extracted,0,,0,,0,,0,,0,,0,,1,1,1.0,0,0.0,0,0.0,0,0.0,0,0.0,0,0.0,0,0.0,0,0.0,1,1.0,0,0.0,0,0.0,0,0.0,0,0.0,0,0.0,0,0.0,0,0.0,1,0,0,0,,0,,0,0,0,0,1,0,0,0.0,0,0,0,0.0,0,0,1,1.0,1,0,0,0.0,0,0,0,0.0,0,0,0,0.0,0,0,0,0.0,0,0,1,1.0,1,0,0,0.0,0,0,0,0.0,0,0,0,0.0,0,0,0,0.0,0,0,0,0.0,0,1,1,1.0,1,0,0,0.0,0,0,0,0.0,0,0,0,0.0,0,0,0,0.0,0,0,0,0.0,0,0,0,0.0,0,0,0,0.0,0,0,0,0.0,0,0,0,0.0,0,0,0,0.0,0,0,0,0.0,0,0,0,0.0,0,0,0,0.0,0,0,0,0.0,0,0,0,,0,,0,,0,,0,,0,,0,,0,,,,not_applicable,,,,,,,,,,,,,,,,,,,,,0,context-aggregation-v1.0-2026-07-27,article-features-v1.0-2026-07-27,context-cards-v1.0-pilot67-2026-07-27
SCC-2013-05,SCC-2013-05:ELECTION_WIDE,(no_focal_party),cumulative,previous_14_days,ward_specific_local,2,1,1,2,1,0,0,0,0,0,0,,0,,0,,0,,,not_extracted,0,,0,,0,,0,,0,,0,,2,0,0.0,0,0.0,0,0.0,0,0.0,0,0.0,0,0.0,0,0.0,0,0.0,0,0.0,0,0.0,0,0.0,0,0.0,0,0.0,0,0.0,0,0.0,0,0.0,0,0,0,0,,0,,0,0,0,0,2,0,0,0.0,0,0,0,0.0,0,0,0,0.0,0,0,0,0.0,0,0,0,0.0,0,0,0,0.0,0,0,0,0.0,0,0,0,0.0,0,0,0,0.0,0,0,0,0.0,0,0,0,0.0,0,0,0,0.0,0,0,0,0.0,0,0,0,0.0,0,0,0,0.0,0,0,0,0.0,0,0,0,0.0,0,0,0,0.0,0,0,0,0.0,0,0,0,0.0,0,0,0,0.0,0,0,0,0.0,0,0,0,0.0,0,0,0,0.0,0,0,0,0.0,0,0,0,0.0,0,0,0,0.0,0,0,0,0.0,0,0,0,,0,,0,,0,,0,,0,,0,,0,,,,not_applicable,,,,,,,,,,,,,,,,,,,,,0,context-aggregation-v1.0-2026-07-27,article-features-v1.0-2026-07-27,context-cards-v1.0-pilot67-2026-07-27
SCC-2013-05,SCC-2013-05:ELECTION_WIDE,(no_focal_party),cumulative,previous_180_days,mixed_local_national,1,1,1,1,1,0,0,0,0,0,0,,0,,0,,0,,,not_extracted,0,,0,,0,,0,,0,,0,,1,0,0.0,1,1.0,0,0.0,0,0.0,1,1.0,0,0.0,1,1.0,1,1.0,0,0.0,0,0.0,0,0.0,1,1.0,0,0.0,0,0.0,0,0.0,0,0.0,1,0,0,0,,0,,0,0,0,0,1,0,0,0.0,0,0,1,1.0,1,0,0,0.0,0,0,0,0.0,0,0,0,0.0,0,0,0,0.0,0,1,1,1.0,1,0,0,0.0,0,0,0,0.0,0,0,0,0.0,0,0,0,0.0,0,0,0,0.0,0,0,0,0.0,0,0,0,0.0,0,0,0,0.0,0,0,0,0.0,0,0,0,0.0,0,0,0,0.0,0,0,0,0.0,0,0,0,0.0,0,0,0,0.0,0,0,0,0.0,0,0,1,1.0,1,0,0,0.0,0,0,0,0.0,0,0,0,0.0,0,0,0,0.0,0,0,0,0.0,0,0,0,,0,,0,,0,,0,,0,,0,,0,,,,not_applicable,,,,,,,,,,,,,,,,,,,,,0,context-aggregation-v1.0-2026-07-27,article-features-v1.0-2026-07-27,context-cards-v1.0-pilot67-2026-07-27
SCC-2013-05,SCC-2013-05:ELECTION_WIDE,(no_focal_party),cumulative,previous_180_days,national_political,2,1,1,2,2,0,0,0,0,0,0,,0,,0,,0,,,not_extracted,0,,0,,0,,0,,0,,0,,2,1,0.5,0,0.0,1,0.5,0,0.0,0,0.0,0,0.0,0,0.0,0,0.0,0,0.0,0,0.0,0,0.0,0,0.0,1,0.5,1,0.5,0,0.0,0,0.0,1,0,0,0,,0,,0,0,0,0,1,0,0,0.0,0,0,0,0.0,0,0,0,0.0,0,0,0,0.0,0,0,0,0.0,0,0,0,0.0,0,0,0,0.0,0,0,0,0.0,0,0,0,0.0,0,0,0,0.0,0,0,0,0.0,0,0,0,0.0,0,0,0,0.0,0,0,0,0.0,0,0,0,0.0,0,0,0,0.0,0,0,0,0.0,0,0,0,0.0,0,0,0,0.0,0,0,0,0.0,0,0,0,0.0,0,0,0,0.0,0,0,0,0.0,0,0,0,0.0,0,0,0,0.0,0,0,0,0.0,0,0,0,0.0,0,0,0,0.0,0,0,0,,0,,0,,0,,0,,0,,0,,0,,,,not_applicable,,,,,,,,,,,,,,,,,,,,,0,context-aggregation-v1.0-2026-07-27,article-features-v1.0-2026-07-27,context-cards-v1.0-pilot67-2026-07-27
SCC-2013-05,SCC-2013-05:ELECTION_WIDE,(no_focal_party),cumulative,previous_180_days,surrey_wide_local,1,1,1,1,1,0,0,0,0,0,0,,0,,0,,0,,,not_extracted,0,,0,,0,,0,,0,,0,,1,0,0.0,0,0.0,0,0.0,0,0.0,0,0.0,0,0.0,0,0.0,0,0.0,0,0.0,0,0.0,0,0.0,0,0.0,0,0.0,0,0.0,0,0.0,0,0.0,0,0,0,0,,0,,0,0,0,0,1,0,0,0.0,0,0,0,0.0,0,0,0,0.0,0,0,0,0.0,0,0,0,0.0,0,0,0,0.0,0,0,0,0.0,0,0,0,0.0,0,0,0,0.0,0,0,1,1.0,1,0,0,0.0,0,0,1,1.0,1,0,0,0.0,0,0,0,0.0,0,0,0,0.0,0,0,0,0.0,0,0,0,0.0,0,0,0,0.0,0,0,0,0.0,0,0,0,0.0,0,0,0,0.0,0,0,0,0.0,0,0,0,0.0,0,0,0,0.0,0,0,0,0.0,0,1,1,1.0,1,0,0,0.0,0,0,0,0.0,0,0,0,,0,,0,,0,,0,,0,,0,,0,,,,not_applicable,,,,,,,,,,,,,,,,,,,,,0,context-aggregation-v1.0-2026-07-27,article-features-v1.0-2026-07-27,context-cards-v1.0-pilot67-2026-07-27
SCC-2013-05,SCC-2013-05:ELECTION_WIDE,(no_focal_party),cumulative,previous_180_days,ward_specific_local,2,1,1,2,1,0,0,0,0,0,0,,0,,0,,0,,,not_extracted,0,,0,,0,,0,,0,,0,,2,0,0.0,0,0.0,0,0.0,0,0.0,0,0.0,0,0.0,0,0.0,0,0.0,0,0.0,0,0.0,0,0.0,0,0.0,0,0.0,0,0.0,0,0.0,0,0.0,0,0,0,0,,0,,0,0,0,0,2,0,0,0.0,0,0,0,0.0,0,0,0,0.0,0,0,0,0.0,0,0,0,0.0,0,0,0,0.0,0,0,0,0.0,0,0,0,0.0,0,0,0,0.0,0,0,0,0.0,0,0,0,0.0,0,0,0,0.0,0,0,0,0.0,0,0,0,0.0,0,0,0,0.0,0,0,0,0.0,0,0,0,0.0,0,0,0,0.0,0,0,0,0.0,0,0,0,0.0,0,0,0,0.0,0,0,0,0.0,0,0,0,0.0,0,0,0,0.0,0,0,0,0.0,0,0,0,0.0,0,0,0,0.0,0,0,0,0.0,0,0,0,,0,,0,,0,,0,,0,,0,,0,,,,not_applicable,,,,,,,,,,,,,,,,,,,,,0,context-aggregation-v1.0-2026-07-27,article-features-v1.0-2026-07-27,context-cards-v1.0-pilot67-2026-07-27
SCC-2013-05,SCC-2013-05:ELECTION_WIDE,(no_focal_party),cumulative,previous_30_days,ward_specific_local,2,1,1,2,1,0,0,0,0,0,0,,0,,0,,0,,,not_extracted,0,,0,,0,,0,,0,,0,,2,0,0.0,0,0.0,0,0.0,0,0.0,0,0.0,0,0.0,0,0.0,0,0.0,0,0.0,0,0.0,0,0.0,0,0.0,0,0.0,0,0.0,0,0.0,0,0.0,0,0,0,0,,0,,0,0,0,0,2,0,0,0.0,0,0,0,0.0,0,0,0,0.0,0,0,0,0.0,0,0,0,0.0,0,0,0,0.0,0,0,0,0.0,0,0,0,0.0,0,0,0,0.0,0,0,0,0.0,0,0,0,0.0,0,0,0,0.0,0,0,0,0.0,0,0,0,0.0,0,0,0,0.0,0,0,0,0.0,0,0,0,0.0,0,0,0,0.0,0,0,0,0.0,0,0,0,0.0,0,0,0,0.0,0,0,0,0.0,0,0,0,0.0,0,0,0,0.0,0,0,0,0.0,0,0,0,0.0,0,0,0,0.0,0,0,0,0.0,0,0,0,,0,,0,,0,,0,,0,,0,,0,,,,not_applicable,,,,,,,,,,,,,,,,,,,,,0,context-aggregation-v1.0-2026-07-27,article-features-v1.0-2026-07-27,context-cards-v1.0-pilot67-2026-07-27
SCC-2013-05,SCC-2013-05:ELECTION_WIDE,(no_focal_party),cumulative,previous_7_days,ward_specific_local,2,1,1,2,1,0,0,0,0,0,0,,0,,0,,0,,,not_extracted,0,,0,,0,,0,,0,,0,,2,0,0.0,0,0.0,0,0.0,0,0.0,0,0.0,0,0.0,0,0.0,0,0.0,0,0.0,0,0.0,0,0.0,0,0.0,0,0.0,0,0.0,0,0.0,0,0.0,0,0,0,0,,0,,0,0,0,0,2,0,0,0.0,0,0,0,0.0,0,0,0,0.0,0,0,0,0.0,0,0,0,0.0,0,0,0,0.0,0,0,0,0.0,0,0,0,0.0,0,0,0,0.0,0,0,0,0.0,0,0,0,0.0,0,0,0,0.0,0,0,0,0.0,0,0,0,0.0,0,0,0,0.0,0,0,0,0.0,0,0,0,0.0,0,0,0,0.0,0,0,0,0.0,0,0,0,0.0,0,0,0,0.0,0,0,0,0.0,0,0,0,0.0,0,0,0,0.0,0,0,0,0.0,0,0,0,0.0,0,0,0,0.0,0,0,0,0.0,0,0,0,,0,,0,,0,,0,,0,,0,,0,,,,not_applicable,,,,,,,,,,,,,,,,,,,,,0,context-aggregation-v1.0-2026-07-27,article-features-v1.0-2026-07-27,context-cards-v1.0-pilot67-2026-07-27
SCC-2013-05,SCC-2013-05:ELECTION_WIDE,(no_focal_party),cumulative,previous_90_days,mixed_local_national,1,1,1,1,1,0,0,0,0,0,0,,0,,0,,0,,,not_extracted,0,,0,,0,,0,,0,,0,,1,0,0.0,1,1.0,0,0.0,0,0.0,1,1.0,0,0.0,1,1.0,1,1.0,0,0.0,0,0.0,0,0.0,1,1.0,0,0.0,0,0.0,0,0.0,0,0.0,1,0,0,0,,0,,0,0,0,0,1,0,0,0.0,0,0,1,1.0,1,0,0,0.0,0,0,0,0.0,0,0,0,0.0,0,0,0,0.0,0,1,1,1.0,1,0,0,0.0,0,0,0,0.0,0,0,0,0.0,0,0,0,0.0,0,0,0,0.0,0,0,0,0.0,0,0,0,0.0,0,0,0,0.0,0,0,0,0.0,0,0,0,0.0,0,0,0,0.0,0,0,0,0.0,0,0,0,0.0,0,0,0,0.0,0,0,0,0.0,0,0,1,1.0,1,0,0,0.0,0,0,0,0.0,0,0,0,0.0,0,0,0,0.0,0,0,0,0.0,0,0,0,,0,,0,,0,,0,,0,,0,,0,,,,not_applicable,,,,,,,,,,,,,,,,,,,,,0,context-aggregation-v1.0-2026-07-27,article-features-v1.0-2026-07-27,context-cards-v1.0-pilot67-2026-07-27
SCC-2013-05,SCC-2013-05:ELECTION_WIDE,(no_focal_party),cumulative,previous_90_days,ward_specific_local,2,1,1,2,1,0,0,0,0,0,0,,0,,0,,0,,,not_extracted,0,,0,,0,,0,,0,,0,,2,0,0.0,0,0.0,0,0.0,0,0.0,0,0.0,0,0.0,0,0.0,0,0.0,0,0.0,0,0.0,0,0.0,0,0.0,0,0.0,0,0.0,0,0.0,0,0.0,0,0,0,0,,0,,0,0,0,0,2,0,0,0.0,0,0,0,0.0,0,0,0,0.0,0,0,0,0.0,0,0,0,0.0,0,0,0,0.0,0,0,0,0.0,0,0,0,0.0,0,0,0,0.0,0,0,0,0.0,0,0,0,0.0,0,0,0,0.0,0,0,0,0.0,0,0,0,0.0,0,0,0,0.0,0,0,0,0.0,0,0,0,0.0,0,0,0,0.0,0,0,0,0.0,0,0,0,0.0,0,0,0,0.0,0,0,0,0.0,0,0,0,0.0,0,0,0,0.0,0,0,0,0.0,0,0,0,0.0,0,0,0,0.0,0,0,0,0.0,0,0,0,,0,,0,,0,,0,,0,,0,,0,,,,not_applicable,,,,,,,,,,,,,,,,,,,,,0,context-aggregation-v1.0-2026-07-27,article-features-v1.0-2026-07-27,context-cards-v1.0-pilot67-2026-07-27
SCC-2013-05,SCC-2013-05:ELECTION_WIDE,(no_focal_party),individual,180_to_91_days,national_political,2,1,1,2,2,0,0,0,0,0,0,,0,,0,,0,,,not_extracted,0,,0,,0,,0,,0,,0,,2,1,0.5,0,0.0,1,0.5,0,0.0,0,0.0,0,0.0,0,0.0,0,0.0,0,0.0,0,0.0,0,0.0,0,0.0,1,0.5,1,0.5,0,0.0,0,0.0,1,0,0,0,,0,,0,0,0,0,1,0,0,0.0,0,0,0,0.0,0,0,0,0.0,0,0,0,0.0,0,0,0,0.0,0,0,0,0.0,0,0,0,0.0,0,0,0,0.0,0,0,0,0.0,0,0,0,0.0,0,0,0,0.0,0,0,0,0.0,0,0,0,0.0,0,0,0,0.0,0,0,0,0.0,0,0,0,0.0,0,0,0,0.0,0,0,0,0.0,0,0,0,0.0,0,0,0,0.0,0,0,0,0.0,0,0,0,0.0,0,0,0,0.0,0,0,0,0.0,0,0,0,0.0,0,0,0,0.0,0,0,0,0.0,0,0,0,0.0,0,0,0,,0,,0,,0,,0,,0,,0,,0,,,,not_applicable,,,,,,,,,,,,,,,,,,,,,0,context-aggregation-v1.0-2026-07-27,article-features-v1.0-2026-07-27,context-cards-v1.0-pilot67-2026-07-27
SCC-2013-05,SCC-2013-05:ELECTION_WIDE,(no_focal_party),individual,180_to_91_days,surrey_wide_local,1,1,1,1,1,0,0,0,0,0,0,,0,,0,,0,,,not_extracted,0,,0,,0,,0,,0,,0,,1,0,0.0,0,0.0,0,0.0,0,0.0,0,0.0,0,0.0,0,0.0,0,0.0,0,0.0,0,0.0,0,0.0,0,0.0,0,0.0,0,0.0,0,0.0,0,0.0,0,0,0,0,,0,,0,0,0,0,1,0,0,0.0,0,0,0,0.0,0,0,0,0.0,0,0,0,0.0,0,0,0,0.0,0,0,0,0.0,0,0,0,0.0,0,0,0,0.0,0,0,0,0.0,0,0,1,1.0,1,0,0,0.0,0,0,1,1.0,1,0,0,0.0,0,0,0,0.0,0,0,0,0.0,0,0,0,0.0,0,0,0,0.0,0,0,0,0.0,0,0,0,0.0,0,0,0,0.0,0,0,0,0.0,0,0,0,0.0,0,0,0,0.0,0,0,0,0.0,0,0,0,0.0,0,1,1,1.0,1,0,0,0.0,0,0,0,0.0,0,0,0,,0,,0,,0,,0,,0,,0,,0,,,,not_applicable,,,,,,,,,,,,,,,,,,,,,0,context-aggregation-v1.0-2026-07-27,article-features-v1.0-2026-07-27,context-cards-v1.0-pilot67-2026-07-27
SCC-2013-05,SCC-2013-05:ELECTION_WIDE,(no_focal_party),individual,7_to_4_days,ward_specific_local,2,1,1,2,1,0,0,0,0,0,0,,0,,0,,0,,,not_extracted,0,,0,,0,,0,,0,,0,,2,0,0.0,0,0.0,0,0.0,0,0.0,0,0.0,0,0.0,0,0.0,0,0.0,0,0.0,0,0.0,0,0.0,0,0.0,0,0.0,0,0.0,0,0.0,0,0.0,0,0,0,0,,0,,0,0,0,0,2,0,0,0.0,0,0,0,0.0,0,0,0,0.0,0,0,0,0.0,0,0,0,0.0,0,0,0,0.0,0,0,0,0.0,0,0,0,0.0,0,0,0,0.0,0,0,0,0.0,0,0,0,0.0,0,0,0,0.0,0,0,0,0.0,0,0,0,0.0,0,0,0,0.0,0,0,0,0.0,0,0,0,0.0,0,0,0,0.0,0,0,0,0.0,0,0,0,0.0,0,0,0,0.0,0,0,0,0.0,0,0,0,0.0,0,0,0,0.0,0,0,0,0.0,0,0,0,0.0,0,0,0,0.0,0,0,0,0.0,0,0,0,,0,,0,,0,,0,,0,,0,,0,,,,not_applicable,,,,,,,,,,,,,,,,,,,,,0,context-aggregation-v1.0-2026-07-27,article-features-v1.0-2026-07-27,context-cards-v1.0-pilot67-2026-07-27
SCC-2013-05,SCC-2013-05:ELECTION_WIDE,(no_focal_party),individual,90_to_31_days,mixed_local_national,1,1,1,1,1,0,0,0,0,0,0,,0,,0,,0,,,not_extracted,0,,0,,0,,0,,0,,0,,1,0,0.0,1,1.0,0,0.0,0,0.0,1,1.0,0,0.0,1,1.0,1,1.0,0,0.0,0,0.0,0,0.0,1,1.0,0,0.0,0,0.0,0,0.0,0,0.0,1,0,0,0,,0,,0,0,0,0,1,0,0,0.0,0,0,1,1.0,1,0,0,0.0,0,0,0,0.0,0,0,0,0.0,0,0,0,0.0,0,1,1,1.0,1,0,0,0.0,0,0,0,0.0,0,0,0,0.0,0,0,0,0.0,0,0,0,0.0,0,0,0,0.0,0,0,0,0.0,0,0,0,0.0,0,0,0,0.0,0,0,0,0.0,0,0,0,0.0,0,0,0,0.0,0,0,0,0.0,0,0,0,0.0,0,0,0,0.0,0,0,1,1.0,1,0,0,0.0,0,0,0,0.0,0,0,0,0.0,0,0,0,0.0,0,0,0,0.0,0,0,0,,0,,0,,0,,0,,0,,0,,0,,,,not_applicable,,,,,,,,,,,,,,,,,,,,,0,context-aggregation-v1.0-2026-07-27,article-features-v1.0-2026-07-27,context-cards-v1.0-pilot67-2026-07-27
SCC-2013-05,SCC-2013-05:ELECTION_WIDE,SCC-PARTY-411cd345ed8f,cumulative,previous_180_days,mixed_local_national,1,1,1,1,0,0,1,3,0,1,0,0.0,0,0.0,0,0.0,0,0.0,,not_extracted,0,0.0,0,0.0,0,0.0,0,0.0,0,0.0,0,0.0,1,0,0.0,1,1.0,1,1.0,1,1.0,1,1.0,0,0.0,0,0.0,0,0.0,0,0.0,0,0.0,0,0.0,0,0.0,0,0.0,1,1.0,0,0.0,0,0.0,1,0,1,0,0.0,0,0.0,0,0,0,0,0,0,0,,0,0,0,,0,0,0,,0,0,0,,0,0,0,,0,0,0,,0,0,0,,0,0,0,,0,0,0,,0,0,0,,0,0,0,,0,0,0,,0,0,0,,0,0,0,,0,0,0,,0,0,0,,0,0,0,,0,0,0,,0,0,0,,0,0,0,,0,0,0,,0,0,0,,0,0,0,,0,0,0,,0,0,0,,0,0,0,,0,0,0,,0,0,0,,0,1,1,1.0,0,0.0,0,0.0,0,0.0,0,0.0,1,1.0,0,0.0,0,0.0,,,not_applicable,,,,,,,,,,,,,,,,,,,,,0,context-aggregation-v1.0-2026-07-27,article-features-v1.0-2026-07-27,context-cards-v1.0-pilot67-2026-07-27
SCC-2013-05,SCC-2013-05:ELECTION_WIDE,SCC-PARTY-411cd345ed8f,cumulative,previous_180_days,national_political,7,1,2,7,5,3,7,3,2,7,1,0.1429,0,0.0,2,0.2857,1,0.1429,,not_extracted,2,0.2857,1,0.1429,1,0.1429,2,0.2857,0,0.0,2,0.2857,7,3,0.4286,0,0.0,1,0.1429,1,0.1429,0,0.0,0,0.0,1,0.1429,2,0.2857,4,0.5714,2,0.2857,0,0.0,2,0.2857,3,0.4286,2,0.2857,4,0.5714,0,0.0,5,0,7,1,0.1429,1,0.1429,0,0,0,0,7,1,1,0.1429,1,0,2,0.2857,2,0,0,0.0,0,0,1,0.1429,1,0,0,0.0,0,0,0,0.0,0,0,0,0.0,0,0,0,0.0,0,0,0,0.0,0,1,1,0.1429,1,0,1,0.1429,1,0,0,0.0,0,0,0,0.0,0,0,1,0.1429,1,0,0,0.0,0,0,0,0.0,0,2,4,0.5714,4,1,1,0.1429,1,0,0,0.0,0,0,0,0.0,0,0,1,0.1429,1,0,0,0.0,0,0,1,0.1429,1,0,0,0.0,0,0,0,0.0,0,0,1,0.1429,1,0,3,0.4286,3,0,0,0.0,0,7,2,0.2857,1,0.1429,1,0.1429,1,0.1429,0,0.0,1,0.1429,0,0.0,3,0.4286,SCC-PARTY-411cd345ed8f:1,SCC-PARTY-bcae2b80ab13:1,not_applicable,,,,,,,,,,,,,,,,,,,,,0,context-aggregation-v1.0-2026-07-27,article-features-v1.0-2026-07-27,context-cards-v1.0-pilot67-2026-07-27
SCC-2013-05,SCC-2013-05:ELECTION_WIDE,SCC-PARTY-411cd345ed8f,cumulative,previous_90_days,national_political,1,1,1,1,1,1,1,3,1,1,0,0.0,0,0.0,1,1.0,0,0.0,,not_extracted,0,0.0,0,0.0,0,0.0,1,1.0,0,0.0,0,0.0,1,0,0.0,0,0.0,0,0.0,0,0.0,0,0.0,0,0.0,1,1.0,0,0.0,1,1.0,1,1.0,0,0.0,0,0.0,0,0.0,1,1.0,1,1.0,0,0.0,1,0,1,0,0.0,0,0.0,0,0,0,0,1,0,0,0.0,0,0,1,1.0,1,0,0,0.0,0,0,0,0.0,0,0,0,0.0,0,0,0,0.0,0,0,0,0.0,0,0,0,0.0,0,0,0,0.0,0,0,0,0.0,0,0,1,1.0,1,0,0,0.0,0,0,0,0.0,0,0,0,0.0,0,0,0,0.0,0,0,0,0.0,0,1,1,1.0,1,0,0,0.0,0,0,0,0.0,0,0,0,0.0,0,0,1,1.0,1,0,0,0.0,0,0,1,1.0,1,0,0,0.0,0,0,0,0.0,0,0,0,0.0,0,0,1,1.0,1,0,0,0.0,0,1,0,0.0,1,1.0,0,0.0,0,0.0,0,0.0,0,0.0,0,0.0,0,0.0,,,not_applicable,,,,,,,,,,,,,,,,,,,,,0,context-aggregation-v1.0-2026-07-27,article-features-v1.0-2026-07-27,context-cards-v1.0-pilot67-2026-07-27
SCC-2013-05,SCC-2013-05:ELECTION_WIDE,SCC-PARTY-411cd345ed8f,individual,180_to_91_days,mixed_local_national,1,1,1,1,0,0,1,3,0,1,0,0.0,0,0.0,0,0.0,0,0.0,,not_extracted,0,0.0,0,0.0,0,0.0,0,0.0,0,0.0,0,0.0,1,0,0.0,1,1.0,1,1.0,1,1.0,1,1.0,0,0.0,0,0.0,0,0.0,0,0.0,0,0.0,0,0.0,0,0.0,0,0.0,1,1.0,0,0.0,0,0.0,1,0,1,0,0.0,0,0.0,0,0,0,0,0,0,0,,0,0,0,,0,0,0,,0,0,0,,0,0,0,,0,0,0,,0,0,0,,0,0,0,,0,0,0,,0,0,0,,0,0,0,,0,0,0,,0,0,0,,0,0,0,,0,0,0,,0,0,0,,0,0,0,,0,0,0,,0,0,0,,0,0,0,,0,0,0,,0,0,0,,0,0,0,,0,0,0,,0,0,0,,0,0,0,,0,0,0,,0,0,0,,0,1,1,1.0,0,0.0,0,0.0,0,0.0,0,0.0,1,1.0,0,0.0,0,0.0,,,not_applicable,,,,,,,,,,,,,,,,,,,,,0,context-aggregation-v1.0-2026-07-27,article-features-v1.0-2026-07-27,context-cards-v1.0-pilot67-2026-07-27
SCC-2013-05,SCC-2013-05:ELECTION_WIDE,SCC-PARTY-411cd345ed8f,individual,180_to_91_days,national_political,6,1,1,6,4,2,6,0,1,6,1,0.1667,0,0.0,1,0.1667,1,0.1667,,not_extracted,2,0.3333,1,0.1667,1,0.1667,1,0.1667,0,0.0,2,0.3333,6,3,0.5,0,0.0,1,0.1667,1,0.1667,0,0.0,0,0.0,0,0.0,2,0.3333,3,0.5,1,0.1667,0,0.0,2,0.3333,3,0.5,1,0.1667,3,0.5,0,0.0,4,0,6,1,0.1667,1,0.1667,0,0,0,0,6,1,1,0.1667,1,0,1,0.1667,1,0,0,0.0,0,0,1,0.1667,1,0,0,0.0,0,0,0,0.0,0,0,0,0.0,0,0,0,0.0,0,0,0,0.0,0,1,1,0.1667,1,0,0,0.0,0,0,0,0.0,0,0,0,0.0,0,0,1,0.1667,1,0,0,0.0,0,0,0,0.0,0,1,3,0.5,3,1,1,0.1667,1,0,0,0.0,0,0,0,0.0,0,0,0,0.0,0,0,0,0.0,0,0,0,0.0,0,0,0,0.0,0,0,0,0.0,0,0,1,0.1667,1,0,2,0.3333,2,0,0,0.0,0,6,2,0.3333,0,0.0,1,0.1667,1,0.1667,0,0.0,1,0.1667,0,0.0,3,0.5,SCC-PARTY-411cd345ed8f:1,SCC-PARTY-bcae2b80ab13:1,not_applicable,,,,,,,,,,,,,,,,,,,,,0,context-aggregation-v1.0-2026-07-27,article-features-v1.0-2026-07-27,context-cards-v1.0-pilot67-2026-07-27
SCC-2013-05,SCC-2013-05:ELECTION_WIDE,SCC-PARTY-411cd345ed8f,individual,90_to_31_days,national_political,1,1,1,1,1,1,1,3,1,1,0,0.0,0,0.0,1,1.0,0,0.0,,not_extracted,0,0.0,0,0.0,0,0.0,1,1.0,0,0.0,0,0.0,1,0,0.0,0,0.0,0,0.0,0,0.0,0,0.0,0,0.0,1,1.0,0,0.0,1,1.0,1,1.0,0,0.0,0,0.0,0,0.0,1,1.0,1,1.0,0,0.0,1,0,1,0,0.0,0,0.0,0,0,0,0,1,0,0,0.0,0,0,1,1.0,1,0,0,0.0,0,0,0,0.0,0,0,0,0.0,0,0,0,0.0,0,0,0,0.0,0,0,0,0.0,0,0,0,0.0,0,0,0,0.0,0,0,1,1.0,1,0,0,0.0,0,0,0,0.0,0,0,0,0.0,0,0,0,0.0,0,0,0,0.0,0,1,1,1.0,1,0,0,0.0,0,0,0,0.0,0,0,0,0.0,0,0,1,1.0,1,0,0,0.0,0,0,1,1.0,1,0,0,0.0,0,0,0,0.0,0,0,0,0.0,0,0,1,1.0,1,0,0,0.0,0,1,0,0.0,1,1.0,0,0.0,0,0.0,0,0.0,0,0.0,0,0.0,0,0.0,,,not_applicable,,,,,,,,,,,,,,,,,,,,,0,context-aggregation-v1.0-2026-07-27,article-features-v1.0-2026-07-27,context-cards-v1.0-pilot67-2026-07-27
SCC-2013-05,SCC-2013-05:ELECTION_WIDE,SCC-PARTY-42dc7e4f3f94,cumulative,previous_180_days,national_political,8,1,2,8,6,3,8,25,2,8,0,0.0,0,0.0,4,0.5,3,0.375,,not_extracted,0,0.0,4,0.5,0,0.0,2,0.25,0,0.0,0,0.0,8,2,0.25,0,0.0,0,0.0,0,0.0,1,0.125,0,0.0,1,0.125,3,0.375,5,0.625,2,0.25,0,0.0,2,0.25,4,0.5,1,0.125,6,0.75,0,0.0,6,0,8,2,0.25,0,0.0,0,0,1,-2,8,1,1,0.125,1,0,3,0.375,3,0,0,0.0,0,0,0,0.0,0,0,0,0.0,0,0,0,0.0,0,0,0,0.0,0,0,0,0.0,0,0,0,0.0,0,0,0,0.0,0,0,1,0.125,1,0,0,0.0,0,0,0,0.0,0,0,0,0.0,0,0,0,0.0,0,0,0,0.0,0,2,5,0.625,5,2,2,0.25,2,0,0,0.0,0,0,0,0.0,0,0,1,0.125,1,0,0,0.0,0,0,1,0.125,1,0,0,0.0,0,0,0,0.0,0,0,0,0.0,0,0,3,0.375,3,0,0,0.0,0,8,1,0.125,6,0.75,1,0.125,0,0.0,1,0.125,0,0.0,2,0.25,7,0.875,SCC-PARTY-42dc7e4f3f94:5,SCC-PARTY-bcae2b80ab13:5,not_applicable,,,,,,,,,,,,,,,,,,,,,0,context-aggregation-v1.0-2026-07-27,article-features-v1.0-2026-07-27,context-cards-v1.0-pilot67-2026-07-27
SCC-2013-05,SCC-2013-05:ELECTION_WIDE,SCC-PARTY-42dc7e4f3f94,cumulative,previous_90_days,national_political,1,1,1,1,1,1,1,5,1,1,0,0.0,0,0.0,0,0.0,1,1.0,,not_extracted,0,0.0,1,1.0,0,0.0,0,0.0,0,0.0,0,0.0,1,0,0.0,0,0.0,0,0.0,0,0.0,0,0.0,0,0.0,1,1.0,0,0.0,1,1.0,1,1.0,0,0.0,0,0.0,0,0.0,1,1.0,1,1.0,0,0.0,1,0,1,0,0.0,0,0.0,0,0,1,0,1,0,0,0.0,0,0,1,1.0,1,0,0,0.0,0,0,0,0.0,0,0,0,0.0,0,0,0,0.0,0,0,0,0.0,0,0,0,0.0,0,0,0,0.0,0,0,0,0.0,0,0,1,1.0,1,0,0,0.0,0,0,0,0.0,0,0,0,0.0,0,0,0,0.0,0,0,0,0.0,0,1,1,1.0,1,0,0,0.0,0,0,0,0.0,0,0,0,0.0,0,0,1,1.0,1,0,0,0.0,0,0,1,1.0,1,0,0,0.0,0,0,0,0.0,0,0,0,0.0,0,0,1,1.0,1,0,0,0.0,0,1,0,0.0,1,1.0,0,0.0,0,0.0,0,0.0,0,0.0,1,1.0,1,1.0,SCC-PARTY-42dc7e4f3f94:1,SCC-PARTY-bcae2b80ab13:1,not_applicable,,,,,,,,,,,,,,,,,,,,,0,context-aggregation-v1.0-2026-07-27,article-features-v1.0-2026-07-27,context-cards-v1.0-pilot67-2026-07-27
SCC-2013-05,SCC-2013-05:ELECTION_WIDE,SCC-PARTY-42dc7e4f3f94,individual,180_to_91_days,national_political,7,1,1,7,5,2,7,20,1,7,0,0.0,0,0.0,4,0.5714,2,0.2857,,not_extracted,0,0.0,3,0.4286,0,0.0,2,0.2857,0,0.0,0,0.0,7,2,0.2857,0,0.0,0,0.0,0,0.0,1,0.1429,0,0.0,0,0.0,3,0.4286,4,0.5714,1,0.1429,0,0.0,2,0.2857,4,0.5714,0,0.0,5,0.7143,0,0.0,5,0,7,2,0.2857,0,0.0,0,0,0,-2,7,1,1,0.1429,1,0,2,0.2857,2,0,0,0.0,0,0,0,0.0,0,0,0,0.0,0,0,0,0.0,0,0,0,0.0,0,0,0,0.0,0,0,0,0.0,0,0,0,0.0,0,0,0,0.0,0,0,0,0.0,0,0,0,0.0,0,0,0,0.0,0,0,0,0.0,0,0,0,0.0,0,1,4,0.5714,4,2,2,0.2857,2,0,0,0.0,0,0,0,0.0,0,0,0,0.0,0,0,0,0.0,0,0,0,0.0,0,0,0,0.0,0,0,0,0.0,0,0,0,0.0,0,0,2,0.2857,2,0,0,0.0,0,7,1,0.1429,5,0.7143,1,0.1429,0,0.0,1,0.1429,0,0.0,1,0.1429,6,0.8571,SCC-PARTY-42dc7e4f3f94:4,SCC-PARTY-bcae2b80ab13:4,not_applicable,,,,,,,,,,,,,,,,,,,,,0,context-aggregation-v1.0-2026-07-27,article-features-v1.0-2026-07-27,context-cards-v1.0-pilot67-2026-07-27
SCC-2013-05,SCC-2013-05:ELECTION_WIDE,SCC-PARTY-42dc7e4f3f94,individual,90_to_31_days,national_political,1,1,1,1,1,1,1,5,1,1,0,0.0,0,0.0,0,0.0,1,1.0,,not_extracted,0,0.0,1,1.0,0,0.0,0,0.0,0,0.0,0,0.0,1,0,0.0,0,0.0,0,0.0,0,0.0,0,0.0,0,0.0,1,1.0,0,0.0,1,1.0,1,1.0,0,0.0,0,0.0,0,0.0,1,1.0,1,1.0,0,0.0,1,0,1,0,0.0,0,0.0,0,0,1,0,1,0,0,0.0,0,0,1,1.0,1,0,0,0.0,0,0,0,0.0,0,0,0,0.0,0,0,0,0.0,0,0,0,0.0,0,0,0,0.0,0,0,0,0.0,0,0,0,0.0,0,0,1,1.0,1,0,0,0.0,0,0,0,0.0,0,0,0,0.0,0,0,0,0.0,0,0,0,0.0,0,1,1,1.0,1,0,0,0.0,0,0,0,0.0,0,0,0,0.0,0,0,1,1.0,1,0,0,0.0,0,0,1,1.0,1,0,0,0.0,0,0,0,0.0,0,0,0,0.0,0,0,1,1.0,1,0,0,0.0,0,1,0,0.0,1,1.0,0,0.0,0,0.0,0,0.0,0,0.0,1,1.0,1,1.0,SCC-PARTY-42dc7e4f3f94:1,SCC-PARTY-bcae2b80ab13:1,not_applicable,,,,,,,,,,,,,,,,,,,,,0,context-aggregation-v1.0-2026-07-27,article-features-v1.0-2026-07-27,context-cards-v1.0-pilot67-2026-07-27
SCC-2013-05,SCC-2013-05:ELECTION_WIDE,SCC-PARTY-bcae2b80ab13,cumulative,previous_180_days,national_political,8,1,2,8,6,3,8,5,2,8,2,0.25,1,0.125,1,0.125,1,0.125,,not_extracted,1,0.125,0,0.0,1,0.125,0,0.0,0,0.0,1,0.125,8,2,0.25,0,0.0,0,0.0,0,0.0,1,0.125,0,0.0,1,0.125,3,0.375,5,0.625,2,0.25,0,0.0,2,0.25,4,0.5,1,0.125,6,0.75,0,0.0,6,0,8,1,0.125,2,0.25,0,0,0,1,8,1,1,0.125,1,0,3,0.375,3,0,0,0.0,0,0,0,0.0,0,0,0,0.0,0,0,0,0.0,0,0,0,0.0,0,0,0,0.0,0,0,0,0.0,0,0,0,0.0,0,0,1,0.125,1,0,0,0.0,0,0,0,0.0,0,0,0,0.0,0,0,0,0.0,0,0,0,0.0,0,2,5,0.625,5,2,2,0.25,2,0,0,0.0,0,0,0,0.0,0,0,1,0.125,1,0,0,0.0,0,0,1,0.125,1,0,0,0.0,0,0,0,0.0,0,0,0,0.0,0,0,3,0.375,3,0,0,0.0,0,8,4,0.5,0,0.0,0,0.0,0,0.0,0,0.0,4,0.5,0,0.0,5,0.625,SCC-PARTY-42dc7e4f3f94:4,SCC-PARTY-bcae2b80ab13:5,not_applicable,,,,,,,,,,,,,,,,,,,,,0,context-aggregation-v1.0-2026-07-27,article-features-v1.0-2026-07-27,context-cards-v1.0-pilot67-2026-07-27
SCC-2013-05,SCC-2013-05:ELECTION_WIDE,SCC-PARTY-bcae2b80ab13,cumulative,previous_90_days,national_political,1,1,1,1,1,1,1,4,1,1,0,0.0,0,0.0,0,0.0,1,1.0,,not_extracted,0,0.0,0,0.0,0,0.0,0,0.0,0,0.0,0,0.0,1,0,0.0,0,0.0,0,0.0,0,0.0,0,0.0,0,0.0,1,1.0,0,0.0,1,1.0,1,1.0,0,0.0,0,0.0,0,0.0,1,1.0,1,1.0,0,0.0,1,0,1,0,0.0,1,1.0,0,0,0,1,1,0,0,0.0,0,0,1,1.0,1,0,0,0.0,0,0,0,0.0,0,0,0,0.0,0,0,0,0.0,0,0,0,0.0,0,0,0,0.0,0,0,0,0.0,0,0,0,0.0,0,0,1,1.0,1,0,0,0.0,0,0,0,0.0,0,0,0,0.0,0,0,0,0.0,0,0,0,0.0,0,1,1,1.0,1,0,0,0.0,0,0,0,0.0,0,0,0,0.0,0,0,1,1.0,1,0,0,0.0,0,0,1,1.0,1,0,0,0.0,0,0,0,0.0,0,0,0,0.0,0,0,1,1.0,1,0,0,0.0,0,1,1,1.0,0,0.0,0,0.0,0,0.0,0,0.0,1,1.0,0,0.0,1,1.0,SCC-PARTY-42dc7e4f3f94:1,SCC-PARTY-bcae2b80ab13:1,not_applicable,,,,,,,,,,,,,,,,,,,,,0,context-aggregation-v1.0-2026-07-27,article-features-v1.0-2026-07-27,context-cards-v1.0-pilot67-2026-07-27
SCC-2013-05,SCC-2013-05:ELECTION_WIDE,SCC-PARTY-bcae2b80ab13,individual,180_to_91_days,national_political,7,1,1,7,5,2,7,1,1,7,2,0.2857,1,0.1429,1,0.1429,0,0.0,,not_extracted,1,0.1429,0,0.0,1,0.1429,0,0.0,0,0.0,1,0.1429,7,2,0.2857,0,0.0,0,0.0,0,0.0,1,0.1429,0,0.0,0,0.0,3,0.4286,4,0.5714,1,0.1429,0,0.0,2,0.2857,4,0.5714,0,0.0,5,0.7143,0,0.0,5,0,7,1,0.1429,1,0.1429,0,0,0,0,7,1,1,0.1429,1,0,2,0.2857,2,0,0,0.0,0,0,0,0.0,0,0,0,0.0,0,0,0,0.0,0,0,0,0.0,0,0,0,0.0,0,0,0,0.0,0,0,0,0.0,0,0,0,0.0,0,0,0,0.0,0,0,0,0.0,0,0,0,0.0,0,0,0,0.0,0,0,0,0.0,0,1,4,0.5714,4,2,2,0.2857,2,0,0,0.0,0,0,0,0.0,0,0,0,0.0,0,0,0,0.0,0,0,0,0.0,0,0,0,0.0,0,0,0,0.0,0,0,0,0.0,0,0,2,0.2857,2,0,0,0.0,0,7,3,0.4286,0,0.0,0,0.0,0,0.0,0,0.0,3,0.4286,0,0.0,4,0.5714,SCC-PARTY-42dc7e4f3f94:3,SCC-PARTY-bcae2b80ab13:4,not_applicable,,,,,,,,,,,,,,,,,,,,,0,context-aggregation-v1.0-2026-07-27,article-features-v1.0-2026-07-27,context-cards-v1.0-pilot67-2026-07-27
SCC-2013-05,SCC-2013-05:ELECTION_WIDE,SCC-PARTY-bcae2b80ab13,individual,90_to_31_days,national_political,1,1,1,1,1,1,1,4,1,1,0,0.0,0,0.0,0,0.0,1,1.0,,not_extracted,0,0.0,0,0.0,0,0.0,0,0.0,0,0.0,0,0.0,1,0,0.0,0,0.0,0,0.0,0,0.0,0,0.0,0,0.0,1,1.0,0,0.0,1,1.0,1,1.0,0,0.0,0,0.0,0,0.0,1,1.0,1,1.0,0,0.0,1,0,1,0,0.0,1,1.0,0,0,0,1,1,0,0,0.0,0,0,1,1.0,1,0,0,0.0,0,0,0,0.0,0,0,0,0.0,0,0,0,0.0,0,0,0,0.0,0,0,0,0.0,0,0,0,0.0,0,0,0,0.0,0,0,1,1.0,1,0,0,0.0,0,0,0,0.0,0,0,0,0.0,0,0,0,0.0,0,0,0,0.0,0,1,1,1.0,1,0,0,0.0,0,0,0,0.0,0,0,0,0.0,0,0,1,1.0,1,0,0,0.0,0,0,1,1.0,1,0,0,0.0,0,0,0,0.0,0,0,0,0.0,0,0,1,1.0,1,0,0,0.0,0,1,1,1.0,0,0.0,0,0.0,0,0.0,0,0.0,1,1.0,0,0.0,1,1.0,SCC-PARTY-42dc7e4f3f94:1,SCC-PARTY-bcae2b80ab13:1,not_applicable,,,,,,,,,,,,,,,,,,,,,0,context-aggregation-v1.0-2026-07-27,article-features-v1.0-2026-07-27,context-cards-v1.0-pilot67-2026-07-27
SCC-2013-05,SCC-2013-05:ELECTION_WIDE,SCC-PARTY-ec762c976078,cumulative,previous_180_days,national_political,4,1,2,4,3,2,4,2,2,4,0,0.0,0,0.0,2,0.5,2,0.5,,not_extracted,2,0.5,0,0.0,1,0.25,1,0.25,0,0.0,0,0.0,4,2,0.5,0,0.0,0,0.0,0,0.0,0,0.0,0,0.0,1,0.25,1,0.25,3,0.75,2,0.5,0,0.0,1,0.25,1,0.25,1,0.25,3,0.75,0,0.0,3,0,4,1,0.25,0,0.0,0,0,0,-1,4,1,1,0.25,1,0,2,0.5,2,0,0,0.0,0,0,0,0.0,0,0,0,0.0,0,0,0,0.0,0,0,0,0.0,0,0,0,0.0,0,0,0,0.0,0,0,0,0.0,0,0,1,0.25,1,0,0,0.0,0,0,0,0.0,0,0,0,0.0,0,0,0,0.0,0,0,0,0.0,0,2,3,0.75,3,0,0,0.0,0,0,0,0.0,0,0,0,0.0,0,0,1,0.25,1,0,0,0.0,0,0,1,0.25,1,0,0,0.0,0,0,0,0.0,0,0,0,0.0,0,0,3,0.75,3,0,0,0.0,0,4,2,0.5,1,0.25,0,0.0,1,0.25,1,0.25,1,0.25,0,0.0,2,0.5,SCC-PARTY-ec762c976078:1,SCC-PARTY-bcae2b80ab13:1,not_applicable,,,,,,,,,,,,,,,,,,,,,0,context-aggregation-v1.0-2026-07-27,article-features-v1.0-2026-07-27,context-cards-v1.0-pilot67-2026-07-27
SCC-2013-05,SCC-2013-05:ELECTION_WIDE,SCC-PARTY-ec762c976078,cumulative,previous_90_days,national_political,1,1,1,1,1,1,1,2,1,1,0,0.0,0,0.0,0,0.0,1,1.0,,not_extracted,1,1.0,0,0.0,1,1.0,0,0.0,0,0.0,0,0.0,1,0,0.0,0,0.0,0,0.0,0,0.0,0,0.0,0,0.0,1,1.0,0,0.0,1,1.0,1,1.0,0,0.0,0,0.0,0,0.0,1,1.0,1,1.0,0,0.0,1,0,1,0,0.0,0,0.0,0,0,0,0,1,0,0,0.0,0,0,1,1.0,1,0,0,0.0,0,0,0,0.0,0,0,0,0.0,0,0,0,0.0,0,0,0,0.0,0,0,0,0.0,0,0,0,0.0,0,0,0,0.0,0,0,1,1.0,1,0,0,0.0,0,0,0,0.0,0,0,0,0.0,0,0,0,0.0,0,0,0,0.0,0,1,1,1.0,1,0,0,0.0,0,0,0,0.0,0,0,0,0.0,0,0,1,1.0,1,0,0,0.0,0,0,1,1.0,1,0,0,0.0,0,0,0,0.0,0,0,0,0.0,0,0,1,1.0,1,0,0,0.0,0,1,1,1.0,0,0.0,0,0.0,0,0.0,0,0.0,1,1.0,0,0.0,1,1.0,,,not_applicable,,,,,,,,,,,,,,,,,,,,,0,context-aggregation-v1.0-2026-07-27,article-features-v1.0-2026-07-27,context-cards-v1.0-pilot67-2026-07-27
SCC-2013-05,SCC-2013-05:ELECTION_WIDE,SCC-PARTY-ec762c976078,individual,180_to_91_days,national_political,3,1,1,3,2,1,3,0,1,3,0,0.0,0,0.0,2,0.6667,1,0.3333,,not_extracted,1,0.3333,0,0.0,0,0.0,1,0.3333,0,0.0,0,0.0,3,2,0.6667,0,0.0,0,0.0,0,0.0,0,0.0,0,0.0,0,0.0,1,0.3333,2,0.6667,1,0.3333,0,0.0,1,0.3333,1,0.3333,0,0.0,2,0.6667,0,0.0,2,0,3,1,0.3333,0,0.0,0,0,0,-1,3,1,1,0.3333,1,0,1,0.3333,1,0,0,0.0,0,0,0,0.0,0,0,0,0.0,0,0,0,0.0,0,0,0,0.0,0,0,0,0.0,0,0,0,0.0,0,0,0,0.0,0,0,0,0.0,0,0,0,0.0,0,0,0,0.0,0,0,0,0.0,0,0,0,0.0,0,0,0,0.0,0,1,2,0.6667,2,0,0,0.0,0,0,0,0.0,0,0,0,0.0,0,0,0,0.0,0,0,0,0.0,0,0,0,0.0,0,0,0,0.0,0,0,0,0.0,0,0,0,0.0,0,0,2,0.6667,2,0,0,0.0,0,3,1,0.3333,1,0.3333,0,0.0,1,0.3333,1,0.3333,0,0.0,0,0.0,1,0.3333,SCC-PARTY-ec762c976078:1,SCC-PARTY-bcae2b80ab13:1,not_applicable,,,,,,,,,,,,,,,,,,,,,0,context-aggregation-v1.0-2026-07-27,article-features-v1.0-2026-07-27,context-cards-v1.0-pilot67-2026-07-27
SCC-2013-05,SCC-2013-05:ELECTION_WIDE,SCC-PARTY-ec762c976078,individual,90_to_31_days,national_political,1,1,1,1,1,1,1,2,1,1,0,0.0,0,0.0,0,0.0,1,1.0,,not_extracted,1,1.0,0,0.0,1,1.0,0,0.0,0,0.0,0,0.0,1,0,0.0,0,0.0,0,0.0,0,0.0,0,0.0,0,0.0,1,1.0,0,0.0,1,1.0,1,1.0,0,0.0,0,0.0,0,0.0,1,1.0,1,1.0,0,0.0,1,0,1,0,0.0,0,0.0,0,0,0,0,1,0,0,0.0,0,0,1,1.0,1,0,0,0.0,0,0,0,0.0,0,0,0,0.0,0,0,0,0.0,0,0,0,0.0,0,0,0,0.0,0,0,0,0.0,0,0,0,0.0,0,0,1,1.0,1,0,0,0.0,0,0,0,0.0,0,0,0,0.0,0,0,0,0.0,0,0,0,0.0,0,1,1,1.0,1,0,0,0.0,0,0,0,0.0,0,0,0,0.0,0,0,1,1.0,1,0,0,0.0,0,0,1,1.0,1,0,0,0.0,0,0,0,0.0,0,0,0,0.0,0,0,1,1.0,1,0,0,0.0,0,1,1,1.0,0,0.0,0,0.0,0,0.0,0,0.0,1,1.0,0,0.0,1,1.0,,,not_applicable,,,,,,,,,,,,,,,,,,,,,0,context-aggregation-v1.0-2026-07-27,article-features-v1.0-2026-07-27,context-cards-v1.0-pilot67-2026-07-27
SCC-2017-05,SCC-2017-05:ELECTION_WIDE,(no_focal_party),cumulative,previous_180_days,national_political,3,1,2,3,3,0,0,0,0,0,0,,0,,0,,0,,,not_extracted,0,,0,,0,,0,,0,,0,,3,1,0.3333,0,0.0,1,0.3333,1,0.3333,0,0.0,0,0.0,0,0.0,0,0.0,0,0.0,0,0.0,0,0.0,0,0.0,1,0.3333,0,0.0,1,0.3333,0,0.0,1,0,0,0,,0,,0,0,0,0,3,0,0,0.0,0,0,0,0.0,0,0,0,0.0,0,0,2,0.6667,2,0,0,0.0,0,0,0,0.0,0,0,0,0.0,0,0,0,0.0,0,0,0,0.0,0,0,0,0.0,0,0,0,0.0,0,0,1,0.3333,1,0,0,0.0,0,0,0,0.0,0,0,0,0.0,0,0,0,0.0,0,0,0,0.0,0,0,0,0.0,0,0,0,0.0,0,0,0,0.0,0,0,0,0.0,0,0,0,0.0,0,0,0,0.0,0,1,1,0.3333,1,0,0,0.0,0,1,1,0.3333,1,0,0,0.0,0,0,0,0.0,0,0,0,,0,,0,,0,,0,,0,,0,,0,,,,not_applicable,,,,,,,,,,,,,,,,,,,,,0,context-aggregation-v1.0-2026-07-27,article-features-v1.0-2026-07-27,context-cards-v1.0-pilot67-2026-07-27
SCC-2017-05,SCC-2017-05:ELECTION_WIDE,(no_focal_party),cumulative,previous_180_days,ward_specific_local,1,1,1,1,0,0,0,0,0,0,0,,0,,0,,0,,,not_extracted,0,,0,,0,,0,,0,,0,,1,0,0.0,0,0.0,0,0.0,0,0.0,0,0.0,0,0.0,0,0.0,0,0.0,0,0.0,0,0.0,0,0.0,0,0.0,0,0.0,0,0.0,0,0.0,0,0.0,0,0,0,0,,0,,0,0,0,0,1,0,0,0.0,0,0,0,0.0,0,0,0,0.0,0,0,0,0.0,0,0,0,0.0,0,0,0,0.0,0,0,0,0.0,0,0,0,0.0,0,0,0,0.0,0,0,0,0.0,0,0,0,0.0,0,0,0,0.0,0,0,0,0.0,0,0,0,0.0,0,0,0,0.0,0,0,0,0.0,0,0,0,0.0,0,0,0,0.0,0,0,0,0.0,0,0,0,0.0,0,0,0,0.0,0,0,0,0.0,0,0,0,0.0,0,0,0,0.0,0,0,0,0.0,0,0,0,0.0,0,0,0,0.0,0,0,0,0.0,0,0,0,,0,,0,,0,,0,,0,,0,,0,,,,not_applicable,,,,,,,,,,,,,,,,,,,,,0,context-aggregation-v1.0-2026-07-27,article-features-v1.0-2026-07-27,context-cards-v1.0-pilot67-2026-07-27
SCC-2017-05,SCC-2017-05:ELECTION_WIDE,(no_focal_party),cumulative,previous_30_days,ward_specific_local,1,1,1,1,0,0,0,0,0,0,0,,0,,0,,0,,,not_extracted,0,,0,,0,,0,,0,,0,,1,0,0.0,0,0.0,0,0.0,0,0.0,0,0.0,0,0.0,0,0.0,0,0.0,0,0.0,0,0.0,0,0.0,0,0.0,0,0.0,0,0.0,0,0.0,0,0.0,0,0,0,0,,0,,0,0,0,0,1,0,0,0.0,0,0,0,0.0,0,0,0,0.0,0,0,0,0.0,0,0,0,0.0,0,0,0,0.0,0,0,0,0.0,0,0,0,0.0,0,0,0,0.0,0,0,0,0.0,0,0,0,0.0,0,0,0,0.0,0,0,0,0.0,0,0,0,0.0,0,0,0,0.0,0,0,0,0.0,0,0,0,0.0,0,0,0,0.0,0,0,0,0.0,0,0,0,0.0,0,0,0,0.0,0,0,0,0.0,0,0,0,0.0,0,0,0,0.0,0,0,0,0.0,0,0,0,0.0,0,0,0,0.0,0,0,0,0.0,0,0,0,,0,,0,,0,,0,,0,,0,,0,,,,not_applicable,,,,,,,,,,,,,,,,,,,,,0,context-aggregation-v1.0-2026-07-27,article-features-v1.0-2026-07-27,context-cards-v1.0-pilot67-2026-07-27
SCC-2017-05,SCC-2017-05:ELECTION_WIDE,(no_focal_party),cumulative,previous_90_days,national_political,1,1,1,1,1,0,0,0,0,0,0,,0,,0,,0,,,not_extracted,0,,0,,0,,0,,0,,0,,1,0,0.0,0,0.0,0,0.0,0,0.0,0,0.0,0,0.0,0,0.0,0,0.0,0,0.0,0,0.0,0,0.0,0,0.0,0,0.0,0,0.0,0,0.0,0,0.0,0,0,0,0,,0,,0,0,0,0,1,0,0,0.0,0,0,0,0.0,0,0,0,0.0,0,0,0,0.0,0,0,0,0.0,0,0,0,0.0,0,0,0,0.0,0,0,0,0.0,0,0,0,0.0,0,0,0,0.0,0,0,0,0.0,0,0,0,0.0,0,0,0,0.0,0,0,0,0.0,0,0,0,0.0,0,0,0,0.0,0,0,0,0.0,0,0,0,0.0,0,0,0,0.0,0,0,0,0.0,0,0,0,0.0,0,0,0,0.0,0,0,0,0.0,0,0,0,0.0,0,0,0,0.0,0,0,0,0.0,0,0,0,0.0,0,0,0,0.0,0,0,0,,0,,0,,0,,0,,0,,0,,0,,,,not_applicable,,,,,,,,,,,,,,,,,,,,,0,context-aggregation-v1.0-2026-07-27,article-features-v1.0-2026-07-27,context-cards-v1.0-pilot67-2026-07-27
SCC-2017-05,SCC-2017-05:ELECTION_WIDE,(no_focal_party),cumulative,previous_90_days,ward_specific_local,1,1,1,1,0,0,0,0,0,0,0,,0,,0,,0,,,not_extracted,0,,0,,0,,0,,0,,0,,1,0,0.0,0,0.0,0,0.0,0,0.0,0,0.0,0,0.0,0,0.0,0,0.0,0,0.0,0,0.0,0,0.0,0,0.0,0,0.0,0,0.0,0,0.0,0,0.0,0,0,0,0,,0,,0,0,0,0,1,0,0,0.0,0,0,0,0.0,0,0,0,0.0,0,0,0,0.0,0,0,0,0.0,0,0,0,0.0,0,0,0,0.0,0,0,0,0.0,0,0,0,0.0,0,0,0,0.0,0,0,0,0.0,0,0,0,0.0,0,0,0,0.0,0,0,0,0.0,0,0,0,0.0,0,0,0,0.0,0,0,0,0.0,0,0,0,0.0,0,0,0,0.0,0,0,0,0.0,0,0,0,0.0,0,0,0,0.0,0,0,0,0.0,0,0,0,0.0,0,0,0,0.0,0,0,0,0.0,0,0,0,0.0,0,0,0,0.0,0,0,0,,0,,0,,0,,0,,0,,0,,0,,,,not_applicable,,,,,,,,,,,,,,,,,,,,,0,context-aggregation-v1.0-2026-07-27,article-features-v1.0-2026-07-27,context-cards-v1.0-pilot67-2026-07-27
SCC-2017-05,SCC-2017-05:ELECTION_WIDE,(no_focal_party),individual,180_to_91_days,national_political,2,1,2,2,2,0,0,0,0,0,0,,0,,0,,0,,,not_extracted,0,,0,,0,,0,,0,,0,,2,1,0.5,0,0.0,1,0.5,1,0.5,0,0.0,0,0.0,0,0.0,0,0.0,0,0.0,0,0.0,0,0.0,0,0.0,1,0.5,0,0.0,1,0.5,0,0.0,1,0,0,0,,0,,0,0,0,0,2,0,0,0.0,0,0,0,0.0,0,0,0,0.0,0,0,2,1.0,2,0,0,0.0,0,0,0,0.0,0,0,0,0.0,0,0,0,0.0,0,0,0,0.0,0,0,0,0.0,0,0,0,0.0,0,0,1,0.5,1,0,0,0.0,0,0,0,0.0,0,0,0,0.0,0,0,0,0.0,0,0,0,0.0,0,0,0,0.0,0,0,0,0.0,0,0,0,0.0,0,0,0,0.0,0,0,0,0.0,0,0,0,0.0,0,1,1,0.5,1,0,0,0.0,0,1,1,0.5,1,0,0,0.0,0,0,0,0.0,0,0,0,,0,,0,,0,,0,,0,,0,,0,,,,not_applicable,,,,,,,,,,,,,,,,,,,,,0,context-aggregation-v1.0-2026-07-27,article-features-v1.0-2026-07-27,context-cards-v1.0-pilot67-2026-07-27
SCC-2017-05,SCC-2017-05:ELECTION_WIDE,(no_focal_party),individual,30_to_15_days,ward_specific_local,1,1,1,1,0,0,0,0,0,0,0,,0,,0,,0,,,not_extracted,0,,0,,0,,0,,0,,0,,1,0,0.0,0,0.0,0,0.0,0,0.0,0,0.0,0,0.0,0,0.0,0,0.0,0,0.0,0,0.0,0,0.0,0,0.0,0,0.0,0,0.0,0,0.0,0,0.0,0,0,0,0,,0,,0,0,0,0,1,0,0,0.0,0,0,0,0.0,0,0,0,0.0,0,0,0,0.0,0,0,0,0.0,0,0,0,0.0,0,0,0,0.0,0,0,0,0.0,0,0,0,0.0,0,0,0,0.0,0,0,0,0.0,0,0,0,0.0,0,0,0,0.0,0,0,0,0.0,0,0,0,0.0,0,0,0,0.0,0,0,0,0.0,0,0,0,0.0,0,0,0,0.0,0,0,0,0.0,0,0,0,0.0,0,0,0,0.0,0,0,0,0.0,0,0,0,0.0,0,0,0,0.0,0,0,0,0.0,0,0,0,0.0,0,0,0,0.0,0,0,0,,0,,0,,0,,0,,0,,0,,0,,,,not_applicable,,,,,,,,,,,,,,,,,,,,,0,context-aggregation-v1.0-2026-07-27,article-features-v1.0-2026-07-27,context-cards-v1.0-pilot67-2026-07-27
SCC-2017-05,SCC-2017-05:ELECTION_WIDE,(no_focal_party),individual,90_to_31_days,national_political,1,1,1,1,1,0,0,0,0,0,0,,0,,0,,0,,,not_extracted,0,,0,,0,,0,,0,,0,,1,0,0.0,0,0.0,0,0.0,0,0.0,0,0.0,0,0.0,0,0.0,0,0.0,0,0.0,0,0.0,0,0.0,0,0.0,0,0.0,0,0.0,0,0.0,0,0.0,0,0,0,0,,0,,0,0,0,0,1,0,0,0.0,0,0,0,0.0,0,0,0,0.0,0,0,0,0.0,0,0,0,0.0,0,0,0,0.0,0,0,0,0.0,0,0,0,0.0,0,0,0,0.0,0,0,0,0.0,0,0,0,0.0,0,0,0,0.0,0,0,0,0.0,0,0,0,0.0,0,0,0,0.0,0,0,0,0.0,0,0,0,0.0,0,0,0,0.0,0,0,0,0.0,0,0,0,0.0,0,0,0,0.0,0,0,0,0.0,0,0,0,0.0,0,0,0,0.0,0,0,0,0.0,0,0,0,0.0,0,0,0,0.0,0,0,0,0.0,0,0,0,,0,,0,,0,,0,,0,,0,,0,,,,not_applicable,,,,,,,,,,,,,,,,,,,,,0,context-aggregation-v1.0-2026-07-27,article-features-v1.0-2026-07-27,context-cards-v1.0-pilot67-2026-07-27
SCC-2017-05,SCC-2017-05:ELECTION_WIDE,SCC-PARTY-411cd345ed8f,cumulative,previous_14_days,mixed_local_national,1,1,1,1,1,0,1,0,0,1,0,0.0,0,0.0,0,0.0,0,0.0,,not_extracted,0,0.0,0,0.0,0,0.0,0,0.0,0,0.0,0,0.0,1,0,0.0,0,0.0,0,0.0,0,0.0,0,0.0,0,0.0,0,0.0,0,0.0,0,0.0,0,0.0,0,0.0,0,0.0,0,0.0,0,0.0,0,0.0,0,0.0,0,0,1,0,0.0,0,0.0,0,0,0,0,1,0,0,0.0,0,0,0,0.0,0,0,0,0.0,0,0,0,0.0,0,0,0,0.0,0,0,0,0.0,0,0,0,0.0,0,0,0,0.0,0,0,0,0.0,0,0,0,0.0,0,0,0,0.0,0,0,0,0.0,0,0,0,0.0,0,0,0,0.0,0,0,0,0.0,0,0,0,0.0,0,0,0,0.0,0,0,0,0.0,0,0,0,0.0,0,0,0,0.0,0,0,0,0.0,0,0,0,0.0,0,0,0,0.0,0,0,0,0.0,0,0,0,0.0,0,0,0,0.0,0,0,0,0.0,0,0,0,0.0,0,1,0,0.0,0,0.0,0,0.0,0,0.0,0,0.0,0,0.0,0,0.0,0,0.0,,,not_applicable,,,,,,,,,,,,,,,,,,,,,0,context-aggregation-v1.0-2026-07-27,article-features-v1.0-2026-07-27,context-cards-v1.0-pilot67-2026-07-27
SCC-2017-05,SCC-2017-05:ELECTION_WIDE,SCC-PARTY-411cd345ed8f,cumulative,previous_180_days,mixed_local_national,3,2,1,3,1,2,3,0,0,3,0,0.0,0,0.0,1,0.3333,0,0.0,,not_extracted,0,0.0,0,0.0,0,0.0,0,0.0,0,0.0,0,0.0,3,0,0.0,1,0.3333,1,0.3333,1,0.3333,0,0.0,0,0.0,0,0.0,1,0.3333,1,0.3333,0,0.0,0,0.0,0,0.0,2,0.6667,1,0.3333,1,0.3333,0,0.0,2,0,3,0,0.0,0,0.0,0,0,0,0,2,0,0,0.0,0,0,0,0.0,0,0,0,0.0,0,0,1,0.5,1,0,1,0.5,1,0,1,0.5,1,0,0,0.0,0,0,0,0.0,0,0,0,0.0,0,0,1,0.5,1,0,0,0.0,0,0,0,0.0,0,0,0,0.0,0,0,0,0.0,0,0,0,0.0,0,0,0,0.0,0,0,0,0.0,0,0,0,0.0,0,0,0,0.0,0,0,0,0.0,0,0,0,0.0,0,0,0,0.0,0,0,0,0.0,0,0,0,0.0,0,0,1,0.5,1,1,1,0.5,1,0,0,0.0,0,0,0,0.0,0,3,0,0.0,1,0.3333,0,0.0,0,0.0,0,0.0,0,0.0,0,0.0,0,0.0,,,not_applicable,,,,,,,,,,,,,,,,,,,,,0,context-aggregation-v1.0-2026-07-27,article-features-v1.0-2026-07-27,context-cards-v1.0-pilot67-2026-07-27
SCC-2017-05,SCC-2017-05:ELECTION_WIDE,SCC-PARTY-411cd345ed8f,cumulative,previous_180_days,national_political,8,1,1,8,6,2,7,0,2,8,1,0.125,1,0.125,2,0.25,2,0.25,,not_extracted,0,0.0,2,0.25,1,0.125,2,0.25,0,0.0,0,0.0,7,3,0.4286,2,0.2857,2,0.2857,2,0.2857,4,0.5714,0,0.0,2,0.2857,3,0.4286,2,0.2857,0,0.0,2,0.2857,1,0.1429,5,0.7143,1,0.1429,5,0.7143,0,0.0,7,1,7,2,0.2857,1,0.1429,0,0,0,-1,8,0,0,0.0,0,0,1,0.125,0,0,0,0.0,0,0,1,0.125,1,0,0,0.0,0,0,0,0.0,0,0,0,0.0,0,0,0,0.0,0,0,0,0.0,0,2,3,0.375,3,1,2,0.25,1,0,0,0.0,0,0,1,0.125,1,0,1,0.125,1,0,0,0.0,0,0,0,0.0,0,0,0,0.0,0,0,0,0.0,0,0,1,0.125,1,0,1,0.125,0,0,0,0.0,0,0,0,0.0,0,0,0,0.0,0,0,0,0.0,0,0,0,0.0,0,1,2,0.25,2,0,1,0.125,0,0,0,0.0,0,6,1,0.1667,2,0.3333,0,0.0,0,0.0,2,0.3333,1,0.1667,0,0.0,1,0.1667,SCC-PARTY-411cd345ed8f:1,SCC-PARTY-bcae2b80ab13:1,not_applicable,,,,,,,,,,,,,,,,,,,,,0,context-aggregation-v1.0-2026-07-27,article-features-v1.0-2026-07-27,context-cards-v1.0-pilot67-2026-07-27
SCC-2017-05,SCC-2017-05:ELECTION_WIDE,SCC-PARTY-411cd345ed8f,cumulative,previous_30_days,mixed_local_national,2,1,1,2,1,1,2,0,0,2,0,0.0,0,0.0,1,0.5,0,0.0,,not_extracted,0,0.0,0,0.0,0,0.0,0,0.0,0,0.0,0,0.0,2,0,0.0,0,0.0,0,0.0,0,0.0,0,0.0,0,0.0,0,0.0,1,0.5,1,0.5,0,0.0,0,0.0,0,0.0,1,0.5,0,0.0,1,0.5,0,0.0,1,0,2,0,0.0,0,0.0,0,0,0,0,1,0,0,0.0,0,0,0,0.0,0,0,0,0.0,0,0,0,0.0,0,0,0,0.0,0,0,0,0.0,0,0,0,0.0,0,0,0,0.0,0,0,0,0.0,0,0,0,0.0,0,0,0,0.0,0,0,0,0.0,0,0,0,0.0,0,0,0,0.0,0,0,0,0.0,0,0,0,0.0,0,0,0,0.0,0,0,0,0.0,0,0,0,0.0,0,0,0,0.0,0,0,0,0.0,0,0,0,0.0,0,0,0,0.0,0,0,0,0.0,0,0,0,0.0,0,0,0,0.0,0,0,0,0.0,0,0,0,0.0,0,2,0,0.0,1,0.5,0,0.0,0,0.0,0,0.0,0,0.0,0,0.0,0,0.0,,,not_applicable,,,,,,,,,,,,,,,,,,,,,0,context-aggregation-v1.0-2026-07-27,article-features-v1.0-2026-07-27,context-cards-v1.0-pilot67-2026-07-27
SCC-2017-05,SCC-2017-05:ELECTION_WIDE,SCC-PARTY-411cd345ed8f,cumulative,previous_7_days,mixed_local_national,1,1,1,1,1,0,1,0,0,1,0,0.0,0,0.0,0,0.0,0,0.0,,not_extracted,0,0.0,0,0.0,0,0.0,0,0.0,0,0.0,0,0.0,1,0,0.0,0,0.0,0,0.0,0,0.0,0,0.0,0,0.0,0,0.0,0,0.0,0,0.0,0,0.0,0,0.0,0,0.0,0,0.0,0,0.0,0,0.0,0,0.0,0,0,1,0,0.0,0,0.0,0,0,0,0,1,0,0,0.0,0,0,0,0.0,0,0,0,0.0,0,0,0,0.0,0,0,0,0.0,0,0,0,0.0,0,0,0,0.0,0,0,0,0.0,0,0,0,0.0,0,0,0,0.0,0,0,0,0.0,0,0,0,0.0,0,0,0,0.0,0,0,0,0.0,0,0,0,0.0,0,0,0,0.0,0,0,0,0.0,0,0,0,0.0,0,0,0,0.0,0,0,0,0.0,0,0,0,0.0,0,0,0,0.0,0,0,0,0.0,0,0,0,0.0,0,0,0,0.0,0,0,0,0.0,0,0,0,0.0,0,0,0,0.0,0,1,0,0.0,0,0.0,0,0.0,0,0.0,0,0.0,0,0.0,0,0.0,0,0.0,,,not_applicable,,,,,,,,,,,,,,,,,,,,,0,context-aggregation-v1.0-2026-07-27,article-features-v1.0-2026-07-27,context-cards-v1.0-pilot67-2026-07-27
SCC-2017-05,SCC-2017-05:ELECTION_WIDE,SCC-PARTY-411cd345ed8f,cumulative,previous_90_days,mixed_local_national,3,2,1,3,1,2,3,0,0,3,0,0.0,0,0.0,1,0.3333,0,0.0,,not_extracted,0,0.0,0,0.0,0,0.0,0,0.0,0,0.0,0,0.0,3,0,0.0,1,0.3333,1,0.3333,1,0.3333,0,0.0,0,0.0,0,0.0,1,0.3333,1,0.3333,0,0.0,0,0.0,0,0.0,2,0.6667,1,0.3333,1,0.3333,0,0.0,2,0,3,0,0.0,0,0.0,0,0,0,0,2,0,0,0.0,0,0,0,0.0,0,0,0,0.0,0,0,1,0.5,1,0,1,0.5,1,0,1,0.5,1,0,0,0.0,0,0,0,0.0,0,0,0,0.0,0,0,1,0.5,1,0,0,0.0,0,0,0,0.0,0,0,0,0.0,0,0,0,0.0,0,0,0,0.0,0,0,0,0.0,0,0,0,0.0,0,0,0,0.0,0,0,0,0.0,0,0,0,0.0,0,0,0,0.0,0,0,0,0.0,0,0,0,0.0,0,0,0,0.0,0,0,1,0.5,1,1,1,0.5,1,0,0,0.0,0,0,0,0.0,0,3,0,0.0,1,0.3333,0,0.0,0,0.0,0,0.0,0,0.0,0,0.0,0,0.0,,,not_applicable,,,,,,,,,,,,,,,,,,,,,0,context-aggregation-v1.0-2026-07-27,article-features-v1.0-2026-07-27,context-cards-v1.0-pilot67-2026-07-27
SCC-2017-05,SCC-2017-05:ELECTION_WIDE,SCC-PARTY-411cd345ed8f,individual,180_to_91_days,national_political,8,1,1,8,6,2,7,0,2,8,1,0.125,1,0.125,2,0.25,2,0.25,,not_extracted,0,0.0,2,0.25,1,0.125,2,0.25,0,0.0,0,0.0,7,3,0.4286,2,0.2857,2,0.2857,2,0.2857,4,0.5714,0,0.0,2,0.2857,3,0.4286,2,0.2857,0,0.0,2,0.2857,1,0.1429,5,0.7143,1,0.1429,5,0.7143,0,0.0,7,1,7,2,0.2857,1,0.1429,0,0,0,-1,8,0,0,0.0,0,0,1,0.125,0,0,0,0.0,0,0,1,0.125,1,0,0,0.0,0,0,0,0.0,0,0,0,0.0,0,0,0,0.0,0,0,0,0.0,0,2,3,0.375,3,1,2,0.25,1,0,0,0.0,0,0,1,0.125,1,0,1,0.125,1,0,0,0.0,0,0,0,0.0,0,0,0,0.0,0,0,0,0.0,0,0,1,0.125,1,0,1,0.125,0,0,0,0.0,0,0,0,0.0,0,0,0,0.0,0,0,0,0.0,0,0,0,0.0,0,1,2,0.25,2,0,1,0.125,0,0,0,0.0,0,6,1,0.1667,2,0.3333,0,0.0,0,0.0,2,0.3333,1,0.1667,0,0.0,1,0.1667,SCC-PARTY-411cd345ed8f:1,SCC-PARTY-bcae2b80ab13:1,not_applicable,,,,,,,,,,,,,,,,,,,,,0,context-aggregation-v1.0-2026-07-27,article-features-v1.0-2026-07-27,context-cards-v1.0-pilot67-2026-07-27
SCC-2017-05,SCC-2017-05:ELECTION_WIDE,SCC-PARTY-411cd345ed8f,individual,30_to_15_days,mixed_local_national,1,1,1,1,0,1,1,0,0,1,0,0.0,0,0.0,1,1.0,0,0.0,,not_extracted,0,0.0,0,0.0,0,0.0,0,0.0,0,0.0,0,0.0,1,0,0.0,0,0.0,0,0.0,0,0.0,0,0.0,0,0.0,0,0.0,1,1.0,1,1.0,0,0.0,0,0.0,0,0.0,1,1.0,0,0.0,1,1.0,0,0.0,1,0,1,0,0.0,0,0.0,0,0,0,0,0,0,0,,0,0,0,,0,0,0,,0,0,0,,0,0,0,,0,0,0,,0,0,0,,0,0,0,,0,0,0,,0,0,0,,0,0,0,,0,0,0,,0,0,0,,0,0,0,,0,0,0,,0,0,0,,0,0,0,,0,0,0,,0,0,0,,0,0,0,,0,0,0,,0,0,0,,0,0,0,,0,0,0,,0,0,0,,0,0,0,,0,0,0,,0,0,0,,0,1,0,0.0,1,1.0,0,0.0,0,0.0,0,0.0,0,0.0,0,0.0,0,0.0,,,not_applicable,,,,,,,,,,,,,,,,,,,,,0,context-aggregation-v1.0-2026-07-27,article-features-v1.0-2026-07-27,context-cards-v1.0-pilot67-2026-07-27
SCC-2017-05,SCC-2017-05:ELECTION_WIDE,SCC-PARTY-411cd345ed8f,individual,7_to_4_days,mixed_local_national,1,1,1,1,1,0,1,0,0,1,0,0.0,0,0.0,0,0.0,0,0.0,,not_extracted,0,0.0,0,0.0,0,0.0,0,0.0,0,0.0,0,0.0,1,0,0.0,0,0.0,0,0.0,0,0.0,0,0.0,0,0.0,0,0.0,0,0.0,0,0.0,0,0.0,0,0.0,0,0.0,0,0.0,0,0.0,0,0.0,0,0.0,0,0,1,0,0.0,0,0.0,0,0,0,0,1,0,0,0.0,0,0,0,0.0,0,0,0,0.0,0,0,0,0.0,0,0,0,0.0,0,0,0,0.0,0,0,0,0.0,0,0,0,0.0,0,0,0,0.0,0,0,0,0.0,0,0,0,0.0,0,0,0,0.0,0,0,0,0.0,0,0,0,0.0,0,0,0,0.0,0,0,0,0.0,0,0,0,0.0,0,0,0,0.0,0,0,0,0.0,0,0,0,0.0,0,0,0,0.0,0,0,0,0.0,0,0,0,0.0,0,0,0,0.0,0,0,0,0.0,0,0,0,0.0,0,0,0,0.0,0,0,0,0.0,0,1,0,0.0,0,0.0,0,0.0,0,0.0,0,0.0,0,0.0,0,0.0,0,0.0,,,not_applicable,,,,,,,,,,,,,,,,,,,,,0,context-aggregation-v1.0-2026-07-27,article-features-v1.0-2026-07-27,context-cards-v1.0-pilot67-2026-07-27
SCC-2017-05,SCC-2017-05:ELECTION_WIDE,SCC-PARTY-411cd345ed8f,individual,90_to_31_days,mixed_local_national,1,1,1,1,0,1,1,0,0,1,0,0.0,0,0.0,0,0.0,0,0.0,,not_extracted,0,0.0,0,0.0,0,0.0,0,0.0,0,0.0,0,0.0,1,0,0.0,1,1.0,1,1.0,1,1.0,0,0.0,0,0.0,0,0.0,0,0.0,0,0.0,0,0.0,0,0.0,0,0.0,1,1.0,1,1.0,0,0.0,0,0.0,1,0,1,0,0.0,0,0.0,0,0,0,0,1,0,0,0.0,0,0,0,0.0,0,0,0,0.0,0,0,1,1.0,1,0,1,1.0,1,0,1,1.0,1,0,0,0.0,0,0,0,0.0,0,0,0,0.0,0,0,1,1.0,1,0,0,0.0,0,0,0,0.0,0,0,0,0.0,0,0,0,0.0,0,0,0,0.0,0,0,0,0.0,0,0,0,0.0,0,0,0,0.0,0,0,0,0.0,0,0,0,0.0,0,0,0,0.0,0,0,0,0.0,0,0,0,0.0,0,0,0,0.0,0,0,1,1.0,1,1,1,1.0,1,0,0,0.0,0,0,0,0.0,0,1,0,0.0,0,0.0,0,0.0,0,0.0,0,0.0,0,0.0,0,0.0,0,0.0,,,not_applicable,,,,,,,,,,,,,,,,,,,,,0,context-aggregation-v1.0-2026-07-27,article-features-v1.0-2026-07-27,context-cards-v1.0-pilot67-2026-07-27
SCC-2017-05,SCC-2017-05:ELECTION_WIDE,SCC-PARTY-42dc7e4f3f94,cumulative,previous_14_days,mixed_local_national,1,1,1,1,1,0,1,0,0,1,0,0.0,0,0.0,0,0.0,0,0.0,,not_extracted,0,0.0,0,0.0,0,0.0,0,0.0,0,0.0,0,0.0,1,0,0.0,0,0.0,0,0.0,0,0.0,0,0.0,0,0.0,0,0.0,0,0.0,0,0.0,0,0.0,0,0.0,0,0.0,0,0.0,0,0.0,0,0.0,0,0.0,0,0,1,0,0.0,0,0.0,0,0,0,0,1,0,0,0.0,0,0,0,0.0,0,0,0,0.0,0,0,0,0.0,0,0,0,0.0,0,0,0,0.0,0,0,0,0.0,0,0,0,0.0,0,0,0,0.0,0,0,0,0.0,0,0,0,0.0,0,0,0,0.0,0,0,0,0.0,0,0,0,0.0,0,0,0,0.0,0,0,0,0.0,0,0,0,0.0,0,0,0,0.0,0,0,0,0.0,0,0,0,0.0,0,0,0,0.0,0,0,0,0.0,0,0,0,0.0,0,0,0,0.0,0,0,0,0.0,0,0,0,0.0,0,0,0,0.0,0,0,0,0.0,0,1,0,0.0,0,0.0,0,0.0,0,0.0,0,0.0,0,0.0,0,0.0,0,0.0,,,not_applicable,,,,,,,,,,,,,,,,,,,,,0,context-aggregation-v1.0-2026-07-27,article-features-v1.0-2026-07-27,context-cards-v1.0-pilot67-2026-07-27
SCC-2017-05,SCC-2017-05:ELECTION_WIDE,SCC-PARTY-42dc7e4f3f94,cumulative,previous_180_days,mixed_local_national,3,2,1,3,1,2,3,13,0,3,1,0.3333,0,0.0,0,0.0,0,0.0,,not_extracted,1,0.3333,1,0.3333,1,0.3333,0,0.0,0,0.0,0,0.0,3,0,0.0,1,0.3333,1,0.3333,1,0.3333,0,0.0,0,0.0,0,0.0,1,0.3333,1,0.3333,0,0.0,0,0.0,0,0.0,2,0.6667,1,0.3333,1,0.3333,0,0.0,2,0,3,0,0.0,0,0.0,0,0,0,0,2,0,0,0.0,0,0,0,0.0,0,0,0,0.0,0,0,1,0.5,1,0,1,0.5,1,0,1,0.5,1,0,0,0.0,0,0,0,0.0,0,0,0,0.0,0,0,1,0.5,1,0,0,0.0,0,0,0,0.0,0,0,0,0.0,0,0,0,0.0,0,0,0,0.0,0,0,0,0.0,0,0,0,0.0,0,0,0,0.0,0,0,0,0.0,0,0,0,0.0,0,0,0,0.0,0,0,0,0.0,0,0,0,0.0,0,0,0,0.0,0,0,1,0.5,1,1,1,0.5,1,0,0,0.0,0,0,0,0.0,0,3,1,0.3333,0,0.0,0,0.0,0,0.0,0,0.0,1,0.3333,0,0.0,0,0.0,,,not_applicable,,,,,,,,,,,,,,,,,,,,,0,context-aggregation-v1.0-2026-07-27,article-features-v1.0-2026-07-27,context-cards-v1.0-pilot67-2026-07-27
SCC-2017-05,SCC-2017-05:ELECTION_WIDE,SCC-PARTY-42dc7e4f3f94,cumulative,previous_180_days,national_political,8,1,1,8,6,2,7,0,2,8,1,0.125,0,0.0,2,0.25,1,0.125,,not_extracted,0,0.0,2,0.25,0,0.0,5,0.625,0,0.0,1,0.125,7,3,0.4286,3,0.4286,3,0.4286,2,0.2857,4,0.5714,0,0.0,1,0.1429,3,0.4286,2,0.2857,0,0.0,2,0.2857,1,0.1429,4,0.5714,2,0.2857,4,0.5714,0,0.0,7,1,8,0,0.0,0,0.0,0,0,0,0,8,0,0,0.0,0,0,1,0.125,0,0,0,0.0,0,1,2,0.25,2,0,1,0.125,1,0,0,0.0,0,0,1,0.125,1,0,0,0.0,0,0,0,0.0,0,1,2,0.25,2,1,2,0.25,1,0,0,0.0,0,0,1,0.125,1,0,1,0.125,1,0,0,0.0,0,0,0,0.0,0,0,0,0.0,0,0,0,0.0,0,0,1,0.125,1,0,1,0.125,0,0,0,0.0,0,0,0,0.0,0,0,0,0.0,0,0,0,0.0,0,0,1,0.125,1,1,2,0.25,2,0,1,0.125,0,0,0,0.0,0,6,2,0.3333,2,0.3333,0,0.0,1,0.1667,0,0.0,1,0.1667,2,0.3333,0,0.0,,,not_applicable,,,,,,,,,,,,,,,,,,,,,0,context-aggregation-v1.0-2026-07-27,article-features-v1.0-2026-07-27,context-cards-v1.0-pilot67-2026-07-27
SCC-2017-05,SCC-2017-05:ELECTION_WIDE,SCC-PARTY-42dc7e4f3f94,cumulative,previous_30_days,mixed_local_national,2,1,1,2,1,1,2,13,0,2,1,0.5,0,0.0,0,0.0,0,0.0,,not_extracted,0,0.0,0,0.0,1,0.5,0,0.0,0,0.0,0,0.0,2,0,0.0,0,0.0,0,0.0,0,0.0,0,0.0,0,0.0,0,0.0,1,0.5,1,0.5,0,0.0,0,0.0,0,0.0,1,0.5,0,0.0,1,0.5,0,0.0,1,0,2,0,0.0,0,0.0,0,0,0,0,1,0,0,0.0,0,0,0,0.0,0,0,0,0.0,0,0,0,0.0,0,0,0,0.0,0,0,0,0.0,0,0,0,0.0,0,0,0,0.0,0,0,0,0.0,0,0,0,0.0,0,0,0,0.0,0,0,0,0.0,0,0,0,0.0,0,0,0,0.0,0,0,0,0.0,0,0,0,0.0,0,0,0,0.0,0,0,0,0.0,0,0,0,0.0,0,0,0,0.0,0,0,0,0.0,0,0,0,0.0,0,0,0,0.0,0,0,0,0.0,0,0,0,0.0,0,0,0,0.0,0,0,0,0.0,0,0,0,0.0,0,2,1,0.5,0,0.0,0,0.0,0,0.0,0,0.0,1,0.5,0,0.0,0,0.0,,,not_applicable,,,,,,,,,,,,,,,,,,,,,0,context-aggregation-v1.0-2026-07-27,article-features-v1.0-2026-07-27,context-cards-v1.0-pilot67-2026-07-27
SCC-2017-05,SCC-2017-05:ELECTION_WIDE,SCC-PARTY-42dc7e4f3f94,cumulative,previous_7_days,mixed_local_national,1,1,1,1,1,0,1,0,0,1,0,0.0,0,0.0,0,0.0,0,0.0,,not_extracted,0,0.0,0,0.0,0,0.0,0,0.0,0,0.0,0,0.0,1,0,0.0,0,0.0,0,0.0,0,0.0,0,0.0,0,0.0,0,0.0,0,0.0,0,0.0,0,0.0,0,0.0,0,0.0,0,0.0,0,0.0,0,0.0,0,0.0,0,0,1,0,0.0,0,0.0,0,0,0,0,1,0,0,0.0,0,0,0,0.0,0,0,0,0.0,0,0,0,0.0,0,0,0,0.0,0,0,0,0.0,0,0,0,0.0,0,0,0,0.0,0,0,0,0.0,0,0,0,0.0,0,0,0,0.0,0,0,0,0.0,0,0,0,0.0,0,0,0,0.0,0,0,0,0.0,0,0,0,0.0,0,0,0,0.0,0,0,0,0.0,0,0,0,0.0,0,0,0,0.0,0,0,0,0.0,0,0,0,0.0,0,0,0,0.0,0,0,0,0.0,0,0,0,0.0,0,0,0,0.0,0,0,0,0.0,0,0,0,0.0,0,1,0,0.0,0,0.0,0,0.0,0,0.0,0,0.0,0,0.0,0,0.0,0,0.0,,,not_applicable,,,,,,,,,,,,,,,,,,,,,0,context-aggregation-v1.0-2026-07-27,article-features-v1.0-2026-07-27,context-cards-v1.0-pilot67-2026-07-27
SCC-2017-05,SCC-2017-05:ELECTION_WIDE,SCC-PARTY-42dc7e4f3f94,cumulative,previous_90_days,mixed_local_national,3,2,1,3,1,2,3,13,0,3,1,0.3333,0,0.0,0,0.0,0,0.0,,not_extracted,1,0.3333,1,0.3333,1,0.3333,0,0.0,0,0.0,0,0.0,3,0,0.0,1,0.3333,1,0.3333,1,0.3333,0,0.0,0,0.0,0,0.0,1,0.3333,1,0.3333,0,0.0,0,0.0,0,0.0,2,0.6667,1,0.3333,1,0.3333,0,0.0,2,0,3,0,0.0,0,0.0,0,0,0,0,2,0,0,0.0,0,0,0,0.0,0,0,0,0.0,0,0,1,0.5,1,0,1,0.5,1,0,1,0.5,1,0,0,0.0,0,0,0,0.0,0,0,0,0.0,0,0,1,0.5,1,0,0,0.0,0,0,0,0.0,0,0,0,0.0,0,0,0,0.0,0,0,0,0.0,0,0,0,0.0,0,0,0,0.0,0,0,0,0.0,0,0,0,0.0,0,0,0,0.0,0,0,0,0.0,0,0,0,0.0,0,0,0,0.0,0,0,0,0.0,0,0,1,0.5,1,1,1,0.5,1,0,0,0.0,0,0,0,0.0,0,3,1,0.3333,0,0.0,0,0.0,0,0.0,0,0.0,1,0.3333,0,0.0,0,0.0,,,not_applicable,,,,,,,,,,,,,,,,,,,,,0,context-aggregation-v1.0-2026-07-27,article-features-v1.0-2026-07-27,context-cards-v1.0-pilot67-2026-07-27
SCC-2017-05,SCC-2017-05:ELECTION_WIDE,SCC-PARTY-42dc7e4f3f94,individual,180_to_91_days,national_political,8,1,1,8,6,2,7,0,2,8,1,0.125,0,0.0,2,0.25,1,0.125,,not_extracted,0,0.0,2,0.25,0,0.0,5,0.625,0,0.0,1,0.125,7,3,0.4286,3,0.4286,3,0.4286,2,0.2857,4,0.5714,0,0.0,1,0.1429,3,0.4286,2,0.2857,0,0.0,2,0.2857,1,0.1429,4,0.5714,2,0.2857,4,0.5714,0,0.0,7,1,8,0,0.0,0,0.0,0,0,0,0,8,0,0,0.0,0,0,1,0.125,0,0,0,0.0,0,1,2,0.25,2,0,1,0.125,1,0,0,0.0,0,0,1,0.125,1,0,0,0.0,0,0,0,0.0,0,1,2,0.25,2,1,2,0.25,1,0,0,0.0,0,0,1,0.125,1,0,1,0.125,1,0,0,0.0,0,0,0,0.0,0,0,0,0.0,0,0,0,0.0,0,0,1,0.125,1,0,1,0.125,0,0,0,0.0,0,0,0,0.0,0,0,0,0.0,0,0,0,0.0,0,0,1,0.125,1,1,2,0.25,2,0,1,0.125,0,0,0,0.0,0,6,2,0.3333,2,0.3333,0,0.0,1,0.1667,0,0.0,1,0.1667,2,0.3333,0,0.0,,,not_applicable,,,,,,,,,,,,,,,,,,,,,0,context-aggregation-v1.0-2026-07-27,article-features-v1.0-2026-07-27,context-cards-v1.0-pilot67-2026-07-27
SCC-2017-05,SCC-2017-05:ELECTION_WIDE,SCC-PARTY-42dc7e4f3f94,individual,30_to_15_days,mixed_local_national,1,1,1,1,0,1,1,13,0,1,1,1.0,0,0.0,0,0.0,0,0.0,,not_extracted,0,0.0,0,0.0,1,1.0,0,0.0,0,0.0,0,0.0,1,0,0.0,0,0.0,0,0.0,0,0.0,0,0.0,0,0.0,0,0.0,1,1.0,1,1.0,0,0.0,0,0.0,0,0.0,1,1.0,0,0.0,1,1.0,0,0.0,1,0,1,0,0.0,0,0.0,0,0,0,0,0,0,0,,0,0,0,,0,0,0,,0,0,0,,0,0,0,,0,0,0,,0,0,0,,0,0,0,,0,0,0,,0,0,0,,0,0,0,,0,0,0,,0,0,0,,0,0,0,,0,0,0,,0,0,0,,0,0,0,,0,0,0,,0,0,0,,0,0,0,,0,0,0,,0,0,0,,0,0,0,,0,0,0,,0,0,0,,0,0,0,,0,0,0,,0,0,0,,0,1,1,1.0,0,0.0,0,0.0,0,0.0,0,0.0,1,1.0,0,0.0,0,0.0,,,not_applicable,,,,,,,,,,,,,,,,,,,,,0,context-aggregation-v1.0-2026-07-27,article-features-v1.0-2026-07-27,context-cards-v1.0-pilot67-2026-07-27
SCC-2017-05,SCC-2017-05:ELECTION_WIDE,SCC-PARTY-42dc7e4f3f94,individual,7_to_4_days,mixed_local_national,1,1,1,1,1,0,1,0,0,1,0,0.0,0,0.0,0,0.0,0,0.0,,not_extracted,0,0.0,0,0.0,0,0.0,0,0.0,0,0.0,0,0.0,1,0,0.0,0,0.0,0,0.0,0,0.0,0,0.0,0,0.0,0,0.0,0,0.0,0,0.0,0,0.0,0,0.0,0,0.0,0,0.0,0,0.0,0,0.0,0,0.0,0,0,1,0,0.0,0,0.0,0,0,0,0,1,0,0,0.0,0,0,0,0.0,0,0,0,0.0,0,0,0,0.0,0,0,0,0.0,0,0,0,0.0,0,0,0,0.0,0,0,0,0.0,0,0,0,0.0,0,0,0,0.0,0,0,0,0.0,0,0,0,0.0,0,0,0,0.0,0,0,0,0.0,0,0,0,0.0,0,0,0,0.0,0,0,0,0.0,0,0,0,0.0,0,0,0,0.0,0,0,0,0.0,0,0,0,0.0,0,0,0,0.0,0,0,0,0.0,0,0,0,0.0,0,0,0,0.0,0,0,0,0.0,0,0,0,0.0,0,0,0,0.0,0,1,0,0.0,0,0.0,0,0.0,0,0.0,0,0.0,0,0.0,0,0.0,0,0.0,,,not_applicable,,,,,,,,,,,,,,,,,,,,,0,context-aggregation-v1.0-2026-07-27,article-features-v1.0-2026-07-27,context-cards-v1.0-pilot67-2026-07-27
SCC-2017-05,SCC-2017-05:ELECTION_WIDE,SCC-PARTY-42dc7e4f3f94,individual,90_to_31_days,mixed_local_national,1,1,1,1,0,1,1,0,0,1,0,0.0,0,0.0,0,0.0,0,0.0,,not_extracted,1,1.0,1,1.0,0,0.0,0,0.0,0,0.0,0,0.0,1,0,0.0,1,1.0,1,1.0,1,1.0,0,0.0,0,0.0,0,0.0,0,0.0,0,0.0,0,0.0,0,0.0,0,0.0,1,1.0,1,1.0,0,0.0,0,0.0,1,0,1,0,0.0,0,0.0,0,0,0,0,1,0,0,0.0,0,0,0,0.0,0,0,0,0.0,0,0,1,1.0,1,0,1,1.0,1,0,1,1.0,1,0,0,0.0,0,0,0,0.0,0,0,0,0.0,0,0,1,1.0,1,0,0,0.0,0,0,0,0.0,0,0,0,0.0,0,0,0,0.0,0,0,0,0.0,0,0,0,0.0,0,0,0,0.0,0,0,0,0.0,0,0,0,0.0,0,0,0,0.0,0,0,0,0.0,0,0,0,0.0,0,0,0,0.0,0,0,0,0.0,0,0,1,1.0,1,1,1,1.0,1,0,0,0.0,0,0,0,0.0,0,1,0,0.0,0,0.0,0,0.0,0,0.0,0,0.0,0,0.0,0,0.0,0,0.0,,,not_applicable,,,,,,,,,,,,,,,,,,,,,0,context-aggregation-v1.0-2026-07-27,article-features-v1.0-2026-07-27,context-cards-v1.0-pilot67-2026-07-27
SCC-2017-05,SCC-2017-05:ELECTION_WIDE,SCC-PARTY-bc74f4f071a5,cumulative,previous_180_days,national_political,2,1,1,2,1,1,1,0,0,2,1,0.5,0,0.0,0,0.0,1,0.5,,not_extracted,0,0.0,0,0.0,0,0.0,0,0.0,1,0.5,0,0.0,1,1,1.0,0,0.0,1,1.0,0,0.0,0,0.0,0,0.0,0,0.0,0,0.0,1,1.0,0,0.0,0,0.0,0,0.0,1,1.0,0,0.0,1,1.0,0,0.0,1,1,2,0,0.0,0,0.0,0,0,0,0,2,0,0,0.0,0,0,0,0.0,0,0,0,0.0,0,0,0,0.0,0,0,0,0.0,0,0,0,0.0,0,0,0,0.0,0,0,0,0.0,0,0,0,0.0,0,0,1,0.5,1,0,1,0.5,1,0,0,0.0,0,0,1,0.5,1,0,1,0.5,1,0,0,0.0,0,0,0,0.0,0,0,0,0.0,0,0,0,0.0,0,0,1,0.5,1,0,0,0.0,0,0,0,0.0,0,0,0,0.0,0,0,0,0.0,0,0,0,0.0,0,0,0,0.0,0,1,1,0.5,1,0,0,0.0,0,0,0,0.0,0,1,0,0.0,0,0.0,0,0.0,0,0.0,0,0.0,0,0.0,0,0.0,0,0.0,,,not_applicable,,,,,,,,,,,,,,,,,,,,,0,context-aggregation-v1.0-2026-07-27,article-features-v1.0-2026-07-27,context-cards-v1.0-pilot67-2026-07-27
SCC-2017-05,SCC-2017-05:ELECTION_WIDE,SCC-PARTY-bc74f4f071a5,individual,180_to_91_days,national_political,2,1,1,2,1,1,1,0,0,2,1,0.5,0,0.0,0,0.0,1,0.5,,not_extracted,0,0.0,0,0.0,0,0.0,0,0.0,1,0.5,0,0.0,1,1,1.0,0,0.0,1,1.0,0,0.0,0,0.0,0,0.0,0,0.0,0,0.0,1,1.0,0,0.0,0,0.0,0,0.0,1,1.0,0,0.0,1,1.0,0,0.0,1,1,2,0,0.0,0,0.0,0,0,0,0,2,0,0,0.0,0,0,0,0.0,0,0,0,0.0,0,0,0,0.0,0,0,0,0.0,0,0,0,0.0,0,0,0,0.0,0,0,0,0.0,0,0,0,0.0,0,0,1,0.5,1,0,1,0.5,1,0,0,0.0,0,0,1,0.5,1,0,1,0.5,1,0,0,0.0,0,0,0,0.0,0,0,0,0.0,0,0,0,0.0,0,0,1,0.5,1,0,0,0.0,0,0,0,0.0,0,0,0,0.0,0,0,0,0.0,0,0,0,0.0,0,0,0,0.0,0,1,1,0.5,1,0,0,0.0,0,0,0,0.0,0,1,0,0.0,0,0.0,0,0.0,0,0.0,0,0.0,0,0.0,0,0.0,0,0.0,,,not_applicable,,,,,,,,,,,,,,,,,,,,,0,context-aggregation-v1.0-2026-07-27,article-features-v1.0-2026-07-27,context-cards-v1.0-pilot67-2026-07-27
SCC-2017-05,SCC-2017-05:ELECTION_WIDE,SCC-PARTY-bcae2b80ab13,cumulative,previous_14_days,mixed_local_national,1,1,1,1,1,0,1,0,0,1,0,0.0,0,0.0,0,0.0,0,0.0,,not_extracted,0,0.0,0,0.0,0,0.0,0,0.0,0,0.0,0,0.0,1,0,0.0,0,0.0,0,0.0,0,0.0,0,0.0,0,0.0,0,0.0,0,0.0,0,0.0,0,0.0,0,0.0,0,0.0,0,0.0,0,0.0,0,0.0,0,0.0,0,0,1,0,0.0,0,0.0,0,0,0,0,1,0,0,0.0,0,0,0,0.0,0,0,0,0.0,0,0,0,0.0,0,0,0,0.0,0,0,0,0.0,0,0,0,0.0,0,0,0,0.0,0,0,0,0.0,0,0,0,0.0,0,0,0,0.0,0,0,0,0.0,0,0,0,0.0,0,0,0,0.0,0,0,0,0.0,0,0,0,0.0,0,0,0,0.0,0,0,0,0.0,0,0,0,0.0,0,0,0,0.0,0,0,0,0.0,0,0,0,0.0,0,0,0,0.0,0,0,0,0.0,0,0,0,0.0,0,0,0,0.0,0,0,0,0.0,0,0,0,0.0,0,1,0,0.0,0,0.0,0,0.0,0,0.0,0,0.0,0,0.0,0,0.0,0,0.0,,,not_applicable,,,,,,,,,,,,,,,,,,,,,0,context-aggregation-v1.0-2026-07-27,article-features-v1.0-2026-07-27,context-cards-v1.0-pilot67-2026-07-27
SCC-2017-05,SCC-2017-05:ELECTION_WIDE,SCC-PARTY-bcae2b80ab13,cumulative,previous_180_days,mixed_local_national,1,1,1,1,1,0,1,0,0,1,0,0.0,0,0.0,0,0.0,0,0.0,,not_extracted,0,0.0,0,0.0,0,0.0,0,0.0,0,0.0,0,0.0,1,0,0.0,0,0.0,0,0.0,0,0.0,0,0.0,0,0.0,0,0.0,0,0.0,0,0.0,0,0.0,0,0.0,0,0.0,0,0.0,0,0.0,0,0.0,0,0.0,0,0,1,0,0.0,0,0.0,0,0,0,0,1,0,0,0.0,0,0,0,0.0,0,0,0,0.0,0,0,0,0.0,0,0,0,0.0,0,0,0,0.0,0,0,0,0.0,0,0,0,0.0,0,0,0,0.0,0,0,0,0.0,0,0,0,0.0,0,0,0,0.0,0,0,0,0.0,0,0,0,0.0,0,0,0,0.0,0,0,0,0.0,0,0,0,0.0,0,0,0,0.0,0,0,0,0.0,0,0,0,0.0,0,0,0,0.0,0,0,0,0.0,0,0,0,0.0,0,0,0,0.0,0,0,0,0.0,0,0,0,0.0,0,0,0,0.0,0,0,0,0.0,0,1,0,0.0,0,0.0,0,0.0,0,0.0,0,0.0,0,0.0,0,0.0,0,0.0,,,not_applicable,,,,,,,,,,,,,,,,,,,,,0,context-aggregation-v1.0-2026-07-27,article-features-v1.0-2026-07-27,context-cards-v1.0-pilot67-2026-07-27
SCC-2017-05,SCC-2017-05:ELECTION_WIDE,SCC-PARTY-bcae2b80ab13,cumulative,previous_180_days,national_political,3,1,1,3,3,1,3,0,2,3,1,0.3333,1,0.3333,1,0.3333,0,0.0,,not_extracted,0,0.0,0,0.0,0,0.0,0,0.0,0,0.0,0,0.0,2,1,0.5,1,0.5,0,0.0,0,0.0,0,0.0,0,0.0,0,0.0,1,0.5,1,0.5,0,0.0,1,0.5,1,0.5,1,0.5,1,0.5,1,0.5,0,0.0,2,1,3,0,0.0,0,0.0,0,0,0,0,3,0,0,0.0,0,0,1,0.3333,0,0,0,0.0,0,0,0,0.0,0,0,0,0.0,0,0,0,0.0,0,0,0,0.0,0,0,0,0.0,0,0,0,0.0,0,0,0,0.0,0,1,1,0.3333,0,0,0,0.0,0,0,0,0.0,0,0,0,0.0,0,0,0,0.0,0,0,0,0.0,0,0,0,0.0,0,0,0,0.0,0,0,0,0.0,0,0,1,0.3333,0,0,0,0.0,0,0,0,0.0,0,0,0,0.0,0,0,0,0.0,0,0,0,0.0,0,0,0,0.0,0,0,1,0.3333,0,0,0,0.0,0,3,0,0.0,0,0.0,0,0.0,0,0.0,0,0.0,0,0.0,0,0.0,1,0.3333,SCC-PARTY-411cd345ed8f:1,SCC-PARTY-bcae2b80ab13:1,not_applicable,,,,,,,,,,,,,,,,,,,,,0,context-aggregation-v1.0-2026-07-27,article-features-v1.0-2026-07-27,context-cards-v1.0-pilot67-2026-07-27
SCC-2017-05,SCC-2017-05:ELECTION_WIDE,SCC-PARTY-bcae2b80ab13,cumulative,previous_30_days,mixed_local_national,1,1,1,1,1,0,1,0,0,1,0,0.0,0,0.0,0,0.0,0,0.0,,not_extracted,0,0.0,0,0.0,0,0.0,0,0.0,0,0.0,0,0.0,1,0,0.0,0,0.0,0,0.0,0,0.0,0,0.0,0,0.0,0,0.0,0,0.0,0,0.0,0,0.0,0,0.0,0,0.0,0,0.0,0,0.0,0,0.0,0,0.0,0,0,1,0,0.0,0,0.0,0,0,0,0,1,0,0,0.0,0,0,0,0.0,0,0,0,0.0,0,0,0,0.0,0,0,0,0.0,0,0,0,0.0,0,0,0,0.0,0,0,0,0.0,0,0,0,0.0,0,0,0,0.0,0,0,0,0.0,0,0,0,0.0,0,0,0,0.0,0,0,0,0.0,0,0,0,0.0,0,0,0,0.0,0,0,0,0.0,0,0,0,0.0,0,0,0,0.0,0,0,0,0.0,0,0,0,0.0,0,0,0,0.0,0,0,0,0.0,0,0,0,0.0,0,0,0,0.0,0,0,0,0.0,0,0,0,0.0,0,0,0,0.0,0,1,0,0.0,0,0.0,0,0.0,0,0.0,0,0.0,0,0.0,0,0.0,0,0.0,,,not_applicable,,,,,,,,,,,,,,,,,,,,,0,context-aggregation-v1.0-2026-07-27,article-features-v1.0-2026-07-27,context-cards-v1.0-pilot67-2026-07-27
SCC-2017-05,SCC-2017-05:ELECTION_WIDE,SCC-PARTY-bcae2b80ab13,cumulative,previous_7_days,mixed_local_national,1,1,1,1,1,0,1,0,0,1,0,0.0,0,0.0,0,0.0,0,0.0,,not_extracted,0,0.0,0,0.0,0,0.0,0,0.0,0,0.0,0,0.0,1,0,0.0,0,0.0,0,0.0,0,0.0,0,0.0,0,0.0,0,0.0,0,0.0,0,0.0,0,0.0,0,0.0,0,0.0,0,0.0,0,0.0,0,0.0,0,0.0,0,0,1,0,0.0,0,0.0,0,0,0,0,1,0,0,0.0,0,0,0,0.0,0,0,0,0.0,0,0,0,0.0,0,0,0,0.0,0,0,0,0.0,0,0,0,0.0,0,0,0,0.0,0,0,0,0.0,0,0,0,0.0,0,0,0,0.0,0,0,0,0.0,0,0,0,0.0,0,0,0,0.0,0,0,0,0.0,0,0,0,0.0,0,0,0,0.0,0,0,0,0.0,0,0,0,0.0,0,0,0,0.0,0,0,0,0.0,0,0,0,0.0,0,0,0,0.0,0,0,0,0.0,0,0,0,0.0,0,0,0,0.0,0,0,0,0.0,0,0,0,0.0,0,1,0,0.0,0,0.0,0,0.0,0,0.0,0,0.0,0,0.0,0,0.0,0,0.0,,,not_applicable,,,,,,,,,,,,,,,,,,,,,0,context-aggregation-v1.0-2026-07-27,article-features-v1.0-2026-07-27,context-cards-v1.0-pilot67-2026-07-27
SCC-2017-05,SCC-2017-05:ELECTION_WIDE,SCC-PARTY-bcae2b80ab13,cumulative,previous_90_days,mixed_local_national,1,1,1,1,1,0,1,0,0,1,0,0.0,0,0.0,0,0.0,0,0.0,,not_extracted,0,0.0,0,0.0,0,0.0,0,0.0,0,0.0,0,0.0,1,0,0.0,0,0.0,0,0.0,0,0.0,0,0.0,0,0.0,0,0.0,0,0.0,0,0.0,0,0.0,0,0.0,0,0.0,0,0.0,0,0.0,0,0.0,0,0.0,0,0,1,0,0.0,0,0.0,0,0,0,0,1,0,0,0.0,0,0,0,0.0,0,0,0,0.0,0,0,0,0.0,0,0,0,0.0,0,0,0,0.0,0,0,0,0.0,0,0,0,0.0,0,0,0,0.0,0,0,0,0.0,0,0,0,0.0,0,0,0,0.0,0,0,0,0.0,0,0,0,0.0,0,0,0,0.0,0,0,0,0.0,0,0,0,0.0,0,0,0,0.0,0,0,0,0.0,0,0,0,0.0,0,0,0,0.0,0,0,0,0.0,0,0,0,0.0,0,0,0,0.0,0,0,0,0.0,0,0,0,0.0,0,0,0,0.0,0,0,0,0.0,0,1,0,0.0,0,0.0,0,0.0,0,0.0,0,0.0,0,0.0,0,0.0,0,0.0,,,not_applicable,,,,,,,,,,,,,,,,,,,,,0,context-aggregation-v1.0-2026-07-27,article-features-v1.0-2026-07-27,context-cards-v1.0-pilot67-2026-07-27
SCC-2017-05,SCC-2017-05:ELECTION_WIDE,SCC-PARTY-bcae2b80ab13,individual,180_to_91_days,national_political,3,1,1,3,3,1,3,0,2,3,1,0.3333,1,0.3333,1,0.3333,0,0.0,,not_extracted,0,0.0,0,0.0,0,0.0,0,0.0,0,0.0,0,0.0,2,1,0.5,1,0.5,0,0.0,0,0.0,0,0.0,0,0.0,0,0.0,1,0.5,1,0.5,0,0.0,1,0.5,1,0.5,1,0.5,1,0.5,1,0.5,0,0.0,2,1,3,0,0.0,0,0.0,0,0,0,0,3,0,0,0.0,0,0,1,0.3333,0,0,0,0.0,0,0,0,0.0,0,0,0,0.0,0,0,0,0.0,0,0,0,0.0,0,0,0,0.0,0,0,0,0.0,0,0,0,0.0,0,1,1,0.3333,0,0,0,0.0,0,0,0,0.0,0,0,0,0.0,0,0,0,0.0,0,0,0,0.0,0,0,0,0.0,0,0,0,0.0,0,0,0,0.0,0,0,1,0.3333,0,0,0,0.0,0,0,0,0.0,0,0,0,0.0,0,0,0,0.0,0,0,0,0.0,0,0,0,0.0,0,0,1,0.3333,0,0,0,0.0,0,3,0,0.0,0,0.0,0,0.0,0,0.0,0,0.0,0,0.0,0,0.0,1,0.3333,SCC-PARTY-411cd345ed8f:1,SCC-PARTY-bcae2b80ab13:1,not_applicable,,,,,,,,,,,,,,,,,,,,,0,context-aggregation-v1.0-2026-07-27,article-features-v1.0-2026-07-27,context-cards-v1.0-pilot67-2026-07-27
SCC-2017-05,SCC-2017-05:ELECTION_WIDE,SCC-PARTY-bcae2b80ab13,individual,7_to_4_days,mixed_local_national,1,1,1,1,1,0,1,0,0,1,0,0.0,0,0.0,0,0.0,0,0.0,,not_extracted,0,0.0,0,0.0,0,0.0,0,0.0,0,0.0,0,0.0,1,0,0.0,0,0.0,0,0.0,0,0.0,0,0.0,0,0.0,0,0.0,0,0.0,0,0.0,0,0.0,0,0.0,0,0.0,0,0.0,0,0.0,0,0.0,0,0.0,0,0,1,0,0.0,0,0.0,0,0,0,0,1,0,0,0.0,0,0,0,0.0,0,0,0,0.0,0,0,0,0.0,0,0,0,0.0,0,0,0,0.0,0,0,0,0.0,0,0,0,0.0,0,0,0,0.0,0,0,0,0.0,0,0,0,0.0,0,0,0,0.0,0,0,0,0.0,0,0,0,0.0,0,0,0,0.0,0,0,0,0.0,0,0,0,0.0,0,0,0,0.0,0,0,0,0.0,0,0,0,0.0,0,0,0,0.0,0,0,0,0.0,0,0,0,0.0,0,0,0,0.0,0,0,0,0.0,0,0,0,0.0,0,0,0,0.0,0,0,0,0.0,0,1,0,0.0,0,0.0,0,0.0,0,0.0,0,0.0,0,0.0,0,0.0,0,0.0,,,not_applicable,,,,,,,,,,,,,,,,,,,,,0,context-aggregation-v1.0-2026-07-27,article-features-v1.0-2026-07-27,context-cards-v1.0-pilot67-2026-07-27
SCC-2017-05,SCC-2017-05:ELECTION_WIDE,SCC-PARTY-ec762c976078,cumulative,previous_14_days,mixed_local_national,1,1,1,1,1,0,1,0,0,1,0,0.0,0,0.0,0,0.0,0,0.0,,not_extracted,0,0.0,0,0.0,0,0.0,0,0.0,0,0.0,0,0.0,1,0,0.0,0,0.0,0,0.0,0,0.0,0,0.0,0,0.0,0,0.0,0,0.0,0,0.0,0,0.0,0,0.0,0,0.0,0,0.0,0,0.0,0,0.0,0,0.0,0,0,1,0,0.0,0,0.0,0,0,0,0,1,0,0,0.0,0,0,0,0.0,0,0,0,0.0,0,0,0,0.0,0,0,0,0.0,0,0,0,0.0,0,0,0,0.0,0,0,0,0.0,0,0,0,0.0,0,0,0,0.0,0,0,0,0.0,0,0,0,0.0,0,0,0,0.0,0,0,0,0.0,0,0,0,0.0,0,0,0,0.0,0,0,0,0.0,0,0,0,0.0,0,0,0,0.0,0,0,0,0.0,0,0,0,0.0,0,0,0,0.0,0,0,0,0.0,0,0,0,0.0,0,0,0,0.0,0,0,0,0.0,0,0,0,0.0,0,0,0,0.0,0,1,0,0.0,0,0.0,0,0.0,0,0.0,0,0.0,0,0.0,0,0.0,0,0.0,,,not_applicable,,,,,,,,,,,,,,,,,,,,,0,context-aggregation-v1.0-2026-07-27,article-features-v1.0-2026-07-27,context-cards-v1.0-pilot67-2026-07-27
SCC-2017-05,SCC-2017-05:ELECTION_WIDE,SCC-PARTY-ec762c976078,cumulative,previous_180_days,mixed_local_national,2,1,1,2,1,1,2,0,0,2,0,0.0,0,0.0,0,0.0,1,0.5,,not_extracted,0,0.0,1,0.5,0,0.0,0,0.0,0,0.0,1,0.5,2,0,0.0,0,0.0,0,0.0,0,0.0,0,0.0,0,0.0,0,0.0,1,0.5,1,0.5,0,0.0,0,0.0,0,0.0,1,0.5,0,0.0,1,0.5,0,0.0,1,0,2,0,0.0,0,0.0,0,0,0,0,1,0,0,0.0,0,0,0,0.0,0,0,0,0.0,0,0,0,0.0,0,0,0,0.0,0,0,0,0.0,0,0,0,0.0,0,0,0,0.0,0,0,0,0.0,0,0,0,0.0,0,0,0,0.0,0,0,0,0.0,0,0,0,0.0,0,0,0,0.0,0,0,0,0.0,0,0,0,0.0,0,0,0,0.0,0,0,0,0.0,0,0,0,0.0,0,0,0,0.0,0,0,0,0.0,0,0,0,0.0,0,0,0,0.0,0,0,0,0.0,0,0,0,0.0,0,0,0,0.0,0,0,0,0.0,0,0,0,0.0,0,2,1,0.5,0,0.0,0,0.0,0,0.0,0,0.0,1,0.5,0,0.0,0,0.0,,,not_applicable,,,,,,,,,,,,,,,,,,,,,0,context-aggregation-v1.0-2026-07-27,article-features-v1.0-2026-07-27,context-cards-v1.0-pilot67-2026-07-27
SCC-2017-05,SCC-2017-05:ELECTION_WIDE,SCC-PARTY-ec762c976078,cumulative,previous_180_days,national_political,6,1,1,6,4,2,5,0,1,6,2,0.3333,1,0.1667,1,0.1667,0,0.0,,not_extracted,0,0.0,0,0.0,1,0.1667,0,0.0,0,0.0,1,0.1667,5,2,0.4,2,0.4,2,0.4,1,0.2,3,0.6,0,0.0,1,0.2,3,0.6,2,0.4,0,0.0,1,0.2,0,0.0,4,0.8,0,0.0,4,0.8,0,0.0,5,1,6,0,0.0,1,0.1667,0,0,0,1,6,0,0,0.0,0,0,1,0.1667,0,0,0,0.0,0,0,1,0.1667,1,0,0,0.0,0,0,0,0.0,0,0,0,0.0,0,0,0,0.0,0,0,0,0.0,0,1,2,0.3333,2,1,2,0.3333,1,0,0,0.0,0,0,1,0.1667,1,0,1,0.1667,1,0,0,0.0,0,0,0,0.0,0,0,0,0.0,0,0,0,0.0,0,0,1,0.1667,1,0,1,0.1667,0,0,0,0.0,0,0,0,0.0,0,0,0,0.0,0,0,0,0.0,0,0,0,0.0,0,1,2,0.3333,2,0,1,0.1667,0,0,0,0.0,0,4,2,0.5,0,0.0,0,0.0,0,0.0,0,0.0,1,0.25,0,0.0,1,0.25,,SCC-PARTY-ec762c976078:1,not_applicable,,,,,,,,,,,,,,,,,,,,,0,context-aggregation-v1.0-2026-07-27,article-features-v1.0-2026-07-27,context-cards-v1.0-pilot67-2026-07-27
SCC-2017-05,SCC-2017-05:ELECTION_WIDE,SCC-PARTY-ec762c976078,cumulative,previous_30_days,mixed_local_national,2,1,1,2,1,1,2,0,0,2,0,0.0,0,0.0,0,0.0,1,0.5,,not_extracted,0,0.0,1,0.5,0,0.0,0,0.0,0,0.0,1,0.5,2,0,0.0,0,0.0,0,0.0,0,0.0,0,0.0,0,0.0,0,0.0,1,0.5,1,0.5,0,0.0,0,0.0,0,0.0,1,0.5,0,0.0,1,0.5,0,0.0,1,0,2,0,0.0,0,0.0,0,0,0,0,1,0,0,0.0,0,0,0,0.0,0,0,0,0.0,0,0,0,0.0,0,0,0,0.0,0,0,0,0.0,0,0,0,0.0,0,0,0,0.0,0,0,0,0.0,0,0,0,0.0,0,0,0,0.0,0,0,0,0.0,0,0,0,0.0,0,0,0,0.0,0,0,0,0.0,0,0,0,0.0,0,0,0,0.0,0,0,0,0.0,0,0,0,0.0,0,0,0,0.0,0,0,0,0.0,0,0,0,0.0,0,0,0,0.0,0,0,0,0.0,0,0,0,0.0,0,0,0,0.0,0,0,0,0.0,0,0,0,0.0,0,2,1,0.5,0,0.0,0,0.0,0,0.0,0,0.0,1,0.5,0,0.0,0,0.0,,,not_applicable,,,,,,,,,,,,,,,,,,,,,0,context-aggregation-v1.0-2026-07-27,article-features-v1.0-2026-07-27,context-cards-v1.0-pilot67-2026-07-27
SCC-2017-05,SCC-2017-05:ELECTION_WIDE,SCC-PARTY-ec762c976078,cumulative,previous_7_days,mixed_local_national,1,1,1,1,1,0,1,0,0,1,0,0.0,0,0.0,0,0.0,0,0.0,,not_extracted,0,0.0,0,0.0,0,0.0,0,0.0,0,0.0,0,0.0,1,0,0.0,0,0.0,0,0.0,0,0.0,0,0.0,0,0.0,0,0.0,0,0.0,0,0.0,0,0.0,0,0.0,0,0.0,0,0.0,0,0.0,0,0.0,0,0.0,0,0,1,0,0.0,0,0.0,0,0,0,0,1,0,0,0.0,0,0,0,0.0,0,0,0,0.0,0,0,0,0.0,0,0,0,0.0,0,0,0,0.0,0,0,0,0.0,0,0,0,0.0,0,0,0,0.0,0,0,0,0.0,0,0,0,0.0,0,0,0,0.0,0,0,0,0.0,0,0,0,0.0,0,0,0,0.0,0,0,0,0.0,0,0,0,0.0,0,0,0,0.0,0,0,0,0.0,0,0,0,0.0,0,0,0,0.0,0,0,0,0.0,0,0,0,0.0,0,0,0,0.0,0,0,0,0.0,0,0,0,0.0,0,0,0,0.0,0,0,0,0.0,0,1,0,0.0,0,0.0,0,0.0,0,0.0,0,0.0,0,0.0,0,0.0,0,0.0,,,not_applicable,,,,,,,,,,,,,,,,,,,,,0,context-aggregation-v1.0-2026-07-27,article-features-v1.0-2026-07-27,context-cards-v1.0-pilot67-2026-07-27
SCC-2017-05,SCC-2017-05:ELECTION_WIDE,SCC-PARTY-ec762c976078,cumulative,previous_90_days,mixed_local_national,2,1,1,2,1,1,2,0,0,2,0,0.0,0,0.0,0,0.0,1,0.5,,not_extracted,0,0.0,1,0.5,0,0.0,0,0.0,0,0.0,1,0.5,2,0,0.0,0,0.0,0,0.0,0,0.0,0,0.0,0,0.0,0,0.0,1,0.5,1,0.5,0,0.0,0,0.0,0,0.0,1,0.5,0,0.0,1,0.5,0,0.0,1,0,2,0,0.0,0,0.0,0,0,0,0,1,0,0,0.0,0,0,0,0.0,0,0,0,0.0,0,0,0,0.0,0,0,0,0.0,0,0,0,0.0,0,0,0,0.0,0,0,0,0.0,0,0,0,0.0,0,0,0,0.0,0,0,0,0.0,0,0,0,0.0,0,0,0,0.0,0,0,0,0.0,0,0,0,0.0,0,0,0,0.0,0,0,0,0.0,0,0,0,0.0,0,0,0,0.0,0,0,0,0.0,0,0,0,0.0,0,0,0,0.0,0,0,0,0.0,0,0,0,0.0,0,0,0,0.0,0,0,0,0.0,0,0,0,0.0,0,0,0,0.0,0,2,1,0.5,0,0.0,0,0.0,0,0.0,0,0.0,1,0.5,0,0.0,0,0.0,,,not_applicable,,,,,,,,,,,,,,,,,,,,,0,context-aggregation-v1.0-2026-07-27,article-features-v1.0-2026-07-27,context-cards-v1.0-pilot67-2026-07-27
SCC-2017-05,SCC-2017-05:ELECTION_WIDE,SCC-PARTY-ec762c976078,individual,180_to_91_days,national_political,6,1,1,6,4,2,5,0,1,6,2,0.3333,1,0.1667,1,0.1667,0,0.0,,not_extracted,0,0.0,0,0.0,1,0.1667,0,0.0,0,0.0,1,0.1667,5,2,0.4,2,0.4,2,0.4,1,0.2,3,0.6,0,0.0,1,0.2,3,0.6,2,0.4,0,0.0,1,0.2,0,0.0,4,0.8,0,0.0,4,0.8,0,0.0,5,1,6,0,0.0,1,0.1667,0,0,0,1,6,0,0,0.0,0,0,1,0.1667,0,0,0,0.0,0,0,1,0.1667,1,0,0,0.0,0,0,0,0.0,0,0,0,0.0,0,0,0,0.0,0,0,0,0.0,0,1,2,0.3333,2,1,2,0.3333,1,0,0,0.0,0,0,1,0.1667,1,0,1,0.1667,1,0,0,0.0,0,0,0,0.0,0,0,0,0.0,0,0,0,0.0,0,0,1,0.1667,1,0,1,0.1667,0,0,0,0.0,0,0,0,0.0,0,0,0,0.0,0,0,0,0.0,0,0,0,0.0,0,1,2,0.3333,2,0,1,0.1667,0,0,0,0.0,0,4,2,0.5,0,0.0,0,0.0,0,0.0,0,0.0,1,0.25,0,0.0,1,0.25,,SCC-PARTY-ec762c976078:1,not_applicable,,,,,,,,,,,,,,,,,,,,,0,context-aggregation-v1.0-2026-07-27,article-features-v1.0-2026-07-27,context-cards-v1.0-pilot67-2026-07-27
SCC-2017-05,SCC-2017-05:ELECTION_WIDE,SCC-PARTY-ec762c976078,individual,30_to_15_days,mixed_local_national,1,1,1,1,0,1,1,0,0,1,0,0.0,0,0.0,0,0.0,1,1.0,,not_extracted,0,0.0,1,1.0,0,0.0,0,0.0,0,0.0,1,1.0,1,0,0.0,0,0.0,0,0.0,0,0.0,0,0.0,0,0.0,0,0.0,1,1.0,1,1.0,0,0.0,0,0.0,0,0.0,1,1.0,0,0.0,1,1.0,0,0.0,1,0,1,0,0.0,0,0.0,0,0,0,0,0,0,0,,0,0,0,,0,0,0,,0,0,0,,0,0,0,,0,0,0,,0,0,0,,0,0,0,,0,0,0,,0,0,0,,0,0,0,,0,0,0,,0,0,0,,0,0,0,,0,0,0,,0,0,0,,0,0,0,,0,0,0,,0,0,0,,0,0,0,,0,0,0,,0,0,0,,0,0,0,,0,0,0,,0,0,0,,0,0,0,,0,0,0,,0,0,0,,0,1,1,1.0,0,0.0,0,0.0,0,0.0,0,0.0,1,1.0,0,0.0,0,0.0,,,not_applicable,,,,,,,,,,,,,,,,,,,,,0,context-aggregation-v1.0-2026-07-27,article-features-v1.0-2026-07-27,context-cards-v1.0-pilot67-2026-07-27
SCC-2017-05,SCC-2017-05:ELECTION_WIDE,SCC-PARTY-ec762c976078,individual,7_to_4_days,mixed_local_national,1,1,1,1,1,0,1,0,0,1,0,0.0,0,0.0,0,0.0,0,0.0,,not_extracted,0,0.0,0,0.0,0,0.0,0,0.0,0,0.0,0,0.0,1,0,0.0,0,0.0,0,0.0,0,0.0,0,0.0,0,0.0,0,0.0,0,0.0,0,0.0,0,0.0,0,0.0,0,0.0,0,0.0,0,0.0,0,0.0,0,0.0,0,0,1,0,0.0,0,0.0,0,0,0,0,1,0,0,0.0,0,0,0,0.0,0,0,0,0.0,0,0,0,0.0,0,0,0,0.0,0,0,0,0.0,0,0,0,0.0,0,0,0,0.0,0,0,0,0.0,0,0,0,0.0,0,0,0,0.0,0,0,0,0.0,0,0,0,0.0,0,0,0,0.0,0,0,0,0.0,0,0,0,0.0,0,0,0,0.0,0,0,0,0.0,0,0,0,0.0,0,0,0,0.0,0,0,0,0.0,0,0,0,0.0,0,0,0,0.0,0,0,0,0.0,0,0,0,0.0,0,0,0,0.0,0,0,0,0.0,0,0,0,0.0,0,1,0,0.0,0,0.0,0,0.0,0,0.0,0,0.0,0,0.0,0,0.0,0,0.0,,,not_applicable,,,,,,,,,,,,,,,,,,,,,0,context-aggregation-v1.0-2026-07-27,article-features-v1.0-2026-07-27,context-cards-v1.0-pilot67-2026-07-27
SCC-2021-05,SCC-2021-05:ELECTION_WIDE,(no_focal_party),cumulative,previous_14_days,ward_specific_local,1,1,1,1,1,1,0,0,0,0,0,,0,,0,,0,,,not_extracted,0,,0,,0,,0,,0,,0,,1,0,0.0,0,0.0,0,0.0,0,0.0,0,0.0,0,0.0,0,0.0,0,0.0,1,1.0,0,0.0,0,0.0,0,0.0,0,0.0,0,0.0,0,0.0,0,0.0,0,0,0,0,,0,,0,0,0,0,1,0,0,0.0,0,0,0,0.0,0,0,1,1.0,1,0,0,0.0,0,0,0,0.0,0,0,0,0.0,0,0,0,0.0,0,1,1,1.0,1,0,0,0.0,0,0,0,0.0,0,0,0,0.0,0,0,0,0.0,0,0,0,0.0,0,0,0,0.0,0,0,0,0.0,0,0,0,0.0,0,0,0,0.0,0,0,0,0.0,0,0,0,0.0,0,0,0,0.0,0,0,0,0.0,0,0,0,0.0,0,0,0,0.0,0,0,0,0.0,0,0,0,0.0,0,0,0,0.0,0,0,0,0.0,0,0,0,0.0,0,0,0,,0,,0,,0,,0,,0,,0,,0,,,,not_applicable,,,,,,,,,,,,,,,,,,,,,0,context-aggregation-v1.0-2026-07-27,article-features-v1.0-2026-07-27,context-cards-v1.0-pilot67-2026-07-27
SCC-2021-05,SCC-2021-05:ELECTION_WIDE,(no_focal_party),cumulative,previous_180_days,national_political,1,1,1,1,1,0,0,0,0,0,0,,0,,0,,0,,,not_extracted,0,,0,,0,,0,,0,,0,,1,0,0.0,1,1.0,1,1.0,0,0.0,1,1.0,0,0.0,0,0.0,0,0.0,0,0.0,0,0.0,0,0.0,0,0.0,1,1.0,1,1.0,0,0.0,0,0.0,1,0,0,0,,0,,0,0,0,0,0,0,0,,0,0,0,,0,0,0,,0,0,0,,0,0,0,,0,0,0,,0,0,0,,0,0,0,,0,0,0,,0,0,0,,0,0,0,,0,0,0,,0,0,0,,0,0,0,,0,0,0,,0,0,0,,0,0,0,,0,0,0,,0,0,0,,0,0,0,,0,0,0,,0,0,0,,0,0,0,,0,0,0,,0,0,0,,0,0,0,,0,0,0,,0,0,0,,0,0,0,,0,,0,,0,,0,,0,,0,,0,,,,not_applicable,,,,,,,,,,,,,,,,,,,,,0,context-aggregation-v1.0-2026-07-27,article-features-v1.0-2026-07-27,context-cards-v1.0-pilot67-2026-07-27
SCC-2021-05,SCC-2021-05:ELECTION_WIDE,(no_focal_party),cumulative,previous_180_days,regional,1,1,1,1,1,0,0,0,0,0,0,,0,,0,,0,,,not_extracted,0,,0,,0,,0,,0,,0,,0,0,,0,,0,,0,,0,,0,,0,,0,,0,,0,,0,,0,,0,,0,,0,,0,,0,1,0,0,,0,,0,0,0,0,1,0,0,0.0,0,0,0,0.0,0,0,0,0.0,0,0,0,0.0,0,0,1,1.0,1,0,0,0.0,0,0,0,0.0,0,0,0,0.0,0,0,0,0.0,0,1,1,1.0,1,0,0,0.0,0,0,0,0.0,0,0,0,0.0,0,0,0,0.0,0,0,0,0.0,0,0,0,0.0,0,0,0,0.0,0,0,0,0.0,0,0,0,0.0,0,0,0,0.0,0,0,0,0.0,0,0,0,0.0,0,0,0,0.0,0,0,0,0.0,0,0,0,0.0,0,0,0,0.0,0,0,0,0.0,0,0,0,0.0,0,0,0,,0,,0,,0,,0,,0,,0,,0,,,,not_applicable,,,,,,,,,,,,,,,,,,,,,0,context-aggregation-v1.0-2026-07-27,article-features-v1.0-2026-07-27,context-cards-v1.0-pilot67-2026-07-27
SCC-2021-05,SCC-2021-05:ELECTION_WIDE,(no_focal_party),cumulative,previous_180_days,ward_specific_local,3,1,1,3,3,3,0,0,0,0,0,,0,,0,,0,,,not_extracted,0,,0,,0,,0,,0,,0,,3,1,0.3333,1,0.3333,1,0.3333,2,0.6667,1,0.3333,0,0.0,0,0.0,1,0.3333,1,0.3333,0,0.0,0,0.0,0,0.0,0,0.0,2,0.6667,0,0.0,0,0.0,2,0,0,0,,0,,0,0,0,0,3,0,0,0.0,0,0,0,0.0,0,0,1,0.3333,1,0,1,0.3333,1,0,1,0.3333,1,0,0,0.0,0,0,1,0.3333,1,1,1,0.3333,1,1,1,0.3333,1,0,1,0.3333,1,0,0,0.0,0,0,0,0.0,0,0,0,0.0,0,0,0,0.0,0,0,0,0.0,0,0,0,0.0,0,0,0,0.0,0,1,1,0.3333,1,0,0,0.0,0,0,0,0.0,0,0,0,0.0,0,0,2,0.6667,2,0,0,0.0,0,0,0,0.0,0,0,0,0.0,0,0,1,0.3333,1,0,0,0.0,0,0,0,0.0,0,0,0,,0,,0,,0,,0,,0,,0,,0,,,,not_applicable,,,,,,,,,,,,,,,,,,,,,0,context-aggregation-v1.0-2026-07-27,article-features-v1.0-2026-07-27,context-cards-v1.0-pilot67-2026-07-27
SCC-2021-05,SCC-2021-05:ELECTION_WIDE,(no_focal_party),cumulative,previous_30_days,ward_specific_local,1,1,1,1,1,1,0,0,0,0,0,,0,,0,,0,,,not_extracted,0,,0,,0,,0,,0,,0,,1,0,0.0,0,0.0,0,0.0,0,0.0,0,0.0,0,0.0,0,0.0,0,0.0,1,1.0,0,0.0,0,0.0,0,0.0,0,0.0,0,0.0,0,0.0,0,0.0,0,0,0,0,,0,,0,0,0,0,1,0,0,0.0,0,0,0,0.0,0,0,1,1.0,1,0,0,0.0,0,0,0,0.0,0,0,0,0.0,0,0,0,0.0,0,1,1,1.0,1,0,0,0.0,0,0,0,0.0,0,0,0,0.0,0,0,0,0.0,0,0,0,0.0,0,0,0,0.0,0,0,0,0.0,0,0,0,0.0,0,0,0,0.0,0,0,0,0.0,0,0,0,0.0,0,0,0,0.0,0,0,0,0.0,0,0,0,0.0,0,0,0,0.0,0,0,0,0.0,0,0,0,0.0,0,0,0,0.0,0,0,0,0.0,0,0,0,0.0,0,0,0,,0,,0,,0,,0,,0,,0,,0,,,,not_applicable,,,,,,,,,,,,,,,,,,,,,0,context-aggregation-v1.0-2026-07-27,article-features-v1.0-2026-07-27,context-cards-v1.0-pilot67-2026-07-27
SCC-2021-05,SCC-2021-05:ELECTION_WIDE,(no_focal_party),cumulative,previous_90_days,ward_specific_local,1,1,1,1,1,1,0,0,0,0,0,,0,,0,,0,,,not_extracted,0,,0,,0,,0,,0,,0,,1,0,0.0,0,0.0,0,0.0,0,0.0,0,0.0,0,0.0,0,0.0,0,0.0,1,1.0,0,0.0,0,0.0,0,0.0,0,0.0,0,0.0,0,0.0,0,0.0,0,0,0,0,,0,,0,0,0,0,1,0,0,0.0,0,0,0,0.0,0,0,1,1.0,1,0,0,0.0,0,0,0,0.0,0,0,0,0.0,0,0,0,0.0,0,1,1,1.0,1,0,0,0.0,0,0,0,0.0,0,0,0,0.0,0,0,0,0.0,0,0,0,0.0,0,0,0,0.0,0,0,0,0.0,0,0,0,0.0,0,0,0,0.0,0,0,0,0.0,0,0,0,0.0,0,0,0,0.0,0,0,0,0.0,0,0,0,0.0,0,0,0,0.0,0,0,0,0.0,0,0,0,0.0,0,0,0,0.0,0,0,0,0.0,0,0,0,0.0,0,0,0,,0,,0,,0,,0,,0,,0,,0,,,,not_applicable,,,,,,,,,,,,,,,,,,,,,0,context-aggregation-v1.0-2026-07-27,article-features-v1.0-2026-07-27,context-cards-v1.0-pilot67-2026-07-27
SCC-2021-05,SCC-2021-05:ELECTION_WIDE,(no_focal_party),individual,14_to_8_days,ward_specific_local,1,1,1,1,1,1,0,0,0,0,0,,0,,0,,0,,,not_extracted,0,,0,,0,,0,,0,,0,,1,0,0.0,0,0.0,0,0.0,0,0.0,0,0.0,0,0.0,0,0.0,0,0.0,1,1.0,0,0.0,0,0.0,0,0.0,0,0.0,0,0.0,0,0.0,0,0.0,0,0,0,0,,0,,0,0,0,0,1,0,0,0.0,0,0,0,0.0,0,0,1,1.0,1,0,0,0.0,0,0,0,0.0,0,0,0,0.0,0,0,0,0.0,0,1,1,1.0,1,0,0,0.0,0,0,0,0.0,0,0,0,0.0,0,0,0,0.0,0,0,0,0.0,0,0,0,0.0,0,0,0,0.0,0,0,0,0.0,0,0,0,0.0,0,0,0,0.0,0,0,0,0.0,0,0,0,0.0,0,0,0,0.0,0,0,0,0.0,0,0,0,0.0,0,0,0,0.0,0,0,0,0.0,0,0,0,0.0,0,0,0,0.0,0,0,0,0.0,0,0,0,,0,,0,,0,,0,,0,,0,,0,,,,not_applicable,,,,,,,,,,,,,,,,,,,,,0,context-aggregation-v1.0-2026-07-27,article-features-v1.0-2026-07-27,context-cards-v1.0-pilot67-2026-07-27
SCC-2021-05,SCC-2021-05:ELECTION_WIDE,(no_focal_party),individual,180_to_91_days,national_political,1,1,1,1,1,0,0,0,0,0,0,,0,,0,,0,,,not_extracted,0,,0,,0,,0,,0,,0,,1,0,0.0,1,1.0,1,1.0,0,0.0,1,1.0,0,0.0,0,0.0,0,0.0,0,0.0,0,0.0,0,0.0,0,0.0,1,1.0,1,1.0,0,0.0,0,0.0,1,0,0,0,,0,,0,0,0,0,0,0,0,,0,0,0,,0,0,0,,0,0,0,,0,0,0,,0,0,0,,0,0,0,,0,0,0,,0,0,0,,0,0,0,,0,0,0,,0,0,0,,0,0,0,,0,0,0,,0,0,0,,0,0,0,,0,0,0,,0,0,0,,0,0,0,,0,0,0,,0,0,0,,0,0,0,,0,0,0,,0,0,0,,0,0,0,,0,0,0,,0,0,0,,0,0,0,,0,0,0,,0,,0,,0,,0,,0,,0,,0,,,,not_applicable,,,,,,,,,,,,,,,,,,,,,0,context-aggregation-v1.0-2026-07-27,article-features-v1.0-2026-07-27,context-cards-v1.0-pilot67-2026-07-27
SCC-2021-05,SCC-2021-05:ELECTION_WIDE,(no_focal_party),individual,180_to_91_days,regional,1,1,1,1,1,0,0,0,0,0,0,,0,,0,,0,,,not_extracted,0,,0,,0,,0,,0,,0,,0,0,,0,,0,,0,,0,,0,,0,,0,,0,,0,,0,,0,,0,,0,,0,,0,,0,1,0,0,,0,,0,0,0,0,1,0,0,0.0,0,0,0,0.0,0,0,0,0.0,0,0,0,0.0,0,0,1,1.0,1,0,0,0.0,0,0,0,0.0,0,0,0,0.0,0,0,0,0.0,0,1,1,1.0,1,0,0,0.0,0,0,0,0.0,0,0,0,0.0,0,0,0,0.0,0,0,0,0.0,0,0,0,0.0,0,0,0,0.0,0,0,0,0.0,0,0,0,0.0,0,0,0,0.0,0,0,0,0.0,0,0,0,0.0,0,0,0,0.0,0,0,0,0.0,0,0,0,0.0,0,0,0,0.0,0,0,0,0.0,0,0,0,0.0,0,0,0,,0,,0,,0,,0,,0,,0,,0,,,,not_applicable,,,,,,,,,,,,,,,,,,,,,0,context-aggregation-v1.0-2026-07-27,article-features-v1.0-2026-07-27,context-cards-v1.0-pilot67-2026-07-27
SCC-2021-05,SCC-2021-05:ELECTION_WIDE,(no_focal_party),individual,180_to_91_days,ward_specific_local,2,1,1,2,2,2,0,0,0,0,0,,0,,0,,0,,,not_extracted,0,,0,,0,,0,,0,,0,,2,1,0.5,1,0.5,1,0.5,2,1.0,1,0.5,0,0.0,0,0.0,1,0.5,0,0.0,0,0.0,0,0.0,0,0.0,0,0.0,2,1.0,0,0.0,0,0.0,2,0,0,0,,0,,0,0,0,0,2,0,0,0.0,0,0,0,0.0,0,0,0,0.0,0,0,1,0.5,1,0,1,0.5,1,0,0,0.0,0,0,1,0.5,1,0,0,0.0,0,1,1,0.5,1,0,1,0.5,1,0,0,0.0,0,0,0,0.0,0,0,0,0.0,0,0,0,0.0,0,0,0,0.0,0,0,0,0.0,0,0,0,0.0,0,1,1,0.5,1,0,0,0.0,0,0,0,0.0,0,0,0,0.0,0,0,2,1.0,2,0,0,0.0,0,0,0,0.0,0,0,0,0.0,0,0,1,0.5,1,0,0,0.0,0,0,0,0.0,0,0,0,,0,,0,,0,,0,,0,,0,,0,,,,not_applicable,,,,,,,,,,,,,,,,,,,,,0,context-aggregation-v1.0-2026-07-27,article-features-v1.0-2026-07-27,context-cards-v1.0-pilot67-2026-07-27
SCC-2021-05,SCC-2021-05:ELECTION_WIDE,SCC-PARTY-411cd345ed8f,cumulative,previous_180_days,national_political,7,1,2,7,7,3,5,0,0,6,0,0.0,1,0.1667,2,0.3333,3,0.5,,not_extracted,1,0.1667,0,0.0,0,0.0,1,0.1667,0,0.0,1,0.1667,7,3,0.4286,1,0.1429,3,0.4286,1,0.1429,4,0.5714,0,0.0,4,0.5714,2,0.2857,1,0.1429,1,0.1429,0,0.0,0,0.0,4,0.5714,1,0.1429,4,0.5714,0,0.0,6,0,7,2,0.2857,0,0.0,1,0,0,-2,5,0,0,0.0,0,0,1,0.2,1,0,0,0.0,0,0,0,0.0,0,0,0,0.0,0,0,0,0.0,0,0,0,0.0,0,0,0,0.0,0,0,0,0.0,0,0,1,0.2,1,2,2,0.4,2,0,1,0.2,1,0,0,0.0,0,0,0,0.0,0,0,0,0.0,0,0,0,0.0,0,0,0,0.0,0,0,0,0.0,0,0,0,0.0,0,0,0,0.0,0,1,1,0.2,1,0,0,0.0,0,0,1,0.2,1,0,1,0.2,1,0,0,0.0,0,0,1,0.2,1,0,0,0.0,0,0,0,0.0,0,5,2,0.4,1,0.2,1,0.2,0,0.0,1,0.2,1,0.2,0,0.0,1,0.2,SCC-PARTY-42dc7e4f3f94:1,SCC-PARTY-411cd345ed8f:1,not_applicable,,,,,,,,,,,,,,,,,,,,,0,context-aggregation-v1.0-2026-07-27,article-features-v1.0-2026-07-27,context-cards-v1.0-pilot67-2026-07-27
SCC-2021-05,SCC-2021-05:ELECTION_WIDE,SCC-PARTY-411cd345ed8f,cumulative,previous_90_days,national_political,3,1,2,3,3,0,3,0,0,3,0,0.0,1,0.3333,1,0.3333,1,0.3333,,not_extracted,1,0.3333,0,0.0,0,0.0,0,0.0,0,0.0,0,0.0,3,2,0.6667,0,0.0,1,0.3333,0,0.0,2,0.6667,0,0.0,2,0.6667,0,0.0,1,0.3333,1,0.3333,0,0.0,0,0.0,2,0.6667,1,0.3333,3,1.0,0,0.0,3,0,3,1,0.3333,0,0.0,1,0,0,-1,1,0,0,0.0,0,0,0,0.0,0,0,0,0.0,0,0,0,0.0,0,0,0,0.0,0,0,0,0.0,0,0,0,0.0,0,0,0,0.0,0,0,0,0.0,0,0,0,0.0,0,1,1,1.0,1,0,0,0.0,0,0,0,0.0,0,0,0,0.0,0,0,0,0.0,0,0,0,0.0,0,0,0,0.0,0,0,0,0.0,0,0,0,0.0,0,0,0,0.0,0,0,0,0.0,0,0,0,0.0,0,0,0,0.0,0,0,0,0.0,0,0,0,0.0,0,0,0,0.0,0,0,0,0.0,0,0,0,0.0,0,3,2,0.6667,1,0.3333,1,0.3333,0,0.0,1,0.3333,1,0.3333,0,0.0,1,0.3333,SCC-PARTY-42dc7e4f3f94:1,SCC-PARTY-411cd345ed8f:1,not_applicable,,,,,,,,,,,,,,,,,,,,,0,context-aggregation-v1.0-2026-07-27,article-features-v1.0-2026-07-27,context-cards-v1.0-pilot67-2026-07-27
SCC-2021-05,SCC-2021-05:ELECTION_WIDE,SCC-PARTY-411cd345ed8f,individual,180_to_91_days,national_political,4,1,1,4,4,3,2,0,0,3,0,0.0,0,0.0,1,0.3333,2,0.6667,,not_extracted,0,0.0,0,0.0,0,0.0,1,0.3333,0,0.0,1,0.3333,4,1,0.25,1,0.25,2,0.5,1,0.25,2,0.5,0,0.0,2,0.5,2,0.5,0,0.0,0,0.0,0,0.0,0,0.0,2,0.5,0,0.0,1,0.25,0,0.0,3,0,4,1,0.25,0,0.0,0,0,0,-1,4,0,0,0.0,0,0,1,0.25,1,0,0,0.0,0,0,0,0.0,0,0,0,0.0,0,0,0,0.0,0,0,0,0.0,0,0,0,0.0,0,0,0,0.0,0,0,1,0.25,1,1,1,0.25,1,0,1,0.25,1,0,0,0.0,0,0,0,0.0,0,0,0,0.0,0,0,0,0.0,0,0,0,0.0,0,0,0,0.0,0,0,0,0.0,0,0,0,0.0,0,1,1,0.25,1,0,0,0.0,0,0,1,0.25,1,0,1,0.25,1,0,0,0.0,0,0,1,0.25,1,0,0,0.0,0,0,0,0.0,0,2,0,0.0,0,0.0,0,0.0,0,0.0,0,0.0,0,0.0,0,0.0,0,0.0,,,not_applicable,,,,,,,,,,,,,,,,,,,,,0,context-aggregation-v1.0-2026-07-27,article-features-v1.0-2026-07-27,context-cards-v1.0-pilot67-2026-07-27
SCC-2021-05,SCC-2021-05:ELECTION_WIDE,SCC-PARTY-411cd345ed8f,individual,90_to_31_days,national_political,3,1,2,3,3,0,3,0,0,3,0,0.0,1,0.3333,1,0.3333,1,0.3333,,not_extracted,1,0.3333,0,0.0,0,0.0,0,0.0,0,0.0,0,0.0,3,2,0.6667,0,0.0,1,0.3333,0,0.0,2,0.6667,0,0.0,2,0.6667,0,0.0,1,0.3333,1,0.3333,0,0.0,0,0.0,2,0.6667,1,0.3333,3,1.0,0,0.0,3,0,3,1,0.3333,0,0.0,1,0,0,-1,1,0,0,0.0,0,0,0,0.0,0,0,0,0.0,0,0,0,0.0,0,0,0,0.0,0,0,0,0.0,0,0,0,0.0,0,0,0,0.0,0,0,0,0.0,0,0,0,0.0,0,1,1,1.0,1,0,0,0.0,0,0,0,0.0,0,0,0,0.0,0,0,0,0.0,0,0,0,0.0,0,0,0,0.0,0,0,0,0.0,0,0,0,0.0,0,0,0,0.0,0,0,0,0.0,0,0,0,0.0,0,0,0,0.0,0,0,0,0.0,0,0,0,0.0,0,0,0,0.0,0,0,0,0.0,0,0,0,0.0,0,3,2,0.6667,1,0.3333,1,0.3333,0,0.0,1,0.3333,1,0.3333,0,0.0,1,0.3333,SCC-PARTY-42dc7e4f3f94:1,SCC-PARTY-411cd345ed8f:1,not_applicable,,,,,,,,,,,,,,,,,,,,,0,context-aggregation-v1.0-2026-07-27,article-features-v1.0-2026-07-27,context-cards-v1.0-pilot67-2026-07-27
SCC-2021-05,SCC-2021-05:ELECTION_WIDE,SCC-PARTY-42dc7e4f3f94,cumulative,previous_180_days,national_political,8,1,2,8,7,4,6,0,1,8,0,0.0,0,0.0,5,0.625,2,0.25,,not_extracted,0,0.0,5,0.625,0,0.0,3,0.375,0,0.0,5,0.625,8,4,0.5,4,0.5,4,0.5,1,0.125,3,0.375,1,0.125,5,0.625,3,0.375,1,0.125,1,0.125,0,0.0,0,0.0,4,0.5,1,0.125,3,0.375,1,0.125,8,0,8,3,0.375,2,0.25,0,0,0,-1,5,0,0,0.0,0,0,1,0.2,1,0,0,0.0,0,0,0,0.0,0,0,0,0.0,0,0,0,0.0,0,0,0,0.0,0,0,0,0.0,0,0,0,0.0,0,0,1,0.2,1,1,1,0.2,1,0,1,0.2,1,0,0,0.0,0,0,0,0.0,0,0,0,0.0,0,0,0,0.0,0,0,0,0.0,0,0,0,0.0,0,0,0,0.0,0,0,0,0.0,0,1,1,0.2,1,0,0,0.0,0,0,1,0.2,1,0,1,0.2,1,0,0,0.0,0,0,1,0.2,1,0,0,0.0,0,0,0,0.0,0,6,1,0.1667,2,0.3333,0,0.0,0,0.0,0,0.0,1,0.1667,2,0.3333,1,0.1667,SCC-PARTY-42dc7e4f3f94:1,SCC-PARTY-411cd345ed8f:1,not_applicable,,,,,,,,,,,,,,,,,,,,,0,context-aggregation-v1.0-2026-07-27,article-features-v1.0-2026-07-27,context-cards-v1.0-pilot67-2026-07-27
SCC-2021-05,SCC-2021-05:ELECTION_WIDE,SCC-PARTY-42dc7e4f3f94,cumulative,previous_90_days,national_political,2,1,2,2,2,0,2,0,0,2,0,0.0,0,0.0,1,0.5,1,0.5,,not_extracted,0,0.0,1,0.5,0,0.0,0,0.0,0,0.0,2,1.0,2,1,0.5,0,0.0,1,0.5,0,0.0,1,0.5,0,0.0,1,0.5,0,0.0,1,0.5,1,0.5,0,0.0,0,0.0,1,0.5,1,0.5,2,1.0,0,0.0,2,0,2,1,0.5,1,0.5,0,0,0,0,0,0,0,,0,0,0,,0,0,0,,0,0,0,,0,0,0,,0,0,0,,0,0,0,,0,0,0,,0,0,0,,0,0,0,,0,0,0,,0,0,0,,0,0,0,,0,0,0,,0,0,0,,0,0,0,,0,0,0,,0,0,0,,0,0,0,,0,0,0,,0,0,0,,0,0,0,,0,0,0,,0,0,0,,0,0,0,,0,0,0,,0,0,0,,0,0,0,,0,2,1,0.5,1,0.5,0,0.0,0,0.0,0,0.0,1,0.5,1,0.5,1,0.5,SCC-PARTY-42dc7e4f3f94:1,SCC-PARTY-411cd345ed8f:1,not_applicable,,,,,,,,,,,,,,,,,,,,,0,context-aggregation-v1.0-2026-07-27,article-features-v1.0-2026-07-27,context-cards-v1.0-pilot67-2026-07-27
SCC-2021-05,SCC-2021-05:ELECTION_WIDE,SCC-PARTY-42dc7e4f3f94,individual,180_to_91_days,national_political,6,1,1,6,5,4,4,0,1,6,0,0.0,0,0.0,4,0.6667,1,0.1667,,not_extracted,0,0.0,4,0.6667,0,0.0,3,0.5,0,0.0,3,0.5,6,3,0.5,4,0.6667,3,0.5,1,0.1667,2,0.3333,1,0.1667,4,0.6667,3,0.5,0,0.0,0,0.0,0,0.0,0,0.0,3,0.5,0,0.0,1,0.1667,1,0.1667,6,0,6,2,0.3333,1,0.1667,0,0,0,-1,5,0,0,0.0,0,0,1,0.2,1,0,0,0.0,0,0,0,0.0,0,0,0,0.0,0,0,0,0.0,0,0,0,0.0,0,0,0,0.0,0,0,0,0.0,0,0,1,0.2,1,1,1,0.2,1,0,1,0.2,1,0,0,0.0,0,0,0,0.0,0,0,0,0.0,0,0,0,0.0,0,0,0,0.0,0,0,0,0.0,0,0,0,0.0,0,0,0,0.0,0,1,1,0.2,1,0,0,0.0,0,0,1,0.2,1,0,1,0.2,1,0,0,0.0,0,0,1,0.2,1,0,0,0.0,0,0,0,0.0,0,4,0,0.0,1,0.25,0,0.0,0,0.0,0,0.0,0,0.0,1,0.25,0,0.0,,,not_applicable,,,,,,,,,,,,,,,,,,,,,0,context-aggregation-v1.0-2026-07-27,article-features-v1.0-2026-07-27,context-cards-v1.0-pilot67-2026-07-27
SCC-2021-05,SCC-2021-05:ELECTION_WIDE,SCC-PARTY-42dc7e4f3f94,individual,90_to_31_days,national_political,2,1,2,2,2,0,2,0,0,2,0,0.0,0,0.0,1,0.5,1,0.5,,not_extracted,0,0.0,1,0.5,0,0.0,0,0.0,0,0.0,2,1.0,2,1,0.5,0,0.0,1,0.5,0,0.0,1,0.5,0,0.0,1,0.5,0,0.0,1,0.5,1,0.5,0,0.0,0,0.0,1,0.5,1,0.5,2,1.0,0,0.0,2,0,2,1,0.5,1,0.5,0,0,0,0,0,0,0,,0,0,0,,0,0,0,,0,0,0,,0,0,0,,0,0,0,,0,0,0,,0,0,0,,0,0,0,,0,0,0,,0,0,0,,0,0,0,,0,0,0,,0,0,0,,0,0,0,,0,0,0,,0,0,0,,0,0,0,,0,0,0,,0,0,0,,0,0,0,,0,0,0,,0,0,0,,0,0,0,,0,0,0,,0,0,0,,0,0,0,,0,0,0,,0,2,1,0.5,1,0.5,0,0.0,0,0.0,0,0.0,1,0.5,1,0.5,1,0.5,SCC-PARTY-42dc7e4f3f94:1,SCC-PARTY-411cd345ed8f:1,not_applicable,,,,,,,,,,,,,,,,,,,,,0,context-aggregation-v1.0-2026-07-27,article-features-v1.0-2026-07-27,context-cards-v1.0-pilot67-2026-07-27
SCC-2021-05,SCC-2021-05:ELECTION_WIDE,SCC-PARTY-bc74f4f071a5,cumulative,previous_180_days,national_political,1,1,1,1,1,1,1,0,0,1,0,0.0,0,0.0,0,0.0,0,0.0,,not_extracted,0,0.0,0,0.0,0,0.0,0,0.0,0,0.0,0,0.0,1,1,1.0,0,0.0,1,1.0,0,0.0,1,1.0,0,0.0,1,1.0,0,0.0,0,0.0,0,0.0,0,0.0,0,0.0,1,1.0,0,0.0,0,0.0,0,0.0,1,0,1,0,0.0,0,0.0,0,0,0,0,1,0,0,0.0,0,0,0,0.0,0,0,0,0.0,0,0,0,0.0,0,0,0,0.0,0,0,0,0.0,0,0,0,0.0,0,0,0,0.0,0,0,0,0.0,0,0,1,1.0,1,0,0,0.0,0,0,1,1.0,1,0,0,0.0,0,0,0,0.0,0,0,0,0.0,0,0,0,0.0,0,0,0,0.0,0,0,0,0.0,0,0,0,0.0,0,0,0,0.0,0,1,1,1.0,1,0,0,0.0,0,0,1,1.0,1,0,1,1.0,1,0,0,0.0,0,0,1,1.0,1,0,0,0.0,0,0,0,0.0,0,0,0,,0,,0,,0,,0,,0,,0,,0,,,,not_applicable,,,,,,,,,,,,,,,,,,,,,0,context-aggregation-v1.0-2026-07-27,article-features-v1.0-2026-07-27,context-cards-v1.0-pilot67-2026-07-27
SCC-2021-05,SCC-2021-05:ELECTION_WIDE,SCC-PARTY-bc74f4f071a5,individual,180_to_91_days,national_political,1,1,1,1,1,1,1,0,0,1,0,0.0,0,0.0,0,0.0,0,0.0,,not_extracted,0,0.0,0,0.0,0,0.0,0,0.0,0,0.0,0,0.0,1,1,1.0,0,0.0,1,1.0,0,0.0,1,1.0,0,0.0,1,1.0,0,0.0,0,0.0,0,0.0,0,0.0,0,0.0,1,1.0,0,0.0,0,0.0,0,0.0,1,0,1,0,0.0,0,0.0,0,0,0,0,1,0,0,0.0,0,0,0,0.0,0,0,0,0.0,0,0,0,0.0,0,0,0,0.0,0,0,0,0.0,0,0,0,0.0,0,0,0,0.0,0,0,0,0.0,0,0,1,1.0,1,0,0,0.0,0,0,1,1.0,1,0,0,0.0,0,0,0,0.0,0,0,0,0.0,0,0,0,0.0,0,0,0,0.0,0,0,0,0.0,0,0,0,0.0,0,0,0,0.0,0,1,1,1.0,1,0,0,0.0,0,0,1,1.0,1,0,1,1.0,1,0,0,0.0,0,0,1,1.0,1,0,0,0.0,0,0,0,0.0,0,0,0,,0,,0,,0,,0,,0,,0,,0,,,,not_applicable,,,,,,,,,,,,,,,,,,,,,0,context-aggregation-v1.0-2026-07-27,article-features-v1.0-2026-07-27,context-cards-v1.0-pilot67-2026-07-27
SCC-2021-05,SCC-2021-05:ELECTION_WIDE,SCC-PARTY-ec762c976078,cumulative,previous_180_days,national_political,2,1,2,2,2,1,2,0,0,2,0,0.0,0,0.0,1,0.5,0,0.0,,not_extracted,0,0.0,0,0.0,0,0.0,0,0.0,0,0.0,0,0.0,2,1,0.5,0,0.0,1,0.5,0,0.0,1,0.5,0,0.0,1,0.5,0,0.0,1,0.5,1,0.5,0,0.0,0,0.0,2,1.0,1,0.5,1,0.5,0,0.0,2,0,2,1,0.5,0,0.0,0,0,0,-1,1,0,0,0.0,0,0,0,0.0,0,0,0,0.0,0,0,0,0.0,0,0,0,0.0,0,0,0,0.0,0,0,0,0.0,0,0,0,0.0,0,0,0,0.0,0,0,1,1.0,1,0,0,0.0,0,0,1,1.0,1,0,0,0.0,0,0,0,0.0,0,0,0,0.0,0,0,0,0.0,0,0,0,0.0,0,0,0,0.0,0,0,0,0.0,0,0,0,0.0,0,1,1,1.0,1,0,0,0.0,0,0,1,1.0,1,0,1,1.0,1,0,0,0.0,0,0,1,1.0,1,0,0,0.0,0,0,0,0.0,0,1,0,0.0,1,1.0,0,0.0,0,0.0,1,1.0,0,0.0,0,0.0,0,0.0,,,not_applicable,,,,,,,,,,,,,,,,,,,,,0,context-aggregation-v1.0-2026-07-27,article-features-v1.0-2026-07-27,context-cards-v1.0-pilot67-2026-07-27
SCC-2021-05,SCC-2021-05:ELECTION_WIDE,SCC-PARTY-ec762c976078,cumulative,previous_90_days,national_political,1,1,1,1,1,0,1,0,0,1,0,0.0,0,0.0,1,1.0,0,0.0,,not_extracted,0,0.0,0,0.0,0,0.0,0,0.0,0,0.0,0,0.0,1,0,0.0,0,0.0,0,0.0,0,0.0,0,0.0,0,0.0,0,0.0,0,0.0,1,1.0,1,1.0,0,0.0,0,0.0,1,1.0,1,1.0,1,1.0,0,0.0,1,0,1,1,1.0,0,0.0,0,0,0,-1,0,0,0,,0,0,0,,0,0,0,,0,0,0,,0,0,0,,0,0,0,,0,0,0,,0,0,0,,0,0,0,,0,0,0,,0,0,0,,0,0,0,,0,0,0,,0,0,0,,0,0,0,,0,0,0,,0,0,0,,0,0,0,,0,0,0,,0,0,0,,0,0,0,,0,0,0,,0,0,0,,0,0,0,,0,0,0,,0,0,0,,0,0,0,,0,0,0,,0,1,0,0.0,1,1.0,0,0.0,0,0.0,1,1.0,0,0.0,0,0.0,0,0.0,,,not_applicable,,,,,,,,,,,,,,,,,,,,,0,context-aggregation-v1.0-2026-07-27,article-features-v1.0-2026-07-27,context-cards-v1.0-pilot67-2026-07-27
SCC-2021-05,SCC-2021-05:ELECTION_WIDE,SCC-PARTY-ec762c976078,individual,180_to_91_days,national_political,1,1,1,1,1,1,1,0,0,1,0,0.0,0,0.0,0,0.0,0,0.0,,not_extracted,0,0.0,0,0.0,0,0.0,0,0.0,0,0.0,0,0.0,1,1,1.0,0,0.0,1,1.0,0,0.0,1,1.0,0,0.0,1,1.0,0,0.0,0,0.0,0,0.0,0,0.0,0,0.0,1,1.0,0,0.0,0,0.0,0,0.0,1,0,1,0,0.0,0,0.0,0,0,0,0,1,0,0,0.0,0,0,0,0.0,0,0,0,0.0,0,0,0,0.0,0,0,0,0.0,0,0,0,0.0,0,0,0,0.0,0,0,0,0.0,0,0,0,0.0,0,0,1,1.0,1,0,0,0.0,0,0,1,1.0,1,0,0,0.0,0,0,0,0.0,0,0,0,0.0,0,0,0,0.0,0,0,0,0.0,0,0,0,0.0,0,0,0,0.0,0,0,0,0.0,0,1,1,1.0,1,0,0,0.0,0,0,1,1.0,1,0,1,1.0,1,0,0,0.0,0,0,1,1.0,1,0,0,0.0,0,0,0,0.0,0,0,0,,0,,0,,0,,0,,0,,0,,0,,,,not_applicable,,,,,,,,,,,,,,,,,,,,,0,context-aggregation-v1.0-2026-07-27,article-features-v1.0-2026-07-27,context-cards-v1.0-pilot67-2026-07-27
SCC-2021-05,SCC-2021-05:ELECTION_WIDE,SCC-PARTY-ec762c976078,individual,90_to_31_days,national_political,1,1,1,1,1,0,1,0,0,1,0,0.0,0,0.0,1,1.0,0,0.0,,not_extracted,0,0.0,0,0.0,0,0.0,0,0.0,0,0.0,0,0.0,1,0,0.0,0,0.0,0,0.0,0,0.0,0,0.0,0,0.0,0,0.0,0,0.0,1,1.0,1,1.0,0,0.0,0,0.0,1,1.0,1,1.0,1,1.0,0,0.0,1,0,1,1,1.0,0,0.0,0,0,0,-1,0,0,0,,0,0,0,,0,0,0,,0,0,0,,0,0,0,,0,0,0,,0,0,0,,0,0,0,,0,0,0,,0,0,0,,0,0,0,,0,0,0,,0,0,0,,0,0,0,,0,0,0,,0,0,0,,0,0,0,,0,0,0,,0,0,0,,0,0,0,,0,0,0,,0,0,0,,0,0,0,,0,0,0,,0,0,0,,0,0,0,,0,0,0,,0,0,0,,0,1,0,0.0,1,1.0,0,0.0,0,0.0,1,1.0,0,0.0,0,0.0,0,0.0,,,not_applicable,,,,,,,,,,,,,,,,,,,,,0,context-aggregation-v1.0-2026-07-27,article-features-v1.0-2026-07-27,context-cards-v1.0-pilot67-2026-07-27
SCC-2021-05,SCC-2021-05:Guildford East,SCC-PARTY-01e2626484b0,cumulative,previous_180_days,surrey_wide_local,1,1,1,1,0,0,1,1,0,1,0,0.0,0,0.0,0,0.0,0,0.0,,not_extracted,0,0.0,0,0.0,0,0.0,0,0.0,0,0.0,0,0.0,1,1,1.0,0,0.0,0,0.0,0,0.0,0,0.0,0,0.0,0,0.0,0,0.0,1,1.0,0,0.0,0,0.0,1,1.0,1,1.0,1,1.0,0,0.0,0,0.0,1,0,1,0,0.0,0,0.0,0,0,0,0,0,0,0,,0,0,0,,0,0,0,,0,0,0,,0,0,0,,0,0,0,,0,0,0,,0,0,0,,0,0,0,,0,0,0,,0,0,0,,0,0,0,,0,0,0,,0,0,0,,0,0,0,,0,0,0,,0,0,0,,0,0,0,,0,0,0,,0,0,0,,0,0,0,,0,0,0,,0,0,0,,0,0,0,,0,0,0,,0,0,0,,0,0,0,,0,0,0,,0,1,0,0.0,0,0.0,0,0.0,0,0.0,0,0.0,0,0.0,0,0.0,0,0.0,,,not_applicable,,,,,,,,,,,,,,,,,,,,,0,context-aggregation-v1.0-2026-07-27,article-features-v1.0-2026-07-27,context-cards-v1.0-pilot67-2026-07-27
SCC-2021-05,SCC-2021-05:Guildford East,SCC-PARTY-01e2626484b0,cumulative,previous_90_days,surrey_wide_local,1,1,1,1,0,0,1,1,0,1,0,0.0,0,0.0,0,0.0,0,0.0,,not_extracted,0,0.0,0,0.0,0,0.0,0,0.0,0,0.0,0,0.0,1,1,1.0,0,0.0,0,0.0,0,0.0,0,0.0,0,0.0,0,0.0,0,0.0,1,1.0,0,0.0,0,0.0,1,1.0,1,1.0,1,1.0,0,0.0,0,0.0,1,0,1,0,0.0,0,0.0,0,0,0,0,0,0,0,,0,0,0,,0,0,0,,0,0,0,,0,0,0,,0,0,0,,0,0,0,,0,0,0,,0,0,0,,0,0,0,,0,0,0,,0,0,0,,0,0,0,,0,0,0,,0,0,0,,0,0,0,,0,0,0,,0,0,0,,0,0,0,,0,0,0,,0,0,0,,0,0,0,,0,0,0,,0,0,0,,0,0,0,,0,0,0,,0,0,0,,0,0,0,,0,1,0,0.0,0,0.0,0,0.0,0,0.0,0,0.0,0,0.0,0,0.0,0,0.0,,,not_applicable,,,,,,,,,,,,,,,,,,,,,0,context-aggregation-v1.0-2026-07-27,article-features-v1.0-2026-07-27,context-cards-v1.0-pilot67-2026-07-27
SCC-2021-05,SCC-2021-05:Guildford East,SCC-PARTY-01e2626484b0,individual,90_to_31_days,surrey_wide_local,1,1,1,1,0,0,1,1,0,1,0,0.0,0,0.0,0,0.0,0,0.0,,not_extracted,0,0.0,0,0.0,0,0.0,0,0.0,0,0.0,0,0.0,1,1,1.0,0,0.0,0,0.0,0,0.0,0,0.0,0,0.0,0,0.0,0,0.0,1,1.0,0,0.0,0,0.0,1,1.0,1,1.0,1,1.0,0,0.0,0,0.0,1,0,1,0,0.0,0,0.0,0,0,0,0,0,0,0,,0,0,0,,0,0,0,,0,0,0,,0,0,0,,0,0,0,,0,0,0,,0,0,0,,0,0,0,,0,0,0,,0,0,0,,0,0,0,,0,0,0,,0,0,0,,0,0,0,,0,0,0,,0,0,0,,0,0,0,,0,0,0,,0,0,0,,0,0,0,,0,0,0,,0,0,0,,0,0,0,,0,0,0,,0,0,0,,0,0,0,,0,0,0,,0,1,0,0.0,0,0.0,0,0.0,0,0.0,0,0.0,0,0.0,0,0.0,0,0.0,,,not_applicable,,,,,,,,,,,,,,,,,,,,,0,context-aggregation-v1.0-2026-07-27,article-features-v1.0-2026-07-27,context-cards-v1.0-pilot67-2026-07-27
SCC-2021-05,SCC-2021-05:Guildford East,SCC-PARTY-26172d220117,cumulative,previous_180_days,surrey_wide_local,1,1,1,1,0,0,1,1,0,1,0,0.0,0,0.0,0,0.0,0,0.0,,not_extracted,0,0.0,0,0.0,0,0.0,0,0.0,0,0.0,0,0.0,1,1,1.0,0,0.0,0,0.0,0,0.0,0,0.0,0,0.0,0,0.0,0,0.0,1,1.0,0,0.0,0,0.0,1,1.0,1,1.0,1,1.0,0,0.0,0,0.0,1,0,1,0,0.0,0,0.0,0,0,0,0,0,0,0,,0,0,0,,0,0,0,,0,0,0,,0,0,0,,0,0,0,,0,0,0,,0,0,0,,0,0,0,,0,0,0,,0,0,0,,0,0,0,,0,0,0,,0,0,0,,0,0,0,,0,0,0,,0,0,0,,0,0,0,,0,0,0,,0,0,0,,0,0,0,,0,0,0,,0,0,0,,0,0,0,,0,0,0,,0,0,0,,0,0,0,,0,0,0,,0,1,0,0.0,1,1.0,0,0.0,0,0.0,0,0.0,0,0.0,0,0.0,0,0.0,,,not_applicable,,,,,,,,,,,,,,,,,,,,,0,context-aggregation-v1.0-2026-07-27,article-features-v1.0-2026-07-27,context-cards-v1.0-pilot67-2026-07-27
SCC-2021-05,SCC-2021-05:Guildford East,SCC-PARTY-26172d220117,cumulative,previous_90_days,surrey_wide_local,1,1,1,1,0,0,1,1,0,1,0,0.0,0,0.0,0,0.0,0,0.0,,not_extracted,0,0.0,0,0.0,0,0.0,0,0.0,0,0.0,0,0.0,1,1,1.0,0,0.0,0,0.0,0,0.0,0,0.0,0,0.0,0,0.0,0,0.0,1,1.0,0,0.0,0,0.0,1,1.0,1,1.0,1,1.0,0,0.0,0,0.0,1,0,1,0,0.0,0,0.0,0,0,0,0,0,0,0,,0,0,0,,0,0,0,,0,0,0,,0,0,0,,0,0,0,,0,0,0,,0,0,0,,0,0,0,,0,0,0,,0,0,0,,0,0,0,,0,0,0,,0,0,0,,0,0,0,,0,0,0,,0,0,0,,0,0,0,,0,0,0,,0,0,0,,0,0,0,,0,0,0,,0,0,0,,0,0,0,,0,0,0,,0,0,0,,0,0,0,,0,0,0,,0,1,0,0.0,1,1.0,0,0.0,0,0.0,0,0.0,0,0.0,0,0.0,0,0.0,,,not_applicable,,,,,,,,,,,,,,,,,,,,,0,context-aggregation-v1.0-2026-07-27,article-features-v1.0-2026-07-27,context-cards-v1.0-pilot67-2026-07-27
SCC-2021-05,SCC-2021-05:Guildford East,SCC-PARTY-26172d220117,individual,90_to_31_days,surrey_wide_local,1,1,1,1,0,0,1,1,0,1,0,0.0,0,0.0,0,0.0,0,0.0,,not_extracted,0,0.0,0,0.0,0,0.0,0,0.0,0,0.0,0,0.0,1,1,1.0,0,0.0,0,0.0,0,0.0,0,0.0,0,0.0,0,0.0,0,0.0,1,1.0,0,0.0,0,0.0,1,1.0,1,1.0,1,1.0,0,0.0,0,0.0,1,0,1,0,0.0,0,0.0,0,0,0,0,0,0,0,,0,0,0,,0,0,0,,0,0,0,,0,0,0,,0,0,0,,0,0,0,,0,0,0,,0,0,0,,0,0,0,,0,0,0,,0,0,0,,0,0,0,,0,0,0,,0,0,0,,0,0,0,,0,0,0,,0,0,0,,0,0,0,,0,0,0,,0,0,0,,0,0,0,,0,0,0,,0,0,0,,0,0,0,,0,0,0,,0,0,0,,0,0,0,,0,1,0,0.0,1,1.0,0,0.0,0,0.0,0,0.0,0,0.0,0,0.0,0,0.0,,,not_applicable,,,,,,,,,,,,,,,,,,,,,0,context-aggregation-v1.0-2026-07-27,article-features-v1.0-2026-07-27,context-cards-v1.0-pilot67-2026-07-27
SCC-2021-05,SCC-2021-05:Guildford East,SCC-PARTY-411cd345ed8f,cumulative,previous_180_days,surrey_wide_local,1,1,1,1,0,0,1,1,0,1,0,0.0,0,0.0,0,0.0,0,0.0,,not_extracted,0,0.0,0,0.0,0,0.0,0,0.0,0,0.0,0,0.0,1,1,1.0,0,0.0,0,0.0,0,0.0,0,0.0,0,0.0,0,0.0,0,0.0,1,1.0,0,0.0,0,0.0,1,1.0,1,1.0,1,1.0,0,0.0,0,0.0,1,0,1,0,0.0,0,0.0,0,0,0,0,0,0,0,,0,0,0,,0,0,0,,0,0,0,,0,0,0,,0,0,0,,0,0,0,,0,0,0,,0,0,0,,0,0,0,,0,0,0,,0,0,0,,0,0,0,,0,0,0,,0,0,0,,0,0,0,,0,0,0,,0,0,0,,0,0,0,,0,0,0,,0,0,0,,0,0,0,,0,0,0,,0,0,0,,0,0,0,,0,0,0,,0,0,0,,0,0,0,,0,1,0,0.0,0,0.0,0,0.0,0,0.0,0,0.0,0,0.0,0,0.0,0,0.0,,,not_applicable,,,,,,,,,,,,,,,,,,,,,0,context-aggregation-v1.0-2026-07-27,article-features-v1.0-2026-07-27,context-cards-v1.0-pilot67-2026-07-27
SCC-2021-05,SCC-2021-05:Guildford East,SCC-PARTY-411cd345ed8f,cumulative,previous_90_days,surrey_wide_local,1,1,1,1,0,0,1,1,0,1,0,0.0,0,0.0,0,0.0,0,0.0,,not_extracted,0,0.0,0,0.0,0,0.0,0,0.0,0,0.0,0,0.0,1,1,1.0,0,0.0,0,0.0,0,0.0,0,0.0,0,0.0,0,0.0,0,0.0,1,1.0,0,0.0,0,0.0,1,1.0,1,1.0,1,1.0,0,0.0,0,0.0,1,0,1,0,0.0,0,0.0,0,0,0,0,0,0,0,,0,0,0,,0,0,0,,0,0,0,,0,0,0,,0,0,0,,0,0,0,,0,0,0,,0,0,0,,0,0,0,,0,0,0,,0,0,0,,0,0,0,,0,0,0,,0,0,0,,0,0,0,,0,0,0,,0,0,0,,0,0,0,,0,0,0,,0,0,0,,0,0,0,,0,0,0,,0,0,0,,0,0,0,,0,0,0,,0,0,0,,0,0,0,,0,1,0,0.0,0,0.0,0,0.0,0,0.0,0,0.0,0,0.0,0,0.0,0,0.0,,,not_applicable,,,,,,,,,,,,,,,,,,,,,0,context-aggregation-v1.0-2026-07-27,article-features-v1.0-2026-07-27,context-cards-v1.0-pilot67-2026-07-27
SCC-2021-05,SCC-2021-05:Guildford East,SCC-PARTY-411cd345ed8f,individual,90_to_31_days,surrey_wide_local,1,1,1,1,0,0,1,1,0,1,0,0.0,0,0.0,0,0.0,0,0.0,,not_extracted,0,0.0,0,0.0,0,0.0,0,0.0,0,0.0,0,0.0,1,1,1.0,0,0.0,0,0.0,0,0.0,0,0.0,0,0.0,0,0.0,0,0.0,1,1.0,0,0.0,0,0.0,1,1.0,1,1.0,1,1.0,0,0.0,0,0.0,1,0,1,0,0.0,0,0.0,0,0,0,0,0,0,0,,0,0,0,,0,0,0,,0,0,0,,0,0,0,,0,0,0,,0,0,0,,0,0,0,,0,0,0,,0,0,0,,0,0,0,,0,0,0,,0,0,0,,0,0,0,,0,0,0,,0,0,0,,0,0,0,,0,0,0,,0,0,0,,0,0,0,,0,0,0,,0,0,0,,0,0,0,,0,0,0,,0,0,0,,0,0,0,,0,0,0,,0,0,0,,0,1,0,0.0,0,0.0,0,0.0,0,0.0,0,0.0,0,0.0,0,0.0,0,0.0,,,not_applicable,,,,,,,,,,,,,,,,,,,,,0,context-aggregation-v1.0-2026-07-27,article-features-v1.0-2026-07-27,context-cards-v1.0-pilot67-2026-07-27
SCC-2021-05,SCC-2021-05:Guildford East,SCC-PARTY-42dc7e4f3f94,cumulative,previous_180_days,surrey_wide_local,1,1,1,1,0,0,1,1,0,1,0,0.0,0,0.0,0,0.0,0,0.0,,not_extracted,0,0.0,0,0.0,0,0.0,0,0.0,0,0.0,0,0.0,1,1,1.0,0,0.0,0,0.0,0,0.0,0,0.0,0,0.0,0,0.0,0,0.0,1,1.0,0,0.0,0,0.0,1,1.0,1,1.0,1,1.0,0,0.0,0,0.0,1,0,1,0,0.0,0,0.0,0,0,0,0,0,0,0,,0,0,0,,0,0,0,,0,0,0,,0,0,0,,0,0,0,,0,0,0,,0,0,0,,0,0,0,,0,0,0,,0,0,0,,0,0,0,,0,0,0,,0,0,0,,0,0,0,,0,0,0,,0,0,0,,0,0,0,,0,0,0,,0,0,0,,0,0,0,,0,0,0,,0,0,0,,0,0,0,,0,0,0,,0,0,0,,0,0,0,,0,0,0,,0,1,0,0.0,0,0.0,0,0.0,0,0.0,0,0.0,0,0.0,0,0.0,0,0.0,,,not_applicable,,,,,,,,,,,,,,,,,,,,,0,context-aggregation-v1.0-2026-07-27,article-features-v1.0-2026-07-27,context-cards-v1.0-pilot67-2026-07-27
SCC-2021-05,SCC-2021-05:Guildford East,SCC-PARTY-42dc7e4f3f94,cumulative,previous_90_days,surrey_wide_local,1,1,1,1,0,0,1,1,0,1,0,0.0,0,0.0,0,0.0,0,0.0,,not_extracted,0,0.0,0,0.0,0,0.0,0,0.0,0,0.0,0,0.0,1,1,1.0,0,0.0,0,0.0,0,0.0,0,0.0,0,0.0,0,0.0,0,0.0,1,1.0,0,0.0,0,0.0,1,1.0,1,1.0,1,1.0,0,0.0,0,0.0,1,0,1,0,0.0,0,0.0,0,0,0,0,0,0,0,,0,0,0,,0,0,0,,0,0,0,,0,0,0,,0,0,0,,0,0,0,,0,0,0,,0,0,0,,0,0,0,,0,0,0,,0,0,0,,0,0,0,,0,0,0,,0,0,0,,0,0,0,,0,0,0,,0,0,0,,0,0,0,,0,0,0,,0,0,0,,0,0,0,,0,0,0,,0,0,0,,0,0,0,,0,0,0,,0,0,0,,0,0,0,,0,1,0,0.0,0,0.0,0,0.0,0,0.0,0,0.0,0,0.0,0,0.0,0,0.0,,,not_applicable,,,,,,,,,,,,,,,,,,,,,0,context-aggregation-v1.0-2026-07-27,article-features-v1.0-2026-07-27,context-cards-v1.0-pilot67-2026-07-27
SCC-2021-05,SCC-2021-05:Guildford East,SCC-PARTY-42dc7e4f3f94,individual,90_to_31_days,surrey_wide_local,1,1,1,1,0,0,1,1,0,1,0,0.0,0,0.0,0,0.0,0,0.0,,not_extracted,0,0.0,0,0.0,0,0.0,0,0.0,0,0.0,0,0.0,1,1,1.0,0,0.0,0,0.0,0,0.0,0,0.0,0,0.0,0,0.0,0,0.0,1,1.0,0,0.0,0,0.0,1,1.0,1,1.0,1,1.0,0,0.0,0,0.0,1,0,1,0,0.0,0,0.0,0,0,0,0,0,0,0,,0,0,0,,0,0,0,,0,0,0,,0,0,0,,0,0,0,,0,0,0,,0,0,0,,0,0,0,,0,0,0,,0,0,0,,0,0,0,,0,0,0,,0,0,0,,0,0,0,,0,0,0,,0,0,0,,0,0,0,,0,0,0,,0,0,0,,0,0,0,,0,0,0,,0,0,0,,0,0,0,,0,0,0,,0,0,0,,0,0,0,,0,0,0,,0,1,0,0.0,0,0.0,0,0.0,0,0.0,0,0.0,0,0.0,0,0.0,0,0.0,,,not_applicable,,,,,,,,,,,,,,,,,,,,,0,context-aggregation-v1.0-2026-07-27,article-features-v1.0-2026-07-27,context-cards-v1.0-pilot67-2026-07-27
SCC-2021-05,SCC-2021-05:Guildford East,SCC-PARTY-ec762c976078,cumulative,previous_180_days,surrey_wide_local,1,1,1,1,0,0,1,2,0,1,0,0.0,0,0.0,0,0.0,0,0.0,,not_extracted,0,0.0,0,0.0,0,0.0,0,0.0,0,0.0,0,0.0,1,1,1.0,0,0.0,0,0.0,0,0.0,0,0.0,0,0.0,0,0.0,0,0.0,1,1.0,0,0.0,0,0.0,1,1.0,1,1.0,1,1.0,0,0.0,0,0.0,1,0,1,0,0.0,0,0.0,0,0,0,0,0,0,0,,0,0,0,,0,0,0,,0,0,0,,0,0,0,,0,0,0,,0,0,0,,0,0,0,,0,0,0,,0,0,0,,0,0,0,,0,0,0,,0,0,0,,0,0,0,,0,0,0,,0,0,0,,0,0,0,,0,0,0,,0,0,0,,0,0,0,,0,0,0,,0,0,0,,0,0,0,,0,0,0,,0,0,0,,0,0,0,,0,0,0,,0,0,0,,0,1,0,0.0,0,0.0,0,0.0,0,0.0,0,0.0,0,0.0,0,0.0,0,0.0,,,not_applicable,,,,,,,,,,,,,,,,,,,,,0,context-aggregation-v1.0-2026-07-27,article-features-v1.0-2026-07-27,context-cards-v1.0-pilot67-2026-07-27
SCC-2021-05,SCC-2021-05:Guildford East,SCC-PARTY-ec762c976078,cumulative,previous_90_days,surrey_wide_local,1,1,1,1,0,0,1,2,0,1,0,0.0,0,0.0,0,0.0,0,0.0,,not_extracted,0,0.0,0,0.0,0,0.0,0,0.0,0,0.0,0,0.0,1,1,1.0,0,0.0,0,0.0,0,0.0,0,0.0,0,0.0,0,0.0,0,0.0,1,1.0,0,0.0,0,0.0,1,1.0,1,1.0,1,1.0,0,0.0,0,0.0,1,0,1,0,0.0,0,0.0,0,0,0,0,0,0,0,,0,0,0,,0,0,0,,0,0,0,,0,0,0,,0,0,0,,0,0,0,,0,0,0,,0,0,0,,0,0,0,,0,0,0,,0,0,0,,0,0,0,,0,0,0,,0,0,0,,0,0,0,,0,0,0,,0,0,0,,0,0,0,,0,0,0,,0,0,0,,0,0,0,,0,0,0,,0,0,0,,0,0,0,,0,0,0,,0,0,0,,0,0,0,,0,1,0,0.0,0,0.0,0,0.0,0,0.0,0,0.0,0,0.0,0,0.0,0,0.0,,,not_applicable,,,,,,,,,,,,,,,,,,,,,0,context-aggregation-v1.0-2026-07-27,article-features-v1.0-2026-07-27,context-cards-v1.0-pilot67-2026-07-27
SCC-2021-05,SCC-2021-05:Guildford East,SCC-PARTY-ec762c976078,individual,90_to_31_days,surrey_wide_local,1,1,1,1,0,0,1,2,0,1,0,0.0,0,0.0,0,0.0,0,0.0,,not_extracted,0,0.0,0,0.0,0,0.0,0,0.0,0,0.0,0,0.0,1,1,1.0,0,0.0,0,0.0,0,0.0,0,0.0,0,0.0,0,0.0,0,0.0,1,1.0,0,0.0,0,0.0,1,1.0,1,1.0,1,1.0,0,0.0,0,0.0,1,0,1,0,0.0,0,0.0,0,0,0,0,0,0,0,,0,0,0,,0,0,0,,0,0,0,,0,0,0,,0,0,0,,0,0,0,,0,0,0,,0,0,0,,0,0,0,,0,0,0,,0,0,0,,0,0,0,,0,0,0,,0,0,0,,0,0,0,,0,0,0,,0,0,0,,0,0,0,,0,0,0,,0,0,0,,0,0,0,,0,0,0,,0,0,0,,0,0,0,,0,0,0,,0,0,0,,0,0,0,,0,1,0,0.0,0,0.0,0,0.0,0,0.0,0,0.0,0,0.0,0,0.0,0,0.0,,,not_applicable,,,,,,,,,,,,,,,,,,,,,0,context-aggregation-v1.0-2026-07-27,article-features-v1.0-2026-07-27,context-cards-v1.0-pilot67-2026-07-27
SCC-2021-05,SCC-2021-05:Guildford South-East,SCC-PARTY-01e2626484b0,cumulative,previous_180_days,surrey_wide_local,1,1,1,1,0,0,1,1,0,1,0,0.0,0,0.0,0,0.0,0,0.0,,not_extracted,0,0.0,0,0.0,0,0.0,0,0.0,0,0.0,0,0.0,1,1,1.0,0,0.0,0,0.0,0,0.0,0,0.0,0,0.0,0,0.0,0,0.0,1,1.0,0,0.0,0,0.0,1,1.0,1,1.0,1,1.0,0,0.0,0,0.0,1,0,1,0,0.0,0,0.0,0,0,0,0,0,0,0,,0,0,0,,0,0,0,,0,0,0,,0,0,0,,0,0,0,,0,0,0,,0,0,0,,0,0,0,,0,0,0,,0,0,0,,0,0,0,,0,0,0,,0,0,0,,0,0,0,,0,0,0,,0,0,0,,0,0,0,,0,0,0,,0,0,0,,0,0,0,,0,0,0,,0,0,0,,0,0,0,,0,0,0,,0,0,0,,0,0,0,,0,0,0,,0,1,0,0.0,0,0.0,0,0.0,0,0.0,0,0.0,0,0.0,0,0.0,0,0.0,,,not_applicable,,,,,,,,,,,,,,,,,,,,,0,context-aggregation-v1.0-2026-07-27,article-features-v1.0-2026-07-27,context-cards-v1.0-pilot67-2026-07-27
SCC-2021-05,SCC-2021-05:Guildford South-East,SCC-PARTY-01e2626484b0,cumulative,previous_90_days,surrey_wide_local,1,1,1,1,0,0,1,1,0,1,0,0.0,0,0.0,0,0.0,0,0.0,,not_extracted,0,0.0,0,0.0,0,0.0,0,0.0,0,0.0,0,0.0,1,1,1.0,0,0.0,0,0.0,0,0.0,0,0.0,0,0.0,0,0.0,0,0.0,1,1.0,0,0.0,0,0.0,1,1.0,1,1.0,1,1.0,0,0.0,0,0.0,1,0,1,0,0.0,0,0.0,0,0,0,0,0,0,0,,0,0,0,,0,0,0,,0,0,0,,0,0,0,,0,0,0,,0,0,0,,0,0,0,,0,0,0,,0,0,0,,0,0,0,,0,0,0,,0,0,0,,0,0,0,,0,0,0,,0,0,0,,0,0,0,,0,0,0,,0,0,0,,0,0,0,,0,0,0,,0,0,0,,0,0,0,,0,0,0,,0,0,0,,0,0,0,,0,0,0,,0,0,0,,0,1,0,0.0,0,0.0,0,0.0,0,0.0,0,0.0,0,0.0,0,0.0,0,0.0,,,not_applicable,,,,,,,,,,,,,,,,,,,,,0,context-aggregation-v1.0-2026-07-27,article-features-v1.0-2026-07-27,context-cards-v1.0-pilot67-2026-07-27
SCC-2021-05,SCC-2021-05:Guildford South-East,SCC-PARTY-01e2626484b0,individual,90_to_31_days,surrey_wide_local,1,1,1,1,0,0,1,1,0,1,0,0.0,0,0.0,0,0.0,0,0.0,,not_extracted,0,0.0,0,0.0,0,0.0,0,0.0,0,0.0,0,0.0,1,1,1.0,0,0.0,0,0.0,0,0.0,0,0.0,0,0.0,0,0.0,0,0.0,1,1.0,0,0.0,0,0.0,1,1.0,1,1.0,1,1.0,0,0.0,0,0.0,1,0,1,0,0.0,0,0.0,0,0,0,0,0,0,0,,0,0,0,,0,0,0,,0,0,0,,0,0,0,,0,0,0,,0,0,0,,0,0,0,,0,0,0,,0,0,0,,0,0,0,,0,0,0,,0,0,0,,0,0,0,,0,0,0,,0,0,0,,0,0,0,,0,0,0,,0,0,0,,0,0,0,,0,0,0,,0,0,0,,0,0,0,,0,0,0,,0,0,0,,0,0,0,,0,0,0,,0,0,0,,0,1,0,0.0,0,0.0,0,0.0,0,0.0,0,0.0,0,0.0,0,0.0,0,0.0,,,not_applicable,,,,,,,,,,,,,,,,,,,,,0,context-aggregation-v1.0-2026-07-27,article-features-v1.0-2026-07-27,context-cards-v1.0-pilot67-2026-07-27
SCC-2021-05,SCC-2021-05:Guildford South-East,SCC-PARTY-26172d220117,cumulative,previous_180_days,surrey_wide_local,1,1,1,1,0,0,1,1,0,1,0,0.0,0,0.0,0,0.0,0,0.0,,not_extracted,0,0.0,0,0.0,0,0.0,0,0.0,0,0.0,0,0.0,1,1,1.0,0,0.0,0,0.0,0,0.0,0,0.0,0,0.0,0,0.0,0,0.0,1,1.0,0,0.0,0,0.0,1,1.0,1,1.0,1,1.0,0,0.0,0,0.0,1,0,1,0,0.0,0,0.0,0,0,0,0,0,0,0,,0,0,0,,0,0,0,,0,0,0,,0,0,0,,0,0,0,,0,0,0,,0,0,0,,0,0,0,,0,0,0,,0,0,0,,0,0,0,,0,0,0,,0,0,0,,0,0,0,,0,0,0,,0,0,0,,0,0,0,,0,0,0,,0,0,0,,0,0,0,,0,0,0,,0,0,0,,0,0,0,,0,0,0,,0,0,0,,0,0,0,,0,0,0,,0,1,0,0.0,1,1.0,0,0.0,0,0.0,0,0.0,0,0.0,0,0.0,0,0.0,,,not_applicable,,,,,,,,,,,,,,,,,,,,,0,context-aggregation-v1.0-2026-07-27,article-features-v1.0-2026-07-27,context-cards-v1.0-pilot67-2026-07-27
SCC-2021-05,SCC-2021-05:Guildford South-East,SCC-PARTY-26172d220117,cumulative,previous_90_days,surrey_wide_local,1,1,1,1,0,0,1,1,0,1,0,0.0,0,0.0,0,0.0,0,0.0,,not_extracted,0,0.0,0,0.0,0,0.0,0,0.0,0,0.0,0,0.0,1,1,1.0,0,0.0,0,0.0,0,0.0,0,0.0,0,0.0,0,0.0,0,0.0,1,1.0,0,0.0,0,0.0,1,1.0,1,1.0,1,1.0,0,0.0,0,0.0,1,0,1,0,0.0,0,0.0,0,0,0,0,0,0,0,,0,0,0,,0,0,0,,0,0,0,,0,0,0,,0,0,0,,0,0,0,,0,0,0,,0,0,0,,0,0,0,,0,0,0,,0,0,0,,0,0,0,,0,0,0,,0,0,0,,0,0,0,,0,0,0,,0,0,0,,0,0,0,,0,0,0,,0,0,0,,0,0,0,,0,0,0,,0,0,0,,0,0,0,,0,0,0,,0,0,0,,0,0,0,,0,1,0,0.0,1,1.0,0,0.0,0,0.0,0,0.0,0,0.0,0,0.0,0,0.0,,,not_applicable,,,,,,,,,,,,,,,,,,,,,0,context-aggregation-v1.0-2026-07-27,article-features-v1.0-2026-07-27,context-cards-v1.0-pilot67-2026-07-27
SCC-2021-05,SCC-2021-05:Guildford South-East,SCC-PARTY-26172d220117,individual,90_to_31_days,surrey_wide_local,1,1,1,1,0,0,1,1,0,1,0,0.0,0,0.0,0,0.0,0,0.0,,not_extracted,0,0.0,0,0.0,0,0.0,0,0.0,0,0.0,0,0.0,1,1,1.0,0,0.0,0,0.0,0,0.0,0,0.0,0,0.0,0,0.0,0,0.0,1,1.0,0,0.0,0,0.0,1,1.0,1,1.0,1,1.0,0,0.0,0,0.0,1,0,1,0,0.0,0,0.0,0,0,0,0,0,0,0,,0,0,0,,0,0,0,,0,0,0,,0,0,0,,0,0,0,,0,0,0,,0,0,0,,0,0,0,,0,0,0,,0,0,0,,0,0,0,,0,0,0,,0,0,0,,0,0,0,,0,0,0,,0,0,0,,0,0,0,,0,0,0,,0,0,0,,0,0,0,,0,0,0,,0,0,0,,0,0,0,,0,0,0,,0,0,0,,0,0,0,,0,0,0,,0,1,0,0.0,1,1.0,0,0.0,0,0.0,0,0.0,0,0.0,0,0.0,0,0.0,,,not_applicable,,,,,,,,,,,,,,,,,,,,,0,context-aggregation-v1.0-2026-07-27,article-features-v1.0-2026-07-27,context-cards-v1.0-pilot67-2026-07-27
SCC-2021-05,SCC-2021-05:Guildford South-East,SCC-PARTY-411cd345ed8f,cumulative,previous_180_days,surrey_wide_local,1,1,1,1,0,0,1,1,0,1,0,0.0,0,0.0,0,0.0,0,0.0,,not_extracted,0,0.0,0,0.0,0,0.0,0,0.0,0,0.0,0,0.0,1,1,1.0,0,0.0,0,0.0,0,0.0,0,0.0,0,0.0,0,0.0,0,0.0,1,1.0,0,0.0,0,0.0,1,1.0,1,1.0,1,1.0,0,0.0,0,0.0,1,0,1,0,0.0,0,0.0,0,0,0,0,0,0,0,,0,0,0,,0,0,0,,0,0,0,,0,0,0,,0,0,0,,0,0,0,,0,0,0,,0,0,0,,0,0,0,,0,0,0,,0,0,0,,0,0,0,,0,0,0,,0,0,0,,0,0,0,,0,0,0,,0,0,0,,0,0,0,,0,0,0,,0,0,0,,0,0,0,,0,0,0,,0,0,0,,0,0,0,,0,0,0,,0,0,0,,0,0,0,,0,1,0,0.0,0,0.0,0,0.0,0,0.0,0,0.0,0,0.0,0,0.0,0,0.0,,,not_applicable,,,,,,,,,,,,,,,,,,,,,0,context-aggregation-v1.0-2026-07-27,article-features-v1.0-2026-07-27,context-cards-v1.0-pilot67-2026-07-27
SCC-2021-05,SCC-2021-05:Guildford South-East,SCC-PARTY-411cd345ed8f,cumulative,previous_90_days,surrey_wide_local,1,1,1,1,0,0,1,1,0,1,0,0.0,0,0.0,0,0.0,0,0.0,,not_extracted,0,0.0,0,0.0,0,0.0,0,0.0,0,0.0,0,0.0,1,1,1.0,0,0.0,0,0.0,0,0.0,0,0.0,0,0.0,0,0.0,0,0.0,1,1.0,0,0.0,0,0.0,1,1.0,1,1.0,1,1.0,0,0.0,0,0.0,1,0,1,0,0.0,0,0.0,0,0,0,0,0,0,0,,0,0,0,,0,0,0,,0,0,0,,0,0,0,,0,0,0,,0,0,0,,0,0,0,,0,0,0,,0,0,0,,0,0,0,,0,0,0,,0,0,0,,0,0,0,,0,0,0,,0,0,0,,0,0,0,,0,0,0,,0,0,0,,0,0,0,,0,0,0,,0,0,0,,0,0,0,,0,0,0,,0,0,0,,0,0,0,,0,0,0,,0,0,0,,0,1,0,0.0,0,0.0,0,0.0,0,0.0,0,0.0,0,0.0,0,0.0,0,0.0,,,not_applicable,,,,,,,,,,,,,,,,,,,,,0,context-aggregation-v1.0-2026-07-27,article-features-v1.0-2026-07-27,context-cards-v1.0-pilot67-2026-07-27
SCC-2021-05,SCC-2021-05:Guildford South-East,SCC-PARTY-411cd345ed8f,individual,90_to_31_days,surrey_wide_local,1,1,1,1,0,0,1,1,0,1,0,0.0,0,0.0,0,0.0,0,0.0,,not_extracted,0,0.0,0,0.0,0,0.0,0,0.0,0,0.0,0,0.0,1,1,1.0,0,0.0,0,0.0,0,0.0,0,0.0,0,0.0,0,0.0,0,0.0,1,1.0,0,0.0,0,0.0,1,1.0,1,1.0,1,1.0,0,0.0,0,0.0,1,0,1,0,0.0,0,0.0,0,0,0,0,0,0,0,,0,0,0,,0,0,0,,0,0,0,,0,0,0,,0,0,0,,0,0,0,,0,0,0,,0,0,0,,0,0,0,,0,0,0,,0,0,0,,0,0,0,,0,0,0,,0,0,0,,0,0,0,,0,0,0,,0,0,0,,0,0,0,,0,0,0,,0,0,0,,0,0,0,,0,0,0,,0,0,0,,0,0,0,,0,0,0,,0,0,0,,0,0,0,,0,1,0,0.0,0,0.0,0,0.0,0,0.0,0,0.0,0,0.0,0,0.0,0,0.0,,,not_applicable,,,,,,,,,,,,,,,,,,,,,0,context-aggregation-v1.0-2026-07-27,article-features-v1.0-2026-07-27,context-cards-v1.0-pilot67-2026-07-27
SCC-2021-05,SCC-2021-05:Guildford South-East,SCC-PARTY-42dc7e4f3f94,cumulative,previous_180_days,surrey_wide_local,1,1,1,1,0,0,1,1,0,1,0,0.0,0,0.0,0,0.0,0,0.0,,not_extracted,0,0.0,0,0.0,0,0.0,0,0.0,0,0.0,0,0.0,1,1,1.0,0,0.0,0,0.0,0,0.0,0,0.0,0,0.0,0,0.0,0,0.0,1,1.0,0,0.0,0,0.0,1,1.0,1,1.0,1,1.0,0,0.0,0,0.0,1,0,1,0,0.0,0,0.0,0,0,0,0,0,0,0,,0,0,0,,0,0,0,,0,0,0,,0,0,0,,0,0,0,,0,0,0,,0,0,0,,0,0,0,,0,0,0,,0,0,0,,0,0,0,,0,0,0,,0,0,0,,0,0,0,,0,0,0,,0,0,0,,0,0,0,,0,0,0,,0,0,0,,0,0,0,,0,0,0,,0,0,0,,0,0,0,,0,0,0,,0,0,0,,0,0,0,,0,0,0,,0,1,0,0.0,0,0.0,0,0.0,0,0.0,0,0.0,0,0.0,0,0.0,0,0.0,,,not_applicable,,,,,,,,,,,,,,,,,,,,,0,context-aggregation-v1.0-2026-07-27,article-features-v1.0-2026-07-27,context-cards-v1.0-pilot67-2026-07-27
SCC-2021-05,SCC-2021-05:Guildford South-East,SCC-PARTY-42dc7e4f3f94,cumulative,previous_90_days,surrey_wide_local,1,1,1,1,0,0,1,1,0,1,0,0.0,0,0.0,0,0.0,0,0.0,,not_extracted,0,0.0,0,0.0,0,0.0,0,0.0,0,0.0,0,0.0,1,1,1.0,0,0.0,0,0.0,0,0.0,0,0.0,0,0.0,0,0.0,0,0.0,1,1.0,0,0.0,0,0.0,1,1.0,1,1.0,1,1.0,0,0.0,0,0.0,1,0,1,0,0.0,0,0.0,0,0,0,0,0,0,0,,0,0,0,,0,0,0,,0,0,0,,0,0,0,,0,0,0,,0,0,0,,0,0,0,,0,0,0,,0,0,0,,0,0,0,,0,0,0,,0,0,0,,0,0,0,,0,0,0,,0,0,0,,0,0,0,,0,0,0,,0,0,0,,0,0,0,,0,0,0,,0,0,0,,0,0,0,,0,0,0,,0,0,0,,0,0,0,,0,0,0,,0,0,0,,0,1,0,0.0,0,0.0,0,0.0,0,0.0,0,0.0,0,0.0,0,0.0,0,0.0,,,not_applicable,,,,,,,,,,,,,,,,,,,,,0,context-aggregation-v1.0-2026-07-27,article-features-v1.0-2026-07-27,context-cards-v1.0-pilot67-2026-07-27
SCC-2021-05,SCC-2021-05:Guildford South-East,SCC-PARTY-42dc7e4f3f94,individual,90_to_31_days,surrey_wide_local,1,1,1,1,0,0,1,1,0,1,0,0.0,0,0.0,0,0.0,0,0.0,,not_extracted,0,0.0,0,0.0,0,0.0,0,0.0,0,0.0,0,0.0,1,1,1.0,0,0.0,0,0.0,0,0.0,0,0.0,0,0.0,0,0.0,0,0.0,1,1.0,0,0.0,0,0.0,1,1.0,1,1.0,1,1.0,0,0.0,0,0.0,1,0,1,0,0.0,0,0.0,0,0,0,0,0,0,0,,0,0,0,,0,0,0,,0,0,0,,0,0,0,,0,0,0,,0,0,0,,0,0,0,,0,0,0,,0,0,0,,0,0,0,,0,0,0,,0,0,0,,0,0,0,,0,0,0,,0,0,0,,0,0,0,,0,0,0,,0,0,0,,0,0,0,,0,0,0,,0,0,0,,0,0,0,,0,0,0,,0,0,0,,0,0,0,,0,0,0,,0,0,0,,0,1,0,0.0,0,0.0,0,0.0,0,0.0,0,0.0,0,0.0,0,0.0,0,0.0,,,not_applicable,,,,,,,,,,,,,,,,,,,,,0,context-aggregation-v1.0-2026-07-27,article-features-v1.0-2026-07-27,context-cards-v1.0-pilot67-2026-07-27
SCC-2021-05,SCC-2021-05:Guildford South-East,SCC-PARTY-ec762c976078,cumulative,previous_180_days,surrey_wide_local,1,1,1,1,0,0,1,2,0,1,0,0.0,0,0.0,0,0.0,0,0.0,,not_extracted,0,0.0,0,0.0,0,0.0,0,0.0,0,0.0,0,0.0,1,1,1.0,0,0.0,0,0.0,0,0.0,0,0.0,0,0.0,0,0.0,0,0.0,1,1.0,0,0.0,0,0.0,1,1.0,1,1.0,1,1.0,0,0.0,0,0.0,1,0,1,0,0.0,0,0.0,0,0,0,0,0,0,0,,0,0,0,,0,0,0,,0,0,0,,0,0,0,,0,0,0,,0,0,0,,0,0,0,,0,0,0,,0,0,0,,0,0,0,,0,0,0,,0,0,0,,0,0,0,,0,0,0,,0,0,0,,0,0,0,,0,0,0,,0,0,0,,0,0,0,,0,0,0,,0,0,0,,0,0,0,,0,0,0,,0,0,0,,0,0,0,,0,0,0,,0,0,0,,0,1,0,0.0,0,0.0,0,0.0,0,0.0,0,0.0,0,0.0,0,0.0,0,0.0,,,not_applicable,,,,,,,,,,,,,,,,,,,,,0,context-aggregation-v1.0-2026-07-27,article-features-v1.0-2026-07-27,context-cards-v1.0-pilot67-2026-07-27
SCC-2021-05,SCC-2021-05:Guildford South-East,SCC-PARTY-ec762c976078,cumulative,previous_90_days,surrey_wide_local,1,1,1,1,0,0,1,2,0,1,0,0.0,0,0.0,0,0.0,0,0.0,,not_extracted,0,0.0,0,0.0,0,0.0,0,0.0,0,0.0,0,0.0,1,1,1.0,0,0.0,0,0.0,0,0.0,0,0.0,0,0.0,0,0.0,0,0.0,1,1.0,0,0.0,0,0.0,1,1.0,1,1.0,1,1.0,0,0.0,0,0.0,1,0,1,0,0.0,0,0.0,0,0,0,0,0,0,0,,0,0,0,,0,0,0,,0,0,0,,0,0,0,,0,0,0,,0,0,0,,0,0,0,,0,0,0,,0,0,0,,0,0,0,,0,0,0,,0,0,0,,0,0,0,,0,0,0,,0,0,0,,0,0,0,,0,0,0,,0,0,0,,0,0,0,,0,0,0,,0,0,0,,0,0,0,,0,0,0,,0,0,0,,0,0,0,,0,0,0,,0,0,0,,0,1,0,0.0,0,0.0,0,0.0,0,0.0,0,0.0,0,0.0,0,0.0,0,0.0,,,not_applicable,,,,,,,,,,,,,,,,,,,,,0,context-aggregation-v1.0-2026-07-27,article-features-v1.0-2026-07-27,context-cards-v1.0-pilot67-2026-07-27
SCC-2021-05,SCC-2021-05:Guildford South-East,SCC-PARTY-ec762c976078,individual,90_to_31_days,surrey_wide_local,1,1,1,1,0,0,1,2,0,1,0,0.0,0,0.0,0,0.0,0,0.0,,not_extracted,0,0.0,0,0.0,0,0.0,0,0.0,0,0.0,0,0.0,1,1,1.0,0,0.0,0,0.0,0,0.0,0,0.0,0,0.0,0,0.0,0,0.0,1,1.0,0,0.0,0,0.0,1,1.0,1,1.0,1,1.0,0,0.0,0,0.0,1,0,1,0,0.0,0,0.0,0,0,0,0,0,0,0,,0,0,0,,0,0,0,,0,0,0,,0,0,0,,0,0,0,,0,0,0,,0,0,0,,0,0,0,,0,0,0,,0,0,0,,0,0,0,,0,0,0,,0,0,0,,0,0,0,,0,0,0,,0,0,0,,0,0,0,,0,0,0,,0,0,0,,0,0,0,,0,0,0,,0,0,0,,0,0,0,,0,0,0,,0,0,0,,0,0,0,,0,0,0,,0,1,0,0.0,0,0.0,0,0.0,0,0.0,0,0.0,0,0.0,0,0.0,0,0.0,,,not_applicable,,,,,,,,,,,,,,,,,,,,,0,context-aggregation-v1.0-2026-07-27,article-features-v1.0-2026-07-27,context-cards-v1.0-pilot67-2026-07-27
SCC-2021-05,SCC-2021-05:Guildford South-West,SCC-PARTY-01e2626484b0,cumulative,previous_180_days,surrey_wide_local,1,1,1,1,0,0,1,1,0,1,0,0.0,0,0.0,0,0.0,0,0.0,,not_extracted,0,0.0,0,0.0,0,0.0,0,0.0,0,0.0,0,0.0,1,1,1.0,0,0.0,0,0.0,0,0.0,0,0.0,0,0.0,0,0.0,0,0.0,1,1.0,0,0.0,0,0.0,1,1.0,1,1.0,1,1.0,0,0.0,0,0.0,1,0,1,0,0.0,0,0.0,0,0,0,0,0,0,0,,0,0,0,,0,0,0,,0,0,0,,0,0,0,,0,0,0,,0,0,0,,0,0,0,,0,0,0,,0,0,0,,0,0,0,,0,0,0,,0,0,0,,0,0,0,,0,0,0,,0,0,0,,0,0,0,,0,0,0,,0,0,0,,0,0,0,,0,0,0,,0,0,0,,0,0,0,,0,0,0,,0,0,0,,0,0,0,,0,0,0,,0,0,0,,0,1,0,0.0,0,0.0,0,0.0,0,0.0,0,0.0,0,0.0,0,0.0,0,0.0,,,not_applicable,,,,,,,,,,,,,,,,,,,,,0,context-aggregation-v1.0-2026-07-27,article-features-v1.0-2026-07-27,context-cards-v1.0-pilot67-2026-07-27
SCC-2021-05,SCC-2021-05:Guildford South-West,SCC-PARTY-01e2626484b0,cumulative,previous_90_days,surrey_wide_local,1,1,1,1,0,0,1,1,0,1,0,0.0,0,0.0,0,0.0,0,0.0,,not_extracted,0,0.0,0,0.0,0,0.0,0,0.0,0,0.0,0,0.0,1,1,1.0,0,0.0,0,0.0,0,0.0,0,0.0,0,0.0,0,0.0,0,0.0,1,1.0,0,0.0,0,0.0,1,1.0,1,1.0,1,1.0,0,0.0,0,0.0,1,0,1,0,0.0,0,0.0,0,0,0,0,0,0,0,,0,0,0,,0,0,0,,0,0,0,,0,0,0,,0,0,0,,0,0,0,,0,0,0,,0,0,0,,0,0,0,,0,0,0,,0,0,0,,0,0,0,,0,0,0,,0,0,0,,0,0,0,,0,0,0,,0,0,0,,0,0,0,,0,0,0,,0,0,0,,0,0,0,,0,0,0,,0,0,0,,0,0,0,,0,0,0,,0,0,0,,0,0,0,,0,1,0,0.0,0,0.0,0,0.0,0,0.0,0,0.0,0,0.0,0,0.0,0,0.0,,,not_applicable,,,,,,,,,,,,,,,,,,,,,0,context-aggregation-v1.0-2026-07-27,article-features-v1.0-2026-07-27,context-cards-v1.0-pilot67-2026-07-27
SCC-2021-05,SCC-2021-05:Guildford South-West,SCC-PARTY-01e2626484b0,individual,90_to_31_days,surrey_wide_local,1,1,1,1,0,0,1,1,0,1,0,0.0,0,0.0,0,0.0,0,0.0,,not_extracted,0,0.0,0,0.0,0,0.0,0,0.0,0,0.0,0,0.0,1,1,1.0,0,0.0,0,0.0,0,0.0,0,0.0,0,0.0,0,0.0,0,0.0,1,1.0,0,0.0,0,0.0,1,1.0,1,1.0,1,1.0,0,0.0,0,0.0,1,0,1,0,0.0,0,0.0,0,0,0,0,0,0,0,,0,0,0,,0,0,0,,0,0,0,,0,0,0,,0,0,0,,0,0,0,,0,0,0,,0,0,0,,0,0,0,,0,0,0,,0,0,0,,0,0,0,,0,0,0,,0,0,0,,0,0,0,,0,0,0,,0,0,0,,0,0,0,,0,0,0,,0,0,0,,0,0,0,,0,0,0,,0,0,0,,0,0,0,,0,0,0,,0,0,0,,0,0,0,,0,1,0,0.0,0,0.0,0,0.0,0,0.0,0,0.0,0,0.0,0,0.0,0,0.0,,,not_applicable,,,,,,,,,,,,,,,,,,,,,0,context-aggregation-v1.0-2026-07-27,article-features-v1.0-2026-07-27,context-cards-v1.0-pilot67-2026-07-27
SCC-2021-05,SCC-2021-05:Guildford South-West,SCC-PARTY-26172d220117,cumulative,previous_180_days,surrey_wide_local,1,1,1,1,0,0,1,1,0,1,0,0.0,0,0.0,0,0.0,0,0.0,,not_extracted,0,0.0,0,0.0,0,0.0,0,0.0,0,0.0,0,0.0,1,1,1.0,0,0.0,0,0.0,0,0.0,0,0.0,0,0.0,0,0.0,0,0.0,1,1.0,0,0.0,0,0.0,1,1.0,1,1.0,1,1.0,0,0.0,0,0.0,1,0,1,0,0.0,0,0.0,0,0,0,0,0,0,0,,0,0,0,,0,0,0,,0,0,0,,0,0,0,,0,0,0,,0,0,0,,0,0,0,,0,0,0,,0,0,0,,0,0,0,,0,0,0,,0,0,0,,0,0,0,,0,0,0,,0,0,0,,0,0,0,,0,0,0,,0,0,0,,0,0,0,,0,0,0,,0,0,0,,0,0,0,,0,0,0,,0,0,0,,0,0,0,,0,0,0,,0,0,0,,0,1,0,0.0,1,1.0,0,0.0,0,0.0,0,0.0,0,0.0,0,0.0,0,0.0,,,not_applicable,,,,,,,,,,,,,,,,,,,,,0,context-aggregation-v1.0-2026-07-27,article-features-v1.0-2026-07-27,context-cards-v1.0-pilot67-2026-07-27
SCC-2021-05,SCC-2021-05:Guildford South-West,SCC-PARTY-26172d220117,cumulative,previous_90_days,surrey_wide_local,1,1,1,1,0,0,1,1,0,1,0,0.0,0,0.0,0,0.0,0,0.0,,not_extracted,0,0.0,0,0.0,0,0.0,0,0.0,0,0.0,0,0.0,1,1,1.0,0,0.0,0,0.0,0,0.0,0,0.0,0,0.0,0,0.0,0,0.0,1,1.0,0,0.0,0,0.0,1,1.0,1,1.0,1,1.0,0,0.0,0,0.0,1,0,1,0,0.0,0,0.0,0,0,0,0,0,0,0,,0,0,0,,0,0,0,,0,0,0,,0,0,0,,0,0,0,,0,0,0,,0,0,0,,0,0,0,,0,0,0,,0,0,0,,0,0,0,,0,0,0,,0,0,0,,0,0,0,,0,0,0,,0,0,0,,0,0,0,,0,0,0,,0,0,0,,0,0,0,,0,0,0,,0,0,0,,0,0,0,,0,0,0,,0,0,0,,0,0,0,,0,0,0,,0,1,0,0.0,1,1.0,0,0.0,0,0.0,0,0.0,0,0.0,0,0.0,0,0.0,,,not_applicable,,,,,,,,,,,,,,,,,,,,,0,context-aggregation-v1.0-2026-07-27,article-features-v1.0-2026-07-27,context-cards-v1.0-pilot67-2026-07-27
SCC-2021-05,SCC-2021-05:Guildford South-West,SCC-PARTY-26172d220117,individual,90_to_31_days,surrey_wide_local,1,1,1,1,0,0,1,1,0,1,0,0.0,0,0.0,0,0.0,0,0.0,,not_extracted,0,0.0,0,0.0,0,0.0,0,0.0,0,0.0,0,0.0,1,1,1.0,0,0.0,0,0.0,0,0.0,0,0.0,0,0.0,0,0.0,0,0.0,1,1.0,0,0.0,0,0.0,1,1.0,1,1.0,1,1.0,0,0.0,0,0.0,1,0,1,0,0.0,0,0.0,0,0,0,0,0,0,0,,0,0,0,,0,0,0,,0,0,0,,0,0,0,,0,0,0,,0,0,0,,0,0,0,,0,0,0,,0,0,0,,0,0,0,,0,0,0,,0,0,0,,0,0,0,,0,0,0,,0,0,0,,0,0,0,,0,0,0,,0,0,0,,0,0,0,,0,0,0,,0,0,0,,0,0,0,,0,0,0,,0,0,0,,0,0,0,,0,0,0,,0,0,0,,0,1,0,0.0,1,1.0,0,0.0,0,0.0,0,0.0,0,0.0,0,0.0,0,0.0,,,not_applicable,,,,,,,,,,,,,,,,,,,,,0,context-aggregation-v1.0-2026-07-27,article-features-v1.0-2026-07-27,context-cards-v1.0-pilot67-2026-07-27
SCC-2021-05,SCC-2021-05:Guildford South-West,SCC-PARTY-411cd345ed8f,cumulative,previous_180_days,surrey_wide_local,1,1,1,1,0,0,1,1,0,1,0,0.0,0,0.0,0,0.0,0,0.0,,not_extracted,0,0.0,0,0.0,0,0.0,0,0.0,0,0.0,0,0.0,1,1,1.0,0,0.0,0,0.0,0,0.0,0,0.0,0,0.0,0,0.0,0,0.0,1,1.0,0,0.0,0,0.0,1,1.0,1,1.0,1,1.0,0,0.0,0,0.0,1,0,1,0,0.0,0,0.0,0,0,0,0,0,0,0,,0,0,0,,0,0,0,,0,0,0,,0,0,0,,0,0,0,,0,0,0,,0,0,0,,0,0,0,,0,0,0,,0,0,0,,0,0,0,,0,0,0,,0,0,0,,0,0,0,,0,0,0,,0,0,0,,0,0,0,,0,0,0,,0,0,0,,0,0,0,,0,0,0,,0,0,0,,0,0,0,,0,0,0,,0,0,0,,0,0,0,,0,0,0,,0,1,0,0.0,0,0.0,0,0.0,0,0.0,0,0.0,0,0.0,0,0.0,0,0.0,,,not_applicable,,,,,,,,,,,,,,,,,,,,,0,context-aggregation-v1.0-2026-07-27,article-features-v1.0-2026-07-27,context-cards-v1.0-pilot67-2026-07-27
SCC-2021-05,SCC-2021-05:Guildford South-West,SCC-PARTY-411cd345ed8f,cumulative,previous_90_days,surrey_wide_local,1,1,1,1,0,0,1,1,0,1,0,0.0,0,0.0,0,0.0,0,0.0,,not_extracted,0,0.0,0,0.0,0,0.0,0,0.0,0,0.0,0,0.0,1,1,1.0,0,0.0,0,0.0,0,0.0,0,0.0,0,0.0,0,0.0,0,0.0,1,1.0,0,0.0,0,0.0,1,1.0,1,1.0,1,1.0,0,0.0,0,0.0,1,0,1,0,0.0,0,0.0,0,0,0,0,0,0,0,,0,0,0,,0,0,0,,0,0,0,,0,0,0,,0,0,0,,0,0,0,,0,0,0,,0,0,0,,0,0,0,,0,0,0,,0,0,0,,0,0,0,,0,0,0,,0,0,0,,0,0,0,,0,0,0,,0,0,0,,0,0,0,,0,0,0,,0,0,0,,0,0,0,,0,0,0,,0,0,0,,0,0,0,,0,0,0,,0,0,0,,0,0,0,,0,1,0,0.0,0,0.0,0,0.0,0,0.0,0,0.0,0,0.0,0,0.0,0,0.0,,,not_applicable,,,,,,,,,,,,,,,,,,,,,0,context-aggregation-v1.0-2026-07-27,article-features-v1.0-2026-07-27,context-cards-v1.0-pilot67-2026-07-27
SCC-2021-05,SCC-2021-05:Guildford South-West,SCC-PARTY-411cd345ed8f,individual,90_to_31_days,surrey_wide_local,1,1,1,1,0,0,1,1,0,1,0,0.0,0,0.0,0,0.0,0,0.0,,not_extracted,0,0.0,0,0.0,0,0.0,0,0.0,0,0.0,0,0.0,1,1,1.0,0,0.0,0,0.0,0,0.0,0,0.0,0,0.0,0,0.0,0,0.0,1,1.0,0,0.0,0,0.0,1,1.0,1,1.0,1,1.0,0,0.0,0,0.0,1,0,1,0,0.0,0,0.0,0,0,0,0,0,0,0,,0,0,0,,0,0,0,,0,0,0,,0,0,0,,0,0,0,,0,0,0,,0,0,0,,0,0,0,,0,0,0,,0,0,0,,0,0,0,,0,0,0,,0,0,0,,0,0,0,,0,0,0,,0,0,0,,0,0,0,,0,0,0,,0,0,0,,0,0,0,,0,0,0,,0,0,0,,0,0,0,,0,0,0,,0,0,0,,0,0,0,,0,0,0,,0,1,0,0.0,0,0.0,0,0.0,0,0.0,0,0.0,0,0.0,0,0.0,0,0.0,,,not_applicable,,,,,,,,,,,,,,,,,,,,,0,context-aggregation-v1.0-2026-07-27,article-features-v1.0-2026-07-27,context-cards-v1.0-pilot67-2026-07-27
SCC-2021-05,SCC-2021-05:Guildford South-West,SCC-PARTY-42dc7e4f3f94,cumulative,previous_180_days,surrey_wide_local,1,1,1,1,0,0,1,1,0,1,0,0.0,0,0.0,0,0.0,0,0.0,,not_extracted,0,0.0,0,0.0,0,0.0,0,0.0,0,0.0,0,0.0,1,1,1.0,0,0.0,0,0.0,0,0.0,0,0.0,0,0.0,0,0.0,0,0.0,1,1.0,0,0.0,0,0.0,1,1.0,1,1.0,1,1.0,0,0.0,0,0.0,1,0,1,0,0.0,0,0.0,0,0,0,0,0,0,0,,0,0,0,,0,0,0,,0,0,0,,0,0,0,,0,0,0,,0,0,0,,0,0,0,,0,0,0,,0,0,0,,0,0,0,,0,0,0,,0,0,0,,0,0,0,,0,0,0,,0,0,0,,0,0,0,,0,0,0,,0,0,0,,0,0,0,,0,0,0,,0,0,0,,0,0,0,,0,0,0,,0,0,0,,0,0,0,,0,0,0,,0,0,0,,0,1,0,0.0,0,0.0,0,0.0,0,0.0,0,0.0,0,0.0,0,0.0,0,0.0,,,not_applicable,,,,,,,,,,,,,,,,,,,,,0,context-aggregation-v1.0-2026-07-27,article-features-v1.0-2026-07-27,context-cards-v1.0-pilot67-2026-07-27
SCC-2021-05,SCC-2021-05:Guildford South-West,SCC-PARTY-42dc7e4f3f94,cumulative,previous_90_days,surrey_wide_local,1,1,1,1,0,0,1,1,0,1,0,0.0,0,0.0,0,0.0,0,0.0,,not_extracted,0,0.0,0,0.0,0,0.0,0,0.0,0,0.0,0,0.0,1,1,1.0,0,0.0,0,0.0,0,0.0,0,0.0,0,0.0,0,0.0,0,0.0,1,1.0,0,0.0,0,0.0,1,1.0,1,1.0,1,1.0,0,0.0,0,0.0,1,0,1,0,0.0,0,0.0,0,0,0,0,0,0,0,,0,0,0,,0,0,0,,0,0,0,,0,0,0,,0,0,0,,0,0,0,,0,0,0,,0,0,0,,0,0,0,,0,0,0,,0,0,0,,0,0,0,,0,0,0,,0,0,0,,0,0,0,,0,0,0,,0,0,0,,0,0,0,,0,0,0,,0,0,0,,0,0,0,,0,0,0,,0,0,0,,0,0,0,,0,0,0,,0,0,0,,0,0,0,,0,1,0,0.0,0,0.0,0,0.0,0,0.0,0,0.0,0,0.0,0,0.0,0,0.0,,,not_applicable,,,,,,,,,,,,,,,,,,,,,0,context-aggregation-v1.0-2026-07-27,article-features-v1.0-2026-07-27,context-cards-v1.0-pilot67-2026-07-27
SCC-2021-05,SCC-2021-05:Guildford South-West,SCC-PARTY-42dc7e4f3f94,individual,90_to_31_days,surrey_wide_local,1,1,1,1,0,0,1,1,0,1,0,0.0,0,0.0,0,0.0,0,0.0,,not_extracted,0,0.0,0,0.0,0,0.0,0,0.0,0,0.0,0,0.0,1,1,1.0,0,0.0,0,0.0,0,0.0,0,0.0,0,0.0,0,0.0,0,0.0,1,1.0,0,0.0,0,0.0,1,1.0,1,1.0,1,1.0,0,0.0,0,0.0,1,0,1,0,0.0,0,0.0,0,0,0,0,0,0,0,,0,0,0,,0,0,0,,0,0,0,,0,0,0,,0,0,0,,0,0,0,,0,0,0,,0,0,0,,0,0,0,,0,0,0,,0,0,0,,0,0,0,,0,0,0,,0,0,0,,0,0,0,,0,0,0,,0,0,0,,0,0,0,,0,0,0,,0,0,0,,0,0,0,,0,0,0,,0,0,0,,0,0,0,,0,0,0,,0,0,0,,0,0,0,,0,1,0,0.0,0,0.0,0,0.0,0,0.0,0,0.0,0,0.0,0,0.0,0,0.0,,,not_applicable,,,,,,,,,,,,,,,,,,,,,0,context-aggregation-v1.0-2026-07-27,article-features-v1.0-2026-07-27,context-cards-v1.0-pilot67-2026-07-27
SCC-2021-05,SCC-2021-05:Guildford South-West,SCC-PARTY-ec762c976078,cumulative,previous_180_days,surrey_wide_local,1,1,1,1,0,0,1,2,0,1,0,0.0,0,0.0,0,0.0,0,0.0,,not_extracted,0,0.0,0,0.0,0,0.0,0,0.0,0,0.0,0,0.0,1,1,1.0,0,0.0,0,0.0,0,0.0,0,0.0,0,0.0,0,0.0,0,0.0,1,1.0,0,0.0,0,0.0,1,1.0,1,1.0,1,1.0,0,0.0,0,0.0,1,0,1,0,0.0,0,0.0,0,0,0,0,0,0,0,,0,0,0,,0,0,0,,0,0,0,,0,0,0,,0,0,0,,0,0,0,,0,0,0,,0,0,0,,0,0,0,,0,0,0,,0,0,0,,0,0,0,,0,0,0,,0,0,0,,0,0,0,,0,0,0,,0,0,0,,0,0,0,,0,0,0,,0,0,0,,0,0,0,,0,0,0,,0,0,0,,0,0,0,,0,0,0,,0,0,0,,0,0,0,,0,1,0,0.0,0,0.0,0,0.0,0,0.0,0,0.0,0,0.0,0,0.0,0,0.0,,,not_applicable,,,,,,,,,,,,,,,,,,,,,0,context-aggregation-v1.0-2026-07-27,article-features-v1.0-2026-07-27,context-cards-v1.0-pilot67-2026-07-27
SCC-2021-05,SCC-2021-05:Guildford South-West,SCC-PARTY-ec762c976078,cumulative,previous_90_days,surrey_wide_local,1,1,1,1,0,0,1,2,0,1,0,0.0,0,0.0,0,0.0,0,0.0,,not_extracted,0,0.0,0,0.0,0,0.0,0,0.0,0,0.0,0,0.0,1,1,1.0,0,0.0,0,0.0,0,0.0,0,0.0,0,0.0,0,0.0,0,0.0,1,1.0,0,0.0,0,0.0,1,1.0,1,1.0,1,1.0,0,0.0,0,0.0,1,0,1,0,0.0,0,0.0,0,0,0,0,0,0,0,,0,0,0,,0,0,0,,0,0,0,,0,0,0,,0,0,0,,0,0,0,,0,0,0,,0,0,0,,0,0,0,,0,0,0,,0,0,0,,0,0,0,,0,0,0,,0,0,0,,0,0,0,,0,0,0,,0,0,0,,0,0,0,,0,0,0,,0,0,0,,0,0,0,,0,0,0,,0,0,0,,0,0,0,,0,0,0,,0,0,0,,0,0,0,,0,1,0,0.0,0,0.0,0,0.0,0,0.0,0,0.0,0,0.0,0,0.0,0,0.0,,,not_applicable,,,,,,,,,,,,,,,,,,,,,0,context-aggregation-v1.0-2026-07-27,article-features-v1.0-2026-07-27,context-cards-v1.0-pilot67-2026-07-27
SCC-2021-05,SCC-2021-05:Guildford South-West,SCC-PARTY-ec762c976078,individual,90_to_31_days,surrey_wide_local,1,1,1,1,0,0,1,2,0,1,0,0.0,0,0.0,0,0.0,0,0.0,,not_extracted,0,0.0,0,0.0,0,0.0,0,0.0,0,0.0,0,0.0,1,1,1.0,0,0.0,0,0.0,0,0.0,0,0.0,0,0.0,0,0.0,0,0.0,1,1.0,0,0.0,0,0.0,1,1.0,1,1.0,1,1.0,0,0.0,0,0.0,1,0,1,0,0.0,0,0.0,0,0,0,0,0,0,0,,0,0,0,,0,0,0,,0,0,0,,0,0,0,,0,0,0,,0,0,0,,0,0,0,,0,0,0,,0,0,0,,0,0,0,,0,0,0,,0,0,0,,0,0,0,,0,0,0,,0,0,0,,0,0,0,,0,0,0,,0,0,0,,0,0,0,,0,0,0,,0,0,0,,0,0,0,,0,0,0,,0,0,0,,0,0,0,,0,0,0,,0,0,0,,0,1,0,0.0,0,0.0,0,0.0,0,0.0,0,0.0,0,0.0,0,0.0,0,0.0,,,not_applicable,,,,,,,,,,,,,,,,,,,,,0,context-aggregation-v1.0-2026-07-27,article-features-v1.0-2026-07-27,context-cards-v1.0-pilot67-2026-07-27
SCC-2021-05,SCC-2021-05:Guildford West,SCC-PARTY-01e2626484b0,cumulative,previous_180_days,surrey_wide_local,1,1,1,1,0,0,1,1,0,1,0,0.0,0,0.0,0,0.0,0,0.0,,not_extracted,0,0.0,0,0.0,0,0.0,0,0.0,0,0.0,0,0.0,1,1,1.0,0,0.0,0,0.0,0,0.0,0,0.0,0,0.0,0,0.0,0,0.0,1,1.0,0,0.0,0,0.0,1,1.0,1,1.0,1,1.0,0,0.0,0,0.0,1,0,1,0,0.0,0,0.0,0,0,0,0,0,0,0,,0,0,0,,0,0,0,,0,0,0,,0,0,0,,0,0,0,,0,0,0,,0,0,0,,0,0,0,,0,0,0,,0,0,0,,0,0,0,,0,0,0,,0,0,0,,0,0,0,,0,0,0,,0,0,0,,0,0,0,,0,0,0,,0,0,0,,0,0,0,,0,0,0,,0,0,0,,0,0,0,,0,0,0,,0,0,0,,0,0,0,,0,0,0,,0,1,0,0.0,0,0.0,0,0.0,0,0.0,0,0.0,0,0.0,0,0.0,0,0.0,,,not_applicable,,,,,,,,,,,,,,,,,,,,,0,context-aggregation-v1.0-2026-07-27,article-features-v1.0-2026-07-27,context-cards-v1.0-pilot67-2026-07-27
SCC-2021-05,SCC-2021-05:Guildford West,SCC-PARTY-01e2626484b0,cumulative,previous_90_days,surrey_wide_local,1,1,1,1,0,0,1,1,0,1,0,0.0,0,0.0,0,0.0,0,0.0,,not_extracted,0,0.0,0,0.0,0,0.0,0,0.0,0,0.0,0,0.0,1,1,1.0,0,0.0,0,0.0,0,0.0,0,0.0,0,0.0,0,0.0,0,0.0,1,1.0,0,0.0,0,0.0,1,1.0,1,1.0,1,1.0,0,0.0,0,0.0,1,0,1,0,0.0,0,0.0,0,0,0,0,0,0,0,,0,0,0,,0,0,0,,0,0,0,,0,0,0,,0,0,0,,0,0,0,,0,0,0,,0,0,0,,0,0,0,,0,0,0,,0,0,0,,0,0,0,,0,0,0,,0,0,0,,0,0,0,,0,0,0,,0,0,0,,0,0,0,,0,0,0,,0,0,0,,0,0,0,,0,0,0,,0,0,0,,0,0,0,,0,0,0,,0,0,0,,0,0,0,,0,1,0,0.0,0,0.0,0,0.0,0,0.0,0,0.0,0,0.0,0,0.0,0,0.0,,,not_applicable,,,,,,,,,,,,,,,,,,,,,0,context-aggregation-v1.0-2026-07-27,article-features-v1.0-2026-07-27,context-cards-v1.0-pilot67-2026-07-27
SCC-2021-05,SCC-2021-05:Guildford West,SCC-PARTY-01e2626484b0,individual,90_to_31_days,surrey_wide_local,1,1,1,1,0,0,1,1,0,1,0,0.0,0,0.0,0,0.0,0,0.0,,not_extracted,0,0.0,0,0.0,0,0.0,0,0.0,0,0.0,0,0.0,1,1,1.0,0,0.0,0,0.0,0,0.0,0,0.0,0,0.0,0,0.0,0,0.0,1,1.0,0,0.0,0,0.0,1,1.0,1,1.0,1,1.0,0,0.0,0,0.0,1,0,1,0,0.0,0,0.0,0,0,0,0,0,0,0,,0,0,0,,0,0,0,,0,0,0,,0,0,0,,0,0,0,,0,0,0,,0,0,0,,0,0,0,,0,0,0,,0,0,0,,0,0,0,,0,0,0,,0,0,0,,0,0,0,,0,0,0,,0,0,0,,0,0,0,,0,0,0,,0,0,0,,0,0,0,,0,0,0,,0,0,0,,0,0,0,,0,0,0,,0,0,0,,0,0,0,,0,0,0,,0,1,0,0.0,0,0.0,0,0.0,0,0.0,0,0.0,0,0.0,0,0.0,0,0.0,,,not_applicable,,,,,,,,,,,,,,,,,,,,,0,context-aggregation-v1.0-2026-07-27,article-features-v1.0-2026-07-27,context-cards-v1.0-pilot67-2026-07-27
SCC-2021-05,SCC-2021-05:Guildford West,SCC-PARTY-26172d220117,cumulative,previous_180_days,surrey_wide_local,1,1,1,1,0,0,1,1,0,1,0,0.0,0,0.0,0,0.0,0,0.0,,not_extracted,0,0.0,0,0.0,0,0.0,0,0.0,0,0.0,0,0.0,1,1,1.0,0,0.0,0,0.0,0,0.0,0,0.0,0,0.0,0,0.0,0,0.0,1,1.0,0,0.0,0,0.0,1,1.0,1,1.0,1,1.0,0,0.0,0,0.0,1,0,1,0,0.0,0,0.0,0,0,0,0,0,0,0,,0,0,0,,0,0,0,,0,0,0,,0,0,0,,0,0,0,,0,0,0,,0,0,0,,0,0,0,,0,0,0,,0,0,0,,0,0,0,,0,0,0,,0,0,0,,0,0,0,,0,0,0,,0,0,0,,0,0,0,,0,0,0,,0,0,0,,0,0,0,,0,0,0,,0,0,0,,0,0,0,,0,0,0,,0,0,0,,0,0,0,,0,0,0,,0,1,0,0.0,1,1.0,0,0.0,0,0.0,0,0.0,0,0.0,0,0.0,0,0.0,,,not_applicable,,,,,,,,,,,,,,,,,,,,,0,context-aggregation-v1.0-2026-07-27,article-features-v1.0-2026-07-27,context-cards-v1.0-pilot67-2026-07-27
SCC-2021-05,SCC-2021-05:Guildford West,SCC-PARTY-26172d220117,cumulative,previous_90_days,surrey_wide_local,1,1,1,1,0,0,1,1,0,1,0,0.0,0,0.0,0,0.0,0,0.0,,not_extracted,0,0.0,0,0.0,0,0.0,0,0.0,0,0.0,0,0.0,1,1,1.0,0,0.0,0,0.0,0,0.0,0,0.0,0,0.0,0,0.0,0,0.0,1,1.0,0,0.0,0,0.0,1,1.0,1,1.0,1,1.0,0,0.0,0,0.0,1,0,1,0,0.0,0,0.0,0,0,0,0,0,0,0,,0,0,0,,0,0,0,,0,0,0,,0,0,0,,0,0,0,,0,0,0,,0,0,0,,0,0,0,,0,0,0,,0,0,0,,0,0,0,,0,0,0,,0,0,0,,0,0,0,,0,0,0,,0,0,0,,0,0,0,,0,0,0,,0,0,0,,0,0,0,,0,0,0,,0,0,0,,0,0,0,,0,0,0,,0,0,0,,0,0,0,,0,0,0,,0,1,0,0.0,1,1.0,0,0.0,0,0.0,0,0.0,0,0.0,0,0.0,0,0.0,,,not_applicable,,,,,,,,,,,,,,,,,,,,,0,context-aggregation-v1.0-2026-07-27,article-features-v1.0-2026-07-27,context-cards-v1.0-pilot67-2026-07-27
SCC-2021-05,SCC-2021-05:Guildford West,SCC-PARTY-26172d220117,individual,90_to_31_days,surrey_wide_local,1,1,1,1,0,0,1,1,0,1,0,0.0,0,0.0,0,0.0,0,0.0,,not_extracted,0,0.0,0,0.0,0,0.0,0,0.0,0,0.0,0,0.0,1,1,1.0,0,0.0,0,0.0,0,0.0,0,0.0,0,0.0,0,0.0,0,0.0,1,1.0,0,0.0,0,0.0,1,1.0,1,1.0,1,1.0,0,0.0,0,0.0,1,0,1,0,0.0,0,0.0,0,0,0,0,0,0,0,,0,0,0,,0,0,0,,0,0,0,,0,0,0,,0,0,0,,0,0,0,,0,0,0,,0,0,0,,0,0,0,,0,0,0,,0,0,0,,0,0,0,,0,0,0,,0,0,0,,0,0,0,,0,0,0,,0,0,0,,0,0,0,,0,0,0,,0,0,0,,0,0,0,,0,0,0,,0,0,0,,0,0,0,,0,0,0,,0,0,0,,0,0,0,,0,1,0,0.0,1,1.0,0,0.0,0,0.0,0,0.0,0,0.0,0,0.0,0,0.0,,,not_applicable,,,,,,,,,,,,,,,,,,,,,0,context-aggregation-v1.0-2026-07-27,article-features-v1.0-2026-07-27,context-cards-v1.0-pilot67-2026-07-27
SCC-2021-05,SCC-2021-05:Guildford West,SCC-PARTY-411cd345ed8f,cumulative,previous_180_days,surrey_wide_local,1,1,1,1,0,0,1,1,0,1,0,0.0,0,0.0,0,0.0,0,0.0,,not_extracted,0,0.0,0,0.0,0,0.0,0,0.0,0,0.0,0,0.0,1,1,1.0,0,0.0,0,0.0,0,0.0,0,0.0,0,0.0,0,0.0,0,0.0,1,1.0,0,0.0,0,0.0,1,1.0,1,1.0,1,1.0,0,0.0,0,0.0,1,0,1,0,0.0,0,0.0,0,0,0,0,0,0,0,,0,0,0,,0,0,0,,0,0,0,,0,0,0,,0,0,0,,0,0,0,,0,0,0,,0,0,0,,0,0,0,,0,0,0,,0,0,0,,0,0,0,,0,0,0,,0,0,0,,0,0,0,,0,0,0,,0,0,0,,0,0,0,,0,0,0,,0,0,0,,0,0,0,,0,0,0,,0,0,0,,0,0,0,,0,0,0,,0,0,0,,0,0,0,,0,1,0,0.0,0,0.0,0,0.0,0,0.0,0,0.0,0,0.0,0,0.0,0,0.0,,,not_applicable,,,,,,,,,,,,,,,,,,,,,0,context-aggregation-v1.0-2026-07-27,article-features-v1.0-2026-07-27,context-cards-v1.0-pilot67-2026-07-27
SCC-2021-05,SCC-2021-05:Guildford West,SCC-PARTY-411cd345ed8f,cumulative,previous_90_days,surrey_wide_local,1,1,1,1,0,0,1,1,0,1,0,0.0,0,0.0,0,0.0,0,0.0,,not_extracted,0,0.0,0,0.0,0,0.0,0,0.0,0,0.0,0,0.0,1,1,1.0,0,0.0,0,0.0,0,0.0,0,0.0,0,0.0,0,0.0,0,0.0,1,1.0,0,0.0,0,0.0,1,1.0,1,1.0,1,1.0,0,0.0,0,0.0,1,0,1,0,0.0,0,0.0,0,0,0,0,0,0,0,,0,0,0,,0,0,0,,0,0,0,,0,0,0,,0,0,0,,0,0,0,,0,0,0,,0,0,0,,0,0,0,,0,0,0,,0,0,0,,0,0,0,,0,0,0,,0,0,0,,0,0,0,,0,0,0,,0,0,0,,0,0,0,,0,0,0,,0,0,0,,0,0,0,,0,0,0,,0,0,0,,0,0,0,,0,0,0,,0,0,0,,0,0,0,,0,1,0,0.0,0,0.0,0,0.0,0,0.0,0,0.0,0,0.0,0,0.0,0,0.0,,,not_applicable,,,,,,,,,,,,,,,,,,,,,0,context-aggregation-v1.0-2026-07-27,article-features-v1.0-2026-07-27,context-cards-v1.0-pilot67-2026-07-27
SCC-2021-05,SCC-2021-05:Guildford West,SCC-PARTY-411cd345ed8f,individual,90_to_31_days,surrey_wide_local,1,1,1,1,0,0,1,1,0,1,0,0.0,0,0.0,0,0.0,0,0.0,,not_extracted,0,0.0,0,0.0,0,0.0,0,0.0,0,0.0,0,0.0,1,1,1.0,0,0.0,0,0.0,0,0.0,0,0.0,0,0.0,0,0.0,0,0.0,1,1.0,0,0.0,0,0.0,1,1.0,1,1.0,1,1.0,0,0.0,0,0.0,1,0,1,0,0.0,0,0.0,0,0,0,0,0,0,0,,0,0,0,,0,0,0,,0,0,0,,0,0,0,,0,0,0,,0,0,0,,0,0,0,,0,0,0,,0,0,0,,0,0,0,,0,0,0,,0,0,0,,0,0,0,,0,0,0,,0,0,0,,0,0,0,,0,0,0,,0,0,0,,0,0,0,,0,0,0,,0,0,0,,0,0,0,,0,0,0,,0,0,0,,0,0,0,,0,0,0,,0,0,0,,0,1,0,0.0,0,0.0,0,0.0,0,0.0,0,0.0,0,0.0,0,0.0,0,0.0,,,not_applicable,,,,,,,,,,,,,,,,,,,,,0,context-aggregation-v1.0-2026-07-27,article-features-v1.0-2026-07-27,context-cards-v1.0-pilot67-2026-07-27
SCC-2021-05,SCC-2021-05:Guildford West,SCC-PARTY-42dc7e4f3f94,cumulative,previous_180_days,surrey_wide_local,1,1,1,1,0,0,1,1,0,1,0,0.0,0,0.0,0,0.0,0,0.0,,not_extracted,0,0.0,0,0.0,0,0.0,0,0.0,0,0.0,0,0.0,1,1,1.0,0,0.0,0,0.0,0,0.0,0,0.0,0,0.0,0,0.0,0,0.0,1,1.0,0,0.0,0,0.0,1,1.0,1,1.0,1,1.0,0,0.0,0,0.0,1,0,1,0,0.0,0,0.0,0,0,0,0,0,0,0,,0,0,0,,0,0,0,,0,0,0,,0,0,0,,0,0,0,,0,0,0,,0,0,0,,0,0,0,,0,0,0,,0,0,0,,0,0,0,,0,0,0,,0,0,0,,0,0,0,,0,0,0,,0,0,0,,0,0,0,,0,0,0,,0,0,0,,0,0,0,,0,0,0,,0,0,0,,0,0,0,,0,0,0,,0,0,0,,0,0,0,,0,0,0,,0,1,0,0.0,0,0.0,0,0.0,0,0.0,0,0.0,0,0.0,0,0.0,0,0.0,,,not_applicable,,,,,,,,,,,,,,,,,,,,,0,context-aggregation-v1.0-2026-07-27,article-features-v1.0-2026-07-27,context-cards-v1.0-pilot67-2026-07-27
SCC-2021-05,SCC-2021-05:Guildford West,SCC-PARTY-42dc7e4f3f94,cumulative,previous_90_days,surrey_wide_local,1,1,1,1,0,0,1,1,0,1,0,0.0,0,0.0,0,0.0,0,0.0,,not_extracted,0,0.0,0,0.0,0,0.0,0,0.0,0,0.0,0,0.0,1,1,1.0,0,0.0,0,0.0,0,0.0,0,0.0,0,0.0,0,0.0,0,0.0,1,1.0,0,0.0,0,0.0,1,1.0,1,1.0,1,1.0,0,0.0,0,0.0,1,0,1,0,0.0,0,0.0,0,0,0,0,0,0,0,,0,0,0,,0,0,0,,0,0,0,,0,0,0,,0,0,0,,0,0,0,,0,0,0,,0,0,0,,0,0,0,,0,0,0,,0,0,0,,0,0,0,,0,0,0,,0,0,0,,0,0,0,,0,0,0,,0,0,0,,0,0,0,,0,0,0,,0,0,0,,0,0,0,,0,0,0,,0,0,0,,0,0,0,,0,0,0,,0,0,0,,0,0,0,,0,1,0,0.0,0,0.0,0,0.0,0,0.0,0,0.0,0,0.0,0,0.0,0,0.0,,,not_applicable,,,,,,,,,,,,,,,,,,,,,0,context-aggregation-v1.0-2026-07-27,article-features-v1.0-2026-07-27,context-cards-v1.0-pilot67-2026-07-27
SCC-2021-05,SCC-2021-05:Guildford West,SCC-PARTY-42dc7e4f3f94,individual,90_to_31_days,surrey_wide_local,1,1,1,1,0,0,1,1,0,1,0,0.0,0,0.0,0,0.0,0,0.0,,not_extracted,0,0.0,0,0.0,0,0.0,0,0.0,0,0.0,0,0.0,1,1,1.0,0,0.0,0,0.0,0,0.0,0,0.0,0,0.0,0,0.0,0,0.0,1,1.0,0,0.0,0,0.0,1,1.0,1,1.0,1,1.0,0,0.0,0,0.0,1,0,1,0,0.0,0,0.0,0,0,0,0,0,0,0,,0,0,0,,0,0,0,,0,0,0,,0,0,0,,0,0,0,,0,0,0,,0,0,0,,0,0,0,,0,0,0,,0,0,0,,0,0,0,,0,0,0,,0,0,0,,0,0,0,,0,0,0,,0,0,0,,0,0,0,,0,0,0,,0,0,0,,0,0,0,,0,0,0,,0,0,0,,0,0,0,,0,0,0,,0,0,0,,0,0,0,,0,0,0,,0,1,0,0.0,0,0.0,0,0.0,0,0.0,0,0.0,0,0.0,0,0.0,0,0.0,,,not_applicable,,,,,,,,,,,,,,,,,,,,,0,context-aggregation-v1.0-2026-07-27,article-features-v1.0-2026-07-27,context-cards-v1.0-pilot67-2026-07-27
SCC-2021-05,SCC-2021-05:Guildford West,SCC-PARTY-ec762c976078,cumulative,previous_180_days,surrey_wide_local,1,1,1,1,0,0,1,2,0,1,0,0.0,0,0.0,0,0.0,0,0.0,,not_extracted,0,0.0,0,0.0,0,0.0,0,0.0,0,0.0,0,0.0,1,1,1.0,0,0.0,0,0.0,0,0.0,0,0.0,0,0.0,0,0.0,0,0.0,1,1.0,0,0.0,0,0.0,1,1.0,1,1.0,1,1.0,0,0.0,0,0.0,1,0,1,0,0.0,0,0.0,0,0,0,0,0,0,0,,0,0,0,,0,0,0,,0,0,0,,0,0,0,,0,0,0,,0,0,0,,0,0,0,,0,0,0,,0,0,0,,0,0,0,,0,0,0,,0,0,0,,0,0,0,,0,0,0,,0,0,0,,0,0,0,,0,0,0,,0,0,0,,0,0,0,,0,0,0,,0,0,0,,0,0,0,,0,0,0,,0,0,0,,0,0,0,,0,0,0,,0,0,0,,0,1,0,0.0,0,0.0,0,0.0,0,0.0,0,0.0,0,0.0,0,0.0,0,0.0,,,not_applicable,,,,,,,,,,,,,,,,,,,,,0,context-aggregation-v1.0-2026-07-27,article-features-v1.0-2026-07-27,context-cards-v1.0-pilot67-2026-07-27
SCC-2021-05,SCC-2021-05:Guildford West,SCC-PARTY-ec762c976078,cumulative,previous_90_days,surrey_wide_local,1,1,1,1,0,0,1,2,0,1,0,0.0,0,0.0,0,0.0,0,0.0,,not_extracted,0,0.0,0,0.0,0,0.0,0,0.0,0,0.0,0,0.0,1,1,1.0,0,0.0,0,0.0,0,0.0,0,0.0,0,0.0,0,0.0,0,0.0,1,1.0,0,0.0,0,0.0,1,1.0,1,1.0,1,1.0,0,0.0,0,0.0,1,0,1,0,0.0,0,0.0,0,0,0,0,0,0,0,,0,0,0,,0,0,0,,0,0,0,,0,0,0,,0,0,0,,0,0,0,,0,0,0,,0,0,0,,0,0,0,,0,0,0,,0,0,0,,0,0,0,,0,0,0,,0,0,0,,0,0,0,,0,0,0,,0,0,0,,0,0,0,,0,0,0,,0,0,0,,0,0,0,,0,0,0,,0,0,0,,0,0,0,,0,0,0,,0,0,0,,0,0,0,,0,1,0,0.0,0,0.0,0,0.0,0,0.0,0,0.0,0,0.0,0,0.0,0,0.0,,,not_applicable,,,,,,,,,,,,,,,,,,,,,0,context-aggregation-v1.0-2026-07-27,article-features-v1.0-2026-07-27,context-cards-v1.0-pilot67-2026-07-27
SCC-2021-05,SCC-2021-05:Guildford West,SCC-PARTY-ec762c976078,individual,90_to_31_days,surrey_wide_local,1,1,1,1,0,0,1,2,0,1,0,0.0,0,0.0,0,0.0,0,0.0,,not_extracted,0,0.0,0,0.0,0,0.0,0,0.0,0,0.0,0,0.0,1,1,1.0,0,0.0,0,0.0,0,0.0,0,0.0,0,0.0,0,0.0,0,0.0,1,1.0,0,0.0,0,0.0,1,1.0,1,1.0,1,1.0,0,0.0,0,0.0,1,0,1,0,0.0,0,0.0,0,0,0,0,0,0,0,,0,0,0,,0,0,0,,0,0,0,,0,0,0,,0,0,0,,0,0,0,,0,0,0,,0,0,0,,0,0,0,,0,0,0,,0,0,0,,0,0,0,,0,0,0,,0,0,0,,0,0,0,,0,0,0,,0,0,0,,0,0,0,,0,0,0,,0,0,0,,0,0,0,,0,0,0,,0,0,0,,0,0,0,,0,0,0,,0,0,0,,0,0,0,,0,1,0,0.0,0,0.0,0,0.0,0,0.0,0,0.0,0,0.0,0,0.0,0,0.0,,,not_applicable,,,,,,,,,,,,,,,,,,,,,0,context-aggregation-v1.0-2026-07-27,article-features-v1.0-2026-07-27,context-cards-v1.0-pilot67-2026-07-27
SCC-2021-05,SCC-2021-05:Shalford,SCC-PARTY-01e2626484b0,cumulative,previous_180_days,surrey_wide_local,1,1,1,1,0,0,1,1,0,1,0,0.0,0,0.0,0,0.0,0,0.0,,not_extracted,0,0.0,0,0.0,0,0.0,0,0.0,0,0.0,0,0.0,1,1,1.0,0,0.0,0,0.0,0,0.0,0,0.0,0,0.0,0,0.0,0,0.0,1,1.0,0,0.0,0,0.0,1,1.0,1,1.0,1,1.0,0,0.0,0,0.0,1,0,1,0,0.0,0,0.0,0,0,0,0,0,0,0,,0,0,0,,0,0,0,,0,0,0,,0,0,0,,0,0,0,,0,0,0,,0,0,0,,0,0,0,,0,0,0,,0,0,0,,0,0,0,,0,0,0,,0,0,0,,0,0,0,,0,0,0,,0,0,0,,0,0,0,,0,0,0,,0,0,0,,0,0,0,,0,0,0,,0,0,0,,0,0,0,,0,0,0,,0,0,0,,0,0,0,,0,0,0,,0,1,0,0.0,0,0.0,0,0.0,0,0.0,0,0.0,0,0.0,0,0.0,0,0.0,,,not_applicable,,,,,,,,,,,,,,,,,,,,,0,context-aggregation-v1.0-2026-07-27,article-features-v1.0-2026-07-27,context-cards-v1.0-pilot67-2026-07-27
SCC-2021-05,SCC-2021-05:Shalford,SCC-PARTY-01e2626484b0,cumulative,previous_90_days,surrey_wide_local,1,1,1,1,0,0,1,1,0,1,0,0.0,0,0.0,0,0.0,0,0.0,,not_extracted,0,0.0,0,0.0,0,0.0,0,0.0,0,0.0,0,0.0,1,1,1.0,0,0.0,0,0.0,0,0.0,0,0.0,0,0.0,0,0.0,0,0.0,1,1.0,0,0.0,0,0.0,1,1.0,1,1.0,1,1.0,0,0.0,0,0.0,1,0,1,0,0.0,0,0.0,0,0,0,0,0,0,0,,0,0,0,,0,0,0,,0,0,0,,0,0,0,,0,0,0,,0,0,0,,0,0,0,,0,0,0,,0,0,0,,0,0,0,,0,0,0,,0,0,0,,0,0,0,,0,0,0,,0,0,0,,0,0,0,,0,0,0,,0,0,0,,0,0,0,,0,0,0,,0,0,0,,0,0,0,,0,0,0,,0,0,0,,0,0,0,,0,0,0,,0,0,0,,0,1,0,0.0,0,0.0,0,0.0,0,0.0,0,0.0,0,0.0,0,0.0,0,0.0,,,not_applicable,,,,,,,,,,,,,,,,,,,,,0,context-aggregation-v1.0-2026-07-27,article-features-v1.0-2026-07-27,context-cards-v1.0-pilot67-2026-07-27
SCC-2021-05,SCC-2021-05:Shalford,SCC-PARTY-01e2626484b0,individual,90_to_31_days,surrey_wide_local,1,1,1,1,0,0,1,1,0,1,0,0.0,0,0.0,0,0.0,0,0.0,,not_extracted,0,0.0,0,0.0,0,0.0,0,0.0,0,0.0,0,0.0,1,1,1.0,0,0.0,0,0.0,0,0.0,0,0.0,0,0.0,0,0.0,0,0.0,1,1.0,0,0.0,0,0.0,1,1.0,1,1.0,1,1.0,0,0.0,0,0.0,1,0,1,0,0.0,0,0.0,0,0,0,0,0,0,0,,0,0,0,,0,0,0,,0,0,0,,0,0,0,,0,0,0,,0,0,0,,0,0,0,,0,0,0,,0,0,0,,0,0,0,,0,0,0,,0,0,0,,0,0,0,,0,0,0,,0,0,0,,0,0,0,,0,0,0,,0,0,0,,0,0,0,,0,0,0,,0,0,0,,0,0,0,,0,0,0,,0,0,0,,0,0,0,,0,0,0,,0,0,0,,0,1,0,0.0,0,0.0,0,0.0,0,0.0,0,0.0,0,0.0,0,0.0,0,0.0,,,not_applicable,,,,,,,,,,,,,,,,,,,,,0,context-aggregation-v1.0-2026-07-27,article-features-v1.0-2026-07-27,context-cards-v1.0-pilot67-2026-07-27
SCC-2021-05,SCC-2021-05:Shalford,SCC-PARTY-26172d220117,cumulative,previous_180_days,surrey_wide_local,1,1,1,1,0,0,1,1,0,1,0,0.0,0,0.0,0,0.0,0,0.0,,not_extracted,0,0.0,0,0.0,0,0.0,0,0.0,0,0.0,0,0.0,1,1,1.0,0,0.0,0,0.0,0,0.0,0,0.0,0,0.0,0,0.0,0,0.0,1,1.0,0,0.0,0,0.0,1,1.0,1,1.0,1,1.0,0,0.0,0,0.0,1,0,1,0,0.0,0,0.0,0,0,0,0,0,0,0,,0,0,0,,0,0,0,,0,0,0,,0,0,0,,0,0,0,,0,0,0,,0,0,0,,0,0,0,,0,0,0,,0,0,0,,0,0,0,,0,0,0,,0,0,0,,0,0,0,,0,0,0,,0,0,0,,0,0,0,,0,0,0,,0,0,0,,0,0,0,,0,0,0,,0,0,0,,0,0,0,,0,0,0,,0,0,0,,0,0,0,,0,0,0,,0,1,0,0.0,1,1.0,0,0.0,0,0.0,0,0.0,0,0.0,0,0.0,0,0.0,,,not_applicable,,,,,,,,,,,,,,,,,,,,,0,context-aggregation-v1.0-2026-07-27,article-features-v1.0-2026-07-27,context-cards-v1.0-pilot67-2026-07-27
SCC-2021-05,SCC-2021-05:Shalford,SCC-PARTY-26172d220117,cumulative,previous_90_days,surrey_wide_local,1,1,1,1,0,0,1,1,0,1,0,0.0,0,0.0,0,0.0,0,0.0,,not_extracted,0,0.0,0,0.0,0,0.0,0,0.0,0,0.0,0,0.0,1,1,1.0,0,0.0,0,0.0,0,0.0,0,0.0,0,0.0,0,0.0,0,0.0,1,1.0,0,0.0,0,0.0,1,1.0,1,1.0,1,1.0,0,0.0,0,0.0,1,0,1,0,0.0,0,0.0,0,0,0,0,0,0,0,,0,0,0,,0,0,0,,0,0,0,,0,0,0,,0,0,0,,0,0,0,,0,0,0,,0,0,0,,0,0,0,,0,0,0,,0,0,0,,0,0,0,,0,0,0,,0,0,0,,0,0,0,,0,0,0,,0,0,0,,0,0,0,,0,0,0,,0,0,0,,0,0,0,,0,0,0,,0,0,0,,0,0,0,,0,0,0,,0,0,0,,0,0,0,,0,1,0,0.0,1,1.0,0,0.0,0,0.0,0,0.0,0,0.0,0,0.0,0,0.0,,,not_applicable,,,,,,,,,,,,,,,,,,,,,0,context-aggregation-v1.0-2026-07-27,article-features-v1.0-2026-07-27,context-cards-v1.0-pilot67-2026-07-27
SCC-2021-05,SCC-2021-05:Shalford,SCC-PARTY-26172d220117,individual,90_to_31_days,surrey_wide_local,1,1,1,1,0,0,1,1,0,1,0,0.0,0,0.0,0,0.0,0,0.0,,not_extracted,0,0.0,0,0.0,0,0.0,0,0.0,0,0.0,0,0.0,1,1,1.0,0,0.0,0,0.0,0,0.0,0,0.0,0,0.0,0,0.0,0,0.0,1,1.0,0,0.0,0,0.0,1,1.0,1,1.0,1,1.0,0,0.0,0,0.0,1,0,1,0,0.0,0,0.0,0,0,0,0,0,0,0,,0,0,0,,0,0,0,,0,0,0,,0,0,0,,0,0,0,,0,0,0,,0,0,0,,0,0,0,,0,0,0,,0,0,0,,0,0,0,,0,0,0,,0,0,0,,0,0,0,,0,0,0,,0,0,0,,0,0,0,,0,0,0,,0,0,0,,0,0,0,,0,0,0,,0,0,0,,0,0,0,,0,0,0,,0,0,0,,0,0,0,,0,0,0,,0,1,0,0.0,1,1.0,0,0.0,0,0.0,0,0.0,0,0.0,0,0.0,0,0.0,,,not_applicable,,,,,,,,,,,,,,,,,,,,,0,context-aggregation-v1.0-2026-07-27,article-features-v1.0-2026-07-27,context-cards-v1.0-pilot67-2026-07-27
SCC-2021-05,SCC-2021-05:Shalford,SCC-PARTY-411cd345ed8f,cumulative,previous_180_days,surrey_wide_local,1,1,1,1,0,0,1,1,0,1,0,0.0,0,0.0,0,0.0,0,0.0,,not_extracted,0,0.0,0,0.0,0,0.0,0,0.0,0,0.0,0,0.0,1,1,1.0,0,0.0,0,0.0,0,0.0,0,0.0,0,0.0,0,0.0,0,0.0,1,1.0,0,0.0,0,0.0,1,1.0,1,1.0,1,1.0,0,0.0,0,0.0,1,0,1,0,0.0,0,0.0,0,0,0,0,0,0,0,,0,0,0,,0,0,0,,0,0,0,,0,0,0,,0,0,0,,0,0,0,,0,0,0,,0,0,0,,0,0,0,,0,0,0,,0,0,0,,0,0,0,,0,0,0,,0,0,0,,0,0,0,,0,0,0,,0,0,0,,0,0,0,,0,0,0,,0,0,0,,0,0,0,,0,0,0,,0,0,0,,0,0,0,,0,0,0,,0,0,0,,0,0,0,,0,1,0,0.0,0,0.0,0,0.0,0,0.0,0,0.0,0,0.0,0,0.0,0,0.0,,,not_applicable,,,,,,,,,,,,,,,,,,,,,0,context-aggregation-v1.0-2026-07-27,article-features-v1.0-2026-07-27,context-cards-v1.0-pilot67-2026-07-27
SCC-2021-05,SCC-2021-05:Shalford,SCC-PARTY-411cd345ed8f,cumulative,previous_90_days,surrey_wide_local,1,1,1,1,0,0,1,1,0,1,0,0.0,0,0.0,0,0.0,0,0.0,,not_extracted,0,0.0,0,0.0,0,0.0,0,0.0,0,0.0,0,0.0,1,1,1.0,0,0.0,0,0.0,0,0.0,0,0.0,0,0.0,0,0.0,0,0.0,1,1.0,0,0.0,0,0.0,1,1.0,1,1.0,1,1.0,0,0.0,0,0.0,1,0,1,0,0.0,0,0.0,0,0,0,0,0,0,0,,0,0,0,,0,0,0,,0,0,0,,0,0,0,,0,0,0,,0,0,0,,0,0,0,,0,0,0,,0,0,0,,0,0,0,,0,0,0,,0,0,0,,0,0,0,,0,0,0,,0,0,0,,0,0,0,,0,0,0,,0,0,0,,0,0,0,,0,0,0,,0,0,0,,0,0,0,,0,0,0,,0,0,0,,0,0,0,,0,0,0,,0,0,0,,0,1,0,0.0,0,0.0,0,0.0,0,0.0,0,0.0,0,0.0,0,0.0,0,0.0,,,not_applicable,,,,,,,,,,,,,,,,,,,,,0,context-aggregation-v1.0-2026-07-27,article-features-v1.0-2026-07-27,context-cards-v1.0-pilot67-2026-07-27
SCC-2021-05,SCC-2021-05:Shalford,SCC-PARTY-411cd345ed8f,individual,90_to_31_days,surrey_wide_local,1,1,1,1,0,0,1,1,0,1,0,0.0,0,0.0,0,0.0,0,0.0,,not_extracted,0,0.0,0,0.0,0,0.0,0,0.0,0,0.0,0,0.0,1,1,1.0,0,0.0,0,0.0,0,0.0,0,0.0,0,0.0,0,0.0,0,0.0,1,1.0,0,0.0,0,0.0,1,1.0,1,1.0,1,1.0,0,0.0,0,0.0,1,0,1,0,0.0,0,0.0,0,0,0,0,0,0,0,,0,0,0,,0,0,0,,0,0,0,,0,0,0,,0,0,0,,0,0,0,,0,0,0,,0,0,0,,0,0,0,,0,0,0,,0,0,0,,0,0,0,,0,0,0,,0,0,0,,0,0,0,,0,0,0,,0,0,0,,0,0,0,,0,0,0,,0,0,0,,0,0,0,,0,0,0,,0,0,0,,0,0,0,,0,0,0,,0,0,0,,0,0,0,,0,1,0,0.0,0,0.0,0,0.0,0,0.0,0,0.0,0,0.0,0,0.0,0,0.0,,,not_applicable,,,,,,,,,,,,,,,,,,,,,0,context-aggregation-v1.0-2026-07-27,article-features-v1.0-2026-07-27,context-cards-v1.0-pilot67-2026-07-27
SCC-2021-05,SCC-2021-05:Shalford,SCC-PARTY-42dc7e4f3f94,cumulative,previous_180_days,surrey_wide_local,1,1,1,1,0,0,1,1,0,1,0,0.0,0,0.0,0,0.0,0,0.0,,not_extracted,0,0.0,0,0.0,0,0.0,0,0.0,0,0.0,0,0.0,1,1,1.0,0,0.0,0,0.0,0,0.0,0,0.0,0,0.0,0,0.0,0,0.0,1,1.0,0,0.0,0,0.0,1,1.0,1,1.0,1,1.0,0,0.0,0,0.0,1,0,1,0,0.0,0,0.0,0,0,0,0,0,0,0,,0,0,0,,0,0,0,,0,0,0,,0,0,0,,0,0,0,,0,0,0,,0,0,0,,0,0,0,,0,0,0,,0,0,0,,0,0,0,,0,0,0,,0,0,0,,0,0,0,,0,0,0,,0,0,0,,0,0,0,,0,0,0,,0,0,0,,0,0,0,,0,0,0,,0,0,0,,0,0,0,,0,0,0,,0,0,0,,0,0,0,,0,0,0,,0,1,0,0.0,0,0.0,0,0.0,0,0.0,0,0.0,0,0.0,0,0.0,0,0.0,,,not_applicable,,,,,,,,,,,,,,,,,,,,,0,context-aggregation-v1.0-2026-07-27,article-features-v1.0-2026-07-27,context-cards-v1.0-pilot67-2026-07-27
SCC-2021-05,SCC-2021-05:Shalford,SCC-PARTY-42dc7e4f3f94,cumulative,previous_90_days,surrey_wide_local,1,1,1,1,0,0,1,1,0,1,0,0.0,0,0.0,0,0.0,0,0.0,,not_extracted,0,0.0,0,0.0,0,0.0,0,0.0,0,0.0,0,0.0,1,1,1.0,0,0.0,0,0.0,0,0.0,0,0.0,0,0.0,0,0.0,0,0.0,1,1.0,0,0.0,0,0.0,1,1.0,1,1.0,1,1.0,0,0.0,0,0.0,1,0,1,0,0.0,0,0.0,0,0,0,0,0,0,0,,0,0,0,,0,0,0,,0,0,0,,0,0,0,,0,0,0,,0,0,0,,0,0,0,,0,0,0,,0,0,0,,0,0,0,,0,0,0,,0,0,0,,0,0,0,,0,0,0,,0,0,0,,0,0,0,,0,0,0,,0,0,0,,0,0,0,,0,0,0,,0,0,0,,0,0,0,,0,0,0,,0,0,0,,0,0,0,,0,0,0,,0,0,0,,0,1,0,0.0,0,0.0,0,0.0,0,0.0,0,0.0,0,0.0,0,0.0,0,0.0,,,not_applicable,,,,,,,,,,,,,,,,,,,,,0,context-aggregation-v1.0-2026-07-27,article-features-v1.0-2026-07-27,context-cards-v1.0-pilot67-2026-07-27
SCC-2021-05,SCC-2021-05:Shalford,SCC-PARTY-42dc7e4f3f94,individual,90_to_31_days,surrey_wide_local,1,1,1,1,0,0,1,1,0,1,0,0.0,0,0.0,0,0.0,0,0.0,,not_extracted,0,0.0,0,0.0,0,0.0,0,0.0,0,0.0,0,0.0,1,1,1.0,0,0.0,0,0.0,0,0.0,0,0.0,0,0.0,0,0.0,0,0.0,1,1.0,0,0.0,0,0.0,1,1.0,1,1.0,1,1.0,0,0.0,0,0.0,1,0,1,0,0.0,0,0.0,0,0,0,0,0,0,0,,0,0,0,,0,0,0,,0,0,0,,0,0,0,,0,0,0,,0,0,0,,0,0,0,,0,0,0,,0,0,0,,0,0,0,,0,0,0,,0,0,0,,0,0,0,,0,0,0,,0,0,0,,0,0,0,,0,0,0,,0,0,0,,0,0,0,,0,0,0,,0,0,0,,0,0,0,,0,0,0,,0,0,0,,0,0,0,,0,0,0,,0,0,0,,0,1,0,0.0,0,0.0,0,0.0,0,0.0,0,0.0,0,0.0,0,0.0,0,0.0,,,not_applicable,,,,,,,,,,,,,,,,,,,,,0,context-aggregation-v1.0-2026-07-27,article-features-v1.0-2026-07-27,context-cards-v1.0-pilot67-2026-07-27
SCC-2021-05,SCC-2021-05:Shalford,SCC-PARTY-ec762c976078,cumulative,previous_180_days,surrey_wide_local,1,1,1,1,0,0,1,2,0,1,0,0.0,0,0.0,0,0.0,0,0.0,,not_extracted,0,0.0,0,0.0,0,0.0,0,0.0,0,0.0,0,0.0,1,1,1.0,0,0.0,0,0.0,0,0.0,0,0.0,0,0.0,0,0.0,0,0.0,1,1.0,0,0.0,0,0.0,1,1.0,1,1.0,1,1.0,0,0.0,0,0.0,1,0,1,0,0.0,0,0.0,0,0,0,0,0,0,0,,0,0,0,,0,0,0,,0,0,0,,0,0,0,,0,0,0,,0,0,0,,0,0,0,,0,0,0,,0,0,0,,0,0,0,,0,0,0,,0,0,0,,0,0,0,,0,0,0,,0,0,0,,0,0,0,,0,0,0,,0,0,0,,0,0,0,,0,0,0,,0,0,0,,0,0,0,,0,0,0,,0,0,0,,0,0,0,,0,0,0,,0,0,0,,0,1,0,0.0,0,0.0,0,0.0,0,0.0,0,0.0,0,0.0,0,0.0,0,0.0,,,not_applicable,,,,,,,,,,,,,,,,,,,,,0,context-aggregation-v1.0-2026-07-27,article-features-v1.0-2026-07-27,context-cards-v1.0-pilot67-2026-07-27
SCC-2021-05,SCC-2021-05:Shalford,SCC-PARTY-ec762c976078,cumulative,previous_90_days,surrey_wide_local,1,1,1,1,0,0,1,2,0,1,0,0.0,0,0.0,0,0.0,0,0.0,,not_extracted,0,0.0,0,0.0,0,0.0,0,0.0,0,0.0,0,0.0,1,1,1.0,0,0.0,0,0.0,0,0.0,0,0.0,0,0.0,0,0.0,0,0.0,1,1.0,0,0.0,0,0.0,1,1.0,1,1.0,1,1.0,0,0.0,0,0.0,1,0,1,0,0.0,0,0.0,0,0,0,0,0,0,0,,0,0,0,,0,0,0,,0,0,0,,0,0,0,,0,0,0,,0,0,0,,0,0,0,,0,0,0,,0,0,0,,0,0,0,,0,0,0,,0,0,0,,0,0,0,,0,0,0,,0,0,0,,0,0,0,,0,0,0,,0,0,0,,0,0,0,,0,0,0,,0,0,0,,0,0,0,,0,0,0,,0,0,0,,0,0,0,,0,0,0,,0,0,0,,0,1,0,0.0,0,0.0,0,0.0,0,0.0,0,0.0,0,0.0,0,0.0,0,0.0,,,not_applicable,,,,,,,,,,,,,,,,,,,,,0,context-aggregation-v1.0-2026-07-27,article-features-v1.0-2026-07-27,context-cards-v1.0-pilot67-2026-07-27
SCC-2021-05,SCC-2021-05:Shalford,SCC-PARTY-ec762c976078,individual,90_to_31_days,surrey_wide_local,1,1,1,1,0,0,1,2,0,1,0,0.0,0,0.0,0,0.0,0,0.0,,not_extracted,0,0.0,0,0.0,0,0.0,0,0.0,0,0.0,0,0.0,1,1,1.0,0,0.0,0,0.0,0,0.0,0,0.0,0,0.0,0,0.0,0,0.0,1,1.0,0,0.0,0,0.0,1,1.0,1,1.0,1,1.0,0,0.0,0,0.0,1,0,1,0,0.0,0,0.0,0,0,0,0,0,0,0,,0,0,0,,0,0,0,,0,0,0,,0,0,0,,0,0,0,,0,0,0,,0,0,0,,0,0,0,,0,0,0,,0,0,0,,0,0,0,,0,0,0,,0,0,0,,0,0,0,,0,0,0,,0,0,0,,0,0,0,,0,0,0,,0,0,0,,0,0,0,,0,0,0,,0,0,0,,0,0,0,,0,0,0,,0,0,0,,0,0,0,,0,0,0,,0,1,0,0.0,0,0.0,0,0.0,0,0.0,0,0.0,0,0.0,0,0.0,0,0.0,,,not_applicable,,,,,,,,,,,,,,,,,,,,,0,context-aggregation-v1.0-2026-07-27,article-features-v1.0-2026-07-27,context-cards-v1.0-pilot67-2026-07-27
