article_id,election_id,publisher,version_processing_status,version_family_id,version_sequence,published_at,published_tz_status,published_confidence,updated_at,updated_resolution_status,retrieved_at,archived_at,first_observed_at,availability_status,version_available_at,available_lower_bound,available_upper_bound,in_window_six_months,in_window_three_months,in_window_one_month,in_window_two_weeks,in_window_one_week,in_window_final_72_hours,warning_flags,rule_version,input_refs
NEWS-bbc_surrey-11115058393e,SCC-2021-05,bbc_surrey,no_version_candidates,,,2021-05-02,date_only_no_time,usable,,not_available_in_v1_layer,2026-07-23T13:10:00+00:00,,2026-07-23T13:10:00+00:00,confirmed_available_at,2026-07-23T13:10:00+00:00,2021-05-02,2026-07-23T13:10:00+00:00,yes_publication_claim_only,yes_publication_claim_only,yes_publication_claim_only,yes_publication_claim_only,yes_publication_claim_only,no,,version-link-v1.0-2026-07-26,layer=normalised-text-v1_provisional;pairs=near-dup-v1.0-2026-07-26;url=url-canon-v1.0-2026-07-27;syndication=syndication-v1.0-2026-07-26
NEWS-bbc_surrey-26a6658188d3,SCC-2017-05,bbc_surrey,no_version_candidates,,,2017-04-28,date_only_no_time,usable,,not_available_in_v1_layer,2026-07-23T12:58:40+00:00,,2026-07-23T12:58:40+00:00,confirmed_available_at,2026-07-23T12:58:40+00:00,2017-04-28,2026-07-23T12:58:40+00:00,yes_publication_claim_only,yes_publication_claim_only,yes_publication_claim_only,yes_publication_claim_only,yes_publication_claim_only,no,,version-link-v1.0-2026-07-26,layer=normalised-text-v1_provisional;pairs=near-dup-v1.0-2026-07-26;url=url-canon-v1.0-2026-07-27;syndication=syndication-v1.0-2026-07-26
NEWS-bbc_surrey-2bc45058b1df,SCC-2013-05,bbc_surrey,no_version_candidates,,,2013-04-26,date_only_no_time,usable,,not_available_in_v1_layer,2026-07-23T12:53:59+00:00,,2026-07-23T12:53:59+00:00,confirmed_available_at,2026-07-23T12:53:59+00:00,2013-04-26,2026-07-23T12:53:59+00:00,yes_publication_claim_only,yes_publication_claim_only,yes_publication_claim_only,yes_publication_claim_only,yes_publication_claim_only,no,,version-link-v1.0-2026-07-26,layer=normalised-text-v1_provisional;pairs=near-dup-v1.0-2026-07-26;url=url-canon-v1.0-2026-07-27;syndication=syndication-v1.0-2026-07-26
NEWS-bbc_surrey-4739f8ec453a,SCC-2013-05,bbc_surrey,no_version_candidates,,,2013-04-29,date_only_no_time,usable,,not_available_in_v1_layer,2026-07-23T12:53:51+00:00,,2026-07-23T12:53:51+00:00,confirmed_available_at,2026-07-23T12:53:51+00:00,2013-04-29,2026-07-23T12:53:51+00:00,yes_publication_claim_only,yes_publication_claim_only,yes_publication_claim_only,yes_publication_claim_only,yes_publication_claim_only,yes_publication_claim_only,,version-link-v1.0-2026-07-26,layer=normalised-text-v1_provisional;pairs=near-dup-v1.0-2026-07-26;url=url-canon-v1.0-2026-07-27;syndication=syndication-v1.0-2026-07-26
NEWS-bbc_surrey-6ed4c884196b,SCC-2021-05,bbc_surrey,no_version_candidates,,,2021-04-23,date_only_no_time,usable,,not_available_in_v1_layer,2026-07-23T13:10:06+00:00,,2026-07-23T13:10:06+00:00,confirmed_available_at,2026-07-23T13:10:06+00:00,2021-04-23,2026-07-23T13:10:06+00:00,yes_publication_claim_only,yes_publication_claim_only,yes_publication_claim_only,yes_publication_claim_only,no,no,,version-link-v1.0-2026-07-26,layer=normalised-text-v1_provisional;pairs=near-dup-v1.0-2026-07-26;url=url-canon-v1.0-2026-07-27;syndication=syndication-v1.0-2026-07-26
NEWS-bbc_surrey-79d8baad386b,SCC-2021-05,bbc_surrey,no_version_candidates,,,2021-04-09,date_only_no_time,usable,,not_available_in_v1_layer,2026-07-23T13:10:12+00:00,,2026-07-23T13:10:12+00:00,confirmed_available_at,2026-07-23T13:10:12+00:00,2021-04-09,2026-07-23T13:10:12+00:00,yes_publication_claim_only,yes_publication_claim_only,yes_publication_claim_only,no,no,no,,version-link-v1.0-2026-07-26,layer=normalised-text-v1_provisional;pairs=near-dup-v1.0-2026-07-26;url=url-canon-v1.0-2026-07-27;syndication=syndication-v1.0-2026-07-26
NEWS-bbc_surrey-7cfe84512895,SCC-2017-05,bbc_surrey,no_version_candidates,,,2017-04-25,date_only_no_time,usable,,not_available_in_v1_layer,2026-07-23T12:58:46+00:00,,2026-07-23T12:58:46+00:00,confirmed_available_at,2026-07-23T12:58:46+00:00,2017-04-25,2026-07-23T12:58:46+00:00,yes_publication_claim_only,yes_publication_claim_only,yes_publication_claim_only,yes_publication_claim_only,no,no,,version-link-v1.0-2026-07-26,layer=normalised-text-v1_provisional;pairs=near-dup-v1.0-2026-07-26;url=url-canon-v1.0-2026-07-27;syndication=syndication-v1.0-2026-07-26
NEWS-bbc_surrey-8cf8f699dc50,SCC-2021-05,bbc_surrey,no_version_candidates,,,2021-04-22,date_only_no_time,usable,,not_available_in_v1_layer,2026-07-23T13:10:08+00:00,,2026-07-23T13:10:08+00:00,confirmed_available_at,2026-07-23T13:10:08+00:00,2021-04-22,2026-07-23T13:10:08+00:00,yes_publication_claim_only,yes_publication_claim_only,yes_publication_claim_only,yes_publication_claim_only,no,no,,version-link-v1.0-2026-07-26,layer=normalised-text-v1_provisional;pairs=near-dup-v1.0-2026-07-26;url=url-canon-v1.0-2026-07-27;syndication=syndication-v1.0-2026-07-26
NEWS-bbc_surrey-9322d4431ec0,SCC-2013-05,bbc_surrey,no_version_candidates,,,2013-04-29,date_only_no_time,usable,,not_available_in_v1_layer,2026-07-23T12:53:55+00:00,,2026-07-23T12:53:55+00:00,confirmed_available_at,2026-07-23T12:53:55+00:00,2013-04-29,2026-07-23T12:53:55+00:00,yes_publication_claim_only,yes_publication_claim_only,yes_publication_claim_only,yes_publication_claim_only,yes_publication_claim_only,yes_publication_claim_only,,version-link-v1.0-2026-07-26,layer=normalised-text-v1_provisional;pairs=near-dup-v1.0-2026-07-26;url=url-canon-v1.0-2026-07-27;syndication=syndication-v1.0-2026-07-26
NEWS-bbc_surrey-956003a841b5,SCC-2013-05,bbc_surrey,no_version_candidates,,,2013-04-25,date_only_no_time,usable,,not_available_in_v1_layer,2026-07-23T12:54:01+00:00,,2026-07-23T12:54:01+00:00,confirmed_available_at,2026-07-23T12:54:01+00:00,2013-04-25,2026-07-23T12:54:01+00:00,yes_publication_claim_only,yes_publication_claim_only,yes_publication_claim_only,yes_publication_claim_only,yes_publication_claim_only,no,,version-link-v1.0-2026-07-26,layer=normalised-text-v1_provisional;pairs=near-dup-v1.0-2026-07-26;url=url-canon-v1.0-2026-07-27;syndication=syndication-v1.0-2026-07-26
NEWS-bbc_surrey-a7ba313dba3e,SCC-2021-05,bbc_surrey,no_version_candidates,,,2021-04-08,date_only_no_time,usable,,not_available_in_v1_layer,2026-07-23T13:10:14+00:00,,2026-07-23T13:10:14+00:00,confirmed_available_at,2026-07-23T13:10:14+00:00,2021-04-08,2026-07-23T13:10:14+00:00,yes_publication_claim_only,yes_publication_claim_only,yes_publication_claim_only,no,no,no,,version-link-v1.0-2026-07-26,layer=normalised-text-v1_provisional;pairs=near-dup-v1.0-2026-07-26;url=url-canon-v1.0-2026-07-27;syndication=syndication-v1.0-2026-07-26
NEWS-bbc_surrey-b017a311220a,SCC-2021-05,bbc_surrey,no_version_candidates,,,2021-04-26,date_only_no_time,usable,,not_available_in_v1_layer,2026-07-23T13:10:02+00:00,,2026-07-23T13:10:02+00:00,confirmed_available_at,2026-07-23T13:10:02+00:00,2021-04-26,2026-07-23T13:10:02+00:00,yes_publication_claim_only,yes_publication_claim_only,yes_publication_claim_only,yes_publication_claim_only,no,no,,version-link-v1.0-2026-07-26,layer=normalised-text-v1_provisional;pairs=near-dup-v1.0-2026-07-26;url=url-canon-v1.0-2026-07-27;syndication=syndication-v1.0-2026-07-26
NEWS-bbc_surrey-e9f2afef0dfe,SCC-2017-05,bbc_surrey,no_version_candidates,,,2017-04-23,date_only_no_time,usable,,not_available_in_v1_layer,2026-07-23T12:58:48+00:00,,2026-07-23T12:58:48+00:00,confirmed_available_at,2026-07-23T12:58:48+00:00,2017-04-23,2026-07-23T12:58:48+00:00,yes_publication_claim_only,yes_publication_claim_only,yes_publication_claim_only,yes_publication_claim_only,no,no,,version-link-v1.0-2026-07-26,layer=normalised-text-v1_provisional;pairs=near-dup-v1.0-2026-07-26;url=url-canon-v1.0-2026-07-27;syndication=syndication-v1.0-2026-07-26
NEWS-bbc_surrey-ec4c7ab2a6e9,SCC-2013-05,bbc_surrey,no_version_candidates,,,2013-04-26,date_only_no_time,usable,,not_available_in_v1_layer,2026-07-23T12:53:57+00:00,,2026-07-23T12:53:57+00:00,confirmed_available_at,2026-07-23T12:53:57+00:00,2013-04-26,2026-07-23T12:53:57+00:00,yes_publication_claim_only,yes_publication_claim_only,yes_publication_claim_only,yes_publication_claim_only,yes_publication_claim_only,no,,version-link-v1.0-2026-07-26,layer=normalised-text-v1_provisional;pairs=near-dup-v1.0-2026-07-26;url=url-canon-v1.0-2026-07-27;syndication=syndication-v1.0-2026-07-26
NEWS-bbc_surrey-efe6c71df344,SCC-2021-05,bbc_surrey,no_version_candidates,,,2021-04-23,date_only_no_time,usable,,not_available_in_v1_layer,2026-07-23T13:10:04+00:00,,2026-07-23T13:10:04+00:00,confirmed_available_at,2026-07-23T13:10:04+00:00,2021-04-23,2026-07-23T13:10:04+00:00,yes_publication_claim_only,yes_publication_claim_only,yes_publication_claim_only,yes_publication_claim_only,no,no,,version-link-v1.0-2026-07-26,layer=normalised-text-v1_provisional;pairs=near-dup-v1.0-2026-07-26;url=url-canon-v1.0-2026-07-27;syndication=syndication-v1.0-2026-07-26
NEWS-google_dated_search-657960f1d419,ESWS-2026-05,google_dated_search,no_version_candidates,,,2026-04-17,date_only_no_time,usable,,not_available_in_v1_layer,2026-07-23T15:00:36+00:00,,2026-07-23T15:00:36+00:00,confirmed_available_at,2026-07-23T15:00:36+00:00,2026-04-17,2026-07-23T15:00:36+00:00,yes_publication_claim_only,yes_publication_claim_only,yes_publication_claim_only,no,no,no,,version-link-v1.0-2026-07-26,layer=normalised-text-v1_provisional;pairs=near-dup-v1.0-2026-07-26;url=url-canon-v1.0-2026-07-27;syndication=syndication-v1.0-2026-07-26
NEWS-google_dated_search-91dc1b60bc85,ESWS-2026-05,google_dated_search,no_version_candidates,,,2026-04-24,date_only_no_time,usable,,not_available_in_v1_layer,2026-07-23T14:27:04+00:00,,2026-07-23T14:27:04+00:00,confirmed_available_at,2026-07-23T14:27:04+00:00,2026-04-24,2026-07-23T14:27:04+00:00,yes_publication_claim_only,yes_publication_claim_only,yes_publication_claim_only,yes_publication_claim_only,no,no,,version-link-v1.0-2026-07-26,layer=normalised-text-v1_provisional;pairs=near-dup-v1.0-2026-07-26;url=url-canon-v1.0-2026-07-27;syndication=syndication-v1.0-2026-07-26
NEWS-google_dated_search-9c76ea82d46d,ESWS-2026-05,google_dated_search,no_version_candidates,,,2026-04-24,date_only_no_time,usable,,not_available_in_v1_layer,2026-07-23T14:24:42+00:00,,2026-07-23T14:24:42+00:00,confirmed_available_at,2026-07-23T14:24:42+00:00,2026-04-24,2026-07-23T14:24:42+00:00,yes_publication_claim_only,yes_publication_claim_only,yes_publication_claim_only,yes_publication_claim_only,no,no,,version-link-v1.0-2026-07-26,layer=normalised-text-v1_provisional;pairs=near-dup-v1.0-2026-07-26;url=url-canon-v1.0-2026-07-27;syndication=syndication-v1.0-2026-07-26
NEWS-google_dated_search-eef15524394a,ESWS-2026-05,google_dated_search,no_version_candidates,,,2026-04-29,date_only_no_time,usable,,not_available_in_v1_layer,2026-07-23T14:31:05+00:00,,2026-07-23T14:31:05+00:00,confirmed_available_at,2026-07-23T14:31:05+00:00,2026-04-29,2026-07-23T14:31:05+00:00,yes_publication_claim_only,yes_publication_claim_only,yes_publication_claim_only,yes_publication_claim_only,no,no,,version-link-v1.0-2026-07-26,layer=normalised-text-v1_provisional;pairs=near-dup-v1.0-2026-07-26;url=url-canon-v1.0-2026-07-27;syndication=syndication-v1.0-2026-07-26
NEWS-guardian_api-0012a786cff5,SCC-2017-05,guardian_api,no_version_candidates,,,2016-11-23,date_only_no_time,usable,,not_available_in_v1_layer,2026-07-22T21:09:18+00:00,,2026-07-22T21:09:18+00:00,confirmed_available_at,2026-07-22T21:09:18+00:00,2016-11-23,2026-07-22T21:09:18+00:00,yes_publication_claim_only,no,no,no,no,no,,version-link-v1.0-2026-07-26,layer=normalised-text-v1_provisional;pairs=near-dup-v1.0-2026-07-26;url=url-canon-v1.0-2026-07-27;syndication=syndication-v1.0-2026-07-26
NEWS-guardian_api-00490703e50c,SCC-2021-05,guardian_api,no_version_candidates,,,2021-02-17,date_only_no_time,usable,,not_available_in_v1_layer,2026-07-22T21:10:32+00:00,,2026-07-22T21:10:32+00:00,confirmed_available_at,2026-07-22T21:10:32+00:00,2021-02-17,2026-07-22T21:10:32+00:00,yes_publication_claim_only,yes_publication_claim_only,no,no,no,no,,version-link-v1.0-2026-07-26,layer=normalised-text-v1_provisional;pairs=near-dup-v1.0-2026-07-26;url=url-canon-v1.0-2026-07-27;syndication=syndication-v1.0-2026-07-26
NEWS-guardian_api-008cb68bf384,SCC-2017-05,guardian_api,no_version_candidates,,,2016-11-24,date_only_no_time,usable,,not_available_in_v1_layer,2026-07-22T21:09:22+00:00,,2026-07-22T21:09:22+00:00,confirmed_available_at,2026-07-22T21:09:22+00:00,2016-11-24,2026-07-22T21:09:22+00:00,yes_publication_claim_only,no,no,no,no,no,,version-link-v1.0-2026-07-26,layer=normalised-text-v1_provisional;pairs=near-dup-v1.0-2026-07-26;url=url-canon-v1.0-2026-07-27;syndication=syndication-v1.0-2026-07-26
NEWS-guardian_api-00c92ff46985,SCC-2017-05,guardian_api,no_version_candidates,,,2016-11-20,date_only_no_time,usable,,not_available_in_v1_layer,2026-07-22T21:09:15+00:00,,2026-07-22T21:09:15+00:00,confirmed_available_at,2026-07-22T21:09:15+00:00,2016-11-20,2026-07-22T21:09:15+00:00,yes_publication_claim_only,no,no,no,no,no,,version-link-v1.0-2026-07-26,layer=normalised-text-v1_provisional;pairs=near-dup-v1.0-2026-07-26;url=url-canon-v1.0-2026-07-27;syndication=syndication-v1.0-2026-07-26
NEWS-guardian_api-00d8f2af466c,SCC-2017-05,guardian_api,no_version_candidates,,,2017-04-18,date_only_no_time,usable,,not_available_in_v1_layer,2026-07-22T21:09:52+00:00,,2026-07-22T21:09:52+00:00,confirmed_available_at,2026-07-22T21:09:52+00:00,2017-04-18,2026-07-22T21:09:52+00:00,yes_publication_claim_only,yes_publication_claim_only,yes_publication_claim_only,no,no,no,,version-link-v1.0-2026-07-26,layer=normalised-text-v1_provisional;pairs=near-dup-v1.0-2026-07-26;url=url-canon-v1.0-2026-07-27;syndication=syndication-v1.0-2026-07-26
NEWS-guardian_api-012a3330d78d,ESWS-2026-05,guardian_api,no_version_candidates,,,2025-11-14,date_only_no_time,usable,,not_available_in_v1_layer,2026-07-22T21:07:52+00:00,,2026-07-22T21:07:52+00:00,confirmed_available_at,2026-07-22T21:07:52+00:00,2025-11-14,2026-07-22T21:07:52+00:00,yes_publication_claim_only,no,no,no,no,no,,version-link-v1.0-2026-07-26,layer=normalised-text-v1_provisional;pairs=near-dup-v1.0-2026-07-26;url=url-canon-v1.0-2026-07-27;syndication=syndication-v1.0-2026-07-26
NEWS-guardian_api-013bc20a12cf,SCC-2017-05,guardian_api,no_version_candidates,,,2016-12-16,date_only_no_time,usable,,not_available_in_v1_layer,2026-07-22T21:09:40+00:00,,2026-07-22T21:09:40+00:00,confirmed_available_at,2026-07-22T21:09:40+00:00,2016-12-16,2026-07-22T21:09:40+00:00,yes_publication_claim_only,no,no,no,no,no,,version-link-v1.0-2026-07-26,layer=normalised-text-v1_provisional;pairs=near-dup-v1.0-2026-07-26;url=url-canon-v1.0-2026-07-27;syndication=syndication-v1.0-2026-07-26
NEWS-guardian_api-0146e9616127,SCC-2017-05,guardian_api,no_version_candidates,,,2016-11-30,date_only_no_time,usable,,not_available_in_v1_layer,2026-07-22T21:09:19+00:00,,2026-07-22T21:09:19+00:00,confirmed_available_at,2026-07-22T21:09:19+00:00,2016-11-30,2026-07-22T21:09:19+00:00,yes_publication_claim_only,no,no,no,no,no,,version-link-v1.0-2026-07-26,layer=normalised-text-v1_provisional;pairs=near-dup-v1.0-2026-07-26;url=url-canon-v1.0-2026-07-27;syndication=syndication-v1.0-2026-07-26
NEWS-guardian_api-016348683435,SCC-2021-05,guardian_api,no_version_candidates,,,2021-03-25,date_only_no_time,usable,,not_available_in_v1_layer,2026-07-22T21:10:33+00:00,,2026-07-22T21:10:33+00:00,confirmed_available_at,2026-07-22T21:10:33+00:00,2021-03-25,2026-07-22T21:10:33+00:00,yes_publication_claim_only,yes_publication_claim_only,no,no,no,no,,version-link-v1.0-2026-07-26,layer=normalised-text-v1_provisional;pairs=near-dup-v1.0-2026-07-26;url=url-canon-v1.0-2026-07-27;syndication=syndication-v1.0-2026-07-26
NEWS-guardian_api-016d35d6838c,SCC-2017-05,guardian_api,no_version_candidates,,,2016-11-16,date_only_no_time,usable,,not_available_in_v1_layer,2026-07-22T21:09:47+00:00,,2026-07-22T21:09:47+00:00,confirmed_available_at,2026-07-22T21:09:47+00:00,2016-11-16,2026-07-22T21:09:47+00:00,yes_publication_claim_only,no,no,no,no,no,,version-link-v1.0-2026-07-26,layer=normalised-text-v1_provisional;pairs=near-dup-v1.0-2026-07-26;url=url-canon-v1.0-2026-07-27;syndication=syndication-v1.0-2026-07-26
NEWS-guardian_api-01bf77bf8c42,ESWS-2026-05,guardian_api,no_version_candidates,,,2026-01-15,date_only_no_time,usable,,not_available_in_v1_layer,2026-07-22T21:08:18+00:00,,2026-07-22T21:08:18+00:00,confirmed_available_at,2026-07-22T21:08:18+00:00,2026-01-15,2026-07-22T21:08:18+00:00,yes_publication_claim_only,no,no,no,no,no,,version-link-v1.0-2026-07-26,layer=normalised-text-v1_provisional;pairs=near-dup-v1.0-2026-07-26;url=url-canon-v1.0-2026-07-27;syndication=syndication-v1.0-2026-07-26
NEWS-guardian_api-01d122f69f38,SCC-2021-05,guardian_api,no_version_candidates,,,2020-11-13,date_only_no_time,usable,,not_available_in_v1_layer,2026-07-22T21:10:25+00:00,,2026-07-22T21:10:25+00:00,confirmed_available_at,2026-07-22T21:10:25+00:00,2020-11-13,2026-07-22T21:10:25+00:00,yes_publication_claim_only,no,no,no,no,no,,version-link-v1.0-2026-07-26,layer=normalised-text-v1_provisional;pairs=near-dup-v1.0-2026-07-26;url=url-canon-v1.0-2026-07-27;syndication=syndication-v1.0-2026-07-26
NEWS-guardian_api-01e94420bef3,SCC-2013-05,guardian_api,no_version_candidates,,,2012-12-12,date_only_no_time,usable,,not_available_in_v1_layer,2026-07-22T21:09:02+00:00,,2026-07-22T21:09:02+00:00,confirmed_available_at,2026-07-22T21:09:02+00:00,2012-12-12,2026-07-22T21:09:02+00:00,yes_publication_claim_only,no,no,no,no,no,,version-link-v1.0-2026-07-26,layer=normalised-text-v1_provisional;pairs=near-dup-v1.0-2026-07-26;url=url-canon-v1.0-2026-07-27;syndication=syndication-v1.0-2026-07-26
NEWS-guardian_api-0240a09cb3df,SCC-2021-05,guardian_api,no_version_candidates,,,2020-11-10,date_only_no_time,usable,,not_available_in_v1_layer,2026-07-22T21:10:17+00:00,,2026-07-22T21:10:17+00:00,confirmed_available_at,2026-07-22T21:10:17+00:00,2020-11-10,2026-07-22T21:10:17+00:00,yes_publication_claim_only,no,no,no,no,no,,version-link-v1.0-2026-07-26,layer=normalised-text-v1_provisional;pairs=near-dup-v1.0-2026-07-26;url=url-canon-v1.0-2026-07-27;syndication=syndication-v1.0-2026-07-26
NEWS-guardian_api-02446cbafe3e,ESWS-2026-05,guardian_api,no_version_candidates,,,2025-11-12,date_only_no_time,usable,,not_available_in_v1_layer,2026-07-22T21:08:02+00:00,,2026-07-22T21:08:02+00:00,confirmed_available_at,2026-07-22T21:08:02+00:00,2025-11-12,2026-07-22T21:08:02+00:00,yes_publication_claim_only,no,no,no,no,no,,version-link-v1.0-2026-07-26,layer=normalised-text-v1_provisional;pairs=near-dup-v1.0-2026-07-26;url=url-canon-v1.0-2026-07-27;syndication=syndication-v1.0-2026-07-26
NEWS-guardian_api-02506f16d90e,SCC-2013-05,guardian_api,no_version_candidates,,,2012-11-19,date_only_no_time,usable,,not_available_in_v1_layer,2026-07-22T21:08:30+00:00,,2026-07-22T21:08:30+00:00,confirmed_available_at,2026-07-22T21:08:30+00:00,2012-11-19,2026-07-22T21:08:30+00:00,yes_publication_claim_only,no,no,no,no,no,,version-link-v1.0-2026-07-26,layer=normalised-text-v1_provisional;pairs=near-dup-v1.0-2026-07-26;url=url-canon-v1.0-2026-07-27;syndication=syndication-v1.0-2026-07-26
NEWS-guardian_api-026581f3004e,SCC-2021-05,guardian_api,no_version_candidates,,,2021-01-26,date_only_no_time,usable,,not_available_in_v1_layer,2026-07-22T21:10:32+00:00,,2026-07-22T21:10:32+00:00,confirmed_available_at,2026-07-22T21:10:32+00:00,2021-01-26,2026-07-22T21:10:32+00:00,yes_publication_claim_only,no,no,no,no,no,,version-link-v1.0-2026-07-26,layer=normalised-text-v1_provisional;pairs=near-dup-v1.0-2026-07-26;url=url-canon-v1.0-2026-07-27;syndication=syndication-v1.0-2026-07-26
NEWS-guardian_api-029d5b08f16b,SCC-2021-05,guardian_api,no_version_candidates,,,2021-04-08,date_only_no_time,usable,,not_available_in_v1_layer,2026-07-22T21:10:13+00:00,,2026-07-22T21:10:13+00:00,confirmed_available_at,2026-07-22T21:10:13+00:00,2021-04-08,2026-07-22T21:10:13+00:00,yes_publication_claim_only,yes_publication_claim_only,yes_publication_claim_only,no,no,no,,version-link-v1.0-2026-07-26,layer=normalised-text-v1_provisional;pairs=near-dup-v1.0-2026-07-26;url=url-canon-v1.0-2026-07-27;syndication=syndication-v1.0-2026-07-26
NEWS-guardian_api-02a6bfc3ed95,SCC-2013-05,guardian_api,no_version_candidates,,,2012-11-04,date_only_no_time,usable,,not_available_in_v1_layer,2026-07-22T21:08:58+00:00,,2026-07-22T21:08:58+00:00,confirmed_available_at,2026-07-22T21:08:58+00:00,2012-11-04,2026-07-22T21:08:58+00:00,yes_publication_claim_only,no,no,no,no,no,,version-link-v1.0-2026-07-26,layer=normalised-text-v1_provisional;pairs=near-dup-v1.0-2026-07-26;url=url-canon-v1.0-2026-07-27;syndication=syndication-v1.0-2026-07-26
NEWS-guardian_api-02e695dcdd6b,ESWS-2026-05,guardian_api,no_version_candidates,,,2025-11-27,date_only_no_time,usable,,not_available_in_v1_layer,2026-07-22T21:08:18+00:00,,2026-07-22T21:08:18+00:00,confirmed_available_at,2026-07-22T21:08:18+00:00,2025-11-27,2026-07-22T21:08:18+00:00,yes_publication_claim_only,no,no,no,no,no,,version-link-v1.0-2026-07-26,layer=normalised-text-v1_provisional;pairs=near-dup-v1.0-2026-07-26;url=url-canon-v1.0-2026-07-27;syndication=syndication-v1.0-2026-07-26
NEWS-guardian_api-02ed065b77d9,SCC-2013-05,guardian_api,no_version_candidates,,,2012-11-07,date_only_no_time,usable,,not_available_in_v1_layer,2026-07-22T21:08:47+00:00,,2026-07-22T21:08:47+00:00,confirmed_available_at,2026-07-22T21:08:47+00:00,2012-11-07,2026-07-22T21:08:47+00:00,yes_publication_claim_only,no,no,no,no,no,,version-link-v1.0-2026-07-26,layer=normalised-text-v1_provisional;pairs=near-dup-v1.0-2026-07-26;url=url-canon-v1.0-2026-07-27;syndication=syndication-v1.0-2026-07-26
NEWS-guardian_api-030cf52b689b,SCC-2017-05,guardian_api,no_version_candidates,,,2017-01-01,date_only_no_time,usable,,not_available_in_v1_layer,2026-07-22T21:09:22+00:00,,2026-07-22T21:09:22+00:00,confirmed_available_at,2026-07-22T21:09:22+00:00,2017-01-01,2026-07-22T21:09:22+00:00,yes_publication_claim_only,no,no,no,no,no,,version-link-v1.0-2026-07-26,layer=normalised-text-v1_provisional;pairs=near-dup-v1.0-2026-07-26;url=url-canon-v1.0-2026-07-27;syndication=syndication-v1.0-2026-07-26
NEWS-guardian_api-037ff6103d50,SCC-2017-05,guardian_api,no_version_candidates,,,2016-12-01,date_only_no_time,usable,,not_available_in_v1_layer,2026-07-22T21:09:47+00:00,,2026-07-22T21:09:47+00:00,confirmed_available_at,2026-07-22T21:09:47+00:00,2016-12-01,2026-07-22T21:09:47+00:00,yes_publication_claim_only,no,no,no,no,no,,version-link-v1.0-2026-07-26,layer=normalised-text-v1_provisional;pairs=near-dup-v1.0-2026-07-26;url=url-canon-v1.0-2026-07-27;syndication=syndication-v1.0-2026-07-26
NEWS-guardian_api-0385f955b317,SCC-2021-05,guardian_api,no_version_candidates,,,2021-04-03,date_only_no_time,usable,,not_available_in_v1_layer,2026-07-22T21:09:58+00:00,,2026-07-22T21:09:58+00:00,confirmed_available_at,2026-07-22T21:09:58+00:00,2021-04-03,2026-07-22T21:09:58+00:00,yes_publication_claim_only,yes_publication_claim_only,no,no,no,no,,version-link-v1.0-2026-07-26,layer=normalised-text-v1_provisional;pairs=near-dup-v1.0-2026-07-26;url=url-canon-v1.0-2026-07-27;syndication=syndication-v1.0-2026-07-26
NEWS-guardian_api-03ca3855bc23,SCC-2013-05,guardian_api,no_version_candidates,,,2012-12-06,date_only_no_time,usable,,not_available_in_v1_layer,2026-07-22T21:08:38+00:00,,2026-07-22T21:08:38+00:00,confirmed_available_at,2026-07-22T21:08:38+00:00,2012-12-06,2026-07-22T21:08:38+00:00,yes_publication_claim_only,no,no,no,no,no,,version-link-v1.0-2026-07-26,layer=normalised-text-v1_provisional;pairs=near-dup-v1.0-2026-07-26;url=url-canon-v1.0-2026-07-27;syndication=syndication-v1.0-2026-07-26
NEWS-guardian_api-0458f64bfff8,SCC-2013-05,guardian_api,no_version_candidates,,,2013-01-22,date_only_no_time,usable,,not_available_in_v1_layer,2026-07-22T21:08:34+00:00,,2026-07-22T21:08:34+00:00,confirmed_available_at,2026-07-22T21:08:34+00:00,2013-01-22,2026-07-22T21:08:34+00:00,yes_publication_claim_only,no,no,no,no,no,,version-link-v1.0-2026-07-26,layer=normalised-text-v1_provisional;pairs=near-dup-v1.0-2026-07-26;url=url-canon-v1.0-2026-07-27;syndication=syndication-v1.0-2026-07-26
NEWS-guardian_api-046c55e93349,SCC-2013-05,guardian_api,no_version_candidates,,,2012-11-17,date_only_no_time,usable,,not_available_in_v1_layer,2026-07-22T21:09:07+00:00,,2026-07-22T21:09:07+00:00,confirmed_available_at,2026-07-22T21:09:07+00:00,2012-11-17,2026-07-22T21:09:07+00:00,yes_publication_claim_only,no,no,no,no,no,,version-link-v1.0-2026-07-26,layer=normalised-text-v1_provisional;pairs=near-dup-v1.0-2026-07-26;url=url-canon-v1.0-2026-07-27;syndication=syndication-v1.0-2026-07-26
NEWS-guardian_api-04791e69a76d,ESWS-2026-05,guardian_api,no_version_candidates,,,2025-11-19,date_only_no_time,usable,,not_available_in_v1_layer,2026-07-22T21:07:44+00:00,,2026-07-22T21:07:44+00:00,confirmed_available_at,2026-07-22T21:07:44+00:00,2025-11-19,2026-07-22T21:07:44+00:00,yes_publication_claim_only,no,no,no,no,no,,version-link-v1.0-2026-07-26,layer=normalised-text-v1_provisional;pairs=near-dup-v1.0-2026-07-26;url=url-canon-v1.0-2026-07-27;syndication=syndication-v1.0-2026-07-26
NEWS-guardian_api-048973de164d,SCC-2021-05,guardian_api,no_version_candidates,,,2021-02-04,date_only_no_time,usable,,not_available_in_v1_layer,2026-07-22T21:10:25+00:00,,2026-07-22T21:10:25+00:00,confirmed_available_at,2026-07-22T21:10:25+00:00,2021-02-04,2026-07-22T21:10:25+00:00,yes_publication_claim_only,no,no,no,no,no,,version-link-v1.0-2026-07-26,layer=normalised-text-v1_provisional;pairs=near-dup-v1.0-2026-07-26;url=url-canon-v1.0-2026-07-27;syndication=syndication-v1.0-2026-07-26
NEWS-guardian_api-049a475004ff,SCC-2017-05,guardian_api,no_version_candidates,,,2016-12-14,date_only_no_time,usable,,not_available_in_v1_layer,2026-07-22T21:09:47+00:00,,2026-07-22T21:09:47+00:00,confirmed_available_at,2026-07-22T21:09:47+00:00,2016-12-14,2026-07-22T21:09:47+00:00,yes_publication_claim_only,no,no,no,no,no,,version-link-v1.0-2026-07-26,layer=normalised-text-v1_provisional;pairs=near-dup-v1.0-2026-07-26;url=url-canon-v1.0-2026-07-27;syndication=syndication-v1.0-2026-07-26
NEWS-guardian_api-049ea67e6b5d,SCC-2013-05,guardian_api,no_version_candidates,,,2012-12-07,date_only_no_time,usable,,not_available_in_v1_layer,2026-07-22T21:08:55+00:00,,2026-07-22T21:08:55+00:00,confirmed_available_at,2026-07-22T21:08:55+00:00,2012-12-07,2026-07-22T21:08:55+00:00,yes_publication_claim_only,no,no,no,no,no,,version-link-v1.0-2026-07-26,layer=normalised-text-v1_provisional;pairs=near-dup-v1.0-2026-07-26;url=url-canon-v1.0-2026-07-27;syndication=syndication-v1.0-2026-07-26
NEWS-guardian_api-0542986e54ba,SCC-2017-05,guardian_api,no_version_candidates,,,2016-11-05,date_only_no_time,usable,,not_available_in_v1_layer,2026-07-22T21:09:15+00:00,,2026-07-22T21:09:15+00:00,confirmed_available_at,2026-07-22T21:09:15+00:00,2016-11-05,2026-07-22T21:09:15+00:00,yes_publication_claim_only,no,no,no,no,no,,version-link-v1.0-2026-07-26,layer=normalised-text-v1_provisional;pairs=near-dup-v1.0-2026-07-26;url=url-canon-v1.0-2026-07-27;syndication=syndication-v1.0-2026-07-26
NEWS-guardian_api-057d61617404,SCC-2013-05,guardian_api,no_version_candidates,,,2012-11-14,date_only_no_time,usable,,not_available_in_v1_layer,2026-07-22T21:08:30+00:00,,2026-07-22T21:08:30+00:00,confirmed_available_at,2026-07-22T21:08:30+00:00,2012-11-14,2026-07-22T21:08:30+00:00,yes_publication_claim_only,no,no,no,no,no,,version-link-v1.0-2026-07-26,layer=normalised-text-v1_provisional;pairs=near-dup-v1.0-2026-07-26;url=url-canon-v1.0-2026-07-27;syndication=syndication-v1.0-2026-07-26
NEWS-guardian_api-05b0e5f6422a,ESWS-2026-05,guardian_api,no_version_candidates,,,2026-05-06,date_only_no_time,usable,,not_available_in_v1_layer,2026-07-22T21:07:54+00:00,,2026-07-22T21:07:54+00:00,confirmed_available_at,2026-07-22T21:07:54+00:00,2026-05-06,2026-07-22T21:07:54+00:00,yes_publication_claim_only,yes_publication_claim_only,yes_publication_claim_only,yes_publication_claim_only,yes_publication_claim_only,yes_publication_claim_only,,version-link-v1.0-2026-07-26,layer=normalised-text-v1_provisional;pairs=near-dup-v1.0-2026-07-26;url=url-canon-v1.0-2026-07-27;syndication=syndication-v1.0-2026-07-26
NEWS-guardian_api-064ee2dd744d,SCC-2013-05,guardian_api,no_version_candidates,,,2012-11-27,date_only_no_time,usable,,not_available_in_v1_layer,2026-07-22T21:09:02+00:00,,2026-07-22T21:09:02+00:00,confirmed_available_at,2026-07-22T21:09:02+00:00,2012-11-27,2026-07-22T21:09:02+00:00,yes_publication_claim_only,no,no,no,no,no,,version-link-v1.0-2026-07-26,layer=normalised-text-v1_provisional;pairs=near-dup-v1.0-2026-07-26;url=url-canon-v1.0-2026-07-27;syndication=syndication-v1.0-2026-07-26
NEWS-guardian_api-065cb090074c,ESWS-2026-05,guardian_api,no_version_candidates,,,2025-11-25,date_only_no_time,usable,,not_available_in_v1_layer,2026-07-22T21:08:10+00:00,,2026-07-22T21:08:10+00:00,confirmed_available_at,2026-07-22T21:08:10+00:00,2025-11-25,2026-07-22T21:08:10+00:00,yes_publication_claim_only,no,no,no,no,no,,version-link-v1.0-2026-07-26,layer=normalised-text-v1_provisional;pairs=near-dup-v1.0-2026-07-26;url=url-canon-v1.0-2026-07-27;syndication=syndication-v1.0-2026-07-26
NEWS-guardian_api-06e9e7bbc392,SCC-2021-05,guardian_api,no_version_candidates,,,2021-02-07,date_only_no_time,usable,,not_available_in_v1_layer,2026-07-22T21:10:32+00:00,,2026-07-22T21:10:32+00:00,confirmed_available_at,2026-07-22T21:10:32+00:00,2021-02-07,2026-07-22T21:10:32+00:00,yes_publication_claim_only,yes_publication_claim_only,no,no,no,no,,version-link-v1.0-2026-07-26,layer=normalised-text-v1_provisional;pairs=near-dup-v1.0-2026-07-26;url=url-canon-v1.0-2026-07-27;syndication=syndication-v1.0-2026-07-26
NEWS-guardian_api-06ede00eecba,SCC-2013-05,guardian_api,no_version_candidates,,,2012-11-26,date_only_no_time,usable,,not_available_in_v1_layer,2026-07-22T21:08:30+00:00,,2026-07-22T21:08:30+00:00,confirmed_available_at,2026-07-22T21:08:30+00:00,2012-11-26,2026-07-22T21:08:30+00:00,yes_publication_claim_only,no,no,no,no,no,,version-link-v1.0-2026-07-26,layer=normalised-text-v1_provisional;pairs=near-dup-v1.0-2026-07-26;url=url-canon-v1.0-2026-07-27;syndication=syndication-v1.0-2026-07-26
NEWS-guardian_api-06f315a8b222,SCC-2017-05,guardian_api,no_version_candidates,,,2016-11-13,date_only_no_time,usable,,not_available_in_v1_layer,2026-07-22T21:09:15+00:00,,2026-07-22T21:09:15+00:00,confirmed_available_at,2026-07-22T21:09:15+00:00,2016-11-13,2026-07-22T21:09:15+00:00,yes_publication_claim_only,no,no,no,no,no,,version-link-v1.0-2026-07-26,layer=normalised-text-v1_provisional;pairs=near-dup-v1.0-2026-07-26;url=url-canon-v1.0-2026-07-27;syndication=syndication-v1.0-2026-07-26
NEWS-guardian_api-073f7f9f0d8f,SCC-2021-05,guardian_api,no_version_candidates,,,2021-01-15,date_only_no_time,usable,,not_available_in_v1_layer,2026-07-22T21:10:25+00:00,,2026-07-22T21:10:25+00:00,confirmed_available_at,2026-07-22T21:10:25+00:00,2021-01-15,2026-07-22T21:10:25+00:00,yes_publication_claim_only,no,no,no,no,no,,version-link-v1.0-2026-07-26,layer=normalised-text-v1_provisional;pairs=near-dup-v1.0-2026-07-26;url=url-canon-v1.0-2026-07-27;syndication=syndication-v1.0-2026-07-26
NEWS-guardian_api-0745bbf082e5,ESWS-2026-05,guardian_api,no_version_candidates,,,2025-11-15,date_only_no_time,usable,,not_available_in_v1_layer,2026-07-22T21:08:02+00:00,,2026-07-22T21:08:02+00:00,confirmed_available_at,2026-07-22T21:08:02+00:00,2025-11-15,2026-07-22T21:08:02+00:00,yes_publication_claim_only,no,no,no,no,no,,version-link-v1.0-2026-07-26,layer=normalised-text-v1_provisional;pairs=near-dup-v1.0-2026-07-26;url=url-canon-v1.0-2026-07-27;syndication=syndication-v1.0-2026-07-26
NEWS-guardian_api-07b32fe5103d,SCC-2013-05,guardian_api,no_version_candidates,,,2013-02-24,date_only_no_time,usable,,not_available_in_v1_layer,2026-07-22T21:09:02+00:00,,2026-07-22T21:09:02+00:00,confirmed_available_at,2026-07-22T21:09:02+00:00,2013-02-24,2026-07-22T21:09:02+00:00,yes_publication_claim_only,yes_publication_claim_only,no,no,no,no,,version-link-v1.0-2026-07-26,layer=normalised-text-v1_provisional;pairs=near-dup-v1.0-2026-07-26;url=url-canon-v1.0-2026-07-27;syndication=syndication-v1.0-2026-07-26
NEWS-guardian_api-07c050e08488,SCC-2013-05,guardian_api,no_version_candidates,,,2012-12-16,date_only_no_time,usable,,not_available_in_v1_layer,2026-07-22T21:08:34+00:00,,2026-07-22T21:08:34+00:00,confirmed_available_at,2026-07-22T21:08:34+00:00,2012-12-16,2026-07-22T21:08:34+00:00,yes_publication_claim_only,no,no,no,no,no,,version-link-v1.0-2026-07-26,layer=normalised-text-v1_provisional;pairs=near-dup-v1.0-2026-07-26;url=url-canon-v1.0-2026-07-27;syndication=syndication-v1.0-2026-07-26
NEWS-guardian_api-07c83d9e2ea6,ESWS-2026-05,guardian_api,no_version_candidates,,,2026-03-26,date_only_no_time,usable,,not_available_in_v1_layer,2026-07-22T21:08:18+00:00,,2026-07-22T21:08:18+00:00,confirmed_available_at,2026-07-22T21:08:18+00:00,2026-03-26,2026-07-22T21:08:18+00:00,yes_publication_claim_only,yes_publication_claim_only,no,no,no,no,,version-link-v1.0-2026-07-26,layer=normalised-text-v1_provisional;pairs=near-dup-v1.0-2026-07-26;url=url-canon-v1.0-2026-07-27;syndication=syndication-v1.0-2026-07-26
NEWS-guardian_api-07d8c984385b,SCC-2017-05,guardian_api,no_version_candidates,,,2016-11-06,date_only_no_time,usable,,not_available_in_v1_layer,2026-07-22T21:09:32+00:00,,2026-07-22T21:09:32+00:00,confirmed_available_at,2026-07-22T21:09:32+00:00,2016-11-06,2026-07-22T21:09:32+00:00,yes_publication_claim_only,no,no,no,no,no,,version-link-v1.0-2026-07-26,layer=normalised-text-v1_provisional;pairs=near-dup-v1.0-2026-07-26;url=url-canon-v1.0-2026-07-27;syndication=syndication-v1.0-2026-07-26
NEWS-guardian_api-0829eec7a370,SCC-2017-05,guardian_api,no_version_candidates,,,2017-01-26,date_only_no_time,usable,,not_available_in_v1_layer,2026-07-22T21:09:26+00:00,,2026-07-22T21:09:26+00:00,confirmed_available_at,2026-07-22T21:09:26+00:00,2017-01-26,2026-07-22T21:09:26+00:00,yes_publication_claim_only,no,no,no,no,no,,version-link-v1.0-2026-07-26,layer=normalised-text-v1_provisional;pairs=near-dup-v1.0-2026-07-26;url=url-canon-v1.0-2026-07-27;syndication=syndication-v1.0-2026-07-26
NEWS-guardian_api-0876578a2bc8,SCC-2021-05,guardian_api,no_version_candidates,,,2021-03-22,date_only_no_time,usable,,not_available_in_v1_layer,2026-07-22T21:10:33+00:00,,2026-07-22T21:10:33+00:00,confirmed_available_at,2026-07-22T21:10:33+00:00,2021-03-22,2026-07-22T21:10:33+00:00,yes_publication_claim_only,yes_publication_claim_only,no,no,no,no,,version-link-v1.0-2026-07-26,layer=normalised-text-v1_provisional;pairs=near-dup-v1.0-2026-07-26;url=url-canon-v1.0-2026-07-27;syndication=syndication-v1.0-2026-07-26
NEWS-guardian_api-08bf8cb06faa,SCC-2013-05,guardian_api,no_version_candidates,,,2012-12-18,date_only_no_time,usable,,not_available_in_v1_layer,2026-07-22T21:08:55+00:00,,2026-07-22T21:08:55+00:00,confirmed_available_at,2026-07-22T21:08:55+00:00,2012-12-18,2026-07-22T21:08:55+00:00,yes_publication_claim_only,no,no,no,no,no,,version-link-v1.0-2026-07-26,layer=normalised-text-v1_provisional;pairs=near-dup-v1.0-2026-07-26;url=url-canon-v1.0-2026-07-27;syndication=syndication-v1.0-2026-07-26
NEWS-guardian_api-08e4aa68d5d2,SCC-2017-05,guardian_api,no_version_candidates,,,2016-11-28,date_only_no_time,usable,,not_available_in_v1_layer,2026-07-22T21:09:47+00:00,,2026-07-22T21:09:47+00:00,confirmed_available_at,2026-07-22T21:09:47+00:00,2016-11-28,2026-07-22T21:09:47+00:00,yes_publication_claim_only,no,no,no,no,no,,version-link-v1.0-2026-07-26,layer=normalised-text-v1_provisional;pairs=near-dup-v1.0-2026-07-26;url=url-canon-v1.0-2026-07-27;syndication=syndication-v1.0-2026-07-26
NEWS-guardian_api-092b75fc4995,SCC-2013-05,guardian_api,no_version_candidates,,,2012-11-27,date_only_no_time,usable,,not_available_in_v1_layer,2026-07-22T21:08:31+00:00,,2026-07-22T21:08:31+00:00,confirmed_available_at,2026-07-22T21:08:31+00:00,2012-11-27,2026-07-22T21:08:31+00:00,yes_publication_claim_only,no,no,no,no,no,,version-link-v1.0-2026-07-26,layer=normalised-text-v1_provisional;pairs=near-dup-v1.0-2026-07-26;url=url-canon-v1.0-2026-07-27;syndication=syndication-v1.0-2026-07-26
NEWS-guardian_api-097b30b5bdb0,SCC-2013-05,guardian_api,no_version_candidates,,,2012-11-16,date_only_no_time,usable,,not_available_in_v1_layer,2026-07-22T21:08:30+00:00,,2026-07-22T21:08:30+00:00,confirmed_available_at,2026-07-22T21:08:30+00:00,2012-11-16,2026-07-22T21:08:30+00:00,yes_publication_claim_only,no,no,no,no,no,,version-link-v1.0-2026-07-26,layer=normalised-text-v1_provisional;pairs=near-dup-v1.0-2026-07-26;url=url-canon-v1.0-2026-07-27;syndication=syndication-v1.0-2026-07-26
NEWS-guardian_api-099bbd6be4e7,SCC-2021-05,guardian_api,no_version_candidates,,,2021-03-30,date_only_no_time,usable,,not_available_in_v1_layer,2026-07-22T21:10:38+00:00,,2026-07-22T21:10:38+00:00,confirmed_available_at,2026-07-22T21:10:38+00:00,2021-03-30,2026-07-22T21:10:38+00:00,yes_publication_claim_only,yes_publication_claim_only,no,no,no,no,,version-link-v1.0-2026-07-26,layer=normalised-text-v1_provisional;pairs=near-dup-v1.0-2026-07-26;url=url-canon-v1.0-2026-07-27;syndication=syndication-v1.0-2026-07-26
NEWS-guardian_api-09a3562050d0,ESWS-2026-05,guardian_api,no_version_candidates,,,2025-11-27,date_only_no_time,usable,,not_available_in_v1_layer,2026-07-22T21:08:10+00:00,,2026-07-22T21:08:10+00:00,confirmed_available_at,2026-07-22T21:08:10+00:00,2025-11-27,2026-07-22T21:08:10+00:00,yes_publication_claim_only,no,no,no,no,no,,version-link-v1.0-2026-07-26,layer=normalised-text-v1_provisional;pairs=near-dup-v1.0-2026-07-26;url=url-canon-v1.0-2026-07-27;syndication=syndication-v1.0-2026-07-26
NEWS-guardian_api-09b09e25a870,SCC-2013-05,guardian_api,no_version_candidates,,,2012-12-07,date_only_no_time,usable,,not_available_in_v1_layer,2026-07-22T21:08:34+00:00,,2026-07-22T21:08:34+00:00,confirmed_available_at,2026-07-22T21:08:34+00:00,2012-12-07,2026-07-22T21:08:34+00:00,yes_publication_claim_only,no,no,no,no,no,,version-link-v1.0-2026-07-26,layer=normalised-text-v1_provisional;pairs=near-dup-v1.0-2026-07-26;url=url-canon-v1.0-2026-07-27;syndication=syndication-v1.0-2026-07-26
NEWS-guardian_api-09ef53d277ef,SCC-2021-05,guardian_api,no_version_candidates,,,2020-11-07,date_only_no_time,usable,,not_available_in_v1_layer,2026-07-22T21:10:17+00:00,,2026-07-22T21:10:17+00:00,confirmed_available_at,2026-07-22T21:10:17+00:00,2020-11-07,2026-07-22T21:10:17+00:00,yes_publication_claim_only,no,no,no,no,no,,version-link-v1.0-2026-07-26,layer=normalised-text-v1_provisional;pairs=near-dup-v1.0-2026-07-26;url=url-canon-v1.0-2026-07-27;syndication=syndication-v1.0-2026-07-26
NEWS-guardian_api-0a1e3435853c,SCC-2013-05,guardian_api,no_version_candidates,,,2013-01-09,date_only_no_time,usable,,not_available_in_v1_layer,2026-07-22T21:08:38+00:00,,2026-07-22T21:08:38+00:00,confirmed_available_at,2026-07-22T21:08:38+00:00,2013-01-09,2026-07-22T21:08:38+00:00,yes_publication_claim_only,no,no,no,no,no,,version-link-v1.0-2026-07-26,layer=normalised-text-v1_provisional;pairs=near-dup-v1.0-2026-07-26;url=url-canon-v1.0-2026-07-27;syndication=syndication-v1.0-2026-07-26
NEWS-guardian_api-0a8e89874ca9,ESWS-2026-05,guardian_api,no_version_candidates,,,2025-11-11,date_only_no_time,usable,,not_available_in_v1_layer,2026-07-22T21:08:02+00:00,,2026-07-22T21:08:02+00:00,confirmed_available_at,2026-07-22T21:08:02+00:00,2025-11-11,2026-07-22T21:08:02+00:00,yes_publication_claim_only,no,no,no,no,no,,version-link-v1.0-2026-07-26,layer=normalised-text-v1_provisional;pairs=near-dup-v1.0-2026-07-26;url=url-canon-v1.0-2026-07-27;syndication=syndication-v1.0-2026-07-26
NEWS-guardian_api-0ac84e86be7c,SCC-2021-05,guardian_api,no_version_candidates,,,2020-12-09,date_only_no_time,usable,,not_available_in_v1_layer,2026-07-22T21:10:03+00:00,,2026-07-22T21:10:03+00:00,confirmed_available_at,2026-07-22T21:10:03+00:00,2020-12-09,2026-07-22T21:10:03+00:00,yes_publication_claim_only,no,no,no,no,no,,version-link-v1.0-2026-07-26,layer=normalised-text-v1_provisional;pairs=near-dup-v1.0-2026-07-26;url=url-canon-v1.0-2026-07-27;syndication=syndication-v1.0-2026-07-26
NEWS-guardian_api-0b11943945c9,SCC-2013-05,guardian_api,no_version_candidates,,,2012-11-08,date_only_no_time,usable,,not_available_in_v1_layer,2026-07-22T21:08:47+00:00,,2026-07-22T21:08:47+00:00,confirmed_available_at,2026-07-22T21:08:47+00:00,2012-11-08,2026-07-22T21:08:47+00:00,yes_publication_claim_only,no,no,no,no,no,,version-link-v1.0-2026-07-26,layer=normalised-text-v1_provisional;pairs=near-dup-v1.0-2026-07-26;url=url-canon-v1.0-2026-07-27;syndication=syndication-v1.0-2026-07-26
NEWS-guardian_api-0b52d02ff5ec,ESWS-2026-05,guardian_api,no_version_candidates,,,2026-03-02,date_only_no_time,usable,,not_available_in_v1_layer,2026-07-22T21:08:10+00:00,,2026-07-22T21:08:10+00:00,confirmed_available_at,2026-07-22T21:08:10+00:00,2026-03-02,2026-07-22T21:08:10+00:00,yes_publication_claim_only,yes_publication_claim_only,no,no,no,no,,version-link-v1.0-2026-07-26,layer=normalised-text-v1_provisional;pairs=near-dup-v1.0-2026-07-26;url=url-canon-v1.0-2026-07-27;syndication=syndication-v1.0-2026-07-26
NEWS-guardian_api-0b634f4593ed,SCC-2013-05,guardian_api,no_version_candidates,,,2012-11-26,date_only_no_time,usable,,not_available_in_v1_layer,2026-07-22T21:08:31+00:00,,2026-07-22T21:08:31+00:00,confirmed_available_at,2026-07-22T21:08:31+00:00,2012-11-26,2026-07-22T21:08:31+00:00,yes_publication_claim_only,no,no,no,no,no,,version-link-v1.0-2026-07-26,layer=normalised-text-v1_provisional;pairs=near-dup-v1.0-2026-07-26;url=url-canon-v1.0-2026-07-27;syndication=syndication-v1.0-2026-07-26
NEWS-guardian_api-0b7525252d1e,ESWS-2026-05,guardian_api,no_version_candidates,,,2025-11-13,date_only_no_time,usable,,not_available_in_v1_layer,2026-07-22T21:07:44+00:00,,2026-07-22T21:07:44+00:00,confirmed_available_at,2026-07-22T21:07:44+00:00,2025-11-13,2026-07-22T21:07:44+00:00,yes_publication_claim_only,no,no,no,no,no,,version-link-v1.0-2026-07-26,layer=normalised-text-v1_provisional;pairs=near-dup-v1.0-2026-07-26;url=url-canon-v1.0-2026-07-27;syndication=syndication-v1.0-2026-07-26
NEWS-guardian_api-0ba5704c8eb6,SCC-2017-05,guardian_api,no_version_candidates,,,2017-01-11,date_only_no_time,usable,,not_available_in_v1_layer,2026-07-22T21:09:40+00:00,,2026-07-22T21:09:40+00:00,confirmed_available_at,2026-07-22T21:09:40+00:00,2017-01-11,2026-07-22T21:09:40+00:00,yes_publication_claim_only,no,no,no,no,no,,version-link-v1.0-2026-07-26,layer=normalised-text-v1_provisional;pairs=near-dup-v1.0-2026-07-26;url=url-canon-v1.0-2026-07-27;syndication=syndication-v1.0-2026-07-26
NEWS-guardian_api-0bff875266df,ESWS-2026-05,guardian_api,no_version_candidates,,,2025-11-23,date_only_no_time,usable,,not_available_in_v1_layer,2026-07-22T21:07:45+00:00,,2026-07-22T21:07:45+00:00,confirmed_available_at,2026-07-22T21:07:45+00:00,2025-11-23,2026-07-22T21:07:45+00:00,yes_publication_claim_only,no,no,no,no,no,,version-link-v1.0-2026-07-26,layer=normalised-text-v1_provisional;pairs=near-dup-v1.0-2026-07-26;url=url-canon-v1.0-2026-07-27;syndication=syndication-v1.0-2026-07-26
NEWS-guardian_api-0c3aeebde273,SCC-2013-05,guardian_api,no_version_candidates,,,2012-11-12,date_only_no_time,usable,,not_available_in_v1_layer,2026-07-22T21:08:55+00:00,,2026-07-22T21:08:55+00:00,confirmed_available_at,2026-07-22T21:08:55+00:00,2012-11-12,2026-07-22T21:08:55+00:00,yes_publication_claim_only,no,no,no,no,no,,version-link-v1.0-2026-07-26,layer=normalised-text-v1_provisional;pairs=near-dup-v1.0-2026-07-26;url=url-canon-v1.0-2026-07-27;syndication=syndication-v1.0-2026-07-26
NEWS-guardian_api-0c8292a161ed,SCC-2013-05,guardian_api,no_version_candidates,,,2012-12-05,date_only_no_time,usable,,not_available_in_v1_layer,2026-07-22T21:08:38+00:00,,2026-07-22T21:08:38+00:00,confirmed_available_at,2026-07-22T21:08:38+00:00,2012-12-05,2026-07-22T21:08:38+00:00,yes_publication_claim_only,no,no,no,no,no,,version-link-v1.0-2026-07-26,layer=normalised-text-v1_provisional;pairs=near-dup-v1.0-2026-07-26;url=url-canon-v1.0-2026-07-27;syndication=syndication-v1.0-2026-07-26
NEWS-guardian_api-0ca8aafa75f0,ESWS-2026-05,guardian_api,no_version_candidates,,,2025-12-05,date_only_no_time,usable,,not_available_in_v1_layer,2026-07-22T21:08:10+00:00,,2026-07-22T21:08:10+00:00,confirmed_available_at,2026-07-22T21:08:10+00:00,2025-12-05,2026-07-22T21:08:10+00:00,yes_publication_claim_only,no,no,no,no,no,,version-link-v1.0-2026-07-26,layer=normalised-text-v1_provisional;pairs=near-dup-v1.0-2026-07-26;url=url-canon-v1.0-2026-07-27;syndication=syndication-v1.0-2026-07-26
NEWS-guardian_api-0cadb7445ab9,SCC-2017-05,guardian_api,no_version_candidates,,,2017-03-29,date_only_no_time,usable,,not_available_in_v1_layer,2026-07-22T21:09:52+00:00,,2026-07-22T21:09:52+00:00,confirmed_available_at,2026-07-22T21:09:52+00:00,2017-03-29,2026-07-22T21:09:52+00:00,yes_publication_claim_only,yes_publication_claim_only,no,no,no,no,,version-link-v1.0-2026-07-26,layer=normalised-text-v1_provisional;pairs=near-dup-v1.0-2026-07-26;url=url-canon-v1.0-2026-07-27;syndication=syndication-v1.0-2026-07-26
NEWS-guardian_api-0ce58f83c030,SCC-2013-05,guardian_api,no_version_candidates,,,2013-02-01,date_only_no_time,usable,,not_available_in_v1_layer,2026-07-22T21:09:02+00:00,,2026-07-22T21:09:02+00:00,confirmed_available_at,2026-07-22T21:09:02+00:00,2013-02-01,2026-07-22T21:09:02+00:00,yes_publication_claim_only,yes_publication_claim_only,no,no,no,no,,version-link-v1.0-2026-07-26,layer=normalised-text-v1_provisional;pairs=near-dup-v1.0-2026-07-26;url=url-canon-v1.0-2026-07-27;syndication=syndication-v1.0-2026-07-26
NEWS-guardian_api-0d0f78f598ff,SCC-2013-05,guardian_api,no_version_candidates,,,2012-12-01,date_only_no_time,usable,,not_available_in_v1_layer,2026-07-22T21:08:55+00:00,,2026-07-22T21:08:55+00:00,confirmed_available_at,2026-07-22T21:08:55+00:00,2012-12-01,2026-07-22T21:08:55+00:00,yes_publication_claim_only,no,no,no,no,no,,version-link-v1.0-2026-07-26,layer=normalised-text-v1_provisional;pairs=near-dup-v1.0-2026-07-26;url=url-canon-v1.0-2026-07-27;syndication=syndication-v1.0-2026-07-26
NEWS-guardian_api-0d4218015319,SCC-2021-05,guardian_api,no_version_candidates,,,2021-04-27,date_only_no_time,usable,,not_available_in_v1_layer,2026-07-22T21:10:03+00:00,,2026-07-22T21:10:03+00:00,confirmed_available_at,2026-07-22T21:10:03+00:00,2021-04-27,2026-07-22T21:10:03+00:00,yes_publication_claim_only,yes_publication_claim_only,yes_publication_claim_only,yes_publication_claim_only,no,no,,version-link-v1.0-2026-07-26,layer=normalised-text-v1_provisional;pairs=near-dup-v1.0-2026-07-26;url=url-canon-v1.0-2026-07-27;syndication=syndication-v1.0-2026-07-26
NEWS-guardian_api-0db4d3351eb5,SCC-2013-05,guardian_api,no_version_candidates,,,2012-11-22,date_only_no_time,usable,,not_available_in_v1_layer,2026-07-22T21:08:55+00:00,,2026-07-22T21:08:55+00:00,confirmed_available_at,2026-07-22T21:08:55+00:00,2012-11-22,2026-07-22T21:08:55+00:00,yes_publication_claim_only,no,no,no,no,no,,version-link-v1.0-2026-07-26,layer=normalised-text-v1_provisional;pairs=near-dup-v1.0-2026-07-26;url=url-canon-v1.0-2026-07-27;syndication=syndication-v1.0-2026-07-26
NEWS-guardian_api-0e0440629380,SCC-2017-05,guardian_api,no_version_candidates,,,2017-02-15,date_only_no_time,usable,,not_available_in_v1_layer,2026-07-22T21:09:23+00:00,,2026-07-22T21:09:23+00:00,confirmed_available_at,2026-07-22T21:09:23+00:00,2017-02-15,2026-07-22T21:09:23+00:00,yes_publication_claim_only,yes_publication_claim_only,no,no,no,no,,version-link-v1.0-2026-07-26,layer=normalised-text-v1_provisional;pairs=near-dup-v1.0-2026-07-26;url=url-canon-v1.0-2026-07-27;syndication=syndication-v1.0-2026-07-26
NEWS-guardian_api-0e15eba67219,SCC-2021-05,guardian_api,no_version_candidates,,,2021-02-25,date_only_no_time,usable,,not_available_in_v1_layer,2026-07-22T21:10:38+00:00,,2026-07-22T21:10:38+00:00,confirmed_available_at,2026-07-22T21:10:38+00:00,2021-02-25,2026-07-22T21:10:38+00:00,yes_publication_claim_only,yes_publication_claim_only,no,no,no,no,,version-link-v1.0-2026-07-26,layer=normalised-text-v1_provisional;pairs=near-dup-v1.0-2026-07-26;url=url-canon-v1.0-2026-07-27;syndication=syndication-v1.0-2026-07-26
NEWS-guardian_api-0e3c32f7fb4b,SCC-2017-05,guardian_api,no_version_candidates,,,2016-11-10,date_only_no_time,usable,,not_available_in_v1_layer,2026-07-22T21:09:15+00:00,,2026-07-22T21:09:15+00:00,confirmed_available_at,2026-07-22T21:09:15+00:00,2016-11-10,2026-07-22T21:09:15+00:00,yes_publication_claim_only,no,no,no,no,no,,version-link-v1.0-2026-07-26,layer=normalised-text-v1_provisional;pairs=near-dup-v1.0-2026-07-26;url=url-canon-v1.0-2026-07-27;syndication=syndication-v1.0-2026-07-26
NEWS-guardian_api-0e4b343e2ebd,SCC-2021-05,guardian_api,no_version_candidates,,,2020-11-11,date_only_no_time,usable,,not_available_in_v1_layer,2026-07-22T21:10:17+00:00,,2026-07-22T21:10:17+00:00,confirmed_available_at,2026-07-22T21:10:17+00:00,2020-11-11,2026-07-22T21:10:17+00:00,yes_publication_claim_only,no,no,no,no,no,,version-link-v1.0-2026-07-26,layer=normalised-text-v1_provisional;pairs=near-dup-v1.0-2026-07-26;url=url-canon-v1.0-2026-07-27;syndication=syndication-v1.0-2026-07-26
NEWS-guardian_api-0e56f1ee2f84,ESWS-2026-05,guardian_api,no_version_candidates,,,2025-12-17,date_only_no_time,usable,,not_available_in_v1_layer,2026-07-22T21:08:10+00:00,,2026-07-22T21:08:10+00:00,confirmed_available_at,2026-07-22T21:08:10+00:00,2025-12-17,2026-07-22T21:08:10+00:00,yes_publication_claim_only,no,no,no,no,no,,version-link-v1.0-2026-07-26,layer=normalised-text-v1_provisional;pairs=near-dup-v1.0-2026-07-26;url=url-canon-v1.0-2026-07-27;syndication=syndication-v1.0-2026-07-26
NEWS-guardian_api-0e8dee96ff49,SCC-2013-05,guardian_api,no_version_candidates,,,2013-02-13,date_only_no_time,usable,,not_available_in_v1_layer,2026-07-22T21:08:38+00:00,,2026-07-22T21:08:38+00:00,confirmed_available_at,2026-07-22T21:08:38+00:00,2013-02-13,2026-07-22T21:08:38+00:00,yes_publication_claim_only,yes_publication_claim_only,no,no,no,no,,version-link-v1.0-2026-07-26,layer=normalised-text-v1_provisional;pairs=near-dup-v1.0-2026-07-26;url=url-canon-v1.0-2026-07-27;syndication=syndication-v1.0-2026-07-26
NEWS-guardian_api-0e95f9ffd3d0,ESWS-2026-05,guardian_api,no_version_candidates,,,2025-11-13,date_only_no_time,usable,,not_available_in_v1_layer,2026-07-22T21:07:52+00:00,,2026-07-22T21:07:52+00:00,confirmed_available_at,2026-07-22T21:07:52+00:00,2025-11-13,2026-07-22T21:07:52+00:00,yes_publication_claim_only,no,no,no,no,no,,version-link-v1.0-2026-07-26,layer=normalised-text-v1_provisional;pairs=near-dup-v1.0-2026-07-26;url=url-canon-v1.0-2026-07-27;syndication=syndication-v1.0-2026-07-26
NEWS-guardian_api-0e9cc2c3db19,SCC-2017-05,guardian_api,no_version_candidates,,,2017-02-01,date_only_no_time,usable,,not_available_in_v1_layer,2026-07-22T21:09:47+00:00,,2026-07-22T21:09:47+00:00,confirmed_available_at,2026-07-22T21:09:47+00:00,2017-02-01,2026-07-22T21:09:47+00:00,yes_publication_claim_only,no,no,no,no,no,,version-link-v1.0-2026-07-26,layer=normalised-text-v1_provisional;pairs=near-dup-v1.0-2026-07-26;url=url-canon-v1.0-2026-07-27;syndication=syndication-v1.0-2026-07-26
NEWS-guardian_api-0eaf2e5fe70f,SCC-2013-05,guardian_api,no_version_candidates,,,2012-11-22,date_only_no_time,usable,,not_available_in_v1_layer,2026-07-22T21:08:30+00:00,,2026-07-22T21:08:30+00:00,confirmed_available_at,2026-07-22T21:08:30+00:00,2012-11-22,2026-07-22T21:08:30+00:00,yes_publication_claim_only,no,no,no,no,no,,version-link-v1.0-2026-07-26,layer=normalised-text-v1_provisional;pairs=near-dup-v1.0-2026-07-26;url=url-canon-v1.0-2026-07-27;syndication=syndication-v1.0-2026-07-26
NEWS-guardian_api-0eca1028d363,SCC-2013-05,guardian_api,no_version_candidates,,,2012-11-14,date_only_no_time,usable,,not_available_in_v1_layer,2026-07-22T21:08:30+00:00,,2026-07-22T21:08:30+00:00,confirmed_available_at,2026-07-22T21:08:30+00:00,2012-11-14,2026-07-22T21:08:30+00:00,yes_publication_claim_only,no,no,no,no,no,,version-link-v1.0-2026-07-26,layer=normalised-text-v1_provisional;pairs=near-dup-v1.0-2026-07-26;url=url-canon-v1.0-2026-07-27;syndication=syndication-v1.0-2026-07-26
NEWS-guardian_api-0f4380a6f846,SCC-2021-05,guardian_api,no_version_candidates,,,2021-03-10,date_only_no_time,usable,,not_available_in_v1_layer,2026-07-22T21:09:58+00:00,,2026-07-22T21:09:58+00:00,confirmed_available_at,2026-07-22T21:09:58+00:00,2021-03-10,2026-07-22T21:09:58+00:00,yes_publication_claim_only,yes_publication_claim_only,no,no,no,no,,version-link-v1.0-2026-07-26,layer=normalised-text-v1_provisional;pairs=near-dup-v1.0-2026-07-26;url=url-canon-v1.0-2026-07-27;syndication=syndication-v1.0-2026-07-26
NEWS-guardian_api-0f6427c7971c,SCC-2021-05,guardian_api,no_version_candidates,,,2020-11-30,date_only_no_time,usable,,not_available_in_v1_layer,2026-07-22T21:10:12+00:00,,2026-07-22T21:10:12+00:00,confirmed_available_at,2026-07-22T21:10:12+00:00,2020-11-30,2026-07-22T21:10:12+00:00,yes_publication_claim_only,no,no,no,no,no,,version-link-v1.0-2026-07-26,layer=normalised-text-v1_provisional;pairs=near-dup-v1.0-2026-07-26;url=url-canon-v1.0-2026-07-27;syndication=syndication-v1.0-2026-07-26
NEWS-guardian_api-0f663c4786a5,SCC-2021-05,guardian_api,no_version_candidates,,,2020-11-10,date_only_no_time,usable,,not_available_in_v1_layer,2026-07-22T21:10:17+00:00,,2026-07-22T21:10:17+00:00,confirmed_available_at,2026-07-22T21:10:17+00:00,2020-11-10,2026-07-22T21:10:17+00:00,yes_publication_claim_only,no,no,no,no,no,,version-link-v1.0-2026-07-26,layer=normalised-text-v1_provisional;pairs=near-dup-v1.0-2026-07-26;url=url-canon-v1.0-2026-07-27;syndication=syndication-v1.0-2026-07-26
NEWS-guardian_api-0f862602fb78,ESWS-2026-05,guardian_api,no_version_candidates,,,2025-11-30,date_only_no_time,usable,,not_available_in_v1_layer,2026-07-22T21:07:48+00:00,,2026-07-22T21:07:48+00:00,confirmed_available_at,2026-07-22T21:07:48+00:00,2025-11-30,2026-07-22T21:07:48+00:00,yes_publication_claim_only,no,no,no,no,no,,version-link-v1.0-2026-07-26,layer=normalised-text-v1_provisional;pairs=near-dup-v1.0-2026-07-26;url=url-canon-v1.0-2026-07-27;syndication=syndication-v1.0-2026-07-26
NEWS-guardian_api-0fd0b5e78812,SCC-2017-05,guardian_api,no_version_candidates,,,2016-11-22,date_only_no_time,usable,,not_available_in_v1_layer,2026-07-22T21:09:15+00:00,,2026-07-22T21:09:15+00:00,confirmed_available_at,2026-07-22T21:09:15+00:00,2016-11-22,2026-07-22T21:09:15+00:00,yes_publication_claim_only,no,no,no,no,no,,version-link-v1.0-2026-07-26,layer=normalised-text-v1_provisional;pairs=near-dup-v1.0-2026-07-26;url=url-canon-v1.0-2026-07-27;syndication=syndication-v1.0-2026-07-26
NEWS-guardian_api-0fd1f3a60f98,SCC-2021-05,guardian_api,no_version_candidates,,,2020-11-09,date_only_no_time,usable,,not_available_in_v1_layer,2026-07-22T21:10:17+00:00,,2026-07-22T21:10:17+00:00,confirmed_available_at,2026-07-22T21:10:17+00:00,2020-11-09,2026-07-22T21:10:17+00:00,yes_publication_claim_only,no,no,no,no,no,,version-link-v1.0-2026-07-26,layer=normalised-text-v1_provisional;pairs=near-dup-v1.0-2026-07-26;url=url-canon-v1.0-2026-07-27;syndication=syndication-v1.0-2026-07-26
NEWS-guardian_api-1018ef1273a6,ESWS-2026-05,guardian_api,no_version_candidates,,,2026-01-13,date_only_no_time,usable,,not_available_in_v1_layer,2026-07-22T21:08:18+00:00,,2026-07-22T21:08:18+00:00,confirmed_available_at,2026-07-22T21:08:18+00:00,2026-01-13,2026-07-22T21:08:18+00:00,yes_publication_claim_only,no,no,no,no,no,,version-link-v1.0-2026-07-26,layer=normalised-text-v1_provisional;pairs=near-dup-v1.0-2026-07-26;url=url-canon-v1.0-2026-07-27;syndication=syndication-v1.0-2026-07-26
NEWS-guardian_api-101fffb53968,SCC-2013-05,guardian_api,no_version_candidates,,,2013-01-08,date_only_no_time,usable,,not_available_in_v1_layer,2026-07-22T21:09:02+00:00,,2026-07-22T21:09:02+00:00,confirmed_available_at,2026-07-22T21:09:02+00:00,2013-01-08,2026-07-22T21:09:02+00:00,yes_publication_claim_only,no,no,no,no,no,,version-link-v1.0-2026-07-26,layer=normalised-text-v1_provisional;pairs=near-dup-v1.0-2026-07-26;url=url-canon-v1.0-2026-07-27;syndication=syndication-v1.0-2026-07-26
NEWS-guardian_api-1079fc15f69b,ESWS-2026-05,guardian_api,no_version_candidates,,,2025-12-03,date_only_no_time,usable,,not_available_in_v1_layer,2026-07-22T21:08:18+00:00,,2026-07-22T21:08:18+00:00,confirmed_available_at,2026-07-22T21:08:18+00:00,2025-12-03,2026-07-22T21:08:18+00:00,yes_publication_claim_only,no,no,no,no,no,,version-link-v1.0-2026-07-26,layer=normalised-text-v1_provisional;pairs=near-dup-v1.0-2026-07-26;url=url-canon-v1.0-2026-07-27;syndication=syndication-v1.0-2026-07-26
NEWS-guardian_api-1099a1d73765,SCC-2013-05,guardian_api,no_version_candidates,,,2012-12-18,date_only_no_time,usable,,not_available_in_v1_layer,2026-07-22T21:09:02+00:00,,2026-07-22T21:09:02+00:00,confirmed_available_at,2026-07-22T21:09:02+00:00,2012-12-18,2026-07-22T21:09:02+00:00,yes_publication_claim_only,no,no,no,no,no,,version-link-v1.0-2026-07-26,layer=normalised-text-v1_provisional;pairs=near-dup-v1.0-2026-07-26;url=url-canon-v1.0-2026-07-27;syndication=syndication-v1.0-2026-07-26
NEWS-guardian_api-10a03648e659,SCC-2021-05,guardian_api,no_version_candidates,,,2020-11-13,date_only_no_time,usable,,not_available_in_v1_layer,2026-07-22T21:10:17+00:00,,2026-07-22T21:10:17+00:00,confirmed_available_at,2026-07-22T21:10:17+00:00,2020-11-13,2026-07-22T21:10:17+00:00,yes_publication_claim_only,no,no,no,no,no,,version-link-v1.0-2026-07-26,layer=normalised-text-v1_provisional;pairs=near-dup-v1.0-2026-07-26;url=url-canon-v1.0-2026-07-27;syndication=syndication-v1.0-2026-07-26
NEWS-guardian_api-10aab1e6d7cc,SCC-2021-05,guardian_api,no_version_candidates,,,2020-12-16,date_only_no_time,usable,,not_available_in_v1_layer,2026-07-22T21:10:07+00:00,,2026-07-22T21:10:07+00:00,confirmed_available_at,2026-07-22T21:10:07+00:00,2020-12-16,2026-07-22T21:10:07+00:00,yes_publication_claim_only,no,no,no,no,no,,version-link-v1.0-2026-07-26,layer=normalised-text-v1_provisional;pairs=near-dup-v1.0-2026-07-26;url=url-canon-v1.0-2026-07-27;syndication=syndication-v1.0-2026-07-26
NEWS-guardian_api-10b1c8dbdd7e,SCC-2013-05,guardian_api,no_version_candidates,,,2012-11-27,date_only_no_time,usable,,not_available_in_v1_layer,2026-07-22T21:08:31+00:00,,2026-07-22T21:08:31+00:00,confirmed_available_at,2026-07-22T21:08:31+00:00,2012-11-27,2026-07-22T21:08:31+00:00,yes_publication_claim_only,no,no,no,no,no,,version-link-v1.0-2026-07-26,layer=normalised-text-v1_provisional;pairs=near-dup-v1.0-2026-07-26;url=url-canon-v1.0-2026-07-27;syndication=syndication-v1.0-2026-07-26
NEWS-guardian_api-113d19ed788e,SCC-2017-05,guardian_api,no_version_candidates,,,2016-11-28,date_only_no_time,usable,,not_available_in_v1_layer,2026-07-22T21:09:19+00:00,,2026-07-22T21:09:19+00:00,confirmed_available_at,2026-07-22T21:09:19+00:00,2016-11-28,2026-07-22T21:09:19+00:00,yes_publication_claim_only,no,no,no,no,no,,version-link-v1.0-2026-07-26,layer=normalised-text-v1_provisional;pairs=near-dup-v1.0-2026-07-26;url=url-canon-v1.0-2026-07-27;syndication=syndication-v1.0-2026-07-26
NEWS-guardian_api-1160d4bb9e2d,ESWS-2026-05,guardian_api,no_version_candidates,,,2026-03-06,date_only_no_time,usable,,not_available_in_v1_layer,2026-07-22T21:08:18+00:00,,2026-07-22T21:08:18+00:00,confirmed_available_at,2026-07-22T21:08:18+00:00,2026-03-06,2026-07-22T21:08:18+00:00,yes_publication_claim_only,yes_publication_claim_only,no,no,no,no,,version-link-v1.0-2026-07-26,layer=normalised-text-v1_provisional;pairs=near-dup-v1.0-2026-07-26;url=url-canon-v1.0-2026-07-27;syndication=syndication-v1.0-2026-07-26
NEWS-guardian_api-1172b02ce504,SCC-2017-05,guardian_api,no_version_candidates,,,2016-12-13,date_only_no_time,usable,,not_available_in_v1_layer,2026-07-22T21:09:40+00:00,,2026-07-22T21:09:40+00:00,confirmed_available_at,2026-07-22T21:09:40+00:00,2016-12-13,2026-07-22T21:09:40+00:00,yes_publication_claim_only,no,no,no,no,no,,version-link-v1.0-2026-07-26,layer=normalised-text-v1_provisional;pairs=near-dup-v1.0-2026-07-26;url=url-canon-v1.0-2026-07-27;syndication=syndication-v1.0-2026-07-26
NEWS-guardian_api-11c9f9d9e2b4,SCC-2017-05,guardian_api,no_version_candidates,,,2017-02-08,date_only_no_time,usable,,not_available_in_v1_layer,2026-07-22T21:09:26+00:00,,2026-07-22T21:09:26+00:00,confirmed_available_at,2026-07-22T21:09:26+00:00,2017-02-08,2026-07-22T21:09:26+00:00,yes_publication_claim_only,yes_publication_claim_only,no,no,no,no,,version-link-v1.0-2026-07-26,layer=normalised-text-v1_provisional;pairs=near-dup-v1.0-2026-07-26;url=url-canon-v1.0-2026-07-27;syndication=syndication-v1.0-2026-07-26
NEWS-guardian_api-124507a926cf,SCC-2017-05,guardian_api,no_version_candidates,,,2016-12-12,date_only_no_time,usable,,not_available_in_v1_layer,2026-07-22T21:09:19+00:00,,2026-07-22T21:09:19+00:00,confirmed_available_at,2026-07-22T21:09:19+00:00,2016-12-12,2026-07-22T21:09:19+00:00,yes_publication_claim_only,no,no,no,no,no,,version-link-v1.0-2026-07-26,layer=normalised-text-v1_provisional;pairs=near-dup-v1.0-2026-07-26;url=url-canon-v1.0-2026-07-27;syndication=syndication-v1.0-2026-07-26
NEWS-guardian_api-124eda8441fa,ESWS-2026-05,guardian_api,no_version_candidates,,,2026-02-28,date_only_no_time,usable,,not_available_in_v1_layer,2026-07-22T21:08:23+00:00,,2026-07-22T21:08:23+00:00,confirmed_available_at,2026-07-22T21:08:23+00:00,2026-02-28,2026-07-22T21:08:23+00:00,yes_publication_claim_only,yes_publication_claim_only,no,no,no,no,,version-link-v1.0-2026-07-26,layer=normalised-text-v1_provisional;pairs=near-dup-v1.0-2026-07-26;url=url-canon-v1.0-2026-07-27;syndication=syndication-v1.0-2026-07-26
NEWS-guardian_api-137d44e0e831,SCC-2021-05,guardian_api,no_version_candidates,,,2021-03-24,date_only_no_time,usable,,not_available_in_v1_layer,2026-07-22T21:10:33+00:00,,2026-07-22T21:10:33+00:00,confirmed_available_at,2026-07-22T21:10:33+00:00,2021-03-24,2026-07-22T21:10:33+00:00,yes_publication_claim_only,yes_publication_claim_only,no,no,no,no,,version-link-v1.0-2026-07-26,layer=normalised-text-v1_provisional;pairs=near-dup-v1.0-2026-07-26;url=url-canon-v1.0-2026-07-27;syndication=syndication-v1.0-2026-07-26
NEWS-guardian_api-13aa76e8ef8f,ESWS-2026-05,guardian_api,no_version_candidates,,,2025-12-02,date_only_no_time,usable,,not_available_in_v1_layer,2026-07-22T21:07:48+00:00,,2026-07-22T21:07:48+00:00,confirmed_available_at,2026-07-22T21:07:48+00:00,2025-12-02,2026-07-22T21:07:48+00:00,yes_publication_claim_only,no,no,no,no,no,,version-link-v1.0-2026-07-26,layer=normalised-text-v1_provisional;pairs=near-dup-v1.0-2026-07-26;url=url-canon-v1.0-2026-07-27;syndication=syndication-v1.0-2026-07-26
NEWS-guardian_api-13c48e6a3545,ESWS-2026-05,guardian_api,no_version_candidates,,,2026-03-19,date_only_no_time,usable,,not_available_in_v1_layer,2026-07-22T21:08:18+00:00,,2026-07-22T21:08:18+00:00,confirmed_available_at,2026-07-22T21:08:18+00:00,2026-03-19,2026-07-22T21:08:18+00:00,yes_publication_claim_only,yes_publication_claim_only,no,no,no,no,,version-link-v1.0-2026-07-26,layer=normalised-text-v1_provisional;pairs=near-dup-v1.0-2026-07-26;url=url-canon-v1.0-2026-07-27;syndication=syndication-v1.0-2026-07-26
NEWS-guardian_api-141f943cc91b,SCC-2017-05,guardian_api,no_version_candidates,,,2016-12-16,date_only_no_time,usable,,not_available_in_v1_layer,2026-07-22T21:09:40+00:00,,2026-07-22T21:09:40+00:00,confirmed_available_at,2026-07-22T21:09:40+00:00,2016-12-16,2026-07-22T21:09:40+00:00,yes_publication_claim_only,no,no,no,no,no,,version-link-v1.0-2026-07-26,layer=normalised-text-v1_provisional;pairs=near-dup-v1.0-2026-07-26;url=url-canon-v1.0-2026-07-27;syndication=syndication-v1.0-2026-07-26
NEWS-guardian_api-1429257bc6d2,SCC-2021-05,guardian_api,no_version_candidates,,,2021-03-31,date_only_no_time,usable,,not_available_in_v1_layer,2026-07-22T21:10:07+00:00,,2026-07-22T21:10:07+00:00,confirmed_available_at,2026-07-22T21:10:07+00:00,2021-03-31,2026-07-22T21:10:07+00:00,yes_publication_claim_only,yes_publication_claim_only,no,no,no,no,,version-link-v1.0-2026-07-26,layer=normalised-text-v1_provisional;pairs=near-dup-v1.0-2026-07-26;url=url-canon-v1.0-2026-07-27;syndication=syndication-v1.0-2026-07-26
NEWS-guardian_api-144e1dac4ba0,SCC-2017-05,guardian_api,no_version_candidates,,,2017-01-20,date_only_no_time,usable,,not_available_in_v1_layer,2026-07-22T21:09:22+00:00,,2026-07-22T21:09:22+00:00,confirmed_available_at,2026-07-22T21:09:22+00:00,2017-01-20,2026-07-22T21:09:22+00:00,yes_publication_claim_only,no,no,no,no,no,,version-link-v1.0-2026-07-26,layer=normalised-text-v1_provisional;pairs=near-dup-v1.0-2026-07-26;url=url-canon-v1.0-2026-07-27;syndication=syndication-v1.0-2026-07-26
NEWS-guardian_api-149e4ff1faf0,ESWS-2026-05,guardian_api,no_version_candidates,,,2025-11-16,date_only_no_time,usable,,not_available_in_v1_layer,2026-07-22T21:08:02+00:00,,2026-07-22T21:08:02+00:00,confirmed_available_at,2026-07-22T21:08:02+00:00,2025-11-16,2026-07-22T21:08:02+00:00,yes_publication_claim_only,no,no,no,no,no,,version-link-v1.0-2026-07-26,layer=normalised-text-v1_provisional;pairs=near-dup-v1.0-2026-07-26;url=url-canon-v1.0-2026-07-27;syndication=syndication-v1.0-2026-07-26
NEWS-guardian_api-14dc711dc320,SCC-2013-05,guardian_api,no_version_candidates,,,2013-04-19,date_only_no_time,usable,,not_available_in_v1_layer,2026-07-22T21:09:08+00:00,,2026-07-22T21:09:08+00:00,confirmed_available_at,2026-07-22T21:09:08+00:00,2013-04-19,2026-07-22T21:09:08+00:00,yes_publication_claim_only,yes_publication_claim_only,yes_publication_claim_only,yes_publication_claim_only,no,no,,version-link-v1.0-2026-07-26,layer=normalised-text-v1_provisional;pairs=near-dup-v1.0-2026-07-26;url=url-canon-v1.0-2026-07-27;syndication=syndication-v1.0-2026-07-26
NEWS-guardian_api-14ec9eb3a0be,SCC-2013-05,guardian_api,no_version_candidates,,,2012-11-14,date_only_no_time,usable,,not_available_in_v1_layer,2026-07-22T21:08:38+00:00,,2026-07-22T21:08:38+00:00,confirmed_available_at,2026-07-22T21:08:38+00:00,2012-11-14,2026-07-22T21:08:38+00:00,yes_publication_claim_only,no,no,no,no,no,,version-link-v1.0-2026-07-26,layer=normalised-text-v1_provisional;pairs=near-dup-v1.0-2026-07-26;url=url-canon-v1.0-2026-07-27;syndication=syndication-v1.0-2026-07-26
NEWS-guardian_api-14f01c516f5a,SCC-2017-05,guardian_api,no_version_candidates,,,2016-11-13,date_only_no_time,usable,,not_available_in_v1_layer,2026-07-22T21:09:15+00:00,,2026-07-22T21:09:15+00:00,confirmed_available_at,2026-07-22T21:09:15+00:00,2016-11-13,2026-07-22T21:09:15+00:00,yes_publication_claim_only,no,no,no,no,no,,version-link-v1.0-2026-07-26,layer=normalised-text-v1_provisional;pairs=near-dup-v1.0-2026-07-26;url=url-canon-v1.0-2026-07-27;syndication=syndication-v1.0-2026-07-26
NEWS-guardian_api-152fdafd6934,SCC-2013-05,guardian_api,no_version_candidates,,,2012-11-19,date_only_no_time,usable,,not_available_in_v1_layer,2026-07-22T21:08:42+00:00,,2026-07-22T21:08:42+00:00,confirmed_available_at,2026-07-22T21:08:42+00:00,2012-11-19,2026-07-22T21:08:42+00:00,yes_publication_claim_only,no,no,no,no,no,,version-link-v1.0-2026-07-26,layer=normalised-text-v1_provisional;pairs=near-dup-v1.0-2026-07-26;url=url-canon-v1.0-2026-07-27;syndication=syndication-v1.0-2026-07-26
NEWS-guardian_api-153929a88888,SCC-2021-05,guardian_api,no_version_candidates,,,2021-02-01,date_only_no_time,usable,,not_available_in_v1_layer,2026-07-22T21:10:32+00:00,,2026-07-22T21:10:32+00:00,confirmed_available_at,2026-07-22T21:10:32+00:00,2021-02-01,2026-07-22T21:10:32+00:00,yes_publication_claim_only,no,no,no,no,no,,version-link-v1.0-2026-07-26,layer=normalised-text-v1_provisional;pairs=near-dup-v1.0-2026-07-26;url=url-canon-v1.0-2026-07-27;syndication=syndication-v1.0-2026-07-26
NEWS-guardian_api-154978d8ee4f,ESWS-2026-05,guardian_api,no_version_candidates,,,2025-11-13,date_only_no_time,usable,,not_available_in_v1_layer,2026-07-22T21:07:44+00:00,,2026-07-22T21:07:44+00:00,confirmed_available_at,2026-07-22T21:07:44+00:00,2025-11-13,2026-07-22T21:07:44+00:00,yes_publication_claim_only,no,no,no,no,no,,version-link-v1.0-2026-07-26,layer=normalised-text-v1_provisional;pairs=near-dup-v1.0-2026-07-26;url=url-canon-v1.0-2026-07-27;syndication=syndication-v1.0-2026-07-26
NEWS-guardian_api-15c78ab8a5e5,SCC-2017-05,guardian_api,no_version_candidates,,,2017-01-20,date_only_no_time,usable,,not_available_in_v1_layer,2026-07-22T21:09:26+00:00,,2026-07-22T21:09:26+00:00,confirmed_available_at,2026-07-22T21:09:26+00:00,2017-01-20,2026-07-22T21:09:26+00:00,yes_publication_claim_only,no,no,no,no,no,,version-link-v1.0-2026-07-26,layer=normalised-text-v1_provisional;pairs=near-dup-v1.0-2026-07-26;url=url-canon-v1.0-2026-07-27;syndication=syndication-v1.0-2026-07-26
NEWS-guardian_api-160dd24e8efe,SCC-2013-05,guardian_api,no_version_candidates,,,2012-12-07,date_only_no_time,usable,,not_available_in_v1_layer,2026-07-22T21:08:38+00:00,,2026-07-22T21:08:38+00:00,confirmed_available_at,2026-07-22T21:08:38+00:00,2012-12-07,2026-07-22T21:08:38+00:00,yes_publication_claim_only,no,no,no,no,no,,version-link-v1.0-2026-07-26,layer=normalised-text-v1_provisional;pairs=near-dup-v1.0-2026-07-26;url=url-canon-v1.0-2026-07-27;syndication=syndication-v1.0-2026-07-26
NEWS-guardian_api-16c832ae4a4b,SCC-2013-05,guardian_api,no_version_candidates,,,2012-11-09,date_only_no_time,usable,,not_available_in_v1_layer,2026-07-22T21:08:30+00:00,,2026-07-22T21:08:30+00:00,confirmed_available_at,2026-07-22T21:08:30+00:00,2012-11-09,2026-07-22T21:08:30+00:00,yes_publication_claim_only,no,no,no,no,no,,version-link-v1.0-2026-07-26,layer=normalised-text-v1_provisional;pairs=near-dup-v1.0-2026-07-26;url=url-canon-v1.0-2026-07-27;syndication=syndication-v1.0-2026-07-26
NEWS-guardian_api-16ee2767239a,ESWS-2026-05,guardian_api,no_version_candidates,,,2025-11-15,date_only_no_time,usable,,not_available_in_v1_layer,2026-07-22T21:07:52+00:00,,2026-07-22T21:07:52+00:00,confirmed_available_at,2026-07-22T21:07:52+00:00,2025-11-15,2026-07-22T21:07:52+00:00,yes_publication_claim_only,no,no,no,no,no,,version-link-v1.0-2026-07-26,layer=normalised-text-v1_provisional;pairs=near-dup-v1.0-2026-07-26;url=url-canon-v1.0-2026-07-27;syndication=syndication-v1.0-2026-07-26
NEWS-guardian_api-1736a926c447,SCC-2021-05,guardian_api,no_version_candidates,,,2020-11-13,date_only_no_time,usable,,not_available_in_v1_layer,2026-07-22T21:10:25+00:00,,2026-07-22T21:10:25+00:00,confirmed_available_at,2026-07-22T21:10:25+00:00,2020-11-13,2026-07-22T21:10:25+00:00,yes_publication_claim_only,no,no,no,no,no,,version-link-v1.0-2026-07-26,layer=normalised-text-v1_provisional;pairs=near-dup-v1.0-2026-07-26;url=url-canon-v1.0-2026-07-27;syndication=syndication-v1.0-2026-07-26
NEWS-guardian_api-177d0c42c4ba,ESWS-2026-05,guardian_api,no_version_candidates,,,2025-12-16,date_only_no_time,usable,,not_available_in_v1_layer,2026-07-22T21:08:10+00:00,,2026-07-22T21:08:10+00:00,confirmed_available_at,2026-07-22T21:08:10+00:00,2025-12-16,2026-07-22T21:08:10+00:00,yes_publication_claim_only,no,no,no,no,no,,version-link-v1.0-2026-07-26,layer=normalised-text-v1_provisional;pairs=near-dup-v1.0-2026-07-26;url=url-canon-v1.0-2026-07-27;syndication=syndication-v1.0-2026-07-26
NEWS-guardian_api-17c2ad3c3093,SCC-2013-05,guardian_api,no_version_candidates,,,2012-11-30,date_only_no_time,usable,,not_available_in_v1_layer,2026-07-22T21:08:31+00:00,,2026-07-22T21:08:31+00:00,confirmed_available_at,2026-07-22T21:08:31+00:00,2012-11-30,2026-07-22T21:08:31+00:00,yes_publication_claim_only,no,no,no,no,no,,version-link-v1.0-2026-07-26,layer=normalised-text-v1_provisional;pairs=near-dup-v1.0-2026-07-26;url=url-canon-v1.0-2026-07-27;syndication=syndication-v1.0-2026-07-26
NEWS-guardian_api-1813dd4fdd6b,SCC-2013-05,guardian_api,no_version_candidates,,,2012-11-11,date_only_no_time,usable,,not_available_in_v1_layer,2026-07-22T21:08:47+00:00,,2026-07-22T21:08:47+00:00,confirmed_available_at,2026-07-22T21:08:47+00:00,2012-11-11,2026-07-22T21:08:47+00:00,yes_publication_claim_only,no,no,no,no,no,,version-link-v1.0-2026-07-26,layer=normalised-text-v1_provisional;pairs=near-dup-v1.0-2026-07-26;url=url-canon-v1.0-2026-07-27;syndication=syndication-v1.0-2026-07-26
NEWS-guardian_api-183c3d1e4344,ESWS-2026-05,guardian_api,no_version_candidates,,,2025-12-06,date_only_no_time,usable,,not_available_in_v1_layer,2026-07-22T21:08:10+00:00,,2026-07-22T21:08:10+00:00,confirmed_available_at,2026-07-22T21:08:10+00:00,2025-12-06,2026-07-22T21:08:10+00:00,yes_publication_claim_only,no,no,no,no,no,,version-link-v1.0-2026-07-26,layer=normalised-text-v1_provisional;pairs=near-dup-v1.0-2026-07-26;url=url-canon-v1.0-2026-07-27;syndication=syndication-v1.0-2026-07-26
NEWS-guardian_api-184b3abc22c3,SCC-2017-05,guardian_api,no_version_candidates,,,2016-11-18,date_only_no_time,usable,,not_available_in_v1_layer,2026-07-22T21:09:39+00:00,,2026-07-22T21:09:39+00:00,confirmed_available_at,2026-07-22T21:09:39+00:00,2016-11-18,2026-07-22T21:09:39+00:00,yes_publication_claim_only,no,no,no,no,no,,version-link-v1.0-2026-07-26,layer=normalised-text-v1_provisional;pairs=near-dup-v1.0-2026-07-26;url=url-canon-v1.0-2026-07-27;syndication=syndication-v1.0-2026-07-26
NEWS-guardian_api-184e1a96f3d4,ESWS-2026-05,guardian_api,no_version_candidates,,,2025-11-08,date_only_no_time,usable,,not_available_in_v1_layer,2026-07-22T21:08:06+00:00,,2026-07-22T21:08:06+00:00,confirmed_available_at,2026-07-22T21:08:06+00:00,2025-11-08,2026-07-22T21:08:06+00:00,yes_publication_claim_only,no,no,no,no,no,,version-link-v1.0-2026-07-26,layer=normalised-text-v1_provisional;pairs=near-dup-v1.0-2026-07-26;url=url-canon-v1.0-2026-07-27;syndication=syndication-v1.0-2026-07-26
NEWS-guardian_api-18651b87a63c,ESWS-2026-05,guardian_api,no_version_candidates,,,2025-11-12,date_only_no_time,usable,,not_available_in_v1_layer,2026-07-22T21:07:52+00:00,,2026-07-22T21:07:52+00:00,confirmed_available_at,2026-07-22T21:07:52+00:00,2025-11-12,2026-07-22T21:07:52+00:00,yes_publication_claim_only,no,no,no,no,no,,version-link-v1.0-2026-07-26,layer=normalised-text-v1_provisional;pairs=near-dup-v1.0-2026-07-26;url=url-canon-v1.0-2026-07-27;syndication=syndication-v1.0-2026-07-26
NEWS-guardian_api-18e410065c18,SCC-2021-05,guardian_api,no_version_candidates,,,2021-02-23,date_only_no_time,usable,,not_available_in_v1_layer,2026-07-22T21:10:32+00:00,,2026-07-22T21:10:32+00:00,confirmed_available_at,2026-07-22T21:10:32+00:00,2021-02-23,2026-07-22T21:10:32+00:00,yes_publication_claim_only,yes_publication_claim_only,no,no,no,no,,version-link-v1.0-2026-07-26,layer=normalised-text-v1_provisional;pairs=near-dup-v1.0-2026-07-26;url=url-canon-v1.0-2026-07-27;syndication=syndication-v1.0-2026-07-26
NEWS-guardian_api-196adb7e71be,SCC-2017-05,guardian_api,no_version_candidates,,,2017-01-13,date_only_no_time,usable,,not_available_in_v1_layer,2026-07-22T21:09:47+00:00,,2026-07-22T21:09:47+00:00,confirmed_available_at,2026-07-22T21:09:47+00:00,2017-01-13,2026-07-22T21:09:47+00:00,yes_publication_claim_only,no,no,no,no,no,,version-link-v1.0-2026-07-26,layer=normalised-text-v1_provisional;pairs=near-dup-v1.0-2026-07-26;url=url-canon-v1.0-2026-07-27;syndication=syndication-v1.0-2026-07-26
NEWS-guardian_api-19852a1c1c04,SCC-2021-05,guardian_api,no_version_candidates,,,2020-11-27,date_only_no_time,usable,,not_available_in_v1_layer,2026-07-22T21:10:25+00:00,,2026-07-22T21:10:25+00:00,confirmed_available_at,2026-07-22T21:10:25+00:00,2020-11-27,2026-07-22T21:10:25+00:00,yes_publication_claim_only,no,no,no,no,no,,version-link-v1.0-2026-07-26,layer=normalised-text-v1_provisional;pairs=near-dup-v1.0-2026-07-26;url=url-canon-v1.0-2026-07-27;syndication=syndication-v1.0-2026-07-26
NEWS-guardian_api-19b280ed5665,SCC-2017-05,guardian_api,no_version_candidates,,,2017-01-06,date_only_no_time,usable,,not_available_in_v1_layer,2026-07-22T21:09:40+00:00,,2026-07-22T21:09:40+00:00,confirmed_available_at,2026-07-22T21:09:40+00:00,2017-01-06,2026-07-22T21:09:40+00:00,yes_publication_claim_only,no,no,no,no,no,,version-link-v1.0-2026-07-26,layer=normalised-text-v1_provisional;pairs=near-dup-v1.0-2026-07-26;url=url-canon-v1.0-2026-07-27;syndication=syndication-v1.0-2026-07-26
NEWS-guardian_api-19b423d14b48,ESWS-2026-05,guardian_api,no_version_candidates,,,2025-11-21,date_only_no_time,usable,,not_available_in_v1_layer,2026-07-22T21:07:45+00:00,,2026-07-22T21:07:45+00:00,confirmed_available_at,2026-07-22T21:07:45+00:00,2025-11-21,2026-07-22T21:07:45+00:00,yes_publication_claim_only,no,no,no,no,no,,version-link-v1.0-2026-07-26,layer=normalised-text-v1_provisional;pairs=near-dup-v1.0-2026-07-26;url=url-canon-v1.0-2026-07-27;syndication=syndication-v1.0-2026-07-26
NEWS-guardian_api-19c8e90b5d38,SCC-2021-05,guardian_api,no_version_candidates,,,2021-02-07,date_only_no_time,usable,,not_available_in_v1_layer,2026-07-22T21:10:25+00:00,,2026-07-22T21:10:25+00:00,confirmed_available_at,2026-07-22T21:10:25+00:00,2021-02-07,2026-07-22T21:10:25+00:00,yes_publication_claim_only,yes_publication_claim_only,no,no,no,no,,version-link-v1.0-2026-07-26,layer=normalised-text-v1_provisional;pairs=near-dup-v1.0-2026-07-26;url=url-canon-v1.0-2026-07-27;syndication=syndication-v1.0-2026-07-26
NEWS-guardian_api-1a02df9dd425,ESWS-2026-05,guardian_api,no_version_candidates,,,2025-11-17,date_only_no_time,usable,,not_available_in_v1_layer,2026-07-22T21:07:52+00:00,,2026-07-22T21:07:52+00:00,confirmed_available_at,2026-07-22T21:07:52+00:00,2025-11-17,2026-07-22T21:07:52+00:00,yes_publication_claim_only,no,no,no,no,no,,version-link-v1.0-2026-07-26,layer=normalised-text-v1_provisional;pairs=near-dup-v1.0-2026-07-26;url=url-canon-v1.0-2026-07-27;syndication=syndication-v1.0-2026-07-26
NEWS-guardian_api-1a3e34e28c20,SCC-2017-05,guardian_api,no_version_candidates,,,2016-12-21,date_only_no_time,usable,,not_available_in_v1_layer,2026-07-22T21:09:19+00:00,,2026-07-22T21:09:19+00:00,confirmed_available_at,2026-07-22T21:09:19+00:00,2016-12-21,2026-07-22T21:09:19+00:00,yes_publication_claim_only,no,no,no,no,no,,version-link-v1.0-2026-07-26,layer=normalised-text-v1_provisional;pairs=near-dup-v1.0-2026-07-26;url=url-canon-v1.0-2026-07-27;syndication=syndication-v1.0-2026-07-26
NEWS-guardian_api-1a41f71c116d,ESWS-2026-05,guardian_api,no_version_candidates,,,2025-11-25,date_only_no_time,usable,,not_available_in_v1_layer,2026-07-22T21:07:45+00:00,,2026-07-22T21:07:45+00:00,confirmed_available_at,2026-07-22T21:07:45+00:00,2025-11-25,2026-07-22T21:07:45+00:00,yes_publication_claim_only,no,no,no,no,no,,version-link-v1.0-2026-07-26,layer=normalised-text-v1_provisional;pairs=near-dup-v1.0-2026-07-26;url=url-canon-v1.0-2026-07-27;syndication=syndication-v1.0-2026-07-26
NEWS-guardian_api-1a988c9d687c,SCC-2021-05,guardian_api,no_version_candidates,,,2021-03-09,date_only_no_time,usable,,not_available_in_v1_layer,2026-07-22T21:10:38+00:00,,2026-07-22T21:10:38+00:00,confirmed_available_at,2026-07-22T21:10:38+00:00,2021-03-09,2026-07-22T21:10:38+00:00,yes_publication_claim_only,yes_publication_claim_only,no,no,no,no,,version-link-v1.0-2026-07-26,layer=normalised-text-v1_provisional;pairs=near-dup-v1.0-2026-07-26;url=url-canon-v1.0-2026-07-27;syndication=syndication-v1.0-2026-07-26
NEWS-guardian_api-1aa1e4170d3b,SCC-2017-05,guardian_api,no_version_candidates,,,2016-12-15,date_only_no_time,usable,,not_available_in_v1_layer,2026-07-22T21:09:40+00:00,,2026-07-22T21:09:40+00:00,confirmed_available_at,2026-07-22T21:09:40+00:00,2016-12-15,2026-07-22T21:09:40+00:00,yes_publication_claim_only,no,no,no,no,no,,version-link-v1.0-2026-07-26,layer=normalised-text-v1_provisional;pairs=near-dup-v1.0-2026-07-26;url=url-canon-v1.0-2026-07-27;syndication=syndication-v1.0-2026-07-26
NEWS-guardian_api-1b2d245a3846,SCC-2017-05,guardian_api,no_version_candidates,,,2016-11-20,date_only_no_time,usable,,not_available_in_v1_layer,2026-07-22T21:09:15+00:00,,2026-07-22T21:09:15+00:00,confirmed_available_at,2026-07-22T21:09:15+00:00,2016-11-20,2026-07-22T21:09:15+00:00,yes_publication_claim_only,no,no,no,no,no,,version-link-v1.0-2026-07-26,layer=normalised-text-v1_provisional;pairs=near-dup-v1.0-2026-07-26;url=url-canon-v1.0-2026-07-27;syndication=syndication-v1.0-2026-07-26
NEWS-guardian_api-1b69f179e836,SCC-2013-05,guardian_api,no_version_candidates,,,2012-11-03,date_only_no_time,usable,,not_available_in_v1_layer,2026-07-22T21:09:11+00:00,,2026-07-22T21:09:11+00:00,confirmed_available_at,2026-07-22T21:09:11+00:00,2012-11-03,2026-07-22T21:09:11+00:00,yes_publication_claim_only,no,no,no,no,no,,version-link-v1.0-2026-07-26,layer=normalised-text-v1_provisional;pairs=near-dup-v1.0-2026-07-26;url=url-canon-v1.0-2026-07-27;syndication=syndication-v1.0-2026-07-26
NEWS-guardian_api-1b87bb0c200f,SCC-2021-05,guardian_api,no_version_candidates,,,2021-01-14,date_only_no_time,usable,,not_available_in_v1_layer,2026-07-22T21:10:38+00:00,,2026-07-22T21:10:38+00:00,confirmed_available_at,2026-07-22T21:10:38+00:00,2021-01-14,2026-07-22T21:10:38+00:00,yes_publication_claim_only,no,no,no,no,no,,version-link-v1.0-2026-07-26,layer=normalised-text-v1_provisional;pairs=near-dup-v1.0-2026-07-26;url=url-canon-v1.0-2026-07-27;syndication=syndication-v1.0-2026-07-26
NEWS-guardian_api-1c1bc6bc43ea,SCC-2017-05,guardian_api,no_version_candidates,,,2016-12-03,date_only_no_time,usable,,not_available_in_v1_layer,2026-07-22T21:09:19+00:00,,2026-07-22T21:09:19+00:00,confirmed_available_at,2026-07-22T21:09:19+00:00,2016-12-03,2026-07-22T21:09:19+00:00,yes_publication_claim_only,no,no,no,no,no,,version-link-v1.0-2026-07-26,layer=normalised-text-v1_provisional;pairs=near-dup-v1.0-2026-07-26;url=url-canon-v1.0-2026-07-27;syndication=syndication-v1.0-2026-07-26
NEWS-guardian_api-1c1e92d1c2f3,SCC-2021-05,guardian_api,no_version_candidates,,,2021-03-03,date_only_no_time,usable,,not_available_in_v1_layer,2026-07-22T21:10:33+00:00,,2026-07-22T21:10:33+00:00,confirmed_available_at,2026-07-22T21:10:33+00:00,2021-03-03,2026-07-22T21:10:33+00:00,yes_publication_claim_only,yes_publication_claim_only,no,no,no,no,,version-link-v1.0-2026-07-26,layer=normalised-text-v1_provisional;pairs=near-dup-v1.0-2026-07-26;url=url-canon-v1.0-2026-07-27;syndication=syndication-v1.0-2026-07-26
NEWS-guardian_api-1cc412a36731,SCC-2021-05,guardian_api,no_version_candidates,,,2021-03-14,date_only_no_time,usable,,not_available_in_v1_layer,2026-07-22T21:10:03+00:00,,2026-07-22T21:10:03+00:00,confirmed_available_at,2026-07-22T21:10:03+00:00,2021-03-14,2026-07-22T21:10:03+00:00,yes_publication_claim_only,yes_publication_claim_only,no,no,no,no,,version-link-v1.0-2026-07-26,layer=normalised-text-v1_provisional;pairs=near-dup-v1.0-2026-07-26;url=url-canon-v1.0-2026-07-27;syndication=syndication-v1.0-2026-07-26
NEWS-guardian_api-1cc588f9d8fb,ESWS-2026-05,guardian_api,no_version_candidates,,,2025-11-08,date_only_no_time,usable,,not_available_in_v1_layer,2026-07-22T21:07:52+00:00,,2026-07-22T21:07:52+00:00,confirmed_available_at,2026-07-22T21:07:52+00:00,2025-11-08,2026-07-22T21:07:52+00:00,yes_publication_claim_only,no,no,no,no,no,,version-link-v1.0-2026-07-26,layer=normalised-text-v1_provisional;pairs=near-dup-v1.0-2026-07-26;url=url-canon-v1.0-2026-07-27;syndication=syndication-v1.0-2026-07-26
NEWS-guardian_api-1cdbe5d6b769,SCC-2021-05,guardian_api,no_version_candidates,,,2021-03-21,date_only_no_time,usable,,not_available_in_v1_layer,2026-07-22T21:10:33+00:00,,2026-07-22T21:10:33+00:00,confirmed_available_at,2026-07-22T21:10:33+00:00,2021-03-21,2026-07-22T21:10:33+00:00,yes_publication_claim_only,yes_publication_claim_only,no,no,no,no,,version-link-v1.0-2026-07-26,layer=normalised-text-v1_provisional;pairs=near-dup-v1.0-2026-07-26;url=url-canon-v1.0-2026-07-27;syndication=syndication-v1.0-2026-07-26
NEWS-guardian_api-1d15f10ff9f1,SCC-2013-05,guardian_api,no_version_candidates,,,2013-01-06,date_only_no_time,usable,,not_available_in_v1_layer,2026-07-22T21:08:34+00:00,,2026-07-22T21:08:34+00:00,confirmed_available_at,2026-07-22T21:08:34+00:00,2013-01-06,2026-07-22T21:08:34+00:00,yes_publication_claim_only,no,no,no,no,no,,version-link-v1.0-2026-07-26,layer=normalised-text-v1_provisional;pairs=near-dup-v1.0-2026-07-26;url=url-canon-v1.0-2026-07-27;syndication=syndication-v1.0-2026-07-26
NEWS-guardian_api-1d5b71d751d8,SCC-2021-05,guardian_api,no_version_candidates,,,2020-11-25,date_only_no_time,usable,,not_available_in_v1_layer,2026-07-22T21:10:38+00:00,,2026-07-22T21:10:38+00:00,confirmed_available_at,2026-07-22T21:10:38+00:00,2020-11-25,2026-07-22T21:10:38+00:00,yes_publication_claim_only,no,no,no,no,no,,version-link-v1.0-2026-07-26,layer=normalised-text-v1_provisional;pairs=near-dup-v1.0-2026-07-26;url=url-canon-v1.0-2026-07-27;syndication=syndication-v1.0-2026-07-26
NEWS-guardian_api-1d67c0c9dc56,SCC-2017-05,guardian_api,no_version_candidates,,,2016-11-05,date_only_no_time,usable,,not_available_in_v1_layer,2026-07-22T21:09:36+00:00,,2026-07-22T21:09:36+00:00,confirmed_available_at,2026-07-22T21:09:36+00:00,2016-11-05,2026-07-22T21:09:36+00:00,yes_publication_claim_only,no,no,no,no,no,,version-link-v1.0-2026-07-26,layer=normalised-text-v1_provisional;pairs=near-dup-v1.0-2026-07-26;url=url-canon-v1.0-2026-07-27;syndication=syndication-v1.0-2026-07-26
NEWS-guardian_api-1e477e4363ef,SCC-2013-05,guardian_api,no_version_candidates,,,2012-11-03,date_only_no_time,usable,,not_available_in_v1_layer,2026-07-22T21:08:51+00:00,,2026-07-22T21:08:51+00:00,confirmed_available_at,2026-07-22T21:08:51+00:00,2012-11-03,2026-07-22T21:08:51+00:00,yes_publication_claim_only,no,no,no,no,no,,version-link-v1.0-2026-07-26,layer=normalised-text-v1_provisional;pairs=near-dup-v1.0-2026-07-26;url=url-canon-v1.0-2026-07-27;syndication=syndication-v1.0-2026-07-26
NEWS-guardian_api-1e6ca4b1a5c0,SCC-2021-05,guardian_api,no_version_candidates,,,2021-02-19,date_only_no_time,usable,,not_available_in_v1_layer,2026-07-22T21:10:25+00:00,,2026-07-22T21:10:25+00:00,confirmed_available_at,2026-07-22T21:10:25+00:00,2021-02-19,2026-07-22T21:10:25+00:00,yes_publication_claim_only,yes_publication_claim_only,no,no,no,no,,version-link-v1.0-2026-07-26,layer=normalised-text-v1_provisional;pairs=near-dup-v1.0-2026-07-26;url=url-canon-v1.0-2026-07-27;syndication=syndication-v1.0-2026-07-26
NEWS-guardian_api-1e8c075494ef,SCC-2021-05,guardian_api,no_version_candidates,,,2020-12-15,date_only_no_time,usable,,not_available_in_v1_layer,2026-07-22T21:10:25+00:00,,2026-07-22T21:10:25+00:00,confirmed_available_at,2026-07-22T21:10:25+00:00,2020-12-15,2026-07-22T21:10:25+00:00,yes_publication_claim_only,no,no,no,no,no,,version-link-v1.0-2026-07-26,layer=normalised-text-v1_provisional;pairs=near-dup-v1.0-2026-07-26;url=url-canon-v1.0-2026-07-27;syndication=syndication-v1.0-2026-07-26
NEWS-guardian_api-1ea299031644,SCC-2021-05,guardian_api,no_version_candidates,,,2020-12-19,date_only_no_time,usable,,not_available_in_v1_layer,2026-07-22T21:10:25+00:00,,2026-07-22T21:10:25+00:00,confirmed_available_at,2026-07-22T21:10:25+00:00,2020-12-19,2026-07-22T21:10:25+00:00,yes_publication_claim_only,no,no,no,no,no,,version-link-v1.0-2026-07-26,layer=normalised-text-v1_provisional;pairs=near-dup-v1.0-2026-07-26;url=url-canon-v1.0-2026-07-27;syndication=syndication-v1.0-2026-07-26
NEWS-guardian_api-1eb3984d408f,SCC-2017-05,guardian_api,no_version_candidates,,,2016-12-12,date_only_no_time,usable,,not_available_in_v1_layer,2026-07-22T21:09:39+00:00,,2026-07-22T21:09:39+00:00,confirmed_available_at,2026-07-22T21:09:39+00:00,2016-12-12,2026-07-22T21:09:39+00:00,yes_publication_claim_only,no,no,no,no,no,,version-link-v1.0-2026-07-26,layer=normalised-text-v1_provisional;pairs=near-dup-v1.0-2026-07-26;url=url-canon-v1.0-2026-07-27;syndication=syndication-v1.0-2026-07-26
NEWS-guardian_api-1eef019709a8,ESWS-2026-05,guardian_api,no_version_candidates,,,2025-11-17,date_only_no_time,usable,,not_available_in_v1_layer,2026-07-22T21:08:18+00:00,,2026-07-22T21:08:18+00:00,confirmed_available_at,2026-07-22T21:08:18+00:00,2025-11-17,2026-07-22T21:08:18+00:00,yes_publication_claim_only,no,no,no,no,no,,version-link-v1.0-2026-07-26,layer=normalised-text-v1_provisional;pairs=near-dup-v1.0-2026-07-26;url=url-canon-v1.0-2026-07-27;syndication=syndication-v1.0-2026-07-26
NEWS-guardian_api-1efd0842f3d0,ESWS-2026-05,guardian_api,no_version_candidates,,,2026-05-05,date_only_no_time,usable,,not_available_in_v1_layer,2026-07-22T21:07:58+00:00,,2026-07-22T21:07:58+00:00,confirmed_available_at,2026-07-22T21:07:58+00:00,2026-05-05,2026-07-22T21:07:58+00:00,yes_publication_claim_only,yes_publication_claim_only,yes_publication_claim_only,yes_publication_claim_only,yes_publication_claim_only,yes_publication_claim_only,,version-link-v1.0-2026-07-26,layer=normalised-text-v1_provisional;pairs=near-dup-v1.0-2026-07-26;url=url-canon-v1.0-2026-07-27;syndication=syndication-v1.0-2026-07-26
NEWS-guardian_api-1f00dd43542a,SCC-2021-05,guardian_api,no_version_candidates,,,2021-03-04,date_only_no_time,usable,,not_available_in_v1_layer,2026-07-22T21:10:33+00:00,,2026-07-22T21:10:33+00:00,confirmed_available_at,2026-07-22T21:10:33+00:00,2021-03-04,2026-07-22T21:10:33+00:00,yes_publication_claim_only,yes_publication_claim_only,no,no,no,no,,version-link-v1.0-2026-07-26,layer=normalised-text-v1_provisional;pairs=near-dup-v1.0-2026-07-26;url=url-canon-v1.0-2026-07-27;syndication=syndication-v1.0-2026-07-26
NEWS-guardian_api-1f1e54d87c5f,SCC-2021-05,guardian_api,no_version_candidates,,,2020-11-11,date_only_no_time,usable,,not_available_in_v1_layer,2026-07-22T21:10:17+00:00,,2026-07-22T21:10:17+00:00,confirmed_available_at,2026-07-22T21:10:17+00:00,2020-11-11,2026-07-22T21:10:17+00:00,yes_publication_claim_only,no,no,no,no,no,,version-link-v1.0-2026-07-26,layer=normalised-text-v1_provisional;pairs=near-dup-v1.0-2026-07-26;url=url-canon-v1.0-2026-07-27;syndication=syndication-v1.0-2026-07-26
NEWS-guardian_api-1f2d0f265b18,SCC-2013-05,guardian_api,no_version_candidates,,,2012-11-20,date_only_no_time,usable,,not_available_in_v1_layer,2026-07-22T21:09:02+00:00,,2026-07-22T21:09:02+00:00,confirmed_available_at,2026-07-22T21:09:02+00:00,2012-11-20,2026-07-22T21:09:02+00:00,yes_publication_claim_only,no,no,no,no,no,,version-link-v1.0-2026-07-26,layer=normalised-text-v1_provisional;pairs=near-dup-v1.0-2026-07-26;url=url-canon-v1.0-2026-07-27;syndication=syndication-v1.0-2026-07-26
NEWS-guardian_api-1f51dd1b1f68,SCC-2017-05,guardian_api,no_version_candidates,,,2016-11-12,date_only_no_time,usable,,not_available_in_v1_layer,2026-07-22T21:09:15+00:00,,2026-07-22T21:09:15+00:00,confirmed_available_at,2026-07-22T21:09:15+00:00,2016-11-12,2026-07-22T21:09:15+00:00,yes_publication_claim_only,no,no,no,no,no,,version-link-v1.0-2026-07-26,layer=normalised-text-v1_provisional;pairs=near-dup-v1.0-2026-07-26;url=url-canon-v1.0-2026-07-27;syndication=syndication-v1.0-2026-07-26
NEWS-guardian_api-1f7064aab6cc,SCC-2013-05,guardian_api,no_version_candidates,,,2012-11-13,date_only_no_time,usable,,not_available_in_v1_layer,2026-07-22T21:08:38+00:00,,2026-07-22T21:08:38+00:00,confirmed_available_at,2026-07-22T21:08:38+00:00,2012-11-13,2026-07-22T21:08:38+00:00,yes_publication_claim_only,no,no,no,no,no,,version-link-v1.0-2026-07-26,layer=normalised-text-v1_provisional;pairs=near-dup-v1.0-2026-07-26;url=url-canon-v1.0-2026-07-27;syndication=syndication-v1.0-2026-07-26
NEWS-guardian_api-2037e4eda9eb,SCC-2021-05,guardian_api,no_version_candidates,,,2020-11-11,date_only_no_time,usable,,not_available_in_v1_layer,2026-07-22T21:10:32+00:00,,2026-07-22T21:10:32+00:00,confirmed_available_at,2026-07-22T21:10:32+00:00,2020-11-11,2026-07-22T21:10:32+00:00,yes_publication_claim_only,no,no,no,no,no,,version-link-v1.0-2026-07-26,layer=normalised-text-v1_provisional;pairs=near-dup-v1.0-2026-07-26;url=url-canon-v1.0-2026-07-27;syndication=syndication-v1.0-2026-07-26
NEWS-guardian_api-203c6fa0f667,SCC-2013-05,guardian_api,no_version_candidates,,,2012-11-10,date_only_no_time,usable,,not_available_in_v1_layer,2026-07-22T21:08:47+00:00,,2026-07-22T21:08:47+00:00,confirmed_available_at,2026-07-22T21:08:47+00:00,2012-11-10,2026-07-22T21:08:47+00:00,yes_publication_claim_only,no,no,no,no,no,,version-link-v1.0-2026-07-26,layer=normalised-text-v1_provisional;pairs=near-dup-v1.0-2026-07-26;url=url-canon-v1.0-2026-07-27;syndication=syndication-v1.0-2026-07-26
NEWS-guardian_api-2069e57ab656,SCC-2017-05,guardian_api,no_version_candidates,,,2017-03-05,date_only_no_time,usable,,not_available_in_v1_layer,2026-07-22T21:09:23+00:00,,2026-07-22T21:09:23+00:00,confirmed_available_at,2026-07-22T21:09:23+00:00,2017-03-05,2026-07-22T21:09:23+00:00,yes_publication_claim_only,yes_publication_claim_only,no,no,no,no,,version-link-v1.0-2026-07-26,layer=normalised-text-v1_provisional;pairs=near-dup-v1.0-2026-07-26;url=url-canon-v1.0-2026-07-27;syndication=syndication-v1.0-2026-07-26
NEWS-guardian_api-20f65fcb48fa,ESWS-2026-05,guardian_api,no_version_candidates,,,2025-11-17,date_only_no_time,usable,,not_available_in_v1_layer,2026-07-22T21:07:44+00:00,,2026-07-22T21:07:44+00:00,confirmed_available_at,2026-07-22T21:07:44+00:00,2025-11-17,2026-07-22T21:07:44+00:00,yes_publication_claim_only,no,no,no,no,no,,version-link-v1.0-2026-07-26,layer=normalised-text-v1_provisional;pairs=near-dup-v1.0-2026-07-26;url=url-canon-v1.0-2026-07-27;syndication=syndication-v1.0-2026-07-26
NEWS-guardian_api-2122c3c2fc5e,SCC-2017-05,guardian_api,no_version_candidates,,,2016-11-06,date_only_no_time,usable,,not_available_in_v1_layer,2026-07-22T21:09:36+00:00,,2026-07-22T21:09:36+00:00,confirmed_available_at,2026-07-22T21:09:36+00:00,2016-11-06,2026-07-22T21:09:36+00:00,yes_publication_claim_only,no,no,no,no,no,,version-link-v1.0-2026-07-26,layer=normalised-text-v1_provisional;pairs=near-dup-v1.0-2026-07-26;url=url-canon-v1.0-2026-07-27;syndication=syndication-v1.0-2026-07-26
NEWS-guardian_api-21ada8dc1789,SCC-2017-05,guardian_api,no_version_candidates,,,2016-12-02,date_only_no_time,usable,,not_available_in_v1_layer,2026-07-22T21:09:19+00:00,,2026-07-22T21:09:19+00:00,confirmed_available_at,2026-07-22T21:09:19+00:00,2016-12-02,2026-07-22T21:09:19+00:00,yes_publication_claim_only,no,no,no,no,no,,version-link-v1.0-2026-07-26,layer=normalised-text-v1_provisional;pairs=near-dup-v1.0-2026-07-26;url=url-canon-v1.0-2026-07-27;syndication=syndication-v1.0-2026-07-26
NEWS-guardian_api-21cd40ee59a5,SCC-2013-05,guardian_api,no_version_candidates,,,2012-11-04,date_only_no_time,usable,,not_available_in_v1_layer,2026-07-22T21:08:51+00:00,,2026-07-22T21:08:51+00:00,confirmed_available_at,2026-07-22T21:08:51+00:00,2012-11-04,2026-07-22T21:08:51+00:00,yes_publication_claim_only,no,no,no,no,no,,version-link-v1.0-2026-07-26,layer=normalised-text-v1_provisional;pairs=near-dup-v1.0-2026-07-26;url=url-canon-v1.0-2026-07-27;syndication=syndication-v1.0-2026-07-26
NEWS-guardian_api-21d90ed82e95,SCC-2017-05,guardian_api,no_version_candidates,,,2016-11-05,date_only_no_time,usable,,not_available_in_v1_layer,2026-07-22T21:09:36+00:00,,2026-07-22T21:09:36+00:00,confirmed_available_at,2026-07-22T21:09:36+00:00,2016-11-05,2026-07-22T21:09:36+00:00,yes_publication_claim_only,no,no,no,no,no,,version-link-v1.0-2026-07-26,layer=normalised-text-v1_provisional;pairs=near-dup-v1.0-2026-07-26;url=url-canon-v1.0-2026-07-27;syndication=syndication-v1.0-2026-07-26
NEWS-guardian_api-2234768500a2,ESWS-2026-05,guardian_api,no_version_candidates,,,2026-02-02,date_only_no_time,usable,,not_available_in_v1_layer,2026-07-22T21:08:18+00:00,,2026-07-22T21:08:18+00:00,confirmed_available_at,2026-07-22T21:08:18+00:00,2026-02-02,2026-07-22T21:08:18+00:00,yes_publication_claim_only,no,no,no,no,no,,version-link-v1.0-2026-07-26,layer=normalised-text-v1_provisional;pairs=near-dup-v1.0-2026-07-26;url=url-canon-v1.0-2026-07-27;syndication=syndication-v1.0-2026-07-26
NEWS-guardian_api-226ddfd2908e,SCC-2017-05,guardian_api,no_version_candidates,,,2017-01-02,date_only_no_time,usable,,not_available_in_v1_layer,2026-07-22T21:09:47+00:00,,2026-07-22T21:09:47+00:00,confirmed_available_at,2026-07-22T21:09:47+00:00,2017-01-02,2026-07-22T21:09:47+00:00,yes_publication_claim_only,no,no,no,no,no,,version-link-v1.0-2026-07-26,layer=normalised-text-v1_provisional;pairs=near-dup-v1.0-2026-07-26;url=url-canon-v1.0-2026-07-27;syndication=syndication-v1.0-2026-07-26
NEWS-guardian_api-226e2bdc9287,SCC-2021-05,guardian_api,no_version_candidates,,,2021-01-18,date_only_no_time,usable,,not_available_in_v1_layer,2026-07-22T21:10:25+00:00,,2026-07-22T21:10:25+00:00,confirmed_available_at,2026-07-22T21:10:25+00:00,2021-01-18,2026-07-22T21:10:25+00:00,yes_publication_claim_only,no,no,no,no,no,,version-link-v1.0-2026-07-26,layer=normalised-text-v1_provisional;pairs=near-dup-v1.0-2026-07-26;url=url-canon-v1.0-2026-07-27;syndication=syndication-v1.0-2026-07-26
NEWS-guardian_api-228a899a19ac,SCC-2021-05,guardian_api,no_version_candidates,,,2021-03-03,date_only_no_time,usable,,not_available_in_v1_layer,2026-07-22T21:10:03+00:00,,2026-07-22T21:10:03+00:00,confirmed_available_at,2026-07-22T21:10:03+00:00,2021-03-03,2026-07-22T21:10:03+00:00,yes_publication_claim_only,yes_publication_claim_only,no,no,no,no,,version-link-v1.0-2026-07-26,layer=normalised-text-v1_provisional;pairs=near-dup-v1.0-2026-07-26;url=url-canon-v1.0-2026-07-27;syndication=syndication-v1.0-2026-07-26
NEWS-guardian_api-228e6e8d4468,SCC-2021-05,guardian_api,no_version_candidates,,,2020-12-03,date_only_no_time,usable,,not_available_in_v1_layer,2026-07-22T21:10:12+00:00,,2026-07-22T21:10:12+00:00,confirmed_available_at,2026-07-22T21:10:12+00:00,2020-12-03,2026-07-22T21:10:12+00:00,yes_publication_claim_only,no,no,no,no,no,,version-link-v1.0-2026-07-26,layer=normalised-text-v1_provisional;pairs=near-dup-v1.0-2026-07-26;url=url-canon-v1.0-2026-07-27;syndication=syndication-v1.0-2026-07-26
NEWS-guardian_api-22c00cc50856,SCC-2013-05,guardian_api,no_version_candidates,,,2013-02-05,date_only_no_time,usable,,not_available_in_v1_layer,2026-07-22T21:08:38+00:00,,2026-07-22T21:08:38+00:00,confirmed_available_at,2026-07-22T21:08:38+00:00,2013-02-05,2026-07-22T21:08:38+00:00,yes_publication_claim_only,yes_publication_claim_only,no,no,no,no,,version-link-v1.0-2026-07-26,layer=normalised-text-v1_provisional;pairs=near-dup-v1.0-2026-07-26;url=url-canon-v1.0-2026-07-27;syndication=syndication-v1.0-2026-07-26
NEWS-guardian_api-235d697071cc,SCC-2013-05,guardian_api,no_version_candidates,,,2012-11-30,date_only_no_time,usable,,not_available_in_v1_layer,2026-07-22T21:08:31+00:00,,2026-07-22T21:08:31+00:00,confirmed_available_at,2026-07-22T21:08:31+00:00,2012-11-30,2026-07-22T21:08:31+00:00,yes_publication_claim_only,no,no,no,no,no,,version-link-v1.0-2026-07-26,layer=normalised-text-v1_provisional;pairs=near-dup-v1.0-2026-07-26;url=url-canon-v1.0-2026-07-27;syndication=syndication-v1.0-2026-07-26
NEWS-guardian_api-2365516a9fbc,SCC-2013-05,guardian_api,no_version_candidates,,,2013-02-14,date_only_no_time,usable,,not_available_in_v1_layer,2026-07-22T21:09:07+00:00,,2026-07-22T21:09:07+00:00,confirmed_available_at,2026-07-22T21:09:07+00:00,2013-02-14,2026-07-22T21:09:07+00:00,yes_publication_claim_only,yes_publication_claim_only,no,no,no,no,,version-link-v1.0-2026-07-26,layer=normalised-text-v1_provisional;pairs=near-dup-v1.0-2026-07-26;url=url-canon-v1.0-2026-07-27;syndication=syndication-v1.0-2026-07-26
NEWS-guardian_api-236e2c805256,SCC-2013-05,guardian_api,no_version_candidates,,,2012-11-26,date_only_no_time,usable,,not_available_in_v1_layer,2026-07-22T21:08:31+00:00,,2026-07-22T21:08:31+00:00,confirmed_available_at,2026-07-22T21:08:31+00:00,2012-11-26,2026-07-22T21:08:31+00:00,yes_publication_claim_only,no,no,no,no,no,,version-link-v1.0-2026-07-26,layer=normalised-text-v1_provisional;pairs=near-dup-v1.0-2026-07-26;url=url-canon-v1.0-2026-07-27;syndication=syndication-v1.0-2026-07-26
NEWS-guardian_api-237d68337160,SCC-2013-05,guardian_api,no_version_candidates,,,2012-12-01,date_only_no_time,usable,,not_available_in_v1_layer,2026-07-22T21:08:55+00:00,,2026-07-22T21:08:55+00:00,confirmed_available_at,2026-07-22T21:08:55+00:00,2012-12-01,2026-07-22T21:08:55+00:00,yes_publication_claim_only,no,no,no,no,no,,version-link-v1.0-2026-07-26,layer=normalised-text-v1_provisional;pairs=near-dup-v1.0-2026-07-26;url=url-canon-v1.0-2026-07-27;syndication=syndication-v1.0-2026-07-26
NEWS-guardian_api-23d3455fed9c,SCC-2013-05,guardian_api,no_version_candidates,,,2013-02-06,date_only_no_time,usable,,not_available_in_v1_layer,2026-07-22T21:09:02+00:00,,2026-07-22T21:09:02+00:00,confirmed_available_at,2026-07-22T21:09:02+00:00,2013-02-06,2026-07-22T21:09:02+00:00,yes_publication_claim_only,yes_publication_claim_only,no,no,no,no,,version-link-v1.0-2026-07-26,layer=normalised-text-v1_provisional;pairs=near-dup-v1.0-2026-07-26;url=url-canon-v1.0-2026-07-27;syndication=syndication-v1.0-2026-07-26
NEWS-guardian_api-23d6acee2b6b,SCC-2013-05,guardian_api,no_version_candidates,,,2012-11-13,date_only_no_time,usable,,not_available_in_v1_layer,2026-07-22T21:08:38+00:00,,2026-07-22T21:08:38+00:00,confirmed_available_at,2026-07-22T21:08:38+00:00,2012-11-13,2026-07-22T21:08:38+00:00,yes_publication_claim_only,no,no,no,no,no,,version-link-v1.0-2026-07-26,layer=normalised-text-v1_provisional;pairs=near-dup-v1.0-2026-07-26;url=url-canon-v1.0-2026-07-27;syndication=syndication-v1.0-2026-07-26
NEWS-guardian_api-23f4abe3b9f6,SCC-2021-05,guardian_api,no_version_candidates,,,2021-02-04,date_only_no_time,usable,,not_available_in_v1_layer,2026-07-22T21:10:32+00:00,,2026-07-22T21:10:32+00:00,confirmed_available_at,2026-07-22T21:10:32+00:00,2021-02-04,2026-07-22T21:10:32+00:00,yes_publication_claim_only,no,no,no,no,no,,version-link-v1.0-2026-07-26,layer=normalised-text-v1_provisional;pairs=near-dup-v1.0-2026-07-26;url=url-canon-v1.0-2026-07-27;syndication=syndication-v1.0-2026-07-26
NEWS-guardian_api-243a46c85b7e,ESWS-2026-05,guardian_api,no_version_candidates,,,2025-11-16,date_only_no_time,usable,,not_available_in_v1_layer,2026-07-22T21:07:52+00:00,,2026-07-22T21:07:52+00:00,confirmed_available_at,2026-07-22T21:07:52+00:00,2025-11-16,2026-07-22T21:07:52+00:00,yes_publication_claim_only,no,no,no,no,no,,version-link-v1.0-2026-07-26,layer=normalised-text-v1_provisional;pairs=near-dup-v1.0-2026-07-26;url=url-canon-v1.0-2026-07-27;syndication=syndication-v1.0-2026-07-26
NEWS-guardian_api-246d6b4374ae,ESWS-2026-05,guardian_api,no_version_candidates,,,2025-11-24,date_only_no_time,usable,,not_available_in_v1_layer,2026-07-22T21:07:45+00:00,,2026-07-22T21:07:45+00:00,confirmed_available_at,2026-07-22T21:07:45+00:00,2025-11-24,2026-07-22T21:07:45+00:00,yes_publication_claim_only,no,no,no,no,no,,version-link-v1.0-2026-07-26,layer=normalised-text-v1_provisional;pairs=near-dup-v1.0-2026-07-26;url=url-canon-v1.0-2026-07-27;syndication=syndication-v1.0-2026-07-26
NEWS-guardian_api-2476bfd9e6fe,ESWS-2026-05,guardian_api,no_version_candidates,,,2025-11-20,date_only_no_time,usable,,not_available_in_v1_layer,2026-07-22T21:07:44+00:00,,2026-07-22T21:07:44+00:00,confirmed_available_at,2026-07-22T21:07:44+00:00,2025-11-20,2026-07-22T21:07:44+00:00,yes_publication_claim_only,no,no,no,no,no,,version-link-v1.0-2026-07-26,layer=normalised-text-v1_provisional;pairs=near-dup-v1.0-2026-07-26;url=url-canon-v1.0-2026-07-27;syndication=syndication-v1.0-2026-07-26
NEWS-guardian_api-24827ef54ee9,SCC-2017-05,guardian_api,no_version_candidates,,,2017-04-24,date_only_no_time,usable,,not_available_in_v1_layer,2026-07-22T21:09:52+00:00,,2026-07-22T21:09:52+00:00,confirmed_available_at,2026-07-22T21:09:52+00:00,2017-04-24,2026-07-22T21:09:52+00:00,yes_publication_claim_only,yes_publication_claim_only,yes_publication_claim_only,yes_publication_claim_only,no,no,,version-link-v1.0-2026-07-26,layer=normalised-text-v1_provisional;pairs=near-dup-v1.0-2026-07-26;url=url-canon-v1.0-2026-07-27;syndication=syndication-v1.0-2026-07-26
NEWS-guardian_api-24a6f6b370d7,ESWS-2026-05,guardian_api,no_version_candidates,,,2025-11-10,date_only_no_time,usable,,not_available_in_v1_layer,2026-07-22T21:08:14+00:00,,2026-07-22T21:08:14+00:00,confirmed_available_at,2026-07-22T21:08:14+00:00,2025-11-10,2026-07-22T21:08:14+00:00,yes_publication_claim_only,no,no,no,no,no,,version-link-v1.0-2026-07-26,layer=normalised-text-v1_provisional;pairs=near-dup-v1.0-2026-07-26;url=url-canon-v1.0-2026-07-27;syndication=syndication-v1.0-2026-07-26
NEWS-guardian_api-24d2fd525d0a,SCC-2013-05,guardian_api,no_version_candidates,,,2012-11-28,date_only_no_time,usable,,not_available_in_v1_layer,2026-07-22T21:08:31+00:00,,2026-07-22T21:08:31+00:00,confirmed_available_at,2026-07-22T21:08:31+00:00,2012-11-28,2026-07-22T21:08:31+00:00,yes_publication_claim_only,no,no,no,no,no,,version-link-v1.0-2026-07-26,layer=normalised-text-v1_provisional;pairs=near-dup-v1.0-2026-07-26;url=url-canon-v1.0-2026-07-27;syndication=syndication-v1.0-2026-07-26
NEWS-guardian_api-24f48a444223,SCC-2021-05,guardian_api,no_version_candidates,,,2020-11-25,date_only_no_time,usable,,not_available_in_v1_layer,2026-07-22T21:10:32+00:00,,2026-07-22T21:10:32+00:00,confirmed_available_at,2026-07-22T21:10:32+00:00,2020-11-25,2026-07-22T21:10:32+00:00,yes_publication_claim_only,no,no,no,no,no,,version-link-v1.0-2026-07-26,layer=normalised-text-v1_provisional;pairs=near-dup-v1.0-2026-07-26;url=url-canon-v1.0-2026-07-27;syndication=syndication-v1.0-2026-07-26
NEWS-guardian_api-24fc4bd4ab85,ESWS-2026-05,guardian_api,no_version_candidates,,,2025-11-26,date_only_no_time,usable,,not_available_in_v1_layer,2026-07-22T21:07:48+00:00,,2026-07-22T21:07:48+00:00,confirmed_available_at,2026-07-22T21:07:48+00:00,2025-11-26,2026-07-22T21:07:48+00:00,yes_publication_claim_only,no,no,no,no,no,,version-link-v1.0-2026-07-26,layer=normalised-text-v1_provisional;pairs=near-dup-v1.0-2026-07-26;url=url-canon-v1.0-2026-07-27;syndication=syndication-v1.0-2026-07-26
NEWS-guardian_api-250fb6c60196,SCC-2013-05,guardian_api,no_version_candidates,,,2012-12-05,date_only_no_time,usable,,not_available_in_v1_layer,2026-07-22T21:08:38+00:00,,2026-07-22T21:08:38+00:00,confirmed_available_at,2026-07-22T21:08:38+00:00,2012-12-05,2026-07-22T21:08:38+00:00,yes_publication_claim_only,no,no,no,no,no,,version-link-v1.0-2026-07-26,layer=normalised-text-v1_provisional;pairs=near-dup-v1.0-2026-07-26;url=url-canon-v1.0-2026-07-27;syndication=syndication-v1.0-2026-07-26
NEWS-guardian_api-251b92c0a54f,ESWS-2026-05,guardian_api,no_version_candidates,,,2025-11-13,date_only_no_time,usable,,not_available_in_v1_layer,2026-07-22T21:07:44+00:00,,2026-07-22T21:07:44+00:00,confirmed_available_at,2026-07-22T21:07:44+00:00,2025-11-13,2026-07-22T21:07:44+00:00,yes_publication_claim_only,no,no,no,no,no,,version-link-v1.0-2026-07-26,layer=normalised-text-v1_provisional;pairs=near-dup-v1.0-2026-07-26;url=url-canon-v1.0-2026-07-27;syndication=syndication-v1.0-2026-07-26
NEWS-guardian_api-25209b1483e1,ESWS-2026-05,guardian_api,no_version_candidates,,,2025-11-17,date_only_no_time,usable,,not_available_in_v1_layer,2026-07-22T21:08:02+00:00,,2026-07-22T21:08:02+00:00,confirmed_available_at,2026-07-22T21:08:02+00:00,2025-11-17,2026-07-22T21:08:02+00:00,yes_publication_claim_only,no,no,no,no,no,,version-link-v1.0-2026-07-26,layer=normalised-text-v1_provisional;pairs=near-dup-v1.0-2026-07-26;url=url-canon-v1.0-2026-07-27;syndication=syndication-v1.0-2026-07-26
NEWS-guardian_api-254a2ad9435b,SCC-2013-05,guardian_api,no_version_candidates,,,2012-11-04,date_only_no_time,usable,,not_available_in_v1_layer,2026-07-22T21:08:51+00:00,,2026-07-22T21:08:51+00:00,confirmed_available_at,2026-07-22T21:08:51+00:00,2012-11-04,2026-07-22T21:08:51+00:00,yes_publication_claim_only,no,no,no,no,no,,version-link-v1.0-2026-07-26,layer=normalised-text-v1_provisional;pairs=near-dup-v1.0-2026-07-26;url=url-canon-v1.0-2026-07-27;syndication=syndication-v1.0-2026-07-26
NEWS-guardian_api-254fa4e5bd24,ESWS-2026-05,guardian_api,no_version_candidates,,,2026-01-05,date_only_no_time,usable,,not_available_in_v1_layer,2026-07-22T21:08:18+00:00,,2026-07-22T21:08:18+00:00,confirmed_available_at,2026-07-22T21:08:18+00:00,2026-01-05,2026-07-22T21:08:18+00:00,yes_publication_claim_only,no,no,no,no,no,,version-link-v1.0-2026-07-26,layer=normalised-text-v1_provisional;pairs=near-dup-v1.0-2026-07-26;url=url-canon-v1.0-2026-07-27;syndication=syndication-v1.0-2026-07-26
NEWS-guardian_api-25a8dee545c7,SCC-2021-05,guardian_api,no_version_candidates,,,2021-03-23,date_only_no_time,usable,,not_available_in_v1_layer,2026-07-22T21:10:33+00:00,,2026-07-22T21:10:33+00:00,confirmed_available_at,2026-07-22T21:10:33+00:00,2021-03-23,2026-07-22T21:10:33+00:00,yes_publication_claim_only,yes_publication_claim_only,no,no,no,no,,version-link-v1.0-2026-07-26,layer=normalised-text-v1_provisional;pairs=near-dup-v1.0-2026-07-26;url=url-canon-v1.0-2026-07-27;syndication=syndication-v1.0-2026-07-26
NEWS-guardian_api-25cad385851f,SCC-2013-05,guardian_api,no_version_candidates,,,2012-11-20,date_only_no_time,usable,,not_available_in_v1_layer,2026-07-22T21:09:02+00:00,,2026-07-22T21:09:02+00:00,confirmed_available_at,2026-07-22T21:09:02+00:00,2012-11-20,2026-07-22T21:09:02+00:00,yes_publication_claim_only,no,no,no,no,no,,version-link-v1.0-2026-07-26,layer=normalised-text-v1_provisional;pairs=near-dup-v1.0-2026-07-26;url=url-canon-v1.0-2026-07-27;syndication=syndication-v1.0-2026-07-26
NEWS-guardian_api-25d8bc3057bb,ESWS-2026-05,guardian_api,no_version_candidates,,,2026-02-15,date_only_no_time,usable,,not_available_in_v1_layer,2026-07-22T21:08:18+00:00,,2026-07-22T21:08:18+00:00,confirmed_available_at,2026-07-22T21:08:18+00:00,2026-02-15,2026-07-22T21:08:18+00:00,yes_publication_claim_only,yes_publication_claim_only,no,no,no,no,,version-link-v1.0-2026-07-26,layer=normalised-text-v1_provisional;pairs=near-dup-v1.0-2026-07-26;url=url-canon-v1.0-2026-07-27;syndication=syndication-v1.0-2026-07-26
NEWS-guardian_api-25e4ba829f70,ESWS-2026-05,guardian_api,no_version_candidates,,,2025-11-11,date_only_no_time,usable,,not_available_in_v1_layer,2026-07-22T21:07:52+00:00,,2026-07-22T21:07:52+00:00,confirmed_available_at,2026-07-22T21:07:52+00:00,2025-11-11,2026-07-22T21:07:52+00:00,yes_publication_claim_only,no,no,no,no,no,,version-link-v1.0-2026-07-26,layer=normalised-text-v1_provisional;pairs=near-dup-v1.0-2026-07-26;url=url-canon-v1.0-2026-07-27;syndication=syndication-v1.0-2026-07-26
NEWS-guardian_api-262819560ba7,SCC-2013-05,guardian_api,no_version_candidates,,,2012-11-12,date_only_no_time,usable,,not_available_in_v1_layer,2026-07-22T21:08:47+00:00,,2026-07-22T21:08:47+00:00,confirmed_available_at,2026-07-22T21:08:47+00:00,2012-11-12,2026-07-22T21:08:47+00:00,yes_publication_claim_only,no,no,no,no,no,,version-link-v1.0-2026-07-26,layer=normalised-text-v1_provisional;pairs=near-dup-v1.0-2026-07-26;url=url-canon-v1.0-2026-07-27;syndication=syndication-v1.0-2026-07-26
NEWS-guardian_api-262d76e11580,SCC-2013-05,guardian_api,no_version_candidates,,,2012-11-20,date_only_no_time,usable,,not_available_in_v1_layer,2026-07-22T21:09:02+00:00,,2026-07-22T21:09:02+00:00,confirmed_available_at,2026-07-22T21:09:02+00:00,2012-11-20,2026-07-22T21:09:02+00:00,yes_publication_claim_only,no,no,no,no,no,,version-link-v1.0-2026-07-26,layer=normalised-text-v1_provisional;pairs=near-dup-v1.0-2026-07-26;url=url-canon-v1.0-2026-07-27;syndication=syndication-v1.0-2026-07-26
NEWS-guardian_api-2672adad2146,SCC-2021-05,guardian_api,no_version_candidates,,,2021-01-14,date_only_no_time,usable,,not_available_in_v1_layer,2026-07-22T21:10:32+00:00,,2026-07-22T21:10:32+00:00,confirmed_available_at,2026-07-22T21:10:32+00:00,2021-01-14,2026-07-22T21:10:32+00:00,yes_publication_claim_only,no,no,no,no,no,,version-link-v1.0-2026-07-26,layer=normalised-text-v1_provisional;pairs=near-dup-v1.0-2026-07-26;url=url-canon-v1.0-2026-07-27;syndication=syndication-v1.0-2026-07-26
NEWS-guardian_api-2674a0517edb,SCC-2013-05,guardian_api,no_version_candidates,,,2012-11-11,date_only_no_time,usable,,not_available_in_v1_layer,2026-07-22T21:08:47+00:00,,2026-07-22T21:08:47+00:00,confirmed_available_at,2026-07-22T21:08:47+00:00,2012-11-11,2026-07-22T21:08:47+00:00,yes_publication_claim_only,no,no,no,no,no,,version-link-v1.0-2026-07-26,layer=normalised-text-v1_provisional;pairs=near-dup-v1.0-2026-07-26;url=url-canon-v1.0-2026-07-27;syndication=syndication-v1.0-2026-07-26
NEWS-guardian_api-26998343d44f,SCC-2013-05,guardian_api,no_version_candidates,,,2013-02-03,date_only_no_time,usable,,not_available_in_v1_layer,2026-07-22T21:08:38+00:00,,2026-07-22T21:08:38+00:00,confirmed_available_at,2026-07-22T21:08:38+00:00,2013-02-03,2026-07-22T21:08:38+00:00,yes_publication_claim_only,yes_publication_claim_only,no,no,no,no,,version-link-v1.0-2026-07-26,layer=normalised-text-v1_provisional;pairs=near-dup-v1.0-2026-07-26;url=url-canon-v1.0-2026-07-27;syndication=syndication-v1.0-2026-07-26
NEWS-guardian_api-26ba21e37cd1,SCC-2013-05,guardian_api,no_version_candidates,,,2012-11-29,date_only_no_time,usable,,not_available_in_v1_layer,2026-07-22T21:08:31+00:00,,2026-07-22T21:08:31+00:00,confirmed_available_at,2026-07-22T21:08:31+00:00,2012-11-29,2026-07-22T21:08:31+00:00,yes_publication_claim_only,no,no,no,no,no,,version-link-v1.0-2026-07-26,layer=normalised-text-v1_provisional;pairs=near-dup-v1.0-2026-07-26;url=url-canon-v1.0-2026-07-27;syndication=syndication-v1.0-2026-07-26
NEWS-guardian_api-26f2136b5e3c,SCC-2013-05,guardian_api,no_version_candidates,,,2013-01-09,date_only_no_time,usable,,not_available_in_v1_layer,2026-07-22T21:08:34+00:00,,2026-07-22T21:08:34+00:00,confirmed_available_at,2026-07-22T21:08:34+00:00,2013-01-09,2026-07-22T21:08:34+00:00,yes_publication_claim_only,no,no,no,no,no,,version-link-v1.0-2026-07-26,layer=normalised-text-v1_provisional;pairs=near-dup-v1.0-2026-07-26;url=url-canon-v1.0-2026-07-27;syndication=syndication-v1.0-2026-07-26
NEWS-guardian_api-2749f83aafeb,ESWS-2026-05,guardian_api,no_version_candidates,,,2025-12-09,date_only_no_time,usable,,not_available_in_v1_layer,2026-07-22T21:08:10+00:00,,2026-07-22T21:08:10+00:00,confirmed_available_at,2026-07-22T21:08:10+00:00,2025-12-09,2026-07-22T21:08:10+00:00,yes_publication_claim_only,no,no,no,no,no,,version-link-v1.0-2026-07-26,layer=normalised-text-v1_provisional;pairs=near-dup-v1.0-2026-07-26;url=url-canon-v1.0-2026-07-27;syndication=syndication-v1.0-2026-07-26
NEWS-guardian_api-27a3613ea62e,SCC-2013-05,guardian_api,no_version_candidates,,,2012-12-04,date_only_no_time,usable,,not_available_in_v1_layer,2026-07-22T21:08:55+00:00,,2026-07-22T21:08:55+00:00,confirmed_available_at,2026-07-22T21:08:55+00:00,2012-12-04,2026-07-22T21:08:55+00:00,yes_publication_claim_only,no,no,no,no,no,,version-link-v1.0-2026-07-26,layer=normalised-text-v1_provisional;pairs=near-dup-v1.0-2026-07-26;url=url-canon-v1.0-2026-07-27;syndication=syndication-v1.0-2026-07-26
NEWS-guardian_api-27a4726b48d1,ESWS-2026-05,guardian_api,no_version_candidates,,,2025-11-09,date_only_no_time,usable,,not_available_in_v1_layer,2026-07-22T21:08:02+00:00,,2026-07-22T21:08:02+00:00,confirmed_available_at,2026-07-22T21:08:02+00:00,2025-11-09,2026-07-22T21:08:02+00:00,yes_publication_claim_only,no,no,no,no,no,,version-link-v1.0-2026-07-26,layer=normalised-text-v1_provisional;pairs=near-dup-v1.0-2026-07-26;url=url-canon-v1.0-2026-07-27;syndication=syndication-v1.0-2026-07-26
NEWS-guardian_api-280a8747dc0a,SCC-2013-05,guardian_api,no_version_candidates,,,2012-11-15,date_only_no_time,usable,,not_available_in_v1_layer,2026-07-22T21:08:30+00:00,,2026-07-22T21:08:30+00:00,confirmed_available_at,2026-07-22T21:08:30+00:00,2012-11-15,2026-07-22T21:08:30+00:00,yes_publication_claim_only,no,no,no,no,no,,version-link-v1.0-2026-07-26,layer=normalised-text-v1_provisional;pairs=near-dup-v1.0-2026-07-26;url=url-canon-v1.0-2026-07-27;syndication=syndication-v1.0-2026-07-26
NEWS-guardian_api-2866cc81872c,SCC-2017-05,guardian_api,no_version_candidates,,,2016-11-11,date_only_no_time,usable,,not_available_in_v1_layer,2026-07-22T21:09:32+00:00,,2026-07-22T21:09:32+00:00,confirmed_available_at,2026-07-22T21:09:32+00:00,2016-11-11,2026-07-22T21:09:32+00:00,yes_publication_claim_only,no,no,no,no,no,,version-link-v1.0-2026-07-26,layer=normalised-text-v1_provisional;pairs=near-dup-v1.0-2026-07-26;url=url-canon-v1.0-2026-07-27;syndication=syndication-v1.0-2026-07-26
NEWS-guardian_api-286f09732b28,SCC-2017-05,guardian_api,no_version_candidates,,,2016-11-09,date_only_no_time,usable,,not_available_in_v1_layer,2026-07-22T21:09:32+00:00,,2026-07-22T21:09:32+00:00,confirmed_available_at,2026-07-22T21:09:32+00:00,2016-11-09,2026-07-22T21:09:32+00:00,yes_publication_claim_only,no,no,no,no,no,,version-link-v1.0-2026-07-26,layer=normalised-text-v1_provisional;pairs=near-dup-v1.0-2026-07-26;url=url-canon-v1.0-2026-07-27;syndication=syndication-v1.0-2026-07-26
NEWS-guardian_api-28b10a634055,SCC-2017-05,guardian_api,no_version_candidates,,,2017-01-20,date_only_no_time,usable,,not_available_in_v1_layer,2026-07-22T21:09:22+00:00,,2026-07-22T21:09:22+00:00,confirmed_available_at,2026-07-22T21:09:22+00:00,2017-01-20,2026-07-22T21:09:22+00:00,yes_publication_claim_only,no,no,no,no,no,,version-link-v1.0-2026-07-26,layer=normalised-text-v1_provisional;pairs=near-dup-v1.0-2026-07-26;url=url-canon-v1.0-2026-07-27;syndication=syndication-v1.0-2026-07-26
NEWS-guardian_api-28ccef161fc2,SCC-2017-05,guardian_api,no_version_candidates,,,2016-11-22,date_only_no_time,usable,,not_available_in_v1_layer,2026-07-22T21:09:15+00:00,,2026-07-22T21:09:15+00:00,confirmed_available_at,2026-07-22T21:09:15+00:00,2016-11-22,2026-07-22T21:09:15+00:00,yes_publication_claim_only,no,no,no,no,no,,version-link-v1.0-2026-07-26,layer=normalised-text-v1_provisional;pairs=near-dup-v1.0-2026-07-26;url=url-canon-v1.0-2026-07-27;syndication=syndication-v1.0-2026-07-26
NEWS-guardian_api-28e78437bd7f,SCC-2017-05,guardian_api,no_version_candidates,,,2017-01-25,date_only_no_time,usable,,not_available_in_v1_layer,2026-07-22T21:09:22+00:00,,2026-07-22T21:09:22+00:00,confirmed_available_at,2026-07-22T21:09:22+00:00,2017-01-25,2026-07-22T21:09:22+00:00,yes_publication_claim_only,no,no,no,no,no,,version-link-v1.0-2026-07-26,layer=normalised-text-v1_provisional;pairs=near-dup-v1.0-2026-07-26;url=url-canon-v1.0-2026-07-27;syndication=syndication-v1.0-2026-07-26
NEWS-guardian_api-28e7b49be99c,SCC-2013-05,guardian_api,no_version_candidates,,,2012-12-13,date_only_no_time,usable,,not_available_in_v1_layer,2026-07-22T21:09:02+00:00,,2026-07-22T21:09:02+00:00,confirmed_available_at,2026-07-22T21:09:02+00:00,2012-12-13,2026-07-22T21:09:02+00:00,yes_publication_claim_only,no,no,no,no,no,,version-link-v1.0-2026-07-26,layer=normalised-text-v1_provisional;pairs=near-dup-v1.0-2026-07-26;url=url-canon-v1.0-2026-07-27;syndication=syndication-v1.0-2026-07-26
NEWS-guardian_api-29455b250974,ESWS-2026-05,guardian_api,no_version_candidates,,,2025-11-19,date_only_no_time,usable,,not_available_in_v1_layer,2026-07-22T21:07:44+00:00,,2026-07-22T21:07:44+00:00,confirmed_available_at,2026-07-22T21:07:44+00:00,2025-11-19,2026-07-22T21:07:44+00:00,yes_publication_claim_only,no,no,no,no,no,,version-link-v1.0-2026-07-26,layer=normalised-text-v1_provisional;pairs=near-dup-v1.0-2026-07-26;url=url-canon-v1.0-2026-07-27;syndication=syndication-v1.0-2026-07-26
NEWS-guardian_api-295601e663e9,SCC-2021-05,guardian_api,no_version_candidates,,,2021-01-24,date_only_no_time,usable,,not_available_in_v1_layer,2026-07-22T21:10:32+00:00,,2026-07-22T21:10:32+00:00,confirmed_available_at,2026-07-22T21:10:32+00:00,2021-01-24,2026-07-22T21:10:32+00:00,yes_publication_claim_only,no,no,no,no,no,,version-link-v1.0-2026-07-26,layer=normalised-text-v1_provisional;pairs=near-dup-v1.0-2026-07-26;url=url-canon-v1.0-2026-07-27;syndication=syndication-v1.0-2026-07-26
NEWS-guardian_api-2956ed240e8c,SCC-2013-05,guardian_api,no_version_candidates,,,2012-11-13,date_only_no_time,usable,,not_available_in_v1_layer,2026-07-22T21:08:47+00:00,,2026-07-22T21:08:47+00:00,confirmed_available_at,2026-07-22T21:08:47+00:00,2012-11-13,2026-07-22T21:08:47+00:00,yes_publication_claim_only,no,no,no,no,no,,version-link-v1.0-2026-07-26,layer=normalised-text-v1_provisional;pairs=near-dup-v1.0-2026-07-26;url=url-canon-v1.0-2026-07-27;syndication=syndication-v1.0-2026-07-26
NEWS-guardian_api-298232982f9f,SCC-2013-05,guardian_api,no_version_candidates,,,2013-01-28,date_only_no_time,usable,,not_available_in_v1_layer,2026-07-22T21:09:02+00:00,,2026-07-22T21:09:02+00:00,confirmed_available_at,2026-07-22T21:09:02+00:00,2013-01-28,2026-07-22T21:09:02+00:00,yes_publication_claim_only,no,no,no,no,no,,version-link-v1.0-2026-07-26,layer=normalised-text-v1_provisional;pairs=near-dup-v1.0-2026-07-26;url=url-canon-v1.0-2026-07-27;syndication=syndication-v1.0-2026-07-26
NEWS-guardian_api-299f68788499,SCC-2013-05,guardian_api,no_version_candidates,,,2012-12-19,date_only_no_time,usable,,not_available_in_v1_layer,2026-07-22T21:08:42+00:00,,2026-07-22T21:08:42+00:00,confirmed_available_at,2026-07-22T21:08:42+00:00,2012-12-19,2026-07-22T21:08:42+00:00,yes_publication_claim_only,no,no,no,no,no,,version-link-v1.0-2026-07-26,layer=normalised-text-v1_provisional;pairs=near-dup-v1.0-2026-07-26;url=url-canon-v1.0-2026-07-27;syndication=syndication-v1.0-2026-07-26
NEWS-guardian_api-29c0d67ef558,SCC-2017-05,guardian_api,no_version_candidates,,,2016-11-09,date_only_no_time,usable,,not_available_in_v1_layer,2026-07-22T21:09:15+00:00,,2026-07-22T21:09:15+00:00,confirmed_available_at,2026-07-22T21:09:15+00:00,2016-11-09,2026-07-22T21:09:15+00:00,yes_publication_claim_only,no,no,no,no,no,,version-link-v1.0-2026-07-26,layer=normalised-text-v1_provisional;pairs=near-dup-v1.0-2026-07-26;url=url-canon-v1.0-2026-07-27;syndication=syndication-v1.0-2026-07-26
NEWS-guardian_api-29eba5935c3b,SCC-2017-05,guardian_api,no_version_candidates,,,2016-11-17,date_only_no_time,usable,,not_available_in_v1_layer,2026-07-22T21:09:15+00:00,,2026-07-22T21:09:15+00:00,confirmed_available_at,2026-07-22T21:09:15+00:00,2016-11-17,2026-07-22T21:09:15+00:00,yes_publication_claim_only,no,no,no,no,no,,version-link-v1.0-2026-07-26,layer=normalised-text-v1_provisional;pairs=near-dup-v1.0-2026-07-26;url=url-canon-v1.0-2026-07-27;syndication=syndication-v1.0-2026-07-26
NEWS-guardian_api-2a0f8bb8e199,ESWS-2026-05,guardian_api,no_version_candidates,,,2026-04-23,date_only_no_time,usable,,not_available_in_v1_layer,2026-07-22T21:07:58+00:00,,2026-07-22T21:07:58+00:00,confirmed_available_at,2026-07-22T21:07:58+00:00,2026-04-23,2026-07-22T21:07:58+00:00,yes_publication_claim_only,yes_publication_claim_only,yes_publication_claim_only,yes_publication_claim_only,no,no,,version-link-v1.0-2026-07-26,layer=normalised-text-v1_provisional;pairs=near-dup-v1.0-2026-07-26;url=url-canon-v1.0-2026-07-27;syndication=syndication-v1.0-2026-07-26
NEWS-guardian_api-2a12c8b546de,SCC-2013-05,guardian_api,no_version_candidates,,,2012-12-05,date_only_no_time,usable,,not_available_in_v1_layer,2026-07-22T21:08:55+00:00,,2026-07-22T21:08:55+00:00,confirmed_available_at,2026-07-22T21:08:55+00:00,2012-12-05,2026-07-22T21:08:55+00:00,yes_publication_claim_only,no,no,no,no,no,,version-link-v1.0-2026-07-26,layer=normalised-text-v1_provisional;pairs=near-dup-v1.0-2026-07-26;url=url-canon-v1.0-2026-07-27;syndication=syndication-v1.0-2026-07-26
NEWS-guardian_api-2a75b78a14ed,SCC-2017-05,guardian_api,no_version_candidates,,,2016-12-08,date_only_no_time,usable,,not_available_in_v1_layer,2026-07-22T21:09:39+00:00,,2026-07-22T21:09:39+00:00,confirmed_available_at,2026-07-22T21:09:39+00:00,2016-12-08,2026-07-22T21:09:39+00:00,yes_publication_claim_only,no,no,no,no,no,,version-link-v1.0-2026-07-26,layer=normalised-text-v1_provisional;pairs=near-dup-v1.0-2026-07-26;url=url-canon-v1.0-2026-07-27;syndication=syndication-v1.0-2026-07-26
NEWS-guardian_api-2a816f72cc03,SCC-2021-05,guardian_api,no_version_candidates,,,2020-11-13,date_only_no_time,usable,,not_available_in_v1_layer,2026-07-22T21:10:17+00:00,,2026-07-22T21:10:17+00:00,confirmed_available_at,2026-07-22T21:10:17+00:00,2020-11-13,2026-07-22T21:10:17+00:00,yes_publication_claim_only,no,no,no,no,no,,version-link-v1.0-2026-07-26,layer=normalised-text-v1_provisional;pairs=near-dup-v1.0-2026-07-26;url=url-canon-v1.0-2026-07-27;syndication=syndication-v1.0-2026-07-26
NEWS-guardian_api-2b66e5eb654d,SCC-2013-05,guardian_api,no_version_candidates,,,2013-01-06,date_only_no_time,usable,,not_available_in_v1_layer,2026-07-22T21:08:38+00:00,,2026-07-22T21:08:38+00:00,confirmed_available_at,2026-07-22T21:08:38+00:00,2013-01-06,2026-07-22T21:08:38+00:00,yes_publication_claim_only,no,no,no,no,no,,version-link-v1.0-2026-07-26,layer=normalised-text-v1_provisional;pairs=near-dup-v1.0-2026-07-26;url=url-canon-v1.0-2026-07-27;syndication=syndication-v1.0-2026-07-26
NEWS-guardian_api-2ba450e3935d,SCC-2017-05,guardian_api,no_version_candidates,,,2017-02-12,date_only_no_time,usable,,not_available_in_v1_layer,2026-07-22T21:09:23+00:00,,2026-07-22T21:09:23+00:00,confirmed_available_at,2026-07-22T21:09:23+00:00,2017-02-12,2026-07-22T21:09:23+00:00,yes_publication_claim_only,yes_publication_claim_only,no,no,no,no,,version-link-v1.0-2026-07-26,layer=normalised-text-v1_provisional;pairs=near-dup-v1.0-2026-07-26;url=url-canon-v1.0-2026-07-27;syndication=syndication-v1.0-2026-07-26
NEWS-guardian_api-2ba8b20149c1,SCC-2021-05,guardian_api,no_version_candidates,,,2021-02-21,date_only_no_time,usable,,not_available_in_v1_layer,2026-07-22T21:10:25+00:00,,2026-07-22T21:10:25+00:00,confirmed_available_at,2026-07-22T21:10:25+00:00,2021-02-21,2026-07-22T21:10:25+00:00,yes_publication_claim_only,yes_publication_claim_only,no,no,no,no,,version-link-v1.0-2026-07-26,layer=normalised-text-v1_provisional;pairs=near-dup-v1.0-2026-07-26;url=url-canon-v1.0-2026-07-27;syndication=syndication-v1.0-2026-07-26
NEWS-guardian_api-2baf2092fcf0,SCC-2021-05,guardian_api,no_version_candidates,,,2020-12-27,date_only_no_time,usable,,not_available_in_v1_layer,2026-07-22T21:10:03+00:00,,2026-07-22T21:10:03+00:00,confirmed_available_at,2026-07-22T21:10:03+00:00,2020-12-27,2026-07-22T21:10:03+00:00,yes_publication_claim_only,no,no,no,no,no,,version-link-v1.0-2026-07-26,layer=normalised-text-v1_provisional;pairs=near-dup-v1.0-2026-07-26;url=url-canon-v1.0-2026-07-27;syndication=syndication-v1.0-2026-07-26
NEWS-guardian_api-2bc26ae6b7ca,SCC-2017-05,guardian_api,no_version_candidates,,,2016-11-22,date_only_no_time,usable,,not_available_in_v1_layer,2026-07-22T21:09:15+00:00,,2026-07-22T21:09:15+00:00,confirmed_available_at,2026-07-22T21:09:15+00:00,2016-11-22,2026-07-22T21:09:15+00:00,yes_publication_claim_only,no,no,no,no,no,,version-link-v1.0-2026-07-26,layer=normalised-text-v1_provisional;pairs=near-dup-v1.0-2026-07-26;url=url-canon-v1.0-2026-07-27;syndication=syndication-v1.0-2026-07-26
NEWS-guardian_api-2bcf91562b68,SCC-2013-05,guardian_api,no_version_candidates,,,2012-11-16,date_only_no_time,usable,,not_available_in_v1_layer,2026-07-22T21:08:30+00:00,,2026-07-22T21:08:30+00:00,confirmed_available_at,2026-07-22T21:08:30+00:00,2012-11-16,2026-07-22T21:08:30+00:00,yes_publication_claim_only,no,no,no,no,no,,version-link-v1.0-2026-07-26,layer=normalised-text-v1_provisional;pairs=near-dup-v1.0-2026-07-26;url=url-canon-v1.0-2026-07-27;syndication=syndication-v1.0-2026-07-26
NEWS-guardian_api-2c1a1ecf0230,SCC-2021-05,guardian_api,no_version_candidates,,,2020-12-15,date_only_no_time,usable,,not_available_in_v1_layer,2026-07-22T21:10:25+00:00,,2026-07-22T21:10:25+00:00,confirmed_available_at,2026-07-22T21:10:25+00:00,2020-12-15,2026-07-22T21:10:25+00:00,yes_publication_claim_only,no,no,no,no,no,,version-link-v1.0-2026-07-26,layer=normalised-text-v1_provisional;pairs=near-dup-v1.0-2026-07-26;url=url-canon-v1.0-2026-07-27;syndication=syndication-v1.0-2026-07-26
NEWS-guardian_api-2c41daf0fe57,SCC-2021-05,guardian_api,no_version_candidates,,,2020-11-11,date_only_no_time,usable,,not_available_in_v1_layer,2026-07-22T21:10:17+00:00,,2026-07-22T21:10:17+00:00,confirmed_available_at,2026-07-22T21:10:17+00:00,2020-11-11,2026-07-22T21:10:17+00:00,yes_publication_claim_only,no,no,no,no,no,,version-link-v1.0-2026-07-26,layer=normalised-text-v1_provisional;pairs=near-dup-v1.0-2026-07-26;url=url-canon-v1.0-2026-07-27;syndication=syndication-v1.0-2026-07-26
NEWS-guardian_api-2cbef3c6175a,SCC-2017-05,guardian_api,no_version_candidates,,,2017-01-19,date_only_no_time,usable,,not_available_in_v1_layer,2026-07-22T21:09:26+00:00,,2026-07-22T21:09:26+00:00,confirmed_available_at,2026-07-22T21:09:26+00:00,2017-01-19,2026-07-22T21:09:26+00:00,yes_publication_claim_only,no,no,no,no,no,,version-link-v1.0-2026-07-26,layer=normalised-text-v1_provisional;pairs=near-dup-v1.0-2026-07-26;url=url-canon-v1.0-2026-07-27;syndication=syndication-v1.0-2026-07-26
NEWS-guardian_api-2d1b9199b41b,SCC-2021-05,guardian_api,no_version_candidates,,,2020-11-15,date_only_no_time,usable,,not_available_in_v1_layer,2026-07-22T21:10:32+00:00,,2026-07-22T21:10:32+00:00,confirmed_available_at,2026-07-22T21:10:32+00:00,2020-11-15,2026-07-22T21:10:32+00:00,yes_publication_claim_only,no,no,no,no,no,,version-link-v1.0-2026-07-26,layer=normalised-text-v1_provisional;pairs=near-dup-v1.0-2026-07-26;url=url-canon-v1.0-2026-07-27;syndication=syndication-v1.0-2026-07-26
NEWS-guardian_api-2d4086e29e83,SCC-2021-05,guardian_api,no_version_candidates,,,2020-12-10,date_only_no_time,usable,,not_available_in_v1_layer,2026-07-22T21:10:03+00:00,,2026-07-22T21:10:03+00:00,confirmed_available_at,2026-07-22T21:10:03+00:00,2020-12-10,2026-07-22T21:10:03+00:00,yes_publication_claim_only,no,no,no,no,no,,version-link-v1.0-2026-07-26,layer=normalised-text-v1_provisional;pairs=near-dup-v1.0-2026-07-26;url=url-canon-v1.0-2026-07-27;syndication=syndication-v1.0-2026-07-26
NEWS-guardian_api-2d5e86bbd2d5,SCC-2013-05,guardian_api,no_version_candidates,,,2012-12-19,date_only_no_time,usable,,not_available_in_v1_layer,2026-07-22T21:08:55+00:00,,2026-07-22T21:08:55+00:00,confirmed_available_at,2026-07-22T21:08:55+00:00,2012-12-19,2026-07-22T21:08:55+00:00,yes_publication_claim_only,no,no,no,no,no,,version-link-v1.0-2026-07-26,layer=normalised-text-v1_provisional;pairs=near-dup-v1.0-2026-07-26;url=url-canon-v1.0-2026-07-27;syndication=syndication-v1.0-2026-07-26
NEWS-guardian_api-2d7dce773538,ESWS-2026-05,guardian_api,no_version_candidates,,,2025-11-21,date_only_no_time,usable,,not_available_in_v1_layer,2026-07-22T21:08:18+00:00,,2026-07-22T21:08:18+00:00,confirmed_available_at,2026-07-22T21:08:18+00:00,2025-11-21,2026-07-22T21:08:18+00:00,yes_publication_claim_only,no,no,no,no,no,,version-link-v1.0-2026-07-26,layer=normalised-text-v1_provisional;pairs=near-dup-v1.0-2026-07-26;url=url-canon-v1.0-2026-07-27;syndication=syndication-v1.0-2026-07-26
NEWS-guardian_api-2d8f5fbda969,SCC-2013-05,guardian_api,no_version_candidates,,,2012-11-16,date_only_no_time,usable,,not_available_in_v1_layer,2026-07-22T21:08:30+00:00,,2026-07-22T21:08:30+00:00,confirmed_available_at,2026-07-22T21:08:30+00:00,2012-11-16,2026-07-22T21:08:30+00:00,yes_publication_claim_only,no,no,no,no,no,,version-link-v1.0-2026-07-26,layer=normalised-text-v1_provisional;pairs=near-dup-v1.0-2026-07-26;url=url-canon-v1.0-2026-07-27;syndication=syndication-v1.0-2026-07-26
NEWS-guardian_api-2e098bd757ab,SCC-2017-05,guardian_api,no_version_candidates,,,2017-01-25,date_only_no_time,usable,,not_available_in_v1_layer,2026-07-22T21:09:47+00:00,,2026-07-22T21:09:47+00:00,confirmed_available_at,2026-07-22T21:09:47+00:00,2017-01-25,2026-07-22T21:09:47+00:00,yes_publication_claim_only,no,no,no,no,no,,version-link-v1.0-2026-07-26,layer=normalised-text-v1_provisional;pairs=near-dup-v1.0-2026-07-26;url=url-canon-v1.0-2026-07-27;syndication=syndication-v1.0-2026-07-26
NEWS-guardian_api-2e10a5ea51e0,SCC-2017-05,guardian_api,no_version_candidates,,,2016-11-15,date_only_no_time,usable,,not_available_in_v1_layer,2026-07-22T21:09:39+00:00,,2026-07-22T21:09:39+00:00,confirmed_available_at,2026-07-22T21:09:39+00:00,2016-11-15,2026-07-22T21:09:39+00:00,yes_publication_claim_only,no,no,no,no,no,,version-link-v1.0-2026-07-26,layer=normalised-text-v1_provisional;pairs=near-dup-v1.0-2026-07-26;url=url-canon-v1.0-2026-07-27;syndication=syndication-v1.0-2026-07-26
NEWS-guardian_api-2e1a52b71793,SCC-2021-05,guardian_api,no_version_candidates,,,2021-01-13,date_only_no_time,usable,,not_available_in_v1_layer,2026-07-22T21:10:07+00:00,,2026-07-22T21:10:07+00:00,confirmed_available_at,2026-07-22T21:10:07+00:00,2021-01-13,2026-07-22T21:10:07+00:00,yes_publication_claim_only,no,no,no,no,no,,version-link-v1.0-2026-07-26,layer=normalised-text-v1_provisional;pairs=near-dup-v1.0-2026-07-26;url=url-canon-v1.0-2026-07-27;syndication=syndication-v1.0-2026-07-26
NEWS-guardian_api-2e4e0c320051,SCC-2013-05,guardian_api,no_version_candidates,,,2012-12-12,date_only_no_time,usable,,not_available_in_v1_layer,2026-07-22T21:08:55+00:00,,2026-07-22T21:08:55+00:00,confirmed_available_at,2026-07-22T21:08:55+00:00,2012-12-12,2026-07-22T21:08:55+00:00,yes_publication_claim_only,no,no,no,no,no,,version-link-v1.0-2026-07-26,layer=normalised-text-v1_provisional;pairs=near-dup-v1.0-2026-07-26;url=url-canon-v1.0-2026-07-27;syndication=syndication-v1.0-2026-07-26
NEWS-guardian_api-2e56df5c1cdf,SCC-2013-05,guardian_api,no_version_candidates,,,2013-02-05,date_only_no_time,usable,,not_available_in_v1_layer,2026-07-22T21:09:02+00:00,,2026-07-22T21:09:02+00:00,confirmed_available_at,2026-07-22T21:09:02+00:00,2013-02-05,2026-07-22T21:09:02+00:00,yes_publication_claim_only,yes_publication_claim_only,no,no,no,no,,version-link-v1.0-2026-07-26,layer=normalised-text-v1_provisional;pairs=near-dup-v1.0-2026-07-26;url=url-canon-v1.0-2026-07-27;syndication=syndication-v1.0-2026-07-26
NEWS-guardian_api-2ee298926c46,SCC-2013-05,guardian_api,no_version_candidates,,,2012-12-30,date_only_no_time,usable,,not_available_in_v1_layer,2026-07-22T21:08:34+00:00,,2026-07-22T21:08:34+00:00,confirmed_available_at,2026-07-22T21:08:34+00:00,2012-12-30,2026-07-22T21:08:34+00:00,yes_publication_claim_only,no,no,no,no,no,,version-link-v1.0-2026-07-26,layer=normalised-text-v1_provisional;pairs=near-dup-v1.0-2026-07-26;url=url-canon-v1.0-2026-07-27;syndication=syndication-v1.0-2026-07-26
NEWS-guardian_api-2ef2c7bd5536,SCC-2013-05,guardian_api,no_version_candidates,,,2012-11-30,date_only_no_time,usable,,not_available_in_v1_layer,2026-07-22T21:08:31+00:00,,2026-07-22T21:08:31+00:00,confirmed_available_at,2026-07-22T21:08:31+00:00,2012-11-30,2026-07-22T21:08:31+00:00,yes_publication_claim_only,no,no,no,no,no,,version-link-v1.0-2026-07-26,layer=normalised-text-v1_provisional;pairs=near-dup-v1.0-2026-07-26;url=url-canon-v1.0-2026-07-27;syndication=syndication-v1.0-2026-07-26
NEWS-guardian_api-2f592457e90e,ESWS-2026-05,guardian_api,no_version_candidates,,,2025-11-20,date_only_no_time,usable,,not_available_in_v1_layer,2026-07-22T21:07:44+00:00,,2026-07-22T21:07:44+00:00,confirmed_available_at,2026-07-22T21:07:44+00:00,2025-11-20,2026-07-22T21:07:44+00:00,yes_publication_claim_only,no,no,no,no,no,,version-link-v1.0-2026-07-26,layer=normalised-text-v1_provisional;pairs=near-dup-v1.0-2026-07-26;url=url-canon-v1.0-2026-07-27;syndication=syndication-v1.0-2026-07-26
NEWS-guardian_api-2f63a9511e92,SCC-2017-05,guardian_api,no_version_candidates,,,2017-02-14,date_only_no_time,usable,,not_available_in_v1_layer,2026-07-22T21:09:23+00:00,,2026-07-22T21:09:23+00:00,confirmed_available_at,2026-07-22T21:09:23+00:00,2017-02-14,2026-07-22T21:09:23+00:00,yes_publication_claim_only,yes_publication_claim_only,no,no,no,no,,version-link-v1.0-2026-07-26,layer=normalised-text-v1_provisional;pairs=near-dup-v1.0-2026-07-26;url=url-canon-v1.0-2026-07-27;syndication=syndication-v1.0-2026-07-26
NEWS-guardian_api-2fbd80536e5a,SCC-2017-05,guardian_api,no_version_candidates,,,2016-11-19,date_only_no_time,usable,,not_available_in_v1_layer,2026-07-22T21:09:47+00:00,,2026-07-22T21:09:47+00:00,confirmed_available_at,2026-07-22T21:09:47+00:00,2016-11-19,2026-07-22T21:09:47+00:00,yes_publication_claim_only,no,no,no,no,no,,version-link-v1.0-2026-07-26,layer=normalised-text-v1_provisional;pairs=near-dup-v1.0-2026-07-26;url=url-canon-v1.0-2026-07-27;syndication=syndication-v1.0-2026-07-26
NEWS-guardian_api-2fcab156b766,SCC-2013-05,guardian_api,no_version_candidates,,,2012-11-04,date_only_no_time,usable,,not_available_in_v1_layer,2026-07-22T21:08:51+00:00,,2026-07-22T21:08:51+00:00,confirmed_available_at,2026-07-22T21:08:51+00:00,2012-11-04,2026-07-22T21:08:51+00:00,yes_publication_claim_only,no,no,no,no,no,,version-link-v1.0-2026-07-26,layer=normalised-text-v1_provisional;pairs=near-dup-v1.0-2026-07-26;url=url-canon-v1.0-2026-07-27;syndication=syndication-v1.0-2026-07-26
NEWS-guardian_api-300b010663fc,SCC-2013-05,guardian_api,no_version_candidates,,,2012-11-12,date_only_no_time,usable,,not_available_in_v1_layer,2026-07-22T21:08:38+00:00,,2026-07-22T21:08:38+00:00,confirmed_available_at,2026-07-22T21:08:38+00:00,2012-11-12,2026-07-22T21:08:38+00:00,yes_publication_claim_only,no,no,no,no,no,,version-link-v1.0-2026-07-26,layer=normalised-text-v1_provisional;pairs=near-dup-v1.0-2026-07-26;url=url-canon-v1.0-2026-07-27;syndication=syndication-v1.0-2026-07-26
NEWS-guardian_api-301d786bbb5e,SCC-2017-05,guardian_api,no_version_candidates,,,2017-02-15,date_only_no_time,usable,,not_available_in_v1_layer,2026-07-22T21:09:23+00:00,,2026-07-22T21:09:23+00:00,confirmed_available_at,2026-07-22T21:09:23+00:00,2017-02-15,2026-07-22T21:09:23+00:00,yes_publication_claim_only,yes_publication_claim_only,no,no,no,no,,version-link-v1.0-2026-07-26,layer=normalised-text-v1_provisional;pairs=near-dup-v1.0-2026-07-26;url=url-canon-v1.0-2026-07-27;syndication=syndication-v1.0-2026-07-26
NEWS-guardian_api-309df5503535,ESWS-2026-05,guardian_api,no_version_candidates,,,2026-04-01,date_only_no_time,usable,,not_available_in_v1_layer,2026-07-22T21:08:18+00:00,,2026-07-22T21:08:18+00:00,confirmed_available_at,2026-07-22T21:08:18+00:00,2026-04-01,2026-07-22T21:08:18+00:00,yes_publication_claim_only,yes_publication_claim_only,no,no,no,no,,version-link-v1.0-2026-07-26,layer=normalised-text-v1_provisional;pairs=near-dup-v1.0-2026-07-26;url=url-canon-v1.0-2026-07-27;syndication=syndication-v1.0-2026-07-26
NEWS-guardian_api-30ab66638ffd,SCC-2017-05,guardian_api,no_version_candidates,,,2017-01-27,date_only_no_time,usable,,not_available_in_v1_layer,2026-07-22T21:09:22+00:00,,2026-07-22T21:09:22+00:00,confirmed_available_at,2026-07-22T21:09:22+00:00,2017-01-27,2026-07-22T21:09:22+00:00,yes_publication_claim_only,no,no,no,no,no,,version-link-v1.0-2026-07-26,layer=normalised-text-v1_provisional;pairs=near-dup-v1.0-2026-07-26;url=url-canon-v1.0-2026-07-27;syndication=syndication-v1.0-2026-07-26
NEWS-guardian_api-30fc29506855,SCC-2017-05,guardian_api,no_version_candidates,,,2016-11-20,date_only_no_time,usable,,not_available_in_v1_layer,2026-07-22T21:09:15+00:00,,2026-07-22T21:09:15+00:00,confirmed_available_at,2026-07-22T21:09:15+00:00,2016-11-20,2026-07-22T21:09:15+00:00,yes_publication_claim_only,no,no,no,no,no,,version-link-v1.0-2026-07-26,layer=normalised-text-v1_provisional;pairs=near-dup-v1.0-2026-07-26;url=url-canon-v1.0-2026-07-27;syndication=syndication-v1.0-2026-07-26
NEWS-guardian_api-310b27cfd9d9,ESWS-2026-05,guardian_api,no_version_candidates,,,2025-11-08,date_only_no_time,usable,,not_available_in_v1_layer,2026-07-22T21:08:02+00:00,,2026-07-22T21:08:02+00:00,confirmed_available_at,2026-07-22T21:08:02+00:00,2025-11-08,2026-07-22T21:08:02+00:00,yes_publication_claim_only,no,no,no,no,no,,version-link-v1.0-2026-07-26,layer=normalised-text-v1_provisional;pairs=near-dup-v1.0-2026-07-26;url=url-canon-v1.0-2026-07-27;syndication=syndication-v1.0-2026-07-26
NEWS-guardian_api-311073705b44,SCC-2013-05,guardian_api,no_version_candidates,,,2012-11-25,date_only_no_time,usable,,not_available_in_v1_layer,2026-07-22T21:08:30+00:00,,2026-07-22T21:08:30+00:00,confirmed_available_at,2026-07-22T21:08:30+00:00,2012-11-25,2026-07-22T21:08:30+00:00,yes_publication_claim_only,no,no,no,no,no,,version-link-v1.0-2026-07-26,layer=normalised-text-v1_provisional;pairs=near-dup-v1.0-2026-07-26;url=url-canon-v1.0-2026-07-27;syndication=syndication-v1.0-2026-07-26
NEWS-guardian_api-31747e44eca5,SCC-2017-05,guardian_api,no_version_candidates,,,2016-11-16,date_only_no_time,usable,,not_available_in_v1_layer,2026-07-22T21:09:15+00:00,,2026-07-22T21:09:15+00:00,confirmed_available_at,2026-07-22T21:09:15+00:00,2016-11-16,2026-07-22T21:09:15+00:00,yes_publication_claim_only,no,no,no,no,no,,version-link-v1.0-2026-07-26,layer=normalised-text-v1_provisional;pairs=near-dup-v1.0-2026-07-26;url=url-canon-v1.0-2026-07-27;syndication=syndication-v1.0-2026-07-26
NEWS-guardian_api-3184c9c8b6cf,SCC-2017-05,guardian_api,no_version_candidates,,,2017-01-14,date_only_no_time,usable,,not_available_in_v1_layer,2026-07-22T21:09:47+00:00,,2026-07-22T21:09:47+00:00,confirmed_available_at,2026-07-22T21:09:47+00:00,2017-01-14,2026-07-22T21:09:47+00:00,yes_publication_claim_only,no,no,no,no,no,,version-link-v1.0-2026-07-26,layer=normalised-text-v1_provisional;pairs=near-dup-v1.0-2026-07-26;url=url-canon-v1.0-2026-07-27;syndication=syndication-v1.0-2026-07-26
NEWS-guardian_api-31acdffba469,SCC-2013-05,guardian_api,no_version_candidates,,,2012-11-21,date_only_no_time,usable,,not_available_in_v1_layer,2026-07-22T21:09:02+00:00,,2026-07-22T21:09:02+00:00,confirmed_available_at,2026-07-22T21:09:02+00:00,2012-11-21,2026-07-22T21:09:02+00:00,yes_publication_claim_only,no,no,no,no,no,,version-link-v1.0-2026-07-26,layer=normalised-text-v1_provisional;pairs=near-dup-v1.0-2026-07-26;url=url-canon-v1.0-2026-07-27;syndication=syndication-v1.0-2026-07-26
NEWS-guardian_api-31fb4fa00a1f,SCC-2021-05,guardian_api,no_version_candidates,,,2021-03-10,date_only_no_time,usable,,not_available_in_v1_layer,2026-07-22T21:10:33+00:00,,2026-07-22T21:10:33+00:00,confirmed_available_at,2026-07-22T21:10:33+00:00,2021-03-10,2026-07-22T21:10:33+00:00,yes_publication_claim_only,yes_publication_claim_only,no,no,no,no,,version-link-v1.0-2026-07-26,layer=normalised-text-v1_provisional;pairs=near-dup-v1.0-2026-07-26;url=url-canon-v1.0-2026-07-27;syndication=syndication-v1.0-2026-07-26
NEWS-guardian_api-31fe0623c12d,ESWS-2026-05,guardian_api,no_version_candidates,,,2026-02-19,date_only_no_time,usable,,not_available_in_v1_layer,2026-07-22T21:08:10+00:00,,2026-07-22T21:08:10+00:00,confirmed_available_at,2026-07-22T21:08:10+00:00,2026-02-19,2026-07-22T21:08:10+00:00,yes_publication_claim_only,yes_publication_claim_only,no,no,no,no,,version-link-v1.0-2026-07-26,layer=normalised-text-v1_provisional;pairs=near-dup-v1.0-2026-07-26;url=url-canon-v1.0-2026-07-27;syndication=syndication-v1.0-2026-07-26
NEWS-guardian_api-32033f7c83ff,SCC-2013-05,guardian_api,no_version_candidates,,,2013-01-10,date_only_no_time,usable,,not_available_in_v1_layer,2026-07-22T21:08:38+00:00,,2026-07-22T21:08:38+00:00,confirmed_available_at,2026-07-22T21:08:38+00:00,2013-01-10,2026-07-22T21:08:38+00:00,yes_publication_claim_only,no,no,no,no,no,,version-link-v1.0-2026-07-26,layer=normalised-text-v1_provisional;pairs=near-dup-v1.0-2026-07-26;url=url-canon-v1.0-2026-07-27;syndication=syndication-v1.0-2026-07-26
NEWS-guardian_api-321baf4efc05,SCC-2013-05,guardian_api,no_version_candidates,,,2012-11-06,date_only_no_time,usable,,not_available_in_v1_layer,2026-07-22T21:08:30+00:00,,2026-07-22T21:08:30+00:00,confirmed_available_at,2026-07-22T21:08:30+00:00,2012-11-06,2026-07-22T21:08:30+00:00,yes_publication_claim_only,no,no,no,no,no,,version-link-v1.0-2026-07-26,layer=normalised-text-v1_provisional;pairs=near-dup-v1.0-2026-07-26;url=url-canon-v1.0-2026-07-27;syndication=syndication-v1.0-2026-07-26
NEWS-guardian_api-3262f2ae3333,SCC-2013-05,guardian_api,no_version_candidates,,,2012-12-17,date_only_no_time,usable,,not_available_in_v1_layer,2026-07-22T21:08:34+00:00,,2026-07-22T21:08:34+00:00,confirmed_available_at,2026-07-22T21:08:34+00:00,2012-12-17,2026-07-22T21:08:34+00:00,yes_publication_claim_only,no,no,no,no,no,,version-link-v1.0-2026-07-26,layer=normalised-text-v1_provisional;pairs=near-dup-v1.0-2026-07-26;url=url-canon-v1.0-2026-07-27;syndication=syndication-v1.0-2026-07-26
NEWS-guardian_api-32652e99bc22,ESWS-2026-05,guardian_api,no_version_candidates,,,2025-11-08,date_only_no_time,usable,,not_available_in_v1_layer,2026-07-22T21:08:06+00:00,,2026-07-22T21:08:06+00:00,confirmed_available_at,2026-07-22T21:08:06+00:00,2025-11-08,2026-07-22T21:08:06+00:00,yes_publication_claim_only,no,no,no,no,no,,version-link-v1.0-2026-07-26,layer=normalised-text-v1_provisional;pairs=near-dup-v1.0-2026-07-26;url=url-canon-v1.0-2026-07-27;syndication=syndication-v1.0-2026-07-26
NEWS-guardian_api-333a7d5d8d79,SCC-2017-05,guardian_api,no_version_candidates,,,2017-01-30,date_only_no_time,usable,,not_available_in_v1_layer,2026-07-22T21:09:47+00:00,,2026-07-22T21:09:47+00:00,confirmed_available_at,2026-07-22T21:09:47+00:00,2017-01-30,2026-07-22T21:09:47+00:00,yes_publication_claim_only,no,no,no,no,no,,version-link-v1.0-2026-07-26,layer=normalised-text-v1_provisional;pairs=near-dup-v1.0-2026-07-26;url=url-canon-v1.0-2026-07-27;syndication=syndication-v1.0-2026-07-26
NEWS-guardian_api-3340f088e697,SCC-2017-05,guardian_api,no_version_candidates,,,2016-11-05,date_only_no_time,usable,,not_available_in_v1_layer,2026-07-22T21:09:39+00:00,,2026-07-22T21:09:39+00:00,confirmed_available_at,2026-07-22T21:09:39+00:00,2016-11-05,2026-07-22T21:09:39+00:00,yes_publication_claim_only,no,no,no,no,no,,version-link-v1.0-2026-07-26,layer=normalised-text-v1_provisional;pairs=near-dup-v1.0-2026-07-26;url=url-canon-v1.0-2026-07-27;syndication=syndication-v1.0-2026-07-26
NEWS-guardian_api-3362c28f898a,SCC-2021-05,guardian_api,no_version_candidates,,,2021-02-11,date_only_no_time,usable,,not_available_in_v1_layer,2026-07-22T21:10:25+00:00,,2026-07-22T21:10:25+00:00,confirmed_available_at,2026-07-22T21:10:25+00:00,2021-02-11,2026-07-22T21:10:25+00:00,yes_publication_claim_only,yes_publication_claim_only,no,no,no,no,,version-link-v1.0-2026-07-26,layer=normalised-text-v1_provisional;pairs=near-dup-v1.0-2026-07-26;url=url-canon-v1.0-2026-07-27;syndication=syndication-v1.0-2026-07-26
NEWS-guardian_api-338b475ee86f,SCC-2013-05,guardian_api,no_version_candidates,,,2013-01-10,date_only_no_time,usable,,not_available_in_v1_layer,2026-07-22T21:08:38+00:00,,2026-07-22T21:08:38+00:00,confirmed_available_at,2026-07-22T21:08:38+00:00,2013-01-10,2026-07-22T21:08:38+00:00,yes_publication_claim_only,no,no,no,no,no,,version-link-v1.0-2026-07-26,layer=normalised-text-v1_provisional;pairs=near-dup-v1.0-2026-07-26;url=url-canon-v1.0-2026-07-27;syndication=syndication-v1.0-2026-07-26
NEWS-guardian_api-339b29620172,SCC-2021-05,guardian_api,no_version_candidates,,,2020-11-10,date_only_no_time,usable,,not_available_in_v1_layer,2026-07-22T21:10:17+00:00,,2026-07-22T21:10:17+00:00,confirmed_available_at,2026-07-22T21:10:17+00:00,2020-11-10,2026-07-22T21:10:17+00:00,yes_publication_claim_only,no,no,no,no,no,,version-link-v1.0-2026-07-26,layer=normalised-text-v1_provisional;pairs=near-dup-v1.0-2026-07-26;url=url-canon-v1.0-2026-07-27;syndication=syndication-v1.0-2026-07-26
NEWS-guardian_api-33baff35952a,SCC-2013-05,guardian_api,no_version_candidates,,,2012-11-03,date_only_no_time,usable,,not_available_in_v1_layer,2026-07-22T21:08:51+00:00,,2026-07-22T21:08:51+00:00,confirmed_available_at,2026-07-22T21:08:51+00:00,2012-11-03,2026-07-22T21:08:51+00:00,yes_publication_claim_only,no,no,no,no,no,,version-link-v1.0-2026-07-26,layer=normalised-text-v1_provisional;pairs=near-dup-v1.0-2026-07-26;url=url-canon-v1.0-2026-07-27;syndication=syndication-v1.0-2026-07-26
NEWS-guardian_api-33fde8b6d2bc,SCC-2017-05,guardian_api,no_version_candidates,,,2016-12-09,date_only_no_time,usable,,not_available_in_v1_layer,2026-07-22T21:09:19+00:00,,2026-07-22T21:09:19+00:00,confirmed_available_at,2026-07-22T21:09:19+00:00,2016-12-09,2026-07-22T21:09:19+00:00,yes_publication_claim_only,no,no,no,no,no,,version-link-v1.0-2026-07-26,layer=normalised-text-v1_provisional;pairs=near-dup-v1.0-2026-07-26;url=url-canon-v1.0-2026-07-27;syndication=syndication-v1.0-2026-07-26
NEWS-guardian_api-341410ade315,SCC-2017-05,guardian_api,no_version_candidates,,,2016-12-09,date_only_no_time,usable,,not_available_in_v1_layer,2026-07-22T21:09:19+00:00,,2026-07-22T21:09:19+00:00,confirmed_available_at,2026-07-22T21:09:19+00:00,2016-12-09,2026-07-22T21:09:19+00:00,yes_publication_claim_only,no,no,no,no,no,,version-link-v1.0-2026-07-26,layer=normalised-text-v1_provisional;pairs=near-dup-v1.0-2026-07-26;url=url-canon-v1.0-2026-07-27;syndication=syndication-v1.0-2026-07-26
NEWS-guardian_api-341686647e9a,SCC-2017-05,guardian_api,no_version_candidates,,,2016-11-24,date_only_no_time,usable,,not_available_in_v1_layer,2026-07-22T21:09:39+00:00,,2026-07-22T21:09:39+00:00,confirmed_available_at,2026-07-22T21:09:39+00:00,2016-11-24,2026-07-22T21:09:39+00:00,yes_publication_claim_only,no,no,no,no,no,,version-link-v1.0-2026-07-26,layer=normalised-text-v1_provisional;pairs=near-dup-v1.0-2026-07-26;url=url-canon-v1.0-2026-07-27;syndication=syndication-v1.0-2026-07-26
NEWS-guardian_api-3424740f5477,SCC-2017-05,guardian_api,no_version_candidates,,,2017-01-07,date_only_no_time,usable,,not_available_in_v1_layer,2026-07-22T21:09:40+00:00,,2026-07-22T21:09:40+00:00,confirmed_available_at,2026-07-22T21:09:40+00:00,2017-01-07,2026-07-22T21:09:40+00:00,yes_publication_claim_only,no,no,no,no,no,,version-link-v1.0-2026-07-26,layer=normalised-text-v1_provisional;pairs=near-dup-v1.0-2026-07-26;url=url-canon-v1.0-2026-07-27;syndication=syndication-v1.0-2026-07-26
NEWS-guardian_api-34881ec267e4,SCC-2021-05,guardian_api,no_version_candidates,,,2021-04-06,date_only_no_time,usable,,not_available_in_v1_layer,2026-07-22T21:09:58+00:00,,2026-07-22T21:09:58+00:00,confirmed_available_at,2026-07-22T21:09:58+00:00,2021-04-06,2026-07-22T21:09:58+00:00,yes_publication_claim_only,yes_publication_claim_only,yes_publication_claim_only,no,no,no,,version-link-v1.0-2026-07-26,layer=normalised-text-v1_provisional;pairs=near-dup-v1.0-2026-07-26;url=url-canon-v1.0-2026-07-27;syndication=syndication-v1.0-2026-07-26
NEWS-guardian_api-34913bb9ed19,SCC-2017-05,guardian_api,no_version_candidates,,,2017-02-24,date_only_no_time,usable,,not_available_in_v1_layer,2026-07-22T21:09:52+00:00,,2026-07-22T21:09:52+00:00,confirmed_available_at,2026-07-22T21:09:52+00:00,2017-02-24,2026-07-22T21:09:52+00:00,yes_publication_claim_only,yes_publication_claim_only,no,no,no,no,,version-link-v1.0-2026-07-26,layer=normalised-text-v1_provisional;pairs=near-dup-v1.0-2026-07-26;url=url-canon-v1.0-2026-07-27;syndication=syndication-v1.0-2026-07-26
NEWS-guardian_api-34e77f9bede6,SCC-2013-05,guardian_api,no_version_candidates,,,2012-12-21,date_only_no_time,usable,,not_available_in_v1_layer,2026-07-22T21:08:34+00:00,,2026-07-22T21:08:34+00:00,confirmed_available_at,2026-07-22T21:08:34+00:00,2012-12-21,2026-07-22T21:08:34+00:00,yes_publication_claim_only,no,no,no,no,no,,version-link-v1.0-2026-07-26,layer=normalised-text-v1_provisional;pairs=near-dup-v1.0-2026-07-26;url=url-canon-v1.0-2026-07-27;syndication=syndication-v1.0-2026-07-26
NEWS-guardian_api-34f37e7bd1a8,SCC-2013-05,guardian_api,no_version_candidates,,,2012-11-30,date_only_no_time,usable,,not_available_in_v1_layer,2026-07-22T21:08:31+00:00,,2026-07-22T21:08:31+00:00,confirmed_available_at,2026-07-22T21:08:31+00:00,2012-11-30,2026-07-22T21:08:31+00:00,yes_publication_claim_only,no,no,no,no,no,,version-link-v1.0-2026-07-26,layer=normalised-text-v1_provisional;pairs=near-dup-v1.0-2026-07-26;url=url-canon-v1.0-2026-07-27;syndication=syndication-v1.0-2026-07-26
NEWS-guardian_api-3535eec8d783,SCC-2021-05,guardian_api,no_version_candidates,,,2021-02-12,date_only_no_time,usable,,not_available_in_v1_layer,2026-07-22T21:10:25+00:00,,2026-07-22T21:10:25+00:00,confirmed_available_at,2026-07-22T21:10:25+00:00,2021-02-12,2026-07-22T21:10:25+00:00,yes_publication_claim_only,yes_publication_claim_only,no,no,no,no,,version-link-v1.0-2026-07-26,layer=normalised-text-v1_provisional;pairs=near-dup-v1.0-2026-07-26;url=url-canon-v1.0-2026-07-27;syndication=syndication-v1.0-2026-07-26
NEWS-guardian_api-357923286b1a,ESWS-2026-05,guardian_api,no_version_candidates,,,2025-11-21,date_only_no_time,usable,,not_available_in_v1_layer,2026-07-22T21:07:45+00:00,,2026-07-22T21:07:45+00:00,confirmed_available_at,2026-07-22T21:07:45+00:00,2025-11-21,2026-07-22T21:07:45+00:00,yes_publication_claim_only,no,no,no,no,no,,version-link-v1.0-2026-07-26,layer=normalised-text-v1_provisional;pairs=near-dup-v1.0-2026-07-26;url=url-canon-v1.0-2026-07-27;syndication=syndication-v1.0-2026-07-26
NEWS-guardian_api-357a822f274d,SCC-2017-05,guardian_api,no_version_candidates,,,2016-11-13,date_only_no_time,usable,,not_available_in_v1_layer,2026-07-22T21:09:15+00:00,,2026-07-22T21:09:15+00:00,confirmed_available_at,2026-07-22T21:09:15+00:00,2016-11-13,2026-07-22T21:09:15+00:00,yes_publication_claim_only,no,no,no,no,no,,version-link-v1.0-2026-07-26,layer=normalised-text-v1_provisional;pairs=near-dup-v1.0-2026-07-26;url=url-canon-v1.0-2026-07-27;syndication=syndication-v1.0-2026-07-26
NEWS-guardian_api-358b654e9c81,SCC-2013-05,guardian_api,no_version_candidates,,,2013-01-21,date_only_no_time,usable,,not_available_in_v1_layer,2026-07-22T21:08:34+00:00,,2026-07-22T21:08:34+00:00,confirmed_available_at,2026-07-22T21:08:34+00:00,2013-01-21,2026-07-22T21:08:34+00:00,yes_publication_claim_only,no,no,no,no,no,,version-link-v1.0-2026-07-26,layer=normalised-text-v1_provisional;pairs=near-dup-v1.0-2026-07-26;url=url-canon-v1.0-2026-07-27;syndication=syndication-v1.0-2026-07-26
NEWS-guardian_api-35a126c12be4,SCC-2013-05,guardian_api,no_version_candidates,,,2013-03-01,date_only_no_time,usable,,not_available_in_v1_layer,2026-07-22T21:09:07+00:00,,2026-07-22T21:09:07+00:00,confirmed_available_at,2026-07-22T21:09:07+00:00,2013-03-01,2026-07-22T21:09:07+00:00,yes_publication_claim_only,yes_publication_claim_only,no,no,no,no,,version-link-v1.0-2026-07-26,layer=normalised-text-v1_provisional;pairs=near-dup-v1.0-2026-07-26;url=url-canon-v1.0-2026-07-27;syndication=syndication-v1.0-2026-07-26
NEWS-guardian_api-35d19ccbeb01,SCC-2013-05,guardian_api,no_version_candidates,,,2012-11-06,date_only_no_time,usable,,not_available_in_v1_layer,2026-07-22T21:08:47+00:00,,2026-07-22T21:08:47+00:00,confirmed_available_at,2026-07-22T21:08:47+00:00,2012-11-06,2026-07-22T21:08:47+00:00,yes_publication_claim_only,no,no,no,no,no,,version-link-v1.0-2026-07-26,layer=normalised-text-v1_provisional;pairs=near-dup-v1.0-2026-07-26;url=url-canon-v1.0-2026-07-27;syndication=syndication-v1.0-2026-07-26
NEWS-guardian_api-368517c6a73b,SCC-2013-05,guardian_api,no_version_candidates,,,2012-11-04,date_only_no_time,usable,,not_available_in_v1_layer,2026-07-22T21:08:51+00:00,,2026-07-22T21:08:51+00:00,confirmed_available_at,2026-07-22T21:08:51+00:00,2012-11-04,2026-07-22T21:08:51+00:00,yes_publication_claim_only,no,no,no,no,no,,version-link-v1.0-2026-07-26,layer=normalised-text-v1_provisional;pairs=near-dup-v1.0-2026-07-26;url=url-canon-v1.0-2026-07-27;syndication=syndication-v1.0-2026-07-26
NEWS-guardian_api-36a07f240978,SCC-2021-05,guardian_api,no_version_candidates,,,2020-12-16,date_only_no_time,usable,,not_available_in_v1_layer,2026-07-22T21:10:25+00:00,,2026-07-22T21:10:25+00:00,confirmed_available_at,2026-07-22T21:10:25+00:00,2020-12-16,2026-07-22T21:10:25+00:00,yes_publication_claim_only,no,no,no,no,no,,version-link-v1.0-2026-07-26,layer=normalised-text-v1_provisional;pairs=near-dup-v1.0-2026-07-26;url=url-canon-v1.0-2026-07-27;syndication=syndication-v1.0-2026-07-26
NEWS-guardian_api-36d8a3e34cbd,SCC-2021-05,guardian_api,no_version_candidates,,,2020-11-24,date_only_no_time,usable,,not_available_in_v1_layer,2026-07-22T21:10:25+00:00,,2026-07-22T21:10:25+00:00,confirmed_available_at,2026-07-22T21:10:25+00:00,2020-11-24,2026-07-22T21:10:25+00:00,yes_publication_claim_only,no,no,no,no,no,,version-link-v1.0-2026-07-26,layer=normalised-text-v1_provisional;pairs=near-dup-v1.0-2026-07-26;url=url-canon-v1.0-2026-07-27;syndication=syndication-v1.0-2026-07-26
NEWS-guardian_api-3712f18c1326,SCC-2021-05,guardian_api,no_version_candidates,,,2021-03-18,date_only_no_time,usable,,not_available_in_v1_layer,2026-07-22T21:10:03+00:00,,2026-07-22T21:10:03+00:00,confirmed_available_at,2026-07-22T21:10:03+00:00,2021-03-18,2026-07-22T21:10:03+00:00,yes_publication_claim_only,yes_publication_claim_only,no,no,no,no,,version-link-v1.0-2026-07-26,layer=normalised-text-v1_provisional;pairs=near-dup-v1.0-2026-07-26;url=url-canon-v1.0-2026-07-27;syndication=syndication-v1.0-2026-07-26
NEWS-guardian_api-3727201e401d,ESWS-2026-05,guardian_api,no_version_candidates,,,2025-11-21,date_only_no_time,usable,,not_available_in_v1_layer,2026-07-22T21:07:45+00:00,,2026-07-22T21:07:45+00:00,confirmed_available_at,2026-07-22T21:07:45+00:00,2025-11-21,2026-07-22T21:07:45+00:00,yes_publication_claim_only,no,no,no,no,no,,version-link-v1.0-2026-07-26,layer=normalised-text-v1_provisional;pairs=near-dup-v1.0-2026-07-26;url=url-canon-v1.0-2026-07-27;syndication=syndication-v1.0-2026-07-26
NEWS-guardian_api-372ef82ba457,SCC-2021-05,guardian_api,no_version_candidates,,,2020-11-13,date_only_no_time,usable,,not_available_in_v1_layer,2026-07-22T21:10:17+00:00,,2026-07-22T21:10:17+00:00,confirmed_available_at,2026-07-22T21:10:17+00:00,2020-11-13,2026-07-22T21:10:17+00:00,yes_publication_claim_only,no,no,no,no,no,,version-link-v1.0-2026-07-26,layer=normalised-text-v1_provisional;pairs=near-dup-v1.0-2026-07-26;url=url-canon-v1.0-2026-07-27;syndication=syndication-v1.0-2026-07-26
NEWS-guardian_api-376aa69077dc,ESWS-2026-05,guardian_api,no_version_candidates,,,2025-11-29,date_only_no_time,usable,,not_available_in_v1_layer,2026-07-22T21:07:48+00:00,,2026-07-22T21:07:48+00:00,confirmed_available_at,2026-07-22T21:07:48+00:00,2025-11-29,2026-07-22T21:07:48+00:00,yes_publication_claim_only,no,no,no,no,no,,version-link-v1.0-2026-07-26,layer=normalised-text-v1_provisional;pairs=near-dup-v1.0-2026-07-26;url=url-canon-v1.0-2026-07-27;syndication=syndication-v1.0-2026-07-26
NEWS-guardian_api-377315c6cf92,SCC-2017-05,guardian_api,no_version_candidates,,,2017-01-07,date_only_no_time,usable,,not_available_in_v1_layer,2026-07-22T21:09:47+00:00,,2026-07-22T21:09:47+00:00,confirmed_available_at,2026-07-22T21:09:47+00:00,2017-01-07,2026-07-22T21:09:47+00:00,yes_publication_claim_only,no,no,no,no,no,,version-link-v1.0-2026-07-26,layer=normalised-text-v1_provisional;pairs=near-dup-v1.0-2026-07-26;url=url-canon-v1.0-2026-07-27;syndication=syndication-v1.0-2026-07-26
NEWS-guardian_api-377f76995658,SCC-2013-05,guardian_api,no_version_candidates,,,2012-11-04,date_only_no_time,usable,,not_available_in_v1_layer,2026-07-22T21:08:51+00:00,,2026-07-22T21:08:51+00:00,confirmed_available_at,2026-07-22T21:08:51+00:00,2012-11-04,2026-07-22T21:08:51+00:00,yes_publication_claim_only,no,no,no,no,no,,version-link-v1.0-2026-07-26,layer=normalised-text-v1_provisional;pairs=near-dup-v1.0-2026-07-26;url=url-canon-v1.0-2026-07-27;syndication=syndication-v1.0-2026-07-26
NEWS-guardian_api-37a39c8abd69,ESWS-2026-05,guardian_api,no_version_candidates,,,2025-11-16,date_only_no_time,usable,,not_available_in_v1_layer,2026-07-22T21:07:44+00:00,,2026-07-22T21:07:44+00:00,confirmed_available_at,2026-07-22T21:07:44+00:00,2025-11-16,2026-07-22T21:07:44+00:00,yes_publication_claim_only,no,no,no,no,no,,version-link-v1.0-2026-07-26,layer=normalised-text-v1_provisional;pairs=near-dup-v1.0-2026-07-26;url=url-canon-v1.0-2026-07-27;syndication=syndication-v1.0-2026-07-26
NEWS-guardian_api-37ab03dc4c57,SCC-2013-05,guardian_api,no_version_candidates,,,2013-01-23,date_only_no_time,usable,,not_available_in_v1_layer,2026-07-22T21:08:34+00:00,,2026-07-22T21:08:34+00:00,confirmed_available_at,2026-07-22T21:08:34+00:00,2013-01-23,2026-07-22T21:08:34+00:00,yes_publication_claim_only,no,no,no,no,no,,version-link-v1.0-2026-07-26,layer=normalised-text-v1_provisional;pairs=near-dup-v1.0-2026-07-26;url=url-canon-v1.0-2026-07-27;syndication=syndication-v1.0-2026-07-26
NEWS-guardian_api-37ace77c08c5,SCC-2017-05,guardian_api,no_version_candidates,,,2016-11-08,date_only_no_time,usable,,not_available_in_v1_layer,2026-07-22T21:09:39+00:00,,2026-07-22T21:09:39+00:00,confirmed_available_at,2026-07-22T21:09:39+00:00,2016-11-08,2026-07-22T21:09:39+00:00,yes_publication_claim_only,no,no,no,no,no,,version-link-v1.0-2026-07-26,layer=normalised-text-v1_provisional;pairs=near-dup-v1.0-2026-07-26;url=url-canon-v1.0-2026-07-27;syndication=syndication-v1.0-2026-07-26
NEWS-guardian_api-37cfe8321abf,SCC-2017-05,guardian_api,no_version_candidates,,,2016-11-15,date_only_no_time,usable,,not_available_in_v1_layer,2026-07-22T21:09:47+00:00,,2026-07-22T21:09:47+00:00,confirmed_available_at,2026-07-22T21:09:47+00:00,2016-11-15,2026-07-22T21:09:47+00:00,yes_publication_claim_only,no,no,no,no,no,,version-link-v1.0-2026-07-26,layer=normalised-text-v1_provisional;pairs=near-dup-v1.0-2026-07-26;url=url-canon-v1.0-2026-07-27;syndication=syndication-v1.0-2026-07-26
NEWS-guardian_api-37e5eedfd12a,SCC-2017-05,guardian_api,no_version_candidates,,,2017-01-25,date_only_no_time,usable,,not_available_in_v1_layer,2026-07-22T21:09:47+00:00,,2026-07-22T21:09:47+00:00,confirmed_available_at,2026-07-22T21:09:47+00:00,2017-01-25,2026-07-22T21:09:47+00:00,yes_publication_claim_only,no,no,no,no,no,,version-link-v1.0-2026-07-26,layer=normalised-text-v1_provisional;pairs=near-dup-v1.0-2026-07-26;url=url-canon-v1.0-2026-07-27;syndication=syndication-v1.0-2026-07-26
NEWS-guardian_api-383ec59c0b44,ESWS-2026-05,guardian_api,no_version_candidates,,,2025-11-22,date_only_no_time,usable,,not_available_in_v1_layer,2026-07-22T21:07:45+00:00,,2026-07-22T21:07:45+00:00,confirmed_available_at,2026-07-22T21:07:45+00:00,2025-11-22,2026-07-22T21:07:45+00:00,yes_publication_claim_only,no,no,no,no,no,,version-link-v1.0-2026-07-26,layer=normalised-text-v1_provisional;pairs=near-dup-v1.0-2026-07-26;url=url-canon-v1.0-2026-07-27;syndication=syndication-v1.0-2026-07-26
NEWS-guardian_api-383fdf4ab4cd,ESWS-2026-05,guardian_api,no_version_candidates,,,2025-11-24,date_only_no_time,usable,,not_available_in_v1_layer,2026-07-22T21:07:45+00:00,,2026-07-22T21:07:45+00:00,confirmed_available_at,2026-07-22T21:07:45+00:00,2025-11-24,2026-07-22T21:07:45+00:00,yes_publication_claim_only,no,no,no,no,no,,version-link-v1.0-2026-07-26,layer=normalised-text-v1_provisional;pairs=near-dup-v1.0-2026-07-26;url=url-canon-v1.0-2026-07-27;syndication=syndication-v1.0-2026-07-26
NEWS-guardian_api-3867309607e1,SCC-2013-05,guardian_api,no_version_candidates,,,2013-02-04,date_only_no_time,usable,,not_available_in_v1_layer,2026-07-22T21:08:42+00:00,,2026-07-22T21:08:42+00:00,confirmed_available_at,2026-07-22T21:08:42+00:00,2013-02-04,2026-07-22T21:08:42+00:00,yes_publication_claim_only,yes_publication_claim_only,no,no,no,no,,version-link-v1.0-2026-07-26,layer=normalised-text-v1_provisional;pairs=near-dup-v1.0-2026-07-26;url=url-canon-v1.0-2026-07-27;syndication=syndication-v1.0-2026-07-26
NEWS-guardian_api-38d31583c336,SCC-2017-05,guardian_api,no_version_candidates,,,2016-12-02,date_only_no_time,usable,,not_available_in_v1_layer,2026-07-22T21:09:39+00:00,,2026-07-22T21:09:39+00:00,confirmed_available_at,2026-07-22T21:09:39+00:00,2016-12-02,2026-07-22T21:09:39+00:00,yes_publication_claim_only,no,no,no,no,no,,version-link-v1.0-2026-07-26,layer=normalised-text-v1_provisional;pairs=near-dup-v1.0-2026-07-26;url=url-canon-v1.0-2026-07-27;syndication=syndication-v1.0-2026-07-26
NEWS-guardian_api-38e04d2f2eb4,SCC-2017-05,guardian_api,no_version_candidates,,,2016-12-25,date_only_no_time,usable,,not_available_in_v1_layer,2026-07-22T21:09:26+00:00,,2026-07-22T21:09:26+00:00,confirmed_available_at,2026-07-22T21:09:26+00:00,2016-12-25,2026-07-22T21:09:26+00:00,yes_publication_claim_only,no,no,no,no,no,,version-link-v1.0-2026-07-26,layer=normalised-text-v1_provisional;pairs=near-dup-v1.0-2026-07-26;url=url-canon-v1.0-2026-07-27;syndication=syndication-v1.0-2026-07-26
NEWS-guardian_api-38fc35a87eb4,SCC-2017-05,guardian_api,no_version_candidates,,,2016-12-22,date_only_no_time,usable,,not_available_in_v1_layer,2026-07-22T21:09:19+00:00,,2026-07-22T21:09:19+00:00,confirmed_available_at,2026-07-22T21:09:19+00:00,2016-12-22,2026-07-22T21:09:19+00:00,yes_publication_claim_only,no,no,no,no,no,,version-link-v1.0-2026-07-26,layer=normalised-text-v1_provisional;pairs=near-dup-v1.0-2026-07-26;url=url-canon-v1.0-2026-07-27;syndication=syndication-v1.0-2026-07-26
NEWS-guardian_api-39029f24df3f,SCC-2021-05,guardian_api,no_version_candidates,,,2021-03-24,date_only_no_time,usable,,not_available_in_v1_layer,2026-07-22T21:10:33+00:00,,2026-07-22T21:10:33+00:00,confirmed_available_at,2026-07-22T21:10:33+00:00,2021-03-24,2026-07-22T21:10:33+00:00,yes_publication_claim_only,yes_publication_claim_only,no,no,no,no,,version-link-v1.0-2026-07-26,layer=normalised-text-v1_provisional;pairs=near-dup-v1.0-2026-07-26;url=url-canon-v1.0-2026-07-27;syndication=syndication-v1.0-2026-07-26
NEWS-guardian_api-390aea9d2e18,SCC-2017-05,guardian_api,no_version_candidates,,,2016-11-11,date_only_no_time,usable,,not_available_in_v1_layer,2026-07-22T21:09:39+00:00,,2026-07-22T21:09:39+00:00,confirmed_available_at,2026-07-22T21:09:39+00:00,2016-11-11,2026-07-22T21:09:39+00:00,yes_publication_claim_only,no,no,no,no,no,,version-link-v1.0-2026-07-26,layer=normalised-text-v1_provisional;pairs=near-dup-v1.0-2026-07-26;url=url-canon-v1.0-2026-07-27;syndication=syndication-v1.0-2026-07-26
NEWS-guardian_api-39273f0b5760,SCC-2013-05,guardian_api,no_version_candidates,,,2012-12-19,date_only_no_time,usable,,not_available_in_v1_layer,2026-07-22T21:08:38+00:00,,2026-07-22T21:08:38+00:00,confirmed_available_at,2026-07-22T21:08:38+00:00,2012-12-19,2026-07-22T21:08:38+00:00,yes_publication_claim_only,no,no,no,no,no,,version-link-v1.0-2026-07-26,layer=normalised-text-v1_provisional;pairs=near-dup-v1.0-2026-07-26;url=url-canon-v1.0-2026-07-27;syndication=syndication-v1.0-2026-07-26
NEWS-guardian_api-3928f93cb899,SCC-2013-05,guardian_api,no_version_candidates,,,2012-11-16,date_only_no_time,usable,,not_available_in_v1_layer,2026-07-22T21:08:30+00:00,,2026-07-22T21:08:30+00:00,confirmed_available_at,2026-07-22T21:08:30+00:00,2012-11-16,2026-07-22T21:08:30+00:00,yes_publication_claim_only,no,no,no,no,no,,version-link-v1.0-2026-07-26,layer=normalised-text-v1_provisional;pairs=near-dup-v1.0-2026-07-26;url=url-canon-v1.0-2026-07-27;syndication=syndication-v1.0-2026-07-26
NEWS-guardian_api-392eccf560d8,ESWS-2026-05,guardian_api,no_version_candidates,,,2025-11-10,date_only_no_time,usable,,not_available_in_v1_layer,2026-07-22T21:08:02+00:00,,2026-07-22T21:08:02+00:00,confirmed_available_at,2026-07-22T21:08:02+00:00,2025-11-10,2026-07-22T21:08:02+00:00,yes_publication_claim_only,no,no,no,no,no,,version-link-v1.0-2026-07-26,layer=normalised-text-v1_provisional;pairs=near-dup-v1.0-2026-07-26;url=url-canon-v1.0-2026-07-27;syndication=syndication-v1.0-2026-07-26
NEWS-guardian_api-392fea82da7e,ESWS-2026-05,guardian_api,no_version_candidates,,,2025-11-20,date_only_no_time,usable,,not_available_in_v1_layer,2026-07-22T21:07:52+00:00,,2026-07-22T21:07:52+00:00,confirmed_available_at,2026-07-22T21:07:52+00:00,2025-11-20,2026-07-22T21:07:52+00:00,yes_publication_claim_only,no,no,no,no,no,,version-link-v1.0-2026-07-26,layer=normalised-text-v1_provisional;pairs=near-dup-v1.0-2026-07-26;url=url-canon-v1.0-2026-07-27;syndication=syndication-v1.0-2026-07-26
NEWS-guardian_api-39422cc4f188,SCC-2013-05,guardian_api,no_version_candidates,,,2012-11-29,date_only_no_time,usable,,not_available_in_v1_layer,2026-07-22T21:08:31+00:00,,2026-07-22T21:08:31+00:00,confirmed_available_at,2026-07-22T21:08:31+00:00,2012-11-29,2026-07-22T21:08:31+00:00,yes_publication_claim_only,no,no,no,no,no,,version-link-v1.0-2026-07-26,layer=normalised-text-v1_provisional;pairs=near-dup-v1.0-2026-07-26;url=url-canon-v1.0-2026-07-27;syndication=syndication-v1.0-2026-07-26
NEWS-guardian_api-3944c12a9d43,SCC-2013-05,guardian_api,no_version_candidates,,,2012-11-22,date_only_no_time,usable,,not_available_in_v1_layer,2026-07-22T21:09:02+00:00,,2026-07-22T21:09:02+00:00,confirmed_available_at,2026-07-22T21:09:02+00:00,2012-11-22,2026-07-22T21:09:02+00:00,yes_publication_claim_only,no,no,no,no,no,,version-link-v1.0-2026-07-26,layer=normalised-text-v1_provisional;pairs=near-dup-v1.0-2026-07-26;url=url-canon-v1.0-2026-07-27;syndication=syndication-v1.0-2026-07-26
NEWS-guardian_api-39af9934303e,ESWS-2026-05,guardian_api,no_version_candidates,,,2026-03-18,date_only_no_time,usable,,not_available_in_v1_layer,2026-07-22T21:08:18+00:00,,2026-07-22T21:08:18+00:00,confirmed_available_at,2026-07-22T21:08:18+00:00,2026-03-18,2026-07-22T21:08:18+00:00,yes_publication_claim_only,yes_publication_claim_only,no,no,no,no,,version-link-v1.0-2026-07-26,layer=normalised-text-v1_provisional;pairs=near-dup-v1.0-2026-07-26;url=url-canon-v1.0-2026-07-27;syndication=syndication-v1.0-2026-07-26
NEWS-guardian_api-3a3b267cfcbe,SCC-2017-05,guardian_api,no_version_candidates,,,2016-12-04,date_only_no_time,usable,,not_available_in_v1_layer,2026-07-22T21:09:47+00:00,,2026-07-22T21:09:47+00:00,confirmed_available_at,2026-07-22T21:09:47+00:00,2016-12-04,2026-07-22T21:09:47+00:00,yes_publication_claim_only,no,no,no,no,no,,version-link-v1.0-2026-07-26,layer=normalised-text-v1_provisional;pairs=near-dup-v1.0-2026-07-26;url=url-canon-v1.0-2026-07-27;syndication=syndication-v1.0-2026-07-26
NEWS-guardian_api-3a5d4bb005e4,SCC-2017-05,guardian_api,no_version_candidates,,,2016-11-22,date_only_no_time,usable,,not_available_in_v1_layer,2026-07-22T21:09:39+00:00,,2026-07-22T21:09:39+00:00,confirmed_available_at,2026-07-22T21:09:39+00:00,2016-11-22,2026-07-22T21:09:39+00:00,yes_publication_claim_only,no,no,no,no,no,,version-link-v1.0-2026-07-26,layer=normalised-text-v1_provisional;pairs=near-dup-v1.0-2026-07-26;url=url-canon-v1.0-2026-07-27;syndication=syndication-v1.0-2026-07-26
NEWS-guardian_api-3a940a5c546b,SCC-2017-05,guardian_api,no_version_candidates,,,2017-02-08,date_only_no_time,usable,,not_available_in_v1_layer,2026-07-22T21:09:26+00:00,,2026-07-22T21:09:26+00:00,confirmed_available_at,2026-07-22T21:09:26+00:00,2017-02-08,2026-07-22T21:09:26+00:00,yes_publication_claim_only,yes_publication_claim_only,no,no,no,no,,version-link-v1.0-2026-07-26,layer=normalised-text-v1_provisional;pairs=near-dup-v1.0-2026-07-26;url=url-canon-v1.0-2026-07-27;syndication=syndication-v1.0-2026-07-26
NEWS-guardian_api-3a9be3f68624,SCC-2021-05,guardian_api,no_version_candidates,,,2021-03-28,date_only_no_time,usable,,not_available_in_v1_layer,2026-07-22T21:10:13+00:00,,2026-07-22T21:10:13+00:00,confirmed_available_at,2026-07-22T21:10:13+00:00,2021-03-28,2026-07-22T21:10:13+00:00,yes_publication_claim_only,yes_publication_claim_only,no,no,no,no,,version-link-v1.0-2026-07-26,layer=normalised-text-v1_provisional;pairs=near-dup-v1.0-2026-07-26;url=url-canon-v1.0-2026-07-27;syndication=syndication-v1.0-2026-07-26
NEWS-guardian_api-3afa1e7402bc,SCC-2017-05,guardian_api,no_version_candidates,,,2016-11-08,date_only_no_time,usable,,not_available_in_v1_layer,2026-07-22T21:09:32+00:00,,2026-07-22T21:09:32+00:00,confirmed_available_at,2026-07-22T21:09:32+00:00,2016-11-08,2026-07-22T21:09:32+00:00,yes_publication_claim_only,no,no,no,no,no,,version-link-v1.0-2026-07-26,layer=normalised-text-v1_provisional;pairs=near-dup-v1.0-2026-07-26;url=url-canon-v1.0-2026-07-27;syndication=syndication-v1.0-2026-07-26
NEWS-guardian_api-3afe616db4f9,ESWS-2026-05,guardian_api,no_version_candidates,,,2025-11-19,date_only_no_time,usable,,not_available_in_v1_layer,2026-07-22T21:07:52+00:00,,2026-07-22T21:07:52+00:00,confirmed_available_at,2026-07-22T21:07:52+00:00,2025-11-19,2026-07-22T21:07:52+00:00,yes_publication_claim_only,no,no,no,no,no,,version-link-v1.0-2026-07-26,layer=normalised-text-v1_provisional;pairs=near-dup-v1.0-2026-07-26;url=url-canon-v1.0-2026-07-27;syndication=syndication-v1.0-2026-07-26
NEWS-guardian_api-3b027b28e3bc,SCC-2021-05,guardian_api,no_version_candidates,,,2021-01-19,date_only_no_time,usable,,not_available_in_v1_layer,2026-07-22T21:10:25+00:00,,2026-07-22T21:10:25+00:00,confirmed_available_at,2026-07-22T21:10:25+00:00,2021-01-19,2026-07-22T21:10:25+00:00,yes_publication_claim_only,no,no,no,no,no,,version-link-v1.0-2026-07-26,layer=normalised-text-v1_provisional;pairs=near-dup-v1.0-2026-07-26;url=url-canon-v1.0-2026-07-27;syndication=syndication-v1.0-2026-07-26
NEWS-guardian_api-3b08b8bb12b4,SCC-2013-05,guardian_api,no_version_candidates,,,2012-12-09,date_only_no_time,usable,,not_available_in_v1_layer,2026-07-22T21:08:38+00:00,,2026-07-22T21:08:38+00:00,confirmed_available_at,2026-07-22T21:08:38+00:00,2012-12-09,2026-07-22T21:08:38+00:00,yes_publication_claim_only,no,no,no,no,no,,version-link-v1.0-2026-07-26,layer=normalised-text-v1_provisional;pairs=near-dup-v1.0-2026-07-26;url=url-canon-v1.0-2026-07-27;syndication=syndication-v1.0-2026-07-26
NEWS-guardian_api-3b3920028545,SCC-2013-05,guardian_api,no_version_candidates,,,2012-11-13,date_only_no_time,usable,,not_available_in_v1_layer,2026-07-22T21:08:47+00:00,,2026-07-22T21:08:47+00:00,confirmed_available_at,2026-07-22T21:08:47+00:00,2012-11-13,2026-07-22T21:08:47+00:00,yes_publication_claim_only,no,no,no,no,no,,version-link-v1.0-2026-07-26,layer=normalised-text-v1_provisional;pairs=near-dup-v1.0-2026-07-26;url=url-canon-v1.0-2026-07-27;syndication=syndication-v1.0-2026-07-26
NEWS-guardian_api-3b650ad22c49,SCC-2017-05,guardian_api,no_version_candidates,,,2016-12-02,date_only_no_time,usable,,not_available_in_v1_layer,2026-07-22T21:09:19+00:00,,2026-07-22T21:09:19+00:00,confirmed_available_at,2026-07-22T21:09:19+00:00,2016-12-02,2026-07-22T21:09:19+00:00,yes_publication_claim_only,no,no,no,no,no,,version-link-v1.0-2026-07-26,layer=normalised-text-v1_provisional;pairs=near-dup-v1.0-2026-07-26;url=url-canon-v1.0-2026-07-27;syndication=syndication-v1.0-2026-07-26
NEWS-guardian_api-3b77fdfa2b7f,SCC-2017-05,guardian_api,no_version_candidates,,,2017-01-02,date_only_no_time,usable,,not_available_in_v1_layer,2026-07-22T21:09:19+00:00,,2026-07-22T21:09:19+00:00,confirmed_available_at,2026-07-22T21:09:19+00:00,2017-01-02,2026-07-22T21:09:19+00:00,yes_publication_claim_only,no,no,no,no,no,,version-link-v1.0-2026-07-26,layer=normalised-text-v1_provisional;pairs=near-dup-v1.0-2026-07-26;url=url-canon-v1.0-2026-07-27;syndication=syndication-v1.0-2026-07-26
NEWS-guardian_api-3be2c99d0c1e,ESWS-2026-05,guardian_api,no_version_candidates,,,2025-11-20,date_only_no_time,usable,,not_available_in_v1_layer,2026-07-22T21:07:52+00:00,,2026-07-22T21:07:52+00:00,confirmed_available_at,2026-07-22T21:07:52+00:00,2025-11-20,2026-07-22T21:07:52+00:00,yes_publication_claim_only,no,no,no,no,no,,version-link-v1.0-2026-07-26,layer=normalised-text-v1_provisional;pairs=near-dup-v1.0-2026-07-26;url=url-canon-v1.0-2026-07-27;syndication=syndication-v1.0-2026-07-26
NEWS-guardian_api-3bf042e68a35,SCC-2017-05,guardian_api,no_version_candidates,,,2016-11-12,date_only_no_time,usable,,not_available_in_v1_layer,2026-07-22T21:09:47+00:00,,2026-07-22T21:09:47+00:00,confirmed_available_at,2026-07-22T21:09:47+00:00,2016-11-12,2026-07-22T21:09:47+00:00,yes_publication_claim_only,no,no,no,no,no,,version-link-v1.0-2026-07-26,layer=normalised-text-v1_provisional;pairs=near-dup-v1.0-2026-07-26;url=url-canon-v1.0-2026-07-27;syndication=syndication-v1.0-2026-07-26
NEWS-guardian_api-3c0f144058d9,SCC-2013-05,guardian_api,no_version_candidates,,,2012-12-18,date_only_no_time,usable,,not_available_in_v1_layer,2026-07-22T21:08:55+00:00,,2026-07-22T21:08:55+00:00,confirmed_available_at,2026-07-22T21:08:55+00:00,2012-12-18,2026-07-22T21:08:55+00:00,yes_publication_claim_only,no,no,no,no,no,,version-link-v1.0-2026-07-26,layer=normalised-text-v1_provisional;pairs=near-dup-v1.0-2026-07-26;url=url-canon-v1.0-2026-07-27;syndication=syndication-v1.0-2026-07-26
NEWS-guardian_api-3c8e6508090f,SCC-2013-05,guardian_api,in_version_family,VER-569f4b0f4ed3,,2012-11-05,date_only_no_time,usable,,not_available_in_v1_layer,2026-07-22T21:08:58+00:00,,2026-07-22T21:08:58+00:00,confirmed_available_at,2026-07-22T21:08:58+00:00,2012-11-05,2026-07-22T21:08:58+00:00,yes_publication_claim_only,no,no,no,no,no,,version-link-v1.0-2026-07-26,layer=normalised-text-v1_provisional;pairs=near-dup-v1.0-2026-07-26;url=url-canon-v1.0-2026-07-27;syndication=syndication-v1.0-2026-07-26
NEWS-guardian_api-3cf8ec3e92f8,SCC-2013-05,guardian_api,no_version_candidates,,,2012-11-15,date_only_no_time,usable,,not_available_in_v1_layer,2026-07-22T21:08:55+00:00,,2026-07-22T21:08:55+00:00,confirmed_available_at,2026-07-22T21:08:55+00:00,2012-11-15,2026-07-22T21:08:55+00:00,yes_publication_claim_only,no,no,no,no,no,,version-link-v1.0-2026-07-26,layer=normalised-text-v1_provisional;pairs=near-dup-v1.0-2026-07-26;url=url-canon-v1.0-2026-07-27;syndication=syndication-v1.0-2026-07-26
NEWS-guardian_api-3d04f6631a50,SCC-2017-05,guardian_api,no_version_candidates,,,2016-12-07,date_only_no_time,usable,,not_available_in_v1_layer,2026-07-22T21:09:19+00:00,,2026-07-22T21:09:19+00:00,confirmed_available_at,2026-07-22T21:09:19+00:00,2016-12-07,2026-07-22T21:09:19+00:00,yes_publication_claim_only,no,no,no,no,no,,version-link-v1.0-2026-07-26,layer=normalised-text-v1_provisional;pairs=near-dup-v1.0-2026-07-26;url=url-canon-v1.0-2026-07-27;syndication=syndication-v1.0-2026-07-26
NEWS-guardian_api-3d6716d32b71,SCC-2017-05,guardian_api,no_version_candidates,,,2017-01-15,date_only_no_time,usable,,not_available_in_v1_layer,2026-07-22T21:09:52+00:00,,2026-07-22T21:09:52+00:00,confirmed_available_at,2026-07-22T21:09:52+00:00,2017-01-15,2026-07-22T21:09:52+00:00,yes_publication_claim_only,no,no,no,no,no,,version-link-v1.0-2026-07-26,layer=normalised-text-v1_provisional;pairs=near-dup-v1.0-2026-07-26;url=url-canon-v1.0-2026-07-27;syndication=syndication-v1.0-2026-07-26
NEWS-guardian_api-3d8894d2fb44,SCC-2017-05,guardian_api,no_version_candidates,,,2016-11-12,date_only_no_time,usable,,not_available_in_v1_layer,2026-07-22T21:09:15+00:00,,2026-07-22T21:09:15+00:00,confirmed_available_at,2026-07-22T21:09:15+00:00,2016-11-12,2026-07-22T21:09:15+00:00,yes_publication_claim_only,no,no,no,no,no,,version-link-v1.0-2026-07-26,layer=normalised-text-v1_provisional;pairs=near-dup-v1.0-2026-07-26;url=url-canon-v1.0-2026-07-27;syndication=syndication-v1.0-2026-07-26
NEWS-guardian_api-3d9aece0e8e9,SCC-2017-05,guardian_api,no_version_candidates,,,2016-12-02,date_only_no_time,usable,,not_available_in_v1_layer,2026-07-22T21:09:19+00:00,,2026-07-22T21:09:19+00:00,confirmed_available_at,2026-07-22T21:09:19+00:00,2016-12-02,2026-07-22T21:09:19+00:00,yes_publication_claim_only,no,no,no,no,no,,version-link-v1.0-2026-07-26,layer=normalised-text-v1_provisional;pairs=near-dup-v1.0-2026-07-26;url=url-canon-v1.0-2026-07-27;syndication=syndication-v1.0-2026-07-26
NEWS-guardian_api-3dc1632a8616,SCC-2021-05,guardian_api,no_version_candidates,,,2020-12-26,date_only_no_time,usable,,not_available_in_v1_layer,2026-07-22T21:10:25+00:00,,2026-07-22T21:10:25+00:00,confirmed_available_at,2026-07-22T21:10:25+00:00,2020-12-26,2026-07-22T21:10:25+00:00,yes_publication_claim_only,no,no,no,no,no,,version-link-v1.0-2026-07-26,layer=normalised-text-v1_provisional;pairs=near-dup-v1.0-2026-07-26;url=url-canon-v1.0-2026-07-27;syndication=syndication-v1.0-2026-07-26
NEWS-guardian_api-3dcea268e2a3,SCC-2017-05,guardian_api,no_version_candidates,,,2017-04-25,date_only_no_time,usable,,not_available_in_v1_layer,2026-07-22T21:09:52+00:00,,2026-07-22T21:09:52+00:00,confirmed_available_at,2026-07-22T21:09:52+00:00,2017-04-25,2026-07-22T21:09:52+00:00,yes_publication_claim_only,yes_publication_claim_only,yes_publication_claim_only,yes_publication_claim_only,no,no,,version-link-v1.0-2026-07-26,layer=normalised-text-v1_provisional;pairs=near-dup-v1.0-2026-07-26;url=url-canon-v1.0-2026-07-27;syndication=syndication-v1.0-2026-07-26
NEWS-guardian_api-3dd2ab7556e7,ESWS-2026-05,guardian_api,no_version_candidates,,,2025-11-11,date_only_no_time,usable,,not_available_in_v1_layer,2026-07-22T21:08:02+00:00,,2026-07-22T21:08:02+00:00,confirmed_available_at,2026-07-22T21:08:02+00:00,2025-11-11,2026-07-22T21:08:02+00:00,yes_publication_claim_only,no,no,no,no,no,,version-link-v1.0-2026-07-26,layer=normalised-text-v1_provisional;pairs=near-dup-v1.0-2026-07-26;url=url-canon-v1.0-2026-07-27;syndication=syndication-v1.0-2026-07-26
NEWS-guardian_api-3df530d115fe,ESWS-2026-05,guardian_api,no_version_candidates,,,2025-11-28,date_only_no_time,usable,,not_available_in_v1_layer,2026-07-22T21:07:48+00:00,,2026-07-22T21:07:48+00:00,confirmed_available_at,2026-07-22T21:07:48+00:00,2025-11-28,2026-07-22T21:07:48+00:00,yes_publication_claim_only,no,no,no,no,no,,version-link-v1.0-2026-07-26,layer=normalised-text-v1_provisional;pairs=near-dup-v1.0-2026-07-26;url=url-canon-v1.0-2026-07-27;syndication=syndication-v1.0-2026-07-26
NEWS-guardian_api-3e1a289be627,ESWS-2026-05,guardian_api,no_version_candidates,,,2025-11-25,date_only_no_time,usable,,not_available_in_v1_layer,2026-07-22T21:07:45+00:00,,2026-07-22T21:07:45+00:00,confirmed_available_at,2026-07-22T21:07:45+00:00,2025-11-25,2026-07-22T21:07:45+00:00,yes_publication_claim_only,no,no,no,no,no,,version-link-v1.0-2026-07-26,layer=normalised-text-v1_provisional;pairs=near-dup-v1.0-2026-07-26;url=url-canon-v1.0-2026-07-27;syndication=syndication-v1.0-2026-07-26
NEWS-guardian_api-3e2c2c57377e,SCC-2013-05,guardian_api,no_version_candidates,,,2012-11-12,date_only_no_time,usable,,not_available_in_v1_layer,2026-07-22T21:08:47+00:00,,2026-07-22T21:08:47+00:00,confirmed_available_at,2026-07-22T21:08:47+00:00,2012-11-12,2026-07-22T21:08:47+00:00,yes_publication_claim_only,no,no,no,no,no,,version-link-v1.0-2026-07-26,layer=normalised-text-v1_provisional;pairs=near-dup-v1.0-2026-07-26;url=url-canon-v1.0-2026-07-27;syndication=syndication-v1.0-2026-07-26
NEWS-guardian_api-3e9786643e5d,SCC-2021-05,guardian_api,no_version_candidates,,,2021-03-31,date_only_no_time,usable,,not_available_in_v1_layer,2026-07-22T21:10:07+00:00,,2026-07-22T21:10:07+00:00,confirmed_available_at,2026-07-22T21:10:07+00:00,2021-03-31,2026-07-22T21:10:07+00:00,yes_publication_claim_only,yes_publication_claim_only,no,no,no,no,,version-link-v1.0-2026-07-26,layer=normalised-text-v1_provisional;pairs=near-dup-v1.0-2026-07-26;url=url-canon-v1.0-2026-07-27;syndication=syndication-v1.0-2026-07-26
NEWS-guardian_api-3eac7109f377,SCC-2017-05,guardian_api,no_version_candidates,,,2017-01-14,date_only_no_time,usable,,not_available_in_v1_layer,2026-07-22T21:09:47+00:00,,2026-07-22T21:09:47+00:00,confirmed_available_at,2026-07-22T21:09:47+00:00,2017-01-14,2026-07-22T21:09:47+00:00,yes_publication_claim_only,no,no,no,no,no,,version-link-v1.0-2026-07-26,layer=normalised-text-v1_provisional;pairs=near-dup-v1.0-2026-07-26;url=url-canon-v1.0-2026-07-27;syndication=syndication-v1.0-2026-07-26
NEWS-guardian_api-3ec03bc6d466,SCC-2013-05,guardian_api,no_version_candidates,,,2012-11-30,date_only_no_time,usable,,not_available_in_v1_layer,2026-07-22T21:08:42+00:00,,2026-07-22T21:08:42+00:00,confirmed_available_at,2026-07-22T21:08:42+00:00,2012-11-30,2026-07-22T21:08:42+00:00,yes_publication_claim_only,no,no,no,no,no,,version-link-v1.0-2026-07-26,layer=normalised-text-v1_provisional;pairs=near-dup-v1.0-2026-07-26;url=url-canon-v1.0-2026-07-27;syndication=syndication-v1.0-2026-07-26
NEWS-guardian_api-3edf84cf8042,SCC-2017-05,guardian_api,no_version_candidates,,,2016-11-14,date_only_no_time,usable,,not_available_in_v1_layer,2026-07-22T21:09:15+00:00,,2026-07-22T21:09:15+00:00,confirmed_available_at,2026-07-22T21:09:15+00:00,2016-11-14,2026-07-22T21:09:15+00:00,yes_publication_claim_only,no,no,no,no,no,,version-link-v1.0-2026-07-26,layer=normalised-text-v1_provisional;pairs=near-dup-v1.0-2026-07-26;url=url-canon-v1.0-2026-07-27;syndication=syndication-v1.0-2026-07-26
NEWS-guardian_api-3eef34d2449e,ESWS-2026-05,guardian_api,no_version_candidates,,,2025-11-13,date_only_no_time,usable,,not_available_in_v1_layer,2026-07-22T21:07:44+00:00,,2026-07-22T21:07:44+00:00,confirmed_available_at,2026-07-22T21:07:44+00:00,2025-11-13,2026-07-22T21:07:44+00:00,yes_publication_claim_only,no,no,no,no,no,,version-link-v1.0-2026-07-26,layer=normalised-text-v1_provisional;pairs=near-dup-v1.0-2026-07-26;url=url-canon-v1.0-2026-07-27;syndication=syndication-v1.0-2026-07-26
NEWS-guardian_api-3f1e1c1fa703,SCC-2013-05,guardian_api,no_version_candidates,,,2013-01-07,date_only_no_time,usable,,not_available_in_v1_layer,2026-07-22T21:08:34+00:00,,2026-07-22T21:08:34+00:00,confirmed_available_at,2026-07-22T21:08:34+00:00,2013-01-07,2026-07-22T21:08:34+00:00,yes_publication_claim_only,no,no,no,no,no,,version-link-v1.0-2026-07-26,layer=normalised-text-v1_provisional;pairs=near-dup-v1.0-2026-07-26;url=url-canon-v1.0-2026-07-27;syndication=syndication-v1.0-2026-07-26
NEWS-guardian_api-3f63a6c944da,SCC-2021-05,guardian_api,no_version_candidates,,,2021-02-09,date_only_no_time,usable,,not_available_in_v1_layer,2026-07-22T21:10:03+00:00,,2026-07-22T21:10:03+00:00,confirmed_available_at,2026-07-22T21:10:03+00:00,2021-02-09,2026-07-22T21:10:03+00:00,yes_publication_claim_only,yes_publication_claim_only,no,no,no,no,,version-link-v1.0-2026-07-26,layer=normalised-text-v1_provisional;pairs=near-dup-v1.0-2026-07-26;url=url-canon-v1.0-2026-07-27;syndication=syndication-v1.0-2026-07-26
NEWS-guardian_api-3f991c6b2dae,SCC-2013-05,guardian_api,no_version_candidates,,,2012-11-03,date_only_no_time,usable,,not_available_in_v1_layer,2026-07-22T21:08:30+00:00,,2026-07-22T21:08:30+00:00,confirmed_available_at,2026-07-22T21:08:30+00:00,2012-11-03,2026-07-22T21:08:30+00:00,yes_publication_claim_only,no,no,no,no,no,,version-link-v1.0-2026-07-26,layer=normalised-text-v1_provisional;pairs=near-dup-v1.0-2026-07-26;url=url-canon-v1.0-2026-07-27;syndication=syndication-v1.0-2026-07-26
NEWS-guardian_api-3fb3665c2697,ESWS-2026-05,guardian_api,no_version_candidates,,,2025-11-17,date_only_no_time,usable,,not_available_in_v1_layer,2026-07-22T21:07:44+00:00,,2026-07-22T21:07:44+00:00,confirmed_available_at,2026-07-22T21:07:44+00:00,2025-11-17,2026-07-22T21:07:44+00:00,yes_publication_claim_only,no,no,no,no,no,,version-link-v1.0-2026-07-26,layer=normalised-text-v1_provisional;pairs=near-dup-v1.0-2026-07-26;url=url-canon-v1.0-2026-07-27;syndication=syndication-v1.0-2026-07-26
NEWS-guardian_api-3fb4c64154f8,SCC-2017-05,guardian_api,no_version_candidates,,,2017-01-04,date_only_no_time,usable,,not_available_in_v1_layer,2026-07-22T21:09:47+00:00,,2026-07-22T21:09:47+00:00,confirmed_available_at,2026-07-22T21:09:47+00:00,2017-01-04,2026-07-22T21:09:47+00:00,yes_publication_claim_only,no,no,no,no,no,,version-link-v1.0-2026-07-26,layer=normalised-text-v1_provisional;pairs=near-dup-v1.0-2026-07-26;url=url-canon-v1.0-2026-07-27;syndication=syndication-v1.0-2026-07-26
NEWS-guardian_api-3fc024a1d5ed,ESWS-2026-05,guardian_api,no_version_candidates,,,2025-11-12,date_only_no_time,usable,,not_available_in_v1_layer,2026-07-22T21:07:44+00:00,,2026-07-22T21:07:44+00:00,confirmed_available_at,2026-07-22T21:07:44+00:00,2025-11-12,2026-07-22T21:07:44+00:00,yes_publication_claim_only,no,no,no,no,no,,version-link-v1.0-2026-07-26,layer=normalised-text-v1_provisional;pairs=near-dup-v1.0-2026-07-26;url=url-canon-v1.0-2026-07-27;syndication=syndication-v1.0-2026-07-26
NEWS-guardian_api-3fd9b2cae636,SCC-2013-05,guardian_api,no_version_candidates,,,2013-02-26,date_only_no_time,usable,,not_available_in_v1_layer,2026-07-22T21:09:07+00:00,,2026-07-22T21:09:07+00:00,confirmed_available_at,2026-07-22T21:09:07+00:00,2013-02-26,2026-07-22T21:09:07+00:00,yes_publication_claim_only,yes_publication_claim_only,no,no,no,no,,version-link-v1.0-2026-07-26,layer=normalised-text-v1_provisional;pairs=near-dup-v1.0-2026-07-26;url=url-canon-v1.0-2026-07-27;syndication=syndication-v1.0-2026-07-26
NEWS-guardian_api-4005b9ec374e,ESWS-2026-05,guardian_api,no_version_candidates,,,2026-01-26,date_only_no_time,usable,,not_available_in_v1_layer,2026-07-22T21:08:23+00:00,,2026-07-22T21:08:23+00:00,confirmed_available_at,2026-07-22T21:08:23+00:00,2026-01-26,2026-07-22T21:08:23+00:00,yes_publication_claim_only,no,no,no,no,no,,version-link-v1.0-2026-07-26,layer=normalised-text-v1_provisional;pairs=near-dup-v1.0-2026-07-26;url=url-canon-v1.0-2026-07-27;syndication=syndication-v1.0-2026-07-26
NEWS-guardian_api-403495210dad,ESWS-2026-05,guardian_api,no_version_candidates,,,2026-02-24,date_only_no_time,usable,,not_available_in_v1_layer,2026-07-22T21:08:10+00:00,,2026-07-22T21:08:10+00:00,confirmed_available_at,2026-07-22T21:08:10+00:00,2026-02-24,2026-07-22T21:08:10+00:00,yes_publication_claim_only,yes_publication_claim_only,no,no,no,no,,version-link-v1.0-2026-07-26,layer=normalised-text-v1_provisional;pairs=near-dup-v1.0-2026-07-26;url=url-canon-v1.0-2026-07-27;syndication=syndication-v1.0-2026-07-26
NEWS-guardian_api-403ebc48480a,ESWS-2026-05,guardian_api,no_version_candidates,,,2025-11-27,date_only_no_time,usable,,not_available_in_v1_layer,2026-07-22T21:08:18+00:00,,2026-07-22T21:08:18+00:00,confirmed_available_at,2026-07-22T21:08:18+00:00,2025-11-27,2026-07-22T21:08:18+00:00,yes_publication_claim_only,no,no,no,no,no,,version-link-v1.0-2026-07-26,layer=normalised-text-v1_provisional;pairs=near-dup-v1.0-2026-07-26;url=url-canon-v1.0-2026-07-27;syndication=syndication-v1.0-2026-07-26
NEWS-guardian_api-40a138ca9105,SCC-2013-05,guardian_api,no_version_candidates,,,2012-12-17,date_only_no_time,usable,,not_available_in_v1_layer,2026-07-22T21:08:34+00:00,,2026-07-22T21:08:34+00:00,confirmed_available_at,2026-07-22T21:08:34+00:00,2012-12-17,2026-07-22T21:08:34+00:00,yes_publication_claim_only,no,no,no,no,no,,version-link-v1.0-2026-07-26,layer=normalised-text-v1_provisional;pairs=near-dup-v1.0-2026-07-26;url=url-canon-v1.0-2026-07-27;syndication=syndication-v1.0-2026-07-26
NEWS-guardian_api-40ad41828be0,ESWS-2026-05,guardian_api,no_version_candidates,,,2025-12-02,date_only_no_time,usable,,not_available_in_v1_layer,2026-07-22T21:08:10+00:00,,2026-07-22T21:08:10+00:00,confirmed_available_at,2026-07-22T21:08:10+00:00,2025-12-02,2026-07-22T21:08:10+00:00,yes_publication_claim_only,no,no,no,no,no,,version-link-v1.0-2026-07-26,layer=normalised-text-v1_provisional;pairs=near-dup-v1.0-2026-07-26;url=url-canon-v1.0-2026-07-27;syndication=syndication-v1.0-2026-07-26
NEWS-guardian_api-40f53800afa9,SCC-2017-05,guardian_api,no_version_candidates,,,2017-02-01,date_only_no_time,usable,,not_available_in_v1_layer,2026-07-22T21:09:47+00:00,,2026-07-22T21:09:47+00:00,confirmed_available_at,2026-07-22T21:09:47+00:00,2017-02-01,2026-07-22T21:09:47+00:00,yes_publication_claim_only,no,no,no,no,no,,version-link-v1.0-2026-07-26,layer=normalised-text-v1_provisional;pairs=near-dup-v1.0-2026-07-26;url=url-canon-v1.0-2026-07-27;syndication=syndication-v1.0-2026-07-26
NEWS-guardian_api-4161d1ab48fe,SCC-2021-05,guardian_api,no_version_candidates,,,2020-11-25,date_only_no_time,usable,,not_available_in_v1_layer,2026-07-22T21:10:25+00:00,,2026-07-22T21:10:25+00:00,confirmed_available_at,2026-07-22T21:10:25+00:00,2020-11-25,2026-07-22T21:10:25+00:00,yes_publication_claim_only,no,no,no,no,no,,version-link-v1.0-2026-07-26,layer=normalised-text-v1_provisional;pairs=near-dup-v1.0-2026-07-26;url=url-canon-v1.0-2026-07-27;syndication=syndication-v1.0-2026-07-26
NEWS-guardian_api-416f428aeec3,SCC-2013-05,guardian_api,no_version_candidates,,,2012-11-22,date_only_no_time,usable,,not_available_in_v1_layer,2026-07-22T21:08:30+00:00,,2026-07-22T21:08:30+00:00,confirmed_available_at,2026-07-22T21:08:30+00:00,2012-11-22,2026-07-22T21:08:30+00:00,yes_publication_claim_only,no,no,no,no,no,,version-link-v1.0-2026-07-26,layer=normalised-text-v1_provisional;pairs=near-dup-v1.0-2026-07-26;url=url-canon-v1.0-2026-07-27;syndication=syndication-v1.0-2026-07-26
NEWS-guardian_api-41d04d850229,ESWS-2026-05,guardian_api,no_version_candidates,,,2025-11-23,date_only_no_time,usable,,not_available_in_v1_layer,2026-07-22T21:07:45+00:00,,2026-07-22T21:07:45+00:00,confirmed_available_at,2026-07-22T21:07:45+00:00,2025-11-23,2026-07-22T21:07:45+00:00,yes_publication_claim_only,no,no,no,no,no,,version-link-v1.0-2026-07-26,layer=normalised-text-v1_provisional;pairs=near-dup-v1.0-2026-07-26;url=url-canon-v1.0-2026-07-27;syndication=syndication-v1.0-2026-07-26
NEWS-guardian_api-41d2f7ecd8ae,SCC-2013-05,guardian_api,no_version_candidates,,,2013-01-24,date_only_no_time,usable,,not_available_in_v1_layer,2026-07-22T21:09:02+00:00,,2026-07-22T21:09:02+00:00,confirmed_available_at,2026-07-22T21:09:02+00:00,2013-01-24,2026-07-22T21:09:02+00:00,yes_publication_claim_only,no,no,no,no,no,,version-link-v1.0-2026-07-26,layer=normalised-text-v1_provisional;pairs=near-dup-v1.0-2026-07-26;url=url-canon-v1.0-2026-07-27;syndication=syndication-v1.0-2026-07-26
NEWS-guardian_api-41dd52533780,SCC-2013-05,guardian_api,no_version_candidates,,,2012-11-09,date_only_no_time,usable,,not_available_in_v1_layer,2026-07-22T21:08:47+00:00,,2026-07-22T21:08:47+00:00,confirmed_available_at,2026-07-22T21:08:47+00:00,2012-11-09,2026-07-22T21:08:47+00:00,yes_publication_claim_only,no,no,no,no,no,,version-link-v1.0-2026-07-26,layer=normalised-text-v1_provisional;pairs=near-dup-v1.0-2026-07-26;url=url-canon-v1.0-2026-07-27;syndication=syndication-v1.0-2026-07-26
NEWS-guardian_api-425056701bc1,SCC-2017-05,guardian_api,no_version_candidates,,,2017-02-02,date_only_no_time,usable,,not_available_in_v1_layer,2026-07-22T21:09:23+00:00,,2026-07-22T21:09:23+00:00,confirmed_available_at,2026-07-22T21:09:23+00:00,2017-02-02,2026-07-22T21:09:23+00:00,yes_publication_claim_only,no,no,no,no,no,,version-link-v1.0-2026-07-26,layer=normalised-text-v1_provisional;pairs=near-dup-v1.0-2026-07-26;url=url-canon-v1.0-2026-07-27;syndication=syndication-v1.0-2026-07-26
NEWS-guardian_api-427c3522d154,SCC-2017-05,guardian_api,no_version_candidates,,,2016-12-14,date_only_no_time,usable,,not_available_in_v1_layer,2026-07-22T21:09:40+00:00,,2026-07-22T21:09:40+00:00,confirmed_available_at,2026-07-22T21:09:40+00:00,2016-12-14,2026-07-22T21:09:40+00:00,yes_publication_claim_only,no,no,no,no,no,,version-link-v1.0-2026-07-26,layer=normalised-text-v1_provisional;pairs=near-dup-v1.0-2026-07-26;url=url-canon-v1.0-2026-07-27;syndication=syndication-v1.0-2026-07-26
NEWS-guardian_api-42af519e503c,ESWS-2026-05,guardian_api,no_version_candidates,,,2026-03-26,date_only_no_time,usable,,not_available_in_v1_layer,2026-07-22T21:08:18+00:00,,2026-07-22T21:08:18+00:00,confirmed_available_at,2026-07-22T21:08:18+00:00,2026-03-26,2026-07-22T21:08:18+00:00,yes_publication_claim_only,yes_publication_claim_only,no,no,no,no,,version-link-v1.0-2026-07-26,layer=normalised-text-v1_provisional;pairs=near-dup-v1.0-2026-07-26;url=url-canon-v1.0-2026-07-27;syndication=syndication-v1.0-2026-07-26
NEWS-guardian_api-42b967094bf9,SCC-2013-05,guardian_api,no_version_candidates,,,2013-01-17,date_only_no_time,usable,,not_available_in_v1_layer,2026-07-22T21:08:34+00:00,,2026-07-22T21:08:34+00:00,confirmed_available_at,2026-07-22T21:08:34+00:00,2013-01-17,2026-07-22T21:08:34+00:00,yes_publication_claim_only,no,no,no,no,no,,version-link-v1.0-2026-07-26,layer=normalised-text-v1_provisional;pairs=near-dup-v1.0-2026-07-26;url=url-canon-v1.0-2026-07-27;syndication=syndication-v1.0-2026-07-26
NEWS-guardian_api-42e20bbf03aa,SCC-2017-05,guardian_api,no_version_candidates,,,2017-01-31,date_only_no_time,usable,,not_available_in_v1_layer,2026-07-22T21:09:47+00:00,,2026-07-22T21:09:47+00:00,confirmed_available_at,2026-07-22T21:09:47+00:00,2017-01-31,2026-07-22T21:09:47+00:00,yes_publication_claim_only,no,no,no,no,no,,version-link-v1.0-2026-07-26,layer=normalised-text-v1_provisional;pairs=near-dup-v1.0-2026-07-26;url=url-canon-v1.0-2026-07-27;syndication=syndication-v1.0-2026-07-26
NEWS-guardian_api-4383d2d2984e,SCC-2013-05,guardian_api,no_version_candidates,,,2012-11-27,date_only_no_time,usable,,not_available_in_v1_layer,2026-07-22T21:08:31+00:00,,2026-07-22T21:08:31+00:00,confirmed_available_at,2026-07-22T21:08:31+00:00,2012-11-27,2026-07-22T21:08:31+00:00,yes_publication_claim_only,no,no,no,no,no,,version-link-v1.0-2026-07-26,layer=normalised-text-v1_provisional;pairs=near-dup-v1.0-2026-07-26;url=url-canon-v1.0-2026-07-27;syndication=syndication-v1.0-2026-07-26
NEWS-guardian_api-43ce3adf66d3,ESWS-2026-05,guardian_api,no_version_candidates,,,2025-11-13,date_only_no_time,usable,,not_available_in_v1_layer,2026-07-22T21:07:44+00:00,,2026-07-22T21:07:44+00:00,confirmed_available_at,2026-07-22T21:07:44+00:00,2025-11-13,2026-07-22T21:07:44+00:00,yes_publication_claim_only,no,no,no,no,no,,version-link-v1.0-2026-07-26,layer=normalised-text-v1_provisional;pairs=near-dup-v1.0-2026-07-26;url=url-canon-v1.0-2026-07-27;syndication=syndication-v1.0-2026-07-26
NEWS-guardian_api-43f35a2d47fa,SCC-2017-05,guardian_api,no_version_candidates,,,2016-11-17,date_only_no_time,usable,,not_available_in_v1_layer,2026-07-22T21:09:15+00:00,,2026-07-22T21:09:15+00:00,confirmed_available_at,2026-07-22T21:09:15+00:00,2016-11-17,2026-07-22T21:09:15+00:00,yes_publication_claim_only,no,no,no,no,no,,version-link-v1.0-2026-07-26,layer=normalised-text-v1_provisional;pairs=near-dup-v1.0-2026-07-26;url=url-canon-v1.0-2026-07-27;syndication=syndication-v1.0-2026-07-26
NEWS-guardian_api-442d5e98000b,SCC-2013-05,guardian_api,no_version_candidates,,,2012-12-17,date_only_no_time,usable,,not_available_in_v1_layer,2026-07-22T21:08:55+00:00,,2026-07-22T21:08:55+00:00,confirmed_available_at,2026-07-22T21:08:55+00:00,2012-12-17,2026-07-22T21:08:55+00:00,yes_publication_claim_only,no,no,no,no,no,,version-link-v1.0-2026-07-26,layer=normalised-text-v1_provisional;pairs=near-dup-v1.0-2026-07-26;url=url-canon-v1.0-2026-07-27;syndication=syndication-v1.0-2026-07-26
NEWS-guardian_api-4494203acb80,SCC-2021-05,guardian_api,no_version_candidates,,,2021-01-11,date_only_no_time,usable,,not_available_in_v1_layer,2026-07-22T21:10:12+00:00,,2026-07-22T21:10:12+00:00,confirmed_available_at,2026-07-22T21:10:12+00:00,2021-01-11,2026-07-22T21:10:12+00:00,yes_publication_claim_only,no,no,no,no,no,,version-link-v1.0-2026-07-26,layer=normalised-text-v1_provisional;pairs=near-dup-v1.0-2026-07-26;url=url-canon-v1.0-2026-07-27;syndication=syndication-v1.0-2026-07-26
NEWS-guardian_api-44cbb952c1d6,SCC-2013-05,guardian_api,no_version_candidates,,,2012-12-17,date_only_no_time,usable,,not_available_in_v1_layer,2026-07-22T21:09:02+00:00,,2026-07-22T21:09:02+00:00,confirmed_available_at,2026-07-22T21:09:02+00:00,2012-12-17,2026-07-22T21:09:02+00:00,yes_publication_claim_only,no,no,no,no,no,,version-link-v1.0-2026-07-26,layer=normalised-text-v1_provisional;pairs=near-dup-v1.0-2026-07-26;url=url-canon-v1.0-2026-07-27;syndication=syndication-v1.0-2026-07-26
NEWS-guardian_api-44efdb2d30c8,SCC-2013-05,guardian_api,no_version_candidates,,,2012-11-23,date_only_no_time,usable,,not_available_in_v1_layer,2026-07-22T21:08:55+00:00,,2026-07-22T21:08:55+00:00,confirmed_available_at,2026-07-22T21:08:55+00:00,2012-11-23,2026-07-22T21:08:55+00:00,yes_publication_claim_only,no,no,no,no,no,,version-link-v1.0-2026-07-26,layer=normalised-text-v1_provisional;pairs=near-dup-v1.0-2026-07-26;url=url-canon-v1.0-2026-07-27;syndication=syndication-v1.0-2026-07-26
NEWS-guardian_api-44f8ab87091f,SCC-2013-05,guardian_api,no_version_candidates,,,2013-01-17,date_only_no_time,usable,,not_available_in_v1_layer,2026-07-22T21:08:34+00:00,,2026-07-22T21:08:34+00:00,confirmed_available_at,2026-07-22T21:08:34+00:00,2013-01-17,2026-07-22T21:08:34+00:00,yes_publication_claim_only,no,no,no,no,no,,version-link-v1.0-2026-07-26,layer=normalised-text-v1_provisional;pairs=near-dup-v1.0-2026-07-26;url=url-canon-v1.0-2026-07-27;syndication=syndication-v1.0-2026-07-26
NEWS-guardian_api-450488ff31d0,ESWS-2026-05,guardian_api,no_version_candidates,,,2026-01-02,date_only_no_time,usable,,not_available_in_v1_layer,2026-07-22T21:08:18+00:00,,2026-07-22T21:08:18+00:00,confirmed_available_at,2026-07-22T21:08:18+00:00,2026-01-02,2026-07-22T21:08:18+00:00,yes_publication_claim_only,no,no,no,no,no,,version-link-v1.0-2026-07-26,layer=normalised-text-v1_provisional;pairs=near-dup-v1.0-2026-07-26;url=url-canon-v1.0-2026-07-27;syndication=syndication-v1.0-2026-07-26
NEWS-guardian_api-4573447824dd,ESWS-2026-05,guardian_api,no_version_candidates,,,2026-03-02,date_only_no_time,usable,,not_available_in_v1_layer,2026-07-22T21:08:10+00:00,,2026-07-22T21:08:10+00:00,confirmed_available_at,2026-07-22T21:08:10+00:00,2026-03-02,2026-07-22T21:08:10+00:00,yes_publication_claim_only,yes_publication_claim_only,no,no,no,no,,version-link-v1.0-2026-07-26,layer=normalised-text-v1_provisional;pairs=near-dup-v1.0-2026-07-26;url=url-canon-v1.0-2026-07-27;syndication=syndication-v1.0-2026-07-26
NEWS-guardian_api-45dba2dd797e,SCC-2013-05,guardian_api,no_version_candidates,,,2012-12-27,date_only_no_time,usable,,not_available_in_v1_layer,2026-07-22T21:09:07+00:00,,2026-07-22T21:09:07+00:00,confirmed_available_at,2026-07-22T21:09:07+00:00,2012-12-27,2026-07-22T21:09:07+00:00,yes_publication_claim_only,no,no,no,no,no,,version-link-v1.0-2026-07-26,layer=normalised-text-v1_provisional;pairs=near-dup-v1.0-2026-07-26;url=url-canon-v1.0-2026-07-27;syndication=syndication-v1.0-2026-07-26
NEWS-guardian_api-45fe1f268384,SCC-2013-05,guardian_api,no_version_candidates,,,2013-01-30,date_only_no_time,usable,,not_available_in_v1_layer,2026-07-22T21:08:38+00:00,,2026-07-22T21:08:38+00:00,confirmed_available_at,2026-07-22T21:08:38+00:00,2013-01-30,2026-07-22T21:08:38+00:00,yes_publication_claim_only,no,no,no,no,no,,version-link-v1.0-2026-07-26,layer=normalised-text-v1_provisional;pairs=near-dup-v1.0-2026-07-26;url=url-canon-v1.0-2026-07-27;syndication=syndication-v1.0-2026-07-26
NEWS-guardian_api-4603a0026a3b,SCC-2017-05,guardian_api,no_version_candidates,,,2016-12-14,date_only_no_time,usable,,not_available_in_v1_layer,2026-07-22T21:09:19+00:00,,2026-07-22T21:09:19+00:00,confirmed_available_at,2026-07-22T21:09:19+00:00,2016-12-14,2026-07-22T21:09:19+00:00,yes_publication_claim_only,no,no,no,no,no,,version-link-v1.0-2026-07-26,layer=normalised-text-v1_provisional;pairs=near-dup-v1.0-2026-07-26;url=url-canon-v1.0-2026-07-27;syndication=syndication-v1.0-2026-07-26
NEWS-guardian_api-460d65e7e842,SCC-2013-05,guardian_api,no_version_candidates,,,2012-12-19,date_only_no_time,usable,,not_available_in_v1_layer,2026-07-22T21:08:34+00:00,,2026-07-22T21:08:34+00:00,confirmed_available_at,2026-07-22T21:08:34+00:00,2012-12-19,2026-07-22T21:08:34+00:00,yes_publication_claim_only,no,no,no,no,no,,version-link-v1.0-2026-07-26,layer=normalised-text-v1_provisional;pairs=near-dup-v1.0-2026-07-26;url=url-canon-v1.0-2026-07-27;syndication=syndication-v1.0-2026-07-26
NEWS-guardian_api-4622fa1d7d1d,SCC-2017-05,guardian_api,no_version_candidates,,,2016-11-22,date_only_no_time,usable,,not_available_in_v1_layer,2026-07-22T21:09:15+00:00,,2026-07-22T21:09:15+00:00,confirmed_available_at,2026-07-22T21:09:15+00:00,2016-11-22,2026-07-22T21:09:15+00:00,yes_publication_claim_only,no,no,no,no,no,,version-link-v1.0-2026-07-26,layer=normalised-text-v1_provisional;pairs=near-dup-v1.0-2026-07-26;url=url-canon-v1.0-2026-07-27;syndication=syndication-v1.0-2026-07-26
NEWS-guardian_api-466ec0700a1f,SCC-2013-05,guardian_api,no_version_candidates,,,2012-11-24,date_only_no_time,usable,,not_available_in_v1_layer,2026-07-22T21:08:42+00:00,,2026-07-22T21:08:42+00:00,confirmed_available_at,2026-07-22T21:08:42+00:00,2012-11-24,2026-07-22T21:08:42+00:00,yes_publication_claim_only,no,no,no,no,no,,version-link-v1.0-2026-07-26,layer=normalised-text-v1_provisional;pairs=near-dup-v1.0-2026-07-26;url=url-canon-v1.0-2026-07-27;syndication=syndication-v1.0-2026-07-26
NEWS-guardian_api-4682d1f0fa60,ESWS-2026-05,guardian_api,no_version_candidates,,,2025-11-13,date_only_no_time,usable,,not_available_in_v1_layer,2026-07-22T21:07:52+00:00,,2026-07-22T21:07:52+00:00,confirmed_available_at,2026-07-22T21:07:52+00:00,2025-11-13,2026-07-22T21:07:52+00:00,yes_publication_claim_only,no,no,no,no,no,,version-link-v1.0-2026-07-26,layer=normalised-text-v1_provisional;pairs=near-dup-v1.0-2026-07-26;url=url-canon-v1.0-2026-07-27;syndication=syndication-v1.0-2026-07-26
NEWS-guardian_api-46b16ebe64ce,SCC-2017-05,guardian_api,no_version_candidates,,,2016-12-28,date_only_no_time,usable,,not_available_in_v1_layer,2026-07-22T21:09:40+00:00,,2026-07-22T21:09:40+00:00,confirmed_available_at,2026-07-22T21:09:40+00:00,2016-12-28,2026-07-22T21:09:40+00:00,yes_publication_claim_only,no,no,no,no,no,,version-link-v1.0-2026-07-26,layer=normalised-text-v1_provisional;pairs=near-dup-v1.0-2026-07-26;url=url-canon-v1.0-2026-07-27;syndication=syndication-v1.0-2026-07-26
NEWS-guardian_api-46ea0045bb1f,SCC-2021-05,guardian_api,no_version_candidates,,,2021-03-03,date_only_no_time,usable,,not_available_in_v1_layer,2026-07-22T21:10:33+00:00,,2026-07-22T21:10:33+00:00,confirmed_available_at,2026-07-22T21:10:33+00:00,2021-03-03,2026-07-22T21:10:33+00:00,yes_publication_claim_only,yes_publication_claim_only,no,no,no,no,,version-link-v1.0-2026-07-26,layer=normalised-text-v1_provisional;pairs=near-dup-v1.0-2026-07-26;url=url-canon-v1.0-2026-07-27;syndication=syndication-v1.0-2026-07-26
NEWS-guardian_api-47056d14258d,SCC-2017-05,guardian_api,no_version_candidates,,,2016-12-06,date_only_no_time,usable,,not_available_in_v1_layer,2026-07-22T21:09:47+00:00,,2026-07-22T21:09:47+00:00,confirmed_available_at,2026-07-22T21:09:47+00:00,2016-12-06,2026-07-22T21:09:47+00:00,yes_publication_claim_only,no,no,no,no,no,,version-link-v1.0-2026-07-26,layer=normalised-text-v1_provisional;pairs=near-dup-v1.0-2026-07-26;url=url-canon-v1.0-2026-07-27;syndication=syndication-v1.0-2026-07-26
NEWS-guardian_api-47083f1ac36d,SCC-2013-05,guardian_api,no_version_candidates,,,2013-01-07,date_only_no_time,usable,,not_available_in_v1_layer,2026-07-22T21:09:02+00:00,,2026-07-22T21:09:02+00:00,confirmed_available_at,2026-07-22T21:09:02+00:00,2013-01-07,2026-07-22T21:09:02+00:00,yes_publication_claim_only,no,no,no,no,no,,version-link-v1.0-2026-07-26,layer=normalised-text-v1_provisional;pairs=near-dup-v1.0-2026-07-26;url=url-canon-v1.0-2026-07-27;syndication=syndication-v1.0-2026-07-26
NEWS-guardian_api-4744e7bd8298,ESWS-2026-05,guardian_api,no_version_candidates,,,2025-11-08,date_only_no_time,usable,,not_available_in_v1_layer,2026-07-22T21:08:06+00:00,,2026-07-22T21:08:06+00:00,confirmed_available_at,2026-07-22T21:08:06+00:00,2025-11-08,2026-07-22T21:08:06+00:00,yes_publication_claim_only,no,no,no,no,no,,version-link-v1.0-2026-07-26,layer=normalised-text-v1_provisional;pairs=near-dup-v1.0-2026-07-26;url=url-canon-v1.0-2026-07-27;syndication=syndication-v1.0-2026-07-26
NEWS-guardian_api-4758fb4be13e,SCC-2013-05,guardian_api,no_version_candidates,,,2012-11-05,date_only_no_time,usable,,not_available_in_v1_layer,2026-07-22T21:08:58+00:00,,2026-07-22T21:08:58+00:00,confirmed_available_at,2026-07-22T21:08:58+00:00,2012-11-05,2026-07-22T21:08:58+00:00,yes_publication_claim_only,no,no,no,no,no,,version-link-v1.0-2026-07-26,layer=normalised-text-v1_provisional;pairs=near-dup-v1.0-2026-07-26;url=url-canon-v1.0-2026-07-27;syndication=syndication-v1.0-2026-07-26
NEWS-guardian_api-4771f90485f5,SCC-2017-05,guardian_api,no_version_candidates,,,2016-12-12,date_only_no_time,usable,,not_available_in_v1_layer,2026-07-22T21:09:39+00:00,,2026-07-22T21:09:39+00:00,confirmed_available_at,2026-07-22T21:09:39+00:00,2016-12-12,2026-07-22T21:09:39+00:00,yes_publication_claim_only,no,no,no,no,no,,version-link-v1.0-2026-07-26,layer=normalised-text-v1_provisional;pairs=near-dup-v1.0-2026-07-26;url=url-canon-v1.0-2026-07-27;syndication=syndication-v1.0-2026-07-26
NEWS-guardian_api-47870a1eeca3,ESWS-2026-05,guardian_api,no_version_candidates,,,2025-11-12,date_only_no_time,usable,,not_available_in_v1_layer,2026-07-22T21:08:23+00:00,,2026-07-22T21:08:23+00:00,confirmed_available_at,2026-07-22T21:08:23+00:00,2025-11-12,2026-07-22T21:08:23+00:00,yes_publication_claim_only,no,no,no,no,no,,version-link-v1.0-2026-07-26,layer=normalised-text-v1_provisional;pairs=near-dup-v1.0-2026-07-26;url=url-canon-v1.0-2026-07-27;syndication=syndication-v1.0-2026-07-26
NEWS-guardian_api-47e875309c89,ESWS-2026-05,guardian_api,no_version_candidates,,,2026-04-05,date_only_no_time,usable,,not_available_in_v1_layer,2026-07-22T21:07:54+00:00,,2026-07-22T21:07:54+00:00,confirmed_available_at,2026-07-22T21:07:54+00:00,2026-04-05,2026-07-22T21:07:54+00:00,yes_publication_claim_only,yes_publication_claim_only,no,no,no,no,,version-link-v1.0-2026-07-26,layer=normalised-text-v1_provisional;pairs=near-dup-v1.0-2026-07-26;url=url-canon-v1.0-2026-07-27;syndication=syndication-v1.0-2026-07-26
NEWS-guardian_api-4821da4437d6,SCC-2017-05,guardian_api,no_version_candidates,,,2016-12-18,date_only_no_time,usable,,not_available_in_v1_layer,2026-07-22T21:09:40+00:00,,2026-07-22T21:09:40+00:00,confirmed_available_at,2026-07-22T21:09:40+00:00,2016-12-18,2026-07-22T21:09:40+00:00,yes_publication_claim_only,no,no,no,no,no,,version-link-v1.0-2026-07-26,layer=normalised-text-v1_provisional;pairs=near-dup-v1.0-2026-07-26;url=url-canon-v1.0-2026-07-27;syndication=syndication-v1.0-2026-07-26
NEWS-guardian_api-483e065ddb73,SCC-2013-05,guardian_api,no_version_candidates,,,2012-11-23,date_only_no_time,usable,,not_available_in_v1_layer,2026-07-22T21:08:30+00:00,,2026-07-22T21:08:30+00:00,confirmed_available_at,2026-07-22T21:08:30+00:00,2012-11-23,2026-07-22T21:08:30+00:00,yes_publication_claim_only,no,no,no,no,no,,version-link-v1.0-2026-07-26,layer=normalised-text-v1_provisional;pairs=near-dup-v1.0-2026-07-26;url=url-canon-v1.0-2026-07-27;syndication=syndication-v1.0-2026-07-26
NEWS-guardian_api-485ec4888da0,SCC-2021-05,guardian_api,no_version_candidates,,,2020-11-13,date_only_no_time,usable,,not_available_in_v1_layer,2026-07-22T21:10:25+00:00,,2026-07-22T21:10:25+00:00,confirmed_available_at,2026-07-22T21:10:25+00:00,2020-11-13,2026-07-22T21:10:25+00:00,yes_publication_claim_only,no,no,no,no,no,,version-link-v1.0-2026-07-26,layer=normalised-text-v1_provisional;pairs=near-dup-v1.0-2026-07-26;url=url-canon-v1.0-2026-07-27;syndication=syndication-v1.0-2026-07-26
NEWS-guardian_api-4865dc171fcb,ESWS-2026-05,guardian_api,no_version_candidates,,,2025-11-13,date_only_no_time,usable,,not_available_in_v1_layer,2026-07-22T21:08:02+00:00,,2026-07-22T21:08:02+00:00,confirmed_available_at,2026-07-22T21:08:02+00:00,2025-11-13,2026-07-22T21:08:02+00:00,yes_publication_claim_only,no,no,no,no,no,,version-link-v1.0-2026-07-26,layer=normalised-text-v1_provisional;pairs=near-dup-v1.0-2026-07-26;url=url-canon-v1.0-2026-07-27;syndication=syndication-v1.0-2026-07-26
NEWS-guardian_api-48840c844799,SCC-2017-05,guardian_api,no_version_candidates,,,2016-12-26,date_only_no_time,usable,,not_available_in_v1_layer,2026-07-22T21:09:40+00:00,,2026-07-22T21:09:40+00:00,confirmed_available_at,2026-07-22T21:09:40+00:00,2016-12-26,2026-07-22T21:09:40+00:00,yes_publication_claim_only,no,no,no,no,no,,version-link-v1.0-2026-07-26,layer=normalised-text-v1_provisional;pairs=near-dup-v1.0-2026-07-26;url=url-canon-v1.0-2026-07-27;syndication=syndication-v1.0-2026-07-26
NEWS-guardian_api-488ab1a37d39,SCC-2017-05,guardian_api,no_version_candidates,,,2016-11-15,date_only_no_time,usable,,not_available_in_v1_layer,2026-07-22T21:09:32+00:00,,2026-07-22T21:09:32+00:00,confirmed_available_at,2026-07-22T21:09:32+00:00,2016-11-15,2026-07-22T21:09:32+00:00,yes_publication_claim_only,no,no,no,no,no,,version-link-v1.0-2026-07-26,layer=normalised-text-v1_provisional;pairs=near-dup-v1.0-2026-07-26;url=url-canon-v1.0-2026-07-27;syndication=syndication-v1.0-2026-07-26
NEWS-guardian_api-488bda8664f0,SCC-2021-05,guardian_api,no_version_candidates,,,2020-11-25,date_only_no_time,usable,,not_available_in_v1_layer,2026-07-22T21:10:25+00:00,,2026-07-22T21:10:25+00:00,confirmed_available_at,2026-07-22T21:10:25+00:00,2020-11-25,2026-07-22T21:10:25+00:00,yes_publication_claim_only,no,no,no,no,no,,version-link-v1.0-2026-07-26,layer=normalised-text-v1_provisional;pairs=near-dup-v1.0-2026-07-26;url=url-canon-v1.0-2026-07-27;syndication=syndication-v1.0-2026-07-26
NEWS-guardian_api-48ed6cd1c4e8,SCC-2013-05,guardian_api,no_version_candidates,,,2012-11-26,date_only_no_time,usable,,not_available_in_v1_layer,2026-07-22T21:09:02+00:00,,2026-07-22T21:09:02+00:00,confirmed_available_at,2026-07-22T21:09:02+00:00,2012-11-26,2026-07-22T21:09:02+00:00,yes_publication_claim_only,no,no,no,no,no,,version-link-v1.0-2026-07-26,layer=normalised-text-v1_provisional;pairs=near-dup-v1.0-2026-07-26;url=url-canon-v1.0-2026-07-27;syndication=syndication-v1.0-2026-07-26
NEWS-guardian_api-48fa99049bf7,ESWS-2026-05,guardian_api,no_version_candidates,,,2026-01-24,date_only_no_time,usable,,not_available_in_v1_layer,2026-07-22T21:08:18+00:00,,2026-07-22T21:08:18+00:00,confirmed_available_at,2026-07-22T21:08:18+00:00,2026-01-24,2026-07-22T21:08:18+00:00,yes_publication_claim_only,no,no,no,no,no,,version-link-v1.0-2026-07-26,layer=normalised-text-v1_provisional;pairs=near-dup-v1.0-2026-07-26;url=url-canon-v1.0-2026-07-27;syndication=syndication-v1.0-2026-07-26
NEWS-guardian_api-490f49b17990,ESWS-2026-05,guardian_api,no_version_candidates,,,2026-04-01,date_only_no_time,usable,,not_available_in_v1_layer,2026-07-22T21:08:18+00:00,,2026-07-22T21:08:18+00:00,confirmed_available_at,2026-07-22T21:08:18+00:00,2026-04-01,2026-07-22T21:08:18+00:00,yes_publication_claim_only,yes_publication_claim_only,no,no,no,no,,version-link-v1.0-2026-07-26,layer=normalised-text-v1_provisional;pairs=near-dup-v1.0-2026-07-26;url=url-canon-v1.0-2026-07-27;syndication=syndication-v1.0-2026-07-26
NEWS-guardian_api-491b9de4e07b,SCC-2013-05,guardian_api,no_version_candidates,,,2012-12-05,date_only_no_time,usable,,not_available_in_v1_layer,2026-07-22T21:08:55+00:00,,2026-07-22T21:08:55+00:00,confirmed_available_at,2026-07-22T21:08:55+00:00,2012-12-05,2026-07-22T21:08:55+00:00,yes_publication_claim_only,no,no,no,no,no,,version-link-v1.0-2026-07-26,layer=normalised-text-v1_provisional;pairs=near-dup-v1.0-2026-07-26;url=url-canon-v1.0-2026-07-27;syndication=syndication-v1.0-2026-07-26
NEWS-guardian_api-4925d9ac4e1d,SCC-2017-05,guardian_api,no_version_candidates,,,2017-01-03,date_only_no_time,usable,,not_available_in_v1_layer,2026-07-22T21:09:19+00:00,,2026-07-22T21:09:19+00:00,confirmed_available_at,2026-07-22T21:09:19+00:00,2017-01-03,2026-07-22T21:09:19+00:00,yes_publication_claim_only,no,no,no,no,no,,version-link-v1.0-2026-07-26,layer=normalised-text-v1_provisional;pairs=near-dup-v1.0-2026-07-26;url=url-canon-v1.0-2026-07-27;syndication=syndication-v1.0-2026-07-26
NEWS-guardian_api-49403b4fa96e,SCC-2013-05,guardian_api,no_version_candidates,,,2012-11-15,date_only_no_time,usable,,not_available_in_v1_layer,2026-07-22T21:08:30+00:00,,2026-07-22T21:08:30+00:00,confirmed_available_at,2026-07-22T21:08:30+00:00,2012-11-15,2026-07-22T21:08:30+00:00,yes_publication_claim_only,no,no,no,no,no,,version-link-v1.0-2026-07-26,layer=normalised-text-v1_provisional;pairs=near-dup-v1.0-2026-07-26;url=url-canon-v1.0-2026-07-27;syndication=syndication-v1.0-2026-07-26
NEWS-guardian_api-49c82c948c70,SCC-2017-05,guardian_api,no_version_candidates,,,2016-11-08,date_only_no_time,usable,,not_available_in_v1_layer,2026-07-22T21:09:32+00:00,,2026-07-22T21:09:32+00:00,confirmed_available_at,2026-07-22T21:09:32+00:00,2016-11-08,2026-07-22T21:09:32+00:00,yes_publication_claim_only,no,no,no,no,no,,version-link-v1.0-2026-07-26,layer=normalised-text-v1_provisional;pairs=near-dup-v1.0-2026-07-26;url=url-canon-v1.0-2026-07-27;syndication=syndication-v1.0-2026-07-26
NEWS-guardian_api-49f1829afe2e,ESWS-2026-05,guardian_api,no_version_candidates,,,2026-02-07,date_only_no_time,usable,,not_available_in_v1_layer,2026-07-22T21:08:10+00:00,,2026-07-22T21:08:10+00:00,confirmed_available_at,2026-07-22T21:08:10+00:00,2026-02-07,2026-07-22T21:08:10+00:00,yes_publication_claim_only,yes_publication_claim_only,no,no,no,no,,version-link-v1.0-2026-07-26,layer=normalised-text-v1_provisional;pairs=near-dup-v1.0-2026-07-26;url=url-canon-v1.0-2026-07-27;syndication=syndication-v1.0-2026-07-26
NEWS-guardian_api-49fa71ce48f3,ESWS-2026-05,guardian_api,no_version_candidates,,,2025-11-10,date_only_no_time,usable,,not_available_in_v1_layer,2026-07-22T21:08:14+00:00,,2026-07-22T21:08:14+00:00,confirmed_available_at,2026-07-22T21:08:14+00:00,2025-11-10,2026-07-22T21:08:14+00:00,yes_publication_claim_only,no,no,no,no,no,,version-link-v1.0-2026-07-26,layer=normalised-text-v1_provisional;pairs=near-dup-v1.0-2026-07-26;url=url-canon-v1.0-2026-07-27;syndication=syndication-v1.0-2026-07-26
NEWS-guardian_api-4a04a7319e81,ESWS-2026-05,guardian_api,no_version_candidates,,,2025-11-18,date_only_no_time,usable,,not_available_in_v1_layer,2026-07-22T21:07:52+00:00,,2026-07-22T21:07:52+00:00,confirmed_available_at,2026-07-22T21:07:52+00:00,2025-11-18,2026-07-22T21:07:52+00:00,yes_publication_claim_only,no,no,no,no,no,,version-link-v1.0-2026-07-26,layer=normalised-text-v1_provisional;pairs=near-dup-v1.0-2026-07-26;url=url-canon-v1.0-2026-07-27;syndication=syndication-v1.0-2026-07-26
NEWS-guardian_api-4a327d6c0af6,SCC-2017-05,guardian_api,no_version_candidates,,,2016-11-06,date_only_no_time,usable,,not_available_in_v1_layer,2026-07-22T21:09:15+00:00,,2026-07-22T21:09:15+00:00,confirmed_available_at,2026-07-22T21:09:15+00:00,2016-11-06,2026-07-22T21:09:15+00:00,yes_publication_claim_only,no,no,no,no,no,,version-link-v1.0-2026-07-26,layer=normalised-text-v1_provisional;pairs=near-dup-v1.0-2026-07-26;url=url-canon-v1.0-2026-07-27;syndication=syndication-v1.0-2026-07-26
NEWS-guardian_api-4a5a0c1cebb9,SCC-2013-05,guardian_api,no_version_candidates,,,2012-12-02,date_only_no_time,usable,,not_available_in_v1_layer,2026-07-22T21:08:34+00:00,,2026-07-22T21:08:34+00:00,confirmed_available_at,2026-07-22T21:08:34+00:00,2012-12-02,2026-07-22T21:08:34+00:00,yes_publication_claim_only,no,no,no,no,no,,version-link-v1.0-2026-07-26,layer=normalised-text-v1_provisional;pairs=near-dup-v1.0-2026-07-26;url=url-canon-v1.0-2026-07-27;syndication=syndication-v1.0-2026-07-26
NEWS-guardian_api-4a63fe21b341,ESWS-2026-05,guardian_api,no_version_candidates,,,2025-11-26,date_only_no_time,usable,,not_available_in_v1_layer,2026-07-22T21:07:48+00:00,,2026-07-22T21:07:48+00:00,confirmed_available_at,2026-07-22T21:07:48+00:00,2025-11-26,2026-07-22T21:07:48+00:00,yes_publication_claim_only,no,no,no,no,no,,version-link-v1.0-2026-07-26,layer=normalised-text-v1_provisional;pairs=near-dup-v1.0-2026-07-26;url=url-canon-v1.0-2026-07-27;syndication=syndication-v1.0-2026-07-26
NEWS-guardian_api-4a8ca7fea2f3,SCC-2021-05,guardian_api,no_version_candidates,,,2021-02-02,date_only_no_time,usable,,not_available_in_v1_layer,2026-07-22T21:10:03+00:00,,2026-07-22T21:10:03+00:00,confirmed_available_at,2026-07-22T21:10:03+00:00,2021-02-02,2026-07-22T21:10:03+00:00,yes_publication_claim_only,no,no,no,no,no,,version-link-v1.0-2026-07-26,layer=normalised-text-v1_provisional;pairs=near-dup-v1.0-2026-07-26;url=url-canon-v1.0-2026-07-27;syndication=syndication-v1.0-2026-07-26
NEWS-guardian_api-4aa41b87052c,SCC-2013-05,guardian_api,no_version_candidates,,,2013-01-31,date_only_no_time,usable,,not_available_in_v1_layer,2026-07-22T21:09:02+00:00,,2026-07-22T21:09:02+00:00,confirmed_available_at,2026-07-22T21:09:02+00:00,2013-01-31,2026-07-22T21:09:02+00:00,yes_publication_claim_only,no,no,no,no,no,,version-link-v1.0-2026-07-26,layer=normalised-text-v1_provisional;pairs=near-dup-v1.0-2026-07-26;url=url-canon-v1.0-2026-07-27;syndication=syndication-v1.0-2026-07-26
NEWS-guardian_api-4ab501c5218b,SCC-2013-05,guardian_api,no_version_candidates,,,2012-12-01,date_only_no_time,usable,,not_available_in_v1_layer,2026-07-22T21:08:34+00:00,,2026-07-22T21:08:34+00:00,confirmed_available_at,2026-07-22T21:08:34+00:00,2012-12-01,2026-07-22T21:08:34+00:00,yes_publication_claim_only,no,no,no,no,no,,version-link-v1.0-2026-07-26,layer=normalised-text-v1_provisional;pairs=near-dup-v1.0-2026-07-26;url=url-canon-v1.0-2026-07-27;syndication=syndication-v1.0-2026-07-26
NEWS-guardian_api-4b978c0369c4,ESWS-2026-05,guardian_api,no_version_candidates,,,2025-11-16,date_only_no_time,usable,,not_available_in_v1_layer,2026-07-22T21:08:10+00:00,,2026-07-22T21:08:10+00:00,confirmed_available_at,2026-07-22T21:08:10+00:00,2025-11-16,2026-07-22T21:08:10+00:00,yes_publication_claim_only,no,no,no,no,no,,version-link-v1.0-2026-07-26,layer=normalised-text-v1_provisional;pairs=near-dup-v1.0-2026-07-26;url=url-canon-v1.0-2026-07-27;syndication=syndication-v1.0-2026-07-26
NEWS-guardian_api-4b9b4407a133,SCC-2017-05,guardian_api,no_version_candidates,,,2017-01-18,date_only_no_time,usable,,not_available_in_v1_layer,2026-07-22T21:09:47+00:00,,2026-07-22T21:09:47+00:00,confirmed_available_at,2026-07-22T21:09:47+00:00,2017-01-18,2026-07-22T21:09:47+00:00,yes_publication_claim_only,no,no,no,no,no,,version-link-v1.0-2026-07-26,layer=normalised-text-v1_provisional;pairs=near-dup-v1.0-2026-07-26;url=url-canon-v1.0-2026-07-27;syndication=syndication-v1.0-2026-07-26
NEWS-guardian_api-4b9c3dee8714,SCC-2013-05,guardian_api,no_version_candidates,,,2013-01-30,date_only_no_time,usable,,not_available_in_v1_layer,2026-07-22T21:09:02+00:00,,2026-07-22T21:09:02+00:00,confirmed_available_at,2026-07-22T21:09:02+00:00,2013-01-30,2026-07-22T21:09:02+00:00,yes_publication_claim_only,no,no,no,no,no,,version-link-v1.0-2026-07-26,layer=normalised-text-v1_provisional;pairs=near-dup-v1.0-2026-07-26;url=url-canon-v1.0-2026-07-27;syndication=syndication-v1.0-2026-07-26
NEWS-guardian_api-4bcf8566e6eb,SCC-2013-05,guardian_api,no_version_candidates,,,2012-11-15,date_only_no_time,usable,,not_available_in_v1_layer,2026-07-22T21:08:55+00:00,,2026-07-22T21:08:55+00:00,confirmed_available_at,2026-07-22T21:08:55+00:00,2012-11-15,2026-07-22T21:08:55+00:00,yes_publication_claim_only,no,no,no,no,no,,version-link-v1.0-2026-07-26,layer=normalised-text-v1_provisional;pairs=near-dup-v1.0-2026-07-26;url=url-canon-v1.0-2026-07-27;syndication=syndication-v1.0-2026-07-26
NEWS-guardian_api-4c09594faed5,ESWS-2026-05,guardian_api,no_version_candidates,,,2025-11-10,date_only_no_time,usable,,not_available_in_v1_layer,2026-07-22T21:08:14+00:00,,2026-07-22T21:08:14+00:00,confirmed_available_at,2026-07-22T21:08:14+00:00,2025-11-10,2026-07-22T21:08:14+00:00,yes_publication_claim_only,no,no,no,no,no,,version-link-v1.0-2026-07-26,layer=normalised-text-v1_provisional;pairs=near-dup-v1.0-2026-07-26;url=url-canon-v1.0-2026-07-27;syndication=syndication-v1.0-2026-07-26
NEWS-guardian_api-4c92da7e9813,SCC-2021-05,guardian_api,no_version_candidates,,,2021-03-15,date_only_no_time,usable,,not_available_in_v1_layer,2026-07-22T21:10:07+00:00,,2026-07-22T21:10:07+00:00,confirmed_available_at,2026-07-22T21:10:07+00:00,2021-03-15,2026-07-22T21:10:07+00:00,yes_publication_claim_only,yes_publication_claim_only,no,no,no,no,,version-link-v1.0-2026-07-26,layer=normalised-text-v1_provisional;pairs=near-dup-v1.0-2026-07-26;url=url-canon-v1.0-2026-07-27;syndication=syndication-v1.0-2026-07-26
NEWS-guardian_api-4cd04152ec0e,SCC-2017-05,guardian_api,no_version_candidates,,,2016-11-30,date_only_no_time,usable,,not_available_in_v1_layer,2026-07-22T21:09:39+00:00,,2026-07-22T21:09:39+00:00,confirmed_available_at,2026-07-22T21:09:39+00:00,2016-11-30,2026-07-22T21:09:39+00:00,yes_publication_claim_only,no,no,no,no,no,,version-link-v1.0-2026-07-26,layer=normalised-text-v1_provisional;pairs=near-dup-v1.0-2026-07-26;url=url-canon-v1.0-2026-07-27;syndication=syndication-v1.0-2026-07-26
NEWS-guardian_api-4d1d713aaf4a,ESWS-2026-05,guardian_api,no_version_candidates,,,2026-02-10,date_only_no_time,usable,,not_available_in_v1_layer,2026-07-22T21:08:18+00:00,,2026-07-22T21:08:18+00:00,confirmed_available_at,2026-07-22T21:08:18+00:00,2026-02-10,2026-07-22T21:08:18+00:00,yes_publication_claim_only,yes_publication_claim_only,no,no,no,no,,version-link-v1.0-2026-07-26,layer=normalised-text-v1_provisional;pairs=near-dup-v1.0-2026-07-26;url=url-canon-v1.0-2026-07-27;syndication=syndication-v1.0-2026-07-26
NEWS-guardian_api-4d33f68020c8,ESWS-2026-05,guardian_api,no_version_candidates,,,2025-11-18,date_only_no_time,usable,,not_available_in_v1_layer,2026-07-22T21:07:44+00:00,,2026-07-22T21:07:44+00:00,confirmed_available_at,2026-07-22T21:07:44+00:00,2025-11-18,2026-07-22T21:07:44+00:00,yes_publication_claim_only,no,no,no,no,no,,version-link-v1.0-2026-07-26,layer=normalised-text-v1_provisional;pairs=near-dup-v1.0-2026-07-26;url=url-canon-v1.0-2026-07-27;syndication=syndication-v1.0-2026-07-26
NEWS-guardian_api-4d70f2703864,ESWS-2026-05,guardian_api,no_version_candidates,,,2025-11-26,date_only_no_time,usable,,not_available_in_v1_layer,2026-07-22T21:08:18+00:00,,2026-07-22T21:08:18+00:00,confirmed_available_at,2026-07-22T21:08:18+00:00,2025-11-26,2026-07-22T21:08:18+00:00,yes_publication_claim_only,no,no,no,no,no,,version-link-v1.0-2026-07-26,layer=normalised-text-v1_provisional;pairs=near-dup-v1.0-2026-07-26;url=url-canon-v1.0-2026-07-27;syndication=syndication-v1.0-2026-07-26
NEWS-guardian_api-4d7156b4be7d,SCC-2017-05,guardian_api,no_version_candidates,,,2016-12-23,date_only_no_time,usable,,not_available_in_v1_layer,2026-07-22T21:09:19+00:00,,2026-07-22T21:09:19+00:00,confirmed_available_at,2026-07-22T21:09:19+00:00,2016-12-23,2026-07-22T21:09:19+00:00,yes_publication_claim_only,no,no,no,no,no,,version-link-v1.0-2026-07-26,layer=normalised-text-v1_provisional;pairs=near-dup-v1.0-2026-07-26;url=url-canon-v1.0-2026-07-27;syndication=syndication-v1.0-2026-07-26
NEWS-guardian_api-4dc219ddb1f2,SCC-2017-05,guardian_api,no_version_candidates,,,2016-11-30,date_only_no_time,usable,,not_available_in_v1_layer,2026-07-22T21:09:19+00:00,,2026-07-22T21:09:19+00:00,confirmed_available_at,2026-07-22T21:09:19+00:00,2016-11-30,2026-07-22T21:09:19+00:00,yes_publication_claim_only,no,no,no,no,no,,version-link-v1.0-2026-07-26,layer=normalised-text-v1_provisional;pairs=near-dup-v1.0-2026-07-26;url=url-canon-v1.0-2026-07-27;syndication=syndication-v1.0-2026-07-26
NEWS-guardian_api-4e3d4385d689,SCC-2017-05,guardian_api,no_version_candidates,,,2016-11-23,date_only_no_time,usable,,not_available_in_v1_layer,2026-07-22T21:09:47+00:00,,2026-07-22T21:09:47+00:00,confirmed_available_at,2026-07-22T21:09:47+00:00,2016-11-23,2026-07-22T21:09:47+00:00,yes_publication_claim_only,no,no,no,no,no,,version-link-v1.0-2026-07-26,layer=normalised-text-v1_provisional;pairs=near-dup-v1.0-2026-07-26;url=url-canon-v1.0-2026-07-27;syndication=syndication-v1.0-2026-07-26
NEWS-guardian_api-4e4b6aecfe62,SCC-2013-05,guardian_api,no_version_candidates,,,2013-04-13,date_only_no_time,usable,,not_available_in_v1_layer,2026-07-22T21:09:08+00:00,,2026-07-22T21:09:08+00:00,confirmed_available_at,2026-07-22T21:09:08+00:00,2013-04-13,2026-07-22T21:09:08+00:00,yes_publication_claim_only,yes_publication_claim_only,yes_publication_claim_only,no,no,no,,version-link-v1.0-2026-07-26,layer=normalised-text-v1_provisional;pairs=near-dup-v1.0-2026-07-26;url=url-canon-v1.0-2026-07-27;syndication=syndication-v1.0-2026-07-26
NEWS-guardian_api-4e4d5c158aee,SCC-2013-05,guardian_api,no_version_candidates,,,2013-01-05,date_only_no_time,usable,,not_available_in_v1_layer,2026-07-22T21:08:38+00:00,,2026-07-22T21:08:38+00:00,confirmed_available_at,2026-07-22T21:08:38+00:00,2013-01-05,2026-07-22T21:08:38+00:00,yes_publication_claim_only,no,no,no,no,no,,version-link-v1.0-2026-07-26,layer=normalised-text-v1_provisional;pairs=near-dup-v1.0-2026-07-26;url=url-canon-v1.0-2026-07-27;syndication=syndication-v1.0-2026-07-26
NEWS-guardian_api-4e806ff40142,ESWS-2026-05,guardian_api,no_version_candidates,,,2025-11-19,date_only_no_time,usable,,not_available_in_v1_layer,2026-07-22T21:07:44+00:00,,2026-07-22T21:07:44+00:00,confirmed_available_at,2026-07-22T21:07:44+00:00,2025-11-19,2026-07-22T21:07:44+00:00,yes_publication_claim_only,no,no,no,no,no,,version-link-v1.0-2026-07-26,layer=normalised-text-v1_provisional;pairs=near-dup-v1.0-2026-07-26;url=url-canon-v1.0-2026-07-27;syndication=syndication-v1.0-2026-07-26
NEWS-guardian_api-4f025a972a20,SCC-2017-05,guardian_api,no_version_candidates,,,2016-11-05,date_only_no_time,usable,,not_available_in_v1_layer,2026-07-22T21:09:36+00:00,,2026-07-22T21:09:36+00:00,confirmed_available_at,2026-07-22T21:09:36+00:00,2016-11-05,2026-07-22T21:09:36+00:00,yes_publication_claim_only,no,no,no,no,no,,version-link-v1.0-2026-07-26,layer=normalised-text-v1_provisional;pairs=near-dup-v1.0-2026-07-26;url=url-canon-v1.0-2026-07-27;syndication=syndication-v1.0-2026-07-26
NEWS-guardian_api-4f0bd20943f7,SCC-2017-05,guardian_api,no_version_candidates,,,2016-12-12,date_only_no_time,usable,,not_available_in_v1_layer,2026-07-22T21:09:19+00:00,,2026-07-22T21:09:19+00:00,confirmed_available_at,2026-07-22T21:09:19+00:00,2016-12-12,2026-07-22T21:09:19+00:00,yes_publication_claim_only,no,no,no,no,no,,version-link-v1.0-2026-07-26,layer=normalised-text-v1_provisional;pairs=near-dup-v1.0-2026-07-26;url=url-canon-v1.0-2026-07-27;syndication=syndication-v1.0-2026-07-26
NEWS-guardian_api-4f1e20a83b5f,SCC-2013-05,guardian_api,no_version_candidates,,,2012-11-19,date_only_no_time,usable,,not_available_in_v1_layer,2026-07-22T21:08:30+00:00,,2026-07-22T21:08:30+00:00,confirmed_available_at,2026-07-22T21:08:30+00:00,2012-11-19,2026-07-22T21:08:30+00:00,yes_publication_claim_only,no,no,no,no,no,,version-link-v1.0-2026-07-26,layer=normalised-text-v1_provisional;pairs=near-dup-v1.0-2026-07-26;url=url-canon-v1.0-2026-07-27;syndication=syndication-v1.0-2026-07-26
NEWS-guardian_api-4f24b86e094e,SCC-2017-05,guardian_api,no_version_candidates,,,2017-03-29,date_only_no_time,usable,,not_available_in_v1_layer,2026-07-22T21:09:52+00:00,,2026-07-22T21:09:52+00:00,confirmed_available_at,2026-07-22T21:09:52+00:00,2017-03-29,2026-07-22T21:09:52+00:00,yes_publication_claim_only,yes_publication_claim_only,no,no,no,no,,version-link-v1.0-2026-07-26,layer=normalised-text-v1_provisional;pairs=near-dup-v1.0-2026-07-26;url=url-canon-v1.0-2026-07-27;syndication=syndication-v1.0-2026-07-26
NEWS-guardian_api-4f38e2fac227,SCC-2017-05,guardian_api,no_version_candidates,,,2016-12-08,date_only_no_time,usable,,not_available_in_v1_layer,2026-07-22T21:09:19+00:00,,2026-07-22T21:09:19+00:00,confirmed_available_at,2026-07-22T21:09:19+00:00,2016-12-08,2026-07-22T21:09:19+00:00,yes_publication_claim_only,no,no,no,no,no,,version-link-v1.0-2026-07-26,layer=normalised-text-v1_provisional;pairs=near-dup-v1.0-2026-07-26;url=url-canon-v1.0-2026-07-27;syndication=syndication-v1.0-2026-07-26
NEWS-guardian_api-4f72de952114,SCC-2013-05,guardian_api,no_version_candidates,,,2012-11-12,date_only_no_time,usable,,not_available_in_v1_layer,2026-07-22T21:08:42+00:00,,2026-07-22T21:08:42+00:00,confirmed_available_at,2026-07-22T21:08:42+00:00,2012-11-12,2026-07-22T21:08:42+00:00,yes_publication_claim_only,no,no,no,no,no,,version-link-v1.0-2026-07-26,layer=normalised-text-v1_provisional;pairs=near-dup-v1.0-2026-07-26;url=url-canon-v1.0-2026-07-27;syndication=syndication-v1.0-2026-07-26
NEWS-guardian_api-4f87f44ad338,ESWS-2026-05,guardian_api,no_version_candidates,,,2025-11-12,date_only_no_time,usable,,not_available_in_v1_layer,2026-07-22T21:07:52+00:00,,2026-07-22T21:07:52+00:00,confirmed_available_at,2026-07-22T21:07:52+00:00,2025-11-12,2026-07-22T21:07:52+00:00,yes_publication_claim_only,no,no,no,no,no,,version-link-v1.0-2026-07-26,layer=normalised-text-v1_provisional;pairs=near-dup-v1.0-2026-07-26;url=url-canon-v1.0-2026-07-27;syndication=syndication-v1.0-2026-07-26
NEWS-guardian_api-4fa2b1e31ccd,SCC-2021-05,guardian_api,no_version_candidates,,,2021-01-27,date_only_no_time,usable,,not_available_in_v1_layer,2026-07-22T21:10:32+00:00,,2026-07-22T21:10:32+00:00,confirmed_available_at,2026-07-22T21:10:32+00:00,2021-01-27,2026-07-22T21:10:32+00:00,yes_publication_claim_only,no,no,no,no,no,,version-link-v1.0-2026-07-26,layer=normalised-text-v1_provisional;pairs=near-dup-v1.0-2026-07-26;url=url-canon-v1.0-2026-07-27;syndication=syndication-v1.0-2026-07-26
NEWS-guardian_api-4fa8c2522a89,SCC-2021-05,guardian_api,no_version_candidates,,,2020-11-09,date_only_no_time,usable,,not_available_in_v1_layer,2026-07-22T21:10:28+00:00,,2026-07-22T21:10:28+00:00,confirmed_available_at,2026-07-22T21:10:28+00:00,2020-11-09,2026-07-22T21:10:28+00:00,yes_publication_claim_only,no,no,no,no,no,,version-link-v1.0-2026-07-26,layer=normalised-text-v1_provisional;pairs=near-dup-v1.0-2026-07-26;url=url-canon-v1.0-2026-07-27;syndication=syndication-v1.0-2026-07-26
NEWS-guardian_api-4fc41ad01b24,SCC-2013-05,guardian_api,no_version_candidates,,,2012-11-03,date_only_no_time,usable,,not_available_in_v1_layer,2026-07-22T21:08:51+00:00,,2026-07-22T21:08:51+00:00,confirmed_available_at,2026-07-22T21:08:51+00:00,2012-11-03,2026-07-22T21:08:51+00:00,yes_publication_claim_only,no,no,no,no,no,,version-link-v1.0-2026-07-26,layer=normalised-text-v1_provisional;pairs=near-dup-v1.0-2026-07-26;url=url-canon-v1.0-2026-07-27;syndication=syndication-v1.0-2026-07-26
NEWS-guardian_api-4fc5c3232fab,SCC-2017-05,guardian_api,no_version_candidates,,,2016-12-05,date_only_no_time,usable,,not_available_in_v1_layer,2026-07-22T21:09:47+00:00,,2026-07-22T21:09:47+00:00,confirmed_available_at,2026-07-22T21:09:47+00:00,2016-12-05,2026-07-22T21:09:47+00:00,yes_publication_claim_only,no,no,no,no,no,,version-link-v1.0-2026-07-26,layer=normalised-text-v1_provisional;pairs=near-dup-v1.0-2026-07-26;url=url-canon-v1.0-2026-07-27;syndication=syndication-v1.0-2026-07-26
NEWS-guardian_api-4fd3e017bfee,SCC-2017-05,guardian_api,no_version_candidates,,,2016-12-21,date_only_no_time,usable,,not_available_in_v1_layer,2026-07-22T21:09:40+00:00,,2026-07-22T21:09:40+00:00,confirmed_available_at,2026-07-22T21:09:40+00:00,2016-12-21,2026-07-22T21:09:40+00:00,yes_publication_claim_only,no,no,no,no,no,,version-link-v1.0-2026-07-26,layer=normalised-text-v1_provisional;pairs=near-dup-v1.0-2026-07-26;url=url-canon-v1.0-2026-07-27;syndication=syndication-v1.0-2026-07-26
NEWS-guardian_api-4fd83ae381b3,SCC-2017-05,guardian_api,no_version_candidates,,,2016-11-12,date_only_no_time,usable,,not_available_in_v1_layer,2026-07-22T21:09:39+00:00,,2026-07-22T21:09:39+00:00,confirmed_available_at,2026-07-22T21:09:39+00:00,2016-11-12,2026-07-22T21:09:39+00:00,yes_publication_claim_only,no,no,no,no,no,,version-link-v1.0-2026-07-26,layer=normalised-text-v1_provisional;pairs=near-dup-v1.0-2026-07-26;url=url-canon-v1.0-2026-07-27;syndication=syndication-v1.0-2026-07-26
NEWS-guardian_api-4fdc0a27389e,SCC-2017-05,guardian_api,no_version_candidates,,,2017-02-05,date_only_no_time,usable,,not_available_in_v1_layer,2026-07-22T21:09:26+00:00,,2026-07-22T21:09:26+00:00,confirmed_available_at,2026-07-22T21:09:26+00:00,2017-02-05,2026-07-22T21:09:26+00:00,yes_publication_claim_only,yes_publication_claim_only,no,no,no,no,,version-link-v1.0-2026-07-26,layer=normalised-text-v1_provisional;pairs=near-dup-v1.0-2026-07-26;url=url-canon-v1.0-2026-07-27;syndication=syndication-v1.0-2026-07-26
NEWS-guardian_api-4fdcedc44082,SCC-2017-05,guardian_api,no_version_candidates,,,2017-02-14,date_only_no_time,usable,,not_available_in_v1_layer,2026-07-22T21:09:23+00:00,,2026-07-22T21:09:23+00:00,confirmed_available_at,2026-07-22T21:09:23+00:00,2017-02-14,2026-07-22T21:09:23+00:00,yes_publication_claim_only,yes_publication_claim_only,no,no,no,no,,version-link-v1.0-2026-07-26,layer=normalised-text-v1_provisional;pairs=near-dup-v1.0-2026-07-26;url=url-canon-v1.0-2026-07-27;syndication=syndication-v1.0-2026-07-26
NEWS-guardian_api-50058ed6637e,SCC-2017-05,guardian_api,no_version_candidates,,,2016-11-11,date_only_no_time,usable,,not_available_in_v1_layer,2026-07-22T21:09:15+00:00,,2026-07-22T21:09:15+00:00,confirmed_available_at,2026-07-22T21:09:15+00:00,2016-11-11,2026-07-22T21:09:15+00:00,yes_publication_claim_only,no,no,no,no,no,,version-link-v1.0-2026-07-26,layer=normalised-text-v1_provisional;pairs=near-dup-v1.0-2026-07-26;url=url-canon-v1.0-2026-07-27;syndication=syndication-v1.0-2026-07-26
NEWS-guardian_api-50225d7c761f,ESWS-2026-05,guardian_api,no_version_candidates,,,2025-11-13,date_only_no_time,usable,,not_available_in_v1_layer,2026-07-22T21:07:44+00:00,,2026-07-22T21:07:44+00:00,confirmed_available_at,2026-07-22T21:07:44+00:00,2025-11-13,2026-07-22T21:07:44+00:00,yes_publication_claim_only,no,no,no,no,no,,version-link-v1.0-2026-07-26,layer=normalised-text-v1_provisional;pairs=near-dup-v1.0-2026-07-26;url=url-canon-v1.0-2026-07-27;syndication=syndication-v1.0-2026-07-26
NEWS-guardian_api-5038006b1cf4,SCC-2013-05,guardian_api,no_version_candidates,,,2013-02-07,date_only_no_time,usable,,not_available_in_v1_layer,2026-07-22T21:09:02+00:00,,2026-07-22T21:09:02+00:00,confirmed_available_at,2026-07-22T21:09:02+00:00,2013-02-07,2026-07-22T21:09:02+00:00,yes_publication_claim_only,yes_publication_claim_only,no,no,no,no,,version-link-v1.0-2026-07-26,layer=normalised-text-v1_provisional;pairs=near-dup-v1.0-2026-07-26;url=url-canon-v1.0-2026-07-27;syndication=syndication-v1.0-2026-07-26
NEWS-guardian_api-5042a06f1561,ESWS-2026-05,guardian_api,no_version_candidates,,,2026-02-22,date_only_no_time,usable,,not_available_in_v1_layer,2026-07-22T21:08:10+00:00,,2026-07-22T21:08:10+00:00,confirmed_available_at,2026-07-22T21:08:10+00:00,2026-02-22,2026-07-22T21:08:10+00:00,yes_publication_claim_only,yes_publication_claim_only,no,no,no,no,,version-link-v1.0-2026-07-26,layer=normalised-text-v1_provisional;pairs=near-dup-v1.0-2026-07-26;url=url-canon-v1.0-2026-07-27;syndication=syndication-v1.0-2026-07-26
NEWS-guardian_api-509eed0bc25b,SCC-2013-05,guardian_api,no_version_candidates,,,2012-12-14,date_only_no_time,usable,,not_available_in_v1_layer,2026-07-22T21:08:38+00:00,,2026-07-22T21:08:38+00:00,confirmed_available_at,2026-07-22T21:08:38+00:00,2012-12-14,2026-07-22T21:08:38+00:00,yes_publication_claim_only,no,no,no,no,no,,version-link-v1.0-2026-07-26,layer=normalised-text-v1_provisional;pairs=near-dup-v1.0-2026-07-26;url=url-canon-v1.0-2026-07-27;syndication=syndication-v1.0-2026-07-26
NEWS-guardian_api-50ba12f92601,SCC-2021-05,guardian_api,no_version_candidates,,,2021-02-25,date_only_no_time,usable,,not_available_in_v1_layer,2026-07-22T21:10:03+00:00,,2026-07-22T21:10:03+00:00,confirmed_available_at,2026-07-22T21:10:03+00:00,2021-02-25,2026-07-22T21:10:03+00:00,yes_publication_claim_only,yes_publication_claim_only,no,no,no,no,,version-link-v1.0-2026-07-26,layer=normalised-text-v1_provisional;pairs=near-dup-v1.0-2026-07-26;url=url-canon-v1.0-2026-07-27;syndication=syndication-v1.0-2026-07-26
NEWS-guardian_api-50e146d7d3fb,SCC-2017-05,guardian_api,no_version_candidates,,,2016-11-08,date_only_no_time,usable,,not_available_in_v1_layer,2026-07-22T21:09:15+00:00,,2026-07-22T21:09:15+00:00,confirmed_available_at,2026-07-22T21:09:15+00:00,2016-11-08,2026-07-22T21:09:15+00:00,yes_publication_claim_only,no,no,no,no,no,,version-link-v1.0-2026-07-26,layer=normalised-text-v1_provisional;pairs=near-dup-v1.0-2026-07-26;url=url-canon-v1.0-2026-07-27;syndication=syndication-v1.0-2026-07-26
NEWS-guardian_api-50e559d91a54,SCC-2017-05,guardian_api,no_version_candidates,,,2016-12-27,date_only_no_time,usable,,not_available_in_v1_layer,2026-07-22T21:09:19+00:00,,2026-07-22T21:09:19+00:00,confirmed_available_at,2026-07-22T21:09:19+00:00,2016-12-27,2026-07-22T21:09:19+00:00,yes_publication_claim_only,no,no,no,no,no,,version-link-v1.0-2026-07-26,layer=normalised-text-v1_provisional;pairs=near-dup-v1.0-2026-07-26;url=url-canon-v1.0-2026-07-27;syndication=syndication-v1.0-2026-07-26
NEWS-guardian_api-50eac30b7288,SCC-2021-05,guardian_api,no_version_candidates,,,2021-02-02,date_only_no_time,usable,,not_available_in_v1_layer,2026-07-22T21:10:25+00:00,,2026-07-22T21:10:25+00:00,confirmed_available_at,2026-07-22T21:10:25+00:00,2021-02-02,2026-07-22T21:10:25+00:00,yes_publication_claim_only,no,no,no,no,no,,version-link-v1.0-2026-07-26,layer=normalised-text-v1_provisional;pairs=near-dup-v1.0-2026-07-26;url=url-canon-v1.0-2026-07-27;syndication=syndication-v1.0-2026-07-26
NEWS-guardian_api-50f78250a0ee,ESWS-2026-05,guardian_api,no_version_candidates,,,2026-02-08,date_only_no_time,usable,,not_available_in_v1_layer,2026-07-22T21:08:18+00:00,,2026-07-22T21:08:18+00:00,confirmed_available_at,2026-07-22T21:08:18+00:00,2026-02-08,2026-07-22T21:08:18+00:00,yes_publication_claim_only,yes_publication_claim_only,no,no,no,no,,version-link-v1.0-2026-07-26,layer=normalised-text-v1_provisional;pairs=near-dup-v1.0-2026-07-26;url=url-canon-v1.0-2026-07-27;syndication=syndication-v1.0-2026-07-26
NEWS-guardian_api-51058cb75a5e,ESWS-2026-05,guardian_api,no_version_candidates,,,2026-03-26,date_only_no_time,usable,,not_available_in_v1_layer,2026-07-22T21:08:18+00:00,,2026-07-22T21:08:18+00:00,confirmed_available_at,2026-07-22T21:08:18+00:00,2026-03-26,2026-07-22T21:08:18+00:00,yes_publication_claim_only,yes_publication_claim_only,no,no,no,no,,version-link-v1.0-2026-07-26,layer=normalised-text-v1_provisional;pairs=near-dup-v1.0-2026-07-26;url=url-canon-v1.0-2026-07-27;syndication=syndication-v1.0-2026-07-26
NEWS-guardian_api-5143cbbed027,ESWS-2026-05,guardian_api,no_version_candidates,,,2025-11-08,date_only_no_time,usable,,not_available_in_v1_layer,2026-07-22T21:08:06+00:00,,2026-07-22T21:08:06+00:00,confirmed_available_at,2026-07-22T21:08:06+00:00,2025-11-08,2026-07-22T21:08:06+00:00,yes_publication_claim_only,no,no,no,no,no,,version-link-v1.0-2026-07-26,layer=normalised-text-v1_provisional;pairs=near-dup-v1.0-2026-07-26;url=url-canon-v1.0-2026-07-27;syndication=syndication-v1.0-2026-07-26
NEWS-guardian_api-5155ba13661a,SCC-2021-05,guardian_api,no_version_candidates,,,2021-03-07,date_only_no_time,usable,,not_available_in_v1_layer,2026-07-22T21:10:33+00:00,,2026-07-22T21:10:33+00:00,confirmed_available_at,2026-07-22T21:10:33+00:00,2021-03-07,2026-07-22T21:10:33+00:00,yes_publication_claim_only,yes_publication_claim_only,no,no,no,no,,version-link-v1.0-2026-07-26,layer=normalised-text-v1_provisional;pairs=near-dup-v1.0-2026-07-26;url=url-canon-v1.0-2026-07-27;syndication=syndication-v1.0-2026-07-26
NEWS-guardian_api-5220d7ac7d32,SCC-2017-05,guardian_api,no_version_candidates,,,2017-02-01,date_only_no_time,usable,,not_available_in_v1_layer,2026-07-22T21:09:47+00:00,,2026-07-22T21:09:47+00:00,confirmed_available_at,2026-07-22T21:09:47+00:00,2017-02-01,2026-07-22T21:09:47+00:00,yes_publication_claim_only,no,no,no,no,no,,version-link-v1.0-2026-07-26,layer=normalised-text-v1_provisional;pairs=near-dup-v1.0-2026-07-26;url=url-canon-v1.0-2026-07-27;syndication=syndication-v1.0-2026-07-26
NEWS-guardian_api-522aca5b15c3,SCC-2017-05,guardian_api,no_version_candidates,,,2016-11-29,date_only_no_time,usable,,not_available_in_v1_layer,2026-07-22T21:09:39+00:00,,2026-07-22T21:09:39+00:00,confirmed_available_at,2026-07-22T21:09:39+00:00,2016-11-29,2026-07-22T21:09:39+00:00,yes_publication_claim_only,no,no,no,no,no,,version-link-v1.0-2026-07-26,layer=normalised-text-v1_provisional;pairs=near-dup-v1.0-2026-07-26;url=url-canon-v1.0-2026-07-27;syndication=syndication-v1.0-2026-07-26
NEWS-guardian_api-523b1af1aa2d,SCC-2017-05,guardian_api,no_version_candidates,,,2017-01-18,date_only_no_time,usable,,not_available_in_v1_layer,2026-07-22T21:09:47+00:00,,2026-07-22T21:09:47+00:00,confirmed_available_at,2026-07-22T21:09:47+00:00,2017-01-18,2026-07-22T21:09:47+00:00,yes_publication_claim_only,no,no,no,no,no,,version-link-v1.0-2026-07-26,layer=normalised-text-v1_provisional;pairs=near-dup-v1.0-2026-07-26;url=url-canon-v1.0-2026-07-27;syndication=syndication-v1.0-2026-07-26
NEWS-guardian_api-525729cd0085,SCC-2021-05,guardian_api,no_version_candidates,,,2021-04-11,date_only_no_time,usable,,not_available_in_v1_layer,2026-07-22T21:10:03+00:00,,2026-07-22T21:10:03+00:00,confirmed_available_at,2026-07-22T21:10:03+00:00,2021-04-11,2026-07-22T21:10:03+00:00,yes_publication_claim_only,yes_publication_claim_only,yes_publication_claim_only,no,no,no,,version-link-v1.0-2026-07-26,layer=normalised-text-v1_provisional;pairs=near-dup-v1.0-2026-07-26;url=url-canon-v1.0-2026-07-27;syndication=syndication-v1.0-2026-07-26
NEWS-guardian_api-527f865ed20f,SCC-2017-05,guardian_api,no_version_candidates,,,2017-01-21,date_only_no_time,usable,,not_available_in_v1_layer,2026-07-22T21:09:26+00:00,,2026-07-22T21:09:26+00:00,confirmed_available_at,2026-07-22T21:09:26+00:00,2017-01-21,2026-07-22T21:09:26+00:00,yes_publication_claim_only,no,no,no,no,no,,version-link-v1.0-2026-07-26,layer=normalised-text-v1_provisional;pairs=near-dup-v1.0-2026-07-26;url=url-canon-v1.0-2026-07-27;syndication=syndication-v1.0-2026-07-26
NEWS-guardian_api-533089b869ba,SCC-2017-05,guardian_api,no_version_candidates,,,2016-11-07,date_only_no_time,usable,,not_available_in_v1_layer,2026-07-22T21:09:32+00:00,,2026-07-22T21:09:32+00:00,confirmed_available_at,2026-07-22T21:09:32+00:00,2016-11-07,2026-07-22T21:09:32+00:00,yes_publication_claim_only,no,no,no,no,no,,version-link-v1.0-2026-07-26,layer=normalised-text-v1_provisional;pairs=near-dup-v1.0-2026-07-26;url=url-canon-v1.0-2026-07-27;syndication=syndication-v1.0-2026-07-26
NEWS-guardian_api-538368f05114,ESWS-2026-05,guardian_api,no_version_candidates,,,2025-11-21,date_only_no_time,usable,,not_available_in_v1_layer,2026-07-22T21:07:45+00:00,,2026-07-22T21:07:45+00:00,confirmed_available_at,2026-07-22T21:07:45+00:00,2025-11-21,2026-07-22T21:07:45+00:00,yes_publication_claim_only,no,no,no,no,no,,version-link-v1.0-2026-07-26,layer=normalised-text-v1_provisional;pairs=near-dup-v1.0-2026-07-26;url=url-canon-v1.0-2026-07-27;syndication=syndication-v1.0-2026-07-26
NEWS-guardian_api-53c1b2e92cf3,SCC-2017-05,guardian_api,no_version_candidates,,,2016-11-27,date_only_no_time,usable,,not_available_in_v1_layer,2026-07-22T21:09:39+00:00,,2026-07-22T21:09:39+00:00,confirmed_available_at,2026-07-22T21:09:39+00:00,2016-11-27,2026-07-22T21:09:39+00:00,yes_publication_claim_only,no,no,no,no,no,,version-link-v1.0-2026-07-26,layer=normalised-text-v1_provisional;pairs=near-dup-v1.0-2026-07-26;url=url-canon-v1.0-2026-07-27;syndication=syndication-v1.0-2026-07-26
NEWS-guardian_api-54142e438e85,SCC-2017-05,guardian_api,no_version_candidates,,,2016-12-06,date_only_no_time,usable,,not_available_in_v1_layer,2026-07-22T21:09:19+00:00,,2026-07-22T21:09:19+00:00,confirmed_available_at,2026-07-22T21:09:19+00:00,2016-12-06,2026-07-22T21:09:19+00:00,yes_publication_claim_only,no,no,no,no,no,,version-link-v1.0-2026-07-26,layer=normalised-text-v1_provisional;pairs=near-dup-v1.0-2026-07-26;url=url-canon-v1.0-2026-07-27;syndication=syndication-v1.0-2026-07-26
NEWS-guardian_api-5416e2e0559b,SCC-2013-05,guardian_api,no_version_candidates,,,2012-11-13,date_only_no_time,usable,,not_available_in_v1_layer,2026-07-22T21:08:47+00:00,,2026-07-22T21:08:47+00:00,confirmed_available_at,2026-07-22T21:08:47+00:00,2012-11-13,2026-07-22T21:08:47+00:00,yes_publication_claim_only,no,no,no,no,no,,version-link-v1.0-2026-07-26,layer=normalised-text-v1_provisional;pairs=near-dup-v1.0-2026-07-26;url=url-canon-v1.0-2026-07-27;syndication=syndication-v1.0-2026-07-26
NEWS-guardian_api-5455f698692b,SCC-2013-05,guardian_api,no_version_candidates,,,2013-02-12,date_only_no_time,usable,,not_available_in_v1_layer,2026-07-22T21:09:02+00:00,,2026-07-22T21:09:02+00:00,confirmed_available_at,2026-07-22T21:09:02+00:00,2013-02-12,2026-07-22T21:09:02+00:00,yes_publication_claim_only,yes_publication_claim_only,no,no,no,no,,version-link-v1.0-2026-07-26,layer=normalised-text-v1_provisional;pairs=near-dup-v1.0-2026-07-26;url=url-canon-v1.0-2026-07-27;syndication=syndication-v1.0-2026-07-26
NEWS-guardian_api-545b16a2504c,SCC-2017-05,guardian_api,no_version_candidates,,,2016-11-10,date_only_no_time,usable,,not_available_in_v1_layer,2026-07-22T21:09:15+00:00,,2026-07-22T21:09:15+00:00,confirmed_available_at,2026-07-22T21:09:15+00:00,2016-11-10,2026-07-22T21:09:15+00:00,yes_publication_claim_only,no,no,no,no,no,,version-link-v1.0-2026-07-26,layer=normalised-text-v1_provisional;pairs=near-dup-v1.0-2026-07-26;url=url-canon-v1.0-2026-07-27;syndication=syndication-v1.0-2026-07-26
NEWS-guardian_api-547733625e70,ESWS-2026-05,guardian_api,no_version_candidates,,,2026-02-06,date_only_no_time,usable,,not_available_in_v1_layer,2026-07-22T21:08:18+00:00,,2026-07-22T21:08:18+00:00,confirmed_available_at,2026-07-22T21:08:18+00:00,2026-02-06,2026-07-22T21:08:18+00:00,yes_publication_claim_only,yes_publication_claim_only,no,no,no,no,,version-link-v1.0-2026-07-26,layer=normalised-text-v1_provisional;pairs=near-dup-v1.0-2026-07-26;url=url-canon-v1.0-2026-07-27;syndication=syndication-v1.0-2026-07-26
NEWS-guardian_api-547c38869b97,ESWS-2026-05,guardian_api,no_version_candidates,,,2025-11-23,date_only_no_time,usable,,not_available_in_v1_layer,2026-07-22T21:07:58+00:00,,2026-07-22T21:07:58+00:00,confirmed_available_at,2026-07-22T21:07:58+00:00,2025-11-23,2026-07-22T21:07:58+00:00,yes_publication_claim_only,no,no,no,no,no,,version-link-v1.0-2026-07-26,layer=normalised-text-v1_provisional;pairs=near-dup-v1.0-2026-07-26;url=url-canon-v1.0-2026-07-27;syndication=syndication-v1.0-2026-07-26
NEWS-guardian_api-54b634207ec1,SCC-2021-05,guardian_api,no_version_candidates,,,2021-03-01,date_only_no_time,usable,,not_available_in_v1_layer,2026-07-22T21:10:33+00:00,,2026-07-22T21:10:33+00:00,confirmed_available_at,2026-07-22T21:10:33+00:00,2021-03-01,2026-07-22T21:10:33+00:00,yes_publication_claim_only,yes_publication_claim_only,no,no,no,no,,version-link-v1.0-2026-07-26,layer=normalised-text-v1_provisional;pairs=near-dup-v1.0-2026-07-26;url=url-canon-v1.0-2026-07-27;syndication=syndication-v1.0-2026-07-26
NEWS-guardian_api-54d2e445af62,SCC-2013-05,guardian_api,no_version_candidates,,,2012-11-27,date_only_no_time,usable,,not_available_in_v1_layer,2026-07-22T21:08:31+00:00,,2026-07-22T21:08:31+00:00,confirmed_available_at,2026-07-22T21:08:31+00:00,2012-11-27,2026-07-22T21:08:31+00:00,yes_publication_claim_only,no,no,no,no,no,,version-link-v1.0-2026-07-26,layer=normalised-text-v1_provisional;pairs=near-dup-v1.0-2026-07-26;url=url-canon-v1.0-2026-07-27;syndication=syndication-v1.0-2026-07-26
NEWS-guardian_api-54e79de5adc5,SCC-2013-05,guardian_api,no_version_candidates,,,2013-01-15,date_only_no_time,usable,,not_available_in_v1_layer,2026-07-22T21:09:02+00:00,,2026-07-22T21:09:02+00:00,confirmed_available_at,2026-07-22T21:09:02+00:00,2013-01-15,2026-07-22T21:09:02+00:00,yes_publication_claim_only,no,no,no,no,no,,version-link-v1.0-2026-07-26,layer=normalised-text-v1_provisional;pairs=near-dup-v1.0-2026-07-26;url=url-canon-v1.0-2026-07-27;syndication=syndication-v1.0-2026-07-26
NEWS-guardian_api-54eb9c520613,ESWS-2026-05,guardian_api,no_version_candidates,,,2025-11-14,date_only_no_time,usable,,not_available_in_v1_layer,2026-07-22T21:07:52+00:00,,2026-07-22T21:07:52+00:00,confirmed_available_at,2026-07-22T21:07:52+00:00,2025-11-14,2026-07-22T21:07:52+00:00,yes_publication_claim_only,no,no,no,no,no,,version-link-v1.0-2026-07-26,layer=normalised-text-v1_provisional;pairs=near-dup-v1.0-2026-07-26;url=url-canon-v1.0-2026-07-27;syndication=syndication-v1.0-2026-07-26
NEWS-guardian_api-550de1899f87,SCC-2013-05,guardian_api,no_version_candidates,,,2012-12-21,date_only_no_time,usable,,not_available_in_v1_layer,2026-07-22T21:09:02+00:00,,2026-07-22T21:09:02+00:00,confirmed_available_at,2026-07-22T21:09:02+00:00,2012-12-21,2026-07-22T21:09:02+00:00,yes_publication_claim_only,no,no,no,no,no,,version-link-v1.0-2026-07-26,layer=normalised-text-v1_provisional;pairs=near-dup-v1.0-2026-07-26;url=url-canon-v1.0-2026-07-27;syndication=syndication-v1.0-2026-07-26
NEWS-guardian_api-552479ba11c1,SCC-2017-05,guardian_api,no_version_candidates,,,2016-11-14,date_only_no_time,usable,,not_available_in_v1_layer,2026-07-22T21:09:15+00:00,,2026-07-22T21:09:15+00:00,confirmed_available_at,2026-07-22T21:09:15+00:00,2016-11-14,2026-07-22T21:09:15+00:00,yes_publication_claim_only,no,no,no,no,no,,version-link-v1.0-2026-07-26,layer=normalised-text-v1_provisional;pairs=near-dup-v1.0-2026-07-26;url=url-canon-v1.0-2026-07-27;syndication=syndication-v1.0-2026-07-26
NEWS-guardian_api-55807051022a,ESWS-2026-05,guardian_api,no_version_candidates,,,2026-01-16,date_only_no_time,usable,,not_available_in_v1_layer,2026-07-22T21:08:18+00:00,,2026-07-22T21:08:18+00:00,confirmed_available_at,2026-07-22T21:08:18+00:00,2026-01-16,2026-07-22T21:08:18+00:00,yes_publication_claim_only,no,no,no,no,no,,version-link-v1.0-2026-07-26,layer=normalised-text-v1_provisional;pairs=near-dup-v1.0-2026-07-26;url=url-canon-v1.0-2026-07-27;syndication=syndication-v1.0-2026-07-26
NEWS-guardian_api-559703f11a6e,SCC-2017-05,guardian_api,no_version_candidates,,,2017-01-09,date_only_no_time,usable,,not_available_in_v1_layer,2026-07-22T21:09:47+00:00,,2026-07-22T21:09:47+00:00,confirmed_available_at,2026-07-22T21:09:47+00:00,2017-01-09,2026-07-22T21:09:47+00:00,yes_publication_claim_only,no,no,no,no,no,,version-link-v1.0-2026-07-26,layer=normalised-text-v1_provisional;pairs=near-dup-v1.0-2026-07-26;url=url-canon-v1.0-2026-07-27;syndication=syndication-v1.0-2026-07-26
NEWS-guardian_api-559ad7989298,ESWS-2026-05,guardian_api,no_version_candidates,,,2025-12-04,date_only_no_time,usable,,not_available_in_v1_layer,2026-07-22T21:08:10+00:00,,2026-07-22T21:08:10+00:00,confirmed_available_at,2026-07-22T21:08:10+00:00,2025-12-04,2026-07-22T21:08:10+00:00,yes_publication_claim_only,no,no,no,no,no,,version-link-v1.0-2026-07-26,layer=normalised-text-v1_provisional;pairs=near-dup-v1.0-2026-07-26;url=url-canon-v1.0-2026-07-27;syndication=syndication-v1.0-2026-07-26
NEWS-guardian_api-55bf4ada2013,SCC-2017-05,guardian_api,no_version_candidates,,,2017-04-19,date_only_no_time,usable,,not_available_in_v1_layer,2026-07-22T21:09:52+00:00,,2026-07-22T21:09:52+00:00,confirmed_available_at,2026-07-22T21:09:52+00:00,2017-04-19,2026-07-22T21:09:52+00:00,yes_publication_claim_only,yes_publication_claim_only,yes_publication_claim_only,no,no,no,,version-link-v1.0-2026-07-26,layer=normalised-text-v1_provisional;pairs=near-dup-v1.0-2026-07-26;url=url-canon-v1.0-2026-07-27;syndication=syndication-v1.0-2026-07-26
NEWS-guardian_api-56b3fcbf3153,SCC-2021-05,guardian_api,no_version_candidates,,,2021-02-02,date_only_no_time,usable,,not_available_in_v1_layer,2026-07-22T21:10:13+00:00,,2026-07-22T21:10:13+00:00,confirmed_available_at,2026-07-22T21:10:13+00:00,2021-02-02,2026-07-22T21:10:13+00:00,yes_publication_claim_only,no,no,no,no,no,,version-link-v1.0-2026-07-26,layer=normalised-text-v1_provisional;pairs=near-dup-v1.0-2026-07-26;url=url-canon-v1.0-2026-07-27;syndication=syndication-v1.0-2026-07-26
NEWS-guardian_api-56d8ab048ee9,SCC-2013-05,guardian_api,no_version_candidates,,,2013-02-12,date_only_no_time,usable,,not_available_in_v1_layer,2026-07-22T21:09:02+00:00,,2026-07-22T21:09:02+00:00,confirmed_available_at,2026-07-22T21:09:02+00:00,2013-02-12,2026-07-22T21:09:02+00:00,yes_publication_claim_only,yes_publication_claim_only,no,no,no,no,,version-link-v1.0-2026-07-26,layer=normalised-text-v1_provisional;pairs=near-dup-v1.0-2026-07-26;url=url-canon-v1.0-2026-07-27;syndication=syndication-v1.0-2026-07-26
NEWS-guardian_api-56f69bf5bfe1,SCC-2013-05,guardian_api,no_version_candidates,,,2013-01-08,date_only_no_time,usable,,not_available_in_v1_layer,2026-07-22T21:09:02+00:00,,2026-07-22T21:09:02+00:00,confirmed_available_at,2026-07-22T21:09:02+00:00,2013-01-08,2026-07-22T21:09:02+00:00,yes_publication_claim_only,no,no,no,no,no,,version-link-v1.0-2026-07-26,layer=normalised-text-v1_provisional;pairs=near-dup-v1.0-2026-07-26;url=url-canon-v1.0-2026-07-27;syndication=syndication-v1.0-2026-07-26
NEWS-guardian_api-56f868d95bde,SCC-2017-05,guardian_api,no_version_candidates,,,2016-11-26,date_only_no_time,usable,,not_available_in_v1_layer,2026-07-22T21:09:19+00:00,,2026-07-22T21:09:19+00:00,confirmed_available_at,2026-07-22T21:09:19+00:00,2016-11-26,2026-07-22T21:09:19+00:00,yes_publication_claim_only,no,no,no,no,no,,version-link-v1.0-2026-07-26,layer=normalised-text-v1_provisional;pairs=near-dup-v1.0-2026-07-26;url=url-canon-v1.0-2026-07-27;syndication=syndication-v1.0-2026-07-26
NEWS-guardian_api-56f9b56ac8f6,SCC-2013-05,guardian_api,no_version_candidates,,,2012-11-26,date_only_no_time,usable,,not_available_in_v1_layer,2026-07-22T21:08:55+00:00,,2026-07-22T21:08:55+00:00,confirmed_available_at,2026-07-22T21:08:55+00:00,2012-11-26,2026-07-22T21:08:55+00:00,yes_publication_claim_only,no,no,no,no,no,,version-link-v1.0-2026-07-26,layer=normalised-text-v1_provisional;pairs=near-dup-v1.0-2026-07-26;url=url-canon-v1.0-2026-07-27;syndication=syndication-v1.0-2026-07-26
NEWS-guardian_api-56fc633fc4f2,SCC-2013-05,guardian_api,no_version_candidates,,,2012-12-11,date_only_no_time,usable,,not_available_in_v1_layer,2026-07-22T21:08:34+00:00,,2026-07-22T21:08:34+00:00,confirmed_available_at,2026-07-22T21:08:34+00:00,2012-12-11,2026-07-22T21:08:34+00:00,yes_publication_claim_only,no,no,no,no,no,,version-link-v1.0-2026-07-26,layer=normalised-text-v1_provisional;pairs=near-dup-v1.0-2026-07-26;url=url-canon-v1.0-2026-07-27;syndication=syndication-v1.0-2026-07-26
NEWS-guardian_api-575489083a9e,SCC-2017-05,guardian_api,no_version_candidates,,,2016-11-21,date_only_no_time,usable,,not_available_in_v1_layer,2026-07-22T21:09:15+00:00,,2026-07-22T21:09:15+00:00,confirmed_available_at,2026-07-22T21:09:15+00:00,2016-11-21,2026-07-22T21:09:15+00:00,yes_publication_claim_only,no,no,no,no,no,,version-link-v1.0-2026-07-26,layer=normalised-text-v1_provisional;pairs=near-dup-v1.0-2026-07-26;url=url-canon-v1.0-2026-07-27;syndication=syndication-v1.0-2026-07-26
NEWS-guardian_api-5769c0d8315d,SCC-2013-05,guardian_api,no_version_candidates,,,2012-11-17,date_only_no_time,usable,,not_available_in_v1_layer,2026-07-22T21:08:30+00:00,,2026-07-22T21:08:30+00:00,confirmed_available_at,2026-07-22T21:08:30+00:00,2012-11-17,2026-07-22T21:08:30+00:00,yes_publication_claim_only,no,no,no,no,no,,version-link-v1.0-2026-07-26,layer=normalised-text-v1_provisional;pairs=near-dup-v1.0-2026-07-26;url=url-canon-v1.0-2026-07-27;syndication=syndication-v1.0-2026-07-26
NEWS-guardian_api-5787b6b36ebb,SCC-2021-05,guardian_api,no_version_candidates,,,2021-03-18,date_only_no_time,usable,,not_available_in_v1_layer,2026-07-22T21:10:33+00:00,,2026-07-22T21:10:33+00:00,confirmed_available_at,2026-07-22T21:10:33+00:00,2021-03-18,2026-07-22T21:10:33+00:00,yes_publication_claim_only,yes_publication_claim_only,no,no,no,no,,version-link-v1.0-2026-07-26,layer=normalised-text-v1_provisional;pairs=near-dup-v1.0-2026-07-26;url=url-canon-v1.0-2026-07-27;syndication=syndication-v1.0-2026-07-26
NEWS-guardian_api-579b8e3a5ff1,SCC-2013-05,guardian_api,no_version_candidates,,,2012-11-07,date_only_no_time,usable,,not_available_in_v1_layer,2026-07-22T21:08:47+00:00,,2026-07-22T21:08:47+00:00,confirmed_available_at,2026-07-22T21:08:47+00:00,2012-11-07,2026-07-22T21:08:47+00:00,yes_publication_claim_only,no,no,no,no,no,,version-link-v1.0-2026-07-26,layer=normalised-text-v1_provisional;pairs=near-dup-v1.0-2026-07-26;url=url-canon-v1.0-2026-07-27;syndication=syndication-v1.0-2026-07-26
NEWS-guardian_api-58412860bba6,SCC-2013-05,guardian_api,no_version_candidates,,,2012-12-13,date_only_no_time,usable,,not_available_in_v1_layer,2026-07-22T21:08:55+00:00,,2026-07-22T21:08:55+00:00,confirmed_available_at,2026-07-22T21:08:55+00:00,2012-12-13,2026-07-22T21:08:55+00:00,yes_publication_claim_only,no,no,no,no,no,,version-link-v1.0-2026-07-26,layer=normalised-text-v1_provisional;pairs=near-dup-v1.0-2026-07-26;url=url-canon-v1.0-2026-07-27;syndication=syndication-v1.0-2026-07-26
NEWS-guardian_api-586f092cae36,SCC-2017-05,guardian_api,no_version_candidates,,,2016-12-18,date_only_no_time,usable,,not_available_in_v1_layer,2026-07-22T21:09:40+00:00,,2026-07-22T21:09:40+00:00,confirmed_available_at,2026-07-22T21:09:40+00:00,2016-12-18,2026-07-22T21:09:40+00:00,yes_publication_claim_only,no,no,no,no,no,,version-link-v1.0-2026-07-26,layer=normalised-text-v1_provisional;pairs=near-dup-v1.0-2026-07-26;url=url-canon-v1.0-2026-07-27;syndication=syndication-v1.0-2026-07-26
NEWS-guardian_api-587c235007dc,SCC-2017-05,guardian_api,no_version_candidates,,,2017-01-11,date_only_no_time,usable,,not_available_in_v1_layer,2026-07-22T21:09:47+00:00,,2026-07-22T21:09:47+00:00,confirmed_available_at,2026-07-22T21:09:47+00:00,2017-01-11,2026-07-22T21:09:47+00:00,yes_publication_claim_only,no,no,no,no,no,,version-link-v1.0-2026-07-26,layer=normalised-text-v1_provisional;pairs=near-dup-v1.0-2026-07-26;url=url-canon-v1.0-2026-07-27;syndication=syndication-v1.0-2026-07-26
NEWS-guardian_api-58b16d406dbf,SCC-2017-05,guardian_api,no_version_candidates,,,2017-02-05,date_only_no_time,usable,,not_available_in_v1_layer,2026-07-22T21:09:47+00:00,,2026-07-22T21:09:47+00:00,confirmed_available_at,2026-07-22T21:09:47+00:00,2017-02-05,2026-07-22T21:09:47+00:00,yes_publication_claim_only,yes_publication_claim_only,no,no,no,no,,version-link-v1.0-2026-07-26,layer=normalised-text-v1_provisional;pairs=near-dup-v1.0-2026-07-26;url=url-canon-v1.0-2026-07-27;syndication=syndication-v1.0-2026-07-26
NEWS-guardian_api-58d9987dfadc,SCC-2013-05,guardian_api,no_version_candidates,,,2012-11-13,date_only_no_time,usable,,not_available_in_v1_layer,2026-07-22T21:08:30+00:00,,2026-07-22T21:08:30+00:00,confirmed_available_at,2026-07-22T21:08:30+00:00,2012-11-13,2026-07-22T21:08:30+00:00,yes_publication_claim_only,no,no,no,no,no,,version-link-v1.0-2026-07-26,layer=normalised-text-v1_provisional;pairs=near-dup-v1.0-2026-07-26;url=url-canon-v1.0-2026-07-27;syndication=syndication-v1.0-2026-07-26
NEWS-guardian_api-58dc714f9401,SCC-2013-05,guardian_api,no_version_candidates,,,2012-11-23,date_only_no_time,usable,,not_available_in_v1_layer,2026-07-22T21:08:30+00:00,,2026-07-22T21:08:30+00:00,confirmed_available_at,2026-07-22T21:08:30+00:00,2012-11-23,2026-07-22T21:08:30+00:00,yes_publication_claim_only,no,no,no,no,no,,version-link-v1.0-2026-07-26,layer=normalised-text-v1_provisional;pairs=near-dup-v1.0-2026-07-26;url=url-canon-v1.0-2026-07-27;syndication=syndication-v1.0-2026-07-26
NEWS-guardian_api-58f99f62b1a8,SCC-2013-05,guardian_api,no_version_candidates,,,2012-12-21,date_only_no_time,usable,,not_available_in_v1_layer,2026-07-22T21:08:34+00:00,,2026-07-22T21:08:34+00:00,confirmed_available_at,2026-07-22T21:08:34+00:00,2012-12-21,2026-07-22T21:08:34+00:00,yes_publication_claim_only,no,no,no,no,no,,version-link-v1.0-2026-07-26,layer=normalised-text-v1_provisional;pairs=near-dup-v1.0-2026-07-26;url=url-canon-v1.0-2026-07-27;syndication=syndication-v1.0-2026-07-26
NEWS-guardian_api-58fc1b4d7b3d,SCC-2017-05,guardian_api,no_version_candidates,,,2016-12-12,date_only_no_time,usable,,not_available_in_v1_layer,2026-07-22T21:09:39+00:00,,2026-07-22T21:09:39+00:00,confirmed_available_at,2026-07-22T21:09:39+00:00,2016-12-12,2026-07-22T21:09:39+00:00,yes_publication_claim_only,no,no,no,no,no,,version-link-v1.0-2026-07-26,layer=normalised-text-v1_provisional;pairs=near-dup-v1.0-2026-07-26;url=url-canon-v1.0-2026-07-27;syndication=syndication-v1.0-2026-07-26
NEWS-guardian_api-592b519ecc2e,SCC-2013-05,guardian_api,no_version_candidates,,,2012-11-21,date_only_no_time,usable,,not_available_in_v1_layer,2026-07-22T21:08:55+00:00,,2026-07-22T21:08:55+00:00,confirmed_available_at,2026-07-22T21:08:55+00:00,2012-11-21,2026-07-22T21:08:55+00:00,yes_publication_claim_only,no,no,no,no,no,,version-link-v1.0-2026-07-26,layer=normalised-text-v1_provisional;pairs=near-dup-v1.0-2026-07-26;url=url-canon-v1.0-2026-07-27;syndication=syndication-v1.0-2026-07-26
NEWS-guardian_api-593915f1d78c,SCC-2017-05,guardian_api,no_version_candidates,,,2016-12-13,date_only_no_time,usable,,not_available_in_v1_layer,2026-07-22T21:09:22+00:00,,2026-07-22T21:09:22+00:00,confirmed_available_at,2026-07-22T21:09:22+00:00,2016-12-13,2026-07-22T21:09:22+00:00,yes_publication_claim_only,no,no,no,no,no,,version-link-v1.0-2026-07-26,layer=normalised-text-v1_provisional;pairs=near-dup-v1.0-2026-07-26;url=url-canon-v1.0-2026-07-27;syndication=syndication-v1.0-2026-07-26
NEWS-guardian_api-59572490ce50,SCC-2021-05,guardian_api,no_version_candidates,,,2020-11-12,date_only_no_time,usable,,not_available_in_v1_layer,2026-07-22T21:10:17+00:00,,2026-07-22T21:10:17+00:00,confirmed_available_at,2026-07-22T21:10:17+00:00,2020-11-12,2026-07-22T21:10:17+00:00,yes_publication_claim_only,no,no,no,no,no,,version-link-v1.0-2026-07-26,layer=normalised-text-v1_provisional;pairs=near-dup-v1.0-2026-07-26;url=url-canon-v1.0-2026-07-27;syndication=syndication-v1.0-2026-07-26
NEWS-guardian_api-5984aef24161,SCC-2017-05,guardian_api,no_version_candidates,,,2017-01-11,date_only_no_time,usable,,not_available_in_v1_layer,2026-07-22T21:09:47+00:00,,2026-07-22T21:09:47+00:00,confirmed_available_at,2026-07-22T21:09:47+00:00,2017-01-11,2026-07-22T21:09:47+00:00,yes_publication_claim_only,no,no,no,no,no,,version-link-v1.0-2026-07-26,layer=normalised-text-v1_provisional;pairs=near-dup-v1.0-2026-07-26;url=url-canon-v1.0-2026-07-27;syndication=syndication-v1.0-2026-07-26
NEWS-guardian_api-59d68bc1c15c,SCC-2021-05,guardian_api,no_version_candidates,,,2021-01-12,date_only_no_time,usable,,not_available_in_v1_layer,2026-07-22T21:10:13+00:00,,2026-07-22T21:10:13+00:00,confirmed_available_at,2026-07-22T21:10:13+00:00,2021-01-12,2026-07-22T21:10:13+00:00,yes_publication_claim_only,no,no,no,no,no,,version-link-v1.0-2026-07-26,layer=normalised-text-v1_provisional;pairs=near-dup-v1.0-2026-07-26;url=url-canon-v1.0-2026-07-27;syndication=syndication-v1.0-2026-07-26
NEWS-guardian_api-5a074d4b9424,SCC-2021-05,guardian_api,no_version_candidates,,,2021-02-17,date_only_no_time,usable,,not_available_in_v1_layer,2026-07-22T21:10:32+00:00,,2026-07-22T21:10:32+00:00,confirmed_available_at,2026-07-22T21:10:32+00:00,2021-02-17,2026-07-22T21:10:32+00:00,yes_publication_claim_only,yes_publication_claim_only,no,no,no,no,,version-link-v1.0-2026-07-26,layer=normalised-text-v1_provisional;pairs=near-dup-v1.0-2026-07-26;url=url-canon-v1.0-2026-07-27;syndication=syndication-v1.0-2026-07-26
NEWS-guardian_api-5a2ae51deb50,SCC-2017-05,guardian_api,no_version_candidates,,,2016-11-21,date_only_no_time,usable,,not_available_in_v1_layer,2026-07-22T21:09:47+00:00,,2026-07-22T21:09:47+00:00,confirmed_available_at,2026-07-22T21:09:47+00:00,2016-11-21,2026-07-22T21:09:47+00:00,yes_publication_claim_only,no,no,no,no,no,,version-link-v1.0-2026-07-26,layer=normalised-text-v1_provisional;pairs=near-dup-v1.0-2026-07-26;url=url-canon-v1.0-2026-07-27;syndication=syndication-v1.0-2026-07-26
NEWS-guardian_api-5a35ee94392a,SCC-2021-05,guardian_api,no_version_candidates,,,2020-12-24,date_only_no_time,usable,,not_available_in_v1_layer,2026-07-22T21:10:32+00:00,,2026-07-22T21:10:32+00:00,confirmed_available_at,2026-07-22T21:10:32+00:00,2020-12-24,2026-07-22T21:10:32+00:00,yes_publication_claim_only,no,no,no,no,no,,version-link-v1.0-2026-07-26,layer=normalised-text-v1_provisional;pairs=near-dup-v1.0-2026-07-26;url=url-canon-v1.0-2026-07-27;syndication=syndication-v1.0-2026-07-26
NEWS-guardian_api-5a6b7410a68d,SCC-2013-05,guardian_api,no_version_candidates,,,2012-11-18,date_only_no_time,usable,,not_available_in_v1_layer,2026-07-22T21:08:30+00:00,,2026-07-22T21:08:30+00:00,confirmed_available_at,2026-07-22T21:08:30+00:00,2012-11-18,2026-07-22T21:08:30+00:00,yes_publication_claim_only,no,no,no,no,no,,version-link-v1.0-2026-07-26,layer=normalised-text-v1_provisional;pairs=near-dup-v1.0-2026-07-26;url=url-canon-v1.0-2026-07-27;syndication=syndication-v1.0-2026-07-26
NEWS-guardian_api-5ab37cac2221,SCC-2017-05,guardian_api,no_version_candidates,,,2016-11-07,date_only_no_time,usable,,not_available_in_v1_layer,2026-07-22T21:09:32+00:00,,2026-07-22T21:09:32+00:00,confirmed_available_at,2026-07-22T21:09:32+00:00,2016-11-07,2026-07-22T21:09:32+00:00,yes_publication_claim_only,no,no,no,no,no,,version-link-v1.0-2026-07-26,layer=normalised-text-v1_provisional;pairs=near-dup-v1.0-2026-07-26;url=url-canon-v1.0-2026-07-27;syndication=syndication-v1.0-2026-07-26
NEWS-guardian_api-5b21afea3cf7,ESWS-2026-05,guardian_api,no_version_candidates,,,2025-11-23,date_only_no_time,usable,,not_available_in_v1_layer,2026-07-22T21:08:18+00:00,,2026-07-22T21:08:18+00:00,confirmed_available_at,2026-07-22T21:08:18+00:00,2025-11-23,2026-07-22T21:08:18+00:00,yes_publication_claim_only,no,no,no,no,no,,version-link-v1.0-2026-07-26,layer=normalised-text-v1_provisional;pairs=near-dup-v1.0-2026-07-26;url=url-canon-v1.0-2026-07-27;syndication=syndication-v1.0-2026-07-26
NEWS-guardian_api-5b3512178edc,SCC-2017-05,guardian_api,no_version_candidates,,,2016-11-06,date_only_no_time,usable,,not_available_in_v1_layer,2026-07-22T21:09:36+00:00,,2026-07-22T21:09:36+00:00,confirmed_available_at,2026-07-22T21:09:36+00:00,2016-11-06,2026-07-22T21:09:36+00:00,yes_publication_claim_only,no,no,no,no,no,,version-link-v1.0-2026-07-26,layer=normalised-text-v1_provisional;pairs=near-dup-v1.0-2026-07-26;url=url-canon-v1.0-2026-07-27;syndication=syndication-v1.0-2026-07-26
NEWS-guardian_api-5b59710407dc,SCC-2013-05,guardian_api,no_version_candidates,,,2012-11-12,date_only_no_time,usable,,not_available_in_v1_layer,2026-07-22T21:08:47+00:00,,2026-07-22T21:08:47+00:00,confirmed_available_at,2026-07-22T21:08:47+00:00,2012-11-12,2026-07-22T21:08:47+00:00,yes_publication_claim_only,no,no,no,no,no,,version-link-v1.0-2026-07-26,layer=normalised-text-v1_provisional;pairs=near-dup-v1.0-2026-07-26;url=url-canon-v1.0-2026-07-27;syndication=syndication-v1.0-2026-07-26
NEWS-guardian_api-5b66ef37e445,SCC-2017-05,guardian_api,no_version_candidates,,,2016-12-12,date_only_no_time,usable,,not_available_in_v1_layer,2026-07-22T21:09:39+00:00,,2026-07-22T21:09:39+00:00,confirmed_available_at,2026-07-22T21:09:39+00:00,2016-12-12,2026-07-22T21:09:39+00:00,yes_publication_claim_only,no,no,no,no,no,,version-link-v1.0-2026-07-26,layer=normalised-text-v1_provisional;pairs=near-dup-v1.0-2026-07-26;url=url-canon-v1.0-2026-07-27;syndication=syndication-v1.0-2026-07-26
NEWS-guardian_api-5b7b67a9c0e7,SCC-2013-05,guardian_api,no_version_candidates,,,2012-11-06,date_only_no_time,usable,,not_available_in_v1_layer,2026-07-22T21:08:55+00:00,,2026-07-22T21:08:55+00:00,confirmed_available_at,2026-07-22T21:08:55+00:00,2012-11-06,2026-07-22T21:08:55+00:00,yes_publication_claim_only,no,no,no,no,no,,version-link-v1.0-2026-07-26,layer=normalised-text-v1_provisional;pairs=near-dup-v1.0-2026-07-26;url=url-canon-v1.0-2026-07-27;syndication=syndication-v1.0-2026-07-26
NEWS-guardian_api-5b7cd206948f,SCC-2017-05,guardian_api,no_version_candidates,,,2016-11-07,date_only_no_time,usable,,not_available_in_v1_layer,2026-07-22T21:09:43+00:00,,2026-07-22T21:09:43+00:00,confirmed_available_at,2026-07-22T21:09:43+00:00,2016-11-07,2026-07-22T21:09:43+00:00,yes_publication_claim_only,no,no,no,no,no,,version-link-v1.0-2026-07-26,layer=normalised-text-v1_provisional;pairs=near-dup-v1.0-2026-07-26;url=url-canon-v1.0-2026-07-27;syndication=syndication-v1.0-2026-07-26
NEWS-guardian_api-5be366e8cfbc,SCC-2013-05,guardian_api,no_version_candidates,,,2013-02-05,date_only_no_time,usable,,not_available_in_v1_layer,2026-07-22T21:09:02+00:00,,2026-07-22T21:09:02+00:00,confirmed_available_at,2026-07-22T21:09:02+00:00,2013-02-05,2026-07-22T21:09:02+00:00,yes_publication_claim_only,yes_publication_claim_only,no,no,no,no,,version-link-v1.0-2026-07-26,layer=normalised-text-v1_provisional;pairs=near-dup-v1.0-2026-07-26;url=url-canon-v1.0-2026-07-27;syndication=syndication-v1.0-2026-07-26
NEWS-guardian_api-5bf7eee4317c,SCC-2013-05,guardian_api,no_version_candidates,,,2012-11-20,date_only_no_time,usable,,not_available_in_v1_layer,2026-07-22T21:09:07+00:00,,2026-07-22T21:09:07+00:00,confirmed_available_at,2026-07-22T21:09:07+00:00,2012-11-20,2026-07-22T21:09:07+00:00,yes_publication_claim_only,no,no,no,no,no,,version-link-v1.0-2026-07-26,layer=normalised-text-v1_provisional;pairs=near-dup-v1.0-2026-07-26;url=url-canon-v1.0-2026-07-27;syndication=syndication-v1.0-2026-07-26
NEWS-guardian_api-5c2716c5e779,ESWS-2026-05,guardian_api,no_version_candidates,,,2025-11-14,date_only_no_time,usable,,not_available_in_v1_layer,2026-07-22T21:08:02+00:00,,2026-07-22T21:08:02+00:00,confirmed_available_at,2026-07-22T21:08:02+00:00,2025-11-14,2026-07-22T21:08:02+00:00,yes_publication_claim_only,no,no,no,no,no,,version-link-v1.0-2026-07-26,layer=normalised-text-v1_provisional;pairs=near-dup-v1.0-2026-07-26;url=url-canon-v1.0-2026-07-27;syndication=syndication-v1.0-2026-07-26
NEWS-guardian_api-5c47b30edf87,ESWS-2026-05,guardian_api,no_version_candidates,,,2025-11-19,date_only_no_time,usable,,not_available_in_v1_layer,2026-07-22T21:07:52+00:00,,2026-07-22T21:07:52+00:00,confirmed_available_at,2026-07-22T21:07:52+00:00,2025-11-19,2026-07-22T21:07:52+00:00,yes_publication_claim_only,no,no,no,no,no,,version-link-v1.0-2026-07-26,layer=normalised-text-v1_provisional;pairs=near-dup-v1.0-2026-07-26;url=url-canon-v1.0-2026-07-27;syndication=syndication-v1.0-2026-07-26
NEWS-guardian_api-5c7eab23b8d7,SCC-2021-05,guardian_api,no_version_candidates,,,2021-04-11,date_only_no_time,usable,,not_available_in_v1_layer,2026-07-22T21:09:58+00:00,,2026-07-22T21:09:58+00:00,confirmed_available_at,2026-07-22T21:09:58+00:00,2021-04-11,2026-07-22T21:09:58+00:00,yes_publication_claim_only,yes_publication_claim_only,yes_publication_claim_only,no,no,no,,version-link-v1.0-2026-07-26,layer=normalised-text-v1_provisional;pairs=near-dup-v1.0-2026-07-26;url=url-canon-v1.0-2026-07-27;syndication=syndication-v1.0-2026-07-26
NEWS-guardian_api-5c878d80def8,SCC-2021-05,guardian_api,no_version_candidates,,,2020-11-22,date_only_no_time,usable,,not_available_in_v1_layer,2026-07-22T21:10:32+00:00,,2026-07-22T21:10:32+00:00,confirmed_available_at,2026-07-22T21:10:32+00:00,2020-11-22,2026-07-22T21:10:32+00:00,yes_publication_claim_only,no,no,no,no,no,,version-link-v1.0-2026-07-26,layer=normalised-text-v1_provisional;pairs=near-dup-v1.0-2026-07-26;url=url-canon-v1.0-2026-07-27;syndication=syndication-v1.0-2026-07-26
NEWS-guardian_api-5c9e4bbe1ba1,SCC-2021-05,guardian_api,no_version_candidates,,,2021-01-28,date_only_no_time,usable,,not_available_in_v1_layer,2026-07-22T21:10:25+00:00,,2026-07-22T21:10:25+00:00,confirmed_available_at,2026-07-22T21:10:25+00:00,2021-01-28,2026-07-22T21:10:25+00:00,yes_publication_claim_only,no,no,no,no,no,,version-link-v1.0-2026-07-26,layer=normalised-text-v1_provisional;pairs=near-dup-v1.0-2026-07-26;url=url-canon-v1.0-2026-07-27;syndication=syndication-v1.0-2026-07-26
NEWS-guardian_api-5ce140b45966,SCC-2013-05,guardian_api,no_version_candidates,,,2013-02-05,date_only_no_time,usable,,not_available_in_v1_layer,2026-07-22T21:08:42+00:00,,2026-07-22T21:08:42+00:00,confirmed_available_at,2026-07-22T21:08:42+00:00,2013-02-05,2026-07-22T21:08:42+00:00,yes_publication_claim_only,yes_publication_claim_only,no,no,no,no,,version-link-v1.0-2026-07-26,layer=normalised-text-v1_provisional;pairs=near-dup-v1.0-2026-07-26;url=url-canon-v1.0-2026-07-27;syndication=syndication-v1.0-2026-07-26
NEWS-guardian_api-5cf3d2d69103,SCC-2017-05,guardian_api,no_version_candidates,,,2016-12-21,date_only_no_time,usable,,not_available_in_v1_layer,2026-07-22T21:09:40+00:00,,2026-07-22T21:09:40+00:00,confirmed_available_at,2026-07-22T21:09:40+00:00,2016-12-21,2026-07-22T21:09:40+00:00,yes_publication_claim_only,no,no,no,no,no,,version-link-v1.0-2026-07-26,layer=normalised-text-v1_provisional;pairs=near-dup-v1.0-2026-07-26;url=url-canon-v1.0-2026-07-27;syndication=syndication-v1.0-2026-07-26
NEWS-guardian_api-5d14b9f44b30,SCC-2021-05,guardian_api,no_version_candidates,,,2020-12-08,date_only_no_time,usable,,not_available_in_v1_layer,2026-07-22T21:10:03+00:00,,2026-07-22T21:10:03+00:00,confirmed_available_at,2026-07-22T21:10:03+00:00,2020-12-08,2026-07-22T21:10:03+00:00,yes_publication_claim_only,no,no,no,no,no,,version-link-v1.0-2026-07-26,layer=normalised-text-v1_provisional;pairs=near-dup-v1.0-2026-07-26;url=url-canon-v1.0-2026-07-27;syndication=syndication-v1.0-2026-07-26
NEWS-guardian_api-5d5ab240bf39,SCC-2013-05,guardian_api,no_version_candidates,,,2012-11-12,date_only_no_time,usable,,not_available_in_v1_layer,2026-07-22T21:08:47+00:00,,2026-07-22T21:08:47+00:00,confirmed_available_at,2026-07-22T21:08:47+00:00,2012-11-12,2026-07-22T21:08:47+00:00,yes_publication_claim_only,no,no,no,no,no,,version-link-v1.0-2026-07-26,layer=normalised-text-v1_provisional;pairs=near-dup-v1.0-2026-07-26;url=url-canon-v1.0-2026-07-27;syndication=syndication-v1.0-2026-07-26
NEWS-guardian_api-5d716fd544d0,ESWS-2026-05,guardian_api,no_version_candidates,,,2025-11-14,date_only_no_time,usable,,not_available_in_v1_layer,2026-07-22T21:08:02+00:00,,2026-07-22T21:08:02+00:00,confirmed_available_at,2026-07-22T21:08:02+00:00,2025-11-14,2026-07-22T21:08:02+00:00,yes_publication_claim_only,no,no,no,no,no,,version-link-v1.0-2026-07-26,layer=normalised-text-v1_provisional;pairs=near-dup-v1.0-2026-07-26;url=url-canon-v1.0-2026-07-27;syndication=syndication-v1.0-2026-07-26
NEWS-guardian_api-5d8354d6f359,SCC-2017-05,guardian_api,no_version_candidates,,,2016-12-13,date_only_no_time,usable,,not_available_in_v1_layer,2026-07-22T21:09:19+00:00,,2026-07-22T21:09:19+00:00,confirmed_available_at,2026-07-22T21:09:19+00:00,2016-12-13,2026-07-22T21:09:19+00:00,yes_publication_claim_only,no,no,no,no,no,,version-link-v1.0-2026-07-26,layer=normalised-text-v1_provisional;pairs=near-dup-v1.0-2026-07-26;url=url-canon-v1.0-2026-07-27;syndication=syndication-v1.0-2026-07-26
NEWS-guardian_api-5decf15099b2,SCC-2017-05,guardian_api,no_version_candidates,,,2017-04-20,date_only_no_time,usable,,not_available_in_v1_layer,2026-07-22T21:09:52+00:00,,2026-07-22T21:09:52+00:00,confirmed_available_at,2026-07-22T21:09:52+00:00,2017-04-20,2026-07-22T21:09:52+00:00,yes_publication_claim_only,yes_publication_claim_only,yes_publication_claim_only,yes_publication_claim_only,no,no,,version-link-v1.0-2026-07-26,layer=normalised-text-v1_provisional;pairs=near-dup-v1.0-2026-07-26;url=url-canon-v1.0-2026-07-27;syndication=syndication-v1.0-2026-07-26
NEWS-guardian_api-5e03a78aad9d,SCC-2013-05,guardian_api,no_version_candidates,,,2012-11-26,date_only_no_time,usable,,not_available_in_v1_layer,2026-07-22T21:08:31+00:00,,2026-07-22T21:08:31+00:00,confirmed_available_at,2026-07-22T21:08:31+00:00,2012-11-26,2026-07-22T21:08:31+00:00,yes_publication_claim_only,no,no,no,no,no,,version-link-v1.0-2026-07-26,layer=normalised-text-v1_provisional;pairs=near-dup-v1.0-2026-07-26;url=url-canon-v1.0-2026-07-27;syndication=syndication-v1.0-2026-07-26
NEWS-guardian_api-5e8e90f7e5eb,ESWS-2026-05,guardian_api,no_version_candidates,,,2026-02-05,date_only_no_time,usable,,not_available_in_v1_layer,2026-07-22T21:08:10+00:00,,2026-07-22T21:08:10+00:00,confirmed_available_at,2026-07-22T21:08:10+00:00,2026-02-05,2026-07-22T21:08:10+00:00,yes_publication_claim_only,no,no,no,no,no,,version-link-v1.0-2026-07-26,layer=normalised-text-v1_provisional;pairs=near-dup-v1.0-2026-07-26;url=url-canon-v1.0-2026-07-27;syndication=syndication-v1.0-2026-07-26
NEWS-guardian_api-5eaaac7203a3,SCC-2017-05,guardian_api,no_version_candidates,,,2016-12-08,date_only_no_time,usable,,not_available_in_v1_layer,2026-07-22T21:09:47+00:00,,2026-07-22T21:09:47+00:00,confirmed_available_at,2026-07-22T21:09:47+00:00,2016-12-08,2026-07-22T21:09:47+00:00,yes_publication_claim_only,no,no,no,no,no,,version-link-v1.0-2026-07-26,layer=normalised-text-v1_provisional;pairs=near-dup-v1.0-2026-07-26;url=url-canon-v1.0-2026-07-27;syndication=syndication-v1.0-2026-07-26
NEWS-guardian_api-5ee7164849c5,SCC-2021-05,guardian_api,no_version_candidates,,,2020-11-08,date_only_no_time,usable,,not_available_in_v1_layer,2026-07-22T21:10:20+00:00,,2026-07-22T21:10:20+00:00,confirmed_available_at,2026-07-22T21:10:20+00:00,2020-11-08,2026-07-22T21:10:20+00:00,yes_publication_claim_only,no,no,no,no,no,,version-link-v1.0-2026-07-26,layer=normalised-text-v1_provisional;pairs=near-dup-v1.0-2026-07-26;url=url-canon-v1.0-2026-07-27;syndication=syndication-v1.0-2026-07-26
NEWS-guardian_api-5ef12cf9fcde,SCC-2017-05,guardian_api,no_version_candidates,,,2016-12-12,date_only_no_time,usable,,not_available_in_v1_layer,2026-07-22T21:09:39+00:00,,2026-07-22T21:09:39+00:00,confirmed_available_at,2026-07-22T21:09:39+00:00,2016-12-12,2026-07-22T21:09:39+00:00,yes_publication_claim_only,no,no,no,no,no,,version-link-v1.0-2026-07-26,layer=normalised-text-v1_provisional;pairs=near-dup-v1.0-2026-07-26;url=url-canon-v1.0-2026-07-27;syndication=syndication-v1.0-2026-07-26
NEWS-guardian_api-5f1595eebd4d,SCC-2021-05,guardian_api,no_version_candidates,,,2021-04-25,date_only_no_time,usable,,not_available_in_v1_layer,2026-07-22T21:10:03+00:00,,2026-07-22T21:10:03+00:00,confirmed_available_at,2026-07-22T21:10:03+00:00,2021-04-25,2026-07-22T21:10:03+00:00,yes_publication_claim_only,yes_publication_claim_only,yes_publication_claim_only,yes_publication_claim_only,no,no,,version-link-v1.0-2026-07-26,layer=normalised-text-v1_provisional;pairs=near-dup-v1.0-2026-07-26;url=url-canon-v1.0-2026-07-27;syndication=syndication-v1.0-2026-07-26
NEWS-guardian_api-5f21ee44cc5a,SCC-2017-05,guardian_api,no_version_candidates,,,2016-11-18,date_only_no_time,usable,,not_available_in_v1_layer,2026-07-22T21:09:39+00:00,,2026-07-22T21:09:39+00:00,confirmed_available_at,2026-07-22T21:09:39+00:00,2016-11-18,2026-07-22T21:09:39+00:00,yes_publication_claim_only,no,no,no,no,no,,version-link-v1.0-2026-07-26,layer=normalised-text-v1_provisional;pairs=near-dup-v1.0-2026-07-26;url=url-canon-v1.0-2026-07-27;syndication=syndication-v1.0-2026-07-26
NEWS-guardian_api-5f24971d0827,SCC-2017-05,guardian_api,no_version_candidates,,,2016-12-27,date_only_no_time,usable,,not_available_in_v1_layer,2026-07-22T21:09:40+00:00,,2026-07-22T21:09:40+00:00,confirmed_available_at,2026-07-22T21:09:40+00:00,2016-12-27,2026-07-22T21:09:40+00:00,yes_publication_claim_only,no,no,no,no,no,,version-link-v1.0-2026-07-26,layer=normalised-text-v1_provisional;pairs=near-dup-v1.0-2026-07-26;url=url-canon-v1.0-2026-07-27;syndication=syndication-v1.0-2026-07-26
NEWS-guardian_api-5f24cf83da96,SCC-2013-05,guardian_api,no_version_candidates,,,2012-11-19,date_only_no_time,usable,,not_available_in_v1_layer,2026-07-22T21:08:55+00:00,,2026-07-22T21:08:55+00:00,confirmed_available_at,2026-07-22T21:08:55+00:00,2012-11-19,2026-07-22T21:08:55+00:00,yes_publication_claim_only,no,no,no,no,no,,version-link-v1.0-2026-07-26,layer=normalised-text-v1_provisional;pairs=near-dup-v1.0-2026-07-26;url=url-canon-v1.0-2026-07-27;syndication=syndication-v1.0-2026-07-26
NEWS-guardian_api-5f386627b792,SCC-2021-05,guardian_api,no_version_candidates,,,2020-11-07,date_only_no_time,usable,,not_available_in_v1_layer,2026-07-22T21:10:20+00:00,,2026-07-22T21:10:20+00:00,confirmed_available_at,2026-07-22T21:10:20+00:00,2020-11-07,2026-07-22T21:10:20+00:00,yes_publication_claim_only,no,no,no,no,no,,version-link-v1.0-2026-07-26,layer=normalised-text-v1_provisional;pairs=near-dup-v1.0-2026-07-26;url=url-canon-v1.0-2026-07-27;syndication=syndication-v1.0-2026-07-26
NEWS-guardian_api-5f4fe3515060,SCC-2017-05,guardian_api,no_version_candidates,,,2016-12-01,date_only_no_time,usable,,not_available_in_v1_layer,2026-07-22T21:09:19+00:00,,2026-07-22T21:09:19+00:00,confirmed_available_at,2026-07-22T21:09:19+00:00,2016-12-01,2026-07-22T21:09:19+00:00,yes_publication_claim_only,no,no,no,no,no,,version-link-v1.0-2026-07-26,layer=normalised-text-v1_provisional;pairs=near-dup-v1.0-2026-07-26;url=url-canon-v1.0-2026-07-27;syndication=syndication-v1.0-2026-07-26
NEWS-guardian_api-5fab8abf39f9,ESWS-2026-05,guardian_api,no_version_candidates,,,2025-11-21,date_only_no_time,usable,,not_available_in_v1_layer,2026-07-22T21:07:45+00:00,,2026-07-22T21:07:45+00:00,confirmed_available_at,2026-07-22T21:07:45+00:00,2025-11-21,2026-07-22T21:07:45+00:00,yes_publication_claim_only,no,no,no,no,no,,version-link-v1.0-2026-07-26,layer=normalised-text-v1_provisional;pairs=near-dup-v1.0-2026-07-26;url=url-canon-v1.0-2026-07-27;syndication=syndication-v1.0-2026-07-26
NEWS-guardian_api-5fff03450392,ESWS-2026-05,guardian_api,no_version_candidates,,,2026-04-26,date_only_no_time,usable,,not_available_in_v1_layer,2026-07-22T21:07:54+00:00,,2026-07-22T21:07:54+00:00,confirmed_available_at,2026-07-22T21:07:54+00:00,2026-04-26,2026-07-22T21:07:54+00:00,yes_publication_claim_only,yes_publication_claim_only,yes_publication_claim_only,yes_publication_claim_only,no,no,,version-link-v1.0-2026-07-26,layer=normalised-text-v1_provisional;pairs=near-dup-v1.0-2026-07-26;url=url-canon-v1.0-2026-07-27;syndication=syndication-v1.0-2026-07-26
NEWS-guardian_api-6061977b41da,SCC-2021-05,guardian_api,no_version_candidates,,,2020-12-31,date_only_no_time,usable,,not_available_in_v1_layer,2026-07-22T21:10:32+00:00,,2026-07-22T21:10:32+00:00,confirmed_available_at,2026-07-22T21:10:32+00:00,2020-12-31,2026-07-22T21:10:32+00:00,yes_publication_claim_only,no,no,no,no,no,,version-link-v1.0-2026-07-26,layer=normalised-text-v1_provisional;pairs=near-dup-v1.0-2026-07-26;url=url-canon-v1.0-2026-07-27;syndication=syndication-v1.0-2026-07-26
NEWS-guardian_api-60f9fc746824,SCC-2013-05,guardian_api,no_version_candidates,,,2012-12-15,date_only_no_time,usable,,not_available_in_v1_layer,2026-07-22T21:08:55+00:00,,2026-07-22T21:08:55+00:00,confirmed_available_at,2026-07-22T21:08:55+00:00,2012-12-15,2026-07-22T21:08:55+00:00,yes_publication_claim_only,no,no,no,no,no,,version-link-v1.0-2026-07-26,layer=normalised-text-v1_provisional;pairs=near-dup-v1.0-2026-07-26;url=url-canon-v1.0-2026-07-27;syndication=syndication-v1.0-2026-07-26
NEWS-guardian_api-60fe73947b5c,SCC-2013-05,guardian_api,no_version_candidates,,,2013-03-13,date_only_no_time,usable,,not_available_in_v1_layer,2026-07-22T21:09:07+00:00,,2026-07-22T21:09:07+00:00,confirmed_available_at,2026-07-22T21:09:07+00:00,2013-03-13,2026-07-22T21:09:07+00:00,yes_publication_claim_only,yes_publication_claim_only,no,no,no,no,,version-link-v1.0-2026-07-26,layer=normalised-text-v1_provisional;pairs=near-dup-v1.0-2026-07-26;url=url-canon-v1.0-2026-07-27;syndication=syndication-v1.0-2026-07-26
NEWS-guardian_api-617eb67c74fc,SCC-2013-05,guardian_api,no_version_candidates,,,2012-11-23,date_only_no_time,usable,,not_available_in_v1_layer,2026-07-22T21:08:55+00:00,,2026-07-22T21:08:55+00:00,confirmed_available_at,2026-07-22T21:08:55+00:00,2012-11-23,2026-07-22T21:08:55+00:00,yes_publication_claim_only,no,no,no,no,no,,version-link-v1.0-2026-07-26,layer=normalised-text-v1_provisional;pairs=near-dup-v1.0-2026-07-26;url=url-canon-v1.0-2026-07-27;syndication=syndication-v1.0-2026-07-26
NEWS-guardian_api-618f23b6319d,ESWS-2026-05,guardian_api,no_version_candidates,,,2025-11-28,date_only_no_time,usable,,not_available_in_v1_layer,2026-07-22T21:07:48+00:00,,2026-07-22T21:07:48+00:00,confirmed_available_at,2026-07-22T21:07:48+00:00,2025-11-28,2026-07-22T21:07:48+00:00,yes_publication_claim_only,no,no,no,no,no,,version-link-v1.0-2026-07-26,layer=normalised-text-v1_provisional;pairs=near-dup-v1.0-2026-07-26;url=url-canon-v1.0-2026-07-27;syndication=syndication-v1.0-2026-07-26
NEWS-guardian_api-61d1f7ea6f97,SCC-2013-05,guardian_api,no_version_candidates,,,2012-12-31,date_only_no_time,usable,,not_available_in_v1_layer,2026-07-22T21:08:34+00:00,,2026-07-22T21:08:34+00:00,confirmed_available_at,2026-07-22T21:08:34+00:00,2012-12-31,2026-07-22T21:08:34+00:00,yes_publication_claim_only,no,no,no,no,no,,version-link-v1.0-2026-07-26,layer=normalised-text-v1_provisional;pairs=near-dup-v1.0-2026-07-26;url=url-canon-v1.0-2026-07-27;syndication=syndication-v1.0-2026-07-26
NEWS-guardian_api-6204dac49076,SCC-2017-05,guardian_api,no_version_candidates,,,2016-11-22,date_only_no_time,usable,,not_available_in_v1_layer,2026-07-22T21:09:15+00:00,,2026-07-22T21:09:15+00:00,confirmed_available_at,2026-07-22T21:09:15+00:00,2016-11-22,2026-07-22T21:09:15+00:00,yes_publication_claim_only,no,no,no,no,no,,version-link-v1.0-2026-07-26,layer=normalised-text-v1_provisional;pairs=near-dup-v1.0-2026-07-26;url=url-canon-v1.0-2026-07-27;syndication=syndication-v1.0-2026-07-26
NEWS-guardian_api-62141cd0f425,SCC-2021-05,guardian_api,no_version_candidates,,,2020-11-08,date_only_no_time,usable,,not_available_in_v1_layer,2026-07-22T21:10:28+00:00,,2026-07-22T21:10:28+00:00,confirmed_available_at,2026-07-22T21:10:28+00:00,2020-11-08,2026-07-22T21:10:28+00:00,yes_publication_claim_only,no,no,no,no,no,,version-link-v1.0-2026-07-26,layer=normalised-text-v1_provisional;pairs=near-dup-v1.0-2026-07-26;url=url-canon-v1.0-2026-07-27;syndication=syndication-v1.0-2026-07-26
NEWS-guardian_api-6289435e4680,SCC-2021-05,guardian_api,no_version_candidates,,,2021-02-18,date_only_no_time,usable,,not_available_in_v1_layer,2026-07-22T21:10:32+00:00,,2026-07-22T21:10:32+00:00,confirmed_available_at,2026-07-22T21:10:32+00:00,2021-02-18,2026-07-22T21:10:32+00:00,yes_publication_claim_only,yes_publication_claim_only,no,no,no,no,,version-link-v1.0-2026-07-26,layer=normalised-text-v1_provisional;pairs=near-dup-v1.0-2026-07-26;url=url-canon-v1.0-2026-07-27;syndication=syndication-v1.0-2026-07-26
NEWS-guardian_api-62a5806dd716,ESWS-2026-05,guardian_api,no_version_candidates,,,2026-02-05,date_only_no_time,usable,,not_available_in_v1_layer,2026-07-22T21:08:18+00:00,,2026-07-22T21:08:18+00:00,confirmed_available_at,2026-07-22T21:08:18+00:00,2026-02-05,2026-07-22T21:08:18+00:00,yes_publication_claim_only,no,no,no,no,no,,version-link-v1.0-2026-07-26,layer=normalised-text-v1_provisional;pairs=near-dup-v1.0-2026-07-26;url=url-canon-v1.0-2026-07-27;syndication=syndication-v1.0-2026-07-26
NEWS-guardian_api-62aee842a370,SCC-2013-05,guardian_api,no_version_candidates,,,2012-12-10,date_only_no_time,usable,,not_available_in_v1_layer,2026-07-22T21:08:55+00:00,,2026-07-22T21:08:55+00:00,confirmed_available_at,2026-07-22T21:08:55+00:00,2012-12-10,2026-07-22T21:08:55+00:00,yes_publication_claim_only,no,no,no,no,no,,version-link-v1.0-2026-07-26,layer=normalised-text-v1_provisional;pairs=near-dup-v1.0-2026-07-26;url=url-canon-v1.0-2026-07-27;syndication=syndication-v1.0-2026-07-26
NEWS-guardian_api-62d961a87f30,SCC-2013-05,guardian_api,no_version_candidates,,,2012-11-07,date_only_no_time,usable,,not_available_in_v1_layer,2026-07-22T21:08:47+00:00,,2026-07-22T21:08:47+00:00,confirmed_available_at,2026-07-22T21:08:47+00:00,2012-11-07,2026-07-22T21:08:47+00:00,yes_publication_claim_only,no,no,no,no,no,,version-link-v1.0-2026-07-26,layer=normalised-text-v1_provisional;pairs=near-dup-v1.0-2026-07-26;url=url-canon-v1.0-2026-07-27;syndication=syndication-v1.0-2026-07-26
NEWS-guardian_api-62f7537dd0ca,SCC-2017-05,guardian_api,no_version_candidates,,,2016-12-05,date_only_no_time,usable,,not_available_in_v1_layer,2026-07-22T21:09:19+00:00,,2026-07-22T21:09:19+00:00,confirmed_available_at,2026-07-22T21:09:19+00:00,2016-12-05,2026-07-22T21:09:19+00:00,yes_publication_claim_only,no,no,no,no,no,,version-link-v1.0-2026-07-26,layer=normalised-text-v1_provisional;pairs=near-dup-v1.0-2026-07-26;url=url-canon-v1.0-2026-07-27;syndication=syndication-v1.0-2026-07-26
NEWS-guardian_api-62fe4a09a8bc,SCC-2017-05,guardian_api,no_version_candidates,,,2016-11-05,date_only_no_time,usable,,not_available_in_v1_layer,2026-07-22T21:09:36+00:00,,2026-07-22T21:09:36+00:00,confirmed_available_at,2026-07-22T21:09:36+00:00,2016-11-05,2026-07-22T21:09:36+00:00,yes_publication_claim_only,no,no,no,no,no,,version-link-v1.0-2026-07-26,layer=normalised-text-v1_provisional;pairs=near-dup-v1.0-2026-07-26;url=url-canon-v1.0-2026-07-27;syndication=syndication-v1.0-2026-07-26
NEWS-guardian_api-631ad152b42e,SCC-2021-05,guardian_api,no_version_candidates,,,2021-02-04,date_only_no_time,usable,,not_available_in_v1_layer,2026-07-22T21:10:32+00:00,,2026-07-22T21:10:32+00:00,confirmed_available_at,2026-07-22T21:10:32+00:00,2021-02-04,2026-07-22T21:10:32+00:00,yes_publication_claim_only,no,no,no,no,no,,version-link-v1.0-2026-07-26,layer=normalised-text-v1_provisional;pairs=near-dup-v1.0-2026-07-26;url=url-canon-v1.0-2026-07-27;syndication=syndication-v1.0-2026-07-26
NEWS-guardian_api-63249280657e,ESWS-2026-05,guardian_api,no_version_candidates,,,2025-11-21,date_only_no_time,usable,,not_available_in_v1_layer,2026-07-22T21:07:45+00:00,,2026-07-22T21:07:45+00:00,confirmed_available_at,2026-07-22T21:07:45+00:00,2025-11-21,2026-07-22T21:07:45+00:00,yes_publication_claim_only,no,no,no,no,no,,version-link-v1.0-2026-07-26,layer=normalised-text-v1_provisional;pairs=near-dup-v1.0-2026-07-26;url=url-canon-v1.0-2026-07-27;syndication=syndication-v1.0-2026-07-26
NEWS-guardian_api-636742cb02ad,ESWS-2026-05,guardian_api,no_version_candidates,,,2025-11-25,date_only_no_time,usable,,not_available_in_v1_layer,2026-07-22T21:07:45+00:00,,2026-07-22T21:07:45+00:00,confirmed_available_at,2026-07-22T21:07:45+00:00,2025-11-25,2026-07-22T21:07:45+00:00,yes_publication_claim_only,no,no,no,no,no,,version-link-v1.0-2026-07-26,layer=normalised-text-v1_provisional;pairs=near-dup-v1.0-2026-07-26;url=url-canon-v1.0-2026-07-27;syndication=syndication-v1.0-2026-07-26
NEWS-guardian_api-63ca9b1b4b0f,SCC-2013-05,guardian_api,no_version_candidates,,,2012-11-30,date_only_no_time,usable,,not_available_in_v1_layer,2026-07-22T21:08:31+00:00,,2026-07-22T21:08:31+00:00,confirmed_available_at,2026-07-22T21:08:31+00:00,2012-11-30,2026-07-22T21:08:31+00:00,yes_publication_claim_only,no,no,no,no,no,,version-link-v1.0-2026-07-26,layer=normalised-text-v1_provisional;pairs=near-dup-v1.0-2026-07-26;url=url-canon-v1.0-2026-07-27;syndication=syndication-v1.0-2026-07-26
NEWS-guardian_api-63cd462e0de3,SCC-2017-05,guardian_api,no_version_candidates,,,2016-12-06,date_only_no_time,usable,,not_available_in_v1_layer,2026-07-22T21:09:39+00:00,,2026-07-22T21:09:39+00:00,confirmed_available_at,2026-07-22T21:09:39+00:00,2016-12-06,2026-07-22T21:09:39+00:00,yes_publication_claim_only,no,no,no,no,no,,version-link-v1.0-2026-07-26,layer=normalised-text-v1_provisional;pairs=near-dup-v1.0-2026-07-26;url=url-canon-v1.0-2026-07-27;syndication=syndication-v1.0-2026-07-26
NEWS-guardian_api-63e900bb0602,SCC-2021-05,guardian_api,no_version_candidates,,,2021-01-13,date_only_no_time,usable,,not_available_in_v1_layer,2026-07-22T21:10:25+00:00,,2026-07-22T21:10:25+00:00,confirmed_available_at,2026-07-22T21:10:25+00:00,2021-01-13,2026-07-22T21:10:25+00:00,yes_publication_claim_only,no,no,no,no,no,,version-link-v1.0-2026-07-26,layer=normalised-text-v1_provisional;pairs=near-dup-v1.0-2026-07-26;url=url-canon-v1.0-2026-07-27;syndication=syndication-v1.0-2026-07-26
NEWS-guardian_api-6421f301f273,SCC-2013-05,guardian_api,no_version_candidates,,,2012-12-04,date_only_no_time,usable,,not_available_in_v1_layer,2026-07-22T21:08:55+00:00,,2026-07-22T21:08:55+00:00,confirmed_available_at,2026-07-22T21:08:55+00:00,2012-12-04,2026-07-22T21:08:55+00:00,yes_publication_claim_only,no,no,no,no,no,,version-link-v1.0-2026-07-26,layer=normalised-text-v1_provisional;pairs=near-dup-v1.0-2026-07-26;url=url-canon-v1.0-2026-07-27;syndication=syndication-v1.0-2026-07-26
NEWS-guardian_api-6461572860a1,SCC-2013-05,guardian_api,no_version_candidates,,,2012-11-09,date_only_no_time,usable,,not_available_in_v1_layer,2026-07-22T21:08:55+00:00,,2026-07-22T21:08:55+00:00,confirmed_available_at,2026-07-22T21:08:55+00:00,2012-11-09,2026-07-22T21:08:55+00:00,yes_publication_claim_only,no,no,no,no,no,,version-link-v1.0-2026-07-26,layer=normalised-text-v1_provisional;pairs=near-dup-v1.0-2026-07-26;url=url-canon-v1.0-2026-07-27;syndication=syndication-v1.0-2026-07-26
NEWS-guardian_api-6469ce186488,SCC-2013-05,guardian_api,no_version_candidates,,,2012-11-16,date_only_no_time,usable,,not_available_in_v1_layer,2026-07-22T21:08:55+00:00,,2026-07-22T21:08:55+00:00,confirmed_available_at,2026-07-22T21:08:55+00:00,2012-11-16,2026-07-22T21:08:55+00:00,yes_publication_claim_only,no,no,no,no,no,,version-link-v1.0-2026-07-26,layer=normalised-text-v1_provisional;pairs=near-dup-v1.0-2026-07-26;url=url-canon-v1.0-2026-07-27;syndication=syndication-v1.0-2026-07-26
NEWS-guardian_api-64bae2898f6b,SCC-2013-05,guardian_api,no_version_candidates,,,2012-12-05,date_only_no_time,usable,,not_available_in_v1_layer,2026-07-22T21:08:38+00:00,,2026-07-22T21:08:38+00:00,confirmed_available_at,2026-07-22T21:08:38+00:00,2012-12-05,2026-07-22T21:08:38+00:00,yes_publication_claim_only,no,no,no,no,no,,version-link-v1.0-2026-07-26,layer=normalised-text-v1_provisional;pairs=near-dup-v1.0-2026-07-26;url=url-canon-v1.0-2026-07-27;syndication=syndication-v1.0-2026-07-26
NEWS-guardian_api-64bdac8c5221,SCC-2017-05,guardian_api,no_version_candidates,,,2016-11-29,date_only_no_time,usable,,not_available_in_v1_layer,2026-07-22T21:09:19+00:00,,2026-07-22T21:09:19+00:00,confirmed_available_at,2026-07-22T21:09:19+00:00,2016-11-29,2026-07-22T21:09:19+00:00,yes_publication_claim_only,no,no,no,no,no,,version-link-v1.0-2026-07-26,layer=normalised-text-v1_provisional;pairs=near-dup-v1.0-2026-07-26;url=url-canon-v1.0-2026-07-27;syndication=syndication-v1.0-2026-07-26
NEWS-guardian_api-64d0584b57fa,SCC-2017-05,guardian_api,no_version_candidates,,,2017-01-13,date_only_no_time,usable,,not_available_in_v1_layer,2026-07-22T21:09:40+00:00,,2026-07-22T21:09:40+00:00,confirmed_available_at,2026-07-22T21:09:40+00:00,2017-01-13,2026-07-22T21:09:40+00:00,yes_publication_claim_only,no,no,no,no,no,,version-link-v1.0-2026-07-26,layer=normalised-text-v1_provisional;pairs=near-dup-v1.0-2026-07-26;url=url-canon-v1.0-2026-07-27;syndication=syndication-v1.0-2026-07-26
NEWS-guardian_api-64ea38ced8bd,SCC-2021-05,guardian_api,no_version_candidates,,,2021-03-28,date_only_no_time,usable,,not_available_in_v1_layer,2026-07-22T21:10:13+00:00,,2026-07-22T21:10:13+00:00,confirmed_available_at,2026-07-22T21:10:13+00:00,2021-03-28,2026-07-22T21:10:13+00:00,yes_publication_claim_only,yes_publication_claim_only,no,no,no,no,,version-link-v1.0-2026-07-26,layer=normalised-text-v1_provisional;pairs=near-dup-v1.0-2026-07-26;url=url-canon-v1.0-2026-07-27;syndication=syndication-v1.0-2026-07-26
NEWS-guardian_api-64f85aafa865,SCC-2017-05,guardian_api,no_version_candidates,,,2017-01-17,date_only_no_time,usable,,not_available_in_v1_layer,2026-07-22T21:09:22+00:00,,2026-07-22T21:09:22+00:00,confirmed_available_at,2026-07-22T21:09:22+00:00,2017-01-17,2026-07-22T21:09:22+00:00,yes_publication_claim_only,no,no,no,no,no,,version-link-v1.0-2026-07-26,layer=normalised-text-v1_provisional;pairs=near-dup-v1.0-2026-07-26;url=url-canon-v1.0-2026-07-27;syndication=syndication-v1.0-2026-07-26
NEWS-guardian_api-6533fc1560ed,SCC-2021-05,guardian_api,no_version_candidates,,,2020-12-22,date_only_no_time,usable,,not_available_in_v1_layer,2026-07-22T21:10:32+00:00,,2026-07-22T21:10:32+00:00,confirmed_available_at,2026-07-22T21:10:32+00:00,2020-12-22,2026-07-22T21:10:32+00:00,yes_publication_claim_only,no,no,no,no,no,,version-link-v1.0-2026-07-26,layer=normalised-text-v1_provisional;pairs=near-dup-v1.0-2026-07-26;url=url-canon-v1.0-2026-07-27;syndication=syndication-v1.0-2026-07-26
NEWS-guardian_api-653d77c519fa,SCC-2013-05,guardian_api,no_version_candidates,,,2012-11-27,date_only_no_time,usable,,not_available_in_v1_layer,2026-07-22T21:08:31+00:00,,2026-07-22T21:08:31+00:00,confirmed_available_at,2026-07-22T21:08:31+00:00,2012-11-27,2026-07-22T21:08:31+00:00,yes_publication_claim_only,no,no,no,no,no,,version-link-v1.0-2026-07-26,layer=normalised-text-v1_provisional;pairs=near-dup-v1.0-2026-07-26;url=url-canon-v1.0-2026-07-27;syndication=syndication-v1.0-2026-07-26
NEWS-guardian_api-65435bf1ccdc,SCC-2017-05,guardian_api,no_version_candidates,,,2017-01-11,date_only_no_time,usable,,not_available_in_v1_layer,2026-07-22T21:09:47+00:00,,2026-07-22T21:09:47+00:00,confirmed_available_at,2026-07-22T21:09:47+00:00,2017-01-11,2026-07-22T21:09:47+00:00,yes_publication_claim_only,no,no,no,no,no,,version-link-v1.0-2026-07-26,layer=normalised-text-v1_provisional;pairs=near-dup-v1.0-2026-07-26;url=url-canon-v1.0-2026-07-27;syndication=syndication-v1.0-2026-07-26
NEWS-guardian_api-656a147b1b36,ESWS-2026-05,guardian_api,no_version_candidates,,,2026-02-02,date_only_no_time,usable,,not_available_in_v1_layer,2026-07-22T21:08:10+00:00,,2026-07-22T21:08:10+00:00,confirmed_available_at,2026-07-22T21:08:10+00:00,2026-02-02,2026-07-22T21:08:10+00:00,yes_publication_claim_only,no,no,no,no,no,,version-link-v1.0-2026-07-26,layer=normalised-text-v1_provisional;pairs=near-dup-v1.0-2026-07-26;url=url-canon-v1.0-2026-07-27;syndication=syndication-v1.0-2026-07-26
NEWS-guardian_api-65c48a759434,SCC-2017-05,guardian_api,no_version_candidates,,,2017-01-03,date_only_no_time,usable,,not_available_in_v1_layer,2026-07-22T21:09:19+00:00,,2026-07-22T21:09:19+00:00,confirmed_available_at,2026-07-22T21:09:19+00:00,2017-01-03,2026-07-22T21:09:19+00:00,yes_publication_claim_only,no,no,no,no,no,,version-link-v1.0-2026-07-26,layer=normalised-text-v1_provisional;pairs=near-dup-v1.0-2026-07-26;url=url-canon-v1.0-2026-07-27;syndication=syndication-v1.0-2026-07-26
NEWS-guardian_api-65d028edfda0,SCC-2013-05,guardian_api,no_version_candidates,,,2012-11-08,date_only_no_time,usable,,not_available_in_v1_layer,2026-07-22T21:08:47+00:00,,2026-07-22T21:08:47+00:00,confirmed_available_at,2026-07-22T21:08:47+00:00,2012-11-08,2026-07-22T21:08:47+00:00,yes_publication_claim_only,no,no,no,no,no,,version-link-v1.0-2026-07-26,layer=normalised-text-v1_provisional;pairs=near-dup-v1.0-2026-07-26;url=url-canon-v1.0-2026-07-27;syndication=syndication-v1.0-2026-07-26
NEWS-guardian_api-65e068da20e9,SCC-2017-05,guardian_api,no_version_candidates,,,2016-11-19,date_only_no_time,usable,,not_available_in_v1_layer,2026-07-22T21:09:15+00:00,,2026-07-22T21:09:15+00:00,confirmed_available_at,2026-07-22T21:09:15+00:00,2016-11-19,2026-07-22T21:09:15+00:00,yes_publication_claim_only,no,no,no,no,no,,version-link-v1.0-2026-07-26,layer=normalised-text-v1_provisional;pairs=near-dup-v1.0-2026-07-26;url=url-canon-v1.0-2026-07-27;syndication=syndication-v1.0-2026-07-26
NEWS-guardian_api-662b7d7df5a1,SCC-2013-05,guardian_api,no_version_candidates,,,2012-11-08,date_only_no_time,usable,,not_available_in_v1_layer,2026-07-22T21:08:30+00:00,,2026-07-22T21:08:30+00:00,confirmed_available_at,2026-07-22T21:08:30+00:00,2012-11-08,2026-07-22T21:08:30+00:00,yes_publication_claim_only,no,no,no,no,no,,version-link-v1.0-2026-07-26,layer=normalised-text-v1_provisional;pairs=near-dup-v1.0-2026-07-26;url=url-canon-v1.0-2026-07-27;syndication=syndication-v1.0-2026-07-26
NEWS-guardian_api-66ef2f0626da,ESWS-2026-05,guardian_api,no_version_candidates,,,2026-02-17,date_only_no_time,usable,,not_available_in_v1_layer,2026-07-22T21:08:10+00:00,,2026-07-22T21:08:10+00:00,confirmed_available_at,2026-07-22T21:08:10+00:00,2026-02-17,2026-07-22T21:08:10+00:00,yes_publication_claim_only,yes_publication_claim_only,no,no,no,no,,version-link-v1.0-2026-07-26,layer=normalised-text-v1_provisional;pairs=near-dup-v1.0-2026-07-26;url=url-canon-v1.0-2026-07-27;syndication=syndication-v1.0-2026-07-26
NEWS-guardian_api-6727d27634a9,ESWS-2026-05,guardian_api,no_version_candidates,,,2025-11-10,date_only_no_time,usable,,not_available_in_v1_layer,2026-07-22T21:07:52+00:00,,2026-07-22T21:07:52+00:00,confirmed_available_at,2026-07-22T21:07:52+00:00,2025-11-10,2026-07-22T21:07:52+00:00,yes_publication_claim_only,no,no,no,no,no,,version-link-v1.0-2026-07-26,layer=normalised-text-v1_provisional;pairs=near-dup-v1.0-2026-07-26;url=url-canon-v1.0-2026-07-27;syndication=syndication-v1.0-2026-07-26
NEWS-guardian_api-67561b426ca6,SCC-2017-05,guardian_api,no_version_candidates,,,2016-12-13,date_only_no_time,usable,,not_available_in_v1_layer,2026-07-22T21:09:22+00:00,,2026-07-22T21:09:22+00:00,confirmed_available_at,2026-07-22T21:09:22+00:00,2016-12-13,2026-07-22T21:09:22+00:00,yes_publication_claim_only,no,no,no,no,no,,version-link-v1.0-2026-07-26,layer=normalised-text-v1_provisional;pairs=near-dup-v1.0-2026-07-26;url=url-canon-v1.0-2026-07-27;syndication=syndication-v1.0-2026-07-26
NEWS-guardian_api-6771e88873f0,ESWS-2026-05,guardian_api,no_version_candidates,,,2025-11-16,date_only_no_time,usable,,not_available_in_v1_layer,2026-07-22T21:07:52+00:00,,2026-07-22T21:07:52+00:00,confirmed_available_at,2026-07-22T21:07:52+00:00,2025-11-16,2026-07-22T21:07:52+00:00,yes_publication_claim_only,no,no,no,no,no,,version-link-v1.0-2026-07-26,layer=normalised-text-v1_provisional;pairs=near-dup-v1.0-2026-07-26;url=url-canon-v1.0-2026-07-27;syndication=syndication-v1.0-2026-07-26
NEWS-guardian_api-67bef115d97a,SCC-2013-05,guardian_api,no_version_candidates,,,2012-12-11,date_only_no_time,usable,,not_available_in_v1_layer,2026-07-22T21:08:55+00:00,,2026-07-22T21:08:55+00:00,confirmed_available_at,2026-07-22T21:08:55+00:00,2012-12-11,2026-07-22T21:08:55+00:00,yes_publication_claim_only,no,no,no,no,no,,version-link-v1.0-2026-07-26,layer=normalised-text-v1_provisional;pairs=near-dup-v1.0-2026-07-26;url=url-canon-v1.0-2026-07-27;syndication=syndication-v1.0-2026-07-26
NEWS-guardian_api-67d6b70539a0,SCC-2017-05,guardian_api,no_version_candidates,,,2016-11-08,date_only_no_time,usable,,not_available_in_v1_layer,2026-07-22T21:09:32+00:00,,2026-07-22T21:09:32+00:00,confirmed_available_at,2026-07-22T21:09:32+00:00,2016-11-08,2026-07-22T21:09:32+00:00,yes_publication_claim_only,no,no,no,no,no,,version-link-v1.0-2026-07-26,layer=normalised-text-v1_provisional;pairs=near-dup-v1.0-2026-07-26;url=url-canon-v1.0-2026-07-27;syndication=syndication-v1.0-2026-07-26
NEWS-guardian_api-683826a1b2cf,SCC-2021-05,guardian_api,no_version_candidates,,,2021-03-14,date_only_no_time,usable,,not_available_in_v1_layer,2026-07-22T21:10:03+00:00,,2026-07-22T21:10:03+00:00,confirmed_available_at,2026-07-22T21:10:03+00:00,2021-03-14,2026-07-22T21:10:03+00:00,yes_publication_claim_only,yes_publication_claim_only,no,no,no,no,,version-link-v1.0-2026-07-26,layer=normalised-text-v1_provisional;pairs=near-dup-v1.0-2026-07-26;url=url-canon-v1.0-2026-07-27;syndication=syndication-v1.0-2026-07-26
NEWS-guardian_api-687a70d77798,SCC-2017-05,guardian_api,no_version_candidates,,,2016-12-23,date_only_no_time,usable,,not_available_in_v1_layer,2026-07-22T21:09:19+00:00,,2026-07-22T21:09:19+00:00,confirmed_available_at,2026-07-22T21:09:19+00:00,2016-12-23,2026-07-22T21:09:19+00:00,yes_publication_claim_only,no,no,no,no,no,,version-link-v1.0-2026-07-26,layer=normalised-text-v1_provisional;pairs=near-dup-v1.0-2026-07-26;url=url-canon-v1.0-2026-07-27;syndication=syndication-v1.0-2026-07-26
NEWS-guardian_api-6881aee1fdce,SCC-2013-05,guardian_api,no_version_candidates,,,2013-01-12,date_only_no_time,usable,,not_available_in_v1_layer,2026-07-22T21:09:02+00:00,,2026-07-22T21:09:02+00:00,confirmed_available_at,2026-07-22T21:09:02+00:00,2013-01-12,2026-07-22T21:09:02+00:00,yes_publication_claim_only,no,no,no,no,no,,version-link-v1.0-2026-07-26,layer=normalised-text-v1_provisional;pairs=near-dup-v1.0-2026-07-26;url=url-canon-v1.0-2026-07-27;syndication=syndication-v1.0-2026-07-26
NEWS-guardian_api-68844d3b5480,SCC-2017-05,guardian_api,no_version_candidates,,,2017-01-06,date_only_no_time,usable,,not_available_in_v1_layer,2026-07-22T21:09:40+00:00,,2026-07-22T21:09:40+00:00,confirmed_available_at,2026-07-22T21:09:40+00:00,2017-01-06,2026-07-22T21:09:40+00:00,yes_publication_claim_only,no,no,no,no,no,,version-link-v1.0-2026-07-26,layer=normalised-text-v1_provisional;pairs=near-dup-v1.0-2026-07-26;url=url-canon-v1.0-2026-07-27;syndication=syndication-v1.0-2026-07-26
NEWS-guardian_api-68d8ba5d7b5a,ESWS-2026-05,guardian_api,no_version_candidates,,,2025-11-09,date_only_no_time,usable,,not_available_in_v1_layer,2026-07-22T21:08:06+00:00,,2026-07-22T21:08:06+00:00,confirmed_available_at,2026-07-22T21:08:06+00:00,2025-11-09,2026-07-22T21:08:06+00:00,yes_publication_claim_only,no,no,no,no,no,,version-link-v1.0-2026-07-26,layer=normalised-text-v1_provisional;pairs=near-dup-v1.0-2026-07-26;url=url-canon-v1.0-2026-07-27;syndication=syndication-v1.0-2026-07-26
NEWS-guardian_api-68e20af25616,ESWS-2026-05,guardian_api,no_version_candidates,,,2025-11-21,date_only_no_time,usable,,not_available_in_v1_layer,2026-07-22T21:07:45+00:00,,2026-07-22T21:07:45+00:00,confirmed_available_at,2026-07-22T21:07:45+00:00,2025-11-21,2026-07-22T21:07:45+00:00,yes_publication_claim_only,no,no,no,no,no,,version-link-v1.0-2026-07-26,layer=normalised-text-v1_provisional;pairs=near-dup-v1.0-2026-07-26;url=url-canon-v1.0-2026-07-27;syndication=syndication-v1.0-2026-07-26
NEWS-guardian_api-6923c3754cf7,SCC-2013-05,guardian_api,no_version_candidates,,,2012-12-07,date_only_no_time,usable,,not_available_in_v1_layer,2026-07-22T21:08:38+00:00,,2026-07-22T21:08:38+00:00,confirmed_available_at,2026-07-22T21:08:38+00:00,2012-12-07,2026-07-22T21:08:38+00:00,yes_publication_claim_only,no,no,no,no,no,,version-link-v1.0-2026-07-26,layer=normalised-text-v1_provisional;pairs=near-dup-v1.0-2026-07-26;url=url-canon-v1.0-2026-07-27;syndication=syndication-v1.0-2026-07-26
NEWS-guardian_api-694d54e9c420,SCC-2013-05,guardian_api,no_version_candidates,,,2012-11-27,date_only_no_time,usable,,not_available_in_v1_layer,2026-07-22T21:08:31+00:00,,2026-07-22T21:08:31+00:00,confirmed_available_at,2026-07-22T21:08:31+00:00,2012-11-27,2026-07-22T21:08:31+00:00,yes_publication_claim_only,no,no,no,no,no,,version-link-v1.0-2026-07-26,layer=normalised-text-v1_provisional;pairs=near-dup-v1.0-2026-07-26;url=url-canon-v1.0-2026-07-27;syndication=syndication-v1.0-2026-07-26
NEWS-guardian_api-6956474b3b82,SCC-2017-05,guardian_api,no_version_candidates,,,2017-01-26,date_only_no_time,usable,,not_available_in_v1_layer,2026-07-22T21:09:47+00:00,,2026-07-22T21:09:47+00:00,confirmed_available_at,2026-07-22T21:09:47+00:00,2017-01-26,2026-07-22T21:09:47+00:00,yes_publication_claim_only,no,no,no,no,no,,version-link-v1.0-2026-07-26,layer=normalised-text-v1_provisional;pairs=near-dup-v1.0-2026-07-26;url=url-canon-v1.0-2026-07-27;syndication=syndication-v1.0-2026-07-26
NEWS-guardian_api-6968eee4537b,SCC-2021-05,guardian_api,no_version_candidates,,,2021-03-01,date_only_no_time,usable,,not_available_in_v1_layer,2026-07-22T21:10:13+00:00,,2026-07-22T21:10:13+00:00,confirmed_available_at,2026-07-22T21:10:13+00:00,2021-03-01,2026-07-22T21:10:13+00:00,yes_publication_claim_only,yes_publication_claim_only,no,no,no,no,,version-link-v1.0-2026-07-26,layer=normalised-text-v1_provisional;pairs=near-dup-v1.0-2026-07-26;url=url-canon-v1.0-2026-07-27;syndication=syndication-v1.0-2026-07-26
NEWS-guardian_api-6971295f5237,SCC-2021-05,guardian_api,no_version_candidates,,,2020-11-12,date_only_no_time,usable,,not_available_in_v1_layer,2026-07-22T21:10:17+00:00,,2026-07-22T21:10:17+00:00,confirmed_available_at,2026-07-22T21:10:17+00:00,2020-11-12,2026-07-22T21:10:17+00:00,yes_publication_claim_only,no,no,no,no,no,,version-link-v1.0-2026-07-26,layer=normalised-text-v1_provisional;pairs=near-dup-v1.0-2026-07-26;url=url-canon-v1.0-2026-07-27;syndication=syndication-v1.0-2026-07-26
NEWS-guardian_api-69a5abd89c4c,SCC-2013-05,guardian_api,no_version_candidates,,,2012-11-22,date_only_no_time,usable,,not_available_in_v1_layer,2026-07-22T21:08:30+00:00,,2026-07-22T21:08:30+00:00,confirmed_available_at,2026-07-22T21:08:30+00:00,2012-11-22,2026-07-22T21:08:30+00:00,yes_publication_claim_only,no,no,no,no,no,,version-link-v1.0-2026-07-26,layer=normalised-text-v1_provisional;pairs=near-dup-v1.0-2026-07-26;url=url-canon-v1.0-2026-07-27;syndication=syndication-v1.0-2026-07-26
NEWS-guardian_api-69c1c2aa60e5,SCC-2017-05,guardian_api,no_version_candidates,,,2016-11-08,date_only_no_time,usable,,not_available_in_v1_layer,2026-07-22T21:09:32+00:00,,2026-07-22T21:09:32+00:00,confirmed_available_at,2026-07-22T21:09:32+00:00,2016-11-08,2026-07-22T21:09:32+00:00,yes_publication_claim_only,no,no,no,no,no,,version-link-v1.0-2026-07-26,layer=normalised-text-v1_provisional;pairs=near-dup-v1.0-2026-07-26;url=url-canon-v1.0-2026-07-27;syndication=syndication-v1.0-2026-07-26
NEWS-guardian_api-69c628af74f1,SCC-2017-05,guardian_api,no_version_candidates,,,2016-11-21,date_only_no_time,usable,,not_available_in_v1_layer,2026-07-22T21:09:15+00:00,,2026-07-22T21:09:15+00:00,confirmed_available_at,2026-07-22T21:09:15+00:00,2016-11-21,2026-07-22T21:09:15+00:00,yes_publication_claim_only,no,no,no,no,no,,version-link-v1.0-2026-07-26,layer=normalised-text-v1_provisional;pairs=near-dup-v1.0-2026-07-26;url=url-canon-v1.0-2026-07-27;syndication=syndication-v1.0-2026-07-26
NEWS-guardian_api-69f0ea4b734c,SCC-2017-05,guardian_api,no_version_candidates,,,2016-11-15,date_only_no_time,usable,,not_available_in_v1_layer,2026-07-22T21:09:22+00:00,,2026-07-22T21:09:22+00:00,confirmed_available_at,2026-07-22T21:09:22+00:00,2016-11-15,2026-07-22T21:09:22+00:00,yes_publication_claim_only,no,no,no,no,no,,version-link-v1.0-2026-07-26,layer=normalised-text-v1_provisional;pairs=near-dup-v1.0-2026-07-26;url=url-canon-v1.0-2026-07-27;syndication=syndication-v1.0-2026-07-26
NEWS-guardian_api-6a0bc28bad7c,SCC-2013-05,guardian_api,no_version_candidates,,,2012-11-28,date_only_no_time,usable,,not_available_in_v1_layer,2026-07-22T21:08:31+00:00,,2026-07-22T21:08:31+00:00,confirmed_available_at,2026-07-22T21:08:31+00:00,2012-11-28,2026-07-22T21:08:31+00:00,yes_publication_claim_only,no,no,no,no,no,,version-link-v1.0-2026-07-26,layer=normalised-text-v1_provisional;pairs=near-dup-v1.0-2026-07-26;url=url-canon-v1.0-2026-07-27;syndication=syndication-v1.0-2026-07-26
NEWS-guardian_api-6a1d41c8bf86,SCC-2021-05,guardian_api,no_version_candidates,,,2021-01-24,date_only_no_time,usable,,not_available_in_v1_layer,2026-07-22T21:10:32+00:00,,2026-07-22T21:10:32+00:00,confirmed_available_at,2026-07-22T21:10:32+00:00,2021-01-24,2026-07-22T21:10:32+00:00,yes_publication_claim_only,no,no,no,no,no,,version-link-v1.0-2026-07-26,layer=normalised-text-v1_provisional;pairs=near-dup-v1.0-2026-07-26;url=url-canon-v1.0-2026-07-27;syndication=syndication-v1.0-2026-07-26
NEWS-guardian_api-6a2dde88b57c,SCC-2021-05,guardian_api,no_version_candidates,,,2020-11-14,date_only_no_time,usable,,not_available_in_v1_layer,2026-07-22T21:10:25+00:00,,2026-07-22T21:10:25+00:00,confirmed_available_at,2026-07-22T21:10:25+00:00,2020-11-14,2026-07-22T21:10:25+00:00,yes_publication_claim_only,no,no,no,no,no,,version-link-v1.0-2026-07-26,layer=normalised-text-v1_provisional;pairs=near-dup-v1.0-2026-07-26;url=url-canon-v1.0-2026-07-27;syndication=syndication-v1.0-2026-07-26
NEWS-guardian_api-6a718a68a9e4,SCC-2017-05,guardian_api,no_version_candidates,,,2017-01-25,date_only_no_time,usable,,not_available_in_v1_layer,2026-07-22T21:09:47+00:00,,2026-07-22T21:09:47+00:00,confirmed_available_at,2026-07-22T21:09:47+00:00,2017-01-25,2026-07-22T21:09:47+00:00,yes_publication_claim_only,no,no,no,no,no,,version-link-v1.0-2026-07-26,layer=normalised-text-v1_provisional;pairs=near-dup-v1.0-2026-07-26;url=url-canon-v1.0-2026-07-27;syndication=syndication-v1.0-2026-07-26
NEWS-guardian_api-6ab082717baf,ESWS-2026-05,guardian_api,no_version_candidates,,,2026-02-08,date_only_no_time,usable,,not_available_in_v1_layer,2026-07-22T21:08:10+00:00,,2026-07-22T21:08:10+00:00,confirmed_available_at,2026-07-22T21:08:10+00:00,2026-02-08,2026-07-22T21:08:10+00:00,yes_publication_claim_only,yes_publication_claim_only,no,no,no,no,,version-link-v1.0-2026-07-26,layer=normalised-text-v1_provisional;pairs=near-dup-v1.0-2026-07-26;url=url-canon-v1.0-2026-07-27;syndication=syndication-v1.0-2026-07-26
NEWS-guardian_api-6abc0767f39c,SCC-2021-05,guardian_api,no_version_candidates,,,2020-11-22,date_only_no_time,usable,,not_available_in_v1_layer,2026-07-22T21:10:32+00:00,,2026-07-22T21:10:32+00:00,confirmed_available_at,2026-07-22T21:10:32+00:00,2020-11-22,2026-07-22T21:10:32+00:00,yes_publication_claim_only,no,no,no,no,no,,version-link-v1.0-2026-07-26,layer=normalised-text-v1_provisional;pairs=near-dup-v1.0-2026-07-26;url=url-canon-v1.0-2026-07-27;syndication=syndication-v1.0-2026-07-26
NEWS-guardian_api-6ac4237905f0,SCC-2013-05,guardian_api,no_version_candidates,,,2012-12-15,date_only_no_time,usable,,not_available_in_v1_layer,2026-07-22T21:08:38+00:00,,2026-07-22T21:08:38+00:00,confirmed_available_at,2026-07-22T21:08:38+00:00,2012-12-15,2026-07-22T21:08:38+00:00,yes_publication_claim_only,no,no,no,no,no,,version-link-v1.0-2026-07-26,layer=normalised-text-v1_provisional;pairs=near-dup-v1.0-2026-07-26;url=url-canon-v1.0-2026-07-27;syndication=syndication-v1.0-2026-07-26
NEWS-guardian_api-6afc512b523d,SCC-2013-05,guardian_api,no_version_candidates,,,2013-02-12,date_only_no_time,usable,,not_available_in_v1_layer,2026-07-22T21:08:38+00:00,,2026-07-22T21:08:38+00:00,confirmed_available_at,2026-07-22T21:08:38+00:00,2013-02-12,2026-07-22T21:08:38+00:00,yes_publication_claim_only,yes_publication_claim_only,no,no,no,no,,version-link-v1.0-2026-07-26,layer=normalised-text-v1_provisional;pairs=near-dup-v1.0-2026-07-26;url=url-canon-v1.0-2026-07-27;syndication=syndication-v1.0-2026-07-26
NEWS-guardian_api-6b0972675fa2,ESWS-2026-05,guardian_api,no_version_candidates,,,2025-11-24,date_only_no_time,usable,,not_available_in_v1_layer,2026-07-22T21:07:45+00:00,,2026-07-22T21:07:45+00:00,confirmed_available_at,2026-07-22T21:07:45+00:00,2025-11-24,2026-07-22T21:07:45+00:00,yes_publication_claim_only,no,no,no,no,no,,version-link-v1.0-2026-07-26,layer=normalised-text-v1_provisional;pairs=near-dup-v1.0-2026-07-26;url=url-canon-v1.0-2026-07-27;syndication=syndication-v1.0-2026-07-26
NEWS-guardian_api-6b23797a3a5c,SCC-2017-05,guardian_api,no_version_candidates,,,2016-11-15,date_only_no_time,usable,,not_available_in_v1_layer,2026-07-22T21:09:32+00:00,,2026-07-22T21:09:32+00:00,confirmed_available_at,2026-07-22T21:09:32+00:00,2016-11-15,2026-07-22T21:09:32+00:00,yes_publication_claim_only,no,no,no,no,no,,version-link-v1.0-2026-07-26,layer=normalised-text-v1_provisional;pairs=near-dup-v1.0-2026-07-26;url=url-canon-v1.0-2026-07-27;syndication=syndication-v1.0-2026-07-26
NEWS-guardian_api-6b29f3ae679e,SCC-2017-05,guardian_api,no_version_candidates,,,2016-11-28,date_only_no_time,usable,,not_available_in_v1_layer,2026-07-22T21:09:19+00:00,,2026-07-22T21:09:19+00:00,confirmed_available_at,2026-07-22T21:09:19+00:00,2016-11-28,2026-07-22T21:09:19+00:00,yes_publication_claim_only,no,no,no,no,no,,version-link-v1.0-2026-07-26,layer=normalised-text-v1_provisional;pairs=near-dup-v1.0-2026-07-26;url=url-canon-v1.0-2026-07-27;syndication=syndication-v1.0-2026-07-26
NEWS-guardian_api-6b3902c12fb7,SCC-2017-05,guardian_api,no_version_candidates,,,2016-11-08,date_only_no_time,usable,,not_available_in_v1_layer,2026-07-22T21:09:15+00:00,,2026-07-22T21:09:15+00:00,confirmed_available_at,2026-07-22T21:09:15+00:00,2016-11-08,2026-07-22T21:09:15+00:00,yes_publication_claim_only,no,no,no,no,no,,version-link-v1.0-2026-07-26,layer=normalised-text-v1_provisional;pairs=near-dup-v1.0-2026-07-26;url=url-canon-v1.0-2026-07-27;syndication=syndication-v1.0-2026-07-26
NEWS-guardian_api-6baa365c3fbb,SCC-2021-05,guardian_api,no_version_candidates,,,2021-01-14,date_only_no_time,usable,,not_available_in_v1_layer,2026-07-22T21:10:25+00:00,,2026-07-22T21:10:25+00:00,confirmed_available_at,2026-07-22T21:10:25+00:00,2021-01-14,2026-07-22T21:10:25+00:00,yes_publication_claim_only,no,no,no,no,no,,version-link-v1.0-2026-07-26,layer=normalised-text-v1_provisional;pairs=near-dup-v1.0-2026-07-26;url=url-canon-v1.0-2026-07-27;syndication=syndication-v1.0-2026-07-26
NEWS-guardian_api-6bcef84bbf82,SCC-2017-05,guardian_api,no_version_candidates,,,2016-12-20,date_only_no_time,usable,,not_available_in_v1_layer,2026-07-22T21:09:47+00:00,,2026-07-22T21:09:47+00:00,confirmed_available_at,2026-07-22T21:09:47+00:00,2016-12-20,2026-07-22T21:09:47+00:00,yes_publication_claim_only,no,no,no,no,no,,version-link-v1.0-2026-07-26,layer=normalised-text-v1_provisional;pairs=near-dup-v1.0-2026-07-26;url=url-canon-v1.0-2026-07-27;syndication=syndication-v1.0-2026-07-26
NEWS-guardian_api-6c997e3ce7e9,SCC-2021-05,guardian_api,no_version_candidates,,,2021-02-05,date_only_no_time,usable,,not_available_in_v1_layer,2026-07-22T21:10:32+00:00,,2026-07-22T21:10:32+00:00,confirmed_available_at,2026-07-22T21:10:32+00:00,2021-02-05,2026-07-22T21:10:32+00:00,yes_publication_claim_only,yes_publication_claim_only,no,no,no,no,,version-link-v1.0-2026-07-26,layer=normalised-text-v1_provisional;pairs=near-dup-v1.0-2026-07-26;url=url-canon-v1.0-2026-07-27;syndication=syndication-v1.0-2026-07-26
NEWS-guardian_api-6cc41d9d21eb,SCC-2013-05,guardian_api,no_version_candidates,,,2012-11-10,date_only_no_time,usable,,not_available_in_v1_layer,2026-07-22T21:08:47+00:00,,2026-07-22T21:08:47+00:00,confirmed_available_at,2026-07-22T21:08:47+00:00,2012-11-10,2026-07-22T21:08:47+00:00,yes_publication_claim_only,no,no,no,no,no,,version-link-v1.0-2026-07-26,layer=normalised-text-v1_provisional;pairs=near-dup-v1.0-2026-07-26;url=url-canon-v1.0-2026-07-27;syndication=syndication-v1.0-2026-07-26
NEWS-guardian_api-6ceeeb0f0c07,ESWS-2026-05,guardian_api,no_version_candidates,,,2025-11-13,date_only_no_time,usable,,not_available_in_v1_layer,2026-07-22T21:07:52+00:00,,2026-07-22T21:07:52+00:00,confirmed_available_at,2026-07-22T21:07:52+00:00,2025-11-13,2026-07-22T21:07:52+00:00,yes_publication_claim_only,no,no,no,no,no,,version-link-v1.0-2026-07-26,layer=normalised-text-v1_provisional;pairs=near-dup-v1.0-2026-07-26;url=url-canon-v1.0-2026-07-27;syndication=syndication-v1.0-2026-07-26
NEWS-guardian_api-6cf3ac03bd95,SCC-2013-05,guardian_api,no_version_candidates,,,2012-11-04,date_only_no_time,usable,,not_available_in_v1_layer,2026-07-22T21:08:51+00:00,,2026-07-22T21:08:51+00:00,confirmed_available_at,2026-07-22T21:08:51+00:00,2012-11-04,2026-07-22T21:08:51+00:00,yes_publication_claim_only,no,no,no,no,no,,version-link-v1.0-2026-07-26,layer=normalised-text-v1_provisional;pairs=near-dup-v1.0-2026-07-26;url=url-canon-v1.0-2026-07-27;syndication=syndication-v1.0-2026-07-26
NEWS-guardian_api-6d9cb3bbbaf4,SCC-2013-05,guardian_api,no_version_candidates,,,2012-11-18,date_only_no_time,usable,,not_available_in_v1_layer,2026-07-22T21:08:30+00:00,,2026-07-22T21:08:30+00:00,confirmed_available_at,2026-07-22T21:08:30+00:00,2012-11-18,2026-07-22T21:08:30+00:00,yes_publication_claim_only,no,no,no,no,no,,version-link-v1.0-2026-07-26,layer=normalised-text-v1_provisional;pairs=near-dup-v1.0-2026-07-26;url=url-canon-v1.0-2026-07-27;syndication=syndication-v1.0-2026-07-26
NEWS-guardian_api-6da11a8e8977,SCC-2021-05,guardian_api,no_version_candidates,,,2020-11-24,date_only_no_time,usable,,not_available_in_v1_layer,2026-07-22T21:10:25+00:00,,2026-07-22T21:10:25+00:00,confirmed_available_at,2026-07-22T21:10:25+00:00,2020-11-24,2026-07-22T21:10:25+00:00,yes_publication_claim_only,no,no,no,no,no,,version-link-v1.0-2026-07-26,layer=normalised-text-v1_provisional;pairs=near-dup-v1.0-2026-07-26;url=url-canon-v1.0-2026-07-27;syndication=syndication-v1.0-2026-07-26
NEWS-guardian_api-6daed2478fe8,SCC-2017-05,guardian_api,no_version_candidates,,,2016-11-13,date_only_no_time,usable,,not_available_in_v1_layer,2026-07-22T21:09:15+00:00,,2026-07-22T21:09:15+00:00,confirmed_available_at,2026-07-22T21:09:15+00:00,2016-11-13,2026-07-22T21:09:15+00:00,yes_publication_claim_only,no,no,no,no,no,,version-link-v1.0-2026-07-26,layer=normalised-text-v1_provisional;pairs=near-dup-v1.0-2026-07-26;url=url-canon-v1.0-2026-07-27;syndication=syndication-v1.0-2026-07-26
NEWS-guardian_api-6de367518f69,SCC-2017-05,guardian_api,no_version_candidates,,,2016-11-21,date_only_no_time,usable,,not_available_in_v1_layer,2026-07-22T21:09:15+00:00,,2026-07-22T21:09:15+00:00,confirmed_available_at,2026-07-22T21:09:15+00:00,2016-11-21,2026-07-22T21:09:15+00:00,yes_publication_claim_only,no,no,no,no,no,,version-link-v1.0-2026-07-26,layer=normalised-text-v1_provisional;pairs=near-dup-v1.0-2026-07-26;url=url-canon-v1.0-2026-07-27;syndication=syndication-v1.0-2026-07-26
NEWS-guardian_api-6de8c1a76c06,ESWS-2026-05,guardian_api,no_version_candidates,,,2025-11-11,date_only_no_time,usable,,not_available_in_v1_layer,2026-07-22T21:07:44+00:00,,2026-07-22T21:07:44+00:00,confirmed_available_at,2026-07-22T21:07:44+00:00,2025-11-11,2026-07-22T21:07:44+00:00,yes_publication_claim_only,no,no,no,no,no,,version-link-v1.0-2026-07-26,layer=normalised-text-v1_provisional;pairs=near-dup-v1.0-2026-07-26;url=url-canon-v1.0-2026-07-27;syndication=syndication-v1.0-2026-07-26
NEWS-guardian_api-6e661c4c5fdf,ESWS-2026-05,guardian_api,no_version_candidates,,,2026-03-25,date_only_no_time,usable,,not_available_in_v1_layer,2026-07-22T21:07:58+00:00,,2026-07-22T21:07:58+00:00,confirmed_available_at,2026-07-22T21:07:58+00:00,2026-03-25,2026-07-22T21:07:58+00:00,yes_publication_claim_only,yes_publication_claim_only,no,no,no,no,,version-link-v1.0-2026-07-26,layer=normalised-text-v1_provisional;pairs=near-dup-v1.0-2026-07-26;url=url-canon-v1.0-2026-07-27;syndication=syndication-v1.0-2026-07-26
NEWS-guardian_api-6e815cf94ffb,SCC-2017-05,guardian_api,no_version_candidates,,,2016-11-28,date_only_no_time,usable,,not_available_in_v1_layer,2026-07-22T21:09:19+00:00,,2026-07-22T21:09:19+00:00,confirmed_available_at,2026-07-22T21:09:19+00:00,2016-11-28,2026-07-22T21:09:19+00:00,yes_publication_claim_only,no,no,no,no,no,,version-link-v1.0-2026-07-26,layer=normalised-text-v1_provisional;pairs=near-dup-v1.0-2026-07-26;url=url-canon-v1.0-2026-07-27;syndication=syndication-v1.0-2026-07-26
NEWS-guardian_api-6edb0939f2cd,SCC-2013-05,guardian_api,no_version_candidates,,,2012-11-09,date_only_no_time,usable,,not_available_in_v1_layer,2026-07-22T21:08:30+00:00,,2026-07-22T21:08:30+00:00,confirmed_available_at,2026-07-22T21:08:30+00:00,2012-11-09,2026-07-22T21:08:30+00:00,yes_publication_claim_only,no,no,no,no,no,,version-link-v1.0-2026-07-26,layer=normalised-text-v1_provisional;pairs=near-dup-v1.0-2026-07-26;url=url-canon-v1.0-2026-07-27;syndication=syndication-v1.0-2026-07-26
NEWS-guardian_api-6eddca9d5ecc,SCC-2021-05,guardian_api,no_version_candidates,,,2021-01-09,date_only_no_time,usable,,not_available_in_v1_layer,2026-07-22T21:10:25+00:00,,2026-07-22T21:10:25+00:00,confirmed_available_at,2026-07-22T21:10:25+00:00,2021-01-09,2026-07-22T21:10:25+00:00,yes_publication_claim_only,no,no,no,no,no,,version-link-v1.0-2026-07-26,layer=normalised-text-v1_provisional;pairs=near-dup-v1.0-2026-07-26;url=url-canon-v1.0-2026-07-27;syndication=syndication-v1.0-2026-07-26
NEWS-guardian_api-6f3e24795ced,SCC-2021-05,guardian_api,no_version_candidates,,,2020-11-10,date_only_no_time,usable,,not_available_in_v1_layer,2026-07-22T21:10:17+00:00,,2026-07-22T21:10:17+00:00,confirmed_available_at,2026-07-22T21:10:17+00:00,2020-11-10,2026-07-22T21:10:17+00:00,yes_publication_claim_only,no,no,no,no,no,,version-link-v1.0-2026-07-26,layer=normalised-text-v1_provisional;pairs=near-dup-v1.0-2026-07-26;url=url-canon-v1.0-2026-07-27;syndication=syndication-v1.0-2026-07-26
NEWS-guardian_api-6f47fc867544,ESWS-2026-05,guardian_api,no_version_candidates,,,2025-11-09,date_only_no_time,usable,,not_available_in_v1_layer,2026-07-22T21:07:44+00:00,,2026-07-22T21:07:44+00:00,confirmed_available_at,2026-07-22T21:07:44+00:00,2025-11-09,2026-07-22T21:07:44+00:00,yes_publication_claim_only,no,no,no,no,no,,version-link-v1.0-2026-07-26,layer=normalised-text-v1_provisional;pairs=near-dup-v1.0-2026-07-26;url=url-canon-v1.0-2026-07-27;syndication=syndication-v1.0-2026-07-26
NEWS-guardian_api-6f601fb9fb8d,ESWS-2026-05,guardian_api,no_version_candidates,,,2025-11-14,date_only_no_time,usable,,not_available_in_v1_layer,2026-07-22T21:07:44+00:00,,2026-07-22T21:07:44+00:00,confirmed_available_at,2026-07-22T21:07:44+00:00,2025-11-14,2026-07-22T21:07:44+00:00,yes_publication_claim_only,no,no,no,no,no,,version-link-v1.0-2026-07-26,layer=normalised-text-v1_provisional;pairs=near-dup-v1.0-2026-07-26;url=url-canon-v1.0-2026-07-27;syndication=syndication-v1.0-2026-07-26
NEWS-guardian_api-6f7dc9b27427,SCC-2021-05,guardian_api,no_version_candidates,,,2021-04-23,date_only_no_time,usable,,not_available_in_v1_layer,2026-07-22T21:10:13+00:00,,2026-07-22T21:10:13+00:00,confirmed_available_at,2026-07-22T21:10:13+00:00,2021-04-23,2026-07-22T21:10:13+00:00,yes_publication_claim_only,yes_publication_claim_only,yes_publication_claim_only,yes_publication_claim_only,no,no,,version-link-v1.0-2026-07-26,layer=normalised-text-v1_provisional;pairs=near-dup-v1.0-2026-07-26;url=url-canon-v1.0-2026-07-27;syndication=syndication-v1.0-2026-07-26
NEWS-guardian_api-6f8a444c5aa4,SCC-2017-05,guardian_api,no_version_candidates,,,2016-11-30,date_only_no_time,usable,,not_available_in_v1_layer,2026-07-22T21:09:39+00:00,,2026-07-22T21:09:39+00:00,confirmed_available_at,2026-07-22T21:09:39+00:00,2016-11-30,2026-07-22T21:09:39+00:00,yes_publication_claim_only,no,no,no,no,no,,version-link-v1.0-2026-07-26,layer=normalised-text-v1_provisional;pairs=near-dup-v1.0-2026-07-26;url=url-canon-v1.0-2026-07-27;syndication=syndication-v1.0-2026-07-26
NEWS-guardian_api-6f97aae48937,ESWS-2026-05,guardian_api,no_version_candidates,,,2025-11-29,date_only_no_time,usable,,not_available_in_v1_layer,2026-07-22T21:07:48+00:00,,2026-07-22T21:07:48+00:00,confirmed_available_at,2026-07-22T21:07:48+00:00,2025-11-29,2026-07-22T21:07:48+00:00,yes_publication_claim_only,no,no,no,no,no,,version-link-v1.0-2026-07-26,layer=normalised-text-v1_provisional;pairs=near-dup-v1.0-2026-07-26;url=url-canon-v1.0-2026-07-27;syndication=syndication-v1.0-2026-07-26
NEWS-guardian_api-6fba19b0b0c5,SCC-2013-05,guardian_api,no_version_candidates,,,2012-11-23,date_only_no_time,usable,,not_available_in_v1_layer,2026-07-22T21:08:55+00:00,,2026-07-22T21:08:55+00:00,confirmed_available_at,2026-07-22T21:08:55+00:00,2012-11-23,2026-07-22T21:08:55+00:00,yes_publication_claim_only,no,no,no,no,no,,version-link-v1.0-2026-07-26,layer=normalised-text-v1_provisional;pairs=near-dup-v1.0-2026-07-26;url=url-canon-v1.0-2026-07-27;syndication=syndication-v1.0-2026-07-26
NEWS-guardian_api-6fcd0f935b56,SCC-2017-05,guardian_api,no_version_candidates,,,2016-12-11,date_only_no_time,usable,,not_available_in_v1_layer,2026-07-22T21:09:22+00:00,,2026-07-22T21:09:22+00:00,confirmed_available_at,2026-07-22T21:09:22+00:00,2016-12-11,2026-07-22T21:09:22+00:00,yes_publication_claim_only,no,no,no,no,no,,version-link-v1.0-2026-07-26,layer=normalised-text-v1_provisional;pairs=near-dup-v1.0-2026-07-26;url=url-canon-v1.0-2026-07-27;syndication=syndication-v1.0-2026-07-26
NEWS-guardian_api-6ff3089e09d2,ESWS-2026-05,guardian_api,no_version_candidates,,,2025-11-09,date_only_no_time,usable,,not_available_in_v1_layer,2026-07-22T21:07:44+00:00,,2026-07-22T21:07:44+00:00,confirmed_available_at,2026-07-22T21:07:44+00:00,2025-11-09,2026-07-22T21:07:44+00:00,yes_publication_claim_only,no,no,no,no,no,,version-link-v1.0-2026-07-26,layer=normalised-text-v1_provisional;pairs=near-dup-v1.0-2026-07-26;url=url-canon-v1.0-2026-07-27;syndication=syndication-v1.0-2026-07-26
NEWS-guardian_api-6ff37f53e24b,ESWS-2026-05,guardian_api,no_version_candidates,,,2025-11-19,date_only_no_time,usable,,not_available_in_v1_layer,2026-07-22T21:08:10+00:00,,2026-07-22T21:08:10+00:00,confirmed_available_at,2026-07-22T21:08:10+00:00,2025-11-19,2026-07-22T21:08:10+00:00,yes_publication_claim_only,no,no,no,no,no,,version-link-v1.0-2026-07-26,layer=normalised-text-v1_provisional;pairs=near-dup-v1.0-2026-07-26;url=url-canon-v1.0-2026-07-27;syndication=syndication-v1.0-2026-07-26
NEWS-guardian_api-7001fd0d6ded,SCC-2021-05,guardian_api,no_version_candidates,,,2020-11-24,date_only_no_time,usable,,not_available_in_v1_layer,2026-07-22T21:10:32+00:00,,2026-07-22T21:10:32+00:00,confirmed_available_at,2026-07-22T21:10:32+00:00,2020-11-24,2026-07-22T21:10:32+00:00,yes_publication_claim_only,no,no,no,no,no,,version-link-v1.0-2026-07-26,layer=normalised-text-v1_provisional;pairs=near-dup-v1.0-2026-07-26;url=url-canon-v1.0-2026-07-27;syndication=syndication-v1.0-2026-07-26
NEWS-guardian_api-70077e90b400,SCC-2017-05,guardian_api,no_version_candidates,,,2016-12-04,date_only_no_time,usable,,not_available_in_v1_layer,2026-07-22T21:09:39+00:00,,2026-07-22T21:09:39+00:00,confirmed_available_at,2026-07-22T21:09:39+00:00,2016-12-04,2026-07-22T21:09:39+00:00,yes_publication_claim_only,no,no,no,no,no,,version-link-v1.0-2026-07-26,layer=normalised-text-v1_provisional;pairs=near-dup-v1.0-2026-07-26;url=url-canon-v1.0-2026-07-27;syndication=syndication-v1.0-2026-07-26
NEWS-guardian_api-70414cf7d1e2,SCC-2017-05,guardian_api,no_version_candidates,,,2016-12-19,date_only_no_time,usable,,not_available_in_v1_layer,2026-07-22T21:09:47+00:00,,2026-07-22T21:09:47+00:00,confirmed_available_at,2026-07-22T21:09:47+00:00,2016-12-19,2026-07-22T21:09:47+00:00,yes_publication_claim_only,no,no,no,no,no,,version-link-v1.0-2026-07-26,layer=normalised-text-v1_provisional;pairs=near-dup-v1.0-2026-07-26;url=url-canon-v1.0-2026-07-27;syndication=syndication-v1.0-2026-07-26
NEWS-guardian_api-70454d75b731,SCC-2021-05,guardian_api,no_version_candidates,,,2021-01-20,date_only_no_time,usable,,not_available_in_v1_layer,2026-07-22T21:10:25+00:00,,2026-07-22T21:10:25+00:00,confirmed_available_at,2026-07-22T21:10:25+00:00,2021-01-20,2026-07-22T21:10:25+00:00,yes_publication_claim_only,no,no,no,no,no,,version-link-v1.0-2026-07-26,layer=normalised-text-v1_provisional;pairs=near-dup-v1.0-2026-07-26;url=url-canon-v1.0-2026-07-27;syndication=syndication-v1.0-2026-07-26
NEWS-guardian_api-710cf40911df,SCC-2017-05,guardian_api,no_version_candidates,,,2016-12-30,date_only_no_time,usable,,not_available_in_v1_layer,2026-07-22T21:09:26+00:00,,2026-07-22T21:09:26+00:00,confirmed_available_at,2026-07-22T21:09:26+00:00,2016-12-30,2026-07-22T21:09:26+00:00,yes_publication_claim_only,no,no,no,no,no,,version-link-v1.0-2026-07-26,layer=normalised-text-v1_provisional;pairs=near-dup-v1.0-2026-07-26;url=url-canon-v1.0-2026-07-27;syndication=syndication-v1.0-2026-07-26
NEWS-guardian_api-71658910c072,SCC-2017-05,guardian_api,no_version_candidates,,,2016-12-17,date_only_no_time,usable,,not_available_in_v1_layer,2026-07-22T21:09:19+00:00,,2026-07-22T21:09:19+00:00,confirmed_available_at,2026-07-22T21:09:19+00:00,2016-12-17,2026-07-22T21:09:19+00:00,yes_publication_claim_only,no,no,no,no,no,,version-link-v1.0-2026-07-26,layer=normalised-text-v1_provisional;pairs=near-dup-v1.0-2026-07-26;url=url-canon-v1.0-2026-07-27;syndication=syndication-v1.0-2026-07-26
NEWS-guardian_api-716b81c69ce8,SCC-2017-05,guardian_api,no_version_candidates,,,2017-01-06,date_only_no_time,usable,,not_available_in_v1_layer,2026-07-22T21:09:40+00:00,,2026-07-22T21:09:40+00:00,confirmed_available_at,2026-07-22T21:09:40+00:00,2017-01-06,2026-07-22T21:09:40+00:00,yes_publication_claim_only,no,no,no,no,no,,version-link-v1.0-2026-07-26,layer=normalised-text-v1_provisional;pairs=near-dup-v1.0-2026-07-26;url=url-canon-v1.0-2026-07-27;syndication=syndication-v1.0-2026-07-26
NEWS-guardian_api-71b4c8345a90,SCC-2021-05,guardian_api,no_version_candidates,,,2021-03-06,date_only_no_time,usable,,not_available_in_v1_layer,2026-07-22T21:10:33+00:00,,2026-07-22T21:10:33+00:00,confirmed_available_at,2026-07-22T21:10:33+00:00,2021-03-06,2026-07-22T21:10:33+00:00,yes_publication_claim_only,yes_publication_claim_only,no,no,no,no,,version-link-v1.0-2026-07-26,layer=normalised-text-v1_provisional;pairs=near-dup-v1.0-2026-07-26;url=url-canon-v1.0-2026-07-27;syndication=syndication-v1.0-2026-07-26
NEWS-guardian_api-725f2447c941,SCC-2013-05,guardian_api,no_version_candidates,,,2012-11-06,date_only_no_time,usable,,not_available_in_v1_layer,2026-07-22T21:08:47+00:00,,2026-07-22T21:08:47+00:00,confirmed_available_at,2026-07-22T21:08:47+00:00,2012-11-06,2026-07-22T21:08:47+00:00,yes_publication_claim_only,no,no,no,no,no,,version-link-v1.0-2026-07-26,layer=normalised-text-v1_provisional;pairs=near-dup-v1.0-2026-07-26;url=url-canon-v1.0-2026-07-27;syndication=syndication-v1.0-2026-07-26
NEWS-guardian_api-726181339b1d,SCC-2017-05,guardian_api,no_version_candidates,,,2016-11-06,date_only_no_time,usable,,not_available_in_v1_layer,2026-07-22T21:09:43+00:00,,2026-07-22T21:09:43+00:00,confirmed_available_at,2026-07-22T21:09:43+00:00,2016-11-06,2026-07-22T21:09:43+00:00,yes_publication_claim_only,no,no,no,no,no,,version-link-v1.0-2026-07-26,layer=normalised-text-v1_provisional;pairs=near-dup-v1.0-2026-07-26;url=url-canon-v1.0-2026-07-27;syndication=syndication-v1.0-2026-07-26
NEWS-guardian_api-72770f6e1ecd,ESWS-2026-05,guardian_api,no_version_candidates,,,2026-01-28,date_only_no_time,usable,,not_available_in_v1_layer,2026-07-22T21:08:18+00:00,,2026-07-22T21:08:18+00:00,confirmed_available_at,2026-07-22T21:08:18+00:00,2026-01-28,2026-07-22T21:08:18+00:00,yes_publication_claim_only,no,no,no,no,no,,version-link-v1.0-2026-07-26,layer=normalised-text-v1_provisional;pairs=near-dup-v1.0-2026-07-26;url=url-canon-v1.0-2026-07-27;syndication=syndication-v1.0-2026-07-26
NEWS-guardian_api-729173d4ed1e,SCC-2021-05,guardian_api,no_version_candidates,,,2021-01-02,date_only_no_time,usable,,not_available_in_v1_layer,2026-07-22T21:10:32+00:00,,2026-07-22T21:10:32+00:00,confirmed_available_at,2026-07-22T21:10:32+00:00,2021-01-02,2026-07-22T21:10:32+00:00,yes_publication_claim_only,no,no,no,no,no,,version-link-v1.0-2026-07-26,layer=normalised-text-v1_provisional;pairs=near-dup-v1.0-2026-07-26;url=url-canon-v1.0-2026-07-27;syndication=syndication-v1.0-2026-07-26
NEWS-guardian_api-729ca587fa50,SCC-2013-05,guardian_api,no_version_candidates,,,2012-12-04,date_only_no_time,usable,,not_available_in_v1_layer,2026-07-22T21:08:42+00:00,,2026-07-22T21:08:42+00:00,confirmed_available_at,2026-07-22T21:08:42+00:00,2012-12-04,2026-07-22T21:08:42+00:00,yes_publication_claim_only,no,no,no,no,no,,version-link-v1.0-2026-07-26,layer=normalised-text-v1_provisional;pairs=near-dup-v1.0-2026-07-26;url=url-canon-v1.0-2026-07-27;syndication=syndication-v1.0-2026-07-26
NEWS-guardian_api-72a422e0272e,SCC-2013-05,guardian_api,no_version_candidates,,,2012-11-09,date_only_no_time,usable,,not_available_in_v1_layer,2026-07-22T21:08:47+00:00,,2026-07-22T21:08:47+00:00,confirmed_available_at,2026-07-22T21:08:47+00:00,2012-11-09,2026-07-22T21:08:47+00:00,yes_publication_claim_only,no,no,no,no,no,,version-link-v1.0-2026-07-26,layer=normalised-text-v1_provisional;pairs=near-dup-v1.0-2026-07-26;url=url-canon-v1.0-2026-07-27;syndication=syndication-v1.0-2026-07-26
NEWS-guardian_api-72ac295c00a6,SCC-2013-05,guardian_api,no_version_candidates,,,2012-11-03,date_only_no_time,usable,,not_available_in_v1_layer,2026-07-22T21:08:51+00:00,,2026-07-22T21:08:51+00:00,confirmed_available_at,2026-07-22T21:08:51+00:00,2012-11-03,2026-07-22T21:08:51+00:00,yes_publication_claim_only,no,no,no,no,no,,version-link-v1.0-2026-07-26,layer=normalised-text-v1_provisional;pairs=near-dup-v1.0-2026-07-26;url=url-canon-v1.0-2026-07-27;syndication=syndication-v1.0-2026-07-26
NEWS-guardian_api-72bac896d872,SCC-2017-05,guardian_api,no_version_candidates,,,2017-02-08,date_only_no_time,usable,,not_available_in_v1_layer,2026-07-22T21:09:23+00:00,,2026-07-22T21:09:23+00:00,confirmed_available_at,2026-07-22T21:09:23+00:00,2017-02-08,2026-07-22T21:09:23+00:00,yes_publication_claim_only,yes_publication_claim_only,no,no,no,no,,version-link-v1.0-2026-07-26,layer=normalised-text-v1_provisional;pairs=near-dup-v1.0-2026-07-26;url=url-canon-v1.0-2026-07-27;syndication=syndication-v1.0-2026-07-26
NEWS-guardian_api-72bc73d0d65b,SCC-2013-05,guardian_api,no_version_candidates,,,2012-11-03,date_only_no_time,usable,,not_available_in_v1_layer,2026-07-22T21:08:51+00:00,,2026-07-22T21:08:51+00:00,confirmed_available_at,2026-07-22T21:08:51+00:00,2012-11-03,2026-07-22T21:08:51+00:00,yes_publication_claim_only,no,no,no,no,no,,version-link-v1.0-2026-07-26,layer=normalised-text-v1_provisional;pairs=near-dup-v1.0-2026-07-26;url=url-canon-v1.0-2026-07-27;syndication=syndication-v1.0-2026-07-26
NEWS-guardian_api-72da926fc9db,SCC-2021-05,guardian_api,no_version_candidates,,,2020-11-10,date_only_no_time,usable,,not_available_in_v1_layer,2026-07-22T21:10:17+00:00,,2026-07-22T21:10:17+00:00,confirmed_available_at,2026-07-22T21:10:17+00:00,2020-11-10,2026-07-22T21:10:17+00:00,yes_publication_claim_only,no,no,no,no,no,,version-link-v1.0-2026-07-26,layer=normalised-text-v1_provisional;pairs=near-dup-v1.0-2026-07-26;url=url-canon-v1.0-2026-07-27;syndication=syndication-v1.0-2026-07-26
NEWS-guardian_api-72f0ae321dc5,SCC-2013-05,guardian_api,no_version_candidates,,,2013-01-29,date_only_no_time,usable,,not_available_in_v1_layer,2026-07-22T21:09:02+00:00,,2026-07-22T21:09:02+00:00,confirmed_available_at,2026-07-22T21:09:02+00:00,2013-01-29,2026-07-22T21:09:02+00:00,yes_publication_claim_only,no,no,no,no,no,,version-link-v1.0-2026-07-26,layer=normalised-text-v1_provisional;pairs=near-dup-v1.0-2026-07-26;url=url-canon-v1.0-2026-07-27;syndication=syndication-v1.0-2026-07-26
NEWS-guardian_api-7320f9433f18,SCC-2017-05,guardian_api,no_version_candidates,,,2016-11-06,date_only_no_time,usable,,not_available_in_v1_layer,2026-07-22T21:09:36+00:00,,2026-07-22T21:09:36+00:00,confirmed_available_at,2026-07-22T21:09:36+00:00,2016-11-06,2026-07-22T21:09:36+00:00,yes_publication_claim_only,no,no,no,no,no,,version-link-v1.0-2026-07-26,layer=normalised-text-v1_provisional;pairs=near-dup-v1.0-2026-07-26;url=url-canon-v1.0-2026-07-27;syndication=syndication-v1.0-2026-07-26
NEWS-guardian_api-73c3e0ac1388,SCC-2017-05,guardian_api,no_version_candidates,,,2016-12-28,date_only_no_time,usable,,not_available_in_v1_layer,2026-07-22T21:09:22+00:00,,2026-07-22T21:09:22+00:00,confirmed_available_at,2026-07-22T21:09:22+00:00,2016-12-28,2026-07-22T21:09:22+00:00,yes_publication_claim_only,no,no,no,no,no,,version-link-v1.0-2026-07-26,layer=normalised-text-v1_provisional;pairs=near-dup-v1.0-2026-07-26;url=url-canon-v1.0-2026-07-27;syndication=syndication-v1.0-2026-07-26
NEWS-guardian_api-73cbb42e6427,SCC-2017-05,guardian_api,no_version_candidates,,,2016-11-14,date_only_no_time,usable,,not_available_in_v1_layer,2026-07-22T21:09:15+00:00,,2026-07-22T21:09:15+00:00,confirmed_available_at,2026-07-22T21:09:15+00:00,2016-11-14,2026-07-22T21:09:15+00:00,yes_publication_claim_only,no,no,no,no,no,,version-link-v1.0-2026-07-26,layer=normalised-text-v1_provisional;pairs=near-dup-v1.0-2026-07-26;url=url-canon-v1.0-2026-07-27;syndication=syndication-v1.0-2026-07-26
NEWS-guardian_api-73e3f30ddd08,SCC-2013-05,guardian_api,no_version_candidates,,,2012-12-07,date_only_no_time,usable,,not_available_in_v1_layer,2026-07-22T21:09:02+00:00,,2026-07-22T21:09:02+00:00,confirmed_available_at,2026-07-22T21:09:02+00:00,2012-12-07,2026-07-22T21:09:02+00:00,yes_publication_claim_only,no,no,no,no,no,,version-link-v1.0-2026-07-26,layer=normalised-text-v1_provisional;pairs=near-dup-v1.0-2026-07-26;url=url-canon-v1.0-2026-07-27;syndication=syndication-v1.0-2026-07-26
NEWS-guardian_api-73e81f6f1558,SCC-2013-05,guardian_api,no_version_candidates,,,2012-11-13,date_only_no_time,usable,,not_available_in_v1_layer,2026-07-22T21:08:38+00:00,,2026-07-22T21:08:38+00:00,confirmed_available_at,2026-07-22T21:08:38+00:00,2012-11-13,2026-07-22T21:08:38+00:00,yes_publication_claim_only,no,no,no,no,no,,version-link-v1.0-2026-07-26,layer=normalised-text-v1_provisional;pairs=near-dup-v1.0-2026-07-26;url=url-canon-v1.0-2026-07-27;syndication=syndication-v1.0-2026-07-26
NEWS-guardian_api-7435374144a7,SCC-2013-05,guardian_api,no_version_candidates,,,2012-11-20,date_only_no_time,usable,,not_available_in_v1_layer,2026-07-22T21:08:38+00:00,,2026-07-22T21:08:38+00:00,confirmed_available_at,2026-07-22T21:08:38+00:00,2012-11-20,2026-07-22T21:08:38+00:00,yes_publication_claim_only,no,no,no,no,no,,version-link-v1.0-2026-07-26,layer=normalised-text-v1_provisional;pairs=near-dup-v1.0-2026-07-26;url=url-canon-v1.0-2026-07-27;syndication=syndication-v1.0-2026-07-26
NEWS-guardian_api-743aa7ad9b8b,ESWS-2026-05,guardian_api,no_version_candidates,,,2026-02-09,date_only_no_time,usable,,not_available_in_v1_layer,2026-07-22T21:08:10+00:00,,2026-07-22T21:08:10+00:00,confirmed_available_at,2026-07-22T21:08:10+00:00,2026-02-09,2026-07-22T21:08:10+00:00,yes_publication_claim_only,yes_publication_claim_only,no,no,no,no,,version-link-v1.0-2026-07-26,layer=normalised-text-v1_provisional;pairs=near-dup-v1.0-2026-07-26;url=url-canon-v1.0-2026-07-27;syndication=syndication-v1.0-2026-07-26
NEWS-guardian_api-744120222a52,SCC-2021-05,guardian_api,no_version_candidates,,,2021-03-04,date_only_no_time,usable,,not_available_in_v1_layer,2026-07-22T21:10:33+00:00,,2026-07-22T21:10:33+00:00,confirmed_available_at,2026-07-22T21:10:33+00:00,2021-03-04,2026-07-22T21:10:33+00:00,yes_publication_claim_only,yes_publication_claim_only,no,no,no,no,,version-link-v1.0-2026-07-26,layer=normalised-text-v1_provisional;pairs=near-dup-v1.0-2026-07-26;url=url-canon-v1.0-2026-07-27;syndication=syndication-v1.0-2026-07-26
NEWS-guardian_api-74667f2f65a1,SCC-2017-05,guardian_api,no_version_candidates,,,2016-11-13,date_only_no_time,usable,,not_available_in_v1_layer,2026-07-22T21:09:32+00:00,,2026-07-22T21:09:32+00:00,confirmed_available_at,2026-07-22T21:09:32+00:00,2016-11-13,2026-07-22T21:09:32+00:00,yes_publication_claim_only,no,no,no,no,no,,version-link-v1.0-2026-07-26,layer=normalised-text-v1_provisional;pairs=near-dup-v1.0-2026-07-26;url=url-canon-v1.0-2026-07-27;syndication=syndication-v1.0-2026-07-26
NEWS-guardian_api-746a62416bce,SCC-2013-05,guardian_api,no_version_candidates,,,2013-02-07,date_only_no_time,usable,,not_available_in_v1_layer,2026-07-22T21:09:02+00:00,,2026-07-22T21:09:02+00:00,confirmed_available_at,2026-07-22T21:09:02+00:00,2013-02-07,2026-07-22T21:09:02+00:00,yes_publication_claim_only,yes_publication_claim_only,no,no,no,no,,version-link-v1.0-2026-07-26,layer=normalised-text-v1_provisional;pairs=near-dup-v1.0-2026-07-26;url=url-canon-v1.0-2026-07-27;syndication=syndication-v1.0-2026-07-26
NEWS-guardian_api-746ea8af0532,ESWS-2026-05,guardian_api,no_version_candidates,,,2025-11-08,date_only_no_time,usable,,not_available_in_v1_layer,2026-07-22T21:07:44+00:00,,2026-07-22T21:07:44+00:00,confirmed_available_at,2026-07-22T21:07:44+00:00,2025-11-08,2026-07-22T21:07:44+00:00,yes_publication_claim_only,no,no,no,no,no,,version-link-v1.0-2026-07-26,layer=normalised-text-v1_provisional;pairs=near-dup-v1.0-2026-07-26;url=url-canon-v1.0-2026-07-27;syndication=syndication-v1.0-2026-07-26
NEWS-guardian_api-74bbc7c62cd4,SCC-2013-05,guardian_api,no_version_candidates,,,2013-01-15,date_only_no_time,usable,,not_available_in_v1_layer,2026-07-22T21:09:02+00:00,,2026-07-22T21:09:02+00:00,confirmed_available_at,2026-07-22T21:09:02+00:00,2013-01-15,2026-07-22T21:09:02+00:00,yes_publication_claim_only,no,no,no,no,no,,version-link-v1.0-2026-07-26,layer=normalised-text-v1_provisional;pairs=near-dup-v1.0-2026-07-26;url=url-canon-v1.0-2026-07-27;syndication=syndication-v1.0-2026-07-26
NEWS-guardian_api-74ed5b2d65fc,SCC-2021-05,guardian_api,no_version_candidates,,,2020-11-13,date_only_no_time,usable,,not_available_in_v1_layer,2026-07-22T21:10:17+00:00,,2026-07-22T21:10:17+00:00,confirmed_available_at,2026-07-22T21:10:17+00:00,2020-11-13,2026-07-22T21:10:17+00:00,yes_publication_claim_only,no,no,no,no,no,,version-link-v1.0-2026-07-26,layer=normalised-text-v1_provisional;pairs=near-dup-v1.0-2026-07-26;url=url-canon-v1.0-2026-07-27;syndication=syndication-v1.0-2026-07-26
NEWS-guardian_api-7500f66e845f,SCC-2013-05,guardian_api,no_version_candidates,,,2012-11-20,date_only_no_time,usable,,not_available_in_v1_layer,2026-07-22T21:09:02+00:00,,2026-07-22T21:09:02+00:00,confirmed_available_at,2026-07-22T21:09:02+00:00,2012-11-20,2026-07-22T21:09:02+00:00,yes_publication_claim_only,no,no,no,no,no,,version-link-v1.0-2026-07-26,layer=normalised-text-v1_provisional;pairs=near-dup-v1.0-2026-07-26;url=url-canon-v1.0-2026-07-27;syndication=syndication-v1.0-2026-07-26
NEWS-guardian_api-7553c7a871b6,SCC-2021-05,guardian_api,no_version_candidates,,,2021-03-08,date_only_no_time,usable,,not_available_in_v1_layer,2026-07-22T21:10:33+00:00,,2026-07-22T21:10:33+00:00,confirmed_available_at,2026-07-22T21:10:33+00:00,2021-03-08,2026-07-22T21:10:33+00:00,yes_publication_claim_only,yes_publication_claim_only,no,no,no,no,,version-link-v1.0-2026-07-26,layer=normalised-text-v1_provisional;pairs=near-dup-v1.0-2026-07-26;url=url-canon-v1.0-2026-07-27;syndication=syndication-v1.0-2026-07-26
NEWS-guardian_api-755893ae1e20,SCC-2013-05,guardian_api,no_version_candidates,,,2012-12-03,date_only_no_time,usable,,not_available_in_v1_layer,2026-07-22T21:09:02+00:00,,2026-07-22T21:09:02+00:00,confirmed_available_at,2026-07-22T21:09:02+00:00,2012-12-03,2026-07-22T21:09:02+00:00,yes_publication_claim_only,no,no,no,no,no,,version-link-v1.0-2026-07-26,layer=normalised-text-v1_provisional;pairs=near-dup-v1.0-2026-07-26;url=url-canon-v1.0-2026-07-27;syndication=syndication-v1.0-2026-07-26
NEWS-guardian_api-7571845e9649,SCC-2013-05,guardian_api,no_version_candidates,,,2012-11-03,date_only_no_time,usable,,not_available_in_v1_layer,2026-07-22T21:08:51+00:00,,2026-07-22T21:08:51+00:00,confirmed_available_at,2026-07-22T21:08:51+00:00,2012-11-03,2026-07-22T21:08:51+00:00,yes_publication_claim_only,no,no,no,no,no,,version-link-v1.0-2026-07-26,layer=normalised-text-v1_provisional;pairs=near-dup-v1.0-2026-07-26;url=url-canon-v1.0-2026-07-27;syndication=syndication-v1.0-2026-07-26
NEWS-guardian_api-75d0407e7570,SCC-2017-05,guardian_api,no_version_candidates,,,2016-11-08,date_only_no_time,usable,,not_available_in_v1_layer,2026-07-22T21:09:32+00:00,,2026-07-22T21:09:32+00:00,confirmed_available_at,2026-07-22T21:09:32+00:00,2016-11-08,2026-07-22T21:09:32+00:00,yes_publication_claim_only,no,no,no,no,no,,version-link-v1.0-2026-07-26,layer=normalised-text-v1_provisional;pairs=near-dup-v1.0-2026-07-26;url=url-canon-v1.0-2026-07-27;syndication=syndication-v1.0-2026-07-26
NEWS-guardian_api-75f01eefc68b,SCC-2013-05,guardian_api,no_version_candidates,,,2012-11-12,date_only_no_time,usable,,not_available_in_v1_layer,2026-07-22T21:08:55+00:00,,2026-07-22T21:08:55+00:00,confirmed_available_at,2026-07-22T21:08:55+00:00,2012-11-12,2026-07-22T21:08:55+00:00,yes_publication_claim_only,no,no,no,no,no,,version-link-v1.0-2026-07-26,layer=normalised-text-v1_provisional;pairs=near-dup-v1.0-2026-07-26;url=url-canon-v1.0-2026-07-27;syndication=syndication-v1.0-2026-07-26
NEWS-guardian_api-768104c2cc58,SCC-2017-05,guardian_api,no_version_candidates,,,2016-11-05,date_only_no_time,usable,,not_available_in_v1_layer,2026-07-22T21:09:39+00:00,,2026-07-22T21:09:39+00:00,confirmed_available_at,2026-07-22T21:09:39+00:00,2016-11-05,2026-07-22T21:09:39+00:00,yes_publication_claim_only,no,no,no,no,no,,version-link-v1.0-2026-07-26,layer=normalised-text-v1_provisional;pairs=near-dup-v1.0-2026-07-26;url=url-canon-v1.0-2026-07-27;syndication=syndication-v1.0-2026-07-26
NEWS-guardian_api-76f5aed1e89e,SCC-2013-05,guardian_api,no_version_candidates,,,2012-11-15,date_only_no_time,usable,,not_available_in_v1_layer,2026-07-22T21:09:02+00:00,,2026-07-22T21:09:02+00:00,confirmed_available_at,2026-07-22T21:09:02+00:00,2012-11-15,2026-07-22T21:09:02+00:00,yes_publication_claim_only,no,no,no,no,no,,version-link-v1.0-2026-07-26,layer=normalised-text-v1_provisional;pairs=near-dup-v1.0-2026-07-26;url=url-canon-v1.0-2026-07-27;syndication=syndication-v1.0-2026-07-26
NEWS-guardian_api-775f95b2aee7,ESWS-2026-05,guardian_api,no_version_candidates,,,2025-11-11,date_only_no_time,usable,,not_available_in_v1_layer,2026-07-22T21:07:44+00:00,,2026-07-22T21:07:44+00:00,confirmed_available_at,2026-07-22T21:07:44+00:00,2025-11-11,2026-07-22T21:07:44+00:00,yes_publication_claim_only,no,no,no,no,no,,version-link-v1.0-2026-07-26,layer=normalised-text-v1_provisional;pairs=near-dup-v1.0-2026-07-26;url=url-canon-v1.0-2026-07-27;syndication=syndication-v1.0-2026-07-26
NEWS-guardian_api-77fac87581da,SCC-2017-05,guardian_api,no_version_candidates,,,2016-11-16,date_only_no_time,usable,,not_available_in_v1_layer,2026-07-22T21:09:22+00:00,,2026-07-22T21:09:22+00:00,confirmed_available_at,2026-07-22T21:09:22+00:00,2016-11-16,2026-07-22T21:09:22+00:00,yes_publication_claim_only,no,no,no,no,no,,version-link-v1.0-2026-07-26,layer=normalised-text-v1_provisional;pairs=near-dup-v1.0-2026-07-26;url=url-canon-v1.0-2026-07-27;syndication=syndication-v1.0-2026-07-26
NEWS-guardian_api-7855e3fa4f40,SCC-2013-05,guardian_api,no_version_candidates,,,2012-12-25,date_only_no_time,usable,,not_available_in_v1_layer,2026-07-22T21:08:34+00:00,,2026-07-22T21:08:34+00:00,confirmed_available_at,2026-07-22T21:08:34+00:00,2012-12-25,2026-07-22T21:08:34+00:00,yes_publication_claim_only,no,no,no,no,no,,version-link-v1.0-2026-07-26,layer=normalised-text-v1_provisional;pairs=near-dup-v1.0-2026-07-26;url=url-canon-v1.0-2026-07-27;syndication=syndication-v1.0-2026-07-26
NEWS-guardian_api-786f21b78646,SCC-2021-05,guardian_api,no_version_candidates,,,2021-01-06,date_only_no_time,usable,,not_available_in_v1_layer,2026-07-22T21:10:32+00:00,,2026-07-22T21:10:32+00:00,confirmed_available_at,2026-07-22T21:10:32+00:00,2021-01-06,2026-07-22T21:10:32+00:00,yes_publication_claim_only,no,no,no,no,no,,version-link-v1.0-2026-07-26,layer=normalised-text-v1_provisional;pairs=near-dup-v1.0-2026-07-26;url=url-canon-v1.0-2026-07-27;syndication=syndication-v1.0-2026-07-26
NEWS-guardian_api-787f2c32a217,SCC-2017-05,guardian_api,no_version_candidates,,,2016-11-28,date_only_no_time,usable,,not_available_in_v1_layer,2026-07-22T21:09:19+00:00,,2026-07-22T21:09:19+00:00,confirmed_available_at,2026-07-22T21:09:19+00:00,2016-11-28,2026-07-22T21:09:19+00:00,yes_publication_claim_only,no,no,no,no,no,,version-link-v1.0-2026-07-26,layer=normalised-text-v1_provisional;pairs=near-dup-v1.0-2026-07-26;url=url-canon-v1.0-2026-07-27;syndication=syndication-v1.0-2026-07-26
NEWS-guardian_api-78a80ce36fb8,SCC-2017-05,guardian_api,no_version_candidates,,,2016-12-14,date_only_no_time,usable,,not_available_in_v1_layer,2026-07-22T21:09:47+00:00,,2026-07-22T21:09:47+00:00,confirmed_available_at,2026-07-22T21:09:47+00:00,2016-12-14,2026-07-22T21:09:47+00:00,yes_publication_claim_only,no,no,no,no,no,,version-link-v1.0-2026-07-26,layer=normalised-text-v1_provisional;pairs=near-dup-v1.0-2026-07-26;url=url-canon-v1.0-2026-07-27;syndication=syndication-v1.0-2026-07-26
NEWS-guardian_api-78c1b7d75cf3,SCC-2013-05,guardian_api,no_version_candidates,,,2013-02-20,date_only_no_time,usable,,not_available_in_v1_layer,2026-07-22T21:09:02+00:00,,2026-07-22T21:09:02+00:00,confirmed_available_at,2026-07-22T21:09:02+00:00,2013-02-20,2026-07-22T21:09:02+00:00,yes_publication_claim_only,yes_publication_claim_only,no,no,no,no,,version-link-v1.0-2026-07-26,layer=normalised-text-v1_provisional;pairs=near-dup-v1.0-2026-07-26;url=url-canon-v1.0-2026-07-27;syndication=syndication-v1.0-2026-07-26
NEWS-guardian_api-791575c1c5f9,SCC-2017-05,guardian_api,no_version_candidates,,,2016-12-30,date_only_no_time,usable,,not_available_in_v1_layer,2026-07-22T21:09:19+00:00,,2026-07-22T21:09:19+00:00,confirmed_available_at,2026-07-22T21:09:19+00:00,2016-12-30,2026-07-22T21:09:19+00:00,yes_publication_claim_only,no,no,no,no,no,,version-link-v1.0-2026-07-26,layer=normalised-text-v1_provisional;pairs=near-dup-v1.0-2026-07-26;url=url-canon-v1.0-2026-07-27;syndication=syndication-v1.0-2026-07-26
NEWS-guardian_api-79344a4f3603,SCC-2013-05,guardian_api,no_version_candidates,,,2012-11-07,date_only_no_time,usable,,not_available_in_v1_layer,2026-07-22T21:08:30+00:00,,2026-07-22T21:08:30+00:00,confirmed_available_at,2026-07-22T21:08:30+00:00,2012-11-07,2026-07-22T21:08:30+00:00,yes_publication_claim_only,no,no,no,no,no,,version-link-v1.0-2026-07-26,layer=normalised-text-v1_provisional;pairs=near-dup-v1.0-2026-07-26;url=url-canon-v1.0-2026-07-27;syndication=syndication-v1.0-2026-07-26
NEWS-guardian_api-797167399f12,SCC-2013-05,guardian_api,no_version_candidates,,,2012-12-18,date_only_no_time,usable,,not_available_in_v1_layer,2026-07-22T21:08:38+00:00,,2026-07-22T21:08:38+00:00,confirmed_available_at,2026-07-22T21:08:38+00:00,2012-12-18,2026-07-22T21:08:38+00:00,yes_publication_claim_only,no,no,no,no,no,,version-link-v1.0-2026-07-26,layer=normalised-text-v1_provisional;pairs=near-dup-v1.0-2026-07-26;url=url-canon-v1.0-2026-07-27;syndication=syndication-v1.0-2026-07-26
NEWS-guardian_api-79746de7f7ee,SCC-2017-05,guardian_api,no_version_candidates,,,2016-11-14,date_only_no_time,usable,,not_available_in_v1_layer,2026-07-22T21:09:15+00:00,,2026-07-22T21:09:15+00:00,confirmed_available_at,2026-07-22T21:09:15+00:00,2016-11-14,2026-07-22T21:09:15+00:00,yes_publication_claim_only,no,no,no,no,no,,version-link-v1.0-2026-07-26,layer=normalised-text-v1_provisional;pairs=near-dup-v1.0-2026-07-26;url=url-canon-v1.0-2026-07-27;syndication=syndication-v1.0-2026-07-26
NEWS-guardian_api-798e3f4ed3de,SCC-2021-05,guardian_api,no_version_candidates,,,2021-01-02,date_only_no_time,usable,,not_available_in_v1_layer,2026-07-22T21:09:58+00:00,,2026-07-22T21:09:58+00:00,confirmed_available_at,2026-07-22T21:09:58+00:00,2021-01-02,2026-07-22T21:09:58+00:00,yes_publication_claim_only,no,no,no,no,no,,version-link-v1.0-2026-07-26,layer=normalised-text-v1_provisional;pairs=near-dup-v1.0-2026-07-26;url=url-canon-v1.0-2026-07-27;syndication=syndication-v1.0-2026-07-26
NEWS-guardian_api-79aabe52ce20,SCC-2017-05,guardian_api,no_version_candidates,,,2016-12-28,date_only_no_time,usable,,not_available_in_v1_layer,2026-07-22T21:09:47+00:00,,2026-07-22T21:09:47+00:00,confirmed_available_at,2026-07-22T21:09:47+00:00,2016-12-28,2026-07-22T21:09:47+00:00,yes_publication_claim_only,no,no,no,no,no,,version-link-v1.0-2026-07-26,layer=normalised-text-v1_provisional;pairs=near-dup-v1.0-2026-07-26;url=url-canon-v1.0-2026-07-27;syndication=syndication-v1.0-2026-07-26
NEWS-guardian_api-79d42a4c95fb,SCC-2021-05,guardian_api,no_version_candidates,,,2021-02-04,date_only_no_time,usable,,not_available_in_v1_layer,2026-07-22T21:10:32+00:00,,2026-07-22T21:10:32+00:00,confirmed_available_at,2026-07-22T21:10:32+00:00,2021-02-04,2026-07-22T21:10:32+00:00,yes_publication_claim_only,no,no,no,no,no,,version-link-v1.0-2026-07-26,layer=normalised-text-v1_provisional;pairs=near-dup-v1.0-2026-07-26;url=url-canon-v1.0-2026-07-27;syndication=syndication-v1.0-2026-07-26
NEWS-guardian_api-79e4454dcd61,SCC-2013-05,guardian_api,no_version_candidates,,,2012-11-05,date_only_no_time,usable,,not_available_in_v1_layer,2026-07-22T21:08:47+00:00,,2026-07-22T21:08:47+00:00,confirmed_available_at,2026-07-22T21:08:47+00:00,2012-11-05,2026-07-22T21:08:47+00:00,yes_publication_claim_only,no,no,no,no,no,,version-link-v1.0-2026-07-26,layer=normalised-text-v1_provisional;pairs=near-dup-v1.0-2026-07-26;url=url-canon-v1.0-2026-07-27;syndication=syndication-v1.0-2026-07-26
NEWS-guardian_api-7a40e6d634a4,SCC-2021-05,guardian_api,no_version_candidates,,,2020-11-09,date_only_no_time,usable,,not_available_in_v1_layer,2026-07-22T21:10:17+00:00,,2026-07-22T21:10:17+00:00,confirmed_available_at,2026-07-22T21:10:17+00:00,2020-11-09,2026-07-22T21:10:17+00:00,yes_publication_claim_only,no,no,no,no,no,,version-link-v1.0-2026-07-26,layer=normalised-text-v1_provisional;pairs=near-dup-v1.0-2026-07-26;url=url-canon-v1.0-2026-07-27;syndication=syndication-v1.0-2026-07-26
NEWS-guardian_api-7aad34d8017e,SCC-2021-05,guardian_api,no_version_candidates,,,2020-11-10,date_only_no_time,usable,,not_available_in_v1_layer,2026-07-22T21:10:17+00:00,,2026-07-22T21:10:17+00:00,confirmed_available_at,2026-07-22T21:10:17+00:00,2020-11-10,2026-07-22T21:10:17+00:00,yes_publication_claim_only,no,no,no,no,no,,version-link-v1.0-2026-07-26,layer=normalised-text-v1_provisional;pairs=near-dup-v1.0-2026-07-26;url=url-canon-v1.0-2026-07-27;syndication=syndication-v1.0-2026-07-26
NEWS-guardian_api-7ac5be3b79ce,SCC-2013-05,guardian_api,no_version_candidates,,,2013-01-29,date_only_no_time,usable,,not_available_in_v1_layer,2026-07-22T21:08:38+00:00,,2026-07-22T21:08:38+00:00,confirmed_available_at,2026-07-22T21:08:38+00:00,2013-01-29,2026-07-22T21:08:38+00:00,yes_publication_claim_only,no,no,no,no,no,,version-link-v1.0-2026-07-26,layer=normalised-text-v1_provisional;pairs=near-dup-v1.0-2026-07-26;url=url-canon-v1.0-2026-07-27;syndication=syndication-v1.0-2026-07-26
NEWS-guardian_api-7ac64738f70c,SCC-2013-05,guardian_api,no_version_candidates,,,2013-01-23,date_only_no_time,usable,,not_available_in_v1_layer,2026-07-22T21:08:34+00:00,,2026-07-22T21:08:34+00:00,confirmed_available_at,2026-07-22T21:08:34+00:00,2013-01-23,2026-07-22T21:08:34+00:00,yes_publication_claim_only,no,no,no,no,no,,version-link-v1.0-2026-07-26,layer=normalised-text-v1_provisional;pairs=near-dup-v1.0-2026-07-26;url=url-canon-v1.0-2026-07-27;syndication=syndication-v1.0-2026-07-26
NEWS-guardian_api-7ac7e566cbf6,ESWS-2026-05,guardian_api,no_version_candidates,,,2025-11-11,date_only_no_time,usable,,not_available_in_v1_layer,2026-07-22T21:08:02+00:00,,2026-07-22T21:08:02+00:00,confirmed_available_at,2026-07-22T21:08:02+00:00,2025-11-11,2026-07-22T21:08:02+00:00,yes_publication_claim_only,no,no,no,no,no,,version-link-v1.0-2026-07-26,layer=normalised-text-v1_provisional;pairs=near-dup-v1.0-2026-07-26;url=url-canon-v1.0-2026-07-27;syndication=syndication-v1.0-2026-07-26
NEWS-guardian_api-7ae473813b7a,SCC-2013-05,guardian_api,no_version_candidates,,,2012-12-05,date_only_no_time,usable,,not_available_in_v1_layer,2026-07-22T21:08:34+00:00,,2026-07-22T21:08:34+00:00,confirmed_available_at,2026-07-22T21:08:34+00:00,2012-12-05,2026-07-22T21:08:34+00:00,yes_publication_claim_only,no,no,no,no,no,,version-link-v1.0-2026-07-26,layer=normalised-text-v1_provisional;pairs=near-dup-v1.0-2026-07-26;url=url-canon-v1.0-2026-07-27;syndication=syndication-v1.0-2026-07-26
NEWS-guardian_api-7b33009ac742,SCC-2021-05,guardian_api,no_version_candidates,,,2021-01-17,date_only_no_time,usable,,not_available_in_v1_layer,2026-07-22T21:10:03+00:00,,2026-07-22T21:10:03+00:00,confirmed_available_at,2026-07-22T21:10:03+00:00,2021-01-17,2026-07-22T21:10:03+00:00,yes_publication_claim_only,no,no,no,no,no,,version-link-v1.0-2026-07-26,layer=normalised-text-v1_provisional;pairs=near-dup-v1.0-2026-07-26;url=url-canon-v1.0-2026-07-27;syndication=syndication-v1.0-2026-07-26
NEWS-guardian_api-7b8655fb30a1,ESWS-2026-05,guardian_api,no_version_candidates,,,2025-12-29,date_only_no_time,usable,,not_available_in_v1_layer,2026-07-22T21:08:18+00:00,,2026-07-22T21:08:18+00:00,confirmed_available_at,2026-07-22T21:08:18+00:00,2025-12-29,2026-07-22T21:08:18+00:00,yes_publication_claim_only,no,no,no,no,no,,version-link-v1.0-2026-07-26,layer=normalised-text-v1_provisional;pairs=near-dup-v1.0-2026-07-26;url=url-canon-v1.0-2026-07-27;syndication=syndication-v1.0-2026-07-26
NEWS-guardian_api-7bb82af70286,ESWS-2026-05,guardian_api,no_version_candidates,,,2025-12-08,date_only_no_time,usable,,not_available_in_v1_layer,2026-07-22T21:08:10+00:00,,2026-07-22T21:08:10+00:00,confirmed_available_at,2026-07-22T21:08:10+00:00,2025-12-08,2026-07-22T21:08:10+00:00,yes_publication_claim_only,no,no,no,no,no,,version-link-v1.0-2026-07-26,layer=normalised-text-v1_provisional;pairs=near-dup-v1.0-2026-07-26;url=url-canon-v1.0-2026-07-27;syndication=syndication-v1.0-2026-07-26
NEWS-guardian_api-7bcdc36e04eb,SCC-2021-05,guardian_api,no_version_candidates,,,2021-01-16,date_only_no_time,usable,,not_available_in_v1_layer,2026-07-22T21:10:32+00:00,,2026-07-22T21:10:32+00:00,confirmed_available_at,2026-07-22T21:10:32+00:00,2021-01-16,2026-07-22T21:10:32+00:00,yes_publication_claim_only,no,no,no,no,no,,version-link-v1.0-2026-07-26,layer=normalised-text-v1_provisional;pairs=near-dup-v1.0-2026-07-26;url=url-canon-v1.0-2026-07-27;syndication=syndication-v1.0-2026-07-26
NEWS-guardian_api-7bcfe62e18d6,SCC-2013-05,guardian_api,no_version_candidates,,,2012-11-05,date_only_no_time,usable,,not_available_in_v1_layer,2026-07-22T21:08:58+00:00,,2026-07-22T21:08:58+00:00,confirmed_available_at,2026-07-22T21:08:58+00:00,2012-11-05,2026-07-22T21:08:58+00:00,yes_publication_claim_only,no,no,no,no,no,,version-link-v1.0-2026-07-26,layer=normalised-text-v1_provisional;pairs=near-dup-v1.0-2026-07-26;url=url-canon-v1.0-2026-07-27;syndication=syndication-v1.0-2026-07-26
NEWS-guardian_api-7c0365f0da3a,ESWS-2026-05,guardian_api,no_version_candidates,,,2025-11-09,date_only_no_time,usable,,not_available_in_v1_layer,2026-07-22T21:08:06+00:00,,2026-07-22T21:08:06+00:00,confirmed_available_at,2026-07-22T21:08:06+00:00,2025-11-09,2026-07-22T21:08:06+00:00,yes_publication_claim_only,no,no,no,no,no,,version-link-v1.0-2026-07-26,layer=normalised-text-v1_provisional;pairs=near-dup-v1.0-2026-07-26;url=url-canon-v1.0-2026-07-27;syndication=syndication-v1.0-2026-07-26
NEWS-guardian_api-7c28a7c2c3a2,SCC-2021-05,guardian_api,no_version_candidates,,,2020-11-13,date_only_no_time,usable,,not_available_in_v1_layer,2026-07-22T21:10:17+00:00,,2026-07-22T21:10:17+00:00,confirmed_available_at,2026-07-22T21:10:17+00:00,2020-11-13,2026-07-22T21:10:17+00:00,yes_publication_claim_only,no,no,no,no,no,,version-link-v1.0-2026-07-26,layer=normalised-text-v1_provisional;pairs=near-dup-v1.0-2026-07-26;url=url-canon-v1.0-2026-07-27;syndication=syndication-v1.0-2026-07-26
NEWS-guardian_api-7ccc5fc9089b,SCC-2013-05,guardian_api,no_version_candidates,,,2012-12-07,date_only_no_time,usable,,not_available_in_v1_layer,2026-07-22T21:08:38+00:00,,2026-07-22T21:08:38+00:00,confirmed_available_at,2026-07-22T21:08:38+00:00,2012-12-07,2026-07-22T21:08:38+00:00,yes_publication_claim_only,no,no,no,no,no,,version-link-v1.0-2026-07-26,layer=normalised-text-v1_provisional;pairs=near-dup-v1.0-2026-07-26;url=url-canon-v1.0-2026-07-27;syndication=syndication-v1.0-2026-07-26
NEWS-guardian_api-7cf057334d25,SCC-2021-05,guardian_api,no_version_candidates,,,2021-01-18,date_only_no_time,usable,,not_available_in_v1_layer,2026-07-22T21:10:32+00:00,,2026-07-22T21:10:32+00:00,confirmed_available_at,2026-07-22T21:10:32+00:00,2021-01-18,2026-07-22T21:10:32+00:00,yes_publication_claim_only,no,no,no,no,no,,version-link-v1.0-2026-07-26,layer=normalised-text-v1_provisional;pairs=near-dup-v1.0-2026-07-26;url=url-canon-v1.0-2026-07-27;syndication=syndication-v1.0-2026-07-26
NEWS-guardian_api-7d2c78a960b8,SCC-2013-05,guardian_api,no_version_candidates,,,2012-11-18,date_only_no_time,usable,,not_available_in_v1_layer,2026-07-22T21:08:38+00:00,,2026-07-22T21:08:38+00:00,confirmed_available_at,2026-07-22T21:08:38+00:00,2012-11-18,2026-07-22T21:08:38+00:00,yes_publication_claim_only,no,no,no,no,no,,version-link-v1.0-2026-07-26,layer=normalised-text-v1_provisional;pairs=near-dup-v1.0-2026-07-26;url=url-canon-v1.0-2026-07-27;syndication=syndication-v1.0-2026-07-26
NEWS-guardian_api-7d33c1754124,SCC-2013-05,guardian_api,no_version_candidates,,,2012-11-30,date_only_no_time,usable,,not_available_in_v1_layer,2026-07-22T21:08:31+00:00,,2026-07-22T21:08:31+00:00,confirmed_available_at,2026-07-22T21:08:31+00:00,2012-11-30,2026-07-22T21:08:31+00:00,yes_publication_claim_only,no,no,no,no,no,,version-link-v1.0-2026-07-26,layer=normalised-text-v1_provisional;pairs=near-dup-v1.0-2026-07-26;url=url-canon-v1.0-2026-07-27;syndication=syndication-v1.0-2026-07-26
NEWS-guardian_api-7d463b309a54,SCC-2013-05,guardian_api,no_version_candidates,,,2012-12-06,date_only_no_time,usable,,not_available_in_v1_layer,2026-07-22T21:09:02+00:00,,2026-07-22T21:09:02+00:00,confirmed_available_at,2026-07-22T21:09:02+00:00,2012-12-06,2026-07-22T21:09:02+00:00,yes_publication_claim_only,no,no,no,no,no,,version-link-v1.0-2026-07-26,layer=normalised-text-v1_provisional;pairs=near-dup-v1.0-2026-07-26;url=url-canon-v1.0-2026-07-27;syndication=syndication-v1.0-2026-07-26
NEWS-guardian_api-7dd3f7d510fc,SCC-2021-05,guardian_api,no_version_candidates,,,2021-01-03,date_only_no_time,usable,,not_available_in_v1_layer,2026-07-22T21:10:32+00:00,,2026-07-22T21:10:32+00:00,confirmed_available_at,2026-07-22T21:10:32+00:00,2021-01-03,2026-07-22T21:10:32+00:00,yes_publication_claim_only,no,no,no,no,no,,version-link-v1.0-2026-07-26,layer=normalised-text-v1_provisional;pairs=near-dup-v1.0-2026-07-26;url=url-canon-v1.0-2026-07-27;syndication=syndication-v1.0-2026-07-26
NEWS-guardian_api-7de4908ee828,SCC-2013-05,guardian_api,no_version_candidates,,,2012-11-26,date_only_no_time,usable,,not_available_in_v1_layer,2026-07-22T21:08:31+00:00,,2026-07-22T21:08:31+00:00,confirmed_available_at,2026-07-22T21:08:31+00:00,2012-11-26,2026-07-22T21:08:31+00:00,yes_publication_claim_only,no,no,no,no,no,,version-link-v1.0-2026-07-26,layer=normalised-text-v1_provisional;pairs=near-dup-v1.0-2026-07-26;url=url-canon-v1.0-2026-07-27;syndication=syndication-v1.0-2026-07-26
NEWS-guardian_api-7e1ec6b6e691,SCC-2017-05,guardian_api,no_version_candidates,,,2016-11-30,date_only_no_time,usable,,not_available_in_v1_layer,2026-07-22T21:09:39+00:00,,2026-07-22T21:09:39+00:00,confirmed_available_at,2026-07-22T21:09:39+00:00,2016-11-30,2026-07-22T21:09:39+00:00,yes_publication_claim_only,no,no,no,no,no,,version-link-v1.0-2026-07-26,layer=normalised-text-v1_provisional;pairs=near-dup-v1.0-2026-07-26;url=url-canon-v1.0-2026-07-27;syndication=syndication-v1.0-2026-07-26
NEWS-guardian_api-7e2b1b7c4f92,ESWS-2026-05,guardian_api,no_version_candidates,,,2026-02-12,date_only_no_time,usable,,not_available_in_v1_layer,2026-07-22T21:08:18+00:00,,2026-07-22T21:08:18+00:00,confirmed_available_at,2026-07-22T21:08:18+00:00,2026-02-12,2026-07-22T21:08:18+00:00,yes_publication_claim_only,yes_publication_claim_only,no,no,no,no,,version-link-v1.0-2026-07-26,layer=normalised-text-v1_provisional;pairs=near-dup-v1.0-2026-07-26;url=url-canon-v1.0-2026-07-27;syndication=syndication-v1.0-2026-07-26
NEWS-guardian_api-7e4d5606ab94,SCC-2017-05,guardian_api,no_version_candidates,,,2016-12-17,date_only_no_time,usable,,not_available_in_v1_layer,2026-07-22T21:09:47+00:00,,2026-07-22T21:09:47+00:00,confirmed_available_at,2026-07-22T21:09:47+00:00,2016-12-17,2026-07-22T21:09:47+00:00,yes_publication_claim_only,no,no,no,no,no,,version-link-v1.0-2026-07-26,layer=normalised-text-v1_provisional;pairs=near-dup-v1.0-2026-07-26;url=url-canon-v1.0-2026-07-27;syndication=syndication-v1.0-2026-07-26
NEWS-guardian_api-7e566405b881,SCC-2017-05,guardian_api,no_version_candidates,,,2017-03-09,date_only_no_time,usable,,not_available_in_v1_layer,2026-07-22T21:09:52+00:00,,2026-07-22T21:09:52+00:00,confirmed_available_at,2026-07-22T21:09:52+00:00,2017-03-09,2026-07-22T21:09:52+00:00,yes_publication_claim_only,yes_publication_claim_only,no,no,no,no,,version-link-v1.0-2026-07-26,layer=normalised-text-v1_provisional;pairs=near-dup-v1.0-2026-07-26;url=url-canon-v1.0-2026-07-27;syndication=syndication-v1.0-2026-07-26
NEWS-guardian_api-7eaafe7bc86f,ESWS-2026-05,guardian_api,no_version_candidates,,,2025-11-21,date_only_no_time,usable,,not_available_in_v1_layer,2026-07-22T21:07:45+00:00,,2026-07-22T21:07:45+00:00,confirmed_available_at,2026-07-22T21:07:45+00:00,2025-11-21,2026-07-22T21:07:45+00:00,yes_publication_claim_only,no,no,no,no,no,,version-link-v1.0-2026-07-26,layer=normalised-text-v1_provisional;pairs=near-dup-v1.0-2026-07-26;url=url-canon-v1.0-2026-07-27;syndication=syndication-v1.0-2026-07-26
NEWS-guardian_api-7f680997cc49,SCC-2013-05,guardian_api,no_version_candidates,,,2013-02-14,date_only_no_time,usable,,not_available_in_v1_layer,2026-07-22T21:08:42+00:00,,2026-07-22T21:08:42+00:00,confirmed_available_at,2026-07-22T21:08:42+00:00,2013-02-14,2026-07-22T21:08:42+00:00,yes_publication_claim_only,yes_publication_claim_only,no,no,no,no,,version-link-v1.0-2026-07-26,layer=normalised-text-v1_provisional;pairs=near-dup-v1.0-2026-07-26;url=url-canon-v1.0-2026-07-27;syndication=syndication-v1.0-2026-07-26
NEWS-guardian_api-7f7006410a6b,SCC-2013-05,guardian_api,no_version_candidates,,,2012-12-08,date_only_no_time,usable,,not_available_in_v1_layer,2026-07-22T21:09:02+00:00,,2026-07-22T21:09:02+00:00,confirmed_available_at,2026-07-22T21:09:02+00:00,2012-12-08,2026-07-22T21:09:02+00:00,yes_publication_claim_only,no,no,no,no,no,,version-link-v1.0-2026-07-26,layer=normalised-text-v1_provisional;pairs=near-dup-v1.0-2026-07-26;url=url-canon-v1.0-2026-07-27;syndication=syndication-v1.0-2026-07-26
NEWS-guardian_api-7f72cc0500f8,SCC-2017-05,guardian_api,no_version_candidates,,,2016-11-13,date_only_no_time,usable,,not_available_in_v1_layer,2026-07-22T21:09:39+00:00,,2026-07-22T21:09:39+00:00,confirmed_available_at,2026-07-22T21:09:39+00:00,2016-11-13,2026-07-22T21:09:39+00:00,yes_publication_claim_only,no,no,no,no,no,,version-link-v1.0-2026-07-26,layer=normalised-text-v1_provisional;pairs=near-dup-v1.0-2026-07-26;url=url-canon-v1.0-2026-07-27;syndication=syndication-v1.0-2026-07-26
NEWS-guardian_api-7fddfc2533b9,SCC-2013-05,guardian_api,no_version_candidates,,,2012-11-06,date_only_no_time,usable,,not_available_in_v1_layer,2026-07-22T21:08:55+00:00,,2026-07-22T21:08:55+00:00,confirmed_available_at,2026-07-22T21:08:55+00:00,2012-11-06,2026-07-22T21:08:55+00:00,yes_publication_claim_only,no,no,no,no,no,,version-link-v1.0-2026-07-26,layer=normalised-text-v1_provisional;pairs=near-dup-v1.0-2026-07-26;url=url-canon-v1.0-2026-07-27;syndication=syndication-v1.0-2026-07-26
NEWS-guardian_api-8005f5820d69,SCC-2013-05,guardian_api,no_version_candidates,,,2013-03-20,date_only_no_time,usable,,not_available_in_v1_layer,2026-07-22T21:09:07+00:00,,2026-07-22T21:09:07+00:00,confirmed_available_at,2026-07-22T21:09:07+00:00,2013-03-20,2026-07-22T21:09:07+00:00,yes_publication_claim_only,yes_publication_claim_only,no,no,no,no,,version-link-v1.0-2026-07-26,layer=normalised-text-v1_provisional;pairs=near-dup-v1.0-2026-07-26;url=url-canon-v1.0-2026-07-27;syndication=syndication-v1.0-2026-07-26
NEWS-guardian_api-801fab331e9d,ESWS-2026-05,guardian_api,no_version_candidates,,,2025-11-26,date_only_no_time,usable,,not_available_in_v1_layer,2026-07-22T21:07:48+00:00,,2026-07-22T21:07:48+00:00,confirmed_available_at,2026-07-22T21:07:48+00:00,2025-11-26,2026-07-22T21:07:48+00:00,yes_publication_claim_only,no,no,no,no,no,,version-link-v1.0-2026-07-26,layer=normalised-text-v1_provisional;pairs=near-dup-v1.0-2026-07-26;url=url-canon-v1.0-2026-07-27;syndication=syndication-v1.0-2026-07-26
NEWS-guardian_api-805bdc5aab3a,SCC-2017-05,guardian_api,no_version_candidates,,,2017-02-21,date_only_no_time,usable,,not_available_in_v1_layer,2026-07-22T21:09:52+00:00,,2026-07-22T21:09:52+00:00,confirmed_available_at,2026-07-22T21:09:52+00:00,2017-02-21,2026-07-22T21:09:52+00:00,yes_publication_claim_only,yes_publication_claim_only,no,no,no,no,,version-link-v1.0-2026-07-26,layer=normalised-text-v1_provisional;pairs=near-dup-v1.0-2026-07-26;url=url-canon-v1.0-2026-07-27;syndication=syndication-v1.0-2026-07-26
NEWS-guardian_api-809ad76e4d3b,ESWS-2026-05,guardian_api,no_version_candidates,,,2026-02-13,date_only_no_time,usable,,not_available_in_v1_layer,2026-07-22T21:08:18+00:00,,2026-07-22T21:08:18+00:00,confirmed_available_at,2026-07-22T21:08:18+00:00,2026-02-13,2026-07-22T21:08:18+00:00,yes_publication_claim_only,yes_publication_claim_only,no,no,no,no,,version-link-v1.0-2026-07-26,layer=normalised-text-v1_provisional;pairs=near-dup-v1.0-2026-07-26;url=url-canon-v1.0-2026-07-27;syndication=syndication-v1.0-2026-07-26
NEWS-guardian_api-80b0c42503eb,SCC-2021-05,guardian_api,no_version_candidates,,,2020-11-07,date_only_no_time,usable,,not_available_in_v1_layer,2026-07-22T21:10:20+00:00,,2026-07-22T21:10:20+00:00,confirmed_available_at,2026-07-22T21:10:20+00:00,2020-11-07,2026-07-22T21:10:20+00:00,yes_publication_claim_only,no,no,no,no,no,,version-link-v1.0-2026-07-26,layer=normalised-text-v1_provisional;pairs=near-dup-v1.0-2026-07-26;url=url-canon-v1.0-2026-07-27;syndication=syndication-v1.0-2026-07-26
NEWS-guardian_api-80d5450b1426,SCC-2017-05,guardian_api,no_version_candidates,,,2017-02-08,date_only_no_time,usable,,not_available_in_v1_layer,2026-07-22T21:09:26+00:00,,2026-07-22T21:09:26+00:00,confirmed_available_at,2026-07-22T21:09:26+00:00,2017-02-08,2026-07-22T21:09:26+00:00,yes_publication_claim_only,yes_publication_claim_only,no,no,no,no,,version-link-v1.0-2026-07-26,layer=normalised-text-v1_provisional;pairs=near-dup-v1.0-2026-07-26;url=url-canon-v1.0-2026-07-27;syndication=syndication-v1.0-2026-07-26
NEWS-guardian_api-80e2397c5b60,SCC-2013-05,guardian_api,no_version_candidates,,,2012-11-09,date_only_no_time,usable,,not_available_in_v1_layer,2026-07-22T21:08:55+00:00,,2026-07-22T21:08:55+00:00,confirmed_available_at,2026-07-22T21:08:55+00:00,2012-11-09,2026-07-22T21:08:55+00:00,yes_publication_claim_only,no,no,no,no,no,,version-link-v1.0-2026-07-26,layer=normalised-text-v1_provisional;pairs=near-dup-v1.0-2026-07-26;url=url-canon-v1.0-2026-07-27;syndication=syndication-v1.0-2026-07-26
NEWS-guardian_api-80edbe762b90,ESWS-2026-05,guardian_api,no_version_candidates,,,2025-11-28,date_only_no_time,usable,,not_available_in_v1_layer,2026-07-22T21:07:48+00:00,,2026-07-22T21:07:48+00:00,confirmed_available_at,2026-07-22T21:07:48+00:00,2025-11-28,2026-07-22T21:07:48+00:00,yes_publication_claim_only,no,no,no,no,no,,version-link-v1.0-2026-07-26,layer=normalised-text-v1_provisional;pairs=near-dup-v1.0-2026-07-26;url=url-canon-v1.0-2026-07-27;syndication=syndication-v1.0-2026-07-26
NEWS-guardian_api-80f4d08f259e,SCC-2013-05,guardian_api,no_version_candidates,,,2012-12-19,date_only_no_time,usable,,not_available_in_v1_layer,2026-07-22T21:08:42+00:00,,2026-07-22T21:08:42+00:00,confirmed_available_at,2026-07-22T21:08:42+00:00,2012-12-19,2026-07-22T21:08:42+00:00,yes_publication_claim_only,no,no,no,no,no,,version-link-v1.0-2026-07-26,layer=normalised-text-v1_provisional;pairs=near-dup-v1.0-2026-07-26;url=url-canon-v1.0-2026-07-27;syndication=syndication-v1.0-2026-07-26
NEWS-guardian_api-812a25fc4636,SCC-2013-05,guardian_api,no_version_candidates,,,2012-11-27,date_only_no_time,usable,,not_available_in_v1_layer,2026-07-22T21:08:55+00:00,,2026-07-22T21:08:55+00:00,confirmed_available_at,2026-07-22T21:08:55+00:00,2012-11-27,2026-07-22T21:08:55+00:00,yes_publication_claim_only,no,no,no,no,no,,version-link-v1.0-2026-07-26,layer=normalised-text-v1_provisional;pairs=near-dup-v1.0-2026-07-26;url=url-canon-v1.0-2026-07-27;syndication=syndication-v1.0-2026-07-26
NEWS-guardian_api-814b88f00908,SCC-2013-05,guardian_api,no_version_candidates,,,2013-01-28,date_only_no_time,usable,,not_available_in_v1_layer,2026-07-22T21:08:38+00:00,,2026-07-22T21:08:38+00:00,confirmed_available_at,2026-07-22T21:08:38+00:00,2013-01-28,2026-07-22T21:08:38+00:00,yes_publication_claim_only,no,no,no,no,no,,version-link-v1.0-2026-07-26,layer=normalised-text-v1_provisional;pairs=near-dup-v1.0-2026-07-26;url=url-canon-v1.0-2026-07-27;syndication=syndication-v1.0-2026-07-26
NEWS-guardian_api-815206f48d16,ESWS-2026-05,guardian_api,no_version_candidates,,,2025-11-27,date_only_no_time,usable,,not_available_in_v1_layer,2026-07-22T21:07:48+00:00,,2026-07-22T21:07:48+00:00,confirmed_available_at,2026-07-22T21:07:48+00:00,2025-11-27,2026-07-22T21:07:48+00:00,yes_publication_claim_only,no,no,no,no,no,,version-link-v1.0-2026-07-26,layer=normalised-text-v1_provisional;pairs=near-dup-v1.0-2026-07-26;url=url-canon-v1.0-2026-07-27;syndication=syndication-v1.0-2026-07-26
NEWS-guardian_api-815b302017a0,ESWS-2026-05,guardian_api,no_version_candidates,,,2026-02-16,date_only_no_time,usable,,not_available_in_v1_layer,2026-07-22T21:08:10+00:00,,2026-07-22T21:08:10+00:00,confirmed_available_at,2026-07-22T21:08:10+00:00,2026-02-16,2026-07-22T21:08:10+00:00,yes_publication_claim_only,yes_publication_claim_only,no,no,no,no,,version-link-v1.0-2026-07-26,layer=normalised-text-v1_provisional;pairs=near-dup-v1.0-2026-07-26;url=url-canon-v1.0-2026-07-27;syndication=syndication-v1.0-2026-07-26
NEWS-guardian_api-816f71092d34,SCC-2017-05,guardian_api,no_version_candidates,,,2016-12-16,date_only_no_time,usable,,not_available_in_v1_layer,2026-07-22T21:09:47+00:00,,2026-07-22T21:09:47+00:00,confirmed_available_at,2026-07-22T21:09:47+00:00,2016-12-16,2026-07-22T21:09:47+00:00,yes_publication_claim_only,no,no,no,no,no,,version-link-v1.0-2026-07-26,layer=normalised-text-v1_provisional;pairs=near-dup-v1.0-2026-07-26;url=url-canon-v1.0-2026-07-27;syndication=syndication-v1.0-2026-07-26
NEWS-guardian_api-8180a0acaa84,SCC-2021-05,guardian_api,no_version_candidates,,,2020-11-09,date_only_no_time,usable,,not_available_in_v1_layer,2026-07-22T21:10:28+00:00,,2026-07-22T21:10:28+00:00,confirmed_available_at,2026-07-22T21:10:28+00:00,2020-11-09,2026-07-22T21:10:28+00:00,yes_publication_claim_only,no,no,no,no,no,,version-link-v1.0-2026-07-26,layer=normalised-text-v1_provisional;pairs=near-dup-v1.0-2026-07-26;url=url-canon-v1.0-2026-07-27;syndication=syndication-v1.0-2026-07-26
NEWS-guardian_api-81a5f7d1d764,SCC-2017-05,guardian_api,no_version_candidates,,,2016-12-23,date_only_no_time,usable,,not_available_in_v1_layer,2026-07-22T21:09:19+00:00,,2026-07-22T21:09:19+00:00,confirmed_available_at,2026-07-22T21:09:19+00:00,2016-12-23,2026-07-22T21:09:19+00:00,yes_publication_claim_only,no,no,no,no,no,,version-link-v1.0-2026-07-26,layer=normalised-text-v1_provisional;pairs=near-dup-v1.0-2026-07-26;url=url-canon-v1.0-2026-07-27;syndication=syndication-v1.0-2026-07-26
NEWS-guardian_api-81c52a2cdcb8,ESWS-2026-05,guardian_api,no_version_candidates,,,2026-03-23,date_only_no_time,usable,,not_available_in_v1_layer,2026-07-22T21:08:18+00:00,,2026-07-22T21:08:18+00:00,confirmed_available_at,2026-07-22T21:08:18+00:00,2026-03-23,2026-07-22T21:08:18+00:00,yes_publication_claim_only,yes_publication_claim_only,no,no,no,no,,version-link-v1.0-2026-07-26,layer=normalised-text-v1_provisional;pairs=near-dup-v1.0-2026-07-26;url=url-canon-v1.0-2026-07-27;syndication=syndication-v1.0-2026-07-26
NEWS-guardian_api-81ec4f63466d,SCC-2017-05,guardian_api,no_version_candidates,,,2016-12-10,date_only_no_time,usable,,not_available_in_v1_layer,2026-07-22T21:09:26+00:00,,2026-07-22T21:09:26+00:00,confirmed_available_at,2026-07-22T21:09:26+00:00,2016-12-10,2026-07-22T21:09:26+00:00,yes_publication_claim_only,no,no,no,no,no,,version-link-v1.0-2026-07-26,layer=normalised-text-v1_provisional;pairs=near-dup-v1.0-2026-07-26;url=url-canon-v1.0-2026-07-27;syndication=syndication-v1.0-2026-07-26
NEWS-guardian_api-820c71d7223e,SCC-2017-05,guardian_api,no_version_candidates,,,2017-02-08,date_only_no_time,usable,,not_available_in_v1_layer,2026-07-22T21:09:47+00:00,,2026-07-22T21:09:47+00:00,confirmed_available_at,2026-07-22T21:09:47+00:00,2017-02-08,2026-07-22T21:09:47+00:00,yes_publication_claim_only,yes_publication_claim_only,no,no,no,no,,version-link-v1.0-2026-07-26,layer=normalised-text-v1_provisional;pairs=near-dup-v1.0-2026-07-26;url=url-canon-v1.0-2026-07-27;syndication=syndication-v1.0-2026-07-26
NEWS-guardian_api-8213ba591593,ESWS-2026-05,guardian_api,no_version_candidates,,,2025-11-20,date_only_no_time,usable,,not_available_in_v1_layer,2026-07-22T21:07:44+00:00,,2026-07-22T21:07:44+00:00,confirmed_available_at,2026-07-22T21:07:44+00:00,2025-11-20,2026-07-22T21:07:44+00:00,yes_publication_claim_only,no,no,no,no,no,,version-link-v1.0-2026-07-26,layer=normalised-text-v1_provisional;pairs=near-dup-v1.0-2026-07-26;url=url-canon-v1.0-2026-07-27;syndication=syndication-v1.0-2026-07-26
NEWS-guardian_api-825d02c7b058,ESWS-2026-05,guardian_api,no_version_candidates,,,2026-01-22,date_only_no_time,usable,,not_available_in_v1_layer,2026-07-22T21:07:54+00:00,,2026-07-22T21:07:54+00:00,confirmed_available_at,2026-07-22T21:07:54+00:00,2026-01-22,2026-07-22T21:07:54+00:00,yes_publication_claim_only,no,no,no,no,no,,version-link-v1.0-2026-07-26,layer=normalised-text-v1_provisional;pairs=near-dup-v1.0-2026-07-26;url=url-canon-v1.0-2026-07-27;syndication=syndication-v1.0-2026-07-26
NEWS-guardian_api-826254789616,SCC-2013-05,guardian_api,no_version_candidates,,,2012-12-09,date_only_no_time,usable,,not_available_in_v1_layer,2026-07-22T21:08:38+00:00,,2026-07-22T21:08:38+00:00,confirmed_available_at,2026-07-22T21:08:38+00:00,2012-12-09,2026-07-22T21:08:38+00:00,yes_publication_claim_only,no,no,no,no,no,,version-link-v1.0-2026-07-26,layer=normalised-text-v1_provisional;pairs=near-dup-v1.0-2026-07-26;url=url-canon-v1.0-2026-07-27;syndication=syndication-v1.0-2026-07-26
NEWS-guardian_api-82904b71d181,SCC-2021-05,guardian_api,no_version_candidates,,,2020-11-10,date_only_no_time,usable,,not_available_in_v1_layer,2026-07-22T21:10:17+00:00,,2026-07-22T21:10:17+00:00,confirmed_available_at,2026-07-22T21:10:17+00:00,2020-11-10,2026-07-22T21:10:17+00:00,yes_publication_claim_only,no,no,no,no,no,,version-link-v1.0-2026-07-26,layer=normalised-text-v1_provisional;pairs=near-dup-v1.0-2026-07-26;url=url-canon-v1.0-2026-07-27;syndication=syndication-v1.0-2026-07-26
NEWS-guardian_api-832ecffdc3ab,SCC-2017-05,guardian_api,no_version_candidates,,,2016-11-06,date_only_no_time,usable,,not_available_in_v1_layer,2026-07-22T21:09:36+00:00,,2026-07-22T21:09:36+00:00,confirmed_available_at,2026-07-22T21:09:36+00:00,2016-11-06,2026-07-22T21:09:36+00:00,yes_publication_claim_only,no,no,no,no,no,,version-link-v1.0-2026-07-26,layer=normalised-text-v1_provisional;pairs=near-dup-v1.0-2026-07-26;url=url-canon-v1.0-2026-07-27;syndication=syndication-v1.0-2026-07-26
NEWS-guardian_api-8333180e7923,SCC-2017-05,guardian_api,no_version_candidates,,,2016-11-18,date_only_no_time,usable,,not_available_in_v1_layer,2026-07-22T21:09:15+00:00,,2026-07-22T21:09:15+00:00,confirmed_available_at,2026-07-22T21:09:15+00:00,2016-11-18,2026-07-22T21:09:15+00:00,yes_publication_claim_only,no,no,no,no,no,,version-link-v1.0-2026-07-26,layer=normalised-text-v1_provisional;pairs=near-dup-v1.0-2026-07-26;url=url-canon-v1.0-2026-07-27;syndication=syndication-v1.0-2026-07-26
NEWS-guardian_api-833def95e09c,SCC-2013-05,guardian_api,no_version_candidates,,,2012-11-15,date_only_no_time,usable,,not_available_in_v1_layer,2026-07-22T21:08:30+00:00,,2026-07-22T21:08:30+00:00,confirmed_available_at,2026-07-22T21:08:30+00:00,2012-11-15,2026-07-22T21:08:30+00:00,yes_publication_claim_only,no,no,no,no,no,,version-link-v1.0-2026-07-26,layer=normalised-text-v1_provisional;pairs=near-dup-v1.0-2026-07-26;url=url-canon-v1.0-2026-07-27;syndication=syndication-v1.0-2026-07-26
NEWS-guardian_api-834a06667985,SCC-2021-05,guardian_api,no_version_candidates,,,2020-11-08,date_only_no_time,usable,,not_available_in_v1_layer,2026-07-22T21:10:20+00:00,,2026-07-22T21:10:20+00:00,confirmed_available_at,2026-07-22T21:10:20+00:00,2020-11-08,2026-07-22T21:10:20+00:00,yes_publication_claim_only,no,no,no,no,no,,version-link-v1.0-2026-07-26,layer=normalised-text-v1_provisional;pairs=near-dup-v1.0-2026-07-26;url=url-canon-v1.0-2026-07-27;syndication=syndication-v1.0-2026-07-26
NEWS-guardian_api-836ab1f7bd05,SCC-2013-05,guardian_api,no_version_candidates,,,2013-01-07,date_only_no_time,usable,,not_available_in_v1_layer,2026-07-22T21:08:34+00:00,,2026-07-22T21:08:34+00:00,confirmed_available_at,2026-07-22T21:08:34+00:00,2013-01-07,2026-07-22T21:08:34+00:00,yes_publication_claim_only,no,no,no,no,no,,version-link-v1.0-2026-07-26,layer=normalised-text-v1_provisional;pairs=near-dup-v1.0-2026-07-26;url=url-canon-v1.0-2026-07-27;syndication=syndication-v1.0-2026-07-26
NEWS-guardian_api-8378fadc540d,ESWS-2026-05,guardian_api,no_version_candidates,,,2025-12-17,date_only_no_time,usable,,not_available_in_v1_layer,2026-07-22T21:08:10+00:00,,2026-07-22T21:08:10+00:00,confirmed_available_at,2026-07-22T21:08:10+00:00,2025-12-17,2026-07-22T21:08:10+00:00,yes_publication_claim_only,no,no,no,no,no,,version-link-v1.0-2026-07-26,layer=normalised-text-v1_provisional;pairs=near-dup-v1.0-2026-07-26;url=url-canon-v1.0-2026-07-27;syndication=syndication-v1.0-2026-07-26
NEWS-guardian_api-83ef92c038ec,ESWS-2026-05,guardian_api,no_version_candidates,,,2025-11-24,date_only_no_time,usable,,not_available_in_v1_layer,2026-07-22T21:07:45+00:00,,2026-07-22T21:07:45+00:00,confirmed_available_at,2026-07-22T21:07:45+00:00,2025-11-24,2026-07-22T21:07:45+00:00,yes_publication_claim_only,no,no,no,no,no,,version-link-v1.0-2026-07-26,layer=normalised-text-v1_provisional;pairs=near-dup-v1.0-2026-07-26;url=url-canon-v1.0-2026-07-27;syndication=syndication-v1.0-2026-07-26
NEWS-guardian_api-840b36b35340,SCC-2017-05,guardian_api,no_version_candidates,,,2016-11-12,date_only_no_time,usable,,not_available_in_v1_layer,2026-07-22T21:09:15+00:00,,2026-07-22T21:09:15+00:00,confirmed_available_at,2026-07-22T21:09:15+00:00,2016-11-12,2026-07-22T21:09:15+00:00,yes_publication_claim_only,no,no,no,no,no,,version-link-v1.0-2026-07-26,layer=normalised-text-v1_provisional;pairs=near-dup-v1.0-2026-07-26;url=url-canon-v1.0-2026-07-27;syndication=syndication-v1.0-2026-07-26
NEWS-guardian_api-8450082906fd,SCC-2017-05,guardian_api,no_version_candidates,,,2016-11-06,date_only_no_time,usable,,not_available_in_v1_layer,2026-07-22T21:09:36+00:00,,2026-07-22T21:09:36+00:00,confirmed_available_at,2026-07-22T21:09:36+00:00,2016-11-06,2026-07-22T21:09:36+00:00,yes_publication_claim_only,no,no,no,no,no,,version-link-v1.0-2026-07-26,layer=normalised-text-v1_provisional;pairs=near-dup-v1.0-2026-07-26;url=url-canon-v1.0-2026-07-27;syndication=syndication-v1.0-2026-07-26
NEWS-guardian_api-845cafda71ad,SCC-2017-05,guardian_api,no_version_candidates,,,2016-11-07,date_only_no_time,usable,,not_available_in_v1_layer,2026-07-22T21:09:15+00:00,,2026-07-22T21:09:15+00:00,confirmed_available_at,2026-07-22T21:09:15+00:00,2016-11-07,2026-07-22T21:09:15+00:00,yes_publication_claim_only,no,no,no,no,no,,version-link-v1.0-2026-07-26,layer=normalised-text-v1_provisional;pairs=near-dup-v1.0-2026-07-26;url=url-canon-v1.0-2026-07-27;syndication=syndication-v1.0-2026-07-26
NEWS-guardian_api-84a775d4ad10,ESWS-2026-05,guardian_api,no_version_candidates,,,2025-12-11,date_only_no_time,usable,,not_available_in_v1_layer,2026-07-22T21:08:10+00:00,,2026-07-22T21:08:10+00:00,confirmed_available_at,2026-07-22T21:08:10+00:00,2025-12-11,2026-07-22T21:08:10+00:00,yes_publication_claim_only,no,no,no,no,no,,version-link-v1.0-2026-07-26,layer=normalised-text-v1_provisional;pairs=near-dup-v1.0-2026-07-26;url=url-canon-v1.0-2026-07-27;syndication=syndication-v1.0-2026-07-26
NEWS-guardian_api-84d7fee97b43,SCC-2021-05,guardian_api,no_version_candidates,,,2021-01-27,date_only_no_time,usable,,not_available_in_v1_layer,2026-07-22T21:10:32+00:00,,2026-07-22T21:10:32+00:00,confirmed_available_at,2026-07-22T21:10:32+00:00,2021-01-27,2026-07-22T21:10:32+00:00,yes_publication_claim_only,no,no,no,no,no,,version-link-v1.0-2026-07-26,layer=normalised-text-v1_provisional;pairs=near-dup-v1.0-2026-07-26;url=url-canon-v1.0-2026-07-27;syndication=syndication-v1.0-2026-07-26
NEWS-guardian_api-85443f19374b,SCC-2013-05,guardian_api,no_version_candidates,,,2012-11-07,date_only_no_time,usable,,not_available_in_v1_layer,2026-07-22T21:08:55+00:00,,2026-07-22T21:08:55+00:00,confirmed_available_at,2026-07-22T21:08:55+00:00,2012-11-07,2026-07-22T21:08:55+00:00,yes_publication_claim_only,no,no,no,no,no,,version-link-v1.0-2026-07-26,layer=normalised-text-v1_provisional;pairs=near-dup-v1.0-2026-07-26;url=url-canon-v1.0-2026-07-27;syndication=syndication-v1.0-2026-07-26
NEWS-guardian_api-857b1aedd9a7,SCC-2017-05,guardian_api,no_version_candidates,,,2016-11-16,date_only_no_time,usable,,not_available_in_v1_layer,2026-07-22T21:09:15+00:00,,2026-07-22T21:09:15+00:00,confirmed_available_at,2026-07-22T21:09:15+00:00,2016-11-16,2026-07-22T21:09:15+00:00,yes_publication_claim_only,no,no,no,no,no,,version-link-v1.0-2026-07-26,layer=normalised-text-v1_provisional;pairs=near-dup-v1.0-2026-07-26;url=url-canon-v1.0-2026-07-27;syndication=syndication-v1.0-2026-07-26
NEWS-guardian_api-85a3e1e1f416,SCC-2013-05,guardian_api,no_version_candidates,,,2013-01-04,date_only_no_time,usable,,not_available_in_v1_layer,2026-07-22T21:08:34+00:00,,2026-07-22T21:08:34+00:00,confirmed_available_at,2026-07-22T21:08:34+00:00,2013-01-04,2026-07-22T21:08:34+00:00,yes_publication_claim_only,no,no,no,no,no,,version-link-v1.0-2026-07-26,layer=normalised-text-v1_provisional;pairs=near-dup-v1.0-2026-07-26;url=url-canon-v1.0-2026-07-27;syndication=syndication-v1.0-2026-07-26
NEWS-guardian_api-85aa2166b08c,ESWS-2026-05,guardian_api,no_version_candidates,,,2026-03-25,date_only_no_time,usable,,not_available_in_v1_layer,2026-07-22T21:07:58+00:00,,2026-07-22T21:07:58+00:00,confirmed_available_at,2026-07-22T21:07:58+00:00,2026-03-25,2026-07-22T21:07:58+00:00,yes_publication_claim_only,yes_publication_claim_only,no,no,no,no,,version-link-v1.0-2026-07-26,layer=normalised-text-v1_provisional;pairs=near-dup-v1.0-2026-07-26;url=url-canon-v1.0-2026-07-27;syndication=syndication-v1.0-2026-07-26
NEWS-guardian_api-8605978f4fbe,SCC-2017-05,guardian_api,no_version_candidates,,,2017-01-05,date_only_no_time,usable,,not_available_in_v1_layer,2026-07-22T21:09:40+00:00,,2026-07-22T21:09:40+00:00,confirmed_available_at,2026-07-22T21:09:40+00:00,2017-01-05,2026-07-22T21:09:40+00:00,yes_publication_claim_only,no,no,no,no,no,,version-link-v1.0-2026-07-26,layer=normalised-text-v1_provisional;pairs=near-dup-v1.0-2026-07-26;url=url-canon-v1.0-2026-07-27;syndication=syndication-v1.0-2026-07-26
NEWS-guardian_api-861a72e5ab17,SCC-2017-05,guardian_api,no_version_candidates,,,2016-12-14,date_only_no_time,usable,,not_available_in_v1_layer,2026-07-22T21:09:22+00:00,,2026-07-22T21:09:22+00:00,confirmed_available_at,2026-07-22T21:09:22+00:00,2016-12-14,2026-07-22T21:09:22+00:00,yes_publication_claim_only,no,no,no,no,no,,version-link-v1.0-2026-07-26,layer=normalised-text-v1_provisional;pairs=near-dup-v1.0-2026-07-26;url=url-canon-v1.0-2026-07-27;syndication=syndication-v1.0-2026-07-26
NEWS-guardian_api-86576d3b9078,ESWS-2026-05,guardian_api,no_version_candidates,,,2025-11-11,date_only_no_time,usable,,not_available_in_v1_layer,2026-07-22T21:07:44+00:00,,2026-07-22T21:07:44+00:00,confirmed_available_at,2026-07-22T21:07:44+00:00,2025-11-11,2026-07-22T21:07:44+00:00,yes_publication_claim_only,no,no,no,no,no,,version-link-v1.0-2026-07-26,layer=normalised-text-v1_provisional;pairs=near-dup-v1.0-2026-07-26;url=url-canon-v1.0-2026-07-27;syndication=syndication-v1.0-2026-07-26
NEWS-guardian_api-86721046a89c,SCC-2021-05,guardian_api,no_version_candidates,,,2021-03-19,date_only_no_time,usable,,not_available_in_v1_layer,2026-07-22T21:09:58+00:00,,2026-07-22T21:09:58+00:00,confirmed_available_at,2026-07-22T21:09:58+00:00,2021-03-19,2026-07-22T21:09:58+00:00,yes_publication_claim_only,yes_publication_claim_only,no,no,no,no,,version-link-v1.0-2026-07-26,layer=normalised-text-v1_provisional;pairs=near-dup-v1.0-2026-07-26;url=url-canon-v1.0-2026-07-27;syndication=syndication-v1.0-2026-07-26
NEWS-guardian_api-8679bf0d0f52,SCC-2017-05,guardian_api,no_version_candidates,,,2017-01-19,date_only_no_time,usable,,not_available_in_v1_layer,2026-07-22T21:09:22+00:00,,2026-07-22T21:09:22+00:00,confirmed_available_at,2026-07-22T21:09:22+00:00,2017-01-19,2026-07-22T21:09:22+00:00,yes_publication_claim_only,no,no,no,no,no,,version-link-v1.0-2026-07-26,layer=normalised-text-v1_provisional;pairs=near-dup-v1.0-2026-07-26;url=url-canon-v1.0-2026-07-27;syndication=syndication-v1.0-2026-07-26
NEWS-guardian_api-869aa24c5488,SCC-2021-05,guardian_api,no_version_candidates,,,2021-01-22,date_only_no_time,usable,,not_available_in_v1_layer,2026-07-22T21:10:13+00:00,,2026-07-22T21:10:13+00:00,confirmed_available_at,2026-07-22T21:10:13+00:00,2021-01-22,2026-07-22T21:10:13+00:00,yes_publication_claim_only,no,no,no,no,no,,version-link-v1.0-2026-07-26,layer=normalised-text-v1_provisional;pairs=near-dup-v1.0-2026-07-26;url=url-canon-v1.0-2026-07-27;syndication=syndication-v1.0-2026-07-26
NEWS-guardian_api-86b8de3b78ae,SCC-2017-05,guardian_api,no_version_candidates,,,2016-11-08,date_only_no_time,usable,,not_available_in_v1_layer,2026-07-22T21:09:32+00:00,,2026-07-22T21:09:32+00:00,confirmed_available_at,2026-07-22T21:09:32+00:00,2016-11-08,2026-07-22T21:09:32+00:00,yes_publication_claim_only,no,no,no,no,no,,version-link-v1.0-2026-07-26,layer=normalised-text-v1_provisional;pairs=near-dup-v1.0-2026-07-26;url=url-canon-v1.0-2026-07-27;syndication=syndication-v1.0-2026-07-26
NEWS-guardian_api-86c887caf4a2,SCC-2013-05,guardian_api,no_version_candidates,,,2012-12-15,date_only_no_time,usable,,not_available_in_v1_layer,2026-07-22T21:08:34+00:00,,2026-07-22T21:08:34+00:00,confirmed_available_at,2026-07-22T21:08:34+00:00,2012-12-15,2026-07-22T21:08:34+00:00,yes_publication_claim_only,no,no,no,no,no,,version-link-v1.0-2026-07-26,layer=normalised-text-v1_provisional;pairs=near-dup-v1.0-2026-07-26;url=url-canon-v1.0-2026-07-27;syndication=syndication-v1.0-2026-07-26
NEWS-guardian_api-86d2ace2724d,SCC-2013-05,guardian_api,no_version_candidates,,,2012-11-14,date_only_no_time,usable,,not_available_in_v1_layer,2026-07-22T21:08:38+00:00,,2026-07-22T21:08:38+00:00,confirmed_available_at,2026-07-22T21:08:38+00:00,2012-11-14,2026-07-22T21:08:38+00:00,yes_publication_claim_only,no,no,no,no,no,,version-link-v1.0-2026-07-26,layer=normalised-text-v1_provisional;pairs=near-dup-v1.0-2026-07-26;url=url-canon-v1.0-2026-07-27;syndication=syndication-v1.0-2026-07-26
NEWS-guardian_api-86d4e160894e,ESWS-2026-05,guardian_api,no_version_candidates,,,2025-11-27,date_only_no_time,usable,,not_available_in_v1_layer,2026-07-22T21:07:48+00:00,,2026-07-22T21:07:48+00:00,confirmed_available_at,2026-07-22T21:07:48+00:00,2025-11-27,2026-07-22T21:07:48+00:00,yes_publication_claim_only,no,no,no,no,no,,version-link-v1.0-2026-07-26,layer=normalised-text-v1_provisional;pairs=near-dup-v1.0-2026-07-26;url=url-canon-v1.0-2026-07-27;syndication=syndication-v1.0-2026-07-26
NEWS-guardian_api-871cb6ea0bb9,SCC-2021-05,guardian_api,no_version_candidates,,,2021-02-28,date_only_no_time,usable,,not_available_in_v1_layer,2026-07-22T21:10:33+00:00,,2026-07-22T21:10:33+00:00,confirmed_available_at,2026-07-22T21:10:33+00:00,2021-02-28,2026-07-22T21:10:33+00:00,yes_publication_claim_only,yes_publication_claim_only,no,no,no,no,,version-link-v1.0-2026-07-26,layer=normalised-text-v1_provisional;pairs=near-dup-v1.0-2026-07-26;url=url-canon-v1.0-2026-07-27;syndication=syndication-v1.0-2026-07-26
NEWS-guardian_api-8725f001e36f,SCC-2013-05,guardian_api,no_version_candidates,,,2013-01-29,date_only_no_time,usable,,not_available_in_v1_layer,2026-07-22T21:09:02+00:00,,2026-07-22T21:09:02+00:00,confirmed_available_at,2026-07-22T21:09:02+00:00,2013-01-29,2026-07-22T21:09:02+00:00,yes_publication_claim_only,no,no,no,no,no,,version-link-v1.0-2026-07-26,layer=normalised-text-v1_provisional;pairs=near-dup-v1.0-2026-07-26;url=url-canon-v1.0-2026-07-27;syndication=syndication-v1.0-2026-07-26
NEWS-guardian_api-8731ac96ccb7,SCC-2013-05,guardian_api,no_version_candidates,,,2012-11-14,date_only_no_time,usable,,not_available_in_v1_layer,2026-07-22T21:08:30+00:00,,2026-07-22T21:08:30+00:00,confirmed_available_at,2026-07-22T21:08:30+00:00,2012-11-14,2026-07-22T21:08:30+00:00,yes_publication_claim_only,no,no,no,no,no,,version-link-v1.0-2026-07-26,layer=normalised-text-v1_provisional;pairs=near-dup-v1.0-2026-07-26;url=url-canon-v1.0-2026-07-27;syndication=syndication-v1.0-2026-07-26
NEWS-guardian_api-873a456cf4f6,ESWS-2026-05,guardian_api,no_version_candidates,,,2025-11-09,date_only_no_time,usable,,not_available_in_v1_layer,2026-07-22T21:08:06+00:00,,2026-07-22T21:08:06+00:00,confirmed_available_at,2026-07-22T21:08:06+00:00,2025-11-09,2026-07-22T21:08:06+00:00,yes_publication_claim_only,no,no,no,no,no,,version-link-v1.0-2026-07-26,layer=normalised-text-v1_provisional;pairs=near-dup-v1.0-2026-07-26;url=url-canon-v1.0-2026-07-27;syndication=syndication-v1.0-2026-07-26
NEWS-guardian_api-874b523727d0,SCC-2021-05,guardian_api,no_version_candidates,,,2021-03-10,date_only_no_time,usable,,not_available_in_v1_layer,2026-07-22T21:10:33+00:00,,2026-07-22T21:10:33+00:00,confirmed_available_at,2026-07-22T21:10:33+00:00,2021-03-10,2026-07-22T21:10:33+00:00,yes_publication_claim_only,yes_publication_claim_only,no,no,no,no,,version-link-v1.0-2026-07-26,layer=normalised-text-v1_provisional;pairs=near-dup-v1.0-2026-07-26;url=url-canon-v1.0-2026-07-27;syndication=syndication-v1.0-2026-07-26
NEWS-guardian_api-875900f6c6d3,ESWS-2026-05,guardian_api,no_version_candidates,,,2025-11-20,date_only_no_time,usable,,not_available_in_v1_layer,2026-07-22T21:07:44+00:00,,2026-07-22T21:07:44+00:00,confirmed_available_at,2026-07-22T21:07:44+00:00,2025-11-20,2026-07-22T21:07:44+00:00,yes_publication_claim_only,no,no,no,no,no,,version-link-v1.0-2026-07-26,layer=normalised-text-v1_provisional;pairs=near-dup-v1.0-2026-07-26;url=url-canon-v1.0-2026-07-27;syndication=syndication-v1.0-2026-07-26
NEWS-guardian_api-876c30fab903,SCC-2021-05,guardian_api,no_version_candidates,,,2020-11-21,date_only_no_time,usable,,not_available_in_v1_layer,2026-07-22T21:10:32+00:00,,2026-07-22T21:10:32+00:00,confirmed_available_at,2026-07-22T21:10:32+00:00,2020-11-21,2026-07-22T21:10:32+00:00,yes_publication_claim_only,no,no,no,no,no,,version-link-v1.0-2026-07-26,layer=normalised-text-v1_provisional;pairs=near-dup-v1.0-2026-07-26;url=url-canon-v1.0-2026-07-27;syndication=syndication-v1.0-2026-07-26
NEWS-guardian_api-87b9f63366b4,ESWS-2026-05,guardian_api,no_version_candidates,,,2025-11-20,date_only_no_time,usable,,not_available_in_v1_layer,2026-07-22T21:07:44+00:00,,2026-07-22T21:07:44+00:00,confirmed_available_at,2026-07-22T21:07:44+00:00,2025-11-20,2026-07-22T21:07:44+00:00,yes_publication_claim_only,no,no,no,no,no,,version-link-v1.0-2026-07-26,layer=normalised-text-v1_provisional;pairs=near-dup-v1.0-2026-07-26;url=url-canon-v1.0-2026-07-27;syndication=syndication-v1.0-2026-07-26
NEWS-guardian_api-87c983cdc10f,SCC-2021-05,guardian_api,no_version_candidates,,,2020-11-13,date_only_no_time,usable,,not_available_in_v1_layer,2026-07-22T21:10:17+00:00,,2026-07-22T21:10:17+00:00,confirmed_available_at,2026-07-22T21:10:17+00:00,2020-11-13,2026-07-22T21:10:17+00:00,yes_publication_claim_only,no,no,no,no,no,,version-link-v1.0-2026-07-26,layer=normalised-text-v1_provisional;pairs=near-dup-v1.0-2026-07-26;url=url-canon-v1.0-2026-07-27;syndication=syndication-v1.0-2026-07-26
NEWS-guardian_api-88381c9fc9c9,SCC-2013-05,guardian_api,no_version_candidates,,,2013-01-09,date_only_no_time,usable,,not_available_in_v1_layer,2026-07-22T21:09:02+00:00,,2026-07-22T21:09:02+00:00,confirmed_available_at,2026-07-22T21:09:02+00:00,2013-01-09,2026-07-22T21:09:02+00:00,yes_publication_claim_only,no,no,no,no,no,,version-link-v1.0-2026-07-26,layer=normalised-text-v1_provisional;pairs=near-dup-v1.0-2026-07-26;url=url-canon-v1.0-2026-07-27;syndication=syndication-v1.0-2026-07-26
NEWS-guardian_api-88e751d96451,SCC-2017-05,guardian_api,no_version_candidates,,,2016-11-09,date_only_no_time,usable,,not_available_in_v1_layer,2026-07-22T21:09:32+00:00,,2026-07-22T21:09:32+00:00,confirmed_available_at,2026-07-22T21:09:32+00:00,2016-11-09,2026-07-22T21:09:32+00:00,yes_publication_claim_only,no,no,no,no,no,,version-link-v1.0-2026-07-26,layer=normalised-text-v1_provisional;pairs=near-dup-v1.0-2026-07-26;url=url-canon-v1.0-2026-07-27;syndication=syndication-v1.0-2026-07-26
NEWS-guardian_api-890673bc61c4,SCC-2017-05,guardian_api,no_version_candidates,,,2017-03-02,date_only_no_time,usable,,not_available_in_v1_layer,2026-07-22T21:09:23+00:00,,2026-07-22T21:09:23+00:00,confirmed_available_at,2026-07-22T21:09:23+00:00,2017-03-02,2026-07-22T21:09:23+00:00,yes_publication_claim_only,yes_publication_claim_only,no,no,no,no,,version-link-v1.0-2026-07-26,layer=normalised-text-v1_provisional;pairs=near-dup-v1.0-2026-07-26;url=url-canon-v1.0-2026-07-27;syndication=syndication-v1.0-2026-07-26
NEWS-guardian_api-894657e4477c,ESWS-2026-05,guardian_api,no_version_candidates,,,2026-01-27,date_only_no_time,usable,,not_available_in_v1_layer,2026-07-22T21:08:10+00:00,,2026-07-22T21:08:10+00:00,confirmed_available_at,2026-07-22T21:08:10+00:00,2026-01-27,2026-07-22T21:08:10+00:00,yes_publication_claim_only,no,no,no,no,no,,version-link-v1.0-2026-07-26,layer=normalised-text-v1_provisional;pairs=near-dup-v1.0-2026-07-26;url=url-canon-v1.0-2026-07-27;syndication=syndication-v1.0-2026-07-26
NEWS-guardian_api-896faad4b594,ESWS-2026-05,guardian_api,no_version_candidates,,,2026-01-06,date_only_no_time,usable,,not_available_in_v1_layer,2026-07-22T21:08:18+00:00,,2026-07-22T21:08:18+00:00,confirmed_available_at,2026-07-22T21:08:18+00:00,2026-01-06,2026-07-22T21:08:18+00:00,yes_publication_claim_only,no,no,no,no,no,,version-link-v1.0-2026-07-26,layer=normalised-text-v1_provisional;pairs=near-dup-v1.0-2026-07-26;url=url-canon-v1.0-2026-07-27;syndication=syndication-v1.0-2026-07-26
NEWS-guardian_api-8984c2ad4f60,SCC-2013-05,guardian_api,no_version_candidates,,,2012-12-21,date_only_no_time,usable,,not_available_in_v1_layer,2026-07-22T21:08:34+00:00,,2026-07-22T21:08:34+00:00,confirmed_available_at,2026-07-22T21:08:34+00:00,2012-12-21,2026-07-22T21:08:34+00:00,yes_publication_claim_only,no,no,no,no,no,,version-link-v1.0-2026-07-26,layer=normalised-text-v1_provisional;pairs=near-dup-v1.0-2026-07-26;url=url-canon-v1.0-2026-07-27;syndication=syndication-v1.0-2026-07-26
NEWS-guardian_api-89983abcc5d1,SCC-2021-05,guardian_api,no_version_candidates,,,2020-11-11,date_only_no_time,usable,,not_available_in_v1_layer,2026-07-22T21:10:17+00:00,,2026-07-22T21:10:17+00:00,confirmed_available_at,2026-07-22T21:10:17+00:00,2020-11-11,2026-07-22T21:10:17+00:00,yes_publication_claim_only,no,no,no,no,no,,version-link-v1.0-2026-07-26,layer=normalised-text-v1_provisional;pairs=near-dup-v1.0-2026-07-26;url=url-canon-v1.0-2026-07-27;syndication=syndication-v1.0-2026-07-26
NEWS-guardian_api-8a292563638e,SCC-2017-05,guardian_api,no_version_candidates,,,2016-11-06,date_only_no_time,usable,,not_available_in_v1_layer,2026-07-22T21:09:15+00:00,,2026-07-22T21:09:15+00:00,confirmed_available_at,2026-07-22T21:09:15+00:00,2016-11-06,2026-07-22T21:09:15+00:00,yes_publication_claim_only,no,no,no,no,no,,version-link-v1.0-2026-07-26,layer=normalised-text-v1_provisional;pairs=near-dup-v1.0-2026-07-26;url=url-canon-v1.0-2026-07-27;syndication=syndication-v1.0-2026-07-26
NEWS-guardian_api-8a3715512066,SCC-2013-05,guardian_api,no_version_candidates,,,2013-01-04,date_only_no_time,usable,,not_available_in_v1_layer,2026-07-22T21:08:38+00:00,,2026-07-22T21:08:38+00:00,confirmed_available_at,2026-07-22T21:08:38+00:00,2013-01-04,2026-07-22T21:08:38+00:00,yes_publication_claim_only,no,no,no,no,no,,version-link-v1.0-2026-07-26,layer=normalised-text-v1_provisional;pairs=near-dup-v1.0-2026-07-26;url=url-canon-v1.0-2026-07-27;syndication=syndication-v1.0-2026-07-26
NEWS-guardian_api-8a3b4436bfc3,ESWS-2026-05,guardian_api,no_version_candidates,,,2026-01-06,date_only_no_time,usable,,not_available_in_v1_layer,2026-07-22T21:08:18+00:00,,2026-07-22T21:08:18+00:00,confirmed_available_at,2026-07-22T21:08:18+00:00,2026-01-06,2026-07-22T21:08:18+00:00,yes_publication_claim_only,no,no,no,no,no,,version-link-v1.0-2026-07-26,layer=normalised-text-v1_provisional;pairs=near-dup-v1.0-2026-07-26;url=url-canon-v1.0-2026-07-27;syndication=syndication-v1.0-2026-07-26
NEWS-guardian_api-8a3d2dbc1d20,SCC-2017-05,guardian_api,no_version_candidates,,,2016-12-12,date_only_no_time,usable,,not_available_in_v1_layer,2026-07-22T21:09:39+00:00,,2026-07-22T21:09:39+00:00,confirmed_available_at,2026-07-22T21:09:39+00:00,2016-12-12,2026-07-22T21:09:39+00:00,yes_publication_claim_only,no,no,no,no,no,,version-link-v1.0-2026-07-26,layer=normalised-text-v1_provisional;pairs=near-dup-v1.0-2026-07-26;url=url-canon-v1.0-2026-07-27;syndication=syndication-v1.0-2026-07-26
NEWS-guardian_api-8a4b9b7d2350,SCC-2013-05,guardian_api,no_version_candidates,,,2012-11-21,date_only_no_time,usable,,not_available_in_v1_layer,2026-07-22T21:08:30+00:00,,2026-07-22T21:08:30+00:00,confirmed_available_at,2026-07-22T21:08:30+00:00,2012-11-21,2026-07-22T21:08:30+00:00,yes_publication_claim_only,no,no,no,no,no,,version-link-v1.0-2026-07-26,layer=normalised-text-v1_provisional;pairs=near-dup-v1.0-2026-07-26;url=url-canon-v1.0-2026-07-27;syndication=syndication-v1.0-2026-07-26
NEWS-guardian_api-8a783705f74e,SCC-2013-05,guardian_api,no_version_candidates,,,2012-12-20,date_only_no_time,usable,,not_available_in_v1_layer,2026-07-22T21:09:02+00:00,,2026-07-22T21:09:02+00:00,confirmed_available_at,2026-07-22T21:09:02+00:00,2012-12-20,2026-07-22T21:09:02+00:00,yes_publication_claim_only,no,no,no,no,no,,version-link-v1.0-2026-07-26,layer=normalised-text-v1_provisional;pairs=near-dup-v1.0-2026-07-26;url=url-canon-v1.0-2026-07-27;syndication=syndication-v1.0-2026-07-26
NEWS-guardian_api-8a849cd56bab,SCC-2021-05,guardian_api,no_version_candidates,,,2020-11-08,date_only_no_time,usable,,not_available_in_v1_layer,2026-07-22T21:09:58+00:00,,2026-07-22T21:09:58+00:00,confirmed_available_at,2026-07-22T21:09:58+00:00,2020-11-08,2026-07-22T21:09:58+00:00,yes_publication_claim_only,no,no,no,no,no,,version-link-v1.0-2026-07-26,layer=normalised-text-v1_provisional;pairs=near-dup-v1.0-2026-07-26;url=url-canon-v1.0-2026-07-27;syndication=syndication-v1.0-2026-07-26
NEWS-guardian_api-8aadc09fa9eb,SCC-2013-05,guardian_api,no_version_candidates,,,2012-11-25,date_only_no_time,usable,,not_available_in_v1_layer,2026-07-22T21:08:30+00:00,,2026-07-22T21:08:30+00:00,confirmed_available_at,2026-07-22T21:08:30+00:00,2012-11-25,2026-07-22T21:08:30+00:00,yes_publication_claim_only,no,no,no,no,no,,version-link-v1.0-2026-07-26,layer=normalised-text-v1_provisional;pairs=near-dup-v1.0-2026-07-26;url=url-canon-v1.0-2026-07-27;syndication=syndication-v1.0-2026-07-26
NEWS-guardian_api-8abbf951fc56,SCC-2013-05,guardian_api,no_version_candidates,,,2012-11-07,date_only_no_time,usable,,not_available_in_v1_layer,2026-07-22T21:08:55+00:00,,2026-07-22T21:08:55+00:00,confirmed_available_at,2026-07-22T21:08:55+00:00,2012-11-07,2026-07-22T21:08:55+00:00,yes_publication_claim_only,no,no,no,no,no,,version-link-v1.0-2026-07-26,layer=normalised-text-v1_provisional;pairs=near-dup-v1.0-2026-07-26;url=url-canon-v1.0-2026-07-27;syndication=syndication-v1.0-2026-07-26
NEWS-guardian_api-8ae0aa97db90,ESWS-2026-05,guardian_api,no_version_candidates,,,2025-11-25,date_only_no_time,usable,,not_available_in_v1_layer,2026-07-22T21:07:45+00:00,,2026-07-22T21:07:45+00:00,confirmed_available_at,2026-07-22T21:07:45+00:00,2025-11-25,2026-07-22T21:07:45+00:00,yes_publication_claim_only,no,no,no,no,no,,version-link-v1.0-2026-07-26,layer=normalised-text-v1_provisional;pairs=near-dup-v1.0-2026-07-26;url=url-canon-v1.0-2026-07-27;syndication=syndication-v1.0-2026-07-26
NEWS-guardian_api-8bbaae33397b,SCC-2021-05,guardian_api,no_version_candidates,,,2021-01-08,date_only_no_time,usable,,not_available_in_v1_layer,2026-07-22T21:10:25+00:00,,2026-07-22T21:10:25+00:00,confirmed_available_at,2026-07-22T21:10:25+00:00,2021-01-08,2026-07-22T21:10:25+00:00,yes_publication_claim_only,no,no,no,no,no,,version-link-v1.0-2026-07-26,layer=normalised-text-v1_provisional;pairs=near-dup-v1.0-2026-07-26;url=url-canon-v1.0-2026-07-27;syndication=syndication-v1.0-2026-07-26
NEWS-guardian_api-8bd05c36376f,SCC-2013-05,guardian_api,no_version_candidates,,,2012-11-08,date_only_no_time,usable,,not_available_in_v1_layer,2026-07-22T21:08:47+00:00,,2026-07-22T21:08:47+00:00,confirmed_available_at,2026-07-22T21:08:47+00:00,2012-11-08,2026-07-22T21:08:47+00:00,yes_publication_claim_only,no,no,no,no,no,,version-link-v1.0-2026-07-26,layer=normalised-text-v1_provisional;pairs=near-dup-v1.0-2026-07-26;url=url-canon-v1.0-2026-07-27;syndication=syndication-v1.0-2026-07-26
NEWS-guardian_api-8c159b6f23f1,ESWS-2026-05,guardian_api,no_version_candidates,,,2025-11-28,date_only_no_time,usable,,not_available_in_v1_layer,2026-07-22T21:07:48+00:00,,2026-07-22T21:07:48+00:00,confirmed_available_at,2026-07-22T21:07:48+00:00,2025-11-28,2026-07-22T21:07:48+00:00,yes_publication_claim_only,no,no,no,no,no,,version-link-v1.0-2026-07-26,layer=normalised-text-v1_provisional;pairs=near-dup-v1.0-2026-07-26;url=url-canon-v1.0-2026-07-27;syndication=syndication-v1.0-2026-07-26
NEWS-guardian_api-8c9b7a4a8233,ESWS-2026-05,guardian_api,no_version_candidates,,,2025-11-09,date_only_no_time,usable,,not_available_in_v1_layer,2026-07-22T21:08:21+00:00,,2026-07-22T21:08:21+00:00,confirmed_available_at,2026-07-22T21:08:21+00:00,2025-11-09,2026-07-22T21:08:21+00:00,yes_publication_claim_only,no,no,no,no,no,,version-link-v1.0-2026-07-26,layer=normalised-text-v1_provisional;pairs=near-dup-v1.0-2026-07-26;url=url-canon-v1.0-2026-07-27;syndication=syndication-v1.0-2026-07-26
NEWS-guardian_api-8c9e69c4971f,ESWS-2026-05,guardian_api,no_version_candidates,,,2025-11-13,date_only_no_time,usable,,not_available_in_v1_layer,2026-07-22T21:07:44+00:00,,2026-07-22T21:07:44+00:00,confirmed_available_at,2026-07-22T21:07:44+00:00,2025-11-13,2026-07-22T21:07:44+00:00,yes_publication_claim_only,no,no,no,no,no,,version-link-v1.0-2026-07-26,layer=normalised-text-v1_provisional;pairs=near-dup-v1.0-2026-07-26;url=url-canon-v1.0-2026-07-27;syndication=syndication-v1.0-2026-07-26
NEWS-guardian_api-8cadf818edfa,SCC-2021-05,guardian_api,no_version_candidates,,,2020-12-30,date_only_no_time,usable,,not_available_in_v1_layer,2026-07-22T21:10:03+00:00,,2026-07-22T21:10:03+00:00,confirmed_available_at,2026-07-22T21:10:03+00:00,2020-12-30,2026-07-22T21:10:03+00:00,yes_publication_claim_only,no,no,no,no,no,,version-link-v1.0-2026-07-26,layer=normalised-text-v1_provisional;pairs=near-dup-v1.0-2026-07-26;url=url-canon-v1.0-2026-07-27;syndication=syndication-v1.0-2026-07-26
NEWS-guardian_api-8cc6ccd647a7,SCC-2013-05,guardian_api,no_version_candidates,,,2012-11-12,date_only_no_time,usable,,not_available_in_v1_layer,2026-07-22T21:08:47+00:00,,2026-07-22T21:08:47+00:00,confirmed_available_at,2026-07-22T21:08:47+00:00,2012-11-12,2026-07-22T21:08:47+00:00,yes_publication_claim_only,no,no,no,no,no,,version-link-v1.0-2026-07-26,layer=normalised-text-v1_provisional;pairs=near-dup-v1.0-2026-07-26;url=url-canon-v1.0-2026-07-27;syndication=syndication-v1.0-2026-07-26
NEWS-guardian_api-8cfc048a5781,SCC-2021-05,guardian_api,no_version_candidates,,,2021-01-04,date_only_no_time,usable,,not_available_in_v1_layer,2026-07-22T21:10:32+00:00,,2026-07-22T21:10:32+00:00,confirmed_available_at,2026-07-22T21:10:32+00:00,2021-01-04,2026-07-22T21:10:32+00:00,yes_publication_claim_only,no,no,no,no,no,,version-link-v1.0-2026-07-26,layer=normalised-text-v1_provisional;pairs=near-dup-v1.0-2026-07-26;url=url-canon-v1.0-2026-07-27;syndication=syndication-v1.0-2026-07-26
NEWS-guardian_api-8d6d54880aba,SCC-2021-05,guardian_api,no_version_candidates,,,2020-11-10,date_only_no_time,usable,,not_available_in_v1_layer,2026-07-22T21:09:58+00:00,,2026-07-22T21:09:58+00:00,confirmed_available_at,2026-07-22T21:09:58+00:00,2020-11-10,2026-07-22T21:09:58+00:00,yes_publication_claim_only,no,no,no,no,no,,version-link-v1.0-2026-07-26,layer=normalised-text-v1_provisional;pairs=near-dup-v1.0-2026-07-26;url=url-canon-v1.0-2026-07-27;syndication=syndication-v1.0-2026-07-26
NEWS-guardian_api-8d7b00b2bf6a,SCC-2013-05,guardian_api,no_version_candidates,,,2012-12-19,date_only_no_time,usable,,not_available_in_v1_layer,2026-07-22T21:08:38+00:00,,2026-07-22T21:08:38+00:00,confirmed_available_at,2026-07-22T21:08:38+00:00,2012-12-19,2026-07-22T21:08:38+00:00,yes_publication_claim_only,no,no,no,no,no,,version-link-v1.0-2026-07-26,layer=normalised-text-v1_provisional;pairs=near-dup-v1.0-2026-07-26;url=url-canon-v1.0-2026-07-27;syndication=syndication-v1.0-2026-07-26
NEWS-guardian_api-8d9e7faca022,SCC-2013-05,guardian_api,no_version_candidates,,,2012-11-12,date_only_no_time,usable,,not_available_in_v1_layer,2026-07-22T21:08:47+00:00,,2026-07-22T21:08:47+00:00,confirmed_available_at,2026-07-22T21:08:47+00:00,2012-11-12,2026-07-22T21:08:47+00:00,yes_publication_claim_only,no,no,no,no,no,,version-link-v1.0-2026-07-26,layer=normalised-text-v1_provisional;pairs=near-dup-v1.0-2026-07-26;url=url-canon-v1.0-2026-07-27;syndication=syndication-v1.0-2026-07-26
NEWS-guardian_api-8da67145bd33,SCC-2021-05,guardian_api,no_version_candidates,,,2020-11-18,date_only_no_time,usable,,not_available_in_v1_layer,2026-07-22T21:10:07+00:00,,2026-07-22T21:10:07+00:00,confirmed_available_at,2026-07-22T21:10:07+00:00,2020-11-18,2026-07-22T21:10:07+00:00,yes_publication_claim_only,no,no,no,no,no,,version-link-v1.0-2026-07-26,layer=normalised-text-v1_provisional;pairs=near-dup-v1.0-2026-07-26;url=url-canon-v1.0-2026-07-27;syndication=syndication-v1.0-2026-07-26
NEWS-guardian_api-8dac85dbd070,SCC-2013-05,guardian_api,no_version_candidates,,,2012-11-06,date_only_no_time,usable,,not_available_in_v1_layer,2026-07-22T21:08:47+00:00,,2026-07-22T21:08:47+00:00,confirmed_available_at,2026-07-22T21:08:47+00:00,2012-11-06,2026-07-22T21:08:47+00:00,yes_publication_claim_only,no,no,no,no,no,,version-link-v1.0-2026-07-26,layer=normalised-text-v1_provisional;pairs=near-dup-v1.0-2026-07-26;url=url-canon-v1.0-2026-07-27;syndication=syndication-v1.0-2026-07-26
NEWS-guardian_api-8db482333bf9,ESWS-2026-05,guardian_api,no_version_candidates,,,2025-11-16,date_only_no_time,usable,,not_available_in_v1_layer,2026-07-22T21:08:02+00:00,,2026-07-22T21:08:02+00:00,confirmed_available_at,2026-07-22T21:08:02+00:00,2025-11-16,2026-07-22T21:08:02+00:00,yes_publication_claim_only,no,no,no,no,no,,version-link-v1.0-2026-07-26,layer=normalised-text-v1_provisional;pairs=near-dup-v1.0-2026-07-26;url=url-canon-v1.0-2026-07-27;syndication=syndication-v1.0-2026-07-26
NEWS-guardian_api-8db50a066dea,SCC-2017-05,guardian_api,no_version_candidates,,,2017-01-17,date_only_no_time,usable,,not_available_in_v1_layer,2026-07-22T21:09:26+00:00,,2026-07-22T21:09:26+00:00,confirmed_available_at,2026-07-22T21:09:26+00:00,2017-01-17,2026-07-22T21:09:26+00:00,yes_publication_claim_only,no,no,no,no,no,,version-link-v1.0-2026-07-26,layer=normalised-text-v1_provisional;pairs=near-dup-v1.0-2026-07-26;url=url-canon-v1.0-2026-07-27;syndication=syndication-v1.0-2026-07-26
NEWS-guardian_api-8dfa46907902,SCC-2021-05,guardian_api,no_version_candidates,,,2021-04-03,date_only_no_time,usable,,not_available_in_v1_layer,2026-07-22T21:10:38+00:00,,2026-07-22T21:10:38+00:00,confirmed_available_at,2026-07-22T21:10:38+00:00,2021-04-03,2026-07-22T21:10:38+00:00,yes_publication_claim_only,yes_publication_claim_only,no,no,no,no,,version-link-v1.0-2026-07-26,layer=normalised-text-v1_provisional;pairs=near-dup-v1.0-2026-07-26;url=url-canon-v1.0-2026-07-27;syndication=syndication-v1.0-2026-07-26
NEWS-guardian_api-8e1685d245eb,SCC-2013-05,guardian_api,no_version_candidates,,,2013-01-15,date_only_no_time,usable,,not_available_in_v1_layer,2026-07-22T21:08:34+00:00,,2026-07-22T21:08:34+00:00,confirmed_available_at,2026-07-22T21:08:34+00:00,2013-01-15,2026-07-22T21:08:34+00:00,yes_publication_claim_only,no,no,no,no,no,,version-link-v1.0-2026-07-26,layer=normalised-text-v1_provisional;pairs=near-dup-v1.0-2026-07-26;url=url-canon-v1.0-2026-07-27;syndication=syndication-v1.0-2026-07-26
NEWS-guardian_api-8e17fedbf564,SCC-2017-05,guardian_api,no_version_candidates,,,2016-11-25,date_only_no_time,usable,,not_available_in_v1_layer,2026-07-22T21:09:39+00:00,,2026-07-22T21:09:39+00:00,confirmed_available_at,2026-07-22T21:09:39+00:00,2016-11-25,2026-07-22T21:09:39+00:00,yes_publication_claim_only,no,no,no,no,no,,version-link-v1.0-2026-07-26,layer=normalised-text-v1_provisional;pairs=near-dup-v1.0-2026-07-26;url=url-canon-v1.0-2026-07-27;syndication=syndication-v1.0-2026-07-26
NEWS-guardian_api-8e1e12c67285,SCC-2013-05,guardian_api,no_version_candidates,,,2012-11-09,date_only_no_time,usable,,not_available_in_v1_layer,2026-07-22T21:08:47+00:00,,2026-07-22T21:08:47+00:00,confirmed_available_at,2026-07-22T21:08:47+00:00,2012-11-09,2026-07-22T21:08:47+00:00,yes_publication_claim_only,no,no,no,no,no,,version-link-v1.0-2026-07-26,layer=normalised-text-v1_provisional;pairs=near-dup-v1.0-2026-07-26;url=url-canon-v1.0-2026-07-27;syndication=syndication-v1.0-2026-07-26
NEWS-guardian_api-8e258579bb6e,SCC-2017-05,guardian_api,no_version_candidates,,,2016-11-16,date_only_no_time,usable,,not_available_in_v1_layer,2026-07-22T21:09:15+00:00,,2026-07-22T21:09:15+00:00,confirmed_available_at,2026-07-22T21:09:15+00:00,2016-11-16,2026-07-22T21:09:15+00:00,yes_publication_claim_only,no,no,no,no,no,,version-link-v1.0-2026-07-26,layer=normalised-text-v1_provisional;pairs=near-dup-v1.0-2026-07-26;url=url-canon-v1.0-2026-07-27;syndication=syndication-v1.0-2026-07-26
NEWS-guardian_api-8e4d013ec8a4,SCC-2021-05,guardian_api,no_version_candidates,,,2021-02-12,date_only_no_time,usable,,not_available_in_v1_layer,2026-07-22T21:10:13+00:00,,2026-07-22T21:10:13+00:00,confirmed_available_at,2026-07-22T21:10:13+00:00,2021-02-12,2026-07-22T21:10:13+00:00,yes_publication_claim_only,yes_publication_claim_only,no,no,no,no,,version-link-v1.0-2026-07-26,layer=normalised-text-v1_provisional;pairs=near-dup-v1.0-2026-07-26;url=url-canon-v1.0-2026-07-27;syndication=syndication-v1.0-2026-07-26
NEWS-guardian_api-8e6ffc19551a,SCC-2013-05,guardian_api,no_version_candidates,,,2013-03-01,date_only_no_time,usable,,not_available_in_v1_layer,2026-07-22T21:08:42+00:00,,2026-07-22T21:08:42+00:00,confirmed_available_at,2026-07-22T21:08:42+00:00,2013-03-01,2026-07-22T21:08:42+00:00,yes_publication_claim_only,yes_publication_claim_only,no,no,no,no,,version-link-v1.0-2026-07-26,layer=normalised-text-v1_provisional;pairs=near-dup-v1.0-2026-07-26;url=url-canon-v1.0-2026-07-27;syndication=syndication-v1.0-2026-07-26
NEWS-guardian_api-8e9cf350d76d,SCC-2013-05,guardian_api,no_version_candidates,,,2013-01-21,date_only_no_time,usable,,not_available_in_v1_layer,2026-07-22T21:08:34+00:00,,2026-07-22T21:08:34+00:00,confirmed_available_at,2026-07-22T21:08:34+00:00,2013-01-21,2026-07-22T21:08:34+00:00,yes_publication_claim_only,no,no,no,no,no,,version-link-v1.0-2026-07-26,layer=normalised-text-v1_provisional;pairs=near-dup-v1.0-2026-07-26;url=url-canon-v1.0-2026-07-27;syndication=syndication-v1.0-2026-07-26
NEWS-guardian_api-8ef0471b6af8,SCC-2021-05,guardian_api,no_version_candidates,,,2020-12-31,date_only_no_time,usable,,not_available_in_v1_layer,2026-07-22T21:10:03+00:00,,2026-07-22T21:10:03+00:00,confirmed_available_at,2026-07-22T21:10:03+00:00,2020-12-31,2026-07-22T21:10:03+00:00,yes_publication_claim_only,no,no,no,no,no,,version-link-v1.0-2026-07-26,layer=normalised-text-v1_provisional;pairs=near-dup-v1.0-2026-07-26;url=url-canon-v1.0-2026-07-27;syndication=syndication-v1.0-2026-07-26
NEWS-guardian_api-8f0b18943090,SCC-2021-05,guardian_api,no_version_candidates,,,2020-11-08,date_only_no_time,usable,,not_available_in_v1_layer,2026-07-22T21:10:17+00:00,,2026-07-22T21:10:17+00:00,confirmed_available_at,2026-07-22T21:10:17+00:00,2020-11-08,2026-07-22T21:10:17+00:00,yes_publication_claim_only,no,no,no,no,no,,version-link-v1.0-2026-07-26,layer=normalised-text-v1_provisional;pairs=near-dup-v1.0-2026-07-26;url=url-canon-v1.0-2026-07-27;syndication=syndication-v1.0-2026-07-26
NEWS-guardian_api-8f0f8c974200,SCC-2017-05,guardian_api,no_version_candidates,,,2016-12-03,date_only_no_time,usable,,not_available_in_v1_layer,2026-07-22T21:09:19+00:00,,2026-07-22T21:09:19+00:00,confirmed_available_at,2026-07-22T21:09:19+00:00,2016-12-03,2026-07-22T21:09:19+00:00,yes_publication_claim_only,no,no,no,no,no,,version-link-v1.0-2026-07-26,layer=normalised-text-v1_provisional;pairs=near-dup-v1.0-2026-07-26;url=url-canon-v1.0-2026-07-27;syndication=syndication-v1.0-2026-07-26
NEWS-guardian_api-8f21ed1fa60a,SCC-2021-05,guardian_api,no_version_candidates,,,2020-11-13,date_only_no_time,usable,,not_available_in_v1_layer,2026-07-22T21:10:25+00:00,,2026-07-22T21:10:25+00:00,confirmed_available_at,2026-07-22T21:10:25+00:00,2020-11-13,2026-07-22T21:10:25+00:00,yes_publication_claim_only,no,no,no,no,no,,version-link-v1.0-2026-07-26,layer=normalised-text-v1_provisional;pairs=near-dup-v1.0-2026-07-26;url=url-canon-v1.0-2026-07-27;syndication=syndication-v1.0-2026-07-26
NEWS-guardian_api-8f3d3ae0d2d4,ESWS-2026-05,guardian_api,no_version_candidates,,,2025-11-09,date_only_no_time,usable,,not_available_in_v1_layer,2026-07-22T21:08:14+00:00,,2026-07-22T21:08:14+00:00,confirmed_available_at,2026-07-22T21:08:14+00:00,2025-11-09,2026-07-22T21:08:14+00:00,yes_publication_claim_only,no,no,no,no,no,,version-link-v1.0-2026-07-26,layer=normalised-text-v1_provisional;pairs=near-dup-v1.0-2026-07-26;url=url-canon-v1.0-2026-07-27;syndication=syndication-v1.0-2026-07-26
NEWS-guardian_api-8f8bb614b9a0,SCC-2017-05,guardian_api,no_version_candidates,,,2017-02-06,date_only_no_time,usable,,not_available_in_v1_layer,2026-07-22T21:09:47+00:00,,2026-07-22T21:09:47+00:00,confirmed_available_at,2026-07-22T21:09:47+00:00,2017-02-06,2026-07-22T21:09:47+00:00,yes_publication_claim_only,yes_publication_claim_only,no,no,no,no,,version-link-v1.0-2026-07-26,layer=normalised-text-v1_provisional;pairs=near-dup-v1.0-2026-07-26;url=url-canon-v1.0-2026-07-27;syndication=syndication-v1.0-2026-07-26
NEWS-guardian_api-8f98ab604ef4,SCC-2013-05,guardian_api,no_version_candidates,,,2012-11-26,date_only_no_time,usable,,not_available_in_v1_layer,2026-07-22T21:08:55+00:00,,2026-07-22T21:08:55+00:00,confirmed_available_at,2026-07-22T21:08:55+00:00,2012-11-26,2026-07-22T21:08:55+00:00,yes_publication_claim_only,no,no,no,no,no,,version-link-v1.0-2026-07-26,layer=normalised-text-v1_provisional;pairs=near-dup-v1.0-2026-07-26;url=url-canon-v1.0-2026-07-27;syndication=syndication-v1.0-2026-07-26
NEWS-guardian_api-8fbd749e189f,SCC-2013-05,guardian_api,no_version_candidates,,,2012-11-06,date_only_no_time,usable,,not_available_in_v1_layer,2026-07-22T21:08:47+00:00,,2026-07-22T21:08:47+00:00,confirmed_available_at,2026-07-22T21:08:47+00:00,2012-11-06,2026-07-22T21:08:47+00:00,yes_publication_claim_only,no,no,no,no,no,,version-link-v1.0-2026-07-26,layer=normalised-text-v1_provisional;pairs=near-dup-v1.0-2026-07-26;url=url-canon-v1.0-2026-07-27;syndication=syndication-v1.0-2026-07-26
NEWS-guardian_api-8fe9e26be587,SCC-2021-05,guardian_api,no_version_candidates,,,2020-11-25,date_only_no_time,usable,,not_available_in_v1_layer,2026-07-22T21:10:32+00:00,,2026-07-22T21:10:32+00:00,confirmed_available_at,2026-07-22T21:10:32+00:00,2020-11-25,2026-07-22T21:10:32+00:00,yes_publication_claim_only,no,no,no,no,no,,version-link-v1.0-2026-07-26,layer=normalised-text-v1_provisional;pairs=near-dup-v1.0-2026-07-26;url=url-canon-v1.0-2026-07-27;syndication=syndication-v1.0-2026-07-26
NEWS-guardian_api-8ff323b1e22d,ESWS-2026-05,guardian_api,no_version_candidates,,,2025-11-24,date_only_no_time,usable,,not_available_in_v1_layer,2026-07-22T21:08:18+00:00,,2026-07-22T21:08:18+00:00,confirmed_available_at,2026-07-22T21:08:18+00:00,2025-11-24,2026-07-22T21:08:18+00:00,yes_publication_claim_only,no,no,no,no,no,,version-link-v1.0-2026-07-26,layer=normalised-text-v1_provisional;pairs=near-dup-v1.0-2026-07-26;url=url-canon-v1.0-2026-07-27;syndication=syndication-v1.0-2026-07-26
NEWS-guardian_api-8ffd47655aec,ESWS-2026-05,guardian_api,no_version_candidates,,,2026-03-10,date_only_no_time,usable,,not_available_in_v1_layer,2026-07-22T21:08:18+00:00,,2026-07-22T21:08:18+00:00,confirmed_available_at,2026-07-22T21:08:18+00:00,2026-03-10,2026-07-22T21:08:18+00:00,yes_publication_claim_only,yes_publication_claim_only,no,no,no,no,,version-link-v1.0-2026-07-26,layer=normalised-text-v1_provisional;pairs=near-dup-v1.0-2026-07-26;url=url-canon-v1.0-2026-07-27;syndication=syndication-v1.0-2026-07-26
NEWS-guardian_api-90177cc9bab6,SCC-2017-05,guardian_api,no_version_candidates,,,2017-01-01,date_only_no_time,usable,,not_available_in_v1_layer,2026-07-22T21:09:22+00:00,,2026-07-22T21:09:22+00:00,confirmed_available_at,2026-07-22T21:09:22+00:00,2017-01-01,2026-07-22T21:09:22+00:00,yes_publication_claim_only,no,no,no,no,no,,version-link-v1.0-2026-07-26,layer=normalised-text-v1_provisional;pairs=near-dup-v1.0-2026-07-26;url=url-canon-v1.0-2026-07-27;syndication=syndication-v1.0-2026-07-26
NEWS-guardian_api-9037b4d37882,SCC-2013-05,guardian_api,no_version_candidates,,,2012-11-09,date_only_no_time,usable,,not_available_in_v1_layer,2026-07-22T21:08:30+00:00,,2026-07-22T21:08:30+00:00,confirmed_available_at,2026-07-22T21:08:30+00:00,2012-11-09,2026-07-22T21:08:30+00:00,yes_publication_claim_only,no,no,no,no,no,,version-link-v1.0-2026-07-26,layer=normalised-text-v1_provisional;pairs=near-dup-v1.0-2026-07-26;url=url-canon-v1.0-2026-07-27;syndication=syndication-v1.0-2026-07-26
NEWS-guardian_api-90a2a79b04a2,SCC-2017-05,guardian_api,no_version_candidates,,,2016-12-20,date_only_no_time,usable,,not_available_in_v1_layer,2026-07-22T21:09:40+00:00,,2026-07-22T21:09:40+00:00,confirmed_available_at,2026-07-22T21:09:40+00:00,2016-12-20,2026-07-22T21:09:40+00:00,yes_publication_claim_only,no,no,no,no,no,,version-link-v1.0-2026-07-26,layer=normalised-text-v1_provisional;pairs=near-dup-v1.0-2026-07-26;url=url-canon-v1.0-2026-07-27;syndication=syndication-v1.0-2026-07-26
NEWS-guardian_api-90d756d9b37a,ESWS-2026-05,guardian_api,no_version_candidates,,,2026-03-21,date_only_no_time,usable,,not_available_in_v1_layer,2026-07-22T21:08:18+00:00,,2026-07-22T21:08:18+00:00,confirmed_available_at,2026-07-22T21:08:18+00:00,2026-03-21,2026-07-22T21:08:18+00:00,yes_publication_claim_only,yes_publication_claim_only,no,no,no,no,,version-link-v1.0-2026-07-26,layer=normalised-text-v1_provisional;pairs=near-dup-v1.0-2026-07-26;url=url-canon-v1.0-2026-07-27;syndication=syndication-v1.0-2026-07-26
NEWS-guardian_api-90e2798071e0,SCC-2013-05,guardian_api,no_version_candidates,,,2012-11-13,date_only_no_time,usable,,not_available_in_v1_layer,2026-07-22T21:08:47+00:00,,2026-07-22T21:08:47+00:00,confirmed_available_at,2026-07-22T21:08:47+00:00,2012-11-13,2026-07-22T21:08:47+00:00,yes_publication_claim_only,no,no,no,no,no,,version-link-v1.0-2026-07-26,layer=normalised-text-v1_provisional;pairs=near-dup-v1.0-2026-07-26;url=url-canon-v1.0-2026-07-27;syndication=syndication-v1.0-2026-07-26
NEWS-guardian_api-90e3441d06cf,SCC-2017-05,guardian_api,no_version_candidates,,,2017-01-01,date_only_no_time,usable,,not_available_in_v1_layer,2026-07-22T21:09:19+00:00,,2026-07-22T21:09:19+00:00,confirmed_available_at,2026-07-22T21:09:19+00:00,2017-01-01,2026-07-22T21:09:19+00:00,yes_publication_claim_only,no,no,no,no,no,,version-link-v1.0-2026-07-26,layer=normalised-text-v1_provisional;pairs=near-dup-v1.0-2026-07-26;url=url-canon-v1.0-2026-07-27;syndication=syndication-v1.0-2026-07-26
NEWS-guardian_api-90fcfd779edf,SCC-2021-05,guardian_api,no_version_candidates,,,2020-11-11,date_only_no_time,usable,,not_available_in_v1_layer,2026-07-22T21:10:17+00:00,,2026-07-22T21:10:17+00:00,confirmed_available_at,2026-07-22T21:10:17+00:00,2020-11-11,2026-07-22T21:10:17+00:00,yes_publication_claim_only,no,no,no,no,no,,version-link-v1.0-2026-07-26,layer=normalised-text-v1_provisional;pairs=near-dup-v1.0-2026-07-26;url=url-canon-v1.0-2026-07-27;syndication=syndication-v1.0-2026-07-26
NEWS-guardian_api-9129479d7816,SCC-2021-05,guardian_api,no_version_candidates,,,2021-05-05,date_only_no_time,usable,,not_available_in_v1_layer,2026-07-22T21:10:03+00:00,,2026-07-22T21:10:03+00:00,confirmed_available_at,2026-07-22T21:10:03+00:00,2021-05-05,2026-07-22T21:10:03+00:00,yes_publication_claim_only,yes_publication_claim_only,yes_publication_claim_only,yes_publication_claim_only,yes_publication_claim_only,yes_publication_claim_only,,version-link-v1.0-2026-07-26,layer=normalised-text-v1_provisional;pairs=near-dup-v1.0-2026-07-26;url=url-canon-v1.0-2026-07-27;syndication=syndication-v1.0-2026-07-26
NEWS-guardian_api-9134b8067593,SCC-2013-05,guardian_api,no_version_candidates,,,2012-12-05,date_only_no_time,usable,,not_available_in_v1_layer,2026-07-22T21:08:55+00:00,,2026-07-22T21:08:55+00:00,confirmed_available_at,2026-07-22T21:08:55+00:00,2012-12-05,2026-07-22T21:08:55+00:00,yes_publication_claim_only,no,no,no,no,no,,version-link-v1.0-2026-07-26,layer=normalised-text-v1_provisional;pairs=near-dup-v1.0-2026-07-26;url=url-canon-v1.0-2026-07-27;syndication=syndication-v1.0-2026-07-26
NEWS-guardian_api-9137f1f539c1,ESWS-2026-05,guardian_api,no_version_candidates,,,2026-01-13,date_only_no_time,usable,,not_available_in_v1_layer,2026-07-22T21:08:18+00:00,,2026-07-22T21:08:18+00:00,confirmed_available_at,2026-07-22T21:08:18+00:00,2026-01-13,2026-07-22T21:08:18+00:00,yes_publication_claim_only,no,no,no,no,no,,version-link-v1.0-2026-07-26,layer=normalised-text-v1_provisional;pairs=near-dup-v1.0-2026-07-26;url=url-canon-v1.0-2026-07-27;syndication=syndication-v1.0-2026-07-26
NEWS-guardian_api-913a7fda6f88,SCC-2013-05,guardian_api,no_version_candidates,,,2012-12-29,date_only_no_time,usable,,not_available_in_v1_layer,2026-07-22T21:08:34+00:00,,2026-07-22T21:08:34+00:00,confirmed_available_at,2026-07-22T21:08:34+00:00,2012-12-29,2026-07-22T21:08:34+00:00,yes_publication_claim_only,no,no,no,no,no,,version-link-v1.0-2026-07-26,layer=normalised-text-v1_provisional;pairs=near-dup-v1.0-2026-07-26;url=url-canon-v1.0-2026-07-27;syndication=syndication-v1.0-2026-07-26
NEWS-guardian_api-91431c6c7940,SCC-2021-05,guardian_api,no_version_candidates,,,2021-04-21,date_only_no_time,usable,,not_available_in_v1_layer,2026-07-22T21:10:13+00:00,,2026-07-22T21:10:13+00:00,confirmed_available_at,2026-07-22T21:10:13+00:00,2021-04-21,2026-07-22T21:10:13+00:00,yes_publication_claim_only,yes_publication_claim_only,yes_publication_claim_only,no,no,no,,version-link-v1.0-2026-07-26,layer=normalised-text-v1_provisional;pairs=near-dup-v1.0-2026-07-26;url=url-canon-v1.0-2026-07-27;syndication=syndication-v1.0-2026-07-26
NEWS-guardian_api-91453703a00d,SCC-2013-05,guardian_api,no_version_candidates,,,2012-11-11,date_only_no_time,usable,,not_available_in_v1_layer,2026-07-22T21:08:47+00:00,,2026-07-22T21:08:47+00:00,confirmed_available_at,2026-07-22T21:08:47+00:00,2012-11-11,2026-07-22T21:08:47+00:00,yes_publication_claim_only,no,no,no,no,no,,version-link-v1.0-2026-07-26,layer=normalised-text-v1_provisional;pairs=near-dup-v1.0-2026-07-26;url=url-canon-v1.0-2026-07-27;syndication=syndication-v1.0-2026-07-26
NEWS-guardian_api-9181caa4dc4b,SCC-2013-05,guardian_api,no_version_candidates,,,2012-11-15,date_only_no_time,usable,,not_available_in_v1_layer,2026-07-22T21:08:38+00:00,,2026-07-22T21:08:38+00:00,confirmed_available_at,2026-07-22T21:08:38+00:00,2012-11-15,2026-07-22T21:08:38+00:00,yes_publication_claim_only,no,no,no,no,no,,version-link-v1.0-2026-07-26,layer=normalised-text-v1_provisional;pairs=near-dup-v1.0-2026-07-26;url=url-canon-v1.0-2026-07-27;syndication=syndication-v1.0-2026-07-26
NEWS-guardian_api-91fd53146cc0,SCC-2021-05,guardian_api,no_version_candidates,,,2021-03-03,date_only_no_time,usable,,not_available_in_v1_layer,2026-07-22T21:10:33+00:00,,2026-07-22T21:10:33+00:00,confirmed_available_at,2026-07-22T21:10:33+00:00,2021-03-03,2026-07-22T21:10:33+00:00,yes_publication_claim_only,yes_publication_claim_only,no,no,no,no,,version-link-v1.0-2026-07-26,layer=normalised-text-v1_provisional;pairs=near-dup-v1.0-2026-07-26;url=url-canon-v1.0-2026-07-27;syndication=syndication-v1.0-2026-07-26
NEWS-guardian_api-9230cf58b627,SCC-2013-05,guardian_api,no_version_candidates,,,2012-12-04,date_only_no_time,usable,,not_available_in_v1_layer,2026-07-22T21:08:55+00:00,,2026-07-22T21:08:55+00:00,confirmed_available_at,2026-07-22T21:08:55+00:00,2012-12-04,2026-07-22T21:08:55+00:00,yes_publication_claim_only,no,no,no,no,no,,version-link-v1.0-2026-07-26,layer=normalised-text-v1_provisional;pairs=near-dup-v1.0-2026-07-26;url=url-canon-v1.0-2026-07-27;syndication=syndication-v1.0-2026-07-26
NEWS-guardian_api-92326a242c77,SCC-2021-05,guardian_api,no_version_candidates,,,2020-11-07,date_only_no_time,usable,,not_available_in_v1_layer,2026-07-22T21:10:20+00:00,,2026-07-22T21:10:20+00:00,confirmed_available_at,2026-07-22T21:10:20+00:00,2020-11-07,2026-07-22T21:10:20+00:00,yes_publication_claim_only,no,no,no,no,no,,version-link-v1.0-2026-07-26,layer=normalised-text-v1_provisional;pairs=near-dup-v1.0-2026-07-26;url=url-canon-v1.0-2026-07-27;syndication=syndication-v1.0-2026-07-26
NEWS-guardian_api-92577cec4ad0,SCC-2021-05,guardian_api,no_version_candidates,,,2020-11-08,date_only_no_time,usable,,not_available_in_v1_layer,2026-07-22T21:10:17+00:00,,2026-07-22T21:10:17+00:00,confirmed_available_at,2026-07-22T21:10:17+00:00,2020-11-08,2026-07-22T21:10:17+00:00,yes_publication_claim_only,no,no,no,no,no,,version-link-v1.0-2026-07-26,layer=normalised-text-v1_provisional;pairs=near-dup-v1.0-2026-07-26;url=url-canon-v1.0-2026-07-27;syndication=syndication-v1.0-2026-07-26
NEWS-guardian_api-928d8692a596,SCC-2021-05,guardian_api,no_version_candidates,,,2020-12-18,date_only_no_time,usable,,not_available_in_v1_layer,2026-07-22T21:10:32+00:00,,2026-07-22T21:10:32+00:00,confirmed_available_at,2026-07-22T21:10:32+00:00,2020-12-18,2026-07-22T21:10:32+00:00,yes_publication_claim_only,no,no,no,no,no,,version-link-v1.0-2026-07-26,layer=normalised-text-v1_provisional;pairs=near-dup-v1.0-2026-07-26;url=url-canon-v1.0-2026-07-27;syndication=syndication-v1.0-2026-07-26
NEWS-guardian_api-929b1fa9d130,ESWS-2026-05,guardian_api,no_version_candidates,,,2026-02-17,date_only_no_time,usable,,not_available_in_v1_layer,2026-07-22T21:08:10+00:00,,2026-07-22T21:08:10+00:00,confirmed_available_at,2026-07-22T21:08:10+00:00,2026-02-17,2026-07-22T21:08:10+00:00,yes_publication_claim_only,yes_publication_claim_only,no,no,no,no,,version-link-v1.0-2026-07-26,layer=normalised-text-v1_provisional;pairs=near-dup-v1.0-2026-07-26;url=url-canon-v1.0-2026-07-27;syndication=syndication-v1.0-2026-07-26
NEWS-guardian_api-92b23a3531c5,SCC-2013-05,guardian_api,no_version_candidates,,,2012-11-06,date_only_no_time,usable,,not_available_in_v1_layer,2026-07-22T21:08:55+00:00,,2026-07-22T21:08:55+00:00,confirmed_available_at,2026-07-22T21:08:55+00:00,2012-11-06,2026-07-22T21:08:55+00:00,yes_publication_claim_only,no,no,no,no,no,,version-link-v1.0-2026-07-26,layer=normalised-text-v1_provisional;pairs=near-dup-v1.0-2026-07-26;url=url-canon-v1.0-2026-07-27;syndication=syndication-v1.0-2026-07-26
NEWS-guardian_api-92f831d50e12,SCC-2021-05,guardian_api,no_version_candidates,,,2020-12-24,date_only_no_time,usable,,not_available_in_v1_layer,2026-07-22T21:10:03+00:00,,2026-07-22T21:10:03+00:00,confirmed_available_at,2026-07-22T21:10:03+00:00,2020-12-24,2026-07-22T21:10:03+00:00,yes_publication_claim_only,no,no,no,no,no,,version-link-v1.0-2026-07-26,layer=normalised-text-v1_provisional;pairs=near-dup-v1.0-2026-07-26;url=url-canon-v1.0-2026-07-27;syndication=syndication-v1.0-2026-07-26
NEWS-guardian_api-930b508b6d9f,SCC-2013-05,guardian_api,no_version_candidates,,,2012-11-08,date_only_no_time,usable,,not_available_in_v1_layer,2026-07-22T21:08:30+00:00,,2026-07-22T21:08:30+00:00,confirmed_available_at,2026-07-22T21:08:30+00:00,2012-11-08,2026-07-22T21:08:30+00:00,yes_publication_claim_only,no,no,no,no,no,,version-link-v1.0-2026-07-26,layer=normalised-text-v1_provisional;pairs=near-dup-v1.0-2026-07-26;url=url-canon-v1.0-2026-07-27;syndication=syndication-v1.0-2026-07-26
NEWS-guardian_api-9346eadeaaca,SCC-2021-05,guardian_api,no_version_candidates,,,2021-05-04,date_only_no_time,usable,,not_available_in_v1_layer,2026-07-22T21:09:58+00:00,,2026-07-22T21:09:58+00:00,confirmed_available_at,2026-07-22T21:09:58+00:00,2021-05-04,2026-07-22T21:09:58+00:00,yes_publication_claim_only,yes_publication_claim_only,yes_publication_claim_only,yes_publication_claim_only,yes_publication_claim_only,yes_publication_claim_only,,version-link-v1.0-2026-07-26,layer=normalised-text-v1_provisional;pairs=near-dup-v1.0-2026-07-26;url=url-canon-v1.0-2026-07-27;syndication=syndication-v1.0-2026-07-26
NEWS-guardian_api-9429632d0a41,SCC-2017-05,guardian_api,no_version_candidates,,,2017-02-19,date_only_no_time,usable,,not_available_in_v1_layer,2026-07-22T21:09:23+00:00,,2026-07-22T21:09:23+00:00,confirmed_available_at,2026-07-22T21:09:23+00:00,2017-02-19,2026-07-22T21:09:23+00:00,yes_publication_claim_only,yes_publication_claim_only,no,no,no,no,,version-link-v1.0-2026-07-26,layer=normalised-text-v1_provisional;pairs=near-dup-v1.0-2026-07-26;url=url-canon-v1.0-2026-07-27;syndication=syndication-v1.0-2026-07-26
NEWS-guardian_api-94559906b006,SCC-2017-05,guardian_api,no_version_candidates,,,2016-11-07,date_only_no_time,usable,,not_available_in_v1_layer,2026-07-22T21:09:15+00:00,,2026-07-22T21:09:15+00:00,confirmed_available_at,2026-07-22T21:09:15+00:00,2016-11-07,2026-07-22T21:09:15+00:00,yes_publication_claim_only,no,no,no,no,no,,version-link-v1.0-2026-07-26,layer=normalised-text-v1_provisional;pairs=near-dup-v1.0-2026-07-26;url=url-canon-v1.0-2026-07-27;syndication=syndication-v1.0-2026-07-26
NEWS-guardian_api-945ab560fa81,SCC-2013-05,guardian_api,no_version_candidates,,,2013-02-14,date_only_no_time,usable,,not_available_in_v1_layer,2026-07-22T21:09:02+00:00,,2026-07-22T21:09:02+00:00,confirmed_available_at,2026-07-22T21:09:02+00:00,2013-02-14,2026-07-22T21:09:02+00:00,yes_publication_claim_only,yes_publication_claim_only,no,no,no,no,,version-link-v1.0-2026-07-26,layer=normalised-text-v1_provisional;pairs=near-dup-v1.0-2026-07-26;url=url-canon-v1.0-2026-07-27;syndication=syndication-v1.0-2026-07-26
NEWS-guardian_api-9475bcc5eee1,SCC-2017-05,guardian_api,no_version_candidates,,,2016-11-06,date_only_no_time,usable,,not_available_in_v1_layer,2026-07-22T21:09:36+00:00,,2026-07-22T21:09:36+00:00,confirmed_available_at,2026-07-22T21:09:36+00:00,2016-11-06,2026-07-22T21:09:36+00:00,yes_publication_claim_only,no,no,no,no,no,,version-link-v1.0-2026-07-26,layer=normalised-text-v1_provisional;pairs=near-dup-v1.0-2026-07-26;url=url-canon-v1.0-2026-07-27;syndication=syndication-v1.0-2026-07-26
NEWS-guardian_api-94b17d2875cf,SCC-2017-05,guardian_api,no_version_candidates,,,2016-11-06,date_only_no_time,usable,,not_available_in_v1_layer,2026-07-22T21:09:43+00:00,,2026-07-22T21:09:43+00:00,confirmed_available_at,2026-07-22T21:09:43+00:00,2016-11-06,2026-07-22T21:09:43+00:00,yes_publication_claim_only,no,no,no,no,no,,version-link-v1.0-2026-07-26,layer=normalised-text-v1_provisional;pairs=near-dup-v1.0-2026-07-26;url=url-canon-v1.0-2026-07-27;syndication=syndication-v1.0-2026-07-26
NEWS-guardian_api-955916c75837,SCC-2013-05,guardian_api,no_version_candidates,,,2013-01-23,date_only_no_time,usable,,not_available_in_v1_layer,2026-07-22T21:09:02+00:00,,2026-07-22T21:09:02+00:00,confirmed_available_at,2026-07-22T21:09:02+00:00,2013-01-23,2026-07-22T21:09:02+00:00,yes_publication_claim_only,no,no,no,no,no,,version-link-v1.0-2026-07-26,layer=normalised-text-v1_provisional;pairs=near-dup-v1.0-2026-07-26;url=url-canon-v1.0-2026-07-27;syndication=syndication-v1.0-2026-07-26
NEWS-guardian_api-95a348c0ca98,SCC-2021-05,guardian_api,no_version_candidates,,,2020-12-18,date_only_no_time,usable,,not_available_in_v1_layer,2026-07-22T21:10:03+00:00,,2026-07-22T21:10:03+00:00,confirmed_available_at,2026-07-22T21:10:03+00:00,2020-12-18,2026-07-22T21:10:03+00:00,yes_publication_claim_only,no,no,no,no,no,,version-link-v1.0-2026-07-26,layer=normalised-text-v1_provisional;pairs=near-dup-v1.0-2026-07-26;url=url-canon-v1.0-2026-07-27;syndication=syndication-v1.0-2026-07-26
NEWS-guardian_api-95d73413bd9b,SCC-2017-05,guardian_api,no_version_candidates,,,2016-11-11,date_only_no_time,usable,,not_available_in_v1_layer,2026-07-22T21:09:15+00:00,,2026-07-22T21:09:15+00:00,confirmed_available_at,2026-07-22T21:09:15+00:00,2016-11-11,2026-07-22T21:09:15+00:00,yes_publication_claim_only,no,no,no,no,no,,version-link-v1.0-2026-07-26,layer=normalised-text-v1_provisional;pairs=near-dup-v1.0-2026-07-26;url=url-canon-v1.0-2026-07-27;syndication=syndication-v1.0-2026-07-26
NEWS-guardian_api-960704f300dc,ESWS-2026-05,guardian_api,no_version_candidates,,,2026-02-23,date_only_no_time,usable,,not_available_in_v1_layer,2026-07-22T21:08:10+00:00,,2026-07-22T21:08:10+00:00,confirmed_available_at,2026-07-22T21:08:10+00:00,2026-02-23,2026-07-22T21:08:10+00:00,yes_publication_claim_only,yes_publication_claim_only,no,no,no,no,,version-link-v1.0-2026-07-26,layer=normalised-text-v1_provisional;pairs=near-dup-v1.0-2026-07-26;url=url-canon-v1.0-2026-07-27;syndication=syndication-v1.0-2026-07-26
NEWS-guardian_api-96128d1df7cb,ESWS-2026-05,guardian_api,no_version_candidates,,,2025-11-27,date_only_no_time,usable,,not_available_in_v1_layer,2026-07-22T21:08:10+00:00,,2026-07-22T21:08:10+00:00,confirmed_available_at,2026-07-22T21:08:10+00:00,2025-11-27,2026-07-22T21:08:10+00:00,yes_publication_claim_only,no,no,no,no,no,,version-link-v1.0-2026-07-26,layer=normalised-text-v1_provisional;pairs=near-dup-v1.0-2026-07-26;url=url-canon-v1.0-2026-07-27;syndication=syndication-v1.0-2026-07-26
NEWS-guardian_api-962fa010968e,SCC-2017-05,guardian_api,no_version_candidates,,,2016-11-14,date_only_no_time,usable,,not_available_in_v1_layer,2026-07-22T21:09:15+00:00,,2026-07-22T21:09:15+00:00,confirmed_available_at,2026-07-22T21:09:15+00:00,2016-11-14,2026-07-22T21:09:15+00:00,yes_publication_claim_only,no,no,no,no,no,,version-link-v1.0-2026-07-26,layer=normalised-text-v1_provisional;pairs=near-dup-v1.0-2026-07-26;url=url-canon-v1.0-2026-07-27;syndication=syndication-v1.0-2026-07-26
NEWS-guardian_api-968f78bea44e,SCC-2021-05,guardian_api,no_version_candidates,,,2021-01-01,date_only_no_time,usable,,not_available_in_v1_layer,2026-07-22T21:10:03+00:00,,2026-07-22T21:10:03+00:00,confirmed_available_at,2026-07-22T21:10:03+00:00,2021-01-01,2026-07-22T21:10:03+00:00,yes_publication_claim_only,no,no,no,no,no,,version-link-v1.0-2026-07-26,layer=normalised-text-v1_provisional;pairs=near-dup-v1.0-2026-07-26;url=url-canon-v1.0-2026-07-27;syndication=syndication-v1.0-2026-07-26
NEWS-guardian_api-96b3e4035938,ESWS-2026-05,guardian_api,no_version_candidates,,,2026-04-18,date_only_no_time,usable,,not_available_in_v1_layer,2026-07-22T21:07:58+00:00,,2026-07-22T21:07:58+00:00,confirmed_available_at,2026-07-22T21:07:58+00:00,2026-04-18,2026-07-22T21:07:58+00:00,yes_publication_claim_only,yes_publication_claim_only,yes_publication_claim_only,no,no,no,,version-link-v1.0-2026-07-26,layer=normalised-text-v1_provisional;pairs=near-dup-v1.0-2026-07-26;url=url-canon-v1.0-2026-07-27;syndication=syndication-v1.0-2026-07-26
NEWS-guardian_api-97a412d724ee,SCC-2021-05,guardian_api,no_version_candidates,,,2021-01-03,date_only_no_time,usable,,not_available_in_v1_layer,2026-07-22T21:10:25+00:00,,2026-07-22T21:10:25+00:00,confirmed_available_at,2026-07-22T21:10:25+00:00,2021-01-03,2026-07-22T21:10:25+00:00,yes_publication_claim_only,no,no,no,no,no,,version-link-v1.0-2026-07-26,layer=normalised-text-v1_provisional;pairs=near-dup-v1.0-2026-07-26;url=url-canon-v1.0-2026-07-27;syndication=syndication-v1.0-2026-07-26
NEWS-guardian_api-97ab421a883b,SCC-2017-05,guardian_api,no_version_candidates,,,2016-11-08,date_only_no_time,usable,,not_available_in_v1_layer,2026-07-22T21:09:32+00:00,,2026-07-22T21:09:32+00:00,confirmed_available_at,2026-07-22T21:09:32+00:00,2016-11-08,2026-07-22T21:09:32+00:00,yes_publication_claim_only,no,no,no,no,no,,version-link-v1.0-2026-07-26,layer=normalised-text-v1_provisional;pairs=near-dup-v1.0-2026-07-26;url=url-canon-v1.0-2026-07-27;syndication=syndication-v1.0-2026-07-26
NEWS-guardian_api-97afb69083f2,SCC-2013-05,guardian_api,no_version_candidates,,,2012-11-06,date_only_no_time,usable,,not_available_in_v1_layer,2026-07-22T21:08:47+00:00,,2026-07-22T21:08:47+00:00,confirmed_available_at,2026-07-22T21:08:47+00:00,2012-11-06,2026-07-22T21:08:47+00:00,yes_publication_claim_only,no,no,no,no,no,,version-link-v1.0-2026-07-26,layer=normalised-text-v1_provisional;pairs=near-dup-v1.0-2026-07-26;url=url-canon-v1.0-2026-07-27;syndication=syndication-v1.0-2026-07-26
NEWS-guardian_api-97b3a5489c02,SCC-2021-05,guardian_api,no_version_candidates,,,2021-03-10,date_only_no_time,usable,,not_available_in_v1_layer,2026-07-22T21:10:07+00:00,,2026-07-22T21:10:07+00:00,confirmed_available_at,2026-07-22T21:10:07+00:00,2021-03-10,2026-07-22T21:10:07+00:00,yes_publication_claim_only,yes_publication_claim_only,no,no,no,no,,version-link-v1.0-2026-07-26,layer=normalised-text-v1_provisional;pairs=near-dup-v1.0-2026-07-26;url=url-canon-v1.0-2026-07-27;syndication=syndication-v1.0-2026-07-26
NEWS-guardian_api-97dcf0d72091,ESWS-2026-05,guardian_api,no_version_candidates,,,2025-12-02,date_only_no_time,usable,,not_available_in_v1_layer,2026-07-22T21:07:48+00:00,,2026-07-22T21:07:48+00:00,confirmed_available_at,2026-07-22T21:07:48+00:00,2025-12-02,2026-07-22T21:07:48+00:00,yes_publication_claim_only,no,no,no,no,no,,version-link-v1.0-2026-07-26,layer=normalised-text-v1_provisional;pairs=near-dup-v1.0-2026-07-26;url=url-canon-v1.0-2026-07-27;syndication=syndication-v1.0-2026-07-26
NEWS-guardian_api-97e10857c0e0,SCC-2021-05,guardian_api,no_version_candidates,,,2021-03-18,date_only_no_time,usable,,not_available_in_v1_layer,2026-07-22T21:10:03+00:00,,2026-07-22T21:10:03+00:00,confirmed_available_at,2026-07-22T21:10:03+00:00,2021-03-18,2026-07-22T21:10:03+00:00,yes_publication_claim_only,yes_publication_claim_only,no,no,no,no,,version-link-v1.0-2026-07-26,layer=normalised-text-v1_provisional;pairs=near-dup-v1.0-2026-07-26;url=url-canon-v1.0-2026-07-27;syndication=syndication-v1.0-2026-07-26
NEWS-guardian_api-97eff15e7f72,SCC-2013-05,guardian_api,no_version_candidates,,,2013-02-28,date_only_no_time,usable,,not_available_in_v1_layer,2026-07-22T21:09:07+00:00,,2026-07-22T21:09:07+00:00,confirmed_available_at,2026-07-22T21:09:07+00:00,2013-02-28,2026-07-22T21:09:07+00:00,yes_publication_claim_only,yes_publication_claim_only,no,no,no,no,,version-link-v1.0-2026-07-26,layer=normalised-text-v1_provisional;pairs=near-dup-v1.0-2026-07-26;url=url-canon-v1.0-2026-07-27;syndication=syndication-v1.0-2026-07-26
NEWS-guardian_api-9828b51cdedf,ESWS-2026-05,guardian_api,no_version_candidates,,,2025-11-21,date_only_no_time,usable,,not_available_in_v1_layer,2026-07-22T21:08:18+00:00,,2026-07-22T21:08:18+00:00,confirmed_available_at,2026-07-22T21:08:18+00:00,2025-11-21,2026-07-22T21:08:18+00:00,yes_publication_claim_only,no,no,no,no,no,,version-link-v1.0-2026-07-26,layer=normalised-text-v1_provisional;pairs=near-dup-v1.0-2026-07-26;url=url-canon-v1.0-2026-07-27;syndication=syndication-v1.0-2026-07-26
NEWS-guardian_api-989c88ce03bd,SCC-2017-05,guardian_api,no_version_candidates,,,2016-11-15,date_only_no_time,usable,,not_available_in_v1_layer,2026-07-22T21:09:22+00:00,,2026-07-22T21:09:22+00:00,confirmed_available_at,2026-07-22T21:09:22+00:00,2016-11-15,2026-07-22T21:09:22+00:00,yes_publication_claim_only,no,no,no,no,no,,version-link-v1.0-2026-07-26,layer=normalised-text-v1_provisional;pairs=near-dup-v1.0-2026-07-26;url=url-canon-v1.0-2026-07-27;syndication=syndication-v1.0-2026-07-26
NEWS-guardian_api-98a91361b682,SCC-2017-05,guardian_api,no_version_candidates,,,2016-11-07,date_only_no_time,usable,,not_available_in_v1_layer,2026-07-22T21:09:32+00:00,,2026-07-22T21:09:32+00:00,confirmed_available_at,2026-07-22T21:09:32+00:00,2016-11-07,2026-07-22T21:09:32+00:00,yes_publication_claim_only,no,no,no,no,no,,version-link-v1.0-2026-07-26,layer=normalised-text-v1_provisional;pairs=near-dup-v1.0-2026-07-26;url=url-canon-v1.0-2026-07-27;syndication=syndication-v1.0-2026-07-26
NEWS-guardian_api-98b0c703a9cf,SCC-2017-05,guardian_api,no_version_candidates,,,2016-11-22,date_only_no_time,usable,,not_available_in_v1_layer,2026-07-22T21:09:39+00:00,,2026-07-22T21:09:39+00:00,confirmed_available_at,2026-07-22T21:09:39+00:00,2016-11-22,2026-07-22T21:09:39+00:00,yes_publication_claim_only,no,no,no,no,no,,version-link-v1.0-2026-07-26,layer=normalised-text-v1_provisional;pairs=near-dup-v1.0-2026-07-26;url=url-canon-v1.0-2026-07-27;syndication=syndication-v1.0-2026-07-26
NEWS-guardian_api-98e49f238542,SCC-2013-05,guardian_api,no_version_candidates,,,2012-12-04,date_only_no_time,usable,,not_available_in_v1_layer,2026-07-22T21:08:55+00:00,,2026-07-22T21:08:55+00:00,confirmed_available_at,2026-07-22T21:08:55+00:00,2012-12-04,2026-07-22T21:08:55+00:00,yes_publication_claim_only,no,no,no,no,no,,version-link-v1.0-2026-07-26,layer=normalised-text-v1_provisional;pairs=near-dup-v1.0-2026-07-26;url=url-canon-v1.0-2026-07-27;syndication=syndication-v1.0-2026-07-26
NEWS-guardian_api-98f8377fc89b,SCC-2017-05,guardian_api,no_version_candidates,,,2017-02-23,date_only_no_time,usable,,not_available_in_v1_layer,2026-07-22T21:09:23+00:00,,2026-07-22T21:09:23+00:00,confirmed_available_at,2026-07-22T21:09:23+00:00,2017-02-23,2026-07-22T21:09:23+00:00,yes_publication_claim_only,yes_publication_claim_only,no,no,no,no,,version-link-v1.0-2026-07-26,layer=normalised-text-v1_provisional;pairs=near-dup-v1.0-2026-07-26;url=url-canon-v1.0-2026-07-27;syndication=syndication-v1.0-2026-07-26
NEWS-guardian_api-990b63e28504,SCC-2017-05,guardian_api,no_version_candidates,,,2016-12-05,date_only_no_time,usable,,not_available_in_v1_layer,2026-07-22T21:09:19+00:00,,2026-07-22T21:09:19+00:00,confirmed_available_at,2026-07-22T21:09:19+00:00,2016-12-05,2026-07-22T21:09:19+00:00,yes_publication_claim_only,no,no,no,no,no,,version-link-v1.0-2026-07-26,layer=normalised-text-v1_provisional;pairs=near-dup-v1.0-2026-07-26;url=url-canon-v1.0-2026-07-27;syndication=syndication-v1.0-2026-07-26
NEWS-guardian_api-991f8d5613ca,ESWS-2026-05,guardian_api,no_version_candidates,,,2025-11-16,date_only_no_time,usable,,not_available_in_v1_layer,2026-07-22T21:07:44+00:00,,2026-07-22T21:07:44+00:00,confirmed_available_at,2026-07-22T21:07:44+00:00,2025-11-16,2026-07-22T21:07:44+00:00,yes_publication_claim_only,no,no,no,no,no,,version-link-v1.0-2026-07-26,layer=normalised-text-v1_provisional;pairs=near-dup-v1.0-2026-07-26;url=url-canon-v1.0-2026-07-27;syndication=syndication-v1.0-2026-07-26
NEWS-guardian_api-992d73bb1ded,SCC-2021-05,guardian_api,no_version_candidates,,,2021-01-21,date_only_no_time,usable,,not_available_in_v1_layer,2026-07-22T21:10:25+00:00,,2026-07-22T21:10:25+00:00,confirmed_available_at,2026-07-22T21:10:25+00:00,2021-01-21,2026-07-22T21:10:25+00:00,yes_publication_claim_only,no,no,no,no,no,,version-link-v1.0-2026-07-26,layer=normalised-text-v1_provisional;pairs=near-dup-v1.0-2026-07-26;url=url-canon-v1.0-2026-07-27;syndication=syndication-v1.0-2026-07-26
NEWS-guardian_api-9932c3dbc144,SCC-2013-05,guardian_api,no_version_candidates,,,2012-11-28,date_only_no_time,usable,,not_available_in_v1_layer,2026-07-22T21:08:55+00:00,,2026-07-22T21:08:55+00:00,confirmed_available_at,2026-07-22T21:08:55+00:00,2012-11-28,2026-07-22T21:08:55+00:00,yes_publication_claim_only,no,no,no,no,no,,version-link-v1.0-2026-07-26,layer=normalised-text-v1_provisional;pairs=near-dup-v1.0-2026-07-26;url=url-canon-v1.0-2026-07-27;syndication=syndication-v1.0-2026-07-26
NEWS-guardian_api-99477371d0ca,SCC-2021-05,guardian_api,no_version_candidates,,,2020-11-13,date_only_no_time,usable,,not_available_in_v1_layer,2026-07-22T21:10:17+00:00,,2026-07-22T21:10:17+00:00,confirmed_available_at,2026-07-22T21:10:17+00:00,2020-11-13,2026-07-22T21:10:17+00:00,yes_publication_claim_only,no,no,no,no,no,,version-link-v1.0-2026-07-26,layer=normalised-text-v1_provisional;pairs=near-dup-v1.0-2026-07-26;url=url-canon-v1.0-2026-07-27;syndication=syndication-v1.0-2026-07-26
NEWS-guardian_api-995cc8d64dc8,SCC-2017-05,guardian_api,no_version_candidates,,,2016-11-11,date_only_no_time,usable,,not_available_in_v1_layer,2026-07-22T21:09:39+00:00,,2026-07-22T21:09:39+00:00,confirmed_available_at,2026-07-22T21:09:39+00:00,2016-11-11,2026-07-22T21:09:39+00:00,yes_publication_claim_only,no,no,no,no,no,,version-link-v1.0-2026-07-26,layer=normalised-text-v1_provisional;pairs=near-dup-v1.0-2026-07-26;url=url-canon-v1.0-2026-07-27;syndication=syndication-v1.0-2026-07-26
NEWS-guardian_api-996b3e45374b,SCC-2017-05,guardian_api,no_version_candidates,,,2016-12-22,date_only_no_time,usable,,not_available_in_v1_layer,2026-07-22T21:09:40+00:00,,2026-07-22T21:09:40+00:00,confirmed_available_at,2026-07-22T21:09:40+00:00,2016-12-22,2026-07-22T21:09:40+00:00,yes_publication_claim_only,no,no,no,no,no,,version-link-v1.0-2026-07-26,layer=normalised-text-v1_provisional;pairs=near-dup-v1.0-2026-07-26;url=url-canon-v1.0-2026-07-27;syndication=syndication-v1.0-2026-07-26
NEWS-guardian_api-996d92277db6,SCC-2021-05,guardian_api,no_version_candidates,,,2021-03-02,date_only_no_time,usable,,not_available_in_v1_layer,2026-07-22T21:10:33+00:00,,2026-07-22T21:10:33+00:00,confirmed_available_at,2026-07-22T21:10:33+00:00,2021-03-02,2026-07-22T21:10:33+00:00,yes_publication_claim_only,yes_publication_claim_only,no,no,no,no,,version-link-v1.0-2026-07-26,layer=normalised-text-v1_provisional;pairs=near-dup-v1.0-2026-07-26;url=url-canon-v1.0-2026-07-27;syndication=syndication-v1.0-2026-07-26
NEWS-guardian_api-998d8eeeceb7,SCC-2013-05,guardian_api,no_version_candidates,,,2013-01-12,date_only_no_time,usable,,not_available_in_v1_layer,2026-07-22T21:08:34+00:00,,2026-07-22T21:08:34+00:00,confirmed_available_at,2026-07-22T21:08:34+00:00,2013-01-12,2026-07-22T21:08:34+00:00,yes_publication_claim_only,no,no,no,no,no,,version-link-v1.0-2026-07-26,layer=normalised-text-v1_provisional;pairs=near-dup-v1.0-2026-07-26;url=url-canon-v1.0-2026-07-27;syndication=syndication-v1.0-2026-07-26
NEWS-guardian_api-99afe59d909f,SCC-2021-05,guardian_api,no_version_candidates,,,2020-11-13,date_only_no_time,usable,,not_available_in_v1_layer,2026-07-22T21:10:17+00:00,,2026-07-22T21:10:17+00:00,confirmed_available_at,2026-07-22T21:10:17+00:00,2020-11-13,2026-07-22T21:10:17+00:00,yes_publication_claim_only,no,no,no,no,no,,version-link-v1.0-2026-07-26,layer=normalised-text-v1_provisional;pairs=near-dup-v1.0-2026-07-26;url=url-canon-v1.0-2026-07-27;syndication=syndication-v1.0-2026-07-26
NEWS-guardian_api-99c2fa43dc02,SCC-2013-05,guardian_api,no_version_candidates,,,2013-02-26,date_only_no_time,usable,,not_available_in_v1_layer,2026-07-22T21:09:07+00:00,,2026-07-22T21:09:07+00:00,confirmed_available_at,2026-07-22T21:09:07+00:00,2013-02-26,2026-07-22T21:09:07+00:00,yes_publication_claim_only,yes_publication_claim_only,no,no,no,no,,version-link-v1.0-2026-07-26,layer=normalised-text-v1_provisional;pairs=near-dup-v1.0-2026-07-26;url=url-canon-v1.0-2026-07-27;syndication=syndication-v1.0-2026-07-26
NEWS-guardian_api-99d9f6ee8e3a,ESWS-2026-05,guardian_api,no_version_candidates,,,2026-03-26,date_only_no_time,usable,,not_available_in_v1_layer,2026-07-22T21:08:18+00:00,,2026-07-22T21:08:18+00:00,confirmed_available_at,2026-07-22T21:08:18+00:00,2026-03-26,2026-07-22T21:08:18+00:00,yes_publication_claim_only,yes_publication_claim_only,no,no,no,no,,version-link-v1.0-2026-07-26,layer=normalised-text-v1_provisional;pairs=near-dup-v1.0-2026-07-26;url=url-canon-v1.0-2026-07-27;syndication=syndication-v1.0-2026-07-26
NEWS-guardian_api-99ffe3ff25dc,ESWS-2026-05,guardian_api,no_version_candidates,,,2025-11-17,date_only_no_time,usable,,not_available_in_v1_layer,2026-07-22T21:08:02+00:00,,2026-07-22T21:08:02+00:00,confirmed_available_at,2026-07-22T21:08:02+00:00,2025-11-17,2026-07-22T21:08:02+00:00,yes_publication_claim_only,no,no,no,no,no,,version-link-v1.0-2026-07-26,layer=normalised-text-v1_provisional;pairs=near-dup-v1.0-2026-07-26;url=url-canon-v1.0-2026-07-27;syndication=syndication-v1.0-2026-07-26
NEWS-guardian_api-9a051552e382,ESWS-2026-05,guardian_api,no_version_candidates,,,2025-11-10,date_only_no_time,usable,,not_available_in_v1_layer,2026-07-22T21:07:44+00:00,,2026-07-22T21:07:44+00:00,confirmed_available_at,2026-07-22T21:07:44+00:00,2025-11-10,2026-07-22T21:07:44+00:00,yes_publication_claim_only,no,no,no,no,no,,version-link-v1.0-2026-07-26,layer=normalised-text-v1_provisional;pairs=near-dup-v1.0-2026-07-26;url=url-canon-v1.0-2026-07-27;syndication=syndication-v1.0-2026-07-26
NEWS-guardian_api-9a37aff949d7,SCC-2017-05,guardian_api,no_version_candidates,,,2016-12-21,date_only_no_time,usable,,not_available_in_v1_layer,2026-07-22T21:09:40+00:00,,2026-07-22T21:09:40+00:00,confirmed_available_at,2026-07-22T21:09:40+00:00,2016-12-21,2026-07-22T21:09:40+00:00,yes_publication_claim_only,no,no,no,no,no,,version-link-v1.0-2026-07-26,layer=normalised-text-v1_provisional;pairs=near-dup-v1.0-2026-07-26;url=url-canon-v1.0-2026-07-27;syndication=syndication-v1.0-2026-07-26
NEWS-guardian_api-9a63006306bd,ESWS-2026-05,guardian_api,no_version_candidates,,,2025-11-15,date_only_no_time,usable,,not_available_in_v1_layer,2026-07-22T21:07:44+00:00,,2026-07-22T21:07:44+00:00,confirmed_available_at,2026-07-22T21:07:44+00:00,2025-11-15,2026-07-22T21:07:44+00:00,yes_publication_claim_only,no,no,no,no,no,,version-link-v1.0-2026-07-26,layer=normalised-text-v1_provisional;pairs=near-dup-v1.0-2026-07-26;url=url-canon-v1.0-2026-07-27;syndication=syndication-v1.0-2026-07-26
NEWS-guardian_api-9a6323004f63,SCC-2013-05,guardian_api,no_version_candidates,,,2012-11-03,date_only_no_time,usable,,not_available_in_v1_layer,2026-07-22T21:08:51+00:00,,2026-07-22T21:08:51+00:00,confirmed_available_at,2026-07-22T21:08:51+00:00,2012-11-03,2026-07-22T21:08:51+00:00,yes_publication_claim_only,no,no,no,no,no,,version-link-v1.0-2026-07-26,layer=normalised-text-v1_provisional;pairs=near-dup-v1.0-2026-07-26;url=url-canon-v1.0-2026-07-27;syndication=syndication-v1.0-2026-07-26
NEWS-guardian_api-9a841421ad12,ESWS-2026-05,guardian_api,no_version_candidates,,,2025-11-14,date_only_no_time,usable,,not_available_in_v1_layer,2026-07-22T21:07:44+00:00,,2026-07-22T21:07:44+00:00,confirmed_available_at,2026-07-22T21:07:44+00:00,2025-11-14,2026-07-22T21:07:44+00:00,yes_publication_claim_only,no,no,no,no,no,,version-link-v1.0-2026-07-26,layer=normalised-text-v1_provisional;pairs=near-dup-v1.0-2026-07-26;url=url-canon-v1.0-2026-07-27;syndication=syndication-v1.0-2026-07-26
NEWS-guardian_api-9a94481c9af6,SCC-2013-05,guardian_api,no_version_candidates,,,2012-12-31,date_only_no_time,usable,,not_available_in_v1_layer,2026-07-22T21:08:38+00:00,,2026-07-22T21:08:38+00:00,confirmed_available_at,2026-07-22T21:08:38+00:00,2012-12-31,2026-07-22T21:08:38+00:00,yes_publication_claim_only,no,no,no,no,no,,version-link-v1.0-2026-07-26,layer=normalised-text-v1_provisional;pairs=near-dup-v1.0-2026-07-26;url=url-canon-v1.0-2026-07-27;syndication=syndication-v1.0-2026-07-26
NEWS-guardian_api-9a9e6a803055,SCC-2017-05,guardian_api,no_version_candidates,,,2017-01-03,date_only_no_time,usable,,not_available_in_v1_layer,2026-07-22T21:09:40+00:00,,2026-07-22T21:09:40+00:00,confirmed_available_at,2026-07-22T21:09:40+00:00,2017-01-03,2026-07-22T21:09:40+00:00,yes_publication_claim_only,no,no,no,no,no,,version-link-v1.0-2026-07-26,layer=normalised-text-v1_provisional;pairs=near-dup-v1.0-2026-07-26;url=url-canon-v1.0-2026-07-27;syndication=syndication-v1.0-2026-07-26
NEWS-guardian_api-9ac34d1dfd4c,SCC-2017-05,guardian_api,no_version_candidates,,,2016-11-07,date_only_no_time,usable,,not_available_in_v1_layer,2026-07-22T21:09:15+00:00,,2026-07-22T21:09:15+00:00,confirmed_available_at,2026-07-22T21:09:15+00:00,2016-11-07,2026-07-22T21:09:15+00:00,yes_publication_claim_only,no,no,no,no,no,,version-link-v1.0-2026-07-26,layer=normalised-text-v1_provisional;pairs=near-dup-v1.0-2026-07-26;url=url-canon-v1.0-2026-07-27;syndication=syndication-v1.0-2026-07-26
NEWS-guardian_api-9b221d667027,SCC-2017-05,guardian_api,no_version_candidates,,,2017-01-15,date_only_no_time,usable,,not_available_in_v1_layer,2026-07-22T21:09:47+00:00,,2026-07-22T21:09:47+00:00,confirmed_available_at,2026-07-22T21:09:47+00:00,2017-01-15,2026-07-22T21:09:47+00:00,yes_publication_claim_only,no,no,no,no,no,,version-link-v1.0-2026-07-26,layer=normalised-text-v1_provisional;pairs=near-dup-v1.0-2026-07-26;url=url-canon-v1.0-2026-07-27;syndication=syndication-v1.0-2026-07-26
NEWS-guardian_api-9b3c0d62f64f,ESWS-2026-05,guardian_api,no_version_candidates,,,2025-11-24,date_only_no_time,usable,,not_available_in_v1_layer,2026-07-22T21:07:45+00:00,,2026-07-22T21:07:45+00:00,confirmed_available_at,2026-07-22T21:07:45+00:00,2025-11-24,2026-07-22T21:07:45+00:00,yes_publication_claim_only,no,no,no,no,no,,version-link-v1.0-2026-07-26,layer=normalised-text-v1_provisional;pairs=near-dup-v1.0-2026-07-26;url=url-canon-v1.0-2026-07-27;syndication=syndication-v1.0-2026-07-26
NEWS-guardian_api-9b5f0691509c,SCC-2013-05,guardian_api,no_version_candidates,,,2013-01-15,date_only_no_time,usable,,not_available_in_v1_layer,2026-07-22T21:08:38+00:00,,2026-07-22T21:08:38+00:00,confirmed_available_at,2026-07-22T21:08:38+00:00,2013-01-15,2026-07-22T21:08:38+00:00,yes_publication_claim_only,no,no,no,no,no,,version-link-v1.0-2026-07-26,layer=normalised-text-v1_provisional;pairs=near-dup-v1.0-2026-07-26;url=url-canon-v1.0-2026-07-27;syndication=syndication-v1.0-2026-07-26
NEWS-guardian_api-9b7c2dc00eaa,SCC-2013-05,guardian_api,no_version_candidates,,,2012-11-17,date_only_no_time,usable,,not_available_in_v1_layer,2026-07-22T21:08:30+00:00,,2026-07-22T21:08:30+00:00,confirmed_available_at,2026-07-22T21:08:30+00:00,2012-11-17,2026-07-22T21:08:30+00:00,yes_publication_claim_only,no,no,no,no,no,,version-link-v1.0-2026-07-26,layer=normalised-text-v1_provisional;pairs=near-dup-v1.0-2026-07-26;url=url-canon-v1.0-2026-07-27;syndication=syndication-v1.0-2026-07-26
NEWS-guardian_api-9b8fd5ddfb07,SCC-2013-05,guardian_api,no_version_candidates,,,2013-01-05,date_only_no_time,usable,,not_available_in_v1_layer,2026-07-22T21:08:38+00:00,,2026-07-22T21:08:38+00:00,confirmed_available_at,2026-07-22T21:08:38+00:00,2013-01-05,2026-07-22T21:08:38+00:00,yes_publication_claim_only,no,no,no,no,no,,version-link-v1.0-2026-07-26,layer=normalised-text-v1_provisional;pairs=near-dup-v1.0-2026-07-26;url=url-canon-v1.0-2026-07-27;syndication=syndication-v1.0-2026-07-26
NEWS-guardian_api-9babbdea3d59,SCC-2013-05,guardian_api,no_version_candidates,,,2013-01-28,date_only_no_time,usable,,not_available_in_v1_layer,2026-07-22T21:09:02+00:00,,2026-07-22T21:09:02+00:00,confirmed_available_at,2026-07-22T21:09:02+00:00,2013-01-28,2026-07-22T21:09:02+00:00,yes_publication_claim_only,no,no,no,no,no,,version-link-v1.0-2026-07-26,layer=normalised-text-v1_provisional;pairs=near-dup-v1.0-2026-07-26;url=url-canon-v1.0-2026-07-27;syndication=syndication-v1.0-2026-07-26
NEWS-guardian_api-9bb88c1df86c,ESWS-2026-05,guardian_api,no_version_candidates,,,2025-11-10,date_only_no_time,usable,,not_available_in_v1_layer,2026-07-22T21:07:44+00:00,,2026-07-22T21:07:44+00:00,confirmed_available_at,2026-07-22T21:07:44+00:00,2025-11-10,2026-07-22T21:07:44+00:00,yes_publication_claim_only,no,no,no,no,no,,version-link-v1.0-2026-07-26,layer=normalised-text-v1_provisional;pairs=near-dup-v1.0-2026-07-26;url=url-canon-v1.0-2026-07-27;syndication=syndication-v1.0-2026-07-26
NEWS-guardian_api-9bbc488fef97,SCC-2013-05,guardian_api,no_version_candidates,,,2013-01-04,date_only_no_time,usable,,not_available_in_v1_layer,2026-07-22T21:09:02+00:00,,2026-07-22T21:09:02+00:00,confirmed_available_at,2026-07-22T21:09:02+00:00,2013-01-04,2026-07-22T21:09:02+00:00,yes_publication_claim_only,no,no,no,no,no,,version-link-v1.0-2026-07-26,layer=normalised-text-v1_provisional;pairs=near-dup-v1.0-2026-07-26;url=url-canon-v1.0-2026-07-27;syndication=syndication-v1.0-2026-07-26
NEWS-guardian_api-9be4f391a784,ESWS-2026-05,guardian_api,no_version_candidates,,,2026-02-01,date_only_no_time,usable,,not_available_in_v1_layer,2026-07-22T21:08:18+00:00,,2026-07-22T21:08:18+00:00,confirmed_available_at,2026-07-22T21:08:18+00:00,2026-02-01,2026-07-22T21:08:18+00:00,yes_publication_claim_only,no,no,no,no,no,,version-link-v1.0-2026-07-26,layer=normalised-text-v1_provisional;pairs=near-dup-v1.0-2026-07-26;url=url-canon-v1.0-2026-07-27;syndication=syndication-v1.0-2026-07-26
NEWS-guardian_api-9beb4ba71288,SCC-2021-05,guardian_api,no_version_candidates,,,2021-01-29,date_only_no_time,usable,,not_available_in_v1_layer,2026-07-22T21:10:25+00:00,,2026-07-22T21:10:25+00:00,confirmed_available_at,2026-07-22T21:10:25+00:00,2021-01-29,2026-07-22T21:10:25+00:00,yes_publication_claim_only,no,no,no,no,no,,version-link-v1.0-2026-07-26,layer=normalised-text-v1_provisional;pairs=near-dup-v1.0-2026-07-26;url=url-canon-v1.0-2026-07-27;syndication=syndication-v1.0-2026-07-26
NEWS-guardian_api-9bfe243fd61c,SCC-2021-05,guardian_api,no_version_candidates,,,2020-12-09,date_only_no_time,usable,,not_available_in_v1_layer,2026-07-22T21:10:32+00:00,,2026-07-22T21:10:32+00:00,confirmed_available_at,2026-07-22T21:10:32+00:00,2020-12-09,2026-07-22T21:10:32+00:00,yes_publication_claim_only,no,no,no,no,no,,version-link-v1.0-2026-07-26,layer=normalised-text-v1_provisional;pairs=near-dup-v1.0-2026-07-26;url=url-canon-v1.0-2026-07-27;syndication=syndication-v1.0-2026-07-26
NEWS-guardian_api-9c0cd6e96736,ESWS-2026-05,guardian_api,no_version_candidates,,,2026-02-17,date_only_no_time,usable,,not_available_in_v1_layer,2026-07-22T21:08:10+00:00,,2026-07-22T21:08:10+00:00,confirmed_available_at,2026-07-22T21:08:10+00:00,2026-02-17,2026-07-22T21:08:10+00:00,yes_publication_claim_only,yes_publication_claim_only,no,no,no,no,,version-link-v1.0-2026-07-26,layer=normalised-text-v1_provisional;pairs=near-dup-v1.0-2026-07-26;url=url-canon-v1.0-2026-07-27;syndication=syndication-v1.0-2026-07-26
NEWS-guardian_api-9c0f4ec0ccfb,SCC-2017-05,guardian_api,no_version_candidates,,,2016-11-28,date_only_no_time,usable,,not_available_in_v1_layer,2026-07-22T21:09:19+00:00,,2026-07-22T21:09:19+00:00,confirmed_available_at,2026-07-22T21:09:19+00:00,2016-11-28,2026-07-22T21:09:19+00:00,yes_publication_claim_only,no,no,no,no,no,,version-link-v1.0-2026-07-26,layer=normalised-text-v1_provisional;pairs=near-dup-v1.0-2026-07-26;url=url-canon-v1.0-2026-07-27;syndication=syndication-v1.0-2026-07-26
NEWS-guardian_api-9c414281645b,SCC-2013-05,guardian_api,no_version_candidates,,,2012-11-26,date_only_no_time,usable,,not_available_in_v1_layer,2026-07-22T21:08:31+00:00,,2026-07-22T21:08:31+00:00,confirmed_available_at,2026-07-22T21:08:31+00:00,2012-11-26,2026-07-22T21:08:31+00:00,yes_publication_claim_only,no,no,no,no,no,,version-link-v1.0-2026-07-26,layer=normalised-text-v1_provisional;pairs=near-dup-v1.0-2026-07-26;url=url-canon-v1.0-2026-07-27;syndication=syndication-v1.0-2026-07-26
NEWS-guardian_api-9c64ec2d6f54,SCC-2017-05,guardian_api,no_version_candidates,,,2016-12-10,date_only_no_time,usable,,not_available_in_v1_layer,2026-07-22T21:09:39+00:00,,2026-07-22T21:09:39+00:00,confirmed_available_at,2026-07-22T21:09:39+00:00,2016-12-10,2026-07-22T21:09:39+00:00,yes_publication_claim_only,no,no,no,no,no,,version-link-v1.0-2026-07-26,layer=normalised-text-v1_provisional;pairs=near-dup-v1.0-2026-07-26;url=url-canon-v1.0-2026-07-27;syndication=syndication-v1.0-2026-07-26
NEWS-guardian_api-9cb531d892e7,SCC-2013-05,guardian_api,no_version_candidates,,,2012-12-05,date_only_no_time,usable,,not_available_in_v1_layer,2026-07-22T21:09:02+00:00,,2026-07-22T21:09:02+00:00,confirmed_available_at,2026-07-22T21:09:02+00:00,2012-12-05,2026-07-22T21:09:02+00:00,yes_publication_claim_only,no,no,no,no,no,,version-link-v1.0-2026-07-26,layer=normalised-text-v1_provisional;pairs=near-dup-v1.0-2026-07-26;url=url-canon-v1.0-2026-07-27;syndication=syndication-v1.0-2026-07-26
NEWS-guardian_api-9cd7757d7618,SCC-2017-05,guardian_api,no_version_candidates,,,2017-02-06,date_only_no_time,usable,,not_available_in_v1_layer,2026-07-22T21:09:47+00:00,,2026-07-22T21:09:47+00:00,confirmed_available_at,2026-07-22T21:09:47+00:00,2017-02-06,2026-07-22T21:09:47+00:00,yes_publication_claim_only,yes_publication_claim_only,no,no,no,no,,version-link-v1.0-2026-07-26,layer=normalised-text-v1_provisional;pairs=near-dup-v1.0-2026-07-26;url=url-canon-v1.0-2026-07-27;syndication=syndication-v1.0-2026-07-26
NEWS-guardian_api-9d877a6710cf,SCC-2017-05,guardian_api,no_version_candidates,,,2017-01-26,date_only_no_time,usable,,not_available_in_v1_layer,2026-07-22T21:09:47+00:00,,2026-07-22T21:09:47+00:00,confirmed_available_at,2026-07-22T21:09:47+00:00,2017-01-26,2026-07-22T21:09:47+00:00,yes_publication_claim_only,no,no,no,no,no,,version-link-v1.0-2026-07-26,layer=normalised-text-v1_provisional;pairs=near-dup-v1.0-2026-07-26;url=url-canon-v1.0-2026-07-27;syndication=syndication-v1.0-2026-07-26
NEWS-guardian_api-9d878eaf6734,ESWS-2026-05,guardian_api,no_version_candidates,,,2026-03-24,date_only_no_time,usable,,not_available_in_v1_layer,2026-07-22T21:07:54+00:00,,2026-07-22T21:07:54+00:00,confirmed_available_at,2026-07-22T21:07:54+00:00,2026-03-24,2026-07-22T21:07:54+00:00,yes_publication_claim_only,yes_publication_claim_only,no,no,no,no,,version-link-v1.0-2026-07-26,layer=normalised-text-v1_provisional;pairs=near-dup-v1.0-2026-07-26;url=url-canon-v1.0-2026-07-27;syndication=syndication-v1.0-2026-07-26
NEWS-guardian_api-9d8b1d2d6e1c,ESWS-2026-05,guardian_api,no_version_candidates,,,2025-11-19,date_only_no_time,usable,,not_available_in_v1_layer,2026-07-22T21:07:44+00:00,,2026-07-22T21:07:44+00:00,confirmed_available_at,2026-07-22T21:07:44+00:00,2025-11-19,2026-07-22T21:07:44+00:00,yes_publication_claim_only,no,no,no,no,no,,version-link-v1.0-2026-07-26,layer=normalised-text-v1_provisional;pairs=near-dup-v1.0-2026-07-26;url=url-canon-v1.0-2026-07-27;syndication=syndication-v1.0-2026-07-26
NEWS-guardian_api-9d96a21d22cf,SCC-2017-05,guardian_api,no_version_candidates,,,2017-01-16,date_only_no_time,usable,,not_available_in_v1_layer,2026-07-22T21:09:47+00:00,,2026-07-22T21:09:47+00:00,confirmed_available_at,2026-07-22T21:09:47+00:00,2017-01-16,2026-07-22T21:09:47+00:00,yes_publication_claim_only,no,no,no,no,no,,version-link-v1.0-2026-07-26,layer=normalised-text-v1_provisional;pairs=near-dup-v1.0-2026-07-26;url=url-canon-v1.0-2026-07-27;syndication=syndication-v1.0-2026-07-26
NEWS-guardian_api-9dea17fa1487,SCC-2021-05,guardian_api,no_version_candidates,,,2020-11-26,date_only_no_time,usable,,not_available_in_v1_layer,2026-07-22T21:10:12+00:00,,2026-07-22T21:10:12+00:00,confirmed_available_at,2026-07-22T21:10:12+00:00,2020-11-26,2026-07-22T21:10:12+00:00,yes_publication_claim_only,no,no,no,no,no,,version-link-v1.0-2026-07-26,layer=normalised-text-v1_provisional;pairs=near-dup-v1.0-2026-07-26;url=url-canon-v1.0-2026-07-27;syndication=syndication-v1.0-2026-07-26
NEWS-guardian_api-9df3712946c6,SCC-2021-05,guardian_api,no_version_candidates,,,2020-11-12,date_only_no_time,usable,,not_available_in_v1_layer,2026-07-22T21:10:17+00:00,,2026-07-22T21:10:17+00:00,confirmed_available_at,2026-07-22T21:10:17+00:00,2020-11-12,2026-07-22T21:10:17+00:00,yes_publication_claim_only,no,no,no,no,no,,version-link-v1.0-2026-07-26,layer=normalised-text-v1_provisional;pairs=near-dup-v1.0-2026-07-26;url=url-canon-v1.0-2026-07-27;syndication=syndication-v1.0-2026-07-26
NEWS-guardian_api-9e291825f8a4,SCC-2021-05,guardian_api,no_version_candidates,,,2021-02-08,date_only_no_time,usable,,not_available_in_v1_layer,2026-07-22T21:10:32+00:00,,2026-07-22T21:10:32+00:00,confirmed_available_at,2026-07-22T21:10:32+00:00,2021-02-08,2026-07-22T21:10:32+00:00,yes_publication_claim_only,yes_publication_claim_only,no,no,no,no,,version-link-v1.0-2026-07-26,layer=normalised-text-v1_provisional;pairs=near-dup-v1.0-2026-07-26;url=url-canon-v1.0-2026-07-27;syndication=syndication-v1.0-2026-07-26
NEWS-guardian_api-9e65f7b3ed6d,SCC-2021-05,guardian_api,no_version_candidates,,,2021-02-27,date_only_no_time,usable,,not_available_in_v1_layer,2026-07-22T21:10:13+00:00,,2026-07-22T21:10:13+00:00,confirmed_available_at,2026-07-22T21:10:13+00:00,2021-02-27,2026-07-22T21:10:13+00:00,yes_publication_claim_only,yes_publication_claim_only,no,no,no,no,,version-link-v1.0-2026-07-26,layer=normalised-text-v1_provisional;pairs=near-dup-v1.0-2026-07-26;url=url-canon-v1.0-2026-07-27;syndication=syndication-v1.0-2026-07-26
NEWS-guardian_api-9ec4bcb84a91,SCC-2017-05,guardian_api,no_version_candidates,,,2017-01-11,date_only_no_time,usable,,not_available_in_v1_layer,2026-07-22T21:09:40+00:00,,2026-07-22T21:09:40+00:00,confirmed_available_at,2026-07-22T21:09:40+00:00,2017-01-11,2026-07-22T21:09:40+00:00,yes_publication_claim_only,no,no,no,no,no,,version-link-v1.0-2026-07-26,layer=normalised-text-v1_provisional;pairs=near-dup-v1.0-2026-07-26;url=url-canon-v1.0-2026-07-27;syndication=syndication-v1.0-2026-07-26
NEWS-guardian_api-9efd49e01acc,SCC-2021-05,guardian_api,no_version_candidates,,,2020-11-24,date_only_no_time,usable,,not_available_in_v1_layer,2026-07-22T21:10:25+00:00,,2026-07-22T21:10:25+00:00,confirmed_available_at,2026-07-22T21:10:25+00:00,2020-11-24,2026-07-22T21:10:25+00:00,yes_publication_claim_only,no,no,no,no,no,,version-link-v1.0-2026-07-26,layer=normalised-text-v1_provisional;pairs=near-dup-v1.0-2026-07-26;url=url-canon-v1.0-2026-07-27;syndication=syndication-v1.0-2026-07-26
NEWS-guardian_api-9f47203960c4,SCC-2013-05,guardian_api,no_version_candidates,,,2012-12-05,date_only_no_time,usable,,not_available_in_v1_layer,2026-07-22T21:08:55+00:00,,2026-07-22T21:08:55+00:00,confirmed_available_at,2026-07-22T21:08:55+00:00,2012-12-05,2026-07-22T21:08:55+00:00,yes_publication_claim_only,no,no,no,no,no,,version-link-v1.0-2026-07-26,layer=normalised-text-v1_provisional;pairs=near-dup-v1.0-2026-07-26;url=url-canon-v1.0-2026-07-27;syndication=syndication-v1.0-2026-07-26
NEWS-guardian_api-9f5d941bc5b2,SCC-2017-05,guardian_api,no_version_candidates,,,2017-01-20,date_only_no_time,usable,,not_available_in_v1_layer,2026-07-22T21:09:26+00:00,,2026-07-22T21:09:26+00:00,confirmed_available_at,2026-07-22T21:09:26+00:00,2017-01-20,2026-07-22T21:09:26+00:00,yes_publication_claim_only,no,no,no,no,no,,version-link-v1.0-2026-07-26,layer=normalised-text-v1_provisional;pairs=near-dup-v1.0-2026-07-26;url=url-canon-v1.0-2026-07-27;syndication=syndication-v1.0-2026-07-26
NEWS-guardian_api-9f7fef5677d6,ESWS-2026-05,guardian_api,no_version_candidates,,,2025-11-12,date_only_no_time,usable,,not_available_in_v1_layer,2026-07-22T21:07:52+00:00,,2026-07-22T21:07:52+00:00,confirmed_available_at,2026-07-22T21:07:52+00:00,2025-11-12,2026-07-22T21:07:52+00:00,yes_publication_claim_only,no,no,no,no,no,,version-link-v1.0-2026-07-26,layer=normalised-text-v1_provisional;pairs=near-dup-v1.0-2026-07-26;url=url-canon-v1.0-2026-07-27;syndication=syndication-v1.0-2026-07-26
NEWS-guardian_api-9f8de059d739,SCC-2017-05,guardian_api,no_version_candidates,,,2016-11-13,date_only_no_time,usable,,not_available_in_v1_layer,2026-07-22T21:09:15+00:00,,2026-07-22T21:09:15+00:00,confirmed_available_at,2026-07-22T21:09:15+00:00,2016-11-13,2026-07-22T21:09:15+00:00,yes_publication_claim_only,no,no,no,no,no,,version-link-v1.0-2026-07-26,layer=normalised-text-v1_provisional;pairs=near-dup-v1.0-2026-07-26;url=url-canon-v1.0-2026-07-27;syndication=syndication-v1.0-2026-07-26
NEWS-guardian_api-9f906b2ed08e,ESWS-2026-05,guardian_api,no_version_candidates,,,2025-11-26,date_only_no_time,usable,,not_available_in_v1_layer,2026-07-22T21:07:48+00:00,,2026-07-22T21:07:48+00:00,confirmed_available_at,2026-07-22T21:07:48+00:00,2025-11-26,2026-07-22T21:07:48+00:00,yes_publication_claim_only,no,no,no,no,no,,version-link-v1.0-2026-07-26,layer=normalised-text-v1_provisional;pairs=near-dup-v1.0-2026-07-26;url=url-canon-v1.0-2026-07-27;syndication=syndication-v1.0-2026-07-26
NEWS-guardian_api-9fc08541dbc1,SCC-2013-05,guardian_api,no_version_candidates,,,2012-11-26,date_only_no_time,usable,,not_available_in_v1_layer,2026-07-22T21:08:31+00:00,,2026-07-22T21:08:31+00:00,confirmed_available_at,2026-07-22T21:08:31+00:00,2012-11-26,2026-07-22T21:08:31+00:00,yes_publication_claim_only,no,no,no,no,no,,version-link-v1.0-2026-07-26,layer=normalised-text-v1_provisional;pairs=near-dup-v1.0-2026-07-26;url=url-canon-v1.0-2026-07-27;syndication=syndication-v1.0-2026-07-26
NEWS-guardian_api-a062362a13da,SCC-2013-05,guardian_api,no_version_candidates,,,2012-11-04,date_only_no_time,usable,,not_available_in_v1_layer,2026-07-22T21:08:30+00:00,,2026-07-22T21:08:30+00:00,confirmed_available_at,2026-07-22T21:08:30+00:00,2012-11-04,2026-07-22T21:08:30+00:00,yes_publication_claim_only,no,no,no,no,no,,version-link-v1.0-2026-07-26,layer=normalised-text-v1_provisional;pairs=near-dup-v1.0-2026-07-26;url=url-canon-v1.0-2026-07-27;syndication=syndication-v1.0-2026-07-26
NEWS-guardian_api-a097c8edcfb8,SCC-2013-05,guardian_api,no_version_candidates,,,2013-01-04,date_only_no_time,usable,,not_available_in_v1_layer,2026-07-22T21:08:34+00:00,,2026-07-22T21:08:34+00:00,confirmed_available_at,2026-07-22T21:08:34+00:00,2013-01-04,2026-07-22T21:08:34+00:00,yes_publication_claim_only,no,no,no,no,no,,version-link-v1.0-2026-07-26,layer=normalised-text-v1_provisional;pairs=near-dup-v1.0-2026-07-26;url=url-canon-v1.0-2026-07-27;syndication=syndication-v1.0-2026-07-26
NEWS-guardian_api-a0c034f3f7e4,SCC-2013-05,guardian_api,no_version_candidates,,,2012-12-13,date_only_no_time,usable,,not_available_in_v1_layer,2026-07-22T21:08:34+00:00,,2026-07-22T21:08:34+00:00,confirmed_available_at,2026-07-22T21:08:34+00:00,2012-12-13,2026-07-22T21:08:34+00:00,yes_publication_claim_only,no,no,no,no,no,,version-link-v1.0-2026-07-26,layer=normalised-text-v1_provisional;pairs=near-dup-v1.0-2026-07-26;url=url-canon-v1.0-2026-07-27;syndication=syndication-v1.0-2026-07-26
NEWS-guardian_api-a160b7854d18,SCC-2021-05,guardian_api,no_version_candidates,,,2020-11-08,date_only_no_time,usable,,not_available_in_v1_layer,2026-07-22T21:10:20+00:00,,2026-07-22T21:10:20+00:00,confirmed_available_at,2026-07-22T21:10:20+00:00,2020-11-08,2026-07-22T21:10:20+00:00,yes_publication_claim_only,no,no,no,no,no,,version-link-v1.0-2026-07-26,layer=normalised-text-v1_provisional;pairs=near-dup-v1.0-2026-07-26;url=url-canon-v1.0-2026-07-27;syndication=syndication-v1.0-2026-07-26
NEWS-guardian_api-a1800d20c4be,ESWS-2026-05,guardian_api,no_version_candidates,,,2026-01-13,date_only_no_time,usable,,not_available_in_v1_layer,2026-07-22T21:08:18+00:00,,2026-07-22T21:08:18+00:00,confirmed_available_at,2026-07-22T21:08:18+00:00,2026-01-13,2026-07-22T21:08:18+00:00,yes_publication_claim_only,no,no,no,no,no,,version-link-v1.0-2026-07-26,layer=normalised-text-v1_provisional;pairs=near-dup-v1.0-2026-07-26;url=url-canon-v1.0-2026-07-27;syndication=syndication-v1.0-2026-07-26
NEWS-guardian_api-a1af1b6135a1,SCC-2017-05,guardian_api,no_version_candidates,,,2016-11-14,date_only_no_time,usable,,not_available_in_v1_layer,2026-07-22T21:09:15+00:00,,2026-07-22T21:09:15+00:00,confirmed_available_at,2026-07-22T21:09:15+00:00,2016-11-14,2026-07-22T21:09:15+00:00,yes_publication_claim_only,no,no,no,no,no,,version-link-v1.0-2026-07-26,layer=normalised-text-v1_provisional;pairs=near-dup-v1.0-2026-07-26;url=url-canon-v1.0-2026-07-27;syndication=syndication-v1.0-2026-07-26
NEWS-guardian_api-a1bcade4c62d,ESWS-2026-05,guardian_api,no_version_candidates,,,2025-11-16,date_only_no_time,usable,,not_available_in_v1_layer,2026-07-22T21:08:02+00:00,,2026-07-22T21:08:02+00:00,confirmed_available_at,2026-07-22T21:08:02+00:00,2025-11-16,2026-07-22T21:08:02+00:00,yes_publication_claim_only,no,no,no,no,no,,version-link-v1.0-2026-07-26,layer=normalised-text-v1_provisional;pairs=near-dup-v1.0-2026-07-26;url=url-canon-v1.0-2026-07-27;syndication=syndication-v1.0-2026-07-26
NEWS-guardian_api-a1d448911e18,ESWS-2026-05,guardian_api,no_version_candidates,,,2025-11-16,date_only_no_time,usable,,not_available_in_v1_layer,2026-07-22T21:07:44+00:00,,2026-07-22T21:07:44+00:00,confirmed_available_at,2026-07-22T21:07:44+00:00,2025-11-16,2026-07-22T21:07:44+00:00,yes_publication_claim_only,no,no,no,no,no,,version-link-v1.0-2026-07-26,layer=normalised-text-v1_provisional;pairs=near-dup-v1.0-2026-07-26;url=url-canon-v1.0-2026-07-27;syndication=syndication-v1.0-2026-07-26
NEWS-guardian_api-a25d7b01d031,SCC-2017-05,guardian_api,no_version_candidates,,,2017-01-18,date_only_no_time,usable,,not_available_in_v1_layer,2026-07-22T21:09:47+00:00,,2026-07-22T21:09:47+00:00,confirmed_available_at,2026-07-22T21:09:47+00:00,2017-01-18,2026-07-22T21:09:47+00:00,yes_publication_claim_only,no,no,no,no,no,,version-link-v1.0-2026-07-26,layer=normalised-text-v1_provisional;pairs=near-dup-v1.0-2026-07-26;url=url-canon-v1.0-2026-07-27;syndication=syndication-v1.0-2026-07-26
NEWS-guardian_api-a29310502a51,SCC-2017-05,guardian_api,no_version_candidates,,,2016-11-23,date_only_no_time,usable,,not_available_in_v1_layer,2026-07-22T21:09:39+00:00,,2026-07-22T21:09:39+00:00,confirmed_available_at,2026-07-22T21:09:39+00:00,2016-11-23,2026-07-22T21:09:39+00:00,yes_publication_claim_only,no,no,no,no,no,,version-link-v1.0-2026-07-26,layer=normalised-text-v1_provisional;pairs=near-dup-v1.0-2026-07-26;url=url-canon-v1.0-2026-07-27;syndication=syndication-v1.0-2026-07-26
NEWS-guardian_api-a2b89eb4e351,SCC-2017-05,guardian_api,no_version_candidates,,,2016-11-11,date_only_no_time,usable,,not_available_in_v1_layer,2026-07-22T21:09:15+00:00,,2026-07-22T21:09:15+00:00,confirmed_available_at,2026-07-22T21:09:15+00:00,2016-11-11,2026-07-22T21:09:15+00:00,yes_publication_claim_only,no,no,no,no,no,,version-link-v1.0-2026-07-26,layer=normalised-text-v1_provisional;pairs=near-dup-v1.0-2026-07-26;url=url-canon-v1.0-2026-07-27;syndication=syndication-v1.0-2026-07-26
NEWS-guardian_api-a2f2dacf9a68,SCC-2017-05,guardian_api,no_version_candidates,,,2016-12-12,date_only_no_time,usable,,not_available_in_v1_layer,2026-07-22T21:09:47+00:00,,2026-07-22T21:09:47+00:00,confirmed_available_at,2026-07-22T21:09:47+00:00,2016-12-12,2026-07-22T21:09:47+00:00,yes_publication_claim_only,no,no,no,no,no,,version-link-v1.0-2026-07-26,layer=normalised-text-v1_provisional;pairs=near-dup-v1.0-2026-07-26;url=url-canon-v1.0-2026-07-27;syndication=syndication-v1.0-2026-07-26
NEWS-guardian_api-a3577fa415ba,SCC-2021-05,guardian_api,no_version_candidates,,,2021-01-24,date_only_no_time,usable,,not_available_in_v1_layer,2026-07-22T21:10:25+00:00,,2026-07-22T21:10:25+00:00,confirmed_available_at,2026-07-22T21:10:25+00:00,2021-01-24,2026-07-22T21:10:25+00:00,yes_publication_claim_only,no,no,no,no,no,,version-link-v1.0-2026-07-26,layer=normalised-text-v1_provisional;pairs=near-dup-v1.0-2026-07-26;url=url-canon-v1.0-2026-07-27;syndication=syndication-v1.0-2026-07-26
NEWS-guardian_api-a35f26140bb2,SCC-2013-05,guardian_api,no_version_candidates,,,2012-11-12,date_only_no_time,usable,,not_available_in_v1_layer,2026-07-22T21:08:47+00:00,,2026-07-22T21:08:47+00:00,confirmed_available_at,2026-07-22T21:08:47+00:00,2012-11-12,2026-07-22T21:08:47+00:00,yes_publication_claim_only,no,no,no,no,no,,version-link-v1.0-2026-07-26,layer=normalised-text-v1_provisional;pairs=near-dup-v1.0-2026-07-26;url=url-canon-v1.0-2026-07-27;syndication=syndication-v1.0-2026-07-26
NEWS-guardian_api-a4219bda4679,SCC-2013-05,guardian_api,no_version_candidates,,,2012-11-09,date_only_no_time,usable,,not_available_in_v1_layer,2026-07-22T21:08:38+00:00,,2026-07-22T21:08:38+00:00,confirmed_available_at,2026-07-22T21:08:38+00:00,2012-11-09,2026-07-22T21:08:38+00:00,yes_publication_claim_only,no,no,no,no,no,,version-link-v1.0-2026-07-26,layer=normalised-text-v1_provisional;pairs=near-dup-v1.0-2026-07-26;url=url-canon-v1.0-2026-07-27;syndication=syndication-v1.0-2026-07-26
NEWS-guardian_api-a4439b78711f,SCC-2021-05,guardian_api,no_version_candidates,,,2020-11-19,date_only_no_time,usable,,not_available_in_v1_layer,2026-07-22T21:10:25+00:00,,2026-07-22T21:10:25+00:00,confirmed_available_at,2026-07-22T21:10:25+00:00,2020-11-19,2026-07-22T21:10:25+00:00,yes_publication_claim_only,no,no,no,no,no,,version-link-v1.0-2026-07-26,layer=normalised-text-v1_provisional;pairs=near-dup-v1.0-2026-07-26;url=url-canon-v1.0-2026-07-27;syndication=syndication-v1.0-2026-07-26
NEWS-guardian_api-a44a37b3b283,SCC-2017-05,guardian_api,no_version_candidates,,,2016-11-12,date_only_no_time,usable,,not_available_in_v1_layer,2026-07-22T21:09:39+00:00,,2026-07-22T21:09:39+00:00,confirmed_available_at,2026-07-22T21:09:39+00:00,2016-11-12,2026-07-22T21:09:39+00:00,yes_publication_claim_only,no,no,no,no,no,,version-link-v1.0-2026-07-26,layer=normalised-text-v1_provisional;pairs=near-dup-v1.0-2026-07-26;url=url-canon-v1.0-2026-07-27;syndication=syndication-v1.0-2026-07-26
NEWS-guardian_api-a4674f1776ed,SCC-2013-05,guardian_api,no_version_candidates,,,2013-01-15,date_only_no_time,usable,,not_available_in_v1_layer,2026-07-22T21:08:38+00:00,,2026-07-22T21:08:38+00:00,confirmed_available_at,2026-07-22T21:08:38+00:00,2013-01-15,2026-07-22T21:08:38+00:00,yes_publication_claim_only,no,no,no,no,no,,version-link-v1.0-2026-07-26,layer=normalised-text-v1_provisional;pairs=near-dup-v1.0-2026-07-26;url=url-canon-v1.0-2026-07-27;syndication=syndication-v1.0-2026-07-26
NEWS-guardian_api-a48b3d0d3f89,SCC-2017-05,guardian_api,no_version_candidates,,,2016-12-04,date_only_no_time,usable,,not_available_in_v1_layer,2026-07-22T21:09:39+00:00,,2026-07-22T21:09:39+00:00,confirmed_available_at,2026-07-22T21:09:39+00:00,2016-12-04,2026-07-22T21:09:39+00:00,yes_publication_claim_only,no,no,no,no,no,,version-link-v1.0-2026-07-26,layer=normalised-text-v1_provisional;pairs=near-dup-v1.0-2026-07-26;url=url-canon-v1.0-2026-07-27;syndication=syndication-v1.0-2026-07-26
NEWS-guardian_api-a4af35c0a94d,SCC-2013-05,guardian_api,no_version_candidates,,,2012-11-19,date_only_no_time,usable,,not_available_in_v1_layer,2026-07-22T21:08:30+00:00,,2026-07-22T21:08:30+00:00,confirmed_available_at,2026-07-22T21:08:30+00:00,2012-11-19,2026-07-22T21:08:30+00:00,yes_publication_claim_only,no,no,no,no,no,,version-link-v1.0-2026-07-26,layer=normalised-text-v1_provisional;pairs=near-dup-v1.0-2026-07-26;url=url-canon-v1.0-2026-07-27;syndication=syndication-v1.0-2026-07-26
NEWS-guardian_api-a4bead9c2b69,SCC-2017-05,guardian_api,no_version_candidates,,,2017-02-19,date_only_no_time,usable,,not_available_in_v1_layer,2026-07-22T21:09:23+00:00,,2026-07-22T21:09:23+00:00,confirmed_available_at,2026-07-22T21:09:23+00:00,2017-02-19,2026-07-22T21:09:23+00:00,yes_publication_claim_only,yes_publication_claim_only,no,no,no,no,,version-link-v1.0-2026-07-26,layer=normalised-text-v1_provisional;pairs=near-dup-v1.0-2026-07-26;url=url-canon-v1.0-2026-07-27;syndication=syndication-v1.0-2026-07-26
NEWS-guardian_api-a5331bdd8760,SCC-2021-05,guardian_api,no_version_candidates,,,2021-03-11,date_only_no_time,usable,,not_available_in_v1_layer,2026-07-22T21:10:07+00:00,,2026-07-22T21:10:07+00:00,confirmed_available_at,2026-07-22T21:10:07+00:00,2021-03-11,2026-07-22T21:10:07+00:00,yes_publication_claim_only,yes_publication_claim_only,no,no,no,no,,version-link-v1.0-2026-07-26,layer=normalised-text-v1_provisional;pairs=near-dup-v1.0-2026-07-26;url=url-canon-v1.0-2026-07-27;syndication=syndication-v1.0-2026-07-26
NEWS-guardian_api-a53c2ee2c9c6,SCC-2021-05,guardian_api,no_version_candidates,,,2021-01-17,date_only_no_time,usable,,not_available_in_v1_layer,2026-07-22T21:10:03+00:00,,2026-07-22T21:10:03+00:00,confirmed_available_at,2026-07-22T21:10:03+00:00,2021-01-17,2026-07-22T21:10:03+00:00,yes_publication_claim_only,no,no,no,no,no,,version-link-v1.0-2026-07-26,layer=normalised-text-v1_provisional;pairs=near-dup-v1.0-2026-07-26;url=url-canon-v1.0-2026-07-27;syndication=syndication-v1.0-2026-07-26
NEWS-guardian_api-a5417b0cdeb9,SCC-2017-05,guardian_api,no_version_candidates,,,2017-01-09,date_only_no_time,usable,,not_available_in_v1_layer,2026-07-22T21:09:19+00:00,,2026-07-22T21:09:19+00:00,confirmed_available_at,2026-07-22T21:09:19+00:00,2017-01-09,2026-07-22T21:09:19+00:00,yes_publication_claim_only,no,no,no,no,no,,version-link-v1.0-2026-07-26,layer=normalised-text-v1_provisional;pairs=near-dup-v1.0-2026-07-26;url=url-canon-v1.0-2026-07-27;syndication=syndication-v1.0-2026-07-26
NEWS-guardian_api-a560d9f8cf2b,SCC-2013-05,guardian_api,no_version_candidates,,,2012-11-12,date_only_no_time,usable,,not_available_in_v1_layer,2026-07-22T21:08:47+00:00,,2026-07-22T21:08:47+00:00,confirmed_available_at,2026-07-22T21:08:47+00:00,2012-11-12,2026-07-22T21:08:47+00:00,yes_publication_claim_only,no,no,no,no,no,,version-link-v1.0-2026-07-26,layer=normalised-text-v1_provisional;pairs=near-dup-v1.0-2026-07-26;url=url-canon-v1.0-2026-07-27;syndication=syndication-v1.0-2026-07-26
NEWS-guardian_api-a579d2ff7743,SCC-2013-05,guardian_api,no_version_candidates,,,2013-03-31,date_only_no_time,usable,,not_available_in_v1_layer,2026-07-22T21:09:08+00:00,,2026-07-22T21:09:08+00:00,confirmed_available_at,2026-07-22T21:09:08+00:00,2013-03-31,2026-07-22T21:09:08+00:00,yes_publication_claim_only,yes_publication_claim_only,no,no,no,no,,version-link-v1.0-2026-07-26,layer=normalised-text-v1_provisional;pairs=near-dup-v1.0-2026-07-26;url=url-canon-v1.0-2026-07-27;syndication=syndication-v1.0-2026-07-26
NEWS-guardian_api-a5b892916f80,ESWS-2026-05,guardian_api,no_version_candidates,,,2025-11-13,date_only_no_time,usable,,not_available_in_v1_layer,2026-07-22T21:07:44+00:00,,2026-07-22T21:07:44+00:00,confirmed_available_at,2026-07-22T21:07:44+00:00,2025-11-13,2026-07-22T21:07:44+00:00,yes_publication_claim_only,no,no,no,no,no,,version-link-v1.0-2026-07-26,layer=normalised-text-v1_provisional;pairs=near-dup-v1.0-2026-07-26;url=url-canon-v1.0-2026-07-27;syndication=syndication-v1.0-2026-07-26
NEWS-guardian_api-a5b90c061570,SCC-2017-05,guardian_api,no_version_candidates,,,2016-11-29,date_only_no_time,usable,,not_available_in_v1_layer,2026-07-22T21:09:19+00:00,,2026-07-22T21:09:19+00:00,confirmed_available_at,2026-07-22T21:09:19+00:00,2016-11-29,2026-07-22T21:09:19+00:00,yes_publication_claim_only,no,no,no,no,no,,version-link-v1.0-2026-07-26,layer=normalised-text-v1_provisional;pairs=near-dup-v1.0-2026-07-26;url=url-canon-v1.0-2026-07-27;syndication=syndication-v1.0-2026-07-26
NEWS-guardian_api-a5c5724f9f23,SCC-2017-05,guardian_api,no_version_candidates,,,2016-12-10,date_only_no_time,usable,,not_available_in_v1_layer,2026-07-22T21:09:52+00:00,,2026-07-22T21:09:52+00:00,confirmed_available_at,2026-07-22T21:09:52+00:00,2016-12-10,2026-07-22T21:09:52+00:00,yes_publication_claim_only,no,no,no,no,no,,version-link-v1.0-2026-07-26,layer=normalised-text-v1_provisional;pairs=near-dup-v1.0-2026-07-26;url=url-canon-v1.0-2026-07-27;syndication=syndication-v1.0-2026-07-26
NEWS-guardian_api-a65190cf1025,SCC-2017-05,guardian_api,no_version_candidates,,,2016-11-16,date_only_no_time,usable,,not_available_in_v1_layer,2026-07-22T21:09:39+00:00,,2026-07-22T21:09:39+00:00,confirmed_available_at,2026-07-22T21:09:39+00:00,2016-11-16,2026-07-22T21:09:39+00:00,yes_publication_claim_only,no,no,no,no,no,,version-link-v1.0-2026-07-26,layer=normalised-text-v1_provisional;pairs=near-dup-v1.0-2026-07-26;url=url-canon-v1.0-2026-07-27;syndication=syndication-v1.0-2026-07-26
NEWS-guardian_api-a6536d41127f,SCC-2021-05,guardian_api,no_version_candidates,,,2020-11-17,date_only_no_time,usable,,not_available_in_v1_layer,2026-07-22T21:10:25+00:00,,2026-07-22T21:10:25+00:00,confirmed_available_at,2026-07-22T21:10:25+00:00,2020-11-17,2026-07-22T21:10:25+00:00,yes_publication_claim_only,no,no,no,no,no,,version-link-v1.0-2026-07-26,layer=normalised-text-v1_provisional;pairs=near-dup-v1.0-2026-07-26;url=url-canon-v1.0-2026-07-27;syndication=syndication-v1.0-2026-07-26
NEWS-guardian_api-a66652bc8a47,SCC-2017-05,guardian_api,no_version_candidates,,,2016-11-30,date_only_no_time,usable,,not_available_in_v1_layer,2026-07-22T21:09:47+00:00,,2026-07-22T21:09:47+00:00,confirmed_available_at,2026-07-22T21:09:47+00:00,2016-11-30,2026-07-22T21:09:47+00:00,yes_publication_claim_only,no,no,no,no,no,,version-link-v1.0-2026-07-26,layer=normalised-text-v1_provisional;pairs=near-dup-v1.0-2026-07-26;url=url-canon-v1.0-2026-07-27;syndication=syndication-v1.0-2026-07-26
NEWS-guardian_api-a6f49eb23ff3,SCC-2013-05,guardian_api,no_version_candidates,,,2012-11-12,date_only_no_time,usable,,not_available_in_v1_layer,2026-07-22T21:08:47+00:00,,2026-07-22T21:08:47+00:00,confirmed_available_at,2026-07-22T21:08:47+00:00,2012-11-12,2026-07-22T21:08:47+00:00,yes_publication_claim_only,no,no,no,no,no,,version-link-v1.0-2026-07-26,layer=normalised-text-v1_provisional;pairs=near-dup-v1.0-2026-07-26;url=url-canon-v1.0-2026-07-27;syndication=syndication-v1.0-2026-07-26
NEWS-guardian_api-a729d85f83ad,SCC-2021-05,guardian_api,no_version_candidates,,,2021-01-27,date_only_no_time,usable,,not_available_in_v1_layer,2026-07-22T21:10:32+00:00,,2026-07-22T21:10:32+00:00,confirmed_available_at,2026-07-22T21:10:32+00:00,2021-01-27,2026-07-22T21:10:32+00:00,yes_publication_claim_only,no,no,no,no,no,,version-link-v1.0-2026-07-26,layer=normalised-text-v1_provisional;pairs=near-dup-v1.0-2026-07-26;url=url-canon-v1.0-2026-07-27;syndication=syndication-v1.0-2026-07-26
NEWS-guardian_api-a763cb454f46,ESWS-2026-05,guardian_api,no_version_candidates,,,2025-11-10,date_only_no_time,usable,,not_available_in_v1_layer,2026-07-22T21:08:02+00:00,,2026-07-22T21:08:02+00:00,confirmed_available_at,2026-07-22T21:08:02+00:00,2025-11-10,2026-07-22T21:08:02+00:00,yes_publication_claim_only,no,no,no,no,no,,version-link-v1.0-2026-07-26,layer=normalised-text-v1_provisional;pairs=near-dup-v1.0-2026-07-26;url=url-canon-v1.0-2026-07-27;syndication=syndication-v1.0-2026-07-26
NEWS-guardian_api-a77f3798216e,SCC-2017-05,guardian_api,no_version_candidates,,,2016-11-30,date_only_no_time,usable,,not_available_in_v1_layer,2026-07-22T21:09:47+00:00,,2026-07-22T21:09:47+00:00,confirmed_available_at,2026-07-22T21:09:47+00:00,2016-11-30,2026-07-22T21:09:47+00:00,yes_publication_claim_only,no,no,no,no,no,,version-link-v1.0-2026-07-26,layer=normalised-text-v1_provisional;pairs=near-dup-v1.0-2026-07-26;url=url-canon-v1.0-2026-07-27;syndication=syndication-v1.0-2026-07-26
NEWS-guardian_api-a7db6852f796,ESWS-2026-05,guardian_api,no_version_candidates,,,2026-01-20,date_only_no_time,usable,,not_available_in_v1_layer,2026-07-22T21:08:10+00:00,,2026-07-22T21:08:10+00:00,confirmed_available_at,2026-07-22T21:08:10+00:00,2026-01-20,2026-07-22T21:08:10+00:00,yes_publication_claim_only,no,no,no,no,no,,version-link-v1.0-2026-07-26,layer=normalised-text-v1_provisional;pairs=near-dup-v1.0-2026-07-26;url=url-canon-v1.0-2026-07-27;syndication=syndication-v1.0-2026-07-26
NEWS-guardian_api-a8146c7d1b03,SCC-2021-05,guardian_api,no_version_candidates,,,2021-05-04,date_only_no_time,usable,,not_available_in_v1_layer,2026-07-22T21:10:38+00:00,,2026-07-22T21:10:38+00:00,confirmed_available_at,2026-07-22T21:10:38+00:00,2021-05-04,2026-07-22T21:10:38+00:00,yes_publication_claim_only,yes_publication_claim_only,yes_publication_claim_only,yes_publication_claim_only,yes_publication_claim_only,yes_publication_claim_only,,version-link-v1.0-2026-07-26,layer=normalised-text-v1_provisional;pairs=near-dup-v1.0-2026-07-26;url=url-canon-v1.0-2026-07-27;syndication=syndication-v1.0-2026-07-26
NEWS-guardian_api-a84c1bf5c451,SCC-2017-05,guardian_api,no_version_candidates,,,2016-12-13,date_only_no_time,usable,,not_available_in_v1_layer,2026-07-22T21:09:22+00:00,,2026-07-22T21:09:22+00:00,confirmed_available_at,2026-07-22T21:09:22+00:00,2016-12-13,2026-07-22T21:09:22+00:00,yes_publication_claim_only,no,no,no,no,no,,version-link-v1.0-2026-07-26,layer=normalised-text-v1_provisional;pairs=near-dup-v1.0-2026-07-26;url=url-canon-v1.0-2026-07-27;syndication=syndication-v1.0-2026-07-26
NEWS-guardian_api-a8687574c3f9,SCC-2013-05,guardian_api,no_version_candidates,,,2012-11-21,date_only_no_time,usable,,not_available_in_v1_layer,2026-07-22T21:08:55+00:00,,2026-07-22T21:08:55+00:00,confirmed_available_at,2026-07-22T21:08:55+00:00,2012-11-21,2026-07-22T21:08:55+00:00,yes_publication_claim_only,no,no,no,no,no,,version-link-v1.0-2026-07-26,layer=normalised-text-v1_provisional;pairs=near-dup-v1.0-2026-07-26;url=url-canon-v1.0-2026-07-27;syndication=syndication-v1.0-2026-07-26
NEWS-guardian_api-a94408b405be,SCC-2017-05,guardian_api,no_version_candidates,,,2016-11-29,date_only_no_time,usable,,not_available_in_v1_layer,2026-07-22T21:09:39+00:00,,2026-07-22T21:09:39+00:00,confirmed_available_at,2026-07-22T21:09:39+00:00,2016-11-29,2026-07-22T21:09:39+00:00,yes_publication_claim_only,no,no,no,no,no,,version-link-v1.0-2026-07-26,layer=normalised-text-v1_provisional;pairs=near-dup-v1.0-2026-07-26;url=url-canon-v1.0-2026-07-27;syndication=syndication-v1.0-2026-07-26
NEWS-guardian_api-a9d809687d42,SCC-2021-05,guardian_api,no_version_candidates,,,2021-01-20,date_only_no_time,usable,,not_available_in_v1_layer,2026-07-22T21:10:25+00:00,,2026-07-22T21:10:25+00:00,confirmed_available_at,2026-07-22T21:10:25+00:00,2021-01-20,2026-07-22T21:10:25+00:00,yes_publication_claim_only,no,no,no,no,no,,version-link-v1.0-2026-07-26,layer=normalised-text-v1_provisional;pairs=near-dup-v1.0-2026-07-26;url=url-canon-v1.0-2026-07-27;syndication=syndication-v1.0-2026-07-26
NEWS-guardian_api-aa23e1a9fb65,SCC-2017-05,guardian_api,no_version_candidates,,,2016-11-15,date_only_no_time,usable,,not_available_in_v1_layer,2026-07-22T21:09:32+00:00,,2026-07-22T21:09:32+00:00,confirmed_available_at,2026-07-22T21:09:32+00:00,2016-11-15,2026-07-22T21:09:32+00:00,yes_publication_claim_only,no,no,no,no,no,,version-link-v1.0-2026-07-26,layer=normalised-text-v1_provisional;pairs=near-dup-v1.0-2026-07-26;url=url-canon-v1.0-2026-07-27;syndication=syndication-v1.0-2026-07-26
NEWS-guardian_api-aa4e72df8f6b,SCC-2013-05,guardian_api,no_version_candidates,,,2012-11-25,date_only_no_time,usable,,not_available_in_v1_layer,2026-07-22T21:08:30+00:00,,2026-07-22T21:08:30+00:00,confirmed_available_at,2026-07-22T21:08:30+00:00,2012-11-25,2026-07-22T21:08:30+00:00,yes_publication_claim_only,no,no,no,no,no,,version-link-v1.0-2026-07-26,layer=normalised-text-v1_provisional;pairs=near-dup-v1.0-2026-07-26;url=url-canon-v1.0-2026-07-27;syndication=syndication-v1.0-2026-07-26
NEWS-guardian_api-aa5df3a6ec8c,SCC-2017-05,guardian_api,no_version_candidates,,,2017-01-24,date_only_no_time,usable,,not_available_in_v1_layer,2026-07-22T21:09:47+00:00,,2026-07-22T21:09:47+00:00,confirmed_available_at,2026-07-22T21:09:47+00:00,2017-01-24,2026-07-22T21:09:47+00:00,yes_publication_claim_only,no,no,no,no,no,,version-link-v1.0-2026-07-26,layer=normalised-text-v1_provisional;pairs=near-dup-v1.0-2026-07-26;url=url-canon-v1.0-2026-07-27;syndication=syndication-v1.0-2026-07-26
NEWS-guardian_api-aa7aa062bb23,SCC-2013-05,guardian_api,no_version_candidates,,,2012-11-09,date_only_no_time,usable,,not_available_in_v1_layer,2026-07-22T21:08:38+00:00,,2026-07-22T21:08:38+00:00,confirmed_available_at,2026-07-22T21:08:38+00:00,2012-11-09,2026-07-22T21:08:38+00:00,yes_publication_claim_only,no,no,no,no,no,,version-link-v1.0-2026-07-26,layer=normalised-text-v1_provisional;pairs=near-dup-v1.0-2026-07-26;url=url-canon-v1.0-2026-07-27;syndication=syndication-v1.0-2026-07-26
NEWS-guardian_api-aa8a04b696ea,ESWS-2026-05,guardian_api,no_version_candidates,,,2025-12-11,date_only_no_time,usable,,not_available_in_v1_layer,2026-07-22T21:08:10+00:00,,2026-07-22T21:08:10+00:00,confirmed_available_at,2026-07-22T21:08:10+00:00,2025-12-11,2026-07-22T21:08:10+00:00,yes_publication_claim_only,no,no,no,no,no,,version-link-v1.0-2026-07-26,layer=normalised-text-v1_provisional;pairs=near-dup-v1.0-2026-07-26;url=url-canon-v1.0-2026-07-27;syndication=syndication-v1.0-2026-07-26
NEWS-guardian_api-aae0d552d3f5,SCC-2013-05,guardian_api,no_version_candidates,,,2012-11-24,date_only_no_time,usable,,not_available_in_v1_layer,2026-07-22T21:08:30+00:00,,2026-07-22T21:08:30+00:00,confirmed_available_at,2026-07-22T21:08:30+00:00,2012-11-24,2026-07-22T21:08:30+00:00,yes_publication_claim_only,no,no,no,no,no,,version-link-v1.0-2026-07-26,layer=normalised-text-v1_provisional;pairs=near-dup-v1.0-2026-07-26;url=url-canon-v1.0-2026-07-27;syndication=syndication-v1.0-2026-07-26
NEWS-guardian_api-aaf71274576d,SCC-2017-05,guardian_api,no_version_candidates,,,2016-12-04,date_only_no_time,usable,,not_available_in_v1_layer,2026-07-22T21:09:19+00:00,,2026-07-22T21:09:19+00:00,confirmed_available_at,2026-07-22T21:09:19+00:00,2016-12-04,2026-07-22T21:09:19+00:00,yes_publication_claim_only,no,no,no,no,no,,version-link-v1.0-2026-07-26,layer=normalised-text-v1_provisional;pairs=near-dup-v1.0-2026-07-26;url=url-canon-v1.0-2026-07-27;syndication=syndication-v1.0-2026-07-26
NEWS-guardian_api-ab2b483c433e,SCC-2013-05,guardian_api,no_version_candidates,,,2013-01-20,date_only_no_time,usable,,not_available_in_v1_layer,2026-07-22T21:08:34+00:00,,2026-07-22T21:08:34+00:00,confirmed_available_at,2026-07-22T21:08:34+00:00,2013-01-20,2026-07-22T21:08:34+00:00,yes_publication_claim_only,no,no,no,no,no,,version-link-v1.0-2026-07-26,layer=normalised-text-v1_provisional;pairs=near-dup-v1.0-2026-07-26;url=url-canon-v1.0-2026-07-27;syndication=syndication-v1.0-2026-07-26
NEWS-guardian_api-ab6e562290c5,ESWS-2026-05,guardian_api,no_version_candidates,,,2025-11-18,date_only_no_time,usable,,not_available_in_v1_layer,2026-07-22T21:07:44+00:00,,2026-07-22T21:07:44+00:00,confirmed_available_at,2026-07-22T21:07:44+00:00,2025-11-18,2026-07-22T21:07:44+00:00,yes_publication_claim_only,no,no,no,no,no,,version-link-v1.0-2026-07-26,layer=normalised-text-v1_provisional;pairs=near-dup-v1.0-2026-07-26;url=url-canon-v1.0-2026-07-27;syndication=syndication-v1.0-2026-07-26
NEWS-guardian_api-ab70e67e9d1f,SCC-2017-05,guardian_api,no_version_candidates,,,2017-01-31,date_only_no_time,usable,,not_available_in_v1_layer,2026-07-22T21:09:23+00:00,,2026-07-22T21:09:23+00:00,confirmed_available_at,2026-07-22T21:09:23+00:00,2017-01-31,2026-07-22T21:09:23+00:00,yes_publication_claim_only,no,no,no,no,no,,version-link-v1.0-2026-07-26,layer=normalised-text-v1_provisional;pairs=near-dup-v1.0-2026-07-26;url=url-canon-v1.0-2026-07-27;syndication=syndication-v1.0-2026-07-26
NEWS-guardian_api-abb2097edd47,SCC-2017-05,guardian_api,no_version_candidates,,,2017-02-07,date_only_no_time,usable,,not_available_in_v1_layer,2026-07-22T21:09:26+00:00,,2026-07-22T21:09:26+00:00,confirmed_available_at,2026-07-22T21:09:26+00:00,2017-02-07,2026-07-22T21:09:26+00:00,yes_publication_claim_only,yes_publication_claim_only,no,no,no,no,,version-link-v1.0-2026-07-26,layer=normalised-text-v1_provisional;pairs=near-dup-v1.0-2026-07-26;url=url-canon-v1.0-2026-07-27;syndication=syndication-v1.0-2026-07-26
NEWS-guardian_api-abb6fb8ca3ba,SCC-2017-05,guardian_api,no_version_candidates,,,2016-11-05,date_only_no_time,usable,,not_available_in_v1_layer,2026-07-22T21:09:36+00:00,,2026-07-22T21:09:36+00:00,confirmed_available_at,2026-07-22T21:09:36+00:00,2016-11-05,2026-07-22T21:09:36+00:00,yes_publication_claim_only,no,no,no,no,no,,version-link-v1.0-2026-07-26,layer=normalised-text-v1_provisional;pairs=near-dup-v1.0-2026-07-26;url=url-canon-v1.0-2026-07-27;syndication=syndication-v1.0-2026-07-26
NEWS-guardian_api-ac071eb6ccd1,SCC-2017-05,guardian_api,no_version_candidates,,,2016-12-22,date_only_no_time,usable,,not_available_in_v1_layer,2026-07-22T21:09:40+00:00,,2026-07-22T21:09:40+00:00,confirmed_available_at,2026-07-22T21:09:40+00:00,2016-12-22,2026-07-22T21:09:40+00:00,yes_publication_claim_only,no,no,no,no,no,,version-link-v1.0-2026-07-26,layer=normalised-text-v1_provisional;pairs=near-dup-v1.0-2026-07-26;url=url-canon-v1.0-2026-07-27;syndication=syndication-v1.0-2026-07-26
NEWS-guardian_api-ac4bfab7e055,SCC-2017-05,guardian_api,no_version_candidates,,,2016-11-20,date_only_no_time,usable,,not_available_in_v1_layer,2026-07-22T21:09:22+00:00,,2026-07-22T21:09:22+00:00,confirmed_available_at,2026-07-22T21:09:22+00:00,2016-11-20,2026-07-22T21:09:22+00:00,yes_publication_claim_only,no,no,no,no,no,,version-link-v1.0-2026-07-26,layer=normalised-text-v1_provisional;pairs=near-dup-v1.0-2026-07-26;url=url-canon-v1.0-2026-07-27;syndication=syndication-v1.0-2026-07-26
NEWS-guardian_api-ac4d9b6218c2,SCC-2013-05,guardian_api,no_version_candidates,,,2013-03-09,date_only_no_time,usable,,not_available_in_v1_layer,2026-07-22T21:09:07+00:00,,2026-07-22T21:09:07+00:00,confirmed_available_at,2026-07-22T21:09:07+00:00,2013-03-09,2026-07-22T21:09:07+00:00,yes_publication_claim_only,yes_publication_claim_only,no,no,no,no,,version-link-v1.0-2026-07-26,layer=normalised-text-v1_provisional;pairs=near-dup-v1.0-2026-07-26;url=url-canon-v1.0-2026-07-27;syndication=syndication-v1.0-2026-07-26
NEWS-guardian_api-ac54978f4427,SCC-2021-05,guardian_api,no_version_candidates,,,2020-11-13,date_only_no_time,usable,,not_available_in_v1_layer,2026-07-22T21:10:25+00:00,,2026-07-22T21:10:25+00:00,confirmed_available_at,2026-07-22T21:10:25+00:00,2020-11-13,2026-07-22T21:10:25+00:00,yes_publication_claim_only,no,no,no,no,no,,version-link-v1.0-2026-07-26,layer=normalised-text-v1_provisional;pairs=near-dup-v1.0-2026-07-26;url=url-canon-v1.0-2026-07-27;syndication=syndication-v1.0-2026-07-26
NEWS-guardian_api-ac6654dfc1d2,SCC-2013-05,guardian_api,no_version_candidates,,,2013-01-02,date_only_no_time,usable,,not_available_in_v1_layer,2026-07-22T21:08:38+00:00,,2026-07-22T21:08:38+00:00,confirmed_available_at,2026-07-22T21:08:38+00:00,2013-01-02,2026-07-22T21:08:38+00:00,yes_publication_claim_only,no,no,no,no,no,,version-link-v1.0-2026-07-26,layer=normalised-text-v1_provisional;pairs=near-dup-v1.0-2026-07-26;url=url-canon-v1.0-2026-07-27;syndication=syndication-v1.0-2026-07-26
NEWS-guardian_api-ac73fbd39c4a,ESWS-2026-05,guardian_api,no_version_candidates,,,2025-11-10,date_only_no_time,usable,,not_available_in_v1_layer,2026-07-22T21:07:44+00:00,,2026-07-22T21:07:44+00:00,confirmed_available_at,2026-07-22T21:07:44+00:00,2025-11-10,2026-07-22T21:07:44+00:00,yes_publication_claim_only,no,no,no,no,no,,version-link-v1.0-2026-07-26,layer=normalised-text-v1_provisional;pairs=near-dup-v1.0-2026-07-26;url=url-canon-v1.0-2026-07-27;syndication=syndication-v1.0-2026-07-26
NEWS-guardian_api-ac7963ab6758,ESWS-2026-05,guardian_api,no_version_candidates,,,2026-02-26,date_only_no_time,usable,,not_available_in_v1_layer,2026-07-22T21:08:10+00:00,,2026-07-22T21:08:10+00:00,confirmed_available_at,2026-07-22T21:08:10+00:00,2026-02-26,2026-07-22T21:08:10+00:00,yes_publication_claim_only,yes_publication_claim_only,no,no,no,no,,version-link-v1.0-2026-07-26,layer=normalised-text-v1_provisional;pairs=near-dup-v1.0-2026-07-26;url=url-canon-v1.0-2026-07-27;syndication=syndication-v1.0-2026-07-26
NEWS-guardian_api-ac9ce3ab1439,SCC-2021-05,guardian_api,no_version_candidates,,,2020-11-07,date_only_no_time,usable,,not_available_in_v1_layer,2026-07-22T21:10:20+00:00,,2026-07-22T21:10:20+00:00,confirmed_available_at,2026-07-22T21:10:20+00:00,2020-11-07,2026-07-22T21:10:20+00:00,yes_publication_claim_only,no,no,no,no,no,,version-link-v1.0-2026-07-26,layer=normalised-text-v1_provisional;pairs=near-dup-v1.0-2026-07-26;url=url-canon-v1.0-2026-07-27;syndication=syndication-v1.0-2026-07-26
NEWS-guardian_api-acb9b43b90a3,SCC-2017-05,guardian_api,no_version_candidates,,,2016-12-13,date_only_no_time,usable,,not_available_in_v1_layer,2026-07-22T21:09:19+00:00,,2026-07-22T21:09:19+00:00,confirmed_available_at,2026-07-22T21:09:19+00:00,2016-12-13,2026-07-22T21:09:19+00:00,yes_publication_claim_only,no,no,no,no,no,,version-link-v1.0-2026-07-26,layer=normalised-text-v1_provisional;pairs=near-dup-v1.0-2026-07-26;url=url-canon-v1.0-2026-07-27;syndication=syndication-v1.0-2026-07-26
NEWS-guardian_api-acea947ab662,SCC-2013-05,guardian_api,no_version_candidates,,,2012-11-25,date_only_no_time,usable,,not_available_in_v1_layer,2026-07-22T21:08:30+00:00,,2026-07-22T21:08:30+00:00,confirmed_available_at,2026-07-22T21:08:30+00:00,2012-11-25,2026-07-22T21:08:30+00:00,yes_publication_claim_only,no,no,no,no,no,,version-link-v1.0-2026-07-26,layer=normalised-text-v1_provisional;pairs=near-dup-v1.0-2026-07-26;url=url-canon-v1.0-2026-07-27;syndication=syndication-v1.0-2026-07-26
NEWS-guardian_api-ad460bd44472,SCC-2021-05,guardian_api,no_version_candidates,,,2020-12-18,date_only_no_time,usable,,not_available_in_v1_layer,2026-07-22T21:10:32+00:00,,2026-07-22T21:10:32+00:00,confirmed_available_at,2026-07-22T21:10:32+00:00,2020-12-18,2026-07-22T21:10:32+00:00,yes_publication_claim_only,no,no,no,no,no,,version-link-v1.0-2026-07-26,layer=normalised-text-v1_provisional;pairs=near-dup-v1.0-2026-07-26;url=url-canon-v1.0-2026-07-27;syndication=syndication-v1.0-2026-07-26
NEWS-guardian_api-ae151a9e6b78,ESWS-2026-05,guardian_api,no_version_candidates,,,2025-12-08,date_only_no_time,usable,,not_available_in_v1_layer,2026-07-22T21:08:18+00:00,,2026-07-22T21:08:18+00:00,confirmed_available_at,2026-07-22T21:08:18+00:00,2025-12-08,2026-07-22T21:08:18+00:00,yes_publication_claim_only,no,no,no,no,no,,version-link-v1.0-2026-07-26,layer=normalised-text-v1_provisional;pairs=near-dup-v1.0-2026-07-26;url=url-canon-v1.0-2026-07-27;syndication=syndication-v1.0-2026-07-26
NEWS-guardian_api-ae2a9d32e60c,ESWS-2026-05,guardian_api,no_version_candidates,,,2025-12-24,date_only_no_time,usable,,not_available_in_v1_layer,2026-07-22T21:08:10+00:00,,2026-07-22T21:08:10+00:00,confirmed_available_at,2026-07-22T21:08:10+00:00,2025-12-24,2026-07-22T21:08:10+00:00,yes_publication_claim_only,no,no,no,no,no,,version-link-v1.0-2026-07-26,layer=normalised-text-v1_provisional;pairs=near-dup-v1.0-2026-07-26;url=url-canon-v1.0-2026-07-27;syndication=syndication-v1.0-2026-07-26
NEWS-guardian_api-ae8d528a0868,SCC-2017-05,guardian_api,no_version_candidates,,,2017-01-05,date_only_no_time,usable,,not_available_in_v1_layer,2026-07-22T21:09:40+00:00,,2026-07-22T21:09:40+00:00,confirmed_available_at,2026-07-22T21:09:40+00:00,2017-01-05,2026-07-22T21:09:40+00:00,yes_publication_claim_only,no,no,no,no,no,,version-link-v1.0-2026-07-26,layer=normalised-text-v1_provisional;pairs=near-dup-v1.0-2026-07-26;url=url-canon-v1.0-2026-07-27;syndication=syndication-v1.0-2026-07-26
NEWS-guardian_api-aec1424fae27,SCC-2017-05,guardian_api,no_version_candidates,,,2016-12-13,date_only_no_time,usable,,not_available_in_v1_layer,2026-07-22T21:09:19+00:00,,2026-07-22T21:09:19+00:00,confirmed_available_at,2026-07-22T21:09:19+00:00,2016-12-13,2026-07-22T21:09:19+00:00,yes_publication_claim_only,no,no,no,no,no,,version-link-v1.0-2026-07-26,layer=normalised-text-v1_provisional;pairs=near-dup-v1.0-2026-07-26;url=url-canon-v1.0-2026-07-27;syndication=syndication-v1.0-2026-07-26
NEWS-guardian_api-aec7f785b2e4,SCC-2017-05,guardian_api,no_version_candidates,,,2016-12-12,date_only_no_time,usable,,not_available_in_v1_layer,2026-07-22T21:09:39+00:00,,2026-07-22T21:09:39+00:00,confirmed_available_at,2026-07-22T21:09:39+00:00,2016-12-12,2026-07-22T21:09:39+00:00,yes_publication_claim_only,no,no,no,no,no,,version-link-v1.0-2026-07-26,layer=normalised-text-v1_provisional;pairs=near-dup-v1.0-2026-07-26;url=url-canon-v1.0-2026-07-27;syndication=syndication-v1.0-2026-07-26
NEWS-guardian_api-aed22ca1ec42,SCC-2017-05,guardian_api,no_version_candidates,,,2016-11-12,date_only_no_time,usable,,not_available_in_v1_layer,2026-07-22T21:09:32+00:00,,2026-07-22T21:09:32+00:00,confirmed_available_at,2026-07-22T21:09:32+00:00,2016-11-12,2026-07-22T21:09:32+00:00,yes_publication_claim_only,no,no,no,no,no,,version-link-v1.0-2026-07-26,layer=normalised-text-v1_provisional;pairs=near-dup-v1.0-2026-07-26;url=url-canon-v1.0-2026-07-27;syndication=syndication-v1.0-2026-07-26
NEWS-guardian_api-af443b63928e,SCC-2021-05,guardian_api,no_version_candidates,,,2020-11-10,date_only_no_time,usable,,not_available_in_v1_layer,2026-07-22T21:10:03+00:00,,2026-07-22T21:10:03+00:00,confirmed_available_at,2026-07-22T21:10:03+00:00,2020-11-10,2026-07-22T21:10:03+00:00,yes_publication_claim_only,no,no,no,no,no,,version-link-v1.0-2026-07-26,layer=normalised-text-v1_provisional;pairs=near-dup-v1.0-2026-07-26;url=url-canon-v1.0-2026-07-27;syndication=syndication-v1.0-2026-07-26
NEWS-guardian_api-af5720e50b3a,SCC-2017-05,guardian_api,no_version_candidates,,,2016-12-18,date_only_no_time,usable,,not_available_in_v1_layer,2026-07-22T21:09:19+00:00,,2026-07-22T21:09:19+00:00,confirmed_available_at,2026-07-22T21:09:19+00:00,2016-12-18,2026-07-22T21:09:19+00:00,yes_publication_claim_only,no,no,no,no,no,,version-link-v1.0-2026-07-26,layer=normalised-text-v1_provisional;pairs=near-dup-v1.0-2026-07-26;url=url-canon-v1.0-2026-07-27;syndication=syndication-v1.0-2026-07-26
NEWS-guardian_api-afdeacd4a377,SCC-2013-05,guardian_api,no_version_candidates,,,2012-12-17,date_only_no_time,usable,,not_available_in_v1_layer,2026-07-22T21:08:34+00:00,,2026-07-22T21:08:34+00:00,confirmed_available_at,2026-07-22T21:08:34+00:00,2012-12-17,2026-07-22T21:08:34+00:00,yes_publication_claim_only,no,no,no,no,no,,version-link-v1.0-2026-07-26,layer=normalised-text-v1_provisional;pairs=near-dup-v1.0-2026-07-26;url=url-canon-v1.0-2026-07-27;syndication=syndication-v1.0-2026-07-26
NEWS-guardian_api-afe6843cf8f0,ESWS-2026-05,guardian_api,no_version_candidates,,,2025-11-10,date_only_no_time,usable,,not_available_in_v1_layer,2026-07-22T21:08:02+00:00,,2026-07-22T21:08:02+00:00,confirmed_available_at,2026-07-22T21:08:02+00:00,2025-11-10,2026-07-22T21:08:02+00:00,yes_publication_claim_only,no,no,no,no,no,,version-link-v1.0-2026-07-26,layer=normalised-text-v1_provisional;pairs=near-dup-v1.0-2026-07-26;url=url-canon-v1.0-2026-07-27;syndication=syndication-v1.0-2026-07-26
NEWS-guardian_api-b038452a9ef5,SCC-2017-05,guardian_api,no_version_candidates,,,2016-11-10,date_only_no_time,usable,,not_available_in_v1_layer,2026-07-22T21:09:15+00:00,,2026-07-22T21:09:15+00:00,confirmed_available_at,2026-07-22T21:09:15+00:00,2016-11-10,2026-07-22T21:09:15+00:00,yes_publication_claim_only,no,no,no,no,no,,version-link-v1.0-2026-07-26,layer=normalised-text-v1_provisional;pairs=near-dup-v1.0-2026-07-26;url=url-canon-v1.0-2026-07-27;syndication=syndication-v1.0-2026-07-26
NEWS-guardian_api-b06e280013c4,SCC-2021-05,guardian_api,no_version_candidates,,,2021-01-13,date_only_no_time,usable,,not_available_in_v1_layer,2026-07-22T21:10:07+00:00,,2026-07-22T21:10:07+00:00,confirmed_available_at,2026-07-22T21:10:07+00:00,2021-01-13,2026-07-22T21:10:07+00:00,yes_publication_claim_only,no,no,no,no,no,,version-link-v1.0-2026-07-26,layer=normalised-text-v1_provisional;pairs=near-dup-v1.0-2026-07-26;url=url-canon-v1.0-2026-07-27;syndication=syndication-v1.0-2026-07-26
NEWS-guardian_api-b0790b0382a4,SCC-2017-05,guardian_api,no_version_candidates,,,2017-04-21,date_only_no_time,usable,,not_available_in_v1_layer,2026-07-22T21:09:52+00:00,,2026-07-22T21:09:52+00:00,confirmed_available_at,2026-07-22T21:09:52+00:00,2017-04-21,2026-07-22T21:09:52+00:00,yes_publication_claim_only,yes_publication_claim_only,yes_publication_claim_only,yes_publication_claim_only,no,no,,version-link-v1.0-2026-07-26,layer=normalised-text-v1_provisional;pairs=near-dup-v1.0-2026-07-26;url=url-canon-v1.0-2026-07-27;syndication=syndication-v1.0-2026-07-26
NEWS-guardian_api-b083390c72d2,SCC-2013-05,guardian_api,no_version_candidates,,,2012-11-06,date_only_no_time,usable,,not_available_in_v1_layer,2026-07-22T21:08:47+00:00,,2026-07-22T21:08:47+00:00,confirmed_available_at,2026-07-22T21:08:47+00:00,2012-11-06,2026-07-22T21:08:47+00:00,yes_publication_claim_only,no,no,no,no,no,,version-link-v1.0-2026-07-26,layer=normalised-text-v1_provisional;pairs=near-dup-v1.0-2026-07-26;url=url-canon-v1.0-2026-07-27;syndication=syndication-v1.0-2026-07-26
NEWS-guardian_api-b0b39f3474ab,ESWS-2026-05,guardian_api,no_version_candidates,,,2025-11-25,date_only_no_time,usable,,not_available_in_v1_layer,2026-07-22T21:08:10+00:00,,2026-07-22T21:08:10+00:00,confirmed_available_at,2026-07-22T21:08:10+00:00,2025-11-25,2026-07-22T21:08:10+00:00,yes_publication_claim_only,no,no,no,no,no,,version-link-v1.0-2026-07-26,layer=normalised-text-v1_provisional;pairs=near-dup-v1.0-2026-07-26;url=url-canon-v1.0-2026-07-27;syndication=syndication-v1.0-2026-07-26
NEWS-guardian_api-b0bd6fc9c322,SCC-2013-05,guardian_api,no_version_candidates,,,2012-11-12,date_only_no_time,usable,,not_available_in_v1_layer,2026-07-22T21:08:47+00:00,,2026-07-22T21:08:47+00:00,confirmed_available_at,2026-07-22T21:08:47+00:00,2012-11-12,2026-07-22T21:08:47+00:00,yes_publication_claim_only,no,no,no,no,no,,version-link-v1.0-2026-07-26,layer=normalised-text-v1_provisional;pairs=near-dup-v1.0-2026-07-26;url=url-canon-v1.0-2026-07-27;syndication=syndication-v1.0-2026-07-26
NEWS-guardian_api-b0df746edc1c,ESWS-2026-05,guardian_api,no_version_candidates,,,2025-11-18,date_only_no_time,usable,,not_available_in_v1_layer,2026-07-22T21:07:44+00:00,,2026-07-22T21:07:44+00:00,confirmed_available_at,2026-07-22T21:07:44+00:00,2025-11-18,2026-07-22T21:07:44+00:00,yes_publication_claim_only,no,no,no,no,no,,version-link-v1.0-2026-07-26,layer=normalised-text-v1_provisional;pairs=near-dup-v1.0-2026-07-26;url=url-canon-v1.0-2026-07-27;syndication=syndication-v1.0-2026-07-26
NEWS-guardian_api-b11d686d1daf,SCC-2017-05,guardian_api,no_version_candidates,,,2016-11-10,date_only_no_time,usable,,not_available_in_v1_layer,2026-07-22T21:09:15+00:00,,2026-07-22T21:09:15+00:00,confirmed_available_at,2026-07-22T21:09:15+00:00,2016-11-10,2026-07-22T21:09:15+00:00,yes_publication_claim_only,no,no,no,no,no,,version-link-v1.0-2026-07-26,layer=normalised-text-v1_provisional;pairs=near-dup-v1.0-2026-07-26;url=url-canon-v1.0-2026-07-27;syndication=syndication-v1.0-2026-07-26
NEWS-guardian_api-b13464c89042,SCC-2021-05,guardian_api,no_version_candidates,,,2021-05-04,date_only_no_time,usable,,not_available_in_v1_layer,2026-07-22T21:10:03+00:00,,2026-07-22T21:10:03+00:00,confirmed_available_at,2026-07-22T21:10:03+00:00,2021-05-04,2026-07-22T21:10:03+00:00,yes_publication_claim_only,yes_publication_claim_only,yes_publication_claim_only,yes_publication_claim_only,yes_publication_claim_only,yes_publication_claim_only,,version-link-v1.0-2026-07-26,layer=normalised-text-v1_provisional;pairs=near-dup-v1.0-2026-07-26;url=url-canon-v1.0-2026-07-27;syndication=syndication-v1.0-2026-07-26
NEWS-guardian_api-b138fad0d570,SCC-2013-05,guardian_api,no_version_candidates,,,2012-12-20,date_only_no_time,usable,,not_available_in_v1_layer,2026-07-22T21:08:34+00:00,,2026-07-22T21:08:34+00:00,confirmed_available_at,2026-07-22T21:08:34+00:00,2012-12-20,2026-07-22T21:08:34+00:00,yes_publication_claim_only,no,no,no,no,no,,version-link-v1.0-2026-07-26,layer=normalised-text-v1_provisional;pairs=near-dup-v1.0-2026-07-26;url=url-canon-v1.0-2026-07-27;syndication=syndication-v1.0-2026-07-26
NEWS-guardian_api-b14821938693,SCC-2013-05,guardian_api,no_version_candidates,,,2012-11-24,date_only_no_time,usable,,not_available_in_v1_layer,2026-07-22T21:08:30+00:00,,2026-07-22T21:08:30+00:00,confirmed_available_at,2026-07-22T21:08:30+00:00,2012-11-24,2026-07-22T21:08:30+00:00,yes_publication_claim_only,no,no,no,no,no,,version-link-v1.0-2026-07-26,layer=normalised-text-v1_provisional;pairs=near-dup-v1.0-2026-07-26;url=url-canon-v1.0-2026-07-27;syndication=syndication-v1.0-2026-07-26
NEWS-guardian_api-b17f87d44d51,ESWS-2026-05,guardian_api,no_version_candidates,,,2025-12-04,date_only_no_time,usable,,not_available_in_v1_layer,2026-07-22T21:08:18+00:00,,2026-07-22T21:08:18+00:00,confirmed_available_at,2026-07-22T21:08:18+00:00,2025-12-04,2026-07-22T21:08:18+00:00,yes_publication_claim_only,no,no,no,no,no,,version-link-v1.0-2026-07-26,layer=normalised-text-v1_provisional;pairs=near-dup-v1.0-2026-07-26;url=url-canon-v1.0-2026-07-27;syndication=syndication-v1.0-2026-07-26
NEWS-guardian_api-b1903606c16c,ESWS-2026-05,guardian_api,no_version_candidates,,,2025-11-18,date_only_no_time,usable,,not_available_in_v1_layer,2026-07-22T21:07:44+00:00,,2026-07-22T21:07:44+00:00,confirmed_available_at,2026-07-22T21:07:44+00:00,2025-11-18,2026-07-22T21:07:44+00:00,yes_publication_claim_only,no,no,no,no,no,,version-link-v1.0-2026-07-26,layer=normalised-text-v1_provisional;pairs=near-dup-v1.0-2026-07-26;url=url-canon-v1.0-2026-07-27;syndication=syndication-v1.0-2026-07-26
NEWS-guardian_api-b1aaa8c855fe,SCC-2021-05,guardian_api,no_version_candidates,,,2021-04-14,date_only_no_time,usable,,not_available_in_v1_layer,2026-07-22T21:10:13+00:00,,2026-07-22T21:10:13+00:00,confirmed_available_at,2026-07-22T21:10:13+00:00,2021-04-14,2026-07-22T21:10:13+00:00,yes_publication_claim_only,yes_publication_claim_only,yes_publication_claim_only,no,no,no,,version-link-v1.0-2026-07-26,layer=normalised-text-v1_provisional;pairs=near-dup-v1.0-2026-07-26;url=url-canon-v1.0-2026-07-27;syndication=syndication-v1.0-2026-07-26
NEWS-guardian_api-b1d8e00ef5c5,SCC-2021-05,guardian_api,no_version_candidates,,,2021-04-02,date_only_no_time,usable,,not_available_in_v1_layer,2026-07-22T21:09:58+00:00,,2026-07-22T21:09:58+00:00,confirmed_available_at,2026-07-22T21:09:58+00:00,2021-04-02,2026-07-22T21:09:58+00:00,yes_publication_claim_only,yes_publication_claim_only,no,no,no,no,,version-link-v1.0-2026-07-26,layer=normalised-text-v1_provisional;pairs=near-dup-v1.0-2026-07-26;url=url-canon-v1.0-2026-07-27;syndication=syndication-v1.0-2026-07-26
NEWS-guardian_api-b1dfc6b35e85,SCC-2013-05,guardian_api,no_version_candidates,,,2012-11-29,date_only_no_time,usable,,not_available_in_v1_layer,2026-07-22T21:08:55+00:00,,2026-07-22T21:08:55+00:00,confirmed_available_at,2026-07-22T21:08:55+00:00,2012-11-29,2026-07-22T21:08:55+00:00,yes_publication_claim_only,no,no,no,no,no,,version-link-v1.0-2026-07-26,layer=normalised-text-v1_provisional;pairs=near-dup-v1.0-2026-07-26;url=url-canon-v1.0-2026-07-27;syndication=syndication-v1.0-2026-07-26
NEWS-guardian_api-b2a5bbd9725b,ESWS-2026-05,guardian_api,no_version_candidates,,,2025-11-19,date_only_no_time,usable,,not_available_in_v1_layer,2026-07-22T21:07:44+00:00,,2026-07-22T21:07:44+00:00,confirmed_available_at,2026-07-22T21:07:44+00:00,2025-11-19,2026-07-22T21:07:44+00:00,yes_publication_claim_only,no,no,no,no,no,,version-link-v1.0-2026-07-26,layer=normalised-text-v1_provisional;pairs=near-dup-v1.0-2026-07-26;url=url-canon-v1.0-2026-07-27;syndication=syndication-v1.0-2026-07-26
NEWS-guardian_api-b321e0fcb83d,SCC-2017-05,guardian_api,no_version_candidates,,,2017-02-28,date_only_no_time,usable,,not_available_in_v1_layer,2026-07-22T21:09:23+00:00,,2026-07-22T21:09:23+00:00,confirmed_available_at,2026-07-22T21:09:23+00:00,2017-02-28,2026-07-22T21:09:23+00:00,yes_publication_claim_only,yes_publication_claim_only,no,no,no,no,,version-link-v1.0-2026-07-26,layer=normalised-text-v1_provisional;pairs=near-dup-v1.0-2026-07-26;url=url-canon-v1.0-2026-07-27;syndication=syndication-v1.0-2026-07-26
NEWS-guardian_api-b3225d7214f4,SCC-2013-05,guardian_api,no_version_candidates,,,2012-11-07,date_only_no_time,usable,,not_available_in_v1_layer,2026-07-22T21:08:47+00:00,,2026-07-22T21:08:47+00:00,confirmed_available_at,2026-07-22T21:08:47+00:00,2012-11-07,2026-07-22T21:08:47+00:00,yes_publication_claim_only,no,no,no,no,no,,version-link-v1.0-2026-07-26,layer=normalised-text-v1_provisional;pairs=near-dup-v1.0-2026-07-26;url=url-canon-v1.0-2026-07-27;syndication=syndication-v1.0-2026-07-26
NEWS-guardian_api-b33a8f5c200e,SCC-2017-05,guardian_api,no_version_candidates,,,2016-11-30,date_only_no_time,usable,,not_available_in_v1_layer,2026-07-22T21:09:19+00:00,,2026-07-22T21:09:19+00:00,confirmed_available_at,2026-07-22T21:09:19+00:00,2016-11-30,2026-07-22T21:09:19+00:00,yes_publication_claim_only,no,no,no,no,no,,version-link-v1.0-2026-07-26,layer=normalised-text-v1_provisional;pairs=near-dup-v1.0-2026-07-26;url=url-canon-v1.0-2026-07-27;syndication=syndication-v1.0-2026-07-26
NEWS-guardian_api-b374579f5c34,SCC-2017-05,guardian_api,no_version_candidates,,,2016-12-23,date_only_no_time,usable,,not_available_in_v1_layer,2026-07-22T21:09:19+00:00,,2026-07-22T21:09:19+00:00,confirmed_available_at,2026-07-22T21:09:19+00:00,2016-12-23,2026-07-22T21:09:19+00:00,yes_publication_claim_only,no,no,no,no,no,,version-link-v1.0-2026-07-26,layer=normalised-text-v1_provisional;pairs=near-dup-v1.0-2026-07-26;url=url-canon-v1.0-2026-07-27;syndication=syndication-v1.0-2026-07-26
NEWS-guardian_api-b3845a91402d,SCC-2021-05,guardian_api,no_version_candidates,,,2021-02-01,date_only_no_time,usable,,not_available_in_v1_layer,2026-07-22T21:10:25+00:00,,2026-07-22T21:10:25+00:00,confirmed_available_at,2026-07-22T21:10:25+00:00,2021-02-01,2026-07-22T21:10:25+00:00,yes_publication_claim_only,no,no,no,no,no,,version-link-v1.0-2026-07-26,layer=normalised-text-v1_provisional;pairs=near-dup-v1.0-2026-07-26;url=url-canon-v1.0-2026-07-27;syndication=syndication-v1.0-2026-07-26
NEWS-guardian_api-b38bbc775a00,SCC-2013-05,guardian_api,no_version_candidates,,,2012-12-16,date_only_no_time,usable,,not_available_in_v1_layer,2026-07-22T21:08:34+00:00,,2026-07-22T21:08:34+00:00,confirmed_available_at,2026-07-22T21:08:34+00:00,2012-12-16,2026-07-22T21:08:34+00:00,yes_publication_claim_only,no,no,no,no,no,,version-link-v1.0-2026-07-26,layer=normalised-text-v1_provisional;pairs=near-dup-v1.0-2026-07-26;url=url-canon-v1.0-2026-07-27;syndication=syndication-v1.0-2026-07-26
NEWS-guardian_api-b391a2167988,SCC-2017-05,guardian_api,no_version_candidates,,,2016-12-02,date_only_no_time,usable,,not_available_in_v1_layer,2026-07-22T21:09:19+00:00,,2026-07-22T21:09:19+00:00,confirmed_available_at,2026-07-22T21:09:19+00:00,2016-12-02,2026-07-22T21:09:19+00:00,yes_publication_claim_only,no,no,no,no,no,,version-link-v1.0-2026-07-26,layer=normalised-text-v1_provisional;pairs=near-dup-v1.0-2026-07-26;url=url-canon-v1.0-2026-07-27;syndication=syndication-v1.0-2026-07-26
NEWS-guardian_api-b3a2a26ceed1,SCC-2013-05,guardian_api,no_version_candidates,,,2012-11-21,date_only_no_time,usable,,not_available_in_v1_layer,2026-07-22T21:08:55+00:00,,2026-07-22T21:08:55+00:00,confirmed_available_at,2026-07-22T21:08:55+00:00,2012-11-21,2026-07-22T21:08:55+00:00,yes_publication_claim_only,no,no,no,no,no,,version-link-v1.0-2026-07-26,layer=normalised-text-v1_provisional;pairs=near-dup-v1.0-2026-07-26;url=url-canon-v1.0-2026-07-27;syndication=syndication-v1.0-2026-07-26
NEWS-guardian_api-b40684ca1627,ESWS-2026-05,guardian_api,no_version_candidates,,,2025-11-19,date_only_no_time,usable,,not_available_in_v1_layer,2026-07-22T21:07:52+00:00,,2026-07-22T21:07:52+00:00,confirmed_available_at,2026-07-22T21:07:52+00:00,2025-11-19,2026-07-22T21:07:52+00:00,yes_publication_claim_only,no,no,no,no,no,,version-link-v1.0-2026-07-26,layer=normalised-text-v1_provisional;pairs=near-dup-v1.0-2026-07-26;url=url-canon-v1.0-2026-07-27;syndication=syndication-v1.0-2026-07-26
NEWS-guardian_api-b4214c9c9abf,ESWS-2026-05,guardian_api,no_version_candidates,,,2026-04-20,date_only_no_time,usable,,not_available_in_v1_layer,2026-07-22T21:07:58+00:00,,2026-07-22T21:07:58+00:00,confirmed_available_at,2026-07-22T21:07:58+00:00,2026-04-20,2026-07-22T21:07:58+00:00,yes_publication_claim_only,yes_publication_claim_only,yes_publication_claim_only,no,no,no,,version-link-v1.0-2026-07-26,layer=normalised-text-v1_provisional;pairs=near-dup-v1.0-2026-07-26;url=url-canon-v1.0-2026-07-27;syndication=syndication-v1.0-2026-07-26
NEWS-guardian_api-b45cfb217554,SCC-2021-05,guardian_api,no_version_candidates,,,2020-11-12,date_only_no_time,usable,,not_available_in_v1_layer,2026-07-22T21:10:17+00:00,,2026-07-22T21:10:17+00:00,confirmed_available_at,2026-07-22T21:10:17+00:00,2020-11-12,2026-07-22T21:10:17+00:00,yes_publication_claim_only,no,no,no,no,no,,version-link-v1.0-2026-07-26,layer=normalised-text-v1_provisional;pairs=near-dup-v1.0-2026-07-26;url=url-canon-v1.0-2026-07-27;syndication=syndication-v1.0-2026-07-26
NEWS-guardian_api-b48d01a86b76,ESWS-2026-05,guardian_api,no_version_candidates,,,2026-02-20,date_only_no_time,usable,,not_available_in_v1_layer,2026-07-22T21:07:58+00:00,,2026-07-22T21:07:58+00:00,confirmed_available_at,2026-07-22T21:07:58+00:00,2026-02-20,2026-07-22T21:07:58+00:00,yes_publication_claim_only,yes_publication_claim_only,no,no,no,no,,version-link-v1.0-2026-07-26,layer=normalised-text-v1_provisional;pairs=near-dup-v1.0-2026-07-26;url=url-canon-v1.0-2026-07-27;syndication=syndication-v1.0-2026-07-26
NEWS-guardian_api-b4926290de19,SCC-2017-05,guardian_api,no_version_candidates,,,2017-01-10,date_only_no_time,usable,,not_available_in_v1_layer,2026-07-22T21:09:47+00:00,,2026-07-22T21:09:47+00:00,confirmed_available_at,2026-07-22T21:09:47+00:00,2017-01-10,2026-07-22T21:09:47+00:00,yes_publication_claim_only,no,no,no,no,no,,version-link-v1.0-2026-07-26,layer=normalised-text-v1_provisional;pairs=near-dup-v1.0-2026-07-26;url=url-canon-v1.0-2026-07-27;syndication=syndication-v1.0-2026-07-26
NEWS-guardian_api-b4a51dbcbb79,SCC-2013-05,guardian_api,no_version_candidates,,,2012-12-08,date_only_no_time,usable,,not_available_in_v1_layer,2026-07-22T21:08:55+00:00,,2026-07-22T21:08:55+00:00,confirmed_available_at,2026-07-22T21:08:55+00:00,2012-12-08,2026-07-22T21:08:55+00:00,yes_publication_claim_only,no,no,no,no,no,,version-link-v1.0-2026-07-26,layer=normalised-text-v1_provisional;pairs=near-dup-v1.0-2026-07-26;url=url-canon-v1.0-2026-07-27;syndication=syndication-v1.0-2026-07-26
NEWS-guardian_api-b4a9b14f1d0c,SCC-2013-05,guardian_api,no_version_candidates,,,2012-11-12,date_only_no_time,usable,,not_available_in_v1_layer,2026-07-22T21:08:30+00:00,,2026-07-22T21:08:30+00:00,confirmed_available_at,2026-07-22T21:08:30+00:00,2012-11-12,2026-07-22T21:08:30+00:00,yes_publication_claim_only,no,no,no,no,no,,version-link-v1.0-2026-07-26,layer=normalised-text-v1_provisional;pairs=near-dup-v1.0-2026-07-26;url=url-canon-v1.0-2026-07-27;syndication=syndication-v1.0-2026-07-26
NEWS-guardian_api-b4b0e5153d01,SCC-2021-05,guardian_api,no_version_candidates,,,2021-03-18,date_only_no_time,usable,,not_available_in_v1_layer,2026-07-22T21:10:33+00:00,,2026-07-22T21:10:33+00:00,confirmed_available_at,2026-07-22T21:10:33+00:00,2021-03-18,2026-07-22T21:10:33+00:00,yes_publication_claim_only,yes_publication_claim_only,no,no,no,no,,version-link-v1.0-2026-07-26,layer=normalised-text-v1_provisional;pairs=near-dup-v1.0-2026-07-26;url=url-canon-v1.0-2026-07-27;syndication=syndication-v1.0-2026-07-26
NEWS-guardian_api-b4f850de5a26,ESWS-2026-05,guardian_api,no_version_candidates,,,2026-01-11,date_only_no_time,usable,,not_available_in_v1_layer,2026-07-22T21:08:10+00:00,,2026-07-22T21:08:10+00:00,confirmed_available_at,2026-07-22T21:08:10+00:00,2026-01-11,2026-07-22T21:08:10+00:00,yes_publication_claim_only,no,no,no,no,no,,version-link-v1.0-2026-07-26,layer=normalised-text-v1_provisional;pairs=near-dup-v1.0-2026-07-26;url=url-canon-v1.0-2026-07-27;syndication=syndication-v1.0-2026-07-26
NEWS-guardian_api-b4ffc643185d,SCC-2017-05,guardian_api,no_version_candidates,,,2016-12-14,date_only_no_time,usable,,not_available_in_v1_layer,2026-07-22T21:09:40+00:00,,2026-07-22T21:09:40+00:00,confirmed_available_at,2026-07-22T21:09:40+00:00,2016-12-14,2026-07-22T21:09:40+00:00,yes_publication_claim_only,no,no,no,no,no,,version-link-v1.0-2026-07-26,layer=normalised-text-v1_provisional;pairs=near-dup-v1.0-2026-07-26;url=url-canon-v1.0-2026-07-27;syndication=syndication-v1.0-2026-07-26
NEWS-guardian_api-b534784a0521,SCC-2021-05,guardian_api,no_version_candidates,,,2021-03-23,date_only_no_time,usable,,not_available_in_v1_layer,2026-07-22T21:10:33+00:00,,2026-07-22T21:10:33+00:00,confirmed_available_at,2026-07-22T21:10:33+00:00,2021-03-23,2026-07-22T21:10:33+00:00,yes_publication_claim_only,yes_publication_claim_only,no,no,no,no,,version-link-v1.0-2026-07-26,layer=normalised-text-v1_provisional;pairs=near-dup-v1.0-2026-07-26;url=url-canon-v1.0-2026-07-27;syndication=syndication-v1.0-2026-07-26
NEWS-guardian_api-b56da745b23a,SCC-2017-05,guardian_api,no_version_candidates,,,2016-11-08,date_only_no_time,usable,,not_available_in_v1_layer,2026-07-22T21:09:15+00:00,,2026-07-22T21:09:15+00:00,confirmed_available_at,2026-07-22T21:09:15+00:00,2016-11-08,2026-07-22T21:09:15+00:00,yes_publication_claim_only,no,no,no,no,no,,version-link-v1.0-2026-07-26,layer=normalised-text-v1_provisional;pairs=near-dup-v1.0-2026-07-26;url=url-canon-v1.0-2026-07-27;syndication=syndication-v1.0-2026-07-26
NEWS-guardian_api-b57e55e593b0,SCC-2013-05,guardian_api,no_version_candidates,,,2012-11-14,date_only_no_time,usable,,not_available_in_v1_layer,2026-07-22T21:08:55+00:00,,2026-07-22T21:08:55+00:00,confirmed_available_at,2026-07-22T21:08:55+00:00,2012-11-14,2026-07-22T21:08:55+00:00,yes_publication_claim_only,no,no,no,no,no,,version-link-v1.0-2026-07-26,layer=normalised-text-v1_provisional;pairs=near-dup-v1.0-2026-07-26;url=url-canon-v1.0-2026-07-27;syndication=syndication-v1.0-2026-07-26
NEWS-guardian_api-b5885257c870,SCC-2013-05,guardian_api,no_version_candidates,,,2013-01-15,date_only_no_time,usable,,not_available_in_v1_layer,2026-07-22T21:09:07+00:00,,2026-07-22T21:09:07+00:00,confirmed_available_at,2026-07-22T21:09:07+00:00,2013-01-15,2026-07-22T21:09:07+00:00,yes_publication_claim_only,no,no,no,no,no,,version-link-v1.0-2026-07-26,layer=normalised-text-v1_provisional;pairs=near-dup-v1.0-2026-07-26;url=url-canon-v1.0-2026-07-27;syndication=syndication-v1.0-2026-07-26
NEWS-guardian_api-b59c4aa0fc64,SCC-2013-05,guardian_api,no_version_candidates,,,2012-11-08,date_only_no_time,usable,,not_available_in_v1_layer,2026-07-22T21:08:47+00:00,,2026-07-22T21:08:47+00:00,confirmed_available_at,2026-07-22T21:08:47+00:00,2012-11-08,2026-07-22T21:08:47+00:00,yes_publication_claim_only,no,no,no,no,no,,version-link-v1.0-2026-07-26,layer=normalised-text-v1_provisional;pairs=near-dup-v1.0-2026-07-26;url=url-canon-v1.0-2026-07-27;syndication=syndication-v1.0-2026-07-26
NEWS-guardian_api-b5b69dac2b8b,SCC-2013-05,guardian_api,no_version_candidates,,,2012-11-21,date_only_no_time,usable,,not_available_in_v1_layer,2026-07-22T21:08:30+00:00,,2026-07-22T21:08:30+00:00,confirmed_available_at,2026-07-22T21:08:30+00:00,2012-11-21,2026-07-22T21:08:30+00:00,yes_publication_claim_only,no,no,no,no,no,,version-link-v1.0-2026-07-26,layer=normalised-text-v1_provisional;pairs=near-dup-v1.0-2026-07-26;url=url-canon-v1.0-2026-07-27;syndication=syndication-v1.0-2026-07-26
NEWS-guardian_api-b5e1e600a70e,SCC-2013-05,guardian_api,no_version_candidates,,,2012-12-31,date_only_no_time,usable,,not_available_in_v1_layer,2026-07-22T21:08:34+00:00,,2026-07-22T21:08:34+00:00,confirmed_available_at,2026-07-22T21:08:34+00:00,2012-12-31,2026-07-22T21:08:34+00:00,yes_publication_claim_only,no,no,no,no,no,,version-link-v1.0-2026-07-26,layer=normalised-text-v1_provisional;pairs=near-dup-v1.0-2026-07-26;url=url-canon-v1.0-2026-07-27;syndication=syndication-v1.0-2026-07-26
NEWS-guardian_api-b614b6d88348,SCC-2017-05,guardian_api,no_version_candidates,,,2016-11-05,date_only_no_time,usable,,not_available_in_v1_layer,2026-07-22T21:09:36+00:00,,2026-07-22T21:09:36+00:00,confirmed_available_at,2026-07-22T21:09:36+00:00,2016-11-05,2026-07-22T21:09:36+00:00,yes_publication_claim_only,no,no,no,no,no,,version-link-v1.0-2026-07-26,layer=normalised-text-v1_provisional;pairs=near-dup-v1.0-2026-07-26;url=url-canon-v1.0-2026-07-27;syndication=syndication-v1.0-2026-07-26
NEWS-guardian_api-b67a68a0e79e,SCC-2021-05,guardian_api,no_version_candidates,,,2020-11-30,date_only_no_time,usable,,not_available_in_v1_layer,2026-07-22T21:10:32+00:00,,2026-07-22T21:10:32+00:00,confirmed_available_at,2026-07-22T21:10:32+00:00,2020-11-30,2026-07-22T21:10:32+00:00,yes_publication_claim_only,no,no,no,no,no,,version-link-v1.0-2026-07-26,layer=normalised-text-v1_provisional;pairs=near-dup-v1.0-2026-07-26;url=url-canon-v1.0-2026-07-27;syndication=syndication-v1.0-2026-07-26
NEWS-guardian_api-b6f44ecaabd6,SCC-2017-05,guardian_api,no_version_candidates,,,2017-01-20,date_only_no_time,usable,,not_available_in_v1_layer,2026-07-22T21:09:22+00:00,,2026-07-22T21:09:22+00:00,confirmed_available_at,2026-07-22T21:09:22+00:00,2017-01-20,2026-07-22T21:09:22+00:00,yes_publication_claim_only,no,no,no,no,no,,version-link-v1.0-2026-07-26,layer=normalised-text-v1_provisional;pairs=near-dup-v1.0-2026-07-26;url=url-canon-v1.0-2026-07-27;syndication=syndication-v1.0-2026-07-26
NEWS-guardian_api-b6f995c8bac1,SCC-2017-05,guardian_api,no_version_candidates,,,2016-11-15,date_only_no_time,usable,,not_available_in_v1_layer,2026-07-22T21:09:32+00:00,,2026-07-22T21:09:32+00:00,confirmed_available_at,2026-07-22T21:09:32+00:00,2016-11-15,2026-07-22T21:09:32+00:00,yes_publication_claim_only,no,no,no,no,no,,version-link-v1.0-2026-07-26,layer=normalised-text-v1_provisional;pairs=near-dup-v1.0-2026-07-26;url=url-canon-v1.0-2026-07-27;syndication=syndication-v1.0-2026-07-26
NEWS-guardian_api-b70618ca390f,SCC-2017-05,guardian_api,no_version_candidates,,,2016-11-15,date_only_no_time,usable,,not_available_in_v1_layer,2026-07-22T21:09:15+00:00,,2026-07-22T21:09:15+00:00,confirmed_available_at,2026-07-22T21:09:15+00:00,2016-11-15,2026-07-22T21:09:15+00:00,yes_publication_claim_only,no,no,no,no,no,,version-link-v1.0-2026-07-26,layer=normalised-text-v1_provisional;pairs=near-dup-v1.0-2026-07-26;url=url-canon-v1.0-2026-07-27;syndication=syndication-v1.0-2026-07-26
NEWS-guardian_api-b71e9bb23b30,SCC-2021-05,guardian_api,no_version_candidates,,,2020-11-08,date_only_no_time,usable,,not_available_in_v1_layer,2026-07-22T21:10:17+00:00,,2026-07-22T21:10:17+00:00,confirmed_available_at,2026-07-22T21:10:17+00:00,2020-11-08,2026-07-22T21:10:17+00:00,yes_publication_claim_only,no,no,no,no,no,,version-link-v1.0-2026-07-26,layer=normalised-text-v1_provisional;pairs=near-dup-v1.0-2026-07-26;url=url-canon-v1.0-2026-07-27;syndication=syndication-v1.0-2026-07-26
NEWS-guardian_api-b722a5151c87,ESWS-2026-05,guardian_api,no_version_candidates,,,2025-11-13,date_only_no_time,usable,,not_available_in_v1_layer,2026-07-22T21:08:02+00:00,,2026-07-22T21:08:02+00:00,confirmed_available_at,2026-07-22T21:08:02+00:00,2025-11-13,2026-07-22T21:08:02+00:00,yes_publication_claim_only,no,no,no,no,no,,version-link-v1.0-2026-07-26,layer=normalised-text-v1_provisional;pairs=near-dup-v1.0-2026-07-26;url=url-canon-v1.0-2026-07-27;syndication=syndication-v1.0-2026-07-26
NEWS-guardian_api-b746c5ddaf42,SCC-2017-05,guardian_api,no_version_candidates,,,2016-12-09,date_only_no_time,usable,,not_available_in_v1_layer,2026-07-22T21:09:22+00:00,,2026-07-22T21:09:22+00:00,confirmed_available_at,2026-07-22T21:09:22+00:00,2016-12-09,2026-07-22T21:09:22+00:00,yes_publication_claim_only,no,no,no,no,no,,version-link-v1.0-2026-07-26,layer=normalised-text-v1_provisional;pairs=near-dup-v1.0-2026-07-26;url=url-canon-v1.0-2026-07-27;syndication=syndication-v1.0-2026-07-26
NEWS-guardian_api-b770c5591478,SCC-2017-05,guardian_api,no_version_candidates,,,2016-11-28,date_only_no_time,usable,,not_available_in_v1_layer,2026-07-22T21:09:39+00:00,,2026-07-22T21:09:39+00:00,confirmed_available_at,2026-07-22T21:09:39+00:00,2016-11-28,2026-07-22T21:09:39+00:00,yes_publication_claim_only,no,no,no,no,no,,version-link-v1.0-2026-07-26,layer=normalised-text-v1_provisional;pairs=near-dup-v1.0-2026-07-26;url=url-canon-v1.0-2026-07-27;syndication=syndication-v1.0-2026-07-26
NEWS-guardian_api-b7885b0b4682,SCC-2017-05,guardian_api,no_version_candidates,,,2016-11-21,date_only_no_time,usable,,not_available_in_v1_layer,2026-07-22T21:09:15+00:00,,2026-07-22T21:09:15+00:00,confirmed_available_at,2026-07-22T21:09:15+00:00,2016-11-21,2026-07-22T21:09:15+00:00,yes_publication_claim_only,no,no,no,no,no,,version-link-v1.0-2026-07-26,layer=normalised-text-v1_provisional;pairs=near-dup-v1.0-2026-07-26;url=url-canon-v1.0-2026-07-27;syndication=syndication-v1.0-2026-07-26
NEWS-guardian_api-b7bbfc44b664,SCC-2021-05,guardian_api,no_version_candidates,,,2020-11-25,date_only_no_time,usable,,not_available_in_v1_layer,2026-07-22T21:10:25+00:00,,2026-07-22T21:10:25+00:00,confirmed_available_at,2026-07-22T21:10:25+00:00,2020-11-25,2026-07-22T21:10:25+00:00,yes_publication_claim_only,no,no,no,no,no,,version-link-v1.0-2026-07-26,layer=normalised-text-v1_provisional;pairs=near-dup-v1.0-2026-07-26;url=url-canon-v1.0-2026-07-27;syndication=syndication-v1.0-2026-07-26
NEWS-guardian_api-b88e521c3d0b,ESWS-2026-05,guardian_api,no_version_candidates,,,2025-11-22,date_only_no_time,usable,,not_available_in_v1_layer,2026-07-22T21:08:18+00:00,,2026-07-22T21:08:18+00:00,confirmed_available_at,2026-07-22T21:08:18+00:00,2025-11-22,2026-07-22T21:08:18+00:00,yes_publication_claim_only,no,no,no,no,no,,version-link-v1.0-2026-07-26,layer=normalised-text-v1_provisional;pairs=near-dup-v1.0-2026-07-26;url=url-canon-v1.0-2026-07-27;syndication=syndication-v1.0-2026-07-26
NEWS-guardian_api-b8c5ba78882e,ESWS-2026-05,guardian_api,no_version_candidates,,,2026-04-08,date_only_no_time,usable,,not_available_in_v1_layer,2026-07-22T21:08:23+00:00,,2026-07-22T21:08:23+00:00,confirmed_available_at,2026-07-22T21:08:23+00:00,2026-04-08,2026-07-22T21:08:23+00:00,yes_publication_claim_only,yes_publication_claim_only,yes_publication_claim_only,no,no,no,,version-link-v1.0-2026-07-26,layer=normalised-text-v1_provisional;pairs=near-dup-v1.0-2026-07-26;url=url-canon-v1.0-2026-07-27;syndication=syndication-v1.0-2026-07-26
NEWS-guardian_api-b92f923b14d5,SCC-2013-05,guardian_api,no_version_candidates,,,2013-04-16,date_only_no_time,usable,,not_available_in_v1_layer,2026-07-22T21:09:08+00:00,,2026-07-22T21:09:08+00:00,confirmed_available_at,2026-07-22T21:09:08+00:00,2013-04-16,2026-07-22T21:09:08+00:00,yes_publication_claim_only,yes_publication_claim_only,yes_publication_claim_only,no,no,no,,version-link-v1.0-2026-07-26,layer=normalised-text-v1_provisional;pairs=near-dup-v1.0-2026-07-26;url=url-canon-v1.0-2026-07-27;syndication=syndication-v1.0-2026-07-26
NEWS-guardian_api-b95171a27d19,SCC-2013-05,guardian_api,no_version_candidates,,,2013-01-16,date_only_no_time,usable,,not_available_in_v1_layer,2026-07-22T21:08:34+00:00,,2026-07-22T21:08:34+00:00,confirmed_available_at,2026-07-22T21:08:34+00:00,2013-01-16,2026-07-22T21:08:34+00:00,yes_publication_claim_only,no,no,no,no,no,,version-link-v1.0-2026-07-26,layer=normalised-text-v1_provisional;pairs=near-dup-v1.0-2026-07-26;url=url-canon-v1.0-2026-07-27;syndication=syndication-v1.0-2026-07-26
NEWS-guardian_api-b9b485cd23c0,SCC-2013-05,guardian_api,no_version_candidates,,,2012-11-26,date_only_no_time,usable,,not_available_in_v1_layer,2026-07-22T21:08:31+00:00,,2026-07-22T21:08:31+00:00,confirmed_available_at,2026-07-22T21:08:31+00:00,2012-11-26,2026-07-22T21:08:31+00:00,yes_publication_claim_only,no,no,no,no,no,,version-link-v1.0-2026-07-26,layer=normalised-text-v1_provisional;pairs=near-dup-v1.0-2026-07-26;url=url-canon-v1.0-2026-07-27;syndication=syndication-v1.0-2026-07-26
NEWS-guardian_api-b9ca7cf4cf72,ESWS-2026-05,guardian_api,no_version_candidates,,,2026-01-05,date_only_no_time,usable,,not_available_in_v1_layer,2026-07-22T21:08:10+00:00,,2026-07-22T21:08:10+00:00,confirmed_available_at,2026-07-22T21:08:10+00:00,2026-01-05,2026-07-22T21:08:10+00:00,yes_publication_claim_only,no,no,no,no,no,,version-link-v1.0-2026-07-26,layer=normalised-text-v1_provisional;pairs=near-dup-v1.0-2026-07-26;url=url-canon-v1.0-2026-07-27;syndication=syndication-v1.0-2026-07-26
NEWS-guardian_api-b9d1f9711a7c,ESWS-2026-05,guardian_api,no_version_candidates,,,2025-11-26,date_only_no_time,usable,,not_available_in_v1_layer,2026-07-22T21:08:18+00:00,,2026-07-22T21:08:18+00:00,confirmed_available_at,2026-07-22T21:08:18+00:00,2025-11-26,2026-07-22T21:08:18+00:00,yes_publication_claim_only,no,no,no,no,no,,version-link-v1.0-2026-07-26,layer=normalised-text-v1_provisional;pairs=near-dup-v1.0-2026-07-26;url=url-canon-v1.0-2026-07-27;syndication=syndication-v1.0-2026-07-26
NEWS-guardian_api-b9d210492f43,SCC-2021-05,guardian_api,no_version_candidates,,,2020-12-26,date_only_no_time,usable,,not_available_in_v1_layer,2026-07-22T21:10:12+00:00,,2026-07-22T21:10:12+00:00,confirmed_available_at,2026-07-22T21:10:12+00:00,2020-12-26,2026-07-22T21:10:12+00:00,yes_publication_claim_only,no,no,no,no,no,,version-link-v1.0-2026-07-26,layer=normalised-text-v1_provisional;pairs=near-dup-v1.0-2026-07-26;url=url-canon-v1.0-2026-07-27;syndication=syndication-v1.0-2026-07-26
NEWS-guardian_api-b9d32ab9391c,SCC-2013-05,guardian_api,no_version_candidates,,,2012-12-11,date_only_no_time,usable,,not_available_in_v1_layer,2026-07-22T21:09:02+00:00,,2026-07-22T21:09:02+00:00,confirmed_available_at,2026-07-22T21:09:02+00:00,2012-12-11,2026-07-22T21:09:02+00:00,yes_publication_claim_only,no,no,no,no,no,,version-link-v1.0-2026-07-26,layer=normalised-text-v1_provisional;pairs=near-dup-v1.0-2026-07-26;url=url-canon-v1.0-2026-07-27;syndication=syndication-v1.0-2026-07-26
NEWS-guardian_api-ba0c9e3273dd,SCC-2017-05,guardian_api,no_version_candidates,,,2016-12-06,date_only_no_time,usable,,not_available_in_v1_layer,2026-07-22T21:09:47+00:00,,2026-07-22T21:09:47+00:00,confirmed_available_at,2026-07-22T21:09:47+00:00,2016-12-06,2026-07-22T21:09:47+00:00,yes_publication_claim_only,no,no,no,no,no,,version-link-v1.0-2026-07-26,layer=normalised-text-v1_provisional;pairs=near-dup-v1.0-2026-07-26;url=url-canon-v1.0-2026-07-27;syndication=syndication-v1.0-2026-07-26
NEWS-guardian_api-ba3a61353696,ESWS-2026-05,guardian_api,no_version_candidates,,,2025-11-16,date_only_no_time,usable,,not_available_in_v1_layer,2026-07-22T21:07:44+00:00,,2026-07-22T21:07:44+00:00,confirmed_available_at,2026-07-22T21:07:44+00:00,2025-11-16,2026-07-22T21:07:44+00:00,yes_publication_claim_only,no,no,no,no,no,,version-link-v1.0-2026-07-26,layer=normalised-text-v1_provisional;pairs=near-dup-v1.0-2026-07-26;url=url-canon-v1.0-2026-07-27;syndication=syndication-v1.0-2026-07-26
NEWS-guardian_api-baa91e0d9e61,SCC-2017-05,guardian_api,no_version_candidates,,,2016-12-05,date_only_no_time,usable,,not_available_in_v1_layer,2026-07-22T21:09:19+00:00,,2026-07-22T21:09:19+00:00,confirmed_available_at,2026-07-22T21:09:19+00:00,2016-12-05,2026-07-22T21:09:19+00:00,yes_publication_claim_only,no,no,no,no,no,,version-link-v1.0-2026-07-26,layer=normalised-text-v1_provisional;pairs=near-dup-v1.0-2026-07-26;url=url-canon-v1.0-2026-07-27;syndication=syndication-v1.0-2026-07-26
NEWS-guardian_api-bac223e42622,SCC-2017-05,guardian_api,no_version_candidates,,,2016-11-07,date_only_no_time,usable,,not_available_in_v1_layer,2026-07-22T21:09:32+00:00,,2026-07-22T21:09:32+00:00,confirmed_available_at,2026-07-22T21:09:32+00:00,2016-11-07,2026-07-22T21:09:32+00:00,yes_publication_claim_only,no,no,no,no,no,,version-link-v1.0-2026-07-26,layer=normalised-text-v1_provisional;pairs=near-dup-v1.0-2026-07-26;url=url-canon-v1.0-2026-07-27;syndication=syndication-v1.0-2026-07-26
NEWS-guardian_api-baf8f3c7a02d,SCC-2013-05,guardian_api,no_version_candidates,,,2012-12-05,date_only_no_time,usable,,not_available_in_v1_layer,2026-07-22T21:08:55+00:00,,2026-07-22T21:08:55+00:00,confirmed_available_at,2026-07-22T21:08:55+00:00,2012-12-05,2026-07-22T21:08:55+00:00,yes_publication_claim_only,no,no,no,no,no,,version-link-v1.0-2026-07-26,layer=normalised-text-v1_provisional;pairs=near-dup-v1.0-2026-07-26;url=url-canon-v1.0-2026-07-27;syndication=syndication-v1.0-2026-07-26
NEWS-guardian_api-bb20adee0f3a,SCC-2017-05,guardian_api,no_version_candidates,,,2017-01-12,date_only_no_time,usable,,not_available_in_v1_layer,2026-07-22T21:09:47+00:00,,2026-07-22T21:09:47+00:00,confirmed_available_at,2026-07-22T21:09:47+00:00,2017-01-12,2026-07-22T21:09:47+00:00,yes_publication_claim_only,no,no,no,no,no,,version-link-v1.0-2026-07-26,layer=normalised-text-v1_provisional;pairs=near-dup-v1.0-2026-07-26;url=url-canon-v1.0-2026-07-27;syndication=syndication-v1.0-2026-07-26
NEWS-guardian_api-bb3a56e9bcc5,SCC-2021-05,guardian_api,no_version_candidates,,,2021-03-03,date_only_no_time,usable,,not_available_in_v1_layer,2026-07-22T21:10:33+00:00,,2026-07-22T21:10:33+00:00,confirmed_available_at,2026-07-22T21:10:33+00:00,2021-03-03,2026-07-22T21:10:33+00:00,yes_publication_claim_only,yes_publication_claim_only,no,no,no,no,,version-link-v1.0-2026-07-26,layer=normalised-text-v1_provisional;pairs=near-dup-v1.0-2026-07-26;url=url-canon-v1.0-2026-07-27;syndication=syndication-v1.0-2026-07-26
NEWS-guardian_api-bbbb401ce3ee,SCC-2017-05,guardian_api,no_version_candidates,,,2017-02-08,date_only_no_time,usable,,not_available_in_v1_layer,2026-07-22T21:09:26+00:00,,2026-07-22T21:09:26+00:00,confirmed_available_at,2026-07-22T21:09:26+00:00,2017-02-08,2026-07-22T21:09:26+00:00,yes_publication_claim_only,yes_publication_claim_only,no,no,no,no,,version-link-v1.0-2026-07-26,layer=normalised-text-v1_provisional;pairs=near-dup-v1.0-2026-07-26;url=url-canon-v1.0-2026-07-27;syndication=syndication-v1.0-2026-07-26
NEWS-guardian_api-bbbf0e7bd860,SCC-2017-05,guardian_api,no_version_candidates,,,2016-12-10,date_only_no_time,usable,,not_available_in_v1_layer,2026-07-22T21:09:19+00:00,,2026-07-22T21:09:19+00:00,confirmed_available_at,2026-07-22T21:09:19+00:00,2016-12-10,2026-07-22T21:09:19+00:00,yes_publication_claim_only,no,no,no,no,no,,version-link-v1.0-2026-07-26,layer=normalised-text-v1_provisional;pairs=near-dup-v1.0-2026-07-26;url=url-canon-v1.0-2026-07-27;syndication=syndication-v1.0-2026-07-26
NEWS-guardian_api-bbc04760baba,SCC-2013-05,guardian_api,no_version_candidates,,,2012-11-19,date_only_no_time,usable,,not_available_in_v1_layer,2026-07-22T21:08:30+00:00,,2026-07-22T21:08:30+00:00,confirmed_available_at,2026-07-22T21:08:30+00:00,2012-11-19,2026-07-22T21:08:30+00:00,yes_publication_claim_only,no,no,no,no,no,,version-link-v1.0-2026-07-26,layer=normalised-text-v1_provisional;pairs=near-dup-v1.0-2026-07-26;url=url-canon-v1.0-2026-07-27;syndication=syndication-v1.0-2026-07-26
NEWS-guardian_api-bc4422ee9f45,SCC-2021-05,guardian_api,no_version_candidates,,,2020-11-10,date_only_no_time,usable,,not_available_in_v1_layer,2026-07-22T21:10:17+00:00,,2026-07-22T21:10:17+00:00,confirmed_available_at,2026-07-22T21:10:17+00:00,2020-11-10,2026-07-22T21:10:17+00:00,yes_publication_claim_only,no,no,no,no,no,,version-link-v1.0-2026-07-26,layer=normalised-text-v1_provisional;pairs=near-dup-v1.0-2026-07-26;url=url-canon-v1.0-2026-07-27;syndication=syndication-v1.0-2026-07-26
NEWS-guardian_api-bc671211ec14,ESWS-2026-05,guardian_api,no_version_candidates,,,2025-11-08,date_only_no_time,usable,,not_available_in_v1_layer,2026-07-22T21:08:06+00:00,,2026-07-22T21:08:06+00:00,confirmed_available_at,2026-07-22T21:08:06+00:00,2025-11-08,2026-07-22T21:08:06+00:00,yes_publication_claim_only,no,no,no,no,no,,version-link-v1.0-2026-07-26,layer=normalised-text-v1_provisional;pairs=near-dup-v1.0-2026-07-26;url=url-canon-v1.0-2026-07-27;syndication=syndication-v1.0-2026-07-26
NEWS-guardian_api-bca0537f5817,SCC-2021-05,guardian_api,no_version_candidates,,,2020-11-11,date_only_no_time,usable,,not_available_in_v1_layer,2026-07-22T21:10:25+00:00,,2026-07-22T21:10:25+00:00,confirmed_available_at,2026-07-22T21:10:25+00:00,2020-11-11,2026-07-22T21:10:25+00:00,yes_publication_claim_only,no,no,no,no,no,,version-link-v1.0-2026-07-26,layer=normalised-text-v1_provisional;pairs=near-dup-v1.0-2026-07-26;url=url-canon-v1.0-2026-07-27;syndication=syndication-v1.0-2026-07-26
NEWS-guardian_api-bcbb942073ad,SCC-2017-05,guardian_api,no_version_candidates,,,2016-11-07,date_only_no_time,usable,,not_available_in_v1_layer,2026-07-22T21:09:32+00:00,,2026-07-22T21:09:32+00:00,confirmed_available_at,2026-07-22T21:09:32+00:00,2016-11-07,2026-07-22T21:09:32+00:00,yes_publication_claim_only,no,no,no,no,no,,version-link-v1.0-2026-07-26,layer=normalised-text-v1_provisional;pairs=near-dup-v1.0-2026-07-26;url=url-canon-v1.0-2026-07-27;syndication=syndication-v1.0-2026-07-26
NEWS-guardian_api-bd112d73749b,SCC-2021-05,guardian_api,no_version_candidates,,,2020-11-08,date_only_no_time,usable,,not_available_in_v1_layer,2026-07-22T21:10:20+00:00,,2026-07-22T21:10:20+00:00,confirmed_available_at,2026-07-22T21:10:20+00:00,2020-11-08,2026-07-22T21:10:20+00:00,yes_publication_claim_only,no,no,no,no,no,,version-link-v1.0-2026-07-26,layer=normalised-text-v1_provisional;pairs=near-dup-v1.0-2026-07-26;url=url-canon-v1.0-2026-07-27;syndication=syndication-v1.0-2026-07-26
NEWS-guardian_api-bd8471fab19f,SCC-2021-05,guardian_api,no_version_candidates,,,2021-02-26,date_only_no_time,usable,,not_available_in_v1_layer,2026-07-22T21:10:32+00:00,,2026-07-22T21:10:32+00:00,confirmed_available_at,2026-07-22T21:10:32+00:00,2021-02-26,2026-07-22T21:10:32+00:00,yes_publication_claim_only,yes_publication_claim_only,no,no,no,no,,version-link-v1.0-2026-07-26,layer=normalised-text-v1_provisional;pairs=near-dup-v1.0-2026-07-26;url=url-canon-v1.0-2026-07-27;syndication=syndication-v1.0-2026-07-26
NEWS-guardian_api-bd8d1fd0fc89,SCC-2017-05,guardian_api,no_version_candidates,,,2016-12-02,date_only_no_time,usable,,not_available_in_v1_layer,2026-07-22T21:09:19+00:00,,2026-07-22T21:09:19+00:00,confirmed_available_at,2026-07-22T21:09:19+00:00,2016-12-02,2026-07-22T21:09:19+00:00,yes_publication_claim_only,no,no,no,no,no,,version-link-v1.0-2026-07-26,layer=normalised-text-v1_provisional;pairs=near-dup-v1.0-2026-07-26;url=url-canon-v1.0-2026-07-27;syndication=syndication-v1.0-2026-07-26
NEWS-guardian_api-bdeb49468b86,ESWS-2026-05,guardian_api,no_version_candidates,,,2025-12-26,date_only_no_time,usable,,not_available_in_v1_layer,2026-07-22T21:07:54+00:00,,2026-07-22T21:07:54+00:00,confirmed_available_at,2026-07-22T21:07:54+00:00,2025-12-26,2026-07-22T21:07:54+00:00,yes_publication_claim_only,no,no,no,no,no,,version-link-v1.0-2026-07-26,layer=normalised-text-v1_provisional;pairs=near-dup-v1.0-2026-07-26;url=url-canon-v1.0-2026-07-27;syndication=syndication-v1.0-2026-07-26
NEWS-guardian_api-bdf65e536b64,SCC-2013-05,guardian_api,no_version_candidates,,,2013-01-27,date_only_no_time,usable,,not_available_in_v1_layer,2026-07-22T21:09:07+00:00,,2026-07-22T21:09:07+00:00,confirmed_available_at,2026-07-22T21:09:07+00:00,2013-01-27,2026-07-22T21:09:07+00:00,yes_publication_claim_only,no,no,no,no,no,,version-link-v1.0-2026-07-26,layer=normalised-text-v1_provisional;pairs=near-dup-v1.0-2026-07-26;url=url-canon-v1.0-2026-07-27;syndication=syndication-v1.0-2026-07-26
NEWS-guardian_api-be07c17c0c58,SCC-2017-05,guardian_api,no_version_candidates,,,2016-11-06,date_only_no_time,usable,,not_available_in_v1_layer,2026-07-22T21:09:36+00:00,,2026-07-22T21:09:36+00:00,confirmed_available_at,2026-07-22T21:09:36+00:00,2016-11-06,2026-07-22T21:09:36+00:00,yes_publication_claim_only,no,no,no,no,no,,version-link-v1.0-2026-07-26,layer=normalised-text-v1_provisional;pairs=near-dup-v1.0-2026-07-26;url=url-canon-v1.0-2026-07-27;syndication=syndication-v1.0-2026-07-26
NEWS-guardian_api-be485bdc3b41,ESWS-2026-05,guardian_api,no_version_candidates,,,2025-11-18,date_only_no_time,usable,,not_available_in_v1_layer,2026-07-22T21:07:44+00:00,,2026-07-22T21:07:44+00:00,confirmed_available_at,2026-07-22T21:07:44+00:00,2025-11-18,2026-07-22T21:07:44+00:00,yes_publication_claim_only,no,no,no,no,no,,version-link-v1.0-2026-07-26,layer=normalised-text-v1_provisional;pairs=near-dup-v1.0-2026-07-26;url=url-canon-v1.0-2026-07-27;syndication=syndication-v1.0-2026-07-26
NEWS-guardian_api-be4ba59f8b87,ESWS-2026-05,guardian_api,no_version_candidates,,,2025-11-21,date_only_no_time,usable,,not_available_in_v1_layer,2026-07-22T21:07:44+00:00,,2026-07-22T21:07:44+00:00,confirmed_available_at,2026-07-22T21:07:44+00:00,2025-11-21,2026-07-22T21:07:44+00:00,yes_publication_claim_only,no,no,no,no,no,,version-link-v1.0-2026-07-26,layer=normalised-text-v1_provisional;pairs=near-dup-v1.0-2026-07-26;url=url-canon-v1.0-2026-07-27;syndication=syndication-v1.0-2026-07-26
NEWS-guardian_api-be5b11434a57,SCC-2021-05,guardian_api,no_version_candidates,,,2021-01-07,date_only_no_time,usable,,not_available_in_v1_layer,2026-07-22T21:10:25+00:00,,2026-07-22T21:10:25+00:00,confirmed_available_at,2026-07-22T21:10:25+00:00,2021-01-07,2026-07-22T21:10:25+00:00,yes_publication_claim_only,no,no,no,no,no,,version-link-v1.0-2026-07-26,layer=normalised-text-v1_provisional;pairs=near-dup-v1.0-2026-07-26;url=url-canon-v1.0-2026-07-27;syndication=syndication-v1.0-2026-07-26
NEWS-guardian_api-be9885253cb9,SCC-2013-05,guardian_api,no_version_candidates,,,2012-11-15,date_only_no_time,usable,,not_available_in_v1_layer,2026-07-22T21:08:30+00:00,,2026-07-22T21:08:30+00:00,confirmed_available_at,2026-07-22T21:08:30+00:00,2012-11-15,2026-07-22T21:08:30+00:00,yes_publication_claim_only,no,no,no,no,no,,version-link-v1.0-2026-07-26,layer=normalised-text-v1_provisional;pairs=near-dup-v1.0-2026-07-26;url=url-canon-v1.0-2026-07-27;syndication=syndication-v1.0-2026-07-26
NEWS-guardian_api-bee780289b00,SCC-2017-05,guardian_api,no_version_candidates,,,2017-02-07,date_only_no_time,usable,,not_available_in_v1_layer,2026-07-22T21:09:26+00:00,,2026-07-22T21:09:26+00:00,confirmed_available_at,2026-07-22T21:09:26+00:00,2017-02-07,2026-07-22T21:09:26+00:00,yes_publication_claim_only,yes_publication_claim_only,no,no,no,no,,version-link-v1.0-2026-07-26,layer=normalised-text-v1_provisional;pairs=near-dup-v1.0-2026-07-26;url=url-canon-v1.0-2026-07-27;syndication=syndication-v1.0-2026-07-26
NEWS-guardian_api-bf26d97344d9,SCC-2013-05,guardian_api,no_version_candidates,,,2012-12-06,date_only_no_time,usable,,not_available_in_v1_layer,2026-07-22T21:08:55+00:00,,2026-07-22T21:08:55+00:00,confirmed_available_at,2026-07-22T21:08:55+00:00,2012-12-06,2026-07-22T21:08:55+00:00,yes_publication_claim_only,no,no,no,no,no,,version-link-v1.0-2026-07-26,layer=normalised-text-v1_provisional;pairs=near-dup-v1.0-2026-07-26;url=url-canon-v1.0-2026-07-27;syndication=syndication-v1.0-2026-07-26
NEWS-guardian_api-bf409353afa9,SCC-2017-05,guardian_api,no_version_candidates,,,2016-12-18,date_only_no_time,usable,,not_available_in_v1_layer,2026-07-22T21:09:19+00:00,,2026-07-22T21:09:19+00:00,confirmed_available_at,2026-07-22T21:09:19+00:00,2016-12-18,2026-07-22T21:09:19+00:00,yes_publication_claim_only,no,no,no,no,no,,version-link-v1.0-2026-07-26,layer=normalised-text-v1_provisional;pairs=near-dup-v1.0-2026-07-26;url=url-canon-v1.0-2026-07-27;syndication=syndication-v1.0-2026-07-26
NEWS-guardian_api-bf63b96cf7ab,SCC-2017-05,guardian_api,no_version_candidates,,,2016-11-07,date_only_no_time,usable,,not_available_in_v1_layer,2026-07-22T21:09:15+00:00,,2026-07-22T21:09:15+00:00,confirmed_available_at,2026-07-22T21:09:15+00:00,2016-11-07,2026-07-22T21:09:15+00:00,yes_publication_claim_only,no,no,no,no,no,,version-link-v1.0-2026-07-26,layer=normalised-text-v1_provisional;pairs=near-dup-v1.0-2026-07-26;url=url-canon-v1.0-2026-07-27;syndication=syndication-v1.0-2026-07-26
NEWS-guardian_api-bf71a36fc359,SCC-2017-05,guardian_api,no_version_candidates,,,2016-11-21,date_only_no_time,usable,,not_available_in_v1_layer,2026-07-22T21:09:15+00:00,,2026-07-22T21:09:15+00:00,confirmed_available_at,2026-07-22T21:09:15+00:00,2016-11-21,2026-07-22T21:09:15+00:00,yes_publication_claim_only,no,no,no,no,no,,version-link-v1.0-2026-07-26,layer=normalised-text-v1_provisional;pairs=near-dup-v1.0-2026-07-26;url=url-canon-v1.0-2026-07-27;syndication=syndication-v1.0-2026-07-26
NEWS-guardian_api-bf9b85b690df,SCC-2017-05,guardian_api,no_version_candidates,,,2016-11-18,date_only_no_time,usable,,not_available_in_v1_layer,2026-07-22T21:09:15+00:00,,2026-07-22T21:09:15+00:00,confirmed_available_at,2026-07-22T21:09:15+00:00,2016-11-18,2026-07-22T21:09:15+00:00,yes_publication_claim_only,no,no,no,no,no,,version-link-v1.0-2026-07-26,layer=normalised-text-v1_provisional;pairs=near-dup-v1.0-2026-07-26;url=url-canon-v1.0-2026-07-27;syndication=syndication-v1.0-2026-07-26
NEWS-guardian_api-bfd3434e7d03,SCC-2013-05,guardian_api,no_version_candidates,,,2012-11-20,date_only_no_time,usable,,not_available_in_v1_layer,2026-07-22T21:09:02+00:00,,2026-07-22T21:09:02+00:00,confirmed_available_at,2026-07-22T21:09:02+00:00,2012-11-20,2026-07-22T21:09:02+00:00,yes_publication_claim_only,no,no,no,no,no,,version-link-v1.0-2026-07-26,layer=normalised-text-v1_provisional;pairs=near-dup-v1.0-2026-07-26;url=url-canon-v1.0-2026-07-27;syndication=syndication-v1.0-2026-07-26
NEWS-guardian_api-bff61e15eff5,SCC-2013-05,guardian_api,no_version_candidates,,,2013-04-11,date_only_no_time,usable,,not_available_in_v1_layer,2026-07-22T21:09:08+00:00,,2026-07-22T21:09:08+00:00,confirmed_available_at,2026-07-22T21:09:08+00:00,2013-04-11,2026-07-22T21:09:08+00:00,yes_publication_claim_only,yes_publication_claim_only,yes_publication_claim_only,no,no,no,,version-link-v1.0-2026-07-26,layer=normalised-text-v1_provisional;pairs=near-dup-v1.0-2026-07-26;url=url-canon-v1.0-2026-07-27;syndication=syndication-v1.0-2026-07-26
NEWS-guardian_api-bff7b2710165,ESWS-2026-05,guardian_api,no_version_candidates,,,2025-11-15,date_only_no_time,usable,,not_available_in_v1_layer,2026-07-22T21:07:44+00:00,,2026-07-22T21:07:44+00:00,confirmed_available_at,2026-07-22T21:07:44+00:00,2025-11-15,2026-07-22T21:07:44+00:00,yes_publication_claim_only,no,no,no,no,no,,version-link-v1.0-2026-07-26,layer=normalised-text-v1_provisional;pairs=near-dup-v1.0-2026-07-26;url=url-canon-v1.0-2026-07-27;syndication=syndication-v1.0-2026-07-26
NEWS-guardian_api-bffbd0d2c159,SCC-2013-05,guardian_api,no_version_candidates,,,2012-11-26,date_only_no_time,usable,,not_available_in_v1_layer,2026-07-22T21:08:31+00:00,,2026-07-22T21:08:31+00:00,confirmed_available_at,2026-07-22T21:08:31+00:00,2012-11-26,2026-07-22T21:08:31+00:00,yes_publication_claim_only,no,no,no,no,no,,version-link-v1.0-2026-07-26,layer=normalised-text-v1_provisional;pairs=near-dup-v1.0-2026-07-26;url=url-canon-v1.0-2026-07-27;syndication=syndication-v1.0-2026-07-26
NEWS-guardian_api-c009854b0f8f,ESWS-2026-05,guardian_api,no_version_candidates,,,2025-11-15,date_only_no_time,usable,,not_available_in_v1_layer,2026-07-22T21:08:10+00:00,,2026-07-22T21:08:10+00:00,confirmed_available_at,2026-07-22T21:08:10+00:00,2025-11-15,2026-07-22T21:08:10+00:00,yes_publication_claim_only,no,no,no,no,no,,version-link-v1.0-2026-07-26,layer=normalised-text-v1_provisional;pairs=near-dup-v1.0-2026-07-26;url=url-canon-v1.0-2026-07-27;syndication=syndication-v1.0-2026-07-26
NEWS-guardian_api-c063f37ad2cb,SCC-2017-05,guardian_api,no_version_candidates,,,2016-11-24,date_only_no_time,usable,,not_available_in_v1_layer,2026-07-22T21:09:39+00:00,,2026-07-22T21:09:39+00:00,confirmed_available_at,2026-07-22T21:09:39+00:00,2016-11-24,2026-07-22T21:09:39+00:00,yes_publication_claim_only,no,no,no,no,no,,version-link-v1.0-2026-07-26,layer=normalised-text-v1_provisional;pairs=near-dup-v1.0-2026-07-26;url=url-canon-v1.0-2026-07-27;syndication=syndication-v1.0-2026-07-26
NEWS-guardian_api-c06ac8209ebb,SCC-2013-05,guardian_api,no_version_candidates,,,2013-03-02,date_only_no_time,usable,,not_available_in_v1_layer,2026-07-22T21:08:42+00:00,,2026-07-22T21:08:42+00:00,confirmed_available_at,2026-07-22T21:08:42+00:00,2013-03-02,2026-07-22T21:08:42+00:00,yes_publication_claim_only,yes_publication_claim_only,no,no,no,no,,version-link-v1.0-2026-07-26,layer=normalised-text-v1_provisional;pairs=near-dup-v1.0-2026-07-26;url=url-canon-v1.0-2026-07-27;syndication=syndication-v1.0-2026-07-26
NEWS-guardian_api-c0e874a7c919,ESWS-2026-05,guardian_api,no_version_candidates,,,2025-12-22,date_only_no_time,usable,,not_available_in_v1_layer,2026-07-22T21:08:10+00:00,,2026-07-22T21:08:10+00:00,confirmed_available_at,2026-07-22T21:08:10+00:00,2025-12-22,2026-07-22T21:08:10+00:00,yes_publication_claim_only,no,no,no,no,no,,version-link-v1.0-2026-07-26,layer=normalised-text-v1_provisional;pairs=near-dup-v1.0-2026-07-26;url=url-canon-v1.0-2026-07-27;syndication=syndication-v1.0-2026-07-26
NEWS-guardian_api-c10af7ba9e3b,SCC-2021-05,guardian_api,no_version_candidates,,,2020-11-10,date_only_no_time,usable,,not_available_in_v1_layer,2026-07-22T21:10:17+00:00,,2026-07-22T21:10:17+00:00,confirmed_available_at,2026-07-22T21:10:17+00:00,2020-11-10,2026-07-22T21:10:17+00:00,yes_publication_claim_only,no,no,no,no,no,,version-link-v1.0-2026-07-26,layer=normalised-text-v1_provisional;pairs=near-dup-v1.0-2026-07-26;url=url-canon-v1.0-2026-07-27;syndication=syndication-v1.0-2026-07-26
NEWS-guardian_api-c11f41411228,ESWS-2026-05,guardian_api,no_version_candidates,,,2025-11-09,date_only_no_time,usable,,not_available_in_v1_layer,2026-07-22T21:08:06+00:00,,2026-07-22T21:08:06+00:00,confirmed_available_at,2026-07-22T21:08:06+00:00,2025-11-09,2026-07-22T21:08:06+00:00,yes_publication_claim_only,no,no,no,no,no,,version-link-v1.0-2026-07-26,layer=normalised-text-v1_provisional;pairs=near-dup-v1.0-2026-07-26;url=url-canon-v1.0-2026-07-27;syndication=syndication-v1.0-2026-07-26
NEWS-guardian_api-c1613ad8175e,ESWS-2026-05,guardian_api,no_version_candidates,,,2025-11-09,date_only_no_time,usable,,not_available_in_v1_layer,2026-07-22T21:08:06+00:00,,2026-07-22T21:08:06+00:00,confirmed_available_at,2026-07-22T21:08:06+00:00,2025-11-09,2026-07-22T21:08:06+00:00,yes_publication_claim_only,no,no,no,no,no,,version-link-v1.0-2026-07-26,layer=normalised-text-v1_provisional;pairs=near-dup-v1.0-2026-07-26;url=url-canon-v1.0-2026-07-27;syndication=syndication-v1.0-2026-07-26
NEWS-guardian_api-c196d9cc2fcf,SCC-2021-05,guardian_api,no_version_candidates,,,2021-03-05,date_only_no_time,usable,,not_available_in_v1_layer,2026-07-22T21:10:33+00:00,,2026-07-22T21:10:33+00:00,confirmed_available_at,2026-07-22T21:10:33+00:00,2021-03-05,2026-07-22T21:10:33+00:00,yes_publication_claim_only,yes_publication_claim_only,no,no,no,no,,version-link-v1.0-2026-07-26,layer=normalised-text-v1_provisional;pairs=near-dup-v1.0-2026-07-26;url=url-canon-v1.0-2026-07-27;syndication=syndication-v1.0-2026-07-26
NEWS-guardian_api-c19b7efd857e,SCC-2013-05,guardian_api,no_version_candidates,,,2012-11-25,date_only_no_time,usable,,not_available_in_v1_layer,2026-07-22T21:08:30+00:00,,2026-07-22T21:08:30+00:00,confirmed_available_at,2026-07-22T21:08:30+00:00,2012-11-25,2026-07-22T21:08:30+00:00,yes_publication_claim_only,no,no,no,no,no,,version-link-v1.0-2026-07-26,layer=normalised-text-v1_provisional;pairs=near-dup-v1.0-2026-07-26;url=url-canon-v1.0-2026-07-27;syndication=syndication-v1.0-2026-07-26
NEWS-guardian_api-c1c41f2146e5,SCC-2013-05,guardian_api,no_version_candidates,,,2012-11-05,date_only_no_time,usable,,not_available_in_v1_layer,2026-07-22T21:08:38+00:00,,2026-07-22T21:08:38+00:00,confirmed_available_at,2026-07-22T21:08:38+00:00,2012-11-05,2026-07-22T21:08:38+00:00,yes_publication_claim_only,no,no,no,no,no,,version-link-v1.0-2026-07-26,layer=normalised-text-v1_provisional;pairs=near-dup-v1.0-2026-07-26;url=url-canon-v1.0-2026-07-27;syndication=syndication-v1.0-2026-07-26
NEWS-guardian_api-c1e218cf6593,SCC-2017-05,guardian_api,no_version_candidates,,,2016-11-22,date_only_no_time,usable,,not_available_in_v1_layer,2026-07-22T21:09:15+00:00,,2026-07-22T21:09:15+00:00,confirmed_available_at,2026-07-22T21:09:15+00:00,2016-11-22,2026-07-22T21:09:15+00:00,yes_publication_claim_only,no,no,no,no,no,,version-link-v1.0-2026-07-26,layer=normalised-text-v1_provisional;pairs=near-dup-v1.0-2026-07-26;url=url-canon-v1.0-2026-07-27;syndication=syndication-v1.0-2026-07-26
NEWS-guardian_api-c21e8e8fa23b,SCC-2013-05,guardian_api,no_version_candidates,,,2012-11-04,date_only_no_time,usable,,not_available_in_v1_layer,2026-07-22T21:08:51+00:00,,2026-07-22T21:08:51+00:00,confirmed_available_at,2026-07-22T21:08:51+00:00,2012-11-04,2026-07-22T21:08:51+00:00,yes_publication_claim_only,no,no,no,no,no,,version-link-v1.0-2026-07-26,layer=normalised-text-v1_provisional;pairs=near-dup-v1.0-2026-07-26;url=url-canon-v1.0-2026-07-27;syndication=syndication-v1.0-2026-07-26
NEWS-guardian_api-c22069457b1b,SCC-2017-05,guardian_api,no_version_candidates,,,2017-01-19,date_only_no_time,usable,,not_available_in_v1_layer,2026-07-22T21:09:47+00:00,,2026-07-22T21:09:47+00:00,confirmed_available_at,2026-07-22T21:09:47+00:00,2017-01-19,2026-07-22T21:09:47+00:00,yes_publication_claim_only,no,no,no,no,no,,version-link-v1.0-2026-07-26,layer=normalised-text-v1_provisional;pairs=near-dup-v1.0-2026-07-26;url=url-canon-v1.0-2026-07-27;syndication=syndication-v1.0-2026-07-26
NEWS-guardian_api-c23b270ae40d,SCC-2013-05,guardian_api,no_version_candidates,,,2012-11-04,date_only_no_time,usable,,not_available_in_v1_layer,2026-07-22T21:08:51+00:00,,2026-07-22T21:08:51+00:00,confirmed_available_at,2026-07-22T21:08:51+00:00,2012-11-04,2026-07-22T21:08:51+00:00,yes_publication_claim_only,no,no,no,no,no,,version-link-v1.0-2026-07-26,layer=normalised-text-v1_provisional;pairs=near-dup-v1.0-2026-07-26;url=url-canon-v1.0-2026-07-27;syndication=syndication-v1.0-2026-07-26
NEWS-guardian_api-c286b3618e54,SCC-2013-05,guardian_api,no_version_candidates,,,2013-02-10,date_only_no_time,usable,,not_available_in_v1_layer,2026-07-22T21:08:38+00:00,,2026-07-22T21:08:38+00:00,confirmed_available_at,2026-07-22T21:08:38+00:00,2013-02-10,2026-07-22T21:08:38+00:00,yes_publication_claim_only,yes_publication_claim_only,no,no,no,no,,version-link-v1.0-2026-07-26,layer=normalised-text-v1_provisional;pairs=near-dup-v1.0-2026-07-26;url=url-canon-v1.0-2026-07-27;syndication=syndication-v1.0-2026-07-26
NEWS-guardian_api-c2935bc45647,SCC-2021-05,guardian_api,no_version_candidates,,,2021-01-14,date_only_no_time,usable,,not_available_in_v1_layer,2026-07-22T21:10:25+00:00,,2026-07-22T21:10:25+00:00,confirmed_available_at,2026-07-22T21:10:25+00:00,2021-01-14,2026-07-22T21:10:25+00:00,yes_publication_claim_only,no,no,no,no,no,,version-link-v1.0-2026-07-26,layer=normalised-text-v1_provisional;pairs=near-dup-v1.0-2026-07-26;url=url-canon-v1.0-2026-07-27;syndication=syndication-v1.0-2026-07-26
NEWS-guardian_api-c2cf501b7164,ESWS-2026-05,guardian_api,no_version_candidates,,,2025-11-18,date_only_no_time,usable,,not_available_in_v1_layer,2026-07-22T21:07:44+00:00,,2026-07-22T21:07:44+00:00,confirmed_available_at,2026-07-22T21:07:44+00:00,2025-11-18,2026-07-22T21:07:44+00:00,yes_publication_claim_only,no,no,no,no,no,,version-link-v1.0-2026-07-26,layer=normalised-text-v1_provisional;pairs=near-dup-v1.0-2026-07-26;url=url-canon-v1.0-2026-07-27;syndication=syndication-v1.0-2026-07-26
NEWS-guardian_api-c2e45865c612,SCC-2017-05,guardian_api,no_version_candidates,,,2016-11-05,date_only_no_time,usable,,not_available_in_v1_layer,2026-07-22T21:09:36+00:00,,2026-07-22T21:09:36+00:00,confirmed_available_at,2026-07-22T21:09:36+00:00,2016-11-05,2026-07-22T21:09:36+00:00,yes_publication_claim_only,no,no,no,no,no,,version-link-v1.0-2026-07-26,layer=normalised-text-v1_provisional;pairs=near-dup-v1.0-2026-07-26;url=url-canon-v1.0-2026-07-27;syndication=syndication-v1.0-2026-07-26
NEWS-guardian_api-c2ff79a03d60,SCC-2017-05,guardian_api,no_version_candidates,,,2017-01-31,date_only_no_time,usable,,not_available_in_v1_layer,2026-07-22T21:09:47+00:00,,2026-07-22T21:09:47+00:00,confirmed_available_at,2026-07-22T21:09:47+00:00,2017-01-31,2026-07-22T21:09:47+00:00,yes_publication_claim_only,no,no,no,no,no,,version-link-v1.0-2026-07-26,layer=normalised-text-v1_provisional;pairs=near-dup-v1.0-2026-07-26;url=url-canon-v1.0-2026-07-27;syndication=syndication-v1.0-2026-07-26
NEWS-guardian_api-c31f44f17ea5,SCC-2021-05,guardian_api,no_version_candidates,,,2020-11-10,date_only_no_time,usable,,not_available_in_v1_layer,2026-07-22T21:10:17+00:00,,2026-07-22T21:10:17+00:00,confirmed_available_at,2026-07-22T21:10:17+00:00,2020-11-10,2026-07-22T21:10:17+00:00,yes_publication_claim_only,no,no,no,no,no,,version-link-v1.0-2026-07-26,layer=normalised-text-v1_provisional;pairs=near-dup-v1.0-2026-07-26;url=url-canon-v1.0-2026-07-27;syndication=syndication-v1.0-2026-07-26
NEWS-guardian_api-c366ed6b1910,SCC-2013-05,guardian_api,no_version_candidates,,,2012-11-19,date_only_no_time,usable,,not_available_in_v1_layer,2026-07-22T21:08:30+00:00,,2026-07-22T21:08:30+00:00,confirmed_available_at,2026-07-22T21:08:30+00:00,2012-11-19,2026-07-22T21:08:30+00:00,yes_publication_claim_only,no,no,no,no,no,,version-link-v1.0-2026-07-26,layer=normalised-text-v1_provisional;pairs=near-dup-v1.0-2026-07-26;url=url-canon-v1.0-2026-07-27;syndication=syndication-v1.0-2026-07-26
NEWS-guardian_api-c3f9e86e48b4,ESWS-2026-05,guardian_api,no_version_candidates,,,2025-11-20,date_only_no_time,usable,,not_available_in_v1_layer,2026-07-22T21:07:52+00:00,,2026-07-22T21:07:52+00:00,confirmed_available_at,2026-07-22T21:07:52+00:00,2025-11-20,2026-07-22T21:07:52+00:00,yes_publication_claim_only,no,no,no,no,no,,version-link-v1.0-2026-07-26,layer=normalised-text-v1_provisional;pairs=near-dup-v1.0-2026-07-26;url=url-canon-v1.0-2026-07-27;syndication=syndication-v1.0-2026-07-26
NEWS-guardian_api-c3fd77048910,SCC-2017-05,guardian_api,no_version_candidates,,,2016-12-08,date_only_no_time,usable,,not_available_in_v1_layer,2026-07-22T21:09:19+00:00,,2026-07-22T21:09:19+00:00,confirmed_available_at,2026-07-22T21:09:19+00:00,2016-12-08,2026-07-22T21:09:19+00:00,yes_publication_claim_only,no,no,no,no,no,,version-link-v1.0-2026-07-26,layer=normalised-text-v1_provisional;pairs=near-dup-v1.0-2026-07-26;url=url-canon-v1.0-2026-07-27;syndication=syndication-v1.0-2026-07-26
NEWS-guardian_api-c42c2f624f08,SCC-2017-05,guardian_api,no_version_candidates,,,2016-12-15,date_only_no_time,usable,,not_available_in_v1_layer,2026-07-22T21:09:19+00:00,,2026-07-22T21:09:19+00:00,confirmed_available_at,2026-07-22T21:09:19+00:00,2016-12-15,2026-07-22T21:09:19+00:00,yes_publication_claim_only,no,no,no,no,no,,version-link-v1.0-2026-07-26,layer=normalised-text-v1_provisional;pairs=near-dup-v1.0-2026-07-26;url=url-canon-v1.0-2026-07-27;syndication=syndication-v1.0-2026-07-26
NEWS-guardian_api-c47644311898,SCC-2013-05,guardian_api,no_version_candidates,,,2012-12-28,date_only_no_time,usable,,not_available_in_v1_layer,2026-07-22T21:08:34+00:00,,2026-07-22T21:08:34+00:00,confirmed_available_at,2026-07-22T21:08:34+00:00,2012-12-28,2026-07-22T21:08:34+00:00,yes_publication_claim_only,no,no,no,no,no,,version-link-v1.0-2026-07-26,layer=normalised-text-v1_provisional;pairs=near-dup-v1.0-2026-07-26;url=url-canon-v1.0-2026-07-27;syndication=syndication-v1.0-2026-07-26
NEWS-guardian_api-c4a49b22c46c,SCC-2013-05,guardian_api,no_version_candidates,,,2013-01-09,date_only_no_time,usable,,not_available_in_v1_layer,2026-07-22T21:08:34+00:00,,2026-07-22T21:08:34+00:00,confirmed_available_at,2026-07-22T21:08:34+00:00,2013-01-09,2026-07-22T21:08:34+00:00,yes_publication_claim_only,no,no,no,no,no,,version-link-v1.0-2026-07-26,layer=normalised-text-v1_provisional;pairs=near-dup-v1.0-2026-07-26;url=url-canon-v1.0-2026-07-27;syndication=syndication-v1.0-2026-07-26
NEWS-guardian_api-c4ed1a2f4744,SCC-2013-05,guardian_api,no_version_candidates,,,2013-02-12,date_only_no_time,usable,,not_available_in_v1_layer,2026-07-22T21:09:07+00:00,,2026-07-22T21:09:07+00:00,confirmed_available_at,2026-07-22T21:09:07+00:00,2013-02-12,2026-07-22T21:09:07+00:00,yes_publication_claim_only,yes_publication_claim_only,no,no,no,no,,version-link-v1.0-2026-07-26,layer=normalised-text-v1_provisional;pairs=near-dup-v1.0-2026-07-26;url=url-canon-v1.0-2026-07-27;syndication=syndication-v1.0-2026-07-26
NEWS-guardian_api-c5113a8e36b9,SCC-2021-05,guardian_api,no_version_candidates,,,2020-11-07,date_only_no_time,usable,,not_available_in_v1_layer,2026-07-22T21:10:20+00:00,,2026-07-22T21:10:20+00:00,confirmed_available_at,2026-07-22T21:10:20+00:00,2020-11-07,2026-07-22T21:10:20+00:00,yes_publication_claim_only,no,no,no,no,no,,version-link-v1.0-2026-07-26,layer=normalised-text-v1_provisional;pairs=near-dup-v1.0-2026-07-26;url=url-canon-v1.0-2026-07-27;syndication=syndication-v1.0-2026-07-26
NEWS-guardian_api-c522f7862e23,ESWS-2026-05,guardian_api,no_version_candidates,,,2025-11-09,date_only_no_time,usable,,not_available_in_v1_layer,2026-07-22T21:08:06+00:00,,2026-07-22T21:08:06+00:00,confirmed_available_at,2026-07-22T21:08:06+00:00,2025-11-09,2026-07-22T21:08:06+00:00,yes_publication_claim_only,no,no,no,no,no,,version-link-v1.0-2026-07-26,layer=normalised-text-v1_provisional;pairs=near-dup-v1.0-2026-07-26;url=url-canon-v1.0-2026-07-27;syndication=syndication-v1.0-2026-07-26
NEWS-guardian_api-c5274d93663e,ESWS-2026-05,guardian_api,no_version_candidates,,,2025-11-28,date_only_no_time,usable,,not_available_in_v1_layer,2026-07-22T21:07:48+00:00,,2026-07-22T21:07:48+00:00,confirmed_available_at,2026-07-22T21:07:48+00:00,2025-11-28,2026-07-22T21:07:48+00:00,yes_publication_claim_only,no,no,no,no,no,,version-link-v1.0-2026-07-26,layer=normalised-text-v1_provisional;pairs=near-dup-v1.0-2026-07-26;url=url-canon-v1.0-2026-07-27;syndication=syndication-v1.0-2026-07-26
NEWS-guardian_api-c596a61c8246,SCC-2013-05,guardian_api,no_version_candidates,,,2012-11-23,date_only_no_time,usable,,not_available_in_v1_layer,2026-07-22T21:08:38+00:00,,2026-07-22T21:08:38+00:00,confirmed_available_at,2026-07-22T21:08:38+00:00,2012-11-23,2026-07-22T21:08:38+00:00,yes_publication_claim_only,no,no,no,no,no,,version-link-v1.0-2026-07-26,layer=normalised-text-v1_provisional;pairs=near-dup-v1.0-2026-07-26;url=url-canon-v1.0-2026-07-27;syndication=syndication-v1.0-2026-07-26
NEWS-guardian_api-c5c274899b3b,SCC-2013-05,guardian_api,no_version_candidates,,,2012-12-12,date_only_no_time,usable,,not_available_in_v1_layer,2026-07-22T21:08:34+00:00,,2026-07-22T21:08:34+00:00,confirmed_available_at,2026-07-22T21:08:34+00:00,2012-12-12,2026-07-22T21:08:34+00:00,yes_publication_claim_only,no,no,no,no,no,,version-link-v1.0-2026-07-26,layer=normalised-text-v1_provisional;pairs=near-dup-v1.0-2026-07-26;url=url-canon-v1.0-2026-07-27;syndication=syndication-v1.0-2026-07-26
NEWS-guardian_api-c62d5c10e288,SCC-2021-05,guardian_api,no_version_candidates,,,2020-11-20,date_only_no_time,usable,,not_available_in_v1_layer,2026-07-22T21:10:32+00:00,,2026-07-22T21:10:32+00:00,confirmed_available_at,2026-07-22T21:10:32+00:00,2020-11-20,2026-07-22T21:10:32+00:00,yes_publication_claim_only,no,no,no,no,no,,version-link-v1.0-2026-07-26,layer=normalised-text-v1_provisional;pairs=near-dup-v1.0-2026-07-26;url=url-canon-v1.0-2026-07-27;syndication=syndication-v1.0-2026-07-26
NEWS-guardian_api-c63a4934183c,SCC-2017-05,guardian_api,no_version_candidates,,,2017-02-06,date_only_no_time,usable,,not_available_in_v1_layer,2026-07-22T21:09:47+00:00,,2026-07-22T21:09:47+00:00,confirmed_available_at,2026-07-22T21:09:47+00:00,2017-02-06,2026-07-22T21:09:47+00:00,yes_publication_claim_only,yes_publication_claim_only,no,no,no,no,,version-link-v1.0-2026-07-26,layer=normalised-text-v1_provisional;pairs=near-dup-v1.0-2026-07-26;url=url-canon-v1.0-2026-07-27;syndication=syndication-v1.0-2026-07-26
NEWS-guardian_api-c655a70793b7,SCC-2021-05,guardian_api,no_version_candidates,,,2021-02-01,date_only_no_time,usable,,not_available_in_v1_layer,2026-07-22T21:10:32+00:00,,2026-07-22T21:10:32+00:00,confirmed_available_at,2026-07-22T21:10:32+00:00,2021-02-01,2026-07-22T21:10:32+00:00,yes_publication_claim_only,no,no,no,no,no,,version-link-v1.0-2026-07-26,layer=normalised-text-v1_provisional;pairs=near-dup-v1.0-2026-07-26;url=url-canon-v1.0-2026-07-27;syndication=syndication-v1.0-2026-07-26
NEWS-guardian_api-c68fbc5203d1,ESWS-2026-05,guardian_api,no_version_candidates,,,2025-11-14,date_only_no_time,usable,,not_available_in_v1_layer,2026-07-22T21:08:02+00:00,,2026-07-22T21:08:02+00:00,confirmed_available_at,2026-07-22T21:08:02+00:00,2025-11-14,2026-07-22T21:08:02+00:00,yes_publication_claim_only,no,no,no,no,no,,version-link-v1.0-2026-07-26,layer=normalised-text-v1_provisional;pairs=near-dup-v1.0-2026-07-26;url=url-canon-v1.0-2026-07-27;syndication=syndication-v1.0-2026-07-26
NEWS-guardian_api-c6d39bf3fa39,SCC-2013-05,guardian_api,no_version_candidates,,,2013-02-13,date_only_no_time,usable,,not_available_in_v1_layer,2026-07-22T21:09:02+00:00,,2026-07-22T21:09:02+00:00,confirmed_available_at,2026-07-22T21:09:02+00:00,2013-02-13,2026-07-22T21:09:02+00:00,yes_publication_claim_only,yes_publication_claim_only,no,no,no,no,,version-link-v1.0-2026-07-26,layer=normalised-text-v1_provisional;pairs=near-dup-v1.0-2026-07-26;url=url-canon-v1.0-2026-07-27;syndication=syndication-v1.0-2026-07-26
NEWS-guardian_api-c726af230abd,SCC-2017-05,guardian_api,no_version_candidates,,,2016-11-13,date_only_no_time,usable,,not_available_in_v1_layer,2026-07-22T21:09:32+00:00,,2026-07-22T21:09:32+00:00,confirmed_available_at,2026-07-22T21:09:32+00:00,2016-11-13,2026-07-22T21:09:32+00:00,yes_publication_claim_only,no,no,no,no,no,,version-link-v1.0-2026-07-26,layer=normalised-text-v1_provisional;pairs=near-dup-v1.0-2026-07-26;url=url-canon-v1.0-2026-07-27;syndication=syndication-v1.0-2026-07-26
NEWS-guardian_api-c77c46a9a286,ESWS-2026-05,guardian_api,no_version_candidates,,,2025-11-14,date_only_no_time,usable,,not_available_in_v1_layer,2026-07-22T21:08:18+00:00,,2026-07-22T21:08:18+00:00,confirmed_available_at,2026-07-22T21:08:18+00:00,2025-11-14,2026-07-22T21:08:18+00:00,yes_publication_claim_only,no,no,no,no,no,,version-link-v1.0-2026-07-26,layer=normalised-text-v1_provisional;pairs=near-dup-v1.0-2026-07-26;url=url-canon-v1.0-2026-07-27;syndication=syndication-v1.0-2026-07-26
NEWS-guardian_api-c7a72cd1a9ed,SCC-2017-05,guardian_api,no_version_candidates,,,2016-11-06,date_only_no_time,usable,,not_available_in_v1_layer,2026-07-22T21:09:15+00:00,,2026-07-22T21:09:15+00:00,confirmed_available_at,2026-07-22T21:09:15+00:00,2016-11-06,2026-07-22T21:09:15+00:00,yes_publication_claim_only,no,no,no,no,no,,version-link-v1.0-2026-07-26,layer=normalised-text-v1_provisional;pairs=near-dup-v1.0-2026-07-26;url=url-canon-v1.0-2026-07-27;syndication=syndication-v1.0-2026-07-26
NEWS-guardian_api-c7cddedf66ef,SCC-2017-05,guardian_api,no_version_candidates,,,2016-11-15,date_only_no_time,usable,,not_available_in_v1_layer,2026-07-22T21:09:15+00:00,,2026-07-22T21:09:15+00:00,confirmed_available_at,2026-07-22T21:09:15+00:00,2016-11-15,2026-07-22T21:09:15+00:00,yes_publication_claim_only,no,no,no,no,no,,version-link-v1.0-2026-07-26,layer=normalised-text-v1_provisional;pairs=near-dup-v1.0-2026-07-26;url=url-canon-v1.0-2026-07-27;syndication=syndication-v1.0-2026-07-26
NEWS-guardian_api-c81ed460ef10,ESWS-2026-05,guardian_api,no_version_candidates,,,2026-01-15,date_only_no_time,usable,,not_available_in_v1_layer,2026-07-22T21:08:23+00:00,,2026-07-22T21:08:23+00:00,confirmed_available_at,2026-07-22T21:08:23+00:00,2026-01-15,2026-07-22T21:08:23+00:00,yes_publication_claim_only,no,no,no,no,no,,version-link-v1.0-2026-07-26,layer=normalised-text-v1_provisional;pairs=near-dup-v1.0-2026-07-26;url=url-canon-v1.0-2026-07-27;syndication=syndication-v1.0-2026-07-26
NEWS-guardian_api-c83f69d19c40,SCC-2021-05,guardian_api,no_version_candidates,,,2020-12-21,date_only_no_time,usable,,not_available_in_v1_layer,2026-07-22T21:10:03+00:00,,2026-07-22T21:10:03+00:00,confirmed_available_at,2026-07-22T21:10:03+00:00,2020-12-21,2026-07-22T21:10:03+00:00,yes_publication_claim_only,no,no,no,no,no,,version-link-v1.0-2026-07-26,layer=normalised-text-v1_provisional;pairs=near-dup-v1.0-2026-07-26;url=url-canon-v1.0-2026-07-27;syndication=syndication-v1.0-2026-07-26
NEWS-guardian_api-c87b31a82452,SCC-2013-05,guardian_api,no_version_candidates,,,2013-02-03,date_only_no_time,usable,,not_available_in_v1_layer,2026-07-22T21:08:38+00:00,,2026-07-22T21:08:38+00:00,confirmed_available_at,2026-07-22T21:08:38+00:00,2013-02-03,2026-07-22T21:08:38+00:00,yes_publication_claim_only,yes_publication_claim_only,no,no,no,no,,version-link-v1.0-2026-07-26,layer=normalised-text-v1_provisional;pairs=near-dup-v1.0-2026-07-26;url=url-canon-v1.0-2026-07-27;syndication=syndication-v1.0-2026-07-26
NEWS-guardian_api-c88a525879ca,SCC-2017-05,guardian_api,no_version_candidates,,,2016-11-05,date_only_no_time,usable,,not_available_in_v1_layer,2026-07-22T21:09:32+00:00,,2026-07-22T21:09:32+00:00,confirmed_available_at,2026-07-22T21:09:32+00:00,2016-11-05,2026-07-22T21:09:32+00:00,yes_publication_claim_only,no,no,no,no,no,,version-link-v1.0-2026-07-26,layer=normalised-text-v1_provisional;pairs=near-dup-v1.0-2026-07-26;url=url-canon-v1.0-2026-07-27;syndication=syndication-v1.0-2026-07-26
NEWS-guardian_api-c8fa36209be8,SCC-2017-05,guardian_api,no_version_candidates,,,2016-11-06,date_only_no_time,usable,,not_available_in_v1_layer,2026-07-22T21:09:15+00:00,,2026-07-22T21:09:15+00:00,confirmed_available_at,2026-07-22T21:09:15+00:00,2016-11-06,2026-07-22T21:09:15+00:00,yes_publication_claim_only,no,no,no,no,no,,version-link-v1.0-2026-07-26,layer=normalised-text-v1_provisional;pairs=near-dup-v1.0-2026-07-26;url=url-canon-v1.0-2026-07-27;syndication=syndication-v1.0-2026-07-26
NEWS-guardian_api-c90a5501afa5,SCC-2013-05,guardian_api,no_version_candidates,,,2012-12-11,date_only_no_time,usable,,not_available_in_v1_layer,2026-07-22T21:09:02+00:00,,2026-07-22T21:09:02+00:00,confirmed_available_at,2026-07-22T21:09:02+00:00,2012-12-11,2026-07-22T21:09:02+00:00,yes_publication_claim_only,no,no,no,no,no,,version-link-v1.0-2026-07-26,layer=normalised-text-v1_provisional;pairs=near-dup-v1.0-2026-07-26;url=url-canon-v1.0-2026-07-27;syndication=syndication-v1.0-2026-07-26
NEWS-guardian_api-c91e43ff9b34,SCC-2017-05,guardian_api,no_version_candidates,,,2016-11-11,date_only_no_time,usable,,not_available_in_v1_layer,2026-07-22T21:09:15+00:00,,2026-07-22T21:09:15+00:00,confirmed_available_at,2026-07-22T21:09:15+00:00,2016-11-11,2026-07-22T21:09:15+00:00,yes_publication_claim_only,no,no,no,no,no,,version-link-v1.0-2026-07-26,layer=normalised-text-v1_provisional;pairs=near-dup-v1.0-2026-07-26;url=url-canon-v1.0-2026-07-27;syndication=syndication-v1.0-2026-07-26
NEWS-guardian_api-c9503ef51808,ESWS-2026-05,guardian_api,no_version_candidates,,,2025-11-08,date_only_no_time,usable,,not_available_in_v1_layer,2026-07-22T21:08:02+00:00,,2026-07-22T21:08:02+00:00,confirmed_available_at,2026-07-22T21:08:02+00:00,2025-11-08,2026-07-22T21:08:02+00:00,yes_publication_claim_only,no,no,no,no,no,,version-link-v1.0-2026-07-26,layer=normalised-text-v1_provisional;pairs=near-dup-v1.0-2026-07-26;url=url-canon-v1.0-2026-07-27;syndication=syndication-v1.0-2026-07-26
NEWS-guardian_api-c97a3cbcccfd,ESWS-2026-05,guardian_api,no_version_candidates,,,2026-02-26,date_only_no_time,usable,,not_available_in_v1_layer,2026-07-22T21:08:10+00:00,,2026-07-22T21:08:10+00:00,confirmed_available_at,2026-07-22T21:08:10+00:00,2026-02-26,2026-07-22T21:08:10+00:00,yes_publication_claim_only,yes_publication_claim_only,no,no,no,no,,version-link-v1.0-2026-07-26,layer=normalised-text-v1_provisional;pairs=near-dup-v1.0-2026-07-26;url=url-canon-v1.0-2026-07-27;syndication=syndication-v1.0-2026-07-26
NEWS-guardian_api-c97c0ac2b079,SCC-2013-05,guardian_api,no_version_candidates,,,2012-11-12,date_only_no_time,usable,,not_available_in_v1_layer,2026-07-22T21:08:47+00:00,,2026-07-22T21:08:47+00:00,confirmed_available_at,2026-07-22T21:08:47+00:00,2012-11-12,2026-07-22T21:08:47+00:00,yes_publication_claim_only,no,no,no,no,no,,version-link-v1.0-2026-07-26,layer=normalised-text-v1_provisional;pairs=near-dup-v1.0-2026-07-26;url=url-canon-v1.0-2026-07-27;syndication=syndication-v1.0-2026-07-26
NEWS-guardian_api-c9b546b05954,SCC-2021-05,guardian_api,no_version_candidates,,,2020-11-25,date_only_no_time,usable,,not_available_in_v1_layer,2026-07-22T21:10:03+00:00,,2026-07-22T21:10:03+00:00,confirmed_available_at,2026-07-22T21:10:03+00:00,2020-11-25,2026-07-22T21:10:03+00:00,yes_publication_claim_only,no,no,no,no,no,,version-link-v1.0-2026-07-26,layer=normalised-text-v1_provisional;pairs=near-dup-v1.0-2026-07-26;url=url-canon-v1.0-2026-07-27;syndication=syndication-v1.0-2026-07-26
NEWS-guardian_api-c9b5afece9af,SCC-2017-05,guardian_api,no_version_candidates,,,2016-11-06,date_only_no_time,usable,,not_available_in_v1_layer,2026-07-22T21:09:15+00:00,,2026-07-22T21:09:15+00:00,confirmed_available_at,2026-07-22T21:09:15+00:00,2016-11-06,2026-07-22T21:09:15+00:00,yes_publication_claim_only,no,no,no,no,no,,version-link-v1.0-2026-07-26,layer=normalised-text-v1_provisional;pairs=near-dup-v1.0-2026-07-26;url=url-canon-v1.0-2026-07-27;syndication=syndication-v1.0-2026-07-26
NEWS-guardian_api-cad005d506ba,SCC-2017-05,guardian_api,no_version_candidates,,,2016-11-27,date_only_no_time,usable,,not_available_in_v1_layer,2026-07-22T21:09:19+00:00,,2026-07-22T21:09:19+00:00,confirmed_available_at,2026-07-22T21:09:19+00:00,2016-11-27,2026-07-22T21:09:19+00:00,yes_publication_claim_only,no,no,no,no,no,,version-link-v1.0-2026-07-26,layer=normalised-text-v1_provisional;pairs=near-dup-v1.0-2026-07-26;url=url-canon-v1.0-2026-07-27;syndication=syndication-v1.0-2026-07-26
NEWS-guardian_api-cad124aa89df,ESWS-2026-05,guardian_api,no_version_candidates,,,2025-11-17,date_only_no_time,usable,,not_available_in_v1_layer,2026-07-22T21:07:52+00:00,,2026-07-22T21:07:52+00:00,confirmed_available_at,2026-07-22T21:07:52+00:00,2025-11-17,2026-07-22T21:07:52+00:00,yes_publication_claim_only,no,no,no,no,no,,version-link-v1.0-2026-07-26,layer=normalised-text-v1_provisional;pairs=near-dup-v1.0-2026-07-26;url=url-canon-v1.0-2026-07-27;syndication=syndication-v1.0-2026-07-26
NEWS-guardian_api-cbc77fbf3c9a,SCC-2017-05,guardian_api,no_version_candidates,,,2017-02-07,date_only_no_time,usable,,not_available_in_v1_layer,2026-07-22T21:09:47+00:00,,2026-07-22T21:09:47+00:00,confirmed_available_at,2026-07-22T21:09:47+00:00,2017-02-07,2026-07-22T21:09:47+00:00,yes_publication_claim_only,yes_publication_claim_only,no,no,no,no,,version-link-v1.0-2026-07-26,layer=normalised-text-v1_provisional;pairs=near-dup-v1.0-2026-07-26;url=url-canon-v1.0-2026-07-27;syndication=syndication-v1.0-2026-07-26
NEWS-guardian_api-cc346cf5f614,SCC-2021-05,guardian_api,no_version_candidates,,,2020-12-10,date_only_no_time,usable,,not_available_in_v1_layer,2026-07-22T21:10:32+00:00,,2026-07-22T21:10:32+00:00,confirmed_available_at,2026-07-22T21:10:32+00:00,2020-12-10,2026-07-22T21:10:32+00:00,yes_publication_claim_only,no,no,no,no,no,,version-link-v1.0-2026-07-26,layer=normalised-text-v1_provisional;pairs=near-dup-v1.0-2026-07-26;url=url-canon-v1.0-2026-07-27;syndication=syndication-v1.0-2026-07-26
NEWS-guardian_api-cc48151f2747,SCC-2017-05,guardian_api,no_version_candidates,,,2017-04-28,date_only_no_time,usable,,not_available_in_v1_layer,2026-07-22T21:09:28+00:00,,2026-07-22T21:09:28+00:00,confirmed_available_at,2026-07-22T21:09:28+00:00,2017-04-28,2026-07-22T21:09:28+00:00,yes_publication_claim_only,yes_publication_claim_only,yes_publication_claim_only,yes_publication_claim_only,yes_publication_claim_only,no,,version-link-v1.0-2026-07-26,layer=normalised-text-v1_provisional;pairs=near-dup-v1.0-2026-07-26;url=url-canon-v1.0-2026-07-27;syndication=syndication-v1.0-2026-07-26
NEWS-guardian_api-cc5eafac860d,SCC-2013-05,guardian_api,no_version_candidates,,,2013-02-02,date_only_no_time,usable,,not_available_in_v1_layer,2026-07-22T21:09:02+00:00,,2026-07-22T21:09:02+00:00,confirmed_available_at,2026-07-22T21:09:02+00:00,2013-02-02,2026-07-22T21:09:02+00:00,yes_publication_claim_only,yes_publication_claim_only,no,no,no,no,,version-link-v1.0-2026-07-26,layer=normalised-text-v1_provisional;pairs=near-dup-v1.0-2026-07-26;url=url-canon-v1.0-2026-07-27;syndication=syndication-v1.0-2026-07-26
NEWS-guardian_api-ccbca17daefd,SCC-2017-05,guardian_api,no_version_candidates,,,2016-11-10,date_only_no_time,usable,,not_available_in_v1_layer,2026-07-22T21:09:15+00:00,,2026-07-22T21:09:15+00:00,confirmed_available_at,2026-07-22T21:09:15+00:00,2016-11-10,2026-07-22T21:09:15+00:00,yes_publication_claim_only,no,no,no,no,no,,version-link-v1.0-2026-07-26,layer=normalised-text-v1_provisional;pairs=near-dup-v1.0-2026-07-26;url=url-canon-v1.0-2026-07-27;syndication=syndication-v1.0-2026-07-26
NEWS-guardian_api-cccb13dc0ef5,SCC-2013-05,guardian_api,no_version_candidates,,,2013-02-21,date_only_no_time,usable,,not_available_in_v1_layer,2026-07-22T21:09:07+00:00,,2026-07-22T21:09:07+00:00,confirmed_available_at,2026-07-22T21:09:07+00:00,2013-02-21,2026-07-22T21:09:07+00:00,yes_publication_claim_only,yes_publication_claim_only,no,no,no,no,,version-link-v1.0-2026-07-26,layer=normalised-text-v1_provisional;pairs=near-dup-v1.0-2026-07-26;url=url-canon-v1.0-2026-07-27;syndication=syndication-v1.0-2026-07-26
NEWS-guardian_api-cd075eb41fa8,ESWS-2026-05,guardian_api,no_version_candidates,,,2026-01-05,date_only_no_time,usable,,not_available_in_v1_layer,2026-07-22T21:08:18+00:00,,2026-07-22T21:08:18+00:00,confirmed_available_at,2026-07-22T21:08:18+00:00,2026-01-05,2026-07-22T21:08:18+00:00,yes_publication_claim_only,no,no,no,no,no,,version-link-v1.0-2026-07-26,layer=normalised-text-v1_provisional;pairs=near-dup-v1.0-2026-07-26;url=url-canon-v1.0-2026-07-27;syndication=syndication-v1.0-2026-07-26
NEWS-guardian_api-cd3ce95d3f19,SCC-2021-05,guardian_api,no_version_candidates,,,2020-11-18,date_only_no_time,usable,,not_available_in_v1_layer,2026-07-22T21:10:07+00:00,,2026-07-22T21:10:07+00:00,confirmed_available_at,2026-07-22T21:10:07+00:00,2020-11-18,2026-07-22T21:10:07+00:00,yes_publication_claim_only,no,no,no,no,no,,version-link-v1.0-2026-07-26,layer=normalised-text-v1_provisional;pairs=near-dup-v1.0-2026-07-26;url=url-canon-v1.0-2026-07-27;syndication=syndication-v1.0-2026-07-26
NEWS-guardian_api-cd3cf8112921,ESWS-2026-05,guardian_api,no_version_candidates,,,2026-03-09,date_only_no_time,usable,,not_available_in_v1_layer,2026-07-22T21:08:18+00:00,,2026-07-22T21:08:18+00:00,confirmed_available_at,2026-07-22T21:08:18+00:00,2026-03-09,2026-07-22T21:08:18+00:00,yes_publication_claim_only,yes_publication_claim_only,no,no,no,no,,version-link-v1.0-2026-07-26,layer=normalised-text-v1_provisional;pairs=near-dup-v1.0-2026-07-26;url=url-canon-v1.0-2026-07-27;syndication=syndication-v1.0-2026-07-26
NEWS-guardian_api-cd60111470b6,SCC-2017-05,guardian_api,no_version_candidates,,,2017-02-14,date_only_no_time,usable,,not_available_in_v1_layer,2026-07-22T21:09:23+00:00,,2026-07-22T21:09:23+00:00,confirmed_available_at,2026-07-22T21:09:23+00:00,2017-02-14,2026-07-22T21:09:23+00:00,yes_publication_claim_only,yes_publication_claim_only,no,no,no,no,,version-link-v1.0-2026-07-26,layer=normalised-text-v1_provisional;pairs=near-dup-v1.0-2026-07-26;url=url-canon-v1.0-2026-07-27;syndication=syndication-v1.0-2026-07-26
NEWS-guardian_api-cd6ec2a877bc,SCC-2013-05,guardian_api,no_version_candidates,,,2013-01-08,date_only_no_time,usable,,not_available_in_v1_layer,2026-07-22T21:08:42+00:00,,2026-07-22T21:08:42+00:00,confirmed_available_at,2026-07-22T21:08:42+00:00,2013-01-08,2026-07-22T21:08:42+00:00,yes_publication_claim_only,no,no,no,no,no,,version-link-v1.0-2026-07-26,layer=normalised-text-v1_provisional;pairs=near-dup-v1.0-2026-07-26;url=url-canon-v1.0-2026-07-27;syndication=syndication-v1.0-2026-07-26
NEWS-guardian_api-cdf7220256f8,SCC-2021-05,guardian_api,no_version_candidates,,,2020-11-08,date_only_no_time,usable,,not_available_in_v1_layer,2026-07-22T21:10:20+00:00,,2026-07-22T21:10:20+00:00,confirmed_available_at,2026-07-22T21:10:20+00:00,2020-11-08,2026-07-22T21:10:20+00:00,yes_publication_claim_only,no,no,no,no,no,,version-link-v1.0-2026-07-26,layer=normalised-text-v1_provisional;pairs=near-dup-v1.0-2026-07-26;url=url-canon-v1.0-2026-07-27;syndication=syndication-v1.0-2026-07-26
NEWS-guardian_api-ce08be473068,SCC-2021-05,guardian_api,no_version_candidates,,,2020-11-08,date_only_no_time,usable,,not_available_in_v1_layer,2026-07-22T21:10:20+00:00,,2026-07-22T21:10:20+00:00,confirmed_available_at,2026-07-22T21:10:20+00:00,2020-11-08,2026-07-22T21:10:20+00:00,yes_publication_claim_only,no,no,no,no,no,,version-link-v1.0-2026-07-26,layer=normalised-text-v1_provisional;pairs=near-dup-v1.0-2026-07-26;url=url-canon-v1.0-2026-07-27;syndication=syndication-v1.0-2026-07-26
NEWS-guardian_api-ce586d2402c9,ESWS-2026-05,guardian_api,no_version_candidates,,,2025-11-17,date_only_no_time,usable,,not_available_in_v1_layer,2026-07-22T21:07:52+00:00,,2026-07-22T21:07:52+00:00,confirmed_available_at,2026-07-22T21:07:52+00:00,2025-11-17,2026-07-22T21:07:52+00:00,yes_publication_claim_only,no,no,no,no,no,,version-link-v1.0-2026-07-26,layer=normalised-text-v1_provisional;pairs=near-dup-v1.0-2026-07-26;url=url-canon-v1.0-2026-07-27;syndication=syndication-v1.0-2026-07-26
NEWS-guardian_api-ce614f0fffc6,SCC-2013-05,guardian_api,no_version_candidates,,,2012-11-25,date_only_no_time,usable,,not_available_in_v1_layer,2026-07-22T21:08:30+00:00,,2026-07-22T21:08:30+00:00,confirmed_available_at,2026-07-22T21:08:30+00:00,2012-11-25,2026-07-22T21:08:30+00:00,yes_publication_claim_only,no,no,no,no,no,,version-link-v1.0-2026-07-26,layer=normalised-text-v1_provisional;pairs=near-dup-v1.0-2026-07-26;url=url-canon-v1.0-2026-07-27;syndication=syndication-v1.0-2026-07-26
NEWS-guardian_api-ce6cd571b152,SCC-2017-05,guardian_api,no_version_candidates,,,2017-01-10,date_only_no_time,usable,,not_available_in_v1_layer,2026-07-22T21:09:19+00:00,,2026-07-22T21:09:19+00:00,confirmed_available_at,2026-07-22T21:09:19+00:00,2017-01-10,2026-07-22T21:09:19+00:00,yes_publication_claim_only,no,no,no,no,no,,version-link-v1.0-2026-07-26,layer=normalised-text-v1_provisional;pairs=near-dup-v1.0-2026-07-26;url=url-canon-v1.0-2026-07-27;syndication=syndication-v1.0-2026-07-26
NEWS-guardian_api-cf142eed0094,SCC-2017-05,guardian_api,no_version_candidates,,,2017-01-24,date_only_no_time,usable,,not_available_in_v1_layer,2026-07-22T21:09:26+00:00,,2026-07-22T21:09:26+00:00,confirmed_available_at,2026-07-22T21:09:26+00:00,2017-01-24,2026-07-22T21:09:26+00:00,yes_publication_claim_only,no,no,no,no,no,,version-link-v1.0-2026-07-26,layer=normalised-text-v1_provisional;pairs=near-dup-v1.0-2026-07-26;url=url-canon-v1.0-2026-07-27;syndication=syndication-v1.0-2026-07-26
NEWS-guardian_api-cf70a80fe42a,SCC-2013-05,guardian_api,no_version_candidates,,,2012-11-28,date_only_no_time,usable,,not_available_in_v1_layer,2026-07-22T21:08:31+00:00,,2026-07-22T21:08:31+00:00,confirmed_available_at,2026-07-22T21:08:31+00:00,2012-11-28,2026-07-22T21:08:31+00:00,yes_publication_claim_only,no,no,no,no,no,,version-link-v1.0-2026-07-26,layer=normalised-text-v1_provisional;pairs=near-dup-v1.0-2026-07-26;url=url-canon-v1.0-2026-07-27;syndication=syndication-v1.0-2026-07-26
NEWS-guardian_api-cfc56033ac3b,SCC-2013-05,guardian_api,no_version_candidates,,,2013-01-18,date_only_no_time,usable,,not_available_in_v1_layer,2026-07-22T21:08:38+00:00,,2026-07-22T21:08:38+00:00,confirmed_available_at,2026-07-22T21:08:38+00:00,2013-01-18,2026-07-22T21:08:38+00:00,yes_publication_claim_only,no,no,no,no,no,,version-link-v1.0-2026-07-26,layer=normalised-text-v1_provisional;pairs=near-dup-v1.0-2026-07-26;url=url-canon-v1.0-2026-07-27;syndication=syndication-v1.0-2026-07-26
NEWS-guardian_api-cfe35b255bb5,SCC-2013-05,guardian_api,no_version_candidates,,,2012-12-28,date_only_no_time,usable,,not_available_in_v1_layer,2026-07-22T21:09:02+00:00,,2026-07-22T21:09:02+00:00,confirmed_available_at,2026-07-22T21:09:02+00:00,2012-12-28,2026-07-22T21:09:02+00:00,yes_publication_claim_only,no,no,no,no,no,,version-link-v1.0-2026-07-26,layer=normalised-text-v1_provisional;pairs=near-dup-v1.0-2026-07-26;url=url-canon-v1.0-2026-07-27;syndication=syndication-v1.0-2026-07-26
NEWS-guardian_api-d0144242e603,ESWS-2026-05,guardian_api,no_version_candidates,,,2025-11-25,date_only_no_time,usable,,not_available_in_v1_layer,2026-07-22T21:07:45+00:00,,2026-07-22T21:07:45+00:00,confirmed_available_at,2026-07-22T21:07:45+00:00,2025-11-25,2026-07-22T21:07:45+00:00,yes_publication_claim_only,no,no,no,no,no,,version-link-v1.0-2026-07-26,layer=normalised-text-v1_provisional;pairs=near-dup-v1.0-2026-07-26;url=url-canon-v1.0-2026-07-27;syndication=syndication-v1.0-2026-07-26
NEWS-guardian_api-d03a3689db9b,ESWS-2026-05,guardian_api,no_version_candidates,,,2025-11-15,date_only_no_time,usable,,not_available_in_v1_layer,2026-07-22T21:07:44+00:00,,2026-07-22T21:07:44+00:00,confirmed_available_at,2026-07-22T21:07:44+00:00,2025-11-15,2026-07-22T21:07:44+00:00,yes_publication_claim_only,no,no,no,no,no,,version-link-v1.0-2026-07-26,layer=normalised-text-v1_provisional;pairs=near-dup-v1.0-2026-07-26;url=url-canon-v1.0-2026-07-27;syndication=syndication-v1.0-2026-07-26
NEWS-guardian_api-d071d5574daa,SCC-2021-05,guardian_api,no_version_candidates,,,2020-12-09,date_only_no_time,usable,,not_available_in_v1_layer,2026-07-22T21:10:25+00:00,,2026-07-22T21:10:25+00:00,confirmed_available_at,2026-07-22T21:10:25+00:00,2020-12-09,2026-07-22T21:10:25+00:00,yes_publication_claim_only,no,no,no,no,no,,version-link-v1.0-2026-07-26,layer=normalised-text-v1_provisional;pairs=near-dup-v1.0-2026-07-26;url=url-canon-v1.0-2026-07-27;syndication=syndication-v1.0-2026-07-26
NEWS-guardian_api-d09f4defdb06,SCC-2017-05,guardian_api,no_version_candidates,,,2016-11-13,date_only_no_time,usable,,not_available_in_v1_layer,2026-07-22T21:09:15+00:00,,2026-07-22T21:09:15+00:00,confirmed_available_at,2026-07-22T21:09:15+00:00,2016-11-13,2026-07-22T21:09:15+00:00,yes_publication_claim_only,no,no,no,no,no,,version-link-v1.0-2026-07-26,layer=normalised-text-v1_provisional;pairs=near-dup-v1.0-2026-07-26;url=url-canon-v1.0-2026-07-27;syndication=syndication-v1.0-2026-07-26
NEWS-guardian_api-d0ad8d2565d0,SCC-2017-05,guardian_api,no_version_candidates,,,2016-11-05,date_only_no_time,usable,,not_available_in_v1_layer,2026-07-22T21:09:36+00:00,,2026-07-22T21:09:36+00:00,confirmed_available_at,2026-07-22T21:09:36+00:00,2016-11-05,2026-07-22T21:09:36+00:00,yes_publication_claim_only,no,no,no,no,no,,version-link-v1.0-2026-07-26,layer=normalised-text-v1_provisional;pairs=near-dup-v1.0-2026-07-26;url=url-canon-v1.0-2026-07-27;syndication=syndication-v1.0-2026-07-26
NEWS-guardian_api-d0b9fb865bca,SCC-2013-05,guardian_api,no_version_candidates,,,2012-11-25,date_only_no_time,usable,,not_available_in_v1_layer,2026-07-22T21:08:38+00:00,,2026-07-22T21:08:38+00:00,confirmed_available_at,2026-07-22T21:08:38+00:00,2012-11-25,2026-07-22T21:08:38+00:00,yes_publication_claim_only,no,no,no,no,no,,version-link-v1.0-2026-07-26,layer=normalised-text-v1_provisional;pairs=near-dup-v1.0-2026-07-26;url=url-canon-v1.0-2026-07-27;syndication=syndication-v1.0-2026-07-26
NEWS-guardian_api-d0e43475efd8,SCC-2017-05,guardian_api,no_version_candidates,,,2017-01-23,date_only_no_time,usable,,not_available_in_v1_layer,2026-07-22T21:09:22+00:00,,2026-07-22T21:09:22+00:00,confirmed_available_at,2026-07-22T21:09:22+00:00,2017-01-23,2026-07-22T21:09:22+00:00,yes_publication_claim_only,no,no,no,no,no,,version-link-v1.0-2026-07-26,layer=normalised-text-v1_provisional;pairs=near-dup-v1.0-2026-07-26;url=url-canon-v1.0-2026-07-27;syndication=syndication-v1.0-2026-07-26
NEWS-guardian_api-d0e677e5bc64,SCC-2013-05,guardian_api,no_version_candidates,,,2012-12-30,date_only_no_time,usable,,not_available_in_v1_layer,2026-07-22T21:08:34+00:00,,2026-07-22T21:08:34+00:00,confirmed_available_at,2026-07-22T21:08:34+00:00,2012-12-30,2026-07-22T21:08:34+00:00,yes_publication_claim_only,no,no,no,no,no,,version-link-v1.0-2026-07-26,layer=normalised-text-v1_provisional;pairs=near-dup-v1.0-2026-07-26;url=url-canon-v1.0-2026-07-27;syndication=syndication-v1.0-2026-07-26
NEWS-guardian_api-d0f9c6b12713,SCC-2017-05,guardian_api,no_version_candidates,,,2016-11-26,date_only_no_time,usable,,not_available_in_v1_layer,2026-07-22T21:09:47+00:00,,2026-07-22T21:09:47+00:00,confirmed_available_at,2026-07-22T21:09:47+00:00,2016-11-26,2026-07-22T21:09:47+00:00,yes_publication_claim_only,no,no,no,no,no,,version-link-v1.0-2026-07-26,layer=normalised-text-v1_provisional;pairs=near-dup-v1.0-2026-07-26;url=url-canon-v1.0-2026-07-27;syndication=syndication-v1.0-2026-07-26
NEWS-guardian_api-d105b02300f3,SCC-2017-05,guardian_api,no_version_candidates,,,2016-11-06,date_only_no_time,usable,,not_available_in_v1_layer,2026-07-22T21:09:56+00:00,,2026-07-22T21:09:56+00:00,confirmed_available_at,2026-07-22T21:09:56+00:00,2016-11-06,2026-07-22T21:09:56+00:00,yes_publication_claim_only,no,no,no,no,no,,version-link-v1.0-2026-07-26,layer=normalised-text-v1_provisional;pairs=near-dup-v1.0-2026-07-26;url=url-canon-v1.0-2026-07-27;syndication=syndication-v1.0-2026-07-26
NEWS-guardian_api-d11095338b5c,SCC-2013-05,guardian_api,no_version_candidates,,,2012-12-15,date_only_no_time,usable,,not_available_in_v1_layer,2026-07-22T21:08:34+00:00,,2026-07-22T21:08:34+00:00,confirmed_available_at,2026-07-22T21:08:34+00:00,2012-12-15,2026-07-22T21:08:34+00:00,yes_publication_claim_only,no,no,no,no,no,,version-link-v1.0-2026-07-26,layer=normalised-text-v1_provisional;pairs=near-dup-v1.0-2026-07-26;url=url-canon-v1.0-2026-07-27;syndication=syndication-v1.0-2026-07-26
NEWS-guardian_api-d11c2225305c,SCC-2013-05,guardian_api,no_version_candidates,,,2013-02-06,date_only_no_time,usable,,not_available_in_v1_layer,2026-07-22T21:09:02+00:00,,2026-07-22T21:09:02+00:00,confirmed_available_at,2026-07-22T21:09:02+00:00,2013-02-06,2026-07-22T21:09:02+00:00,yes_publication_claim_only,yes_publication_claim_only,no,no,no,no,,version-link-v1.0-2026-07-26,layer=normalised-text-v1_provisional;pairs=near-dup-v1.0-2026-07-26;url=url-canon-v1.0-2026-07-27;syndication=syndication-v1.0-2026-07-26
NEWS-guardian_api-d15e025f540b,SCC-2021-05,guardian_api,no_version_candidates,,,2021-03-03,date_only_no_time,usable,,not_available_in_v1_layer,2026-07-22T21:10:33+00:00,,2026-07-22T21:10:33+00:00,confirmed_available_at,2026-07-22T21:10:33+00:00,2021-03-03,2026-07-22T21:10:33+00:00,yes_publication_claim_only,yes_publication_claim_only,no,no,no,no,,version-link-v1.0-2026-07-26,layer=normalised-text-v1_provisional;pairs=near-dup-v1.0-2026-07-26;url=url-canon-v1.0-2026-07-27;syndication=syndication-v1.0-2026-07-26
NEWS-guardian_api-d205dc347b92,SCC-2013-05,guardian_api,no_version_candidates,,,2012-12-06,date_only_no_time,usable,,not_available_in_v1_layer,2026-07-22T21:09:02+00:00,,2026-07-22T21:09:02+00:00,confirmed_available_at,2026-07-22T21:09:02+00:00,2012-12-06,2026-07-22T21:09:02+00:00,yes_publication_claim_only,no,no,no,no,no,,version-link-v1.0-2026-07-26,layer=normalised-text-v1_provisional;pairs=near-dup-v1.0-2026-07-26;url=url-canon-v1.0-2026-07-27;syndication=syndication-v1.0-2026-07-26
NEWS-guardian_api-d21d167eeeae,SCC-2017-05,guardian_api,no_version_candidates,,,2016-12-06,date_only_no_time,usable,,not_available_in_v1_layer,2026-07-22T21:09:39+00:00,,2026-07-22T21:09:39+00:00,confirmed_available_at,2026-07-22T21:09:39+00:00,2016-12-06,2026-07-22T21:09:39+00:00,yes_publication_claim_only,no,no,no,no,no,,version-link-v1.0-2026-07-26,layer=normalised-text-v1_provisional;pairs=near-dup-v1.0-2026-07-26;url=url-canon-v1.0-2026-07-27;syndication=syndication-v1.0-2026-07-26
NEWS-guardian_api-d23b4b9bfe24,SCC-2021-05,guardian_api,no_version_candidates,,,2020-12-27,date_only_no_time,usable,,not_available_in_v1_layer,2026-07-22T21:10:32+00:00,,2026-07-22T21:10:32+00:00,confirmed_available_at,2026-07-22T21:10:32+00:00,2020-12-27,2026-07-22T21:10:32+00:00,yes_publication_claim_only,no,no,no,no,no,,version-link-v1.0-2026-07-26,layer=normalised-text-v1_provisional;pairs=near-dup-v1.0-2026-07-26;url=url-canon-v1.0-2026-07-27;syndication=syndication-v1.0-2026-07-26
NEWS-guardian_api-d26123047d53,ESWS-2026-05,guardian_api,no_version_candidates,,,2025-11-13,date_only_no_time,usable,,not_available_in_v1_layer,2026-07-22T21:07:52+00:00,,2026-07-22T21:07:52+00:00,confirmed_available_at,2026-07-22T21:07:52+00:00,2025-11-13,2026-07-22T21:07:52+00:00,yes_publication_claim_only,no,no,no,no,no,,version-link-v1.0-2026-07-26,layer=normalised-text-v1_provisional;pairs=near-dup-v1.0-2026-07-26;url=url-canon-v1.0-2026-07-27;syndication=syndication-v1.0-2026-07-26
NEWS-guardian_api-d27cc05720ea,ESWS-2026-05,guardian_api,no_version_candidates,,,2025-11-12,date_only_no_time,usable,,not_available_in_v1_layer,2026-07-22T21:07:44+00:00,,2026-07-22T21:07:44+00:00,confirmed_available_at,2026-07-22T21:07:44+00:00,2025-11-12,2026-07-22T21:07:44+00:00,yes_publication_claim_only,no,no,no,no,no,,version-link-v1.0-2026-07-26,layer=normalised-text-v1_provisional;pairs=near-dup-v1.0-2026-07-26;url=url-canon-v1.0-2026-07-27;syndication=syndication-v1.0-2026-07-26
NEWS-guardian_api-d2ab9e3a4023,SCC-2013-05,guardian_api,no_version_candidates,,,2012-11-27,date_only_no_time,usable,,not_available_in_v1_layer,2026-07-22T21:08:55+00:00,,2026-07-22T21:08:55+00:00,confirmed_available_at,2026-07-22T21:08:55+00:00,2012-11-27,2026-07-22T21:08:55+00:00,yes_publication_claim_only,no,no,no,no,no,,version-link-v1.0-2026-07-26,layer=normalised-text-v1_provisional;pairs=near-dup-v1.0-2026-07-26;url=url-canon-v1.0-2026-07-27;syndication=syndication-v1.0-2026-07-26
NEWS-guardian_api-d2ec7a17776d,ESWS-2026-05,guardian_api,no_version_candidates,,,2025-11-20,date_only_no_time,usable,,not_available_in_v1_layer,2026-07-22T21:08:10+00:00,,2026-07-22T21:08:10+00:00,confirmed_available_at,2026-07-22T21:08:10+00:00,2025-11-20,2026-07-22T21:08:10+00:00,yes_publication_claim_only,no,no,no,no,no,,version-link-v1.0-2026-07-26,layer=normalised-text-v1_provisional;pairs=near-dup-v1.0-2026-07-26;url=url-canon-v1.0-2026-07-27;syndication=syndication-v1.0-2026-07-26
NEWS-guardian_api-d323a620796c,SCC-2017-05,guardian_api,no_version_candidates,,,2017-04-21,date_only_no_time,usable,,not_available_in_v1_layer,2026-07-22T21:09:52+00:00,,2026-07-22T21:09:52+00:00,confirmed_available_at,2026-07-22T21:09:52+00:00,2017-04-21,2026-07-22T21:09:52+00:00,yes_publication_claim_only,yes_publication_claim_only,yes_publication_claim_only,yes_publication_claim_only,no,no,,version-link-v1.0-2026-07-26,layer=normalised-text-v1_provisional;pairs=near-dup-v1.0-2026-07-26;url=url-canon-v1.0-2026-07-27;syndication=syndication-v1.0-2026-07-26
NEWS-guardian_api-d32a0a6f89dd,ESWS-2026-05,guardian_api,no_version_candidates,,,2026-01-17,date_only_no_time,usable,,not_available_in_v1_layer,2026-07-22T21:08:18+00:00,,2026-07-22T21:08:18+00:00,confirmed_available_at,2026-07-22T21:08:18+00:00,2026-01-17,2026-07-22T21:08:18+00:00,yes_publication_claim_only,no,no,no,no,no,,version-link-v1.0-2026-07-26,layer=normalised-text-v1_provisional;pairs=near-dup-v1.0-2026-07-26;url=url-canon-v1.0-2026-07-27;syndication=syndication-v1.0-2026-07-26
NEWS-guardian_api-d332f7f996a3,SCC-2017-05,guardian_api,no_version_candidates,,,2016-11-22,date_only_no_time,usable,,not_available_in_v1_layer,2026-07-22T21:09:15+00:00,,2026-07-22T21:09:15+00:00,confirmed_available_at,2026-07-22T21:09:15+00:00,2016-11-22,2026-07-22T21:09:15+00:00,yes_publication_claim_only,no,no,no,no,no,,version-link-v1.0-2026-07-26,layer=normalised-text-v1_provisional;pairs=near-dup-v1.0-2026-07-26;url=url-canon-v1.0-2026-07-27;syndication=syndication-v1.0-2026-07-26
NEWS-guardian_api-d348cdf6a1be,SCC-2017-05,guardian_api,no_version_candidates,,,2017-02-01,date_only_no_time,usable,,not_available_in_v1_layer,2026-07-22T21:09:47+00:00,,2026-07-22T21:09:47+00:00,confirmed_available_at,2026-07-22T21:09:47+00:00,2017-02-01,2026-07-22T21:09:47+00:00,yes_publication_claim_only,no,no,no,no,no,,version-link-v1.0-2026-07-26,layer=normalised-text-v1_provisional;pairs=near-dup-v1.0-2026-07-26;url=url-canon-v1.0-2026-07-27;syndication=syndication-v1.0-2026-07-26
NEWS-guardian_api-d364204d783f,SCC-2013-05,guardian_api,no_version_candidates,,,2012-11-15,date_only_no_time,usable,,not_available_in_v1_layer,2026-07-22T21:08:42+00:00,,2026-07-22T21:08:42+00:00,confirmed_available_at,2026-07-22T21:08:42+00:00,2012-11-15,2026-07-22T21:08:42+00:00,yes_publication_claim_only,no,no,no,no,no,,version-link-v1.0-2026-07-26,layer=normalised-text-v1_provisional;pairs=near-dup-v1.0-2026-07-26;url=url-canon-v1.0-2026-07-27;syndication=syndication-v1.0-2026-07-26
NEWS-guardian_api-d3b4ce9a0f6b,SCC-2021-05,guardian_api,no_version_candidates,,,2021-02-05,date_only_no_time,usable,,not_available_in_v1_layer,2026-07-22T21:10:13+00:00,,2026-07-22T21:10:13+00:00,confirmed_available_at,2026-07-22T21:10:13+00:00,2021-02-05,2026-07-22T21:10:13+00:00,yes_publication_claim_only,yes_publication_claim_only,no,no,no,no,,version-link-v1.0-2026-07-26,layer=normalised-text-v1_provisional;pairs=near-dup-v1.0-2026-07-26;url=url-canon-v1.0-2026-07-27;syndication=syndication-v1.0-2026-07-26
NEWS-guardian_api-d3cde60e6448,SCC-2013-05,guardian_api,no_version_candidates,,,2012-11-19,date_only_no_time,usable,,not_available_in_v1_layer,2026-07-22T21:09:02+00:00,,2026-07-22T21:09:02+00:00,confirmed_available_at,2026-07-22T21:09:02+00:00,2012-11-19,2026-07-22T21:09:02+00:00,yes_publication_claim_only,no,no,no,no,no,,version-link-v1.0-2026-07-26,layer=normalised-text-v1_provisional;pairs=near-dup-v1.0-2026-07-26;url=url-canon-v1.0-2026-07-27;syndication=syndication-v1.0-2026-07-26
NEWS-guardian_api-d3d76f7d8406,SCC-2017-05,guardian_api,no_version_candidates,,,2016-12-18,date_only_no_time,usable,,not_available_in_v1_layer,2026-07-22T21:09:40+00:00,,2026-07-22T21:09:40+00:00,confirmed_available_at,2026-07-22T21:09:40+00:00,2016-12-18,2026-07-22T21:09:40+00:00,yes_publication_claim_only,no,no,no,no,no,,version-link-v1.0-2026-07-26,layer=normalised-text-v1_provisional;pairs=near-dup-v1.0-2026-07-26;url=url-canon-v1.0-2026-07-27;syndication=syndication-v1.0-2026-07-26
NEWS-guardian_api-d3de5e2c071e,SCC-2017-05,guardian_api,no_version_candidates,,,2016-12-13,date_only_no_time,usable,,not_available_in_v1_layer,2026-07-22T21:09:22+00:00,,2026-07-22T21:09:22+00:00,confirmed_available_at,2026-07-22T21:09:22+00:00,2016-12-13,2026-07-22T21:09:22+00:00,yes_publication_claim_only,no,no,no,no,no,,version-link-v1.0-2026-07-26,layer=normalised-text-v1_provisional;pairs=near-dup-v1.0-2026-07-26;url=url-canon-v1.0-2026-07-27;syndication=syndication-v1.0-2026-07-26
NEWS-guardian_api-d3f50d1cbd8d,ESWS-2026-05,guardian_api,no_version_candidates,,,2025-11-22,date_only_no_time,usable,,not_available_in_v1_layer,2026-07-22T21:07:45+00:00,,2026-07-22T21:07:45+00:00,confirmed_available_at,2026-07-22T21:07:45+00:00,2025-11-22,2026-07-22T21:07:45+00:00,yes_publication_claim_only,no,no,no,no,no,,version-link-v1.0-2026-07-26,layer=normalised-text-v1_provisional;pairs=near-dup-v1.0-2026-07-26;url=url-canon-v1.0-2026-07-27;syndication=syndication-v1.0-2026-07-26
NEWS-guardian_api-d40151e92172,SCC-2013-05,guardian_api,no_version_candidates,,,2012-12-11,date_only_no_time,usable,,not_available_in_v1_layer,2026-07-22T21:08:55+00:00,,2026-07-22T21:08:55+00:00,confirmed_available_at,2026-07-22T21:08:55+00:00,2012-12-11,2026-07-22T21:08:55+00:00,yes_publication_claim_only,no,no,no,no,no,,version-link-v1.0-2026-07-26,layer=normalised-text-v1_provisional;pairs=near-dup-v1.0-2026-07-26;url=url-canon-v1.0-2026-07-27;syndication=syndication-v1.0-2026-07-26
NEWS-guardian_api-d415c9fede44,SCC-2013-05,guardian_api,no_version_candidates,,,2013-01-08,date_only_no_time,usable,,not_available_in_v1_layer,2026-07-22T21:08:38+00:00,,2026-07-22T21:08:38+00:00,confirmed_available_at,2026-07-22T21:08:38+00:00,2013-01-08,2026-07-22T21:08:38+00:00,yes_publication_claim_only,no,no,no,no,no,,version-link-v1.0-2026-07-26,layer=normalised-text-v1_provisional;pairs=near-dup-v1.0-2026-07-26;url=url-canon-v1.0-2026-07-27;syndication=syndication-v1.0-2026-07-26
NEWS-guardian_api-d419c9c4b0d0,SCC-2017-05,guardian_api,no_version_candidates,,,2016-12-02,date_only_no_time,usable,,not_available_in_v1_layer,2026-07-22T21:09:39+00:00,,2026-07-22T21:09:39+00:00,confirmed_available_at,2026-07-22T21:09:39+00:00,2016-12-02,2026-07-22T21:09:39+00:00,yes_publication_claim_only,no,no,no,no,no,,version-link-v1.0-2026-07-26,layer=normalised-text-v1_provisional;pairs=near-dup-v1.0-2026-07-26;url=url-canon-v1.0-2026-07-27;syndication=syndication-v1.0-2026-07-26
NEWS-guardian_api-d42b50d26ef0,ESWS-2026-05,guardian_api,no_version_candidates,,,2025-11-20,date_only_no_time,usable,,not_available_in_v1_layer,2026-07-22T21:07:44+00:00,,2026-07-22T21:07:44+00:00,confirmed_available_at,2026-07-22T21:07:44+00:00,2025-11-20,2026-07-22T21:07:44+00:00,yes_publication_claim_only,no,no,no,no,no,,version-link-v1.0-2026-07-26,layer=normalised-text-v1_provisional;pairs=near-dup-v1.0-2026-07-26;url=url-canon-v1.0-2026-07-27;syndication=syndication-v1.0-2026-07-26
NEWS-guardian_api-d457f14c8167,SCC-2017-05,guardian_api,no_version_candidates,,,2016-12-22,date_only_no_time,usable,,not_available_in_v1_layer,2026-07-22T21:09:19+00:00,,2026-07-22T21:09:19+00:00,confirmed_available_at,2026-07-22T21:09:19+00:00,2016-12-22,2026-07-22T21:09:19+00:00,yes_publication_claim_only,no,no,no,no,no,,version-link-v1.0-2026-07-26,layer=normalised-text-v1_provisional;pairs=near-dup-v1.0-2026-07-26;url=url-canon-v1.0-2026-07-27;syndication=syndication-v1.0-2026-07-26
NEWS-guardian_api-d494f5e36567,SCC-2017-05,guardian_api,no_version_candidates,,,2016-12-12,date_only_no_time,usable,,not_available_in_v1_layer,2026-07-22T21:09:19+00:00,,2026-07-22T21:09:19+00:00,confirmed_available_at,2026-07-22T21:09:19+00:00,2016-12-12,2026-07-22T21:09:19+00:00,yes_publication_claim_only,no,no,no,no,no,,version-link-v1.0-2026-07-26,layer=normalised-text-v1_provisional;pairs=near-dup-v1.0-2026-07-26;url=url-canon-v1.0-2026-07-27;syndication=syndication-v1.0-2026-07-26
NEWS-guardian_api-d4a4d7e56edb,SCC-2021-05,guardian_api,no_version_candidates,,,2021-03-11,date_only_no_time,usable,,not_available_in_v1_layer,2026-07-22T21:10:33+00:00,,2026-07-22T21:10:33+00:00,confirmed_available_at,2026-07-22T21:10:33+00:00,2021-03-11,2026-07-22T21:10:33+00:00,yes_publication_claim_only,yes_publication_claim_only,no,no,no,no,,version-link-v1.0-2026-07-26,layer=normalised-text-v1_provisional;pairs=near-dup-v1.0-2026-07-26;url=url-canon-v1.0-2026-07-27;syndication=syndication-v1.0-2026-07-26
NEWS-guardian_api-d4f4cabda9cf,SCC-2017-05,guardian_api,no_version_candidates,,,2016-11-26,date_only_no_time,usable,,not_available_in_v1_layer,2026-07-22T21:09:39+00:00,,2026-07-22T21:09:39+00:00,confirmed_available_at,2026-07-22T21:09:39+00:00,2016-11-26,2026-07-22T21:09:39+00:00,yes_publication_claim_only,no,no,no,no,no,,version-link-v1.0-2026-07-26,layer=normalised-text-v1_provisional;pairs=near-dup-v1.0-2026-07-26;url=url-canon-v1.0-2026-07-27;syndication=syndication-v1.0-2026-07-26
NEWS-guardian_api-d52a697edfaa,SCC-2013-05,guardian_api,no_version_candidates,,,2012-11-11,date_only_no_time,usable,,not_available_in_v1_layer,2026-07-22T21:08:30+00:00,,2026-07-22T21:08:30+00:00,confirmed_available_at,2026-07-22T21:08:30+00:00,2012-11-11,2026-07-22T21:08:30+00:00,yes_publication_claim_only,no,no,no,no,no,,version-link-v1.0-2026-07-26,layer=normalised-text-v1_provisional;pairs=near-dup-v1.0-2026-07-26;url=url-canon-v1.0-2026-07-27;syndication=syndication-v1.0-2026-07-26
NEWS-guardian_api-d53b89c45266,SCC-2013-05,guardian_api,no_version_candidates,,,2013-01-28,date_only_no_time,usable,,not_available_in_v1_layer,2026-07-22T21:08:38+00:00,,2026-07-22T21:08:38+00:00,confirmed_available_at,2026-07-22T21:08:38+00:00,2013-01-28,2026-07-22T21:08:38+00:00,yes_publication_claim_only,no,no,no,no,no,,version-link-v1.0-2026-07-26,layer=normalised-text-v1_provisional;pairs=near-dup-v1.0-2026-07-26;url=url-canon-v1.0-2026-07-27;syndication=syndication-v1.0-2026-07-26
NEWS-guardian_api-d59de44747f0,ESWS-2026-05,guardian_api,no_version_candidates,,,2025-11-11,date_only_no_time,usable,,not_available_in_v1_layer,2026-07-22T21:08:02+00:00,,2026-07-22T21:08:02+00:00,confirmed_available_at,2026-07-22T21:08:02+00:00,2025-11-11,2026-07-22T21:08:02+00:00,yes_publication_claim_only,no,no,no,no,no,,version-link-v1.0-2026-07-26,layer=normalised-text-v1_provisional;pairs=near-dup-v1.0-2026-07-26;url=url-canon-v1.0-2026-07-27;syndication=syndication-v1.0-2026-07-26
NEWS-guardian_api-d5b220610ad5,SCC-2021-05,guardian_api,no_version_candidates,,,2020-12-22,date_only_no_time,usable,,not_available_in_v1_layer,2026-07-22T21:10:25+00:00,,2026-07-22T21:10:25+00:00,confirmed_available_at,2026-07-22T21:10:25+00:00,2020-12-22,2026-07-22T21:10:25+00:00,yes_publication_claim_only,no,no,no,no,no,,version-link-v1.0-2026-07-26,layer=normalised-text-v1_provisional;pairs=near-dup-v1.0-2026-07-26;url=url-canon-v1.0-2026-07-27;syndication=syndication-v1.0-2026-07-26
NEWS-guardian_api-d5c5cede0d78,SCC-2021-05,guardian_api,no_version_candidates,,,2020-12-09,date_only_no_time,usable,,not_available_in_v1_layer,2026-07-22T21:10:03+00:00,,2026-07-22T21:10:03+00:00,confirmed_available_at,2026-07-22T21:10:03+00:00,2020-12-09,2026-07-22T21:10:03+00:00,yes_publication_claim_only,no,no,no,no,no,,version-link-v1.0-2026-07-26,layer=normalised-text-v1_provisional;pairs=near-dup-v1.0-2026-07-26;url=url-canon-v1.0-2026-07-27;syndication=syndication-v1.0-2026-07-26
NEWS-guardian_api-d68a3aaa87f0,ESWS-2026-05,guardian_api,no_version_candidates,,,2025-11-25,date_only_no_time,usable,,not_available_in_v1_layer,2026-07-22T21:07:45+00:00,,2026-07-22T21:07:45+00:00,confirmed_available_at,2026-07-22T21:07:45+00:00,2025-11-25,2026-07-22T21:07:45+00:00,yes_publication_claim_only,no,no,no,no,no,,version-link-v1.0-2026-07-26,layer=normalised-text-v1_provisional;pairs=near-dup-v1.0-2026-07-26;url=url-canon-v1.0-2026-07-27;syndication=syndication-v1.0-2026-07-26
NEWS-guardian_api-d68b69c55d4e,SCC-2013-05,guardian_api,no_version_candidates,,,2013-01-31,date_only_no_time,usable,,not_available_in_v1_layer,2026-07-22T21:08:42+00:00,,2026-07-22T21:08:42+00:00,confirmed_available_at,2026-07-22T21:08:42+00:00,2013-01-31,2026-07-22T21:08:42+00:00,yes_publication_claim_only,no,no,no,no,no,,version-link-v1.0-2026-07-26,layer=normalised-text-v1_provisional;pairs=near-dup-v1.0-2026-07-26;url=url-canon-v1.0-2026-07-27;syndication=syndication-v1.0-2026-07-26
NEWS-guardian_api-d69521c2b342,SCC-2017-05,guardian_api,no_version_candidates,,,2016-12-29,date_only_no_time,usable,,not_available_in_v1_layer,2026-07-22T21:09:19+00:00,,2026-07-22T21:09:19+00:00,confirmed_available_at,2026-07-22T21:09:19+00:00,2016-12-29,2026-07-22T21:09:19+00:00,yes_publication_claim_only,no,no,no,no,no,,version-link-v1.0-2026-07-26,layer=normalised-text-v1_provisional;pairs=near-dup-v1.0-2026-07-26;url=url-canon-v1.0-2026-07-27;syndication=syndication-v1.0-2026-07-26
NEWS-guardian_api-d6b325201d22,SCC-2017-05,guardian_api,no_version_candidates,,,2017-01-03,date_only_no_time,usable,,not_available_in_v1_layer,2026-07-22T21:09:19+00:00,,2026-07-22T21:09:19+00:00,confirmed_available_at,2026-07-22T21:09:19+00:00,2017-01-03,2026-07-22T21:09:19+00:00,yes_publication_claim_only,no,no,no,no,no,,version-link-v1.0-2026-07-26,layer=normalised-text-v1_provisional;pairs=near-dup-v1.0-2026-07-26;url=url-canon-v1.0-2026-07-27;syndication=syndication-v1.0-2026-07-26
NEWS-guardian_api-d6f00ce6f1b0,SCC-2017-05,guardian_api,no_version_candidates,,,2017-01-03,date_only_no_time,usable,,not_available_in_v1_layer,2026-07-22T21:09:19+00:00,,2026-07-22T21:09:19+00:00,confirmed_available_at,2026-07-22T21:09:19+00:00,2017-01-03,2026-07-22T21:09:19+00:00,yes_publication_claim_only,no,no,no,no,no,,version-link-v1.0-2026-07-26,layer=normalised-text-v1_provisional;pairs=near-dup-v1.0-2026-07-26;url=url-canon-v1.0-2026-07-27;syndication=syndication-v1.0-2026-07-26
NEWS-guardian_api-d74f5e4509df,SCC-2021-05,guardian_api,no_version_candidates,,,2020-11-08,date_only_no_time,usable,,not_available_in_v1_layer,2026-07-22T21:10:20+00:00,,2026-07-22T21:10:20+00:00,confirmed_available_at,2026-07-22T21:10:20+00:00,2020-11-08,2026-07-22T21:10:20+00:00,yes_publication_claim_only,no,no,no,no,no,,version-link-v1.0-2026-07-26,layer=normalised-text-v1_provisional;pairs=near-dup-v1.0-2026-07-26;url=url-canon-v1.0-2026-07-27;syndication=syndication-v1.0-2026-07-26
NEWS-guardian_api-d79bb4ef9b8b,SCC-2013-05,guardian_api,no_version_candidates,,,2012-12-21,date_only_no_time,usable,,not_available_in_v1_layer,2026-07-22T21:09:02+00:00,,2026-07-22T21:09:02+00:00,confirmed_available_at,2026-07-22T21:09:02+00:00,2012-12-21,2026-07-22T21:09:02+00:00,yes_publication_claim_only,no,no,no,no,no,,version-link-v1.0-2026-07-26,layer=normalised-text-v1_provisional;pairs=near-dup-v1.0-2026-07-26;url=url-canon-v1.0-2026-07-27;syndication=syndication-v1.0-2026-07-26
NEWS-guardian_api-d7f9040b6ee6,SCC-2021-05,guardian_api,no_version_candidates,,,2020-12-01,date_only_no_time,usable,,not_available_in_v1_layer,2026-07-22T21:10:03+00:00,,2026-07-22T21:10:03+00:00,confirmed_available_at,2026-07-22T21:10:03+00:00,2020-12-01,2026-07-22T21:10:03+00:00,yes_publication_claim_only,no,no,no,no,no,,version-link-v1.0-2026-07-26,layer=normalised-text-v1_provisional;pairs=near-dup-v1.0-2026-07-26;url=url-canon-v1.0-2026-07-27;syndication=syndication-v1.0-2026-07-26
NEWS-guardian_api-d80c75f6a32b,SCC-2021-05,guardian_api,no_version_candidates,,,2020-11-28,date_only_no_time,usable,,not_available_in_v1_layer,2026-07-22T21:10:32+00:00,,2026-07-22T21:10:32+00:00,confirmed_available_at,2026-07-22T21:10:32+00:00,2020-11-28,2026-07-22T21:10:32+00:00,yes_publication_claim_only,no,no,no,no,no,,version-link-v1.0-2026-07-26,layer=normalised-text-v1_provisional;pairs=near-dup-v1.0-2026-07-26;url=url-canon-v1.0-2026-07-27;syndication=syndication-v1.0-2026-07-26
NEWS-guardian_api-d8c8f5695952,SCC-2021-05,guardian_api,no_version_candidates,,,2020-11-11,date_only_no_time,usable,,not_available_in_v1_layer,2026-07-22T21:10:25+00:00,,2026-07-22T21:10:25+00:00,confirmed_available_at,2026-07-22T21:10:25+00:00,2020-11-11,2026-07-22T21:10:25+00:00,yes_publication_claim_only,no,no,no,no,no,,version-link-v1.0-2026-07-26,layer=normalised-text-v1_provisional;pairs=near-dup-v1.0-2026-07-26;url=url-canon-v1.0-2026-07-27;syndication=syndication-v1.0-2026-07-26
NEWS-guardian_api-d8cd60dc846b,SCC-2017-05,guardian_api,no_version_candidates,,,2016-11-08,date_only_no_time,usable,,not_available_in_v1_layer,2026-07-22T21:09:32+00:00,,2026-07-22T21:09:32+00:00,confirmed_available_at,2026-07-22T21:09:32+00:00,2016-11-08,2026-07-22T21:09:32+00:00,yes_publication_claim_only,no,no,no,no,no,,version-link-v1.0-2026-07-26,layer=normalised-text-v1_provisional;pairs=near-dup-v1.0-2026-07-26;url=url-canon-v1.0-2026-07-27;syndication=syndication-v1.0-2026-07-26
NEWS-guardian_api-d954dd985731,SCC-2017-05,guardian_api,no_version_candidates,,,2016-12-02,date_only_no_time,usable,,not_available_in_v1_layer,2026-07-22T21:09:19+00:00,,2026-07-22T21:09:19+00:00,confirmed_available_at,2026-07-22T21:09:19+00:00,2016-12-02,2026-07-22T21:09:19+00:00,yes_publication_claim_only,no,no,no,no,no,,version-link-v1.0-2026-07-26,layer=normalised-text-v1_provisional;pairs=near-dup-v1.0-2026-07-26;url=url-canon-v1.0-2026-07-27;syndication=syndication-v1.0-2026-07-26
NEWS-guardian_api-d97c1db412e5,ESWS-2026-05,guardian_api,no_version_candidates,,,2025-11-13,date_only_no_time,usable,,not_available_in_v1_layer,2026-07-22T21:07:44+00:00,,2026-07-22T21:07:44+00:00,confirmed_available_at,2026-07-22T21:07:44+00:00,2025-11-13,2026-07-22T21:07:44+00:00,yes_publication_claim_only,no,no,no,no,no,,version-link-v1.0-2026-07-26,layer=normalised-text-v1_provisional;pairs=near-dup-v1.0-2026-07-26;url=url-canon-v1.0-2026-07-27;syndication=syndication-v1.0-2026-07-26
NEWS-guardian_api-d985f98c3b34,SCC-2021-05,guardian_api,no_version_candidates,,,2020-11-10,date_only_no_time,usable,,not_available_in_v1_layer,2026-07-22T21:10:17+00:00,,2026-07-22T21:10:17+00:00,confirmed_available_at,2026-07-22T21:10:17+00:00,2020-11-10,2026-07-22T21:10:17+00:00,yes_publication_claim_only,no,no,no,no,no,,version-link-v1.0-2026-07-26,layer=normalised-text-v1_provisional;pairs=near-dup-v1.0-2026-07-26;url=url-canon-v1.0-2026-07-27;syndication=syndication-v1.0-2026-07-26
NEWS-guardian_api-d9a934d0dcbf,SCC-2013-05,guardian_api,no_version_candidates,,,2012-11-30,date_only_no_time,usable,,not_available_in_v1_layer,2026-07-22T21:08:31+00:00,,2026-07-22T21:08:31+00:00,confirmed_available_at,2026-07-22T21:08:31+00:00,2012-11-30,2026-07-22T21:08:31+00:00,yes_publication_claim_only,no,no,no,no,no,,version-link-v1.0-2026-07-26,layer=normalised-text-v1_provisional;pairs=near-dup-v1.0-2026-07-26;url=url-canon-v1.0-2026-07-27;syndication=syndication-v1.0-2026-07-26
NEWS-guardian_api-d9bf2566ae10,SCC-2013-05,guardian_api,no_version_candidates,,,2012-12-25,date_only_no_time,usable,,not_available_in_v1_layer,2026-07-22T21:08:34+00:00,,2026-07-22T21:08:34+00:00,confirmed_available_at,2026-07-22T21:08:34+00:00,2012-12-25,2026-07-22T21:08:34+00:00,yes_publication_claim_only,no,no,no,no,no,,version-link-v1.0-2026-07-26,layer=normalised-text-v1_provisional;pairs=near-dup-v1.0-2026-07-26;url=url-canon-v1.0-2026-07-27;syndication=syndication-v1.0-2026-07-26
NEWS-guardian_api-d9dc0af8f38d,ESWS-2026-05,guardian_api,no_version_candidates,,,2025-11-10,date_only_no_time,usable,,not_available_in_v1_layer,2026-07-22T21:07:44+00:00,,2026-07-22T21:07:44+00:00,confirmed_available_at,2026-07-22T21:07:44+00:00,2025-11-10,2026-07-22T21:07:44+00:00,yes_publication_claim_only,no,no,no,no,no,,version-link-v1.0-2026-07-26,layer=normalised-text-v1_provisional;pairs=near-dup-v1.0-2026-07-26;url=url-canon-v1.0-2026-07-27;syndication=syndication-v1.0-2026-07-26
NEWS-guardian_api-da076b205c66,ESWS-2026-05,guardian_api,no_version_candidates,,,2025-11-25,date_only_no_time,usable,,not_available_in_v1_layer,2026-07-22T21:07:45+00:00,,2026-07-22T21:07:45+00:00,confirmed_available_at,2026-07-22T21:07:45+00:00,2025-11-25,2026-07-22T21:07:45+00:00,yes_publication_claim_only,no,no,no,no,no,,version-link-v1.0-2026-07-26,layer=normalised-text-v1_provisional;pairs=near-dup-v1.0-2026-07-26;url=url-canon-v1.0-2026-07-27;syndication=syndication-v1.0-2026-07-26
NEWS-guardian_api-da696af4ddae,SCC-2013-05,guardian_api,no_version_candidates,,,2012-11-19,date_only_no_time,usable,,not_available_in_v1_layer,2026-07-22T21:08:38+00:00,,2026-07-22T21:08:38+00:00,confirmed_available_at,2026-07-22T21:08:38+00:00,2012-11-19,2026-07-22T21:08:38+00:00,yes_publication_claim_only,no,no,no,no,no,,version-link-v1.0-2026-07-26,layer=normalised-text-v1_provisional;pairs=near-dup-v1.0-2026-07-26;url=url-canon-v1.0-2026-07-27;syndication=syndication-v1.0-2026-07-26
NEWS-guardian_api-da6cd5d790cf,ESWS-2026-05,guardian_api,no_version_candidates,,,2025-11-12,date_only_no_time,usable,,not_available_in_v1_layer,2026-07-22T21:07:44+00:00,,2026-07-22T21:07:44+00:00,confirmed_available_at,2026-07-22T21:07:44+00:00,2025-11-12,2026-07-22T21:07:44+00:00,yes_publication_claim_only,no,no,no,no,no,,version-link-v1.0-2026-07-26,layer=normalised-text-v1_provisional;pairs=near-dup-v1.0-2026-07-26;url=url-canon-v1.0-2026-07-27;syndication=syndication-v1.0-2026-07-26
NEWS-guardian_api-daf630730606,SCC-2013-05,guardian_api,no_version_candidates,,,2012-11-12,date_only_no_time,usable,,not_available_in_v1_layer,2026-07-22T21:08:55+00:00,,2026-07-22T21:08:55+00:00,confirmed_available_at,2026-07-22T21:08:55+00:00,2012-11-12,2026-07-22T21:08:55+00:00,yes_publication_claim_only,no,no,no,no,no,,version-link-v1.0-2026-07-26,layer=normalised-text-v1_provisional;pairs=near-dup-v1.0-2026-07-26;url=url-canon-v1.0-2026-07-27;syndication=syndication-v1.0-2026-07-26
NEWS-guardian_api-db8e86d23fa5,ESWS-2026-05,guardian_api,no_version_candidates,,,2026-03-24,date_only_no_time,usable,,not_available_in_v1_layer,2026-07-22T21:07:54+00:00,,2026-07-22T21:07:54+00:00,confirmed_available_at,2026-07-22T21:07:54+00:00,2026-03-24,2026-07-22T21:07:54+00:00,yes_publication_claim_only,yes_publication_claim_only,no,no,no,no,,version-link-v1.0-2026-07-26,layer=normalised-text-v1_provisional;pairs=near-dup-v1.0-2026-07-26;url=url-canon-v1.0-2026-07-27;syndication=syndication-v1.0-2026-07-26
NEWS-guardian_api-dba9b708664b,SCC-2017-05,guardian_api,no_version_candidates,,,2016-12-15,date_only_no_time,usable,,not_available_in_v1_layer,2026-07-22T21:09:19+00:00,,2026-07-22T21:09:19+00:00,confirmed_available_at,2026-07-22T21:09:19+00:00,2016-12-15,2026-07-22T21:09:19+00:00,yes_publication_claim_only,no,no,no,no,no,,version-link-v1.0-2026-07-26,layer=normalised-text-v1_provisional;pairs=near-dup-v1.0-2026-07-26;url=url-canon-v1.0-2026-07-27;syndication=syndication-v1.0-2026-07-26
NEWS-guardian_api-dbee489006a9,ESWS-2026-05,guardian_api,no_version_candidates,,,2025-11-24,date_only_no_time,usable,,not_available_in_v1_layer,2026-07-22T21:07:45+00:00,,2026-07-22T21:07:45+00:00,confirmed_available_at,2026-07-22T21:07:45+00:00,2025-11-24,2026-07-22T21:07:45+00:00,yes_publication_claim_only,no,no,no,no,no,,version-link-v1.0-2026-07-26,layer=normalised-text-v1_provisional;pairs=near-dup-v1.0-2026-07-26;url=url-canon-v1.0-2026-07-27;syndication=syndication-v1.0-2026-07-26
NEWS-guardian_api-dbffe59c2a37,ESWS-2026-05,guardian_api,no_version_candidates,,,2025-11-19,date_only_no_time,usable,,not_available_in_v1_layer,2026-07-22T21:07:44+00:00,,2026-07-22T21:07:44+00:00,confirmed_available_at,2026-07-22T21:07:44+00:00,2025-11-19,2026-07-22T21:07:44+00:00,yes_publication_claim_only,no,no,no,no,no,,version-link-v1.0-2026-07-26,layer=normalised-text-v1_provisional;pairs=near-dup-v1.0-2026-07-26;url=url-canon-v1.0-2026-07-27;syndication=syndication-v1.0-2026-07-26
NEWS-guardian_api-dc9c6505fe49,SCC-2017-05,guardian_api,no_version_candidates,,,2016-11-11,date_only_no_time,usable,,not_available_in_v1_layer,2026-07-22T21:09:32+00:00,,2026-07-22T21:09:32+00:00,confirmed_available_at,2026-07-22T21:09:32+00:00,2016-11-11,2026-07-22T21:09:32+00:00,yes_publication_claim_only,no,no,no,no,no,,version-link-v1.0-2026-07-26,layer=normalised-text-v1_provisional;pairs=near-dup-v1.0-2026-07-26;url=url-canon-v1.0-2026-07-27;syndication=syndication-v1.0-2026-07-26
NEWS-guardian_api-dca3632efdcd,SCC-2017-05,guardian_api,no_version_candidates,,,2017-01-16,date_only_no_time,usable,,not_available_in_v1_layer,2026-07-22T21:09:22+00:00,,2026-07-22T21:09:22+00:00,confirmed_available_at,2026-07-22T21:09:22+00:00,2017-01-16,2026-07-22T21:09:22+00:00,yes_publication_claim_only,no,no,no,no,no,,version-link-v1.0-2026-07-26,layer=normalised-text-v1_provisional;pairs=near-dup-v1.0-2026-07-26;url=url-canon-v1.0-2026-07-27;syndication=syndication-v1.0-2026-07-26
NEWS-guardian_api-dca45bd4c7eb,SCC-2017-05,guardian_api,no_version_candidates,,,2016-11-16,date_only_no_time,usable,,not_available_in_v1_layer,2026-07-22T21:09:15+00:00,,2026-07-22T21:09:15+00:00,confirmed_available_at,2026-07-22T21:09:15+00:00,2016-11-16,2026-07-22T21:09:15+00:00,yes_publication_claim_only,no,no,no,no,no,,version-link-v1.0-2026-07-26,layer=normalised-text-v1_provisional;pairs=near-dup-v1.0-2026-07-26;url=url-canon-v1.0-2026-07-27;syndication=syndication-v1.0-2026-07-26
NEWS-guardian_api-dcb62e199e24,SCC-2017-05,guardian_api,no_version_candidates,,,2016-11-06,date_only_no_time,usable,,not_available_in_v1_layer,2026-07-22T21:09:36+00:00,,2026-07-22T21:09:36+00:00,confirmed_available_at,2026-07-22T21:09:36+00:00,2016-11-06,2026-07-22T21:09:36+00:00,yes_publication_claim_only,no,no,no,no,no,,version-link-v1.0-2026-07-26,layer=normalised-text-v1_provisional;pairs=near-dup-v1.0-2026-07-26;url=url-canon-v1.0-2026-07-27;syndication=syndication-v1.0-2026-07-26
NEWS-guardian_api-dcdc30d05f30,SCC-2021-05,guardian_api,no_version_candidates,,,2020-11-21,date_only_no_time,usable,,not_available_in_v1_layer,2026-07-22T21:10:25+00:00,,2026-07-22T21:10:25+00:00,confirmed_available_at,2026-07-22T21:10:25+00:00,2020-11-21,2026-07-22T21:10:25+00:00,yes_publication_claim_only,no,no,no,no,no,,version-link-v1.0-2026-07-26,layer=normalised-text-v1_provisional;pairs=near-dup-v1.0-2026-07-26;url=url-canon-v1.0-2026-07-27;syndication=syndication-v1.0-2026-07-26
NEWS-guardian_api-dcfb7477da1a,SCC-2017-05,guardian_api,no_version_candidates,,,2016-11-16,date_only_no_time,usable,,not_available_in_v1_layer,2026-07-22T21:09:15+00:00,,2026-07-22T21:09:15+00:00,confirmed_available_at,2026-07-22T21:09:15+00:00,2016-11-16,2026-07-22T21:09:15+00:00,yes_publication_claim_only,no,no,no,no,no,,version-link-v1.0-2026-07-26,layer=normalised-text-v1_provisional;pairs=near-dup-v1.0-2026-07-26;url=url-canon-v1.0-2026-07-27;syndication=syndication-v1.0-2026-07-26
NEWS-guardian_api-dd450c4add06,SCC-2017-05,guardian_api,no_version_candidates,,,2016-11-23,date_only_no_time,usable,,not_available_in_v1_layer,2026-07-22T21:09:39+00:00,,2026-07-22T21:09:39+00:00,confirmed_available_at,2026-07-22T21:09:39+00:00,2016-11-23,2026-07-22T21:09:39+00:00,yes_publication_claim_only,no,no,no,no,no,,version-link-v1.0-2026-07-26,layer=normalised-text-v1_provisional;pairs=near-dup-v1.0-2026-07-26;url=url-canon-v1.0-2026-07-27;syndication=syndication-v1.0-2026-07-26
NEWS-guardian_api-dd670ddc6928,SCC-2021-05,guardian_api,no_version_candidates,,,2020-11-17,date_only_no_time,usable,,not_available_in_v1_layer,2026-07-22T21:10:32+00:00,,2026-07-22T21:10:32+00:00,confirmed_available_at,2026-07-22T21:10:32+00:00,2020-11-17,2026-07-22T21:10:32+00:00,yes_publication_claim_only,no,no,no,no,no,,version-link-v1.0-2026-07-26,layer=normalised-text-v1_provisional;pairs=near-dup-v1.0-2026-07-26;url=url-canon-v1.0-2026-07-27;syndication=syndication-v1.0-2026-07-26
NEWS-guardian_api-dd93a3003147,ESWS-2026-05,guardian_api,no_version_candidates,,,2025-11-30,date_only_no_time,usable,,not_available_in_v1_layer,2026-07-22T21:08:18+00:00,,2026-07-22T21:08:18+00:00,confirmed_available_at,2026-07-22T21:08:18+00:00,2025-11-30,2026-07-22T21:08:18+00:00,yes_publication_claim_only,no,no,no,no,no,,version-link-v1.0-2026-07-26,layer=normalised-text-v1_provisional;pairs=near-dup-v1.0-2026-07-26;url=url-canon-v1.0-2026-07-27;syndication=syndication-v1.0-2026-07-26
NEWS-guardian_api-dd97a3812d92,SCC-2021-05,guardian_api,no_version_candidates,,,2021-03-24,date_only_no_time,usable,,not_available_in_v1_layer,2026-07-22T21:10:33+00:00,,2026-07-22T21:10:33+00:00,confirmed_available_at,2026-07-22T21:10:33+00:00,2021-03-24,2026-07-22T21:10:33+00:00,yes_publication_claim_only,yes_publication_claim_only,no,no,no,no,,version-link-v1.0-2026-07-26,layer=normalised-text-v1_provisional;pairs=near-dup-v1.0-2026-07-26;url=url-canon-v1.0-2026-07-27;syndication=syndication-v1.0-2026-07-26
NEWS-guardian_api-ddf1c73612b6,SCC-2013-05,guardian_api,no_version_candidates,,,2012-12-18,date_only_no_time,usable,,not_available_in_v1_layer,2026-07-22T21:08:38+00:00,,2026-07-22T21:08:38+00:00,confirmed_available_at,2026-07-22T21:08:38+00:00,2012-12-18,2026-07-22T21:08:38+00:00,yes_publication_claim_only,no,no,no,no,no,,version-link-v1.0-2026-07-26,layer=normalised-text-v1_provisional;pairs=near-dup-v1.0-2026-07-26;url=url-canon-v1.0-2026-07-27;syndication=syndication-v1.0-2026-07-26
NEWS-guardian_api-de0ad7cc7c30,SCC-2017-05,guardian_api,no_version_candidates,,,2016-12-03,date_only_no_time,usable,,not_available_in_v1_layer,2026-07-22T21:09:19+00:00,,2026-07-22T21:09:19+00:00,confirmed_available_at,2026-07-22T21:09:19+00:00,2016-12-03,2026-07-22T21:09:19+00:00,yes_publication_claim_only,no,no,no,no,no,,version-link-v1.0-2026-07-26,layer=normalised-text-v1_provisional;pairs=near-dup-v1.0-2026-07-26;url=url-canon-v1.0-2026-07-27;syndication=syndication-v1.0-2026-07-26
NEWS-guardian_api-de14fda465d9,SCC-2021-05,guardian_api,no_version_candidates,,,2020-12-20,date_only_no_time,usable,,not_available_in_v1_layer,2026-07-22T21:10:12+00:00,,2026-07-22T21:10:12+00:00,confirmed_available_at,2026-07-22T21:10:12+00:00,2020-12-20,2026-07-22T21:10:12+00:00,yes_publication_claim_only,no,no,no,no,no,,version-link-v1.0-2026-07-26,layer=normalised-text-v1_provisional;pairs=near-dup-v1.0-2026-07-26;url=url-canon-v1.0-2026-07-27;syndication=syndication-v1.0-2026-07-26
NEWS-guardian_api-de35fe4ba424,SCC-2017-05,guardian_api,no_version_candidates,,,2017-01-23,date_only_no_time,usable,,not_available_in_v1_layer,2026-07-22T21:09:26+00:00,,2026-07-22T21:09:26+00:00,confirmed_available_at,2026-07-22T21:09:26+00:00,2017-01-23,2026-07-22T21:09:26+00:00,yes_publication_claim_only,no,no,no,no,no,,version-link-v1.0-2026-07-26,layer=normalised-text-v1_provisional;pairs=near-dup-v1.0-2026-07-26;url=url-canon-v1.0-2026-07-27;syndication=syndication-v1.0-2026-07-26
NEWS-guardian_api-de6ba365a393,SCC-2021-05,guardian_api,no_version_candidates,,,2021-04-21,date_only_no_time,usable,,not_available_in_v1_layer,2026-07-22T21:10:07+00:00,,2026-07-22T21:10:07+00:00,confirmed_available_at,2026-07-22T21:10:07+00:00,2021-04-21,2026-07-22T21:10:07+00:00,yes_publication_claim_only,yes_publication_claim_only,yes_publication_claim_only,no,no,no,,version-link-v1.0-2026-07-26,layer=normalised-text-v1_provisional;pairs=near-dup-v1.0-2026-07-26;url=url-canon-v1.0-2026-07-27;syndication=syndication-v1.0-2026-07-26
NEWS-guardian_api-de7da753ebc5,ESWS-2026-05,guardian_api,no_version_candidates,,,2025-12-31,date_only_no_time,usable,,not_available_in_v1_layer,2026-07-22T21:08:18+00:00,,2026-07-22T21:08:18+00:00,confirmed_available_at,2026-07-22T21:08:18+00:00,2025-12-31,2026-07-22T21:08:18+00:00,yes_publication_claim_only,no,no,no,no,no,,version-link-v1.0-2026-07-26,layer=normalised-text-v1_provisional;pairs=near-dup-v1.0-2026-07-26;url=url-canon-v1.0-2026-07-27;syndication=syndication-v1.0-2026-07-26
NEWS-guardian_api-dec4512273f6,SCC-2013-05,guardian_api,no_version_candidates,,,2012-11-30,date_only_no_time,usable,,not_available_in_v1_layer,2026-07-22T21:08:31+00:00,,2026-07-22T21:08:31+00:00,confirmed_available_at,2026-07-22T21:08:31+00:00,2012-11-30,2026-07-22T21:08:31+00:00,yes_publication_claim_only,no,no,no,no,no,,version-link-v1.0-2026-07-26,layer=normalised-text-v1_provisional;pairs=near-dup-v1.0-2026-07-26;url=url-canon-v1.0-2026-07-27;syndication=syndication-v1.0-2026-07-26
NEWS-guardian_api-def738cf0e47,ESWS-2026-05,guardian_api,no_version_candidates,,,2025-11-24,date_only_no_time,usable,,not_available_in_v1_layer,2026-07-22T21:08:10+00:00,,2026-07-22T21:08:10+00:00,confirmed_available_at,2026-07-22T21:08:10+00:00,2025-11-24,2026-07-22T21:08:10+00:00,yes_publication_claim_only,no,no,no,no,no,,version-link-v1.0-2026-07-26,layer=normalised-text-v1_provisional;pairs=near-dup-v1.0-2026-07-26;url=url-canon-v1.0-2026-07-27;syndication=syndication-v1.0-2026-07-26
NEWS-guardian_api-df15c0169af6,SCC-2013-05,guardian_api,no_version_candidates,,,2012-12-31,date_only_no_time,usable,,not_available_in_v1_layer,2026-07-22T21:08:38+00:00,,2026-07-22T21:08:38+00:00,confirmed_available_at,2026-07-22T21:08:38+00:00,2012-12-31,2026-07-22T21:08:38+00:00,yes_publication_claim_only,no,no,no,no,no,,version-link-v1.0-2026-07-26,layer=normalised-text-v1_provisional;pairs=near-dup-v1.0-2026-07-26;url=url-canon-v1.0-2026-07-27;syndication=syndication-v1.0-2026-07-26
NEWS-guardian_api-df30c5680f7c,ESWS-2026-05,guardian_api,no_version_candidates,,,2025-11-22,date_only_no_time,usable,,not_available_in_v1_layer,2026-07-22T21:07:45+00:00,,2026-07-22T21:07:45+00:00,confirmed_available_at,2026-07-22T21:07:45+00:00,2025-11-22,2026-07-22T21:07:45+00:00,yes_publication_claim_only,no,no,no,no,no,,version-link-v1.0-2026-07-26,layer=normalised-text-v1_provisional;pairs=near-dup-v1.0-2026-07-26;url=url-canon-v1.0-2026-07-27;syndication=syndication-v1.0-2026-07-26
NEWS-guardian_api-df4d905fca2a,SCC-2017-05,guardian_api,no_version_candidates,,,2016-11-29,date_only_no_time,usable,,not_available_in_v1_layer,2026-07-22T21:09:39+00:00,,2026-07-22T21:09:39+00:00,confirmed_available_at,2026-07-22T21:09:39+00:00,2016-11-29,2026-07-22T21:09:39+00:00,yes_publication_claim_only,no,no,no,no,no,,version-link-v1.0-2026-07-26,layer=normalised-text-v1_provisional;pairs=near-dup-v1.0-2026-07-26;url=url-canon-v1.0-2026-07-27;syndication=syndication-v1.0-2026-07-26
NEWS-guardian_api-df6125750933,SCC-2013-05,guardian_api,no_version_candidates,,,2012-11-13,date_only_no_time,usable,,not_available_in_v1_layer,2026-07-22T21:09:02+00:00,,2026-07-22T21:09:02+00:00,confirmed_available_at,2026-07-22T21:09:02+00:00,2012-11-13,2026-07-22T21:09:02+00:00,yes_publication_claim_only,no,no,no,no,no,,version-link-v1.0-2026-07-26,layer=normalised-text-v1_provisional;pairs=near-dup-v1.0-2026-07-26;url=url-canon-v1.0-2026-07-27;syndication=syndication-v1.0-2026-07-26
NEWS-guardian_api-df7b4024db83,SCC-2017-05,guardian_api,no_version_candidates,,,2016-12-20,date_only_no_time,usable,,not_available_in_v1_layer,2026-07-22T21:09:19+00:00,,2026-07-22T21:09:19+00:00,confirmed_available_at,2026-07-22T21:09:19+00:00,2016-12-20,2026-07-22T21:09:19+00:00,yes_publication_claim_only,no,no,no,no,no,,version-link-v1.0-2026-07-26,layer=normalised-text-v1_provisional;pairs=near-dup-v1.0-2026-07-26;url=url-canon-v1.0-2026-07-27;syndication=syndication-v1.0-2026-07-26
NEWS-guardian_api-dfc615684617,SCC-2021-05,guardian_api,no_version_candidates,,,2020-11-08,date_only_no_time,usable,,not_available_in_v1_layer,2026-07-22T21:10:20+00:00,,2026-07-22T21:10:20+00:00,confirmed_available_at,2026-07-22T21:10:20+00:00,2020-11-08,2026-07-22T21:10:20+00:00,yes_publication_claim_only,no,no,no,no,no,,version-link-v1.0-2026-07-26,layer=normalised-text-v1_provisional;pairs=near-dup-v1.0-2026-07-26;url=url-canon-v1.0-2026-07-27;syndication=syndication-v1.0-2026-07-26
NEWS-guardian_api-dfd06c891e64,SCC-2013-05,guardian_api,no_version_candidates,,,2012-11-29,date_only_no_time,usable,,not_available_in_v1_layer,2026-07-22T21:08:55+00:00,,2026-07-22T21:08:55+00:00,confirmed_available_at,2026-07-22T21:08:55+00:00,2012-11-29,2026-07-22T21:08:55+00:00,yes_publication_claim_only,no,no,no,no,no,,version-link-v1.0-2026-07-26,layer=normalised-text-v1_provisional;pairs=near-dup-v1.0-2026-07-26;url=url-canon-v1.0-2026-07-27;syndication=syndication-v1.0-2026-07-26
NEWS-guardian_api-e055a3a82316,SCC-2017-05,guardian_api,no_version_candidates,,,2016-11-14,date_only_no_time,usable,,not_available_in_v1_layer,2026-07-22T21:09:15+00:00,,2026-07-22T21:09:15+00:00,confirmed_available_at,2026-07-22T21:09:15+00:00,2016-11-14,2026-07-22T21:09:15+00:00,yes_publication_claim_only,no,no,no,no,no,,version-link-v1.0-2026-07-26,layer=normalised-text-v1_provisional;pairs=near-dup-v1.0-2026-07-26;url=url-canon-v1.0-2026-07-27;syndication=syndication-v1.0-2026-07-26
NEWS-guardian_api-e07fe85d62f4,SCC-2017-05,guardian_api,no_version_candidates,,,2017-03-13,date_only_no_time,usable,,not_available_in_v1_layer,2026-07-22T21:09:52+00:00,,2026-07-22T21:09:52+00:00,confirmed_available_at,2026-07-22T21:09:52+00:00,2017-03-13,2026-07-22T21:09:52+00:00,yes_publication_claim_only,yes_publication_claim_only,no,no,no,no,,version-link-v1.0-2026-07-26,layer=normalised-text-v1_provisional;pairs=near-dup-v1.0-2026-07-26;url=url-canon-v1.0-2026-07-27;syndication=syndication-v1.0-2026-07-26
NEWS-guardian_api-e0a9a9a4b97f,SCC-2017-05,guardian_api,no_version_candidates,,,2016-11-09,date_only_no_time,usable,,not_available_in_v1_layer,2026-07-22T21:09:15+00:00,,2026-07-22T21:09:15+00:00,confirmed_available_at,2026-07-22T21:09:15+00:00,2016-11-09,2026-07-22T21:09:15+00:00,yes_publication_claim_only,no,no,no,no,no,,version-link-v1.0-2026-07-26,layer=normalised-text-v1_provisional;pairs=near-dup-v1.0-2026-07-26;url=url-canon-v1.0-2026-07-27;syndication=syndication-v1.0-2026-07-26
NEWS-guardian_api-e0ca3011d653,SCC-2013-05,guardian_api,no_version_candidates,,,2012-11-06,date_only_no_time,usable,,not_available_in_v1_layer,2026-07-22T21:08:30+00:00,,2026-07-22T21:08:30+00:00,confirmed_available_at,2026-07-22T21:08:30+00:00,2012-11-06,2026-07-22T21:08:30+00:00,yes_publication_claim_only,no,no,no,no,no,,version-link-v1.0-2026-07-26,layer=normalised-text-v1_provisional;pairs=near-dup-v1.0-2026-07-26;url=url-canon-v1.0-2026-07-27;syndication=syndication-v1.0-2026-07-26
NEWS-guardian_api-e0d9206fb5b9,SCC-2013-05,guardian_api,no_version_candidates,,,2012-11-14,date_only_no_time,usable,,not_available_in_v1_layer,2026-07-22T21:08:30+00:00,,2026-07-22T21:08:30+00:00,confirmed_available_at,2026-07-22T21:08:30+00:00,2012-11-14,2026-07-22T21:08:30+00:00,yes_publication_claim_only,no,no,no,no,no,,version-link-v1.0-2026-07-26,layer=normalised-text-v1_provisional;pairs=near-dup-v1.0-2026-07-26;url=url-canon-v1.0-2026-07-27;syndication=syndication-v1.0-2026-07-26
NEWS-guardian_api-e0f17ffc5ed1,SCC-2013-05,guardian_api,no_version_candidates,,,2012-11-10,date_only_no_time,usable,,not_available_in_v1_layer,2026-07-22T21:08:47+00:00,,2026-07-22T21:08:47+00:00,confirmed_available_at,2026-07-22T21:08:47+00:00,2012-11-10,2026-07-22T21:08:47+00:00,yes_publication_claim_only,no,no,no,no,no,,version-link-v1.0-2026-07-26,layer=normalised-text-v1_provisional;pairs=near-dup-v1.0-2026-07-26;url=url-canon-v1.0-2026-07-27;syndication=syndication-v1.0-2026-07-26
NEWS-guardian_api-e1223e426b02,ESWS-2026-05,guardian_api,no_version_candidates,,,2025-11-12,date_only_no_time,usable,,not_available_in_v1_layer,2026-07-22T21:07:44+00:00,,2026-07-22T21:07:44+00:00,confirmed_available_at,2026-07-22T21:07:44+00:00,2025-11-12,2026-07-22T21:07:44+00:00,yes_publication_claim_only,no,no,no,no,no,,version-link-v1.0-2026-07-26,layer=normalised-text-v1_provisional;pairs=near-dup-v1.0-2026-07-26;url=url-canon-v1.0-2026-07-27;syndication=syndication-v1.0-2026-07-26
NEWS-guardian_api-e127d2625c6c,SCC-2021-05,guardian_api,no_version_candidates,,,2021-05-05,date_only_no_time,usable,,not_available_in_v1_layer,2026-07-22T21:10:03+00:00,,2026-07-22T21:10:03+00:00,confirmed_available_at,2026-07-22T21:10:03+00:00,2021-05-05,2026-07-22T21:10:03+00:00,yes_publication_claim_only,yes_publication_claim_only,yes_publication_claim_only,yes_publication_claim_only,yes_publication_claim_only,yes_publication_claim_only,,version-link-v1.0-2026-07-26,layer=normalised-text-v1_provisional;pairs=near-dup-v1.0-2026-07-26;url=url-canon-v1.0-2026-07-27;syndication=syndication-v1.0-2026-07-26
NEWS-guardian_api-e14b67ba8d11,SCC-2021-05,guardian_api,no_version_candidates,,,2020-11-27,date_only_no_time,usable,,not_available_in_v1_layer,2026-07-22T21:10:07+00:00,,2026-07-22T21:10:07+00:00,confirmed_available_at,2026-07-22T21:10:07+00:00,2020-11-27,2026-07-22T21:10:07+00:00,yes_publication_claim_only,no,no,no,no,no,,version-link-v1.0-2026-07-26,layer=normalised-text-v1_provisional;pairs=near-dup-v1.0-2026-07-26;url=url-canon-v1.0-2026-07-27;syndication=syndication-v1.0-2026-07-26
NEWS-guardian_api-e1741c44a60f,SCC-2017-05,guardian_api,no_version_candidates,,,2016-11-14,date_only_no_time,usable,,not_available_in_v1_layer,2026-07-22T21:09:15+00:00,,2026-07-22T21:09:15+00:00,confirmed_available_at,2026-07-22T21:09:15+00:00,2016-11-14,2026-07-22T21:09:15+00:00,yes_publication_claim_only,no,no,no,no,no,,version-link-v1.0-2026-07-26,layer=normalised-text-v1_provisional;pairs=near-dup-v1.0-2026-07-26;url=url-canon-v1.0-2026-07-27;syndication=syndication-v1.0-2026-07-26
NEWS-guardian_api-e18cc51b3c46,SCC-2017-05,guardian_api,no_version_candidates,,,2017-01-26,date_only_no_time,usable,,not_available_in_v1_layer,2026-07-22T21:09:47+00:00,,2026-07-22T21:09:47+00:00,confirmed_available_at,2026-07-22T21:09:47+00:00,2017-01-26,2026-07-22T21:09:47+00:00,yes_publication_claim_only,no,no,no,no,no,,version-link-v1.0-2026-07-26,layer=normalised-text-v1_provisional;pairs=near-dup-v1.0-2026-07-26;url=url-canon-v1.0-2026-07-27;syndication=syndication-v1.0-2026-07-26
NEWS-guardian_api-e2001566d58a,SCC-2013-05,guardian_api,in_version_family,VER-569f4b0f4ed3,,2012-11-05,date_only_no_time,usable,,not_available_in_v1_layer,2026-07-22T21:08:58+00:00,,2026-07-22T21:08:58+00:00,confirmed_available_at,2026-07-22T21:08:58+00:00,2012-11-05,2026-07-22T21:08:58+00:00,yes_publication_claim_only,no,no,no,no,no,,version-link-v1.0-2026-07-26,layer=normalised-text-v1_provisional;pairs=near-dup-v1.0-2026-07-26;url=url-canon-v1.0-2026-07-27;syndication=syndication-v1.0-2026-07-26
NEWS-guardian_api-e2097df72479,ESWS-2026-05,guardian_api,no_version_candidates,,,2025-11-18,date_only_no_time,usable,,not_available_in_v1_layer,2026-07-22T21:07:44+00:00,,2026-07-22T21:07:44+00:00,confirmed_available_at,2026-07-22T21:07:44+00:00,2025-11-18,2026-07-22T21:07:44+00:00,yes_publication_claim_only,no,no,no,no,no,,version-link-v1.0-2026-07-26,layer=normalised-text-v1_provisional;pairs=near-dup-v1.0-2026-07-26;url=url-canon-v1.0-2026-07-27;syndication=syndication-v1.0-2026-07-26
NEWS-guardian_api-e245af725ad1,ESWS-2026-05,guardian_api,no_version_candidates,,,2025-12-03,date_only_no_time,usable,,not_available_in_v1_layer,2026-07-22T21:08:18+00:00,,2026-07-22T21:08:18+00:00,confirmed_available_at,2026-07-22T21:08:18+00:00,2025-12-03,2026-07-22T21:08:18+00:00,yes_publication_claim_only,no,no,no,no,no,,version-link-v1.0-2026-07-26,layer=normalised-text-v1_provisional;pairs=near-dup-v1.0-2026-07-26;url=url-canon-v1.0-2026-07-27;syndication=syndication-v1.0-2026-07-26
NEWS-guardian_api-e24d358aad5e,SCC-2017-05,guardian_api,no_version_candidates,,,2016-12-01,date_only_no_time,usable,,not_available_in_v1_layer,2026-07-22T21:09:39+00:00,,2026-07-22T21:09:39+00:00,confirmed_available_at,2026-07-22T21:09:39+00:00,2016-12-01,2026-07-22T21:09:39+00:00,yes_publication_claim_only,no,no,no,no,no,,version-link-v1.0-2026-07-26,layer=normalised-text-v1_provisional;pairs=near-dup-v1.0-2026-07-26;url=url-canon-v1.0-2026-07-27;syndication=syndication-v1.0-2026-07-26
NEWS-guardian_api-e27041541080,SCC-2013-05,guardian_api,no_version_candidates,,,2012-11-30,date_only_no_time,usable,,not_available_in_v1_layer,2026-07-22T21:08:34+00:00,,2026-07-22T21:08:34+00:00,confirmed_available_at,2026-07-22T21:08:34+00:00,2012-11-30,2026-07-22T21:08:34+00:00,yes_publication_claim_only,no,no,no,no,no,,version-link-v1.0-2026-07-26,layer=normalised-text-v1_provisional;pairs=near-dup-v1.0-2026-07-26;url=url-canon-v1.0-2026-07-27;syndication=syndication-v1.0-2026-07-26
NEWS-guardian_api-e29d8afa3d40,ESWS-2026-05,guardian_api,no_version_candidates,,,2026-01-08,date_only_no_time,usable,,not_available_in_v1_layer,2026-07-22T21:08:18+00:00,,2026-07-22T21:08:18+00:00,confirmed_available_at,2026-07-22T21:08:18+00:00,2026-01-08,2026-07-22T21:08:18+00:00,yes_publication_claim_only,no,no,no,no,no,,version-link-v1.0-2026-07-26,layer=normalised-text-v1_provisional;pairs=near-dup-v1.0-2026-07-26;url=url-canon-v1.0-2026-07-27;syndication=syndication-v1.0-2026-07-26
NEWS-guardian_api-e2dfbebe74f3,SCC-2021-05,guardian_api,no_version_candidates,,,2021-01-18,date_only_no_time,usable,,not_available_in_v1_layer,2026-07-22T21:10:25+00:00,,2026-07-22T21:10:25+00:00,confirmed_available_at,2026-07-22T21:10:25+00:00,2021-01-18,2026-07-22T21:10:25+00:00,yes_publication_claim_only,no,no,no,no,no,,version-link-v1.0-2026-07-26,layer=normalised-text-v1_provisional;pairs=near-dup-v1.0-2026-07-26;url=url-canon-v1.0-2026-07-27;syndication=syndication-v1.0-2026-07-26
NEWS-guardian_api-e2e572470c8c,SCC-2021-05,guardian_api,no_version_candidates,,,2020-11-12,date_only_no_time,usable,,not_available_in_v1_layer,2026-07-22T21:10:17+00:00,,2026-07-22T21:10:17+00:00,confirmed_available_at,2026-07-22T21:10:17+00:00,2020-11-12,2026-07-22T21:10:17+00:00,yes_publication_claim_only,no,no,no,no,no,,version-link-v1.0-2026-07-26,layer=normalised-text-v1_provisional;pairs=near-dup-v1.0-2026-07-26;url=url-canon-v1.0-2026-07-27;syndication=syndication-v1.0-2026-07-26
NEWS-guardian_api-e3d7085348ca,SCC-2013-05,guardian_api,no_version_candidates,,,2013-04-20,date_only_no_time,usable,,not_available_in_v1_layer,2026-07-22T21:09:08+00:00,,2026-07-22T21:09:08+00:00,confirmed_available_at,2026-07-22T21:09:08+00:00,2013-04-20,2026-07-22T21:09:08+00:00,yes_publication_claim_only,yes_publication_claim_only,yes_publication_claim_only,yes_publication_claim_only,no,no,,version-link-v1.0-2026-07-26,layer=normalised-text-v1_provisional;pairs=near-dup-v1.0-2026-07-26;url=url-canon-v1.0-2026-07-27;syndication=syndication-v1.0-2026-07-26
NEWS-guardian_api-e3d93c1b16f2,SCC-2021-05,guardian_api,no_version_candidates,,,2020-11-18,date_only_no_time,usable,,not_available_in_v1_layer,2026-07-22T21:10:25+00:00,,2026-07-22T21:10:25+00:00,confirmed_available_at,2026-07-22T21:10:25+00:00,2020-11-18,2026-07-22T21:10:25+00:00,yes_publication_claim_only,no,no,no,no,no,,version-link-v1.0-2026-07-26,layer=normalised-text-v1_provisional;pairs=near-dup-v1.0-2026-07-26;url=url-canon-v1.0-2026-07-27;syndication=syndication-v1.0-2026-07-26
NEWS-guardian_api-e3eab3eae9ee,ESWS-2026-05,guardian_api,no_version_candidates,,,2025-12-17,date_only_no_time,usable,,not_available_in_v1_layer,2026-07-22T21:08:18+00:00,,2026-07-22T21:08:18+00:00,confirmed_available_at,2026-07-22T21:08:18+00:00,2025-12-17,2026-07-22T21:08:18+00:00,yes_publication_claim_only,no,no,no,no,no,,version-link-v1.0-2026-07-26,layer=normalised-text-v1_provisional;pairs=near-dup-v1.0-2026-07-26;url=url-canon-v1.0-2026-07-27;syndication=syndication-v1.0-2026-07-26
NEWS-guardian_api-e3f61b6a4b4f,SCC-2013-05,guardian_api,no_version_candidates,,,2012-12-07,date_only_no_time,usable,,not_available_in_v1_layer,2026-07-22T21:08:38+00:00,,2026-07-22T21:08:38+00:00,confirmed_available_at,2026-07-22T21:08:38+00:00,2012-12-07,2026-07-22T21:08:38+00:00,yes_publication_claim_only,no,no,no,no,no,,version-link-v1.0-2026-07-26,layer=normalised-text-v1_provisional;pairs=near-dup-v1.0-2026-07-26;url=url-canon-v1.0-2026-07-27;syndication=syndication-v1.0-2026-07-26
NEWS-guardian_api-e4143fc63ae4,SCC-2013-05,guardian_api,no_version_candidates,,,2012-11-14,date_only_no_time,usable,,not_available_in_v1_layer,2026-07-22T21:08:55+00:00,,2026-07-22T21:08:55+00:00,confirmed_available_at,2026-07-22T21:08:55+00:00,2012-11-14,2026-07-22T21:08:55+00:00,yes_publication_claim_only,no,no,no,no,no,,version-link-v1.0-2026-07-26,layer=normalised-text-v1_provisional;pairs=near-dup-v1.0-2026-07-26;url=url-canon-v1.0-2026-07-27;syndication=syndication-v1.0-2026-07-26
NEWS-guardian_api-e43188efd3e7,SCC-2021-05,guardian_api,no_version_candidates,,,2021-02-17,date_only_no_time,usable,,not_available_in_v1_layer,2026-07-22T21:10:07+00:00,,2026-07-22T21:10:07+00:00,confirmed_available_at,2026-07-22T21:10:07+00:00,2021-02-17,2026-07-22T21:10:07+00:00,yes_publication_claim_only,yes_publication_claim_only,no,no,no,no,,version-link-v1.0-2026-07-26,layer=normalised-text-v1_provisional;pairs=near-dup-v1.0-2026-07-26;url=url-canon-v1.0-2026-07-27;syndication=syndication-v1.0-2026-07-26
NEWS-guardian_api-e453f5dce06c,SCC-2013-05,guardian_api,no_version_candidates,,,2012-12-02,date_only_no_time,usable,,not_available_in_v1_layer,2026-07-22T21:08:34+00:00,,2026-07-22T21:08:34+00:00,confirmed_available_at,2026-07-22T21:08:34+00:00,2012-12-02,2026-07-22T21:08:34+00:00,yes_publication_claim_only,no,no,no,no,no,,version-link-v1.0-2026-07-26,layer=normalised-text-v1_provisional;pairs=near-dup-v1.0-2026-07-26;url=url-canon-v1.0-2026-07-27;syndication=syndication-v1.0-2026-07-26
NEWS-guardian_api-e486eed78770,ESWS-2026-05,guardian_api,no_version_candidates,,,2026-03-11,date_only_no_time,usable,,not_available_in_v1_layer,2026-07-22T21:08:18+00:00,,2026-07-22T21:08:18+00:00,confirmed_available_at,2026-07-22T21:08:18+00:00,2026-03-11,2026-07-22T21:08:18+00:00,yes_publication_claim_only,yes_publication_claim_only,no,no,no,no,,version-link-v1.0-2026-07-26,layer=normalised-text-v1_provisional;pairs=near-dup-v1.0-2026-07-26;url=url-canon-v1.0-2026-07-27;syndication=syndication-v1.0-2026-07-26
NEWS-guardian_api-e533fffa17bf,SCC-2013-05,guardian_api,no_version_candidates,,,2012-11-27,date_only_no_time,usable,,not_available_in_v1_layer,2026-07-22T21:08:31+00:00,,2026-07-22T21:08:31+00:00,confirmed_available_at,2026-07-22T21:08:31+00:00,2012-11-27,2026-07-22T21:08:31+00:00,yes_publication_claim_only,no,no,no,no,no,,version-link-v1.0-2026-07-26,layer=normalised-text-v1_provisional;pairs=near-dup-v1.0-2026-07-26;url=url-canon-v1.0-2026-07-27;syndication=syndication-v1.0-2026-07-26
NEWS-guardian_api-e53a1a0c7ab9,SCC-2013-05,guardian_api,no_version_candidates,,,2013-01-14,date_only_no_time,usable,,not_available_in_v1_layer,2026-07-22T21:09:02+00:00,,2026-07-22T21:09:02+00:00,confirmed_available_at,2026-07-22T21:09:02+00:00,2013-01-14,2026-07-22T21:09:02+00:00,yes_publication_claim_only,no,no,no,no,no,,version-link-v1.0-2026-07-26,layer=normalised-text-v1_provisional;pairs=near-dup-v1.0-2026-07-26;url=url-canon-v1.0-2026-07-27;syndication=syndication-v1.0-2026-07-26
NEWS-guardian_api-e586b4419ec1,SCC-2017-05,guardian_api,no_version_candidates,,,2017-01-02,date_only_no_time,usable,,not_available_in_v1_layer,2026-07-22T21:09:19+00:00,,2026-07-22T21:09:19+00:00,confirmed_available_at,2026-07-22T21:09:19+00:00,2017-01-02,2026-07-22T21:09:19+00:00,yes_publication_claim_only,no,no,no,no,no,,version-link-v1.0-2026-07-26,layer=normalised-text-v1_provisional;pairs=near-dup-v1.0-2026-07-26;url=url-canon-v1.0-2026-07-27;syndication=syndication-v1.0-2026-07-26
NEWS-guardian_api-e5a21a7dd1b1,ESWS-2026-05,guardian_api,no_version_candidates,,,2025-11-26,date_only_no_time,usable,,not_available_in_v1_layer,2026-07-22T21:07:48+00:00,,2026-07-22T21:07:48+00:00,confirmed_available_at,2026-07-22T21:07:48+00:00,2025-11-26,2026-07-22T21:07:48+00:00,yes_publication_claim_only,no,no,no,no,no,,version-link-v1.0-2026-07-26,layer=normalised-text-v1_provisional;pairs=near-dup-v1.0-2026-07-26;url=url-canon-v1.0-2026-07-27;syndication=syndication-v1.0-2026-07-26
NEWS-guardian_api-e5aa0496951b,SCC-2017-05,guardian_api,no_version_candidates,,,2016-11-10,date_only_no_time,usable,,not_available_in_v1_layer,2026-07-22T21:09:32+00:00,,2026-07-22T21:09:32+00:00,confirmed_available_at,2026-07-22T21:09:32+00:00,2016-11-10,2026-07-22T21:09:32+00:00,yes_publication_claim_only,no,no,no,no,no,,version-link-v1.0-2026-07-26,layer=normalised-text-v1_provisional;pairs=near-dup-v1.0-2026-07-26;url=url-canon-v1.0-2026-07-27;syndication=syndication-v1.0-2026-07-26
NEWS-guardian_api-e5e3fe88a9dd,SCC-2013-05,guardian_api,no_version_candidates,,,2012-11-23,date_only_no_time,usable,,not_available_in_v1_layer,2026-07-22T21:09:02+00:00,,2026-07-22T21:09:02+00:00,confirmed_available_at,2026-07-22T21:09:02+00:00,2012-11-23,2026-07-22T21:09:02+00:00,yes_publication_claim_only,no,no,no,no,no,,version-link-v1.0-2026-07-26,layer=normalised-text-v1_provisional;pairs=near-dup-v1.0-2026-07-26;url=url-canon-v1.0-2026-07-27;syndication=syndication-v1.0-2026-07-26
NEWS-guardian_api-e5e8fa5a5b3c,SCC-2017-05,guardian_api,no_version_candidates,,,2016-11-06,date_only_no_time,usable,,not_available_in_v1_layer,2026-07-22T21:09:36+00:00,,2026-07-22T21:09:36+00:00,confirmed_available_at,2026-07-22T21:09:36+00:00,2016-11-06,2026-07-22T21:09:36+00:00,yes_publication_claim_only,no,no,no,no,no,,version-link-v1.0-2026-07-26,layer=normalised-text-v1_provisional;pairs=near-dup-v1.0-2026-07-26;url=url-canon-v1.0-2026-07-27;syndication=syndication-v1.0-2026-07-26
NEWS-guardian_api-e60e8558523d,SCC-2013-05,guardian_api,no_version_candidates,,,2012-11-08,date_only_no_time,usable,,not_available_in_v1_layer,2026-07-22T21:08:30+00:00,,2026-07-22T21:08:30+00:00,confirmed_available_at,2026-07-22T21:08:30+00:00,2012-11-08,2026-07-22T21:08:30+00:00,yes_publication_claim_only,no,no,no,no,no,,version-link-v1.0-2026-07-26,layer=normalised-text-v1_provisional;pairs=near-dup-v1.0-2026-07-26;url=url-canon-v1.0-2026-07-27;syndication=syndication-v1.0-2026-07-26
NEWS-guardian_api-e64bd6b44e30,SCC-2013-05,guardian_api,no_version_candidates,,,2012-11-05,date_only_no_time,usable,,not_available_in_v1_layer,2026-07-22T21:08:47+00:00,,2026-07-22T21:08:47+00:00,confirmed_available_at,2026-07-22T21:08:47+00:00,2012-11-05,2026-07-22T21:08:47+00:00,yes_publication_claim_only,no,no,no,no,no,,version-link-v1.0-2026-07-26,layer=normalised-text-v1_provisional;pairs=near-dup-v1.0-2026-07-26;url=url-canon-v1.0-2026-07-27;syndication=syndication-v1.0-2026-07-26
NEWS-guardian_api-e6a82ddf040a,SCC-2013-05,guardian_api,no_version_candidates,,,2012-11-18,date_only_no_time,usable,,not_available_in_v1_layer,2026-07-22T21:08:30+00:00,,2026-07-22T21:08:30+00:00,confirmed_available_at,2026-07-22T21:08:30+00:00,2012-11-18,2026-07-22T21:08:30+00:00,yes_publication_claim_only,no,no,no,no,no,,version-link-v1.0-2026-07-26,layer=normalised-text-v1_provisional;pairs=near-dup-v1.0-2026-07-26;url=url-canon-v1.0-2026-07-27;syndication=syndication-v1.0-2026-07-26
NEWS-guardian_api-e6e2d3386082,SCC-2017-05,guardian_api,no_version_candidates,,,2016-11-05,date_only_no_time,usable,,not_available_in_v1_layer,2026-07-22T21:09:36+00:00,,2026-07-22T21:09:36+00:00,confirmed_available_at,2026-07-22T21:09:36+00:00,2016-11-05,2026-07-22T21:09:36+00:00,yes_publication_claim_only,no,no,no,no,no,,version-link-v1.0-2026-07-26,layer=normalised-text-v1_provisional;pairs=near-dup-v1.0-2026-07-26;url=url-canon-v1.0-2026-07-27;syndication=syndication-v1.0-2026-07-26
NEWS-guardian_api-e751700cdf28,SCC-2013-05,guardian_api,no_version_candidates,,,2013-02-06,date_only_no_time,usable,,not_available_in_v1_layer,2026-07-22T21:08:38+00:00,,2026-07-22T21:08:38+00:00,confirmed_available_at,2026-07-22T21:08:38+00:00,2013-02-06,2026-07-22T21:08:38+00:00,yes_publication_claim_only,yes_publication_claim_only,no,no,no,no,,version-link-v1.0-2026-07-26,layer=normalised-text-v1_provisional;pairs=near-dup-v1.0-2026-07-26;url=url-canon-v1.0-2026-07-27;syndication=syndication-v1.0-2026-07-26
NEWS-guardian_api-e76f9df2c5bb,SCC-2017-05,guardian_api,no_version_candidates,,,2017-01-15,date_only_no_time,usable,,not_available_in_v1_layer,2026-07-22T21:09:26+00:00,,2026-07-22T21:09:26+00:00,confirmed_available_at,2026-07-22T21:09:26+00:00,2017-01-15,2026-07-22T21:09:26+00:00,yes_publication_claim_only,no,no,no,no,no,,version-link-v1.0-2026-07-26,layer=normalised-text-v1_provisional;pairs=near-dup-v1.0-2026-07-26;url=url-canon-v1.0-2026-07-27;syndication=syndication-v1.0-2026-07-26
NEWS-guardian_api-e77d5f8dbcbc,ESWS-2026-05,guardian_api,no_version_candidates,,,2026-02-12,date_only_no_time,usable,,not_available_in_v1_layer,2026-07-22T21:08:18+00:00,,2026-07-22T21:08:18+00:00,confirmed_available_at,2026-07-22T21:08:18+00:00,2026-02-12,2026-07-22T21:08:18+00:00,yes_publication_claim_only,yes_publication_claim_only,no,no,no,no,,version-link-v1.0-2026-07-26,layer=normalised-text-v1_provisional;pairs=near-dup-v1.0-2026-07-26;url=url-canon-v1.0-2026-07-27;syndication=syndication-v1.0-2026-07-26
NEWS-guardian_api-e7b18b12c59d,SCC-2017-05,guardian_api,no_version_candidates,,,2016-11-23,date_only_no_time,usable,,not_available_in_v1_layer,2026-07-22T21:09:39+00:00,,2026-07-22T21:09:39+00:00,confirmed_available_at,2026-07-22T21:09:39+00:00,2016-11-23,2026-07-22T21:09:39+00:00,yes_publication_claim_only,no,no,no,no,no,,version-link-v1.0-2026-07-26,layer=normalised-text-v1_provisional;pairs=near-dup-v1.0-2026-07-26;url=url-canon-v1.0-2026-07-27;syndication=syndication-v1.0-2026-07-26
NEWS-guardian_api-e8036604b42a,SCC-2021-05,guardian_api,no_version_candidates,,,2021-03-04,date_only_no_time,usable,,not_available_in_v1_layer,2026-07-22T21:10:33+00:00,,2026-07-22T21:10:33+00:00,confirmed_available_at,2026-07-22T21:10:33+00:00,2021-03-04,2026-07-22T21:10:33+00:00,yes_publication_claim_only,yes_publication_claim_only,no,no,no,no,,version-link-v1.0-2026-07-26,layer=normalised-text-v1_provisional;pairs=near-dup-v1.0-2026-07-26;url=url-canon-v1.0-2026-07-27;syndication=syndication-v1.0-2026-07-26
NEWS-guardian_api-e845351e1f37,SCC-2021-05,guardian_api,no_version_candidates,,,2020-12-17,date_only_no_time,usable,,not_available_in_v1_layer,2026-07-22T21:10:32+00:00,,2026-07-22T21:10:32+00:00,confirmed_available_at,2026-07-22T21:10:32+00:00,2020-12-17,2026-07-22T21:10:32+00:00,yes_publication_claim_only,no,no,no,no,no,,version-link-v1.0-2026-07-26,layer=normalised-text-v1_provisional;pairs=near-dup-v1.0-2026-07-26;url=url-canon-v1.0-2026-07-27;syndication=syndication-v1.0-2026-07-26
NEWS-guardian_api-e84f209773c3,ESWS-2026-05,guardian_api,no_version_candidates,,,2026-02-19,date_only_no_time,usable,,not_available_in_v1_layer,2026-07-22T21:08:10+00:00,,2026-07-22T21:08:10+00:00,confirmed_available_at,2026-07-22T21:08:10+00:00,2026-02-19,2026-07-22T21:08:10+00:00,yes_publication_claim_only,yes_publication_claim_only,no,no,no,no,,version-link-v1.0-2026-07-26,layer=normalised-text-v1_provisional;pairs=near-dup-v1.0-2026-07-26;url=url-canon-v1.0-2026-07-27;syndication=syndication-v1.0-2026-07-26
NEWS-guardian_api-e881223a242d,SCC-2013-05,guardian_api,no_version_candidates,,,2012-11-13,date_only_no_time,usable,,not_available_in_v1_layer,2026-07-22T21:08:47+00:00,,2026-07-22T21:08:47+00:00,confirmed_available_at,2026-07-22T21:08:47+00:00,2012-11-13,2026-07-22T21:08:47+00:00,yes_publication_claim_only,no,no,no,no,no,,version-link-v1.0-2026-07-26,layer=normalised-text-v1_provisional;pairs=near-dup-v1.0-2026-07-26;url=url-canon-v1.0-2026-07-27;syndication=syndication-v1.0-2026-07-26
NEWS-guardian_api-e8d543987e25,SCC-2013-05,guardian_api,no_version_candidates,,,2012-11-04,date_only_no_time,usable,,not_available_in_v1_layer,2026-07-22T21:08:58+00:00,,2026-07-22T21:08:58+00:00,confirmed_available_at,2026-07-22T21:08:58+00:00,2012-11-04,2026-07-22T21:08:58+00:00,yes_publication_claim_only,no,no,no,no,no,,version-link-v1.0-2026-07-26,layer=normalised-text-v1_provisional;pairs=near-dup-v1.0-2026-07-26;url=url-canon-v1.0-2026-07-27;syndication=syndication-v1.0-2026-07-26
NEWS-guardian_api-e8d7ecd0dd71,SCC-2013-05,guardian_api,no_version_candidates,,,2012-11-15,date_only_no_time,usable,,not_available_in_v1_layer,2026-07-22T21:08:30+00:00,,2026-07-22T21:08:30+00:00,confirmed_available_at,2026-07-22T21:08:30+00:00,2012-11-15,2026-07-22T21:08:30+00:00,yes_publication_claim_only,no,no,no,no,no,,version-link-v1.0-2026-07-26,layer=normalised-text-v1_provisional;pairs=near-dup-v1.0-2026-07-26;url=url-canon-v1.0-2026-07-27;syndication=syndication-v1.0-2026-07-26
NEWS-guardian_api-e952f181ef5d,SCC-2021-05,guardian_api,no_version_candidates,,,2020-11-23,date_only_no_time,usable,,not_available_in_v1_layer,2026-07-22T21:10:07+00:00,,2026-07-22T21:10:07+00:00,confirmed_available_at,2026-07-22T21:10:07+00:00,2020-11-23,2026-07-22T21:10:07+00:00,yes_publication_claim_only,no,no,no,no,no,,version-link-v1.0-2026-07-26,layer=normalised-text-v1_provisional;pairs=near-dup-v1.0-2026-07-26;url=url-canon-v1.0-2026-07-27;syndication=syndication-v1.0-2026-07-26
NEWS-guardian_api-e95da1c1f91e,SCC-2017-05,guardian_api,no_version_candidates,,,2017-01-16,date_only_no_time,usable,,not_available_in_v1_layer,2026-07-22T21:09:22+00:00,,2026-07-22T21:09:22+00:00,confirmed_available_at,2026-07-22T21:09:22+00:00,2017-01-16,2026-07-22T21:09:22+00:00,yes_publication_claim_only,no,no,no,no,no,,version-link-v1.0-2026-07-26,layer=normalised-text-v1_provisional;pairs=near-dup-v1.0-2026-07-26;url=url-canon-v1.0-2026-07-27;syndication=syndication-v1.0-2026-07-26
NEWS-guardian_api-e99627f30d11,ESWS-2026-05,guardian_api,no_version_candidates,,,2025-11-27,date_only_no_time,usable,,not_available_in_v1_layer,2026-07-22T21:08:18+00:00,,2026-07-22T21:08:18+00:00,confirmed_available_at,2026-07-22T21:08:18+00:00,2025-11-27,2026-07-22T21:08:18+00:00,yes_publication_claim_only,no,no,no,no,no,,version-link-v1.0-2026-07-26,layer=normalised-text-v1_provisional;pairs=near-dup-v1.0-2026-07-26;url=url-canon-v1.0-2026-07-27;syndication=syndication-v1.0-2026-07-26
NEWS-guardian_api-e99ee2966d2a,SCC-2013-05,guardian_api,no_version_candidates,,,2013-01-25,date_only_no_time,usable,,not_available_in_v1_layer,2026-07-22T21:09:02+00:00,,2026-07-22T21:09:02+00:00,confirmed_available_at,2026-07-22T21:09:02+00:00,2013-01-25,2026-07-22T21:09:02+00:00,yes_publication_claim_only,no,no,no,no,no,,version-link-v1.0-2026-07-26,layer=normalised-text-v1_provisional;pairs=near-dup-v1.0-2026-07-26;url=url-canon-v1.0-2026-07-27;syndication=syndication-v1.0-2026-07-26
NEWS-guardian_api-e9c758899767,SCC-2013-05,guardian_api,no_version_candidates,,,2012-11-14,date_only_no_time,usable,,not_available_in_v1_layer,2026-07-22T21:08:30+00:00,,2026-07-22T21:08:30+00:00,confirmed_available_at,2026-07-22T21:08:30+00:00,2012-11-14,2026-07-22T21:08:30+00:00,yes_publication_claim_only,no,no,no,no,no,,version-link-v1.0-2026-07-26,layer=normalised-text-v1_provisional;pairs=near-dup-v1.0-2026-07-26;url=url-canon-v1.0-2026-07-27;syndication=syndication-v1.0-2026-07-26
NEWS-guardian_api-e9e888a7dc65,SCC-2021-05,guardian_api,no_version_candidates,,,2021-03-07,date_only_no_time,usable,,not_available_in_v1_layer,2026-07-22T21:09:58+00:00,,2026-07-22T21:09:58+00:00,confirmed_available_at,2026-07-22T21:09:58+00:00,2021-03-07,2026-07-22T21:09:58+00:00,yes_publication_claim_only,yes_publication_claim_only,no,no,no,no,,version-link-v1.0-2026-07-26,layer=normalised-text-v1_provisional;pairs=near-dup-v1.0-2026-07-26;url=url-canon-v1.0-2026-07-27;syndication=syndication-v1.0-2026-07-26
NEWS-guardian_api-e9fa991e2ee6,SCC-2013-05,guardian_api,no_version_candidates,,,2012-12-06,date_only_no_time,usable,,not_available_in_v1_layer,2026-07-22T21:08:55+00:00,,2026-07-22T21:08:55+00:00,confirmed_available_at,2026-07-22T21:08:55+00:00,2012-12-06,2026-07-22T21:08:55+00:00,yes_publication_claim_only,no,no,no,no,no,,version-link-v1.0-2026-07-26,layer=normalised-text-v1_provisional;pairs=near-dup-v1.0-2026-07-26;url=url-canon-v1.0-2026-07-27;syndication=syndication-v1.0-2026-07-26
NEWS-guardian_api-ea32482298e3,SCC-2017-05,guardian_api,no_version_candidates,,,2017-02-05,date_only_no_time,usable,,not_available_in_v1_layer,2026-07-22T21:09:26+00:00,,2026-07-22T21:09:26+00:00,confirmed_available_at,2026-07-22T21:09:26+00:00,2017-02-05,2026-07-22T21:09:26+00:00,yes_publication_claim_only,yes_publication_claim_only,no,no,no,no,,version-link-v1.0-2026-07-26,layer=normalised-text-v1_provisional;pairs=near-dup-v1.0-2026-07-26;url=url-canon-v1.0-2026-07-27;syndication=syndication-v1.0-2026-07-26
NEWS-guardian_api-ea5e0eca89a9,ESWS-2026-05,guardian_api,no_version_candidates,,,2025-11-21,date_only_no_time,usable,,not_available_in_v1_layer,2026-07-22T21:07:45+00:00,,2026-07-22T21:07:45+00:00,confirmed_available_at,2026-07-22T21:07:45+00:00,2025-11-21,2026-07-22T21:07:45+00:00,yes_publication_claim_only,no,no,no,no,no,,version-link-v1.0-2026-07-26,layer=normalised-text-v1_provisional;pairs=near-dup-v1.0-2026-07-26;url=url-canon-v1.0-2026-07-27;syndication=syndication-v1.0-2026-07-26
NEWS-guardian_api-eab94a9b77ce,SCC-2013-05,guardian_api,no_version_candidates,,,2012-11-23,date_only_no_time,usable,,not_available_in_v1_layer,2026-07-22T21:08:55+00:00,,2026-07-22T21:08:55+00:00,confirmed_available_at,2026-07-22T21:08:55+00:00,2012-11-23,2026-07-22T21:08:55+00:00,yes_publication_claim_only,no,no,no,no,no,,version-link-v1.0-2026-07-26,layer=normalised-text-v1_provisional;pairs=near-dup-v1.0-2026-07-26;url=url-canon-v1.0-2026-07-27;syndication=syndication-v1.0-2026-07-26
NEWS-guardian_api-eaee87086d07,SCC-2017-05,guardian_api,no_version_candidates,,,2016-11-19,date_only_no_time,usable,,not_available_in_v1_layer,2026-07-22T21:09:15+00:00,,2026-07-22T21:09:15+00:00,confirmed_available_at,2026-07-22T21:09:15+00:00,2016-11-19,2026-07-22T21:09:15+00:00,yes_publication_claim_only,no,no,no,no,no,,version-link-v1.0-2026-07-26,layer=normalised-text-v1_provisional;pairs=near-dup-v1.0-2026-07-26;url=url-canon-v1.0-2026-07-27;syndication=syndication-v1.0-2026-07-26
NEWS-guardian_api-eb473469589d,ESWS-2026-05,guardian_api,no_version_candidates,,,2026-02-18,date_only_no_time,usable,,not_available_in_v1_layer,2026-07-22T21:08:10+00:00,,2026-07-22T21:08:10+00:00,confirmed_available_at,2026-07-22T21:08:10+00:00,2026-02-18,2026-07-22T21:08:10+00:00,yes_publication_claim_only,yes_publication_claim_only,no,no,no,no,,version-link-v1.0-2026-07-26,layer=normalised-text-v1_provisional;pairs=near-dup-v1.0-2026-07-26;url=url-canon-v1.0-2026-07-27;syndication=syndication-v1.0-2026-07-26
NEWS-guardian_api-eb50ceac2df1,ESWS-2026-05,guardian_api,no_version_candidates,,,2026-02-17,date_only_no_time,usable,,not_available_in_v1_layer,2026-07-22T21:08:18+00:00,,2026-07-22T21:08:18+00:00,confirmed_available_at,2026-07-22T21:08:18+00:00,2026-02-17,2026-07-22T21:08:18+00:00,yes_publication_claim_only,yes_publication_claim_only,no,no,no,no,,version-link-v1.0-2026-07-26,layer=normalised-text-v1_provisional;pairs=near-dup-v1.0-2026-07-26;url=url-canon-v1.0-2026-07-27;syndication=syndication-v1.0-2026-07-26
NEWS-guardian_api-eb6f7ee02d0d,SCC-2017-05,guardian_api,no_version_candidates,,,2017-01-26,date_only_no_time,usable,,not_available_in_v1_layer,2026-07-22T21:09:26+00:00,,2026-07-22T21:09:26+00:00,confirmed_available_at,2026-07-22T21:09:26+00:00,2017-01-26,2026-07-22T21:09:26+00:00,yes_publication_claim_only,no,no,no,no,no,,version-link-v1.0-2026-07-26,layer=normalised-text-v1_provisional;pairs=near-dup-v1.0-2026-07-26;url=url-canon-v1.0-2026-07-27;syndication=syndication-v1.0-2026-07-26
NEWS-guardian_api-ebe1cc7b26d5,SCC-2013-05,guardian_api,no_version_candidates,,,2012-11-04,date_only_no_time,usable,,not_available_in_v1_layer,2026-07-22T21:08:58+00:00,,2026-07-22T21:08:58+00:00,confirmed_available_at,2026-07-22T21:08:58+00:00,2012-11-04,2026-07-22T21:08:58+00:00,yes_publication_claim_only,no,no,no,no,no,,version-link-v1.0-2026-07-26,layer=normalised-text-v1_provisional;pairs=near-dup-v1.0-2026-07-26;url=url-canon-v1.0-2026-07-27;syndication=syndication-v1.0-2026-07-26
NEWS-guardian_api-ebf77d538269,SCC-2017-05,guardian_api,no_version_candidates,,,2017-04-20,date_only_no_time,usable,,not_available_in_v1_layer,2026-07-22T21:09:28+00:00,,2026-07-22T21:09:28+00:00,confirmed_available_at,2026-07-22T21:09:28+00:00,2017-04-20,2026-07-22T21:09:28+00:00,yes_publication_claim_only,yes_publication_claim_only,yes_publication_claim_only,yes_publication_claim_only,no,no,,version-link-v1.0-2026-07-26,layer=normalised-text-v1_provisional;pairs=near-dup-v1.0-2026-07-26;url=url-canon-v1.0-2026-07-27;syndication=syndication-v1.0-2026-07-26
NEWS-guardian_api-ec712ce67f1c,SCC-2021-05,guardian_api,no_version_candidates,,,2020-12-21,date_only_no_time,usable,,not_available_in_v1_layer,2026-07-22T21:10:32+00:00,,2026-07-22T21:10:32+00:00,confirmed_available_at,2026-07-22T21:10:32+00:00,2020-12-21,2026-07-22T21:10:32+00:00,yes_publication_claim_only,no,no,no,no,no,,version-link-v1.0-2026-07-26,layer=normalised-text-v1_provisional;pairs=near-dup-v1.0-2026-07-26;url=url-canon-v1.0-2026-07-27;syndication=syndication-v1.0-2026-07-26
NEWS-guardian_api-ec933d862412,ESWS-2026-05,guardian_api,no_version_candidates,,,2025-11-11,date_only_no_time,usable,,not_available_in_v1_layer,2026-07-22T21:07:44+00:00,,2026-07-22T21:07:44+00:00,confirmed_available_at,2026-07-22T21:07:44+00:00,2025-11-11,2026-07-22T21:07:44+00:00,yes_publication_claim_only,no,no,no,no,no,,version-link-v1.0-2026-07-26,layer=normalised-text-v1_provisional;pairs=near-dup-v1.0-2026-07-26;url=url-canon-v1.0-2026-07-27;syndication=syndication-v1.0-2026-07-26
NEWS-guardian_api-ed30e80d6da9,SCC-2013-05,guardian_api,no_version_candidates,,,2012-12-19,date_only_no_time,usable,,not_available_in_v1_layer,2026-07-22T21:08:34+00:00,,2026-07-22T21:08:34+00:00,confirmed_available_at,2026-07-22T21:08:34+00:00,2012-12-19,2026-07-22T21:08:34+00:00,yes_publication_claim_only,no,no,no,no,no,,version-link-v1.0-2026-07-26,layer=normalised-text-v1_provisional;pairs=near-dup-v1.0-2026-07-26;url=url-canon-v1.0-2026-07-27;syndication=syndication-v1.0-2026-07-26
NEWS-guardian_api-ed65e9ea315f,SCC-2013-05,guardian_api,no_version_candidates,,,2012-11-18,date_only_no_time,usable,,not_available_in_v1_layer,2026-07-22T21:08:30+00:00,,2026-07-22T21:08:30+00:00,confirmed_available_at,2026-07-22T21:08:30+00:00,2012-11-18,2026-07-22T21:08:30+00:00,yes_publication_claim_only,no,no,no,no,no,,version-link-v1.0-2026-07-26,layer=normalised-text-v1_provisional;pairs=near-dup-v1.0-2026-07-26;url=url-canon-v1.0-2026-07-27;syndication=syndication-v1.0-2026-07-26
NEWS-guardian_api-ed80536b929e,ESWS-2026-05,guardian_api,no_version_candidates,,,2026-02-12,date_only_no_time,usable,,not_available_in_v1_layer,2026-07-22T21:08:10+00:00,,2026-07-22T21:08:10+00:00,confirmed_available_at,2026-07-22T21:08:10+00:00,2026-02-12,2026-07-22T21:08:10+00:00,yes_publication_claim_only,yes_publication_claim_only,no,no,no,no,,version-link-v1.0-2026-07-26,layer=normalised-text-v1_provisional;pairs=near-dup-v1.0-2026-07-26;url=url-canon-v1.0-2026-07-27;syndication=syndication-v1.0-2026-07-26
NEWS-guardian_api-edd64b50d64b,SCC-2021-05,guardian_api,no_version_candidates,,,2020-11-09,date_only_no_time,usable,,not_available_in_v1_layer,2026-07-22T21:10:17+00:00,,2026-07-22T21:10:17+00:00,confirmed_available_at,2026-07-22T21:10:17+00:00,2020-11-09,2026-07-22T21:10:17+00:00,yes_publication_claim_only,no,no,no,no,no,,version-link-v1.0-2026-07-26,layer=normalised-text-v1_provisional;pairs=near-dup-v1.0-2026-07-26;url=url-canon-v1.0-2026-07-27;syndication=syndication-v1.0-2026-07-26
NEWS-guardian_api-edf7a0e04a57,SCC-2017-05,guardian_api,no_version_candidates,,,2016-11-07,date_only_no_time,usable,,not_available_in_v1_layer,2026-07-22T21:09:15+00:00,,2026-07-22T21:09:15+00:00,confirmed_available_at,2026-07-22T21:09:15+00:00,2016-11-07,2026-07-22T21:09:15+00:00,yes_publication_claim_only,no,no,no,no,no,,version-link-v1.0-2026-07-26,layer=normalised-text-v1_provisional;pairs=near-dup-v1.0-2026-07-26;url=url-canon-v1.0-2026-07-27;syndication=syndication-v1.0-2026-07-26
NEWS-guardian_api-ee0e74bb87d4,SCC-2017-05,guardian_api,no_version_candidates,,,2017-03-21,date_only_no_time,usable,,not_available_in_v1_layer,2026-07-22T21:09:52+00:00,,2026-07-22T21:09:52+00:00,confirmed_available_at,2026-07-22T21:09:52+00:00,2017-03-21,2026-07-22T21:09:52+00:00,yes_publication_claim_only,yes_publication_claim_only,no,no,no,no,,version-link-v1.0-2026-07-26,layer=normalised-text-v1_provisional;pairs=near-dup-v1.0-2026-07-26;url=url-canon-v1.0-2026-07-27;syndication=syndication-v1.0-2026-07-26
NEWS-guardian_api-eee96e087161,ESWS-2026-05,guardian_api,no_version_candidates,,,2025-11-21,date_only_no_time,usable,,not_available_in_v1_layer,2026-07-22T21:07:45+00:00,,2026-07-22T21:07:45+00:00,confirmed_available_at,2026-07-22T21:07:45+00:00,2025-11-21,2026-07-22T21:07:45+00:00,yes_publication_claim_only,no,no,no,no,no,,version-link-v1.0-2026-07-26,layer=normalised-text-v1_provisional;pairs=near-dup-v1.0-2026-07-26;url=url-canon-v1.0-2026-07-27;syndication=syndication-v1.0-2026-07-26
NEWS-guardian_api-eee99ba739e6,SCC-2017-05,guardian_api,no_version_candidates,,,2016-12-05,date_only_no_time,usable,,not_available_in_v1_layer,2026-07-22T21:09:19+00:00,,2026-07-22T21:09:19+00:00,confirmed_available_at,2026-07-22T21:09:19+00:00,2016-12-05,2026-07-22T21:09:19+00:00,yes_publication_claim_only,no,no,no,no,no,,version-link-v1.0-2026-07-26,layer=normalised-text-v1_provisional;pairs=near-dup-v1.0-2026-07-26;url=url-canon-v1.0-2026-07-27;syndication=syndication-v1.0-2026-07-26
NEWS-guardian_api-eefda122af39,ESWS-2026-05,guardian_api,no_version_candidates,,,2025-12-22,date_only_no_time,usable,,not_available_in_v1_layer,2026-07-22T21:08:18+00:00,,2026-07-22T21:08:18+00:00,confirmed_available_at,2026-07-22T21:08:18+00:00,2025-12-22,2026-07-22T21:08:18+00:00,yes_publication_claim_only,no,no,no,no,no,,version-link-v1.0-2026-07-26,layer=normalised-text-v1_provisional;pairs=near-dup-v1.0-2026-07-26;url=url-canon-v1.0-2026-07-27;syndication=syndication-v1.0-2026-07-26
NEWS-guardian_api-ef26989191c7,ESWS-2026-05,guardian_api,no_version_candidates,,,2025-11-20,date_only_no_time,usable,,not_available_in_v1_layer,2026-07-22T21:07:44+00:00,,2026-07-22T21:07:44+00:00,confirmed_available_at,2026-07-22T21:07:44+00:00,2025-11-20,2026-07-22T21:07:44+00:00,yes_publication_claim_only,no,no,no,no,no,,version-link-v1.0-2026-07-26,layer=normalised-text-v1_provisional;pairs=near-dup-v1.0-2026-07-26;url=url-canon-v1.0-2026-07-27;syndication=syndication-v1.0-2026-07-26
NEWS-guardian_api-efba48be975b,SCC-2017-05,guardian_api,no_version_candidates,,,2017-01-11,date_only_no_time,usable,,not_available_in_v1_layer,2026-07-22T21:09:40+00:00,,2026-07-22T21:09:40+00:00,confirmed_available_at,2026-07-22T21:09:40+00:00,2017-01-11,2026-07-22T21:09:40+00:00,yes_publication_claim_only,no,no,no,no,no,,version-link-v1.0-2026-07-26,layer=normalised-text-v1_provisional;pairs=near-dup-v1.0-2026-07-26;url=url-canon-v1.0-2026-07-27;syndication=syndication-v1.0-2026-07-26
NEWS-guardian_api-efbd8ee86ac5,SCC-2017-05,guardian_api,no_version_candidates,,,2016-12-10,date_only_no_time,usable,,not_available_in_v1_layer,2026-07-22T21:09:39+00:00,,2026-07-22T21:09:39+00:00,confirmed_available_at,2026-07-22T21:09:39+00:00,2016-12-10,2026-07-22T21:09:39+00:00,yes_publication_claim_only,no,no,no,no,no,,version-link-v1.0-2026-07-26,layer=normalised-text-v1_provisional;pairs=near-dup-v1.0-2026-07-26;url=url-canon-v1.0-2026-07-27;syndication=syndication-v1.0-2026-07-26
NEWS-guardian_api-f029021ae3b0,SCC-2021-05,guardian_api,no_version_candidates,,,2020-11-08,date_only_no_time,usable,,not_available_in_v1_layer,2026-07-22T21:10:20+00:00,,2026-07-22T21:10:20+00:00,confirmed_available_at,2026-07-22T21:10:20+00:00,2020-11-08,2026-07-22T21:10:20+00:00,yes_publication_claim_only,no,no,no,no,no,,version-link-v1.0-2026-07-26,layer=normalised-text-v1_provisional;pairs=near-dup-v1.0-2026-07-26;url=url-canon-v1.0-2026-07-27;syndication=syndication-v1.0-2026-07-26
NEWS-guardian_api-f03b11174e43,SCC-2021-05,guardian_api,no_version_candidates,,,2020-12-07,date_only_no_time,usable,,not_available_in_v1_layer,2026-07-22T21:10:03+00:00,,2026-07-22T21:10:03+00:00,confirmed_available_at,2026-07-22T21:10:03+00:00,2020-12-07,2026-07-22T21:10:03+00:00,yes_publication_claim_only,no,no,no,no,no,,version-link-v1.0-2026-07-26,layer=normalised-text-v1_provisional;pairs=near-dup-v1.0-2026-07-26;url=url-canon-v1.0-2026-07-27;syndication=syndication-v1.0-2026-07-26
NEWS-guardian_api-f0619eb82d54,SCC-2021-05,guardian_api,no_version_candidates,,,2020-11-13,date_only_no_time,usable,,not_available_in_v1_layer,2026-07-22T21:10:07+00:00,,2026-07-22T21:10:07+00:00,confirmed_available_at,2026-07-22T21:10:07+00:00,2020-11-13,2026-07-22T21:10:07+00:00,yes_publication_claim_only,no,no,no,no,no,,version-link-v1.0-2026-07-26,layer=normalised-text-v1_provisional;pairs=near-dup-v1.0-2026-07-26;url=url-canon-v1.0-2026-07-27;syndication=syndication-v1.0-2026-07-26
NEWS-guardian_api-f0a1608f580f,ESWS-2026-05,guardian_api,no_version_candidates,,,2025-11-20,date_only_no_time,usable,,not_available_in_v1_layer,2026-07-22T21:07:52+00:00,,2026-07-22T21:07:52+00:00,confirmed_available_at,2026-07-22T21:07:52+00:00,2025-11-20,2026-07-22T21:07:52+00:00,yes_publication_claim_only,no,no,no,no,no,,version-link-v1.0-2026-07-26,layer=normalised-text-v1_provisional;pairs=near-dup-v1.0-2026-07-26;url=url-canon-v1.0-2026-07-27;syndication=syndication-v1.0-2026-07-26
NEWS-guardian_api-f0a68b031390,SCC-2017-05,guardian_api,no_version_candidates,,,2016-12-28,date_only_no_time,usable,,not_available_in_v1_layer,2026-07-22T21:09:40+00:00,,2026-07-22T21:09:40+00:00,confirmed_available_at,2026-07-22T21:09:40+00:00,2016-12-28,2026-07-22T21:09:40+00:00,yes_publication_claim_only,no,no,no,no,no,,version-link-v1.0-2026-07-26,layer=normalised-text-v1_provisional;pairs=near-dup-v1.0-2026-07-26;url=url-canon-v1.0-2026-07-27;syndication=syndication-v1.0-2026-07-26
NEWS-guardian_api-f0bf3f647f76,SCC-2021-05,guardian_api,no_version_candidates,,,2021-01-11,date_only_no_time,usable,,not_available_in_v1_layer,2026-07-22T21:10:12+00:00,,2026-07-22T21:10:12+00:00,confirmed_available_at,2026-07-22T21:10:12+00:00,2021-01-11,2026-07-22T21:10:12+00:00,yes_publication_claim_only,no,no,no,no,no,,version-link-v1.0-2026-07-26,layer=normalised-text-v1_provisional;pairs=near-dup-v1.0-2026-07-26;url=url-canon-v1.0-2026-07-27;syndication=syndication-v1.0-2026-07-26
NEWS-guardian_api-f0e1fbfa261a,SCC-2013-05,guardian_api,no_version_candidates,,,2013-01-22,date_only_no_time,usable,,not_available_in_v1_layer,2026-07-22T21:08:42+00:00,,2026-07-22T21:08:42+00:00,confirmed_available_at,2026-07-22T21:08:42+00:00,2013-01-22,2026-07-22T21:08:42+00:00,yes_publication_claim_only,no,no,no,no,no,,version-link-v1.0-2026-07-26,layer=normalised-text-v1_provisional;pairs=near-dup-v1.0-2026-07-26;url=url-canon-v1.0-2026-07-27;syndication=syndication-v1.0-2026-07-26
NEWS-guardian_api-f1253002ecf1,ESWS-2026-05,guardian_api,no_version_candidates,,,2025-11-24,date_only_no_time,usable,,not_available_in_v1_layer,2026-07-22T21:07:45+00:00,,2026-07-22T21:07:45+00:00,confirmed_available_at,2026-07-22T21:07:45+00:00,2025-11-24,2026-07-22T21:07:45+00:00,yes_publication_claim_only,no,no,no,no,no,,version-link-v1.0-2026-07-26,layer=normalised-text-v1_provisional;pairs=near-dup-v1.0-2026-07-26;url=url-canon-v1.0-2026-07-27;syndication=syndication-v1.0-2026-07-26
NEWS-guardian_api-f15a5afe3963,SCC-2013-05,guardian_api,no_version_candidates,,,2012-11-22,date_only_no_time,usable,,not_available_in_v1_layer,2026-07-22T21:08:30+00:00,,2026-07-22T21:08:30+00:00,confirmed_available_at,2026-07-22T21:08:30+00:00,2012-11-22,2026-07-22T21:08:30+00:00,yes_publication_claim_only,no,no,no,no,no,,version-link-v1.0-2026-07-26,layer=normalised-text-v1_provisional;pairs=near-dup-v1.0-2026-07-26;url=url-canon-v1.0-2026-07-27;syndication=syndication-v1.0-2026-07-26
NEWS-guardian_api-f179eb8f1ab9,ESWS-2026-05,guardian_api,no_version_candidates,,,2025-11-11,date_only_no_time,usable,,not_available_in_v1_layer,2026-07-22T21:07:44+00:00,,2026-07-22T21:07:44+00:00,confirmed_available_at,2026-07-22T21:07:44+00:00,2025-11-11,2026-07-22T21:07:44+00:00,yes_publication_claim_only,no,no,no,no,no,,version-link-v1.0-2026-07-26,layer=normalised-text-v1_provisional;pairs=near-dup-v1.0-2026-07-26;url=url-canon-v1.0-2026-07-27;syndication=syndication-v1.0-2026-07-26
NEWS-guardian_api-f198f258e879,SCC-2017-05,guardian_api,no_version_candidates,,,2016-11-23,date_only_no_time,usable,,not_available_in_v1_layer,2026-07-22T21:09:39+00:00,,2026-07-22T21:09:39+00:00,confirmed_available_at,2026-07-22T21:09:39+00:00,2016-11-23,2026-07-22T21:09:39+00:00,yes_publication_claim_only,no,no,no,no,no,,version-link-v1.0-2026-07-26,layer=normalised-text-v1_provisional;pairs=near-dup-v1.0-2026-07-26;url=url-canon-v1.0-2026-07-27;syndication=syndication-v1.0-2026-07-26
NEWS-guardian_api-f1a8eba5ae8c,SCC-2013-05,guardian_api,no_version_candidates,,,2012-12-04,date_only_no_time,usable,,not_available_in_v1_layer,2026-07-22T21:09:02+00:00,,2026-07-22T21:09:02+00:00,confirmed_available_at,2026-07-22T21:09:02+00:00,2012-12-04,2026-07-22T21:09:02+00:00,yes_publication_claim_only,no,no,no,no,no,,version-link-v1.0-2026-07-26,layer=normalised-text-v1_provisional;pairs=near-dup-v1.0-2026-07-26;url=url-canon-v1.0-2026-07-27;syndication=syndication-v1.0-2026-07-26
NEWS-guardian_api-f1be9e3dc792,SCC-2013-05,guardian_api,no_version_candidates,,,2012-11-20,date_only_no_time,usable,,not_available_in_v1_layer,2026-07-22T21:08:38+00:00,,2026-07-22T21:08:38+00:00,confirmed_available_at,2026-07-22T21:08:38+00:00,2012-11-20,2026-07-22T21:08:38+00:00,yes_publication_claim_only,no,no,no,no,no,,version-link-v1.0-2026-07-26,layer=normalised-text-v1_provisional;pairs=near-dup-v1.0-2026-07-26;url=url-canon-v1.0-2026-07-27;syndication=syndication-v1.0-2026-07-26
NEWS-guardian_api-f1edb08d1f32,ESWS-2026-05,guardian_api,no_version_candidates,,,2025-11-26,date_only_no_time,usable,,not_available_in_v1_layer,2026-07-22T21:08:18+00:00,,2026-07-22T21:08:18+00:00,confirmed_available_at,2026-07-22T21:08:18+00:00,2025-11-26,2026-07-22T21:08:18+00:00,yes_publication_claim_only,no,no,no,no,no,,version-link-v1.0-2026-07-26,layer=normalised-text-v1_provisional;pairs=near-dup-v1.0-2026-07-26;url=url-canon-v1.0-2026-07-27;syndication=syndication-v1.0-2026-07-26
NEWS-guardian_api-f1ee8a546380,SCC-2013-05,guardian_api,no_version_candidates,,,2012-11-05,date_only_no_time,usable,,not_available_in_v1_layer,2026-07-22T21:09:02+00:00,,2026-07-22T21:09:02+00:00,confirmed_available_at,2026-07-22T21:09:02+00:00,2012-11-05,2026-07-22T21:09:02+00:00,yes_publication_claim_only,no,no,no,no,no,,version-link-v1.0-2026-07-26,layer=normalised-text-v1_provisional;pairs=near-dup-v1.0-2026-07-26;url=url-canon-v1.0-2026-07-27;syndication=syndication-v1.0-2026-07-26
NEWS-guardian_api-f23baa72ace0,SCC-2021-05,guardian_api,no_version_candidates,,,2021-02-12,date_only_no_time,usable,,not_available_in_v1_layer,2026-07-22T21:10:03+00:00,,2026-07-22T21:10:03+00:00,confirmed_available_at,2026-07-22T21:10:03+00:00,2021-02-12,2026-07-22T21:10:03+00:00,yes_publication_claim_only,yes_publication_claim_only,no,no,no,no,,version-link-v1.0-2026-07-26,layer=normalised-text-v1_provisional;pairs=near-dup-v1.0-2026-07-26;url=url-canon-v1.0-2026-07-27;syndication=syndication-v1.0-2026-07-26
NEWS-guardian_api-f2502a01aab5,SCC-2021-05,guardian_api,no_version_candidates,,,2020-11-08,date_only_no_time,usable,,not_available_in_v1_layer,2026-07-22T21:09:58+00:00,,2026-07-22T21:09:58+00:00,confirmed_available_at,2026-07-22T21:09:58+00:00,2020-11-08,2026-07-22T21:09:58+00:00,yes_publication_claim_only,no,no,no,no,no,,version-link-v1.0-2026-07-26,layer=normalised-text-v1_provisional;pairs=near-dup-v1.0-2026-07-26;url=url-canon-v1.0-2026-07-27;syndication=syndication-v1.0-2026-07-26
NEWS-guardian_api-f26e627cf62e,ESWS-2026-05,guardian_api,no_version_candidates,,,2025-11-19,date_only_no_time,usable,,not_available_in_v1_layer,2026-07-22T21:07:44+00:00,,2026-07-22T21:07:44+00:00,confirmed_available_at,2026-07-22T21:07:44+00:00,2025-11-19,2026-07-22T21:07:44+00:00,yes_publication_claim_only,no,no,no,no,no,,version-link-v1.0-2026-07-26,layer=normalised-text-v1_provisional;pairs=near-dup-v1.0-2026-07-26;url=url-canon-v1.0-2026-07-27;syndication=syndication-v1.0-2026-07-26
NEWS-guardian_api-f271e0725a4c,ESWS-2026-05,guardian_api,no_version_candidates,,,2025-11-22,date_only_no_time,usable,,not_available_in_v1_layer,2026-07-22T21:07:45+00:00,,2026-07-22T21:07:45+00:00,confirmed_available_at,2026-07-22T21:07:45+00:00,2025-11-22,2026-07-22T21:07:45+00:00,yes_publication_claim_only,no,no,no,no,no,,version-link-v1.0-2026-07-26,layer=normalised-text-v1_provisional;pairs=near-dup-v1.0-2026-07-26;url=url-canon-v1.0-2026-07-27;syndication=syndication-v1.0-2026-07-26
NEWS-guardian_api-f29ea7e88d71,SCC-2021-05,guardian_api,no_version_candidates,,,2021-02-01,date_only_no_time,usable,,not_available_in_v1_layer,2026-07-22T21:10:32+00:00,,2026-07-22T21:10:32+00:00,confirmed_available_at,2026-07-22T21:10:32+00:00,2021-02-01,2026-07-22T21:10:32+00:00,yes_publication_claim_only,no,no,no,no,no,,version-link-v1.0-2026-07-26,layer=normalised-text-v1_provisional;pairs=near-dup-v1.0-2026-07-26;url=url-canon-v1.0-2026-07-27;syndication=syndication-v1.0-2026-07-26
NEWS-guardian_api-f331230e4a69,SCC-2017-05,guardian_api,no_version_candidates,,,2017-01-12,date_only_no_time,usable,,not_available_in_v1_layer,2026-07-22T21:09:40+00:00,,2026-07-22T21:09:40+00:00,confirmed_available_at,2026-07-22T21:09:40+00:00,2017-01-12,2026-07-22T21:09:40+00:00,yes_publication_claim_only,no,no,no,no,no,,version-link-v1.0-2026-07-26,layer=normalised-text-v1_provisional;pairs=near-dup-v1.0-2026-07-26;url=url-canon-v1.0-2026-07-27;syndication=syndication-v1.0-2026-07-26
NEWS-guardian_api-f349e341dd2d,ESWS-2026-05,guardian_api,no_version_candidates,,,2025-12-08,date_only_no_time,usable,,not_available_in_v1_layer,2026-07-22T21:08:18+00:00,,2026-07-22T21:08:18+00:00,confirmed_available_at,2026-07-22T21:08:18+00:00,2025-12-08,2026-07-22T21:08:18+00:00,yes_publication_claim_only,no,no,no,no,no,,version-link-v1.0-2026-07-26,layer=normalised-text-v1_provisional;pairs=near-dup-v1.0-2026-07-26;url=url-canon-v1.0-2026-07-27;syndication=syndication-v1.0-2026-07-26
NEWS-guardian_api-f352158feeaa,ESWS-2026-05,guardian_api,no_version_candidates,,,2026-02-10,date_only_no_time,usable,,not_available_in_v1_layer,2026-07-22T21:08:10+00:00,,2026-07-22T21:08:10+00:00,confirmed_available_at,2026-07-22T21:08:10+00:00,2026-02-10,2026-07-22T21:08:10+00:00,yes_publication_claim_only,yes_publication_claim_only,no,no,no,no,,version-link-v1.0-2026-07-26,layer=normalised-text-v1_provisional;pairs=near-dup-v1.0-2026-07-26;url=url-canon-v1.0-2026-07-27;syndication=syndication-v1.0-2026-07-26
NEWS-guardian_api-f36fb22b99ba,SCC-2013-05,guardian_api,no_version_candidates,,,2012-11-06,date_only_no_time,usable,,not_available_in_v1_layer,2026-07-22T21:08:55+00:00,,2026-07-22T21:08:55+00:00,confirmed_available_at,2026-07-22T21:08:55+00:00,2012-11-06,2026-07-22T21:08:55+00:00,yes_publication_claim_only,no,no,no,no,no,,version-link-v1.0-2026-07-26,layer=normalised-text-v1_provisional;pairs=near-dup-v1.0-2026-07-26;url=url-canon-v1.0-2026-07-27;syndication=syndication-v1.0-2026-07-26
NEWS-guardian_api-f37b15fd49c5,SCC-2017-05,guardian_api,no_version_candidates,,,2016-11-15,date_only_no_time,usable,,not_available_in_v1_layer,2026-07-22T21:09:32+00:00,,2026-07-22T21:09:32+00:00,confirmed_available_at,2026-07-22T21:09:32+00:00,2016-11-15,2026-07-22T21:09:32+00:00,yes_publication_claim_only,no,no,no,no,no,,version-link-v1.0-2026-07-26,layer=normalised-text-v1_provisional;pairs=near-dup-v1.0-2026-07-26;url=url-canon-v1.0-2026-07-27;syndication=syndication-v1.0-2026-07-26
NEWS-guardian_api-f3b3af7c0808,ESWS-2026-05,guardian_api,no_version_candidates,,,2025-11-20,date_only_no_time,usable,,not_available_in_v1_layer,2026-07-22T21:07:52+00:00,,2026-07-22T21:07:52+00:00,confirmed_available_at,2026-07-22T21:07:52+00:00,2025-11-20,2026-07-22T21:07:52+00:00,yes_publication_claim_only,no,no,no,no,no,,version-link-v1.0-2026-07-26,layer=normalised-text-v1_provisional;pairs=near-dup-v1.0-2026-07-26;url=url-canon-v1.0-2026-07-27;syndication=syndication-v1.0-2026-07-26
NEWS-guardian_api-f3d58325a0f4,SCC-2021-05,guardian_api,no_version_candidates,,,2020-11-15,date_only_no_time,usable,,not_available_in_v1_layer,2026-07-22T21:09:58+00:00,,2026-07-22T21:09:58+00:00,confirmed_available_at,2026-07-22T21:09:58+00:00,2020-11-15,2026-07-22T21:09:58+00:00,yes_publication_claim_only,no,no,no,no,no,,version-link-v1.0-2026-07-26,layer=normalised-text-v1_provisional;pairs=near-dup-v1.0-2026-07-26;url=url-canon-v1.0-2026-07-27;syndication=syndication-v1.0-2026-07-26
NEWS-guardian_api-f3ff9a9831f1,SCC-2013-05,guardian_api,no_version_candidates,,,2012-11-06,date_only_no_time,usable,,not_available_in_v1_layer,2026-07-22T21:08:38+00:00,,2026-07-22T21:08:38+00:00,confirmed_available_at,2026-07-22T21:08:38+00:00,2012-11-06,2026-07-22T21:08:38+00:00,yes_publication_claim_only,no,no,no,no,no,,version-link-v1.0-2026-07-26,layer=normalised-text-v1_provisional;pairs=near-dup-v1.0-2026-07-26;url=url-canon-v1.0-2026-07-27;syndication=syndication-v1.0-2026-07-26
NEWS-guardian_api-f48abe173d25,SCC-2013-05,guardian_api,no_version_candidates,,,2012-12-12,date_only_no_time,usable,,not_available_in_v1_layer,2026-07-22T21:08:55+00:00,,2026-07-22T21:08:55+00:00,confirmed_available_at,2026-07-22T21:08:55+00:00,2012-12-12,2026-07-22T21:08:55+00:00,yes_publication_claim_only,no,no,no,no,no,,version-link-v1.0-2026-07-26,layer=normalised-text-v1_provisional;pairs=near-dup-v1.0-2026-07-26;url=url-canon-v1.0-2026-07-27;syndication=syndication-v1.0-2026-07-26
NEWS-guardian_api-f4c770d5cb74,SCC-2021-05,guardian_api,no_version_candidates,,,2021-04-02,date_only_no_time,usable,,not_available_in_v1_layer,2026-07-22T21:10:03+00:00,,2026-07-22T21:10:03+00:00,confirmed_available_at,2026-07-22T21:10:03+00:00,2021-04-02,2026-07-22T21:10:03+00:00,yes_publication_claim_only,yes_publication_claim_only,no,no,no,no,,version-link-v1.0-2026-07-26,layer=normalised-text-v1_provisional;pairs=near-dup-v1.0-2026-07-26;url=url-canon-v1.0-2026-07-27;syndication=syndication-v1.0-2026-07-26
NEWS-guardian_api-f4fe6a62d68d,SCC-2017-05,guardian_api,no_version_candidates,,,2016-11-06,date_only_no_time,usable,,not_available_in_v1_layer,2026-07-22T21:09:36+00:00,,2026-07-22T21:09:36+00:00,confirmed_available_at,2026-07-22T21:09:36+00:00,2016-11-06,2026-07-22T21:09:36+00:00,yes_publication_claim_only,no,no,no,no,no,,version-link-v1.0-2026-07-26,layer=normalised-text-v1_provisional;pairs=near-dup-v1.0-2026-07-26;url=url-canon-v1.0-2026-07-27;syndication=syndication-v1.0-2026-07-26
NEWS-guardian_api-f51b7e399edd,SCC-2017-05,guardian_api,no_version_candidates,,,2016-12-12,date_only_no_time,usable,,not_available_in_v1_layer,2026-07-22T21:09:19+00:00,,2026-07-22T21:09:19+00:00,confirmed_available_at,2026-07-22T21:09:19+00:00,2016-12-12,2026-07-22T21:09:19+00:00,yes_publication_claim_only,no,no,no,no,no,,version-link-v1.0-2026-07-26,layer=normalised-text-v1_provisional;pairs=near-dup-v1.0-2026-07-26;url=url-canon-v1.0-2026-07-27;syndication=syndication-v1.0-2026-07-26
NEWS-guardian_api-f54be252ce05,ESWS-2026-05,guardian_api,no_version_candidates,,,2025-11-30,date_only_no_time,usable,,not_available_in_v1_layer,2026-07-22T21:07:48+00:00,,2026-07-22T21:07:48+00:00,confirmed_available_at,2026-07-22T21:07:48+00:00,2025-11-30,2026-07-22T21:07:48+00:00,yes_publication_claim_only,no,no,no,no,no,,version-link-v1.0-2026-07-26,layer=normalised-text-v1_provisional;pairs=near-dup-v1.0-2026-07-26;url=url-canon-v1.0-2026-07-27;syndication=syndication-v1.0-2026-07-26
NEWS-guardian_api-f5604aea27bc,SCC-2017-05,guardian_api,no_version_candidates,,,2016-11-05,date_only_no_time,usable,,not_available_in_v1_layer,2026-07-22T21:09:36+00:00,,2026-07-22T21:09:36+00:00,confirmed_available_at,2026-07-22T21:09:36+00:00,2016-11-05,2026-07-22T21:09:36+00:00,yes_publication_claim_only,no,no,no,no,no,,version-link-v1.0-2026-07-26,layer=normalised-text-v1_provisional;pairs=near-dup-v1.0-2026-07-26;url=url-canon-v1.0-2026-07-27;syndication=syndication-v1.0-2026-07-26
NEWS-guardian_api-f58d9240dff9,SCC-2021-05,guardian_api,no_version_candidates,,,2021-01-10,date_only_no_time,usable,,not_available_in_v1_layer,2026-07-22T21:10:07+00:00,,2026-07-22T21:10:07+00:00,confirmed_available_at,2026-07-22T21:10:07+00:00,2021-01-10,2026-07-22T21:10:07+00:00,yes_publication_claim_only,no,no,no,no,no,,version-link-v1.0-2026-07-26,layer=normalised-text-v1_provisional;pairs=near-dup-v1.0-2026-07-26;url=url-canon-v1.0-2026-07-27;syndication=syndication-v1.0-2026-07-26
NEWS-guardian_api-f5b4a573a9fc,ESWS-2026-05,guardian_api,no_version_candidates,,,2025-11-10,date_only_no_time,usable,,not_available_in_v1_layer,2026-07-22T21:07:44+00:00,,2026-07-22T21:07:44+00:00,confirmed_available_at,2026-07-22T21:07:44+00:00,2025-11-10,2026-07-22T21:07:44+00:00,yes_publication_claim_only,no,no,no,no,no,,version-link-v1.0-2026-07-26,layer=normalised-text-v1_provisional;pairs=near-dup-v1.0-2026-07-26;url=url-canon-v1.0-2026-07-27;syndication=syndication-v1.0-2026-07-26
NEWS-guardian_api-f5cc9e550817,SCC-2017-05,guardian_api,no_version_candidates,,,2017-02-03,date_only_no_time,usable,,not_available_in_v1_layer,2026-07-22T21:09:47+00:00,,2026-07-22T21:09:47+00:00,confirmed_available_at,2026-07-22T21:09:47+00:00,2017-02-03,2026-07-22T21:09:47+00:00,yes_publication_claim_only,yes_publication_claim_only,no,no,no,no,,version-link-v1.0-2026-07-26,layer=normalised-text-v1_provisional;pairs=near-dup-v1.0-2026-07-26;url=url-canon-v1.0-2026-07-27;syndication=syndication-v1.0-2026-07-26
NEWS-guardian_api-f5d4d66ec35a,SCC-2021-05,guardian_api,no_version_candidates,,,2021-02-24,date_only_no_time,usable,,not_available_in_v1_layer,2026-07-22T21:10:32+00:00,,2026-07-22T21:10:32+00:00,confirmed_available_at,2026-07-22T21:10:32+00:00,2021-02-24,2026-07-22T21:10:32+00:00,yes_publication_claim_only,yes_publication_claim_only,no,no,no,no,,version-link-v1.0-2026-07-26,layer=normalised-text-v1_provisional;pairs=near-dup-v1.0-2026-07-26;url=url-canon-v1.0-2026-07-27;syndication=syndication-v1.0-2026-07-26
NEWS-guardian_api-f603109bee47,SCC-2021-05,guardian_api,no_version_candidates,,,2021-01-11,date_only_no_time,usable,,not_available_in_v1_layer,2026-07-22T21:10:32+00:00,,2026-07-22T21:10:32+00:00,confirmed_available_at,2026-07-22T21:10:32+00:00,2021-01-11,2026-07-22T21:10:32+00:00,yes_publication_claim_only,no,no,no,no,no,,version-link-v1.0-2026-07-26,layer=normalised-text-v1_provisional;pairs=near-dup-v1.0-2026-07-26;url=url-canon-v1.0-2026-07-27;syndication=syndication-v1.0-2026-07-26
NEWS-guardian_api-f6282807186d,SCC-2017-05,guardian_api,no_version_candidates,,,2016-12-06,date_only_no_time,usable,,not_available_in_v1_layer,2026-07-22T21:09:39+00:00,,2026-07-22T21:09:39+00:00,confirmed_available_at,2026-07-22T21:09:39+00:00,2016-12-06,2026-07-22T21:09:39+00:00,yes_publication_claim_only,no,no,no,no,no,,version-link-v1.0-2026-07-26,layer=normalised-text-v1_provisional;pairs=near-dup-v1.0-2026-07-26;url=url-canon-v1.0-2026-07-27;syndication=syndication-v1.0-2026-07-26
NEWS-guardian_api-f62cf723e3b3,SCC-2013-05,guardian_api,no_version_candidates,,,2013-01-23,date_only_no_time,usable,,not_available_in_v1_layer,2026-07-22T21:08:34+00:00,,2026-07-22T21:08:34+00:00,confirmed_available_at,2026-07-22T21:08:34+00:00,2013-01-23,2026-07-22T21:08:34+00:00,yes_publication_claim_only,no,no,no,no,no,,version-link-v1.0-2026-07-26,layer=normalised-text-v1_provisional;pairs=near-dup-v1.0-2026-07-26;url=url-canon-v1.0-2026-07-27;syndication=syndication-v1.0-2026-07-26
NEWS-guardian_api-f63a80d1742e,SCC-2013-05,guardian_api,no_version_candidates,,,2012-11-19,date_only_no_time,usable,,not_available_in_v1_layer,2026-07-22T21:08:30+00:00,,2026-07-22T21:08:30+00:00,confirmed_available_at,2026-07-22T21:08:30+00:00,2012-11-19,2026-07-22T21:08:30+00:00,yes_publication_claim_only,no,no,no,no,no,,version-link-v1.0-2026-07-26,layer=normalised-text-v1_provisional;pairs=near-dup-v1.0-2026-07-26;url=url-canon-v1.0-2026-07-27;syndication=syndication-v1.0-2026-07-26
NEWS-guardian_api-f69f6b561824,SCC-2013-05,guardian_api,no_version_candidates,,,2013-01-03,date_only_no_time,usable,,not_available_in_v1_layer,2026-07-22T21:08:38+00:00,,2026-07-22T21:08:38+00:00,confirmed_available_at,2026-07-22T21:08:38+00:00,2013-01-03,2026-07-22T21:08:38+00:00,yes_publication_claim_only,no,no,no,no,no,,version-link-v1.0-2026-07-26,layer=normalised-text-v1_provisional;pairs=near-dup-v1.0-2026-07-26;url=url-canon-v1.0-2026-07-27;syndication=syndication-v1.0-2026-07-26
NEWS-guardian_api-f6b37f18b32a,ESWS-2026-05,guardian_api,no_version_candidates,,,2026-01-22,date_only_no_time,usable,,not_available_in_v1_layer,2026-07-22T21:08:10+00:00,,2026-07-22T21:08:10+00:00,confirmed_available_at,2026-07-22T21:08:10+00:00,2026-01-22,2026-07-22T21:08:10+00:00,yes_publication_claim_only,no,no,no,no,no,,version-link-v1.0-2026-07-26,layer=normalised-text-v1_provisional;pairs=near-dup-v1.0-2026-07-26;url=url-canon-v1.0-2026-07-27;syndication=syndication-v1.0-2026-07-26
NEWS-guardian_api-f79050822815,ESWS-2026-05,guardian_api,no_version_candidates,,,2026-03-01,date_only_no_time,usable,,not_available_in_v1_layer,2026-07-22T21:08:18+00:00,,2026-07-22T21:08:18+00:00,confirmed_available_at,2026-07-22T21:08:18+00:00,2026-03-01,2026-07-22T21:08:18+00:00,yes_publication_claim_only,yes_publication_claim_only,no,no,no,no,,version-link-v1.0-2026-07-26,layer=normalised-text-v1_provisional;pairs=near-dup-v1.0-2026-07-26;url=url-canon-v1.0-2026-07-27;syndication=syndication-v1.0-2026-07-26
NEWS-guardian_api-f79d9ad0be32,SCC-2013-05,guardian_api,no_version_candidates,,,2012-11-03,date_only_no_time,usable,,not_available_in_v1_layer,2026-07-22T21:08:51+00:00,,2026-07-22T21:08:51+00:00,confirmed_available_at,2026-07-22T21:08:51+00:00,2012-11-03,2026-07-22T21:08:51+00:00,yes_publication_claim_only,no,no,no,no,no,,version-link-v1.0-2026-07-26,layer=normalised-text-v1_provisional;pairs=near-dup-v1.0-2026-07-26;url=url-canon-v1.0-2026-07-27;syndication=syndication-v1.0-2026-07-26
NEWS-guardian_api-f7a7a3a15568,ESWS-2026-05,guardian_api,no_version_candidates,,,2025-11-13,date_only_no_time,usable,,not_available_in_v1_layer,2026-07-22T21:07:58+00:00,,2026-07-22T21:07:58+00:00,confirmed_available_at,2026-07-22T21:07:58+00:00,2025-11-13,2026-07-22T21:07:58+00:00,yes_publication_claim_only,no,no,no,no,no,,version-link-v1.0-2026-07-26,layer=normalised-text-v1_provisional;pairs=near-dup-v1.0-2026-07-26;url=url-canon-v1.0-2026-07-27;syndication=syndication-v1.0-2026-07-26
NEWS-guardian_api-f7b65218f9b2,SCC-2021-05,guardian_api,no_version_candidates,,,2020-11-17,date_only_no_time,usable,,not_available_in_v1_layer,2026-07-22T21:10:25+00:00,,2026-07-22T21:10:25+00:00,confirmed_available_at,2026-07-22T21:10:25+00:00,2020-11-17,2026-07-22T21:10:25+00:00,yes_publication_claim_only,no,no,no,no,no,,version-link-v1.0-2026-07-26,layer=normalised-text-v1_provisional;pairs=near-dup-v1.0-2026-07-26;url=url-canon-v1.0-2026-07-27;syndication=syndication-v1.0-2026-07-26
NEWS-guardian_api-f7f67efe332c,ESWS-2026-05,guardian_api,no_version_candidates,,,2026-03-06,date_only_no_time,usable,,not_available_in_v1_layer,2026-07-22T21:07:54+00:00,,2026-07-22T21:07:54+00:00,confirmed_available_at,2026-07-22T21:07:54+00:00,2026-03-06,2026-07-22T21:07:54+00:00,yes_publication_claim_only,yes_publication_claim_only,no,no,no,no,,version-link-v1.0-2026-07-26,layer=normalised-text-v1_provisional;pairs=near-dup-v1.0-2026-07-26;url=url-canon-v1.0-2026-07-27;syndication=syndication-v1.0-2026-07-26
NEWS-guardian_api-f806005f741a,SCC-2013-05,guardian_api,no_version_candidates,,,2012-11-19,date_only_no_time,usable,,not_available_in_v1_layer,2026-07-22T21:08:55+00:00,,2026-07-22T21:08:55+00:00,confirmed_available_at,2026-07-22T21:08:55+00:00,2012-11-19,2026-07-22T21:08:55+00:00,yes_publication_claim_only,no,no,no,no,no,,version-link-v1.0-2026-07-26,layer=normalised-text-v1_provisional;pairs=near-dup-v1.0-2026-07-26;url=url-canon-v1.0-2026-07-27;syndication=syndication-v1.0-2026-07-26
NEWS-guardian_api-f82442ef14a3,SCC-2021-05,guardian_api,no_version_candidates,,,2021-02-26,date_only_no_time,usable,,not_available_in_v1_layer,2026-07-22T21:10:07+00:00,,2026-07-22T21:10:07+00:00,confirmed_available_at,2026-07-22T21:10:07+00:00,2021-02-26,2026-07-22T21:10:07+00:00,yes_publication_claim_only,yes_publication_claim_only,no,no,no,no,,version-link-v1.0-2026-07-26,layer=normalised-text-v1_provisional;pairs=near-dup-v1.0-2026-07-26;url=url-canon-v1.0-2026-07-27;syndication=syndication-v1.0-2026-07-26
NEWS-guardian_api-f831c0579e89,ESWS-2026-05,guardian_api,no_version_candidates,,,2026-01-28,date_only_no_time,usable,,not_available_in_v1_layer,2026-07-22T21:08:10+00:00,,2026-07-22T21:08:10+00:00,confirmed_available_at,2026-07-22T21:08:10+00:00,2026-01-28,2026-07-22T21:08:10+00:00,yes_publication_claim_only,no,no,no,no,no,,version-link-v1.0-2026-07-26,layer=normalised-text-v1_provisional;pairs=near-dup-v1.0-2026-07-26;url=url-canon-v1.0-2026-07-27;syndication=syndication-v1.0-2026-07-26
NEWS-guardian_api-f83574e71536,SCC-2013-05,guardian_api,no_version_candidates,,,2012-11-16,date_only_no_time,usable,,not_available_in_v1_layer,2026-07-22T21:08:30+00:00,,2026-07-22T21:08:30+00:00,confirmed_available_at,2026-07-22T21:08:30+00:00,2012-11-16,2026-07-22T21:08:30+00:00,yes_publication_claim_only,no,no,no,no,no,,version-link-v1.0-2026-07-26,layer=normalised-text-v1_provisional;pairs=near-dup-v1.0-2026-07-26;url=url-canon-v1.0-2026-07-27;syndication=syndication-v1.0-2026-07-26
NEWS-guardian_api-f840250c048f,SCC-2013-05,guardian_api,no_version_candidates,,,2012-11-13,date_only_no_time,usable,,not_available_in_v1_layer,2026-07-22T21:08:30+00:00,,2026-07-22T21:08:30+00:00,confirmed_available_at,2026-07-22T21:08:30+00:00,2012-11-13,2026-07-22T21:08:30+00:00,yes_publication_claim_only,no,no,no,no,no,,version-link-v1.0-2026-07-26,layer=normalised-text-v1_provisional;pairs=near-dup-v1.0-2026-07-26;url=url-canon-v1.0-2026-07-27;syndication=syndication-v1.0-2026-07-26
NEWS-guardian_api-f8e4538c74f2,ESWS-2026-05,guardian_api,no_version_candidates,,,2025-11-19,date_only_no_time,usable,,not_available_in_v1_layer,2026-07-22T21:07:44+00:00,,2026-07-22T21:07:44+00:00,confirmed_available_at,2026-07-22T21:07:44+00:00,2025-11-19,2026-07-22T21:07:44+00:00,yes_publication_claim_only,no,no,no,no,no,,version-link-v1.0-2026-07-26,layer=normalised-text-v1_provisional;pairs=near-dup-v1.0-2026-07-26;url=url-canon-v1.0-2026-07-27;syndication=syndication-v1.0-2026-07-26
NEWS-guardian_api-f8f810dd8258,SCC-2021-05,guardian_api,no_version_candidates,,,2020-11-07,date_only_no_time,usable,,not_available_in_v1_layer,2026-07-22T21:10:17+00:00,,2026-07-22T21:10:17+00:00,confirmed_available_at,2026-07-22T21:10:17+00:00,2020-11-07,2026-07-22T21:10:17+00:00,yes_publication_claim_only,no,no,no,no,no,,version-link-v1.0-2026-07-26,layer=normalised-text-v1_provisional;pairs=near-dup-v1.0-2026-07-26;url=url-canon-v1.0-2026-07-27;syndication=syndication-v1.0-2026-07-26
NEWS-guardian_api-f913d79128a5,SCC-2013-05,guardian_api,no_version_candidates,,,2012-11-19,date_only_no_time,usable,,not_available_in_v1_layer,2026-07-22T21:08:30+00:00,,2026-07-22T21:08:30+00:00,confirmed_available_at,2026-07-22T21:08:30+00:00,2012-11-19,2026-07-22T21:08:30+00:00,yes_publication_claim_only,no,no,no,no,no,,version-link-v1.0-2026-07-26,layer=normalised-text-v1_provisional;pairs=near-dup-v1.0-2026-07-26;url=url-canon-v1.0-2026-07-27;syndication=syndication-v1.0-2026-07-26
NEWS-guardian_api-f92c61f81a2a,SCC-2017-05,guardian_api,no_version_candidates,,,2016-11-06,date_only_no_time,usable,,not_available_in_v1_layer,2026-07-22T21:09:15+00:00,,2026-07-22T21:09:15+00:00,confirmed_available_at,2026-07-22T21:09:15+00:00,2016-11-06,2026-07-22T21:09:15+00:00,yes_publication_claim_only,no,no,no,no,no,,version-link-v1.0-2026-07-26,layer=normalised-text-v1_provisional;pairs=near-dup-v1.0-2026-07-26;url=url-canon-v1.0-2026-07-27;syndication=syndication-v1.0-2026-07-26
NEWS-guardian_api-f961ed89b4fe,SCC-2021-05,guardian_api,no_version_candidates,,,2021-04-13,date_only_no_time,usable,,not_available_in_v1_layer,2026-07-22T21:10:03+00:00,,2026-07-22T21:10:03+00:00,confirmed_available_at,2026-07-22T21:10:03+00:00,2021-04-13,2026-07-22T21:10:03+00:00,yes_publication_claim_only,yes_publication_claim_only,yes_publication_claim_only,no,no,no,,version-link-v1.0-2026-07-26,layer=normalised-text-v1_provisional;pairs=near-dup-v1.0-2026-07-26;url=url-canon-v1.0-2026-07-27;syndication=syndication-v1.0-2026-07-26
NEWS-guardian_api-f9675c88c056,SCC-2021-05,guardian_api,no_version_candidates,,,2020-11-13,date_only_no_time,usable,,not_available_in_v1_layer,2026-07-22T21:10:17+00:00,,2026-07-22T21:10:17+00:00,confirmed_available_at,2026-07-22T21:10:17+00:00,2020-11-13,2026-07-22T21:10:17+00:00,yes_publication_claim_only,no,no,no,no,no,,version-link-v1.0-2026-07-26,layer=normalised-text-v1_provisional;pairs=near-dup-v1.0-2026-07-26;url=url-canon-v1.0-2026-07-27;syndication=syndication-v1.0-2026-07-26
NEWS-guardian_api-f9c82f1235c8,SCC-2021-05,guardian_api,no_version_candidates,,,2021-04-12,date_only_no_time,usable,,not_available_in_v1_layer,2026-07-22T21:10:07+00:00,,2026-07-22T21:10:07+00:00,confirmed_available_at,2026-07-22T21:10:07+00:00,2021-04-12,2026-07-22T21:10:07+00:00,yes_publication_claim_only,yes_publication_claim_only,yes_publication_claim_only,no,no,no,,version-link-v1.0-2026-07-26,layer=normalised-text-v1_provisional;pairs=near-dup-v1.0-2026-07-26;url=url-canon-v1.0-2026-07-27;syndication=syndication-v1.0-2026-07-26
NEWS-guardian_api-f9fc47b07150,SCC-2013-05,guardian_api,no_version_candidates,,,2012-11-13,date_only_no_time,usable,,not_available_in_v1_layer,2026-07-22T21:08:38+00:00,,2026-07-22T21:08:38+00:00,confirmed_available_at,2026-07-22T21:08:38+00:00,2012-11-13,2026-07-22T21:08:38+00:00,yes_publication_claim_only,no,no,no,no,no,,version-link-v1.0-2026-07-26,layer=normalised-text-v1_provisional;pairs=near-dup-v1.0-2026-07-26;url=url-canon-v1.0-2026-07-27;syndication=syndication-v1.0-2026-07-26
NEWS-guardian_api-fa1c3fc9840d,SCC-2017-05,guardian_api,no_version_candidates,,,2016-11-09,date_only_no_time,usable,,not_available_in_v1_layer,2026-07-22T21:09:32+00:00,,2026-07-22T21:09:32+00:00,confirmed_available_at,2026-07-22T21:09:32+00:00,2016-11-09,2026-07-22T21:09:32+00:00,yes_publication_claim_only,no,no,no,no,no,,version-link-v1.0-2026-07-26,layer=normalised-text-v1_provisional;pairs=near-dup-v1.0-2026-07-26;url=url-canon-v1.0-2026-07-27;syndication=syndication-v1.0-2026-07-26
NEWS-guardian_api-fa39e97acb6a,SCC-2013-05,guardian_api,no_version_candidates,,,2012-11-14,date_only_no_time,usable,,not_available_in_v1_layer,2026-07-22T21:08:55+00:00,,2026-07-22T21:08:55+00:00,confirmed_available_at,2026-07-22T21:08:55+00:00,2012-11-14,2026-07-22T21:08:55+00:00,yes_publication_claim_only,no,no,no,no,no,,version-link-v1.0-2026-07-26,layer=normalised-text-v1_provisional;pairs=near-dup-v1.0-2026-07-26;url=url-canon-v1.0-2026-07-27;syndication=syndication-v1.0-2026-07-26
NEWS-guardian_api-fa7c65831a5e,SCC-2013-05,guardian_api,no_version_candidates,,,2013-02-12,date_only_no_time,usable,,not_available_in_v1_layer,2026-07-22T21:08:38+00:00,,2026-07-22T21:08:38+00:00,confirmed_available_at,2026-07-22T21:08:38+00:00,2013-02-12,2026-07-22T21:08:38+00:00,yes_publication_claim_only,yes_publication_claim_only,no,no,no,no,,version-link-v1.0-2026-07-26,layer=normalised-text-v1_provisional;pairs=near-dup-v1.0-2026-07-26;url=url-canon-v1.0-2026-07-27;syndication=syndication-v1.0-2026-07-26
NEWS-guardian_api-fa7e9b5dec27,SCC-2013-05,guardian_api,no_version_candidates,,,2012-11-13,date_only_no_time,usable,,not_available_in_v1_layer,2026-07-22T21:08:30+00:00,,2026-07-22T21:08:30+00:00,confirmed_available_at,2026-07-22T21:08:30+00:00,2012-11-13,2026-07-22T21:08:30+00:00,yes_publication_claim_only,no,no,no,no,no,,version-link-v1.0-2026-07-26,layer=normalised-text-v1_provisional;pairs=near-dup-v1.0-2026-07-26;url=url-canon-v1.0-2026-07-27;syndication=syndication-v1.0-2026-07-26
NEWS-guardian_api-fabc17859d75,SCC-2013-05,guardian_api,no_version_candidates,,,2012-11-07,date_only_no_time,usable,,not_available_in_v1_layer,2026-07-22T21:08:55+00:00,,2026-07-22T21:08:55+00:00,confirmed_available_at,2026-07-22T21:08:55+00:00,2012-11-07,2026-07-22T21:08:55+00:00,yes_publication_claim_only,no,no,no,no,no,,version-link-v1.0-2026-07-26,layer=normalised-text-v1_provisional;pairs=near-dup-v1.0-2026-07-26;url=url-canon-v1.0-2026-07-27;syndication=syndication-v1.0-2026-07-26
NEWS-guardian_api-fae76634b019,SCC-2013-05,guardian_api,no_version_candidates,,,2012-12-26,date_only_no_time,usable,,not_available_in_v1_layer,2026-07-22T21:08:34+00:00,,2026-07-22T21:08:34+00:00,confirmed_available_at,2026-07-22T21:08:34+00:00,2012-12-26,2026-07-22T21:08:34+00:00,yes_publication_claim_only,no,no,no,no,no,,version-link-v1.0-2026-07-26,layer=normalised-text-v1_provisional;pairs=near-dup-v1.0-2026-07-26;url=url-canon-v1.0-2026-07-27;syndication=syndication-v1.0-2026-07-26
NEWS-guardian_api-faeedb239b96,SCC-2021-05,guardian_api,no_version_candidates,,,2021-03-11,date_only_no_time,usable,,not_available_in_v1_layer,2026-07-22T21:10:33+00:00,,2026-07-22T21:10:33+00:00,confirmed_available_at,2026-07-22T21:10:33+00:00,2021-03-11,2026-07-22T21:10:33+00:00,yes_publication_claim_only,yes_publication_claim_only,no,no,no,no,,version-link-v1.0-2026-07-26,layer=normalised-text-v1_provisional;pairs=near-dup-v1.0-2026-07-26;url=url-canon-v1.0-2026-07-27;syndication=syndication-v1.0-2026-07-26
NEWS-guardian_api-faff6a8d78fe,SCC-2013-05,guardian_api,no_version_candidates,,,2012-12-28,date_only_no_time,usable,,not_available_in_v1_layer,2026-07-22T21:09:02+00:00,,2026-07-22T21:09:02+00:00,confirmed_available_at,2026-07-22T21:09:02+00:00,2012-12-28,2026-07-22T21:09:02+00:00,yes_publication_claim_only,no,no,no,no,no,,version-link-v1.0-2026-07-26,layer=normalised-text-v1_provisional;pairs=near-dup-v1.0-2026-07-26;url=url-canon-v1.0-2026-07-27;syndication=syndication-v1.0-2026-07-26
NEWS-guardian_api-fb33092c3182,SCC-2013-05,guardian_api,no_version_candidates,,,2012-11-13,date_only_no_time,usable,,not_available_in_v1_layer,2026-07-22T21:08:30+00:00,,2026-07-22T21:08:30+00:00,confirmed_available_at,2026-07-22T21:08:30+00:00,2012-11-13,2026-07-22T21:08:30+00:00,yes_publication_claim_only,no,no,no,no,no,,version-link-v1.0-2026-07-26,layer=normalised-text-v1_provisional;pairs=near-dup-v1.0-2026-07-26;url=url-canon-v1.0-2026-07-27;syndication=syndication-v1.0-2026-07-26
NEWS-guardian_api-fb3609bd4965,SCC-2017-05,guardian_api,no_version_candidates,,,2016-12-18,date_only_no_time,usable,,not_available_in_v1_layer,2026-07-22T21:09:47+00:00,,2026-07-22T21:09:47+00:00,confirmed_available_at,2026-07-22T21:09:47+00:00,2016-12-18,2026-07-22T21:09:47+00:00,yes_publication_claim_only,no,no,no,no,no,,version-link-v1.0-2026-07-26,layer=normalised-text-v1_provisional;pairs=near-dup-v1.0-2026-07-26;url=url-canon-v1.0-2026-07-27;syndication=syndication-v1.0-2026-07-26
NEWS-guardian_api-fb5e74f41b2d,SCC-2021-05,guardian_api,no_version_candidates,,,2021-02-28,date_only_no_time,usable,,not_available_in_v1_layer,2026-07-22T21:10:33+00:00,,2026-07-22T21:10:33+00:00,confirmed_available_at,2026-07-22T21:10:33+00:00,2021-02-28,2026-07-22T21:10:33+00:00,yes_publication_claim_only,yes_publication_claim_only,no,no,no,no,,version-link-v1.0-2026-07-26,layer=normalised-text-v1_provisional;pairs=near-dup-v1.0-2026-07-26;url=url-canon-v1.0-2026-07-27;syndication=syndication-v1.0-2026-07-26
NEWS-guardian_api-fb77f5f08d32,SCC-2013-05,guardian_api,no_version_candidates,,,2012-12-14,date_only_no_time,usable,,not_available_in_v1_layer,2026-07-22T21:08:55+00:00,,2026-07-22T21:08:55+00:00,confirmed_available_at,2026-07-22T21:08:55+00:00,2012-12-14,2026-07-22T21:08:55+00:00,yes_publication_claim_only,no,no,no,no,no,,version-link-v1.0-2026-07-26,layer=normalised-text-v1_provisional;pairs=near-dup-v1.0-2026-07-26;url=url-canon-v1.0-2026-07-27;syndication=syndication-v1.0-2026-07-26
NEWS-guardian_api-fbabbe049f1e,SCC-2017-05,guardian_api,no_version_candidates,,,2016-11-25,date_only_no_time,usable,,not_available_in_v1_layer,2026-07-22T21:09:39+00:00,,2026-07-22T21:09:39+00:00,confirmed_available_at,2026-07-22T21:09:39+00:00,2016-11-25,2026-07-22T21:09:39+00:00,yes_publication_claim_only,no,no,no,no,no,,version-link-v1.0-2026-07-26,layer=normalised-text-v1_provisional;pairs=near-dup-v1.0-2026-07-26;url=url-canon-v1.0-2026-07-27;syndication=syndication-v1.0-2026-07-26
NEWS-guardian_api-fc266c6fe730,SCC-2021-05,guardian_api,no_version_candidates,,,2021-04-13,date_only_no_time,usable,,not_available_in_v1_layer,2026-07-22T21:10:07+00:00,,2026-07-22T21:10:07+00:00,confirmed_available_at,2026-07-22T21:10:07+00:00,2021-04-13,2026-07-22T21:10:07+00:00,yes_publication_claim_only,yes_publication_claim_only,yes_publication_claim_only,no,no,no,,version-link-v1.0-2026-07-26,layer=normalised-text-v1_provisional;pairs=near-dup-v1.0-2026-07-26;url=url-canon-v1.0-2026-07-27;syndication=syndication-v1.0-2026-07-26
NEWS-guardian_api-fc42fa870ddc,ESWS-2026-05,guardian_api,no_version_candidates,,,2026-03-30,date_only_no_time,usable,,not_available_in_v1_layer,2026-07-22T21:08:18+00:00,,2026-07-22T21:08:18+00:00,confirmed_available_at,2026-07-22T21:08:18+00:00,2026-03-30,2026-07-22T21:08:18+00:00,yes_publication_claim_only,yes_publication_claim_only,no,no,no,no,,version-link-v1.0-2026-07-26,layer=normalised-text-v1_provisional;pairs=near-dup-v1.0-2026-07-26;url=url-canon-v1.0-2026-07-27;syndication=syndication-v1.0-2026-07-26
NEWS-guardian_api-fc4550411128,SCC-2021-05,guardian_api,no_version_candidates,,,2021-01-10,date_only_no_time,usable,,not_available_in_v1_layer,2026-07-22T21:10:25+00:00,,2026-07-22T21:10:25+00:00,confirmed_available_at,2026-07-22T21:10:25+00:00,2021-01-10,2026-07-22T21:10:25+00:00,yes_publication_claim_only,no,no,no,no,no,,version-link-v1.0-2026-07-26,layer=normalised-text-v1_provisional;pairs=near-dup-v1.0-2026-07-26;url=url-canon-v1.0-2026-07-27;syndication=syndication-v1.0-2026-07-26
NEWS-guardian_api-fc602e3eb10c,ESWS-2026-05,guardian_api,no_version_candidates,,,2025-11-18,date_only_no_time,usable,,not_available_in_v1_layer,2026-07-22T21:07:44+00:00,,2026-07-22T21:07:44+00:00,confirmed_available_at,2026-07-22T21:07:44+00:00,2025-11-18,2026-07-22T21:07:44+00:00,yes_publication_claim_only,no,no,no,no,no,,version-link-v1.0-2026-07-26,layer=normalised-text-v1_provisional;pairs=near-dup-v1.0-2026-07-26;url=url-canon-v1.0-2026-07-27;syndication=syndication-v1.0-2026-07-26
NEWS-guardian_api-fc801bb2c90c,SCC-2017-05,guardian_api,no_version_candidates,,,2016-11-18,date_only_no_time,usable,,not_available_in_v1_layer,2026-07-22T21:09:15+00:00,,2026-07-22T21:09:15+00:00,confirmed_available_at,2026-07-22T21:09:15+00:00,2016-11-18,2026-07-22T21:09:15+00:00,yes_publication_claim_only,no,no,no,no,no,,version-link-v1.0-2026-07-26,layer=normalised-text-v1_provisional;pairs=near-dup-v1.0-2026-07-26;url=url-canon-v1.0-2026-07-27;syndication=syndication-v1.0-2026-07-26
NEWS-guardian_api-fcb1dac29fa8,SCC-2013-05,guardian_api,no_version_candidates,,,2012-11-26,date_only_no_time,usable,,not_available_in_v1_layer,2026-07-22T21:08:31+00:00,,2026-07-22T21:08:31+00:00,confirmed_available_at,2026-07-22T21:08:31+00:00,2012-11-26,2026-07-22T21:08:31+00:00,yes_publication_claim_only,no,no,no,no,no,,version-link-v1.0-2026-07-26,layer=normalised-text-v1_provisional;pairs=near-dup-v1.0-2026-07-26;url=url-canon-v1.0-2026-07-27;syndication=syndication-v1.0-2026-07-26
NEWS-guardian_api-fcc24916d456,ESWS-2026-05,guardian_api,no_version_candidates,,,2026-01-13,date_only_no_time,usable,,not_available_in_v1_layer,2026-07-22T21:08:10+00:00,,2026-07-22T21:08:10+00:00,confirmed_available_at,2026-07-22T21:08:10+00:00,2026-01-13,2026-07-22T21:08:10+00:00,yes_publication_claim_only,no,no,no,no,no,,version-link-v1.0-2026-07-26,layer=normalised-text-v1_provisional;pairs=near-dup-v1.0-2026-07-26;url=url-canon-v1.0-2026-07-27;syndication=syndication-v1.0-2026-07-26
NEWS-guardian_api-fcd52f1b0282,SCC-2021-05,guardian_api,no_version_candidates,,,2021-04-21,date_only_no_time,usable,,not_available_in_v1_layer,2026-07-22T21:10:03+00:00,,2026-07-22T21:10:03+00:00,confirmed_available_at,2026-07-22T21:10:03+00:00,2021-04-21,2026-07-22T21:10:03+00:00,yes_publication_claim_only,yes_publication_claim_only,yes_publication_claim_only,no,no,no,,version-link-v1.0-2026-07-26,layer=normalised-text-v1_provisional;pairs=near-dup-v1.0-2026-07-26;url=url-canon-v1.0-2026-07-27;syndication=syndication-v1.0-2026-07-26
NEWS-guardian_api-fcfb81b2dc09,SCC-2013-05,guardian_api,no_version_candidates,,,2012-11-23,date_only_no_time,usable,,not_available_in_v1_layer,2026-07-22T21:08:42+00:00,,2026-07-22T21:08:42+00:00,confirmed_available_at,2026-07-22T21:08:42+00:00,2012-11-23,2026-07-22T21:08:42+00:00,yes_publication_claim_only,no,no,no,no,no,,version-link-v1.0-2026-07-26,layer=normalised-text-v1_provisional;pairs=near-dup-v1.0-2026-07-26;url=url-canon-v1.0-2026-07-27;syndication=syndication-v1.0-2026-07-26
NEWS-guardian_api-fd51ea9a80c7,SCC-2013-05,guardian_api,no_version_candidates,,,2012-12-18,date_only_no_time,usable,,not_available_in_v1_layer,2026-07-22T21:08:34+00:00,,2026-07-22T21:08:34+00:00,confirmed_available_at,2026-07-22T21:08:34+00:00,2012-12-18,2026-07-22T21:08:34+00:00,yes_publication_claim_only,no,no,no,no,no,,version-link-v1.0-2026-07-26,layer=normalised-text-v1_provisional;pairs=near-dup-v1.0-2026-07-26;url=url-canon-v1.0-2026-07-27;syndication=syndication-v1.0-2026-07-26
NEWS-guardian_api-fd7a5bb23ab3,SCC-2017-05,guardian_api,no_version_candidates,,,2017-01-31,date_only_no_time,usable,,not_available_in_v1_layer,2026-07-22T21:09:47+00:00,,2026-07-22T21:09:47+00:00,confirmed_available_at,2026-07-22T21:09:47+00:00,2017-01-31,2026-07-22T21:09:47+00:00,yes_publication_claim_only,no,no,no,no,no,,version-link-v1.0-2026-07-26,layer=normalised-text-v1_provisional;pairs=near-dup-v1.0-2026-07-26;url=url-canon-v1.0-2026-07-27;syndication=syndication-v1.0-2026-07-26
NEWS-guardian_api-fd7ce34f4e6c,SCC-2017-05,guardian_api,no_version_candidates,,,2016-11-28,date_only_no_time,usable,,not_available_in_v1_layer,2026-07-22T21:09:19+00:00,,2026-07-22T21:09:19+00:00,confirmed_available_at,2026-07-22T21:09:19+00:00,2016-11-28,2026-07-22T21:09:19+00:00,yes_publication_claim_only,no,no,no,no,no,,version-link-v1.0-2026-07-26,layer=normalised-text-v1_provisional;pairs=near-dup-v1.0-2026-07-26;url=url-canon-v1.0-2026-07-27;syndication=syndication-v1.0-2026-07-26
NEWS-guardian_api-fd9d6be0d90e,SCC-2017-05,guardian_api,no_version_candidates,,,2017-01-10,date_only_no_time,usable,,not_available_in_v1_layer,2026-07-22T21:09:47+00:00,,2026-07-22T21:09:47+00:00,confirmed_available_at,2026-07-22T21:09:47+00:00,2017-01-10,2026-07-22T21:09:47+00:00,yes_publication_claim_only,no,no,no,no,no,,version-link-v1.0-2026-07-26,layer=normalised-text-v1_provisional;pairs=near-dup-v1.0-2026-07-26;url=url-canon-v1.0-2026-07-27;syndication=syndication-v1.0-2026-07-26
NEWS-guardian_api-fe0ec6ec6e01,SCC-2013-05,guardian_api,no_version_candidates,,,2012-12-17,date_only_no_time,usable,,not_available_in_v1_layer,2026-07-22T21:08:55+00:00,,2026-07-22T21:08:55+00:00,confirmed_available_at,2026-07-22T21:08:55+00:00,2012-12-17,2026-07-22T21:08:55+00:00,yes_publication_claim_only,no,no,no,no,no,,version-link-v1.0-2026-07-26,layer=normalised-text-v1_provisional;pairs=near-dup-v1.0-2026-07-26;url=url-canon-v1.0-2026-07-27;syndication=syndication-v1.0-2026-07-26
NEWS-guardian_api-fe329a10135c,SCC-2017-05,guardian_api,no_version_candidates,,,2017-02-08,date_only_no_time,usable,,not_available_in_v1_layer,2026-07-22T21:09:26+00:00,,2026-07-22T21:09:26+00:00,confirmed_available_at,2026-07-22T21:09:26+00:00,2017-02-08,2026-07-22T21:09:26+00:00,yes_publication_claim_only,yes_publication_claim_only,no,no,no,no,,version-link-v1.0-2026-07-26,layer=normalised-text-v1_provisional;pairs=near-dup-v1.0-2026-07-26;url=url-canon-v1.0-2026-07-27;syndication=syndication-v1.0-2026-07-26
NEWS-guardian_api-fe74fd7fb270,ESWS-2026-05,guardian_api,no_version_candidates,,,2025-11-19,date_only_no_time,usable,,not_available_in_v1_layer,2026-07-22T21:07:44+00:00,,2026-07-22T21:07:44+00:00,confirmed_available_at,2026-07-22T21:07:44+00:00,2025-11-19,2026-07-22T21:07:44+00:00,yes_publication_claim_only,no,no,no,no,no,,version-link-v1.0-2026-07-26,layer=normalised-text-v1_provisional;pairs=near-dup-v1.0-2026-07-26;url=url-canon-v1.0-2026-07-27;syndication=syndication-v1.0-2026-07-26
NEWS-guardian_api-fea2606b93aa,SCC-2013-05,guardian_api,no_version_candidates,,,2013-02-13,date_only_no_time,usable,,not_available_in_v1_layer,2026-07-22T21:09:02+00:00,,2026-07-22T21:09:02+00:00,confirmed_available_at,2026-07-22T21:09:02+00:00,2013-02-13,2026-07-22T21:09:02+00:00,yes_publication_claim_only,yes_publication_claim_only,no,no,no,no,,version-link-v1.0-2026-07-26,layer=normalised-text-v1_provisional;pairs=near-dup-v1.0-2026-07-26;url=url-canon-v1.0-2026-07-27;syndication=syndication-v1.0-2026-07-26
NEWS-guardian_api-fec05cfe0e6a,SCC-2017-05,guardian_api,no_version_candidates,,,2017-01-09,date_only_no_time,usable,,not_available_in_v1_layer,2026-07-22T21:09:19+00:00,,2026-07-22T21:09:19+00:00,confirmed_available_at,2026-07-22T21:09:19+00:00,2017-01-09,2026-07-22T21:09:19+00:00,yes_publication_claim_only,no,no,no,no,no,,version-link-v1.0-2026-07-26,layer=normalised-text-v1_provisional;pairs=near-dup-v1.0-2026-07-26;url=url-canon-v1.0-2026-07-27;syndication=syndication-v1.0-2026-07-26
NEWS-guardian_api-fecf1125e39a,SCC-2017-05,guardian_api,no_version_candidates,,,2017-02-13,date_only_no_time,usable,,not_available_in_v1_layer,2026-07-22T21:09:23+00:00,,2026-07-22T21:09:23+00:00,confirmed_available_at,2026-07-22T21:09:23+00:00,2017-02-13,2026-07-22T21:09:23+00:00,yes_publication_claim_only,yes_publication_claim_only,no,no,no,no,,version-link-v1.0-2026-07-26,layer=normalised-text-v1_provisional;pairs=near-dup-v1.0-2026-07-26;url=url-canon-v1.0-2026-07-27;syndication=syndication-v1.0-2026-07-26
NEWS-guardian_api-fef2db1295c4,ESWS-2026-05,guardian_api,no_version_candidates,,,2025-11-14,date_only_no_time,usable,,not_available_in_v1_layer,2026-07-22T21:08:02+00:00,,2026-07-22T21:08:02+00:00,confirmed_available_at,2026-07-22T21:08:02+00:00,2025-11-14,2026-07-22T21:08:02+00:00,yes_publication_claim_only,no,no,no,no,no,,version-link-v1.0-2026-07-26,layer=normalised-text-v1_provisional;pairs=near-dup-v1.0-2026-07-26;url=url-canon-v1.0-2026-07-27;syndication=syndication-v1.0-2026-07-26
NEWS-guardian_api-ffa46ec41993,SCC-2017-05,guardian_api,no_version_candidates,,,2016-11-25,date_only_no_time,usable,,not_available_in_v1_layer,2026-07-22T21:09:19+00:00,,2026-07-22T21:09:19+00:00,confirmed_available_at,2026-07-22T21:09:19+00:00,2016-11-25,2026-07-22T21:09:19+00:00,yes_publication_claim_only,no,no,no,no,no,,version-link-v1.0-2026-07-26,layer=normalised-text-v1_provisional;pairs=near-dup-v1.0-2026-07-26;url=url-canon-v1.0-2026-07-27;syndication=syndication-v1.0-2026-07-26
NEWS-guardian_api-ffd5e292a2bc,SCC-2021-05,guardian_api,no_version_candidates,,,2021-03-08,date_only_no_time,usable,,not_available_in_v1_layer,2026-07-22T21:10:33+00:00,,2026-07-22T21:10:33+00:00,confirmed_available_at,2026-07-22T21:10:33+00:00,2021-03-08,2026-07-22T21:10:33+00:00,yes_publication_claim_only,yes_publication_claim_only,no,no,no,no,,version-link-v1.0-2026-07-26,layer=normalised-text-v1_provisional;pairs=near-dup-v1.0-2026-07-26;url=url-canon-v1.0-2026-07-27;syndication=syndication-v1.0-2026-07-26
NEWS-guardian_api-fffa6b608391,SCC-2021-05,guardian_api,no_version_candidates,,,2020-11-15,date_only_no_time,usable,,not_available_in_v1_layer,2026-07-22T21:10:32+00:00,,2026-07-22T21:10:32+00:00,confirmed_available_at,2026-07-22T21:10:32+00:00,2020-11-15,2026-07-22T21:10:32+00:00,yes_publication_claim_only,no,no,no,no,no,,version-link-v1.0-2026-07-26,layer=normalised-text-v1_provisional;pairs=near-dup-v1.0-2026-07-26;url=url-canon-v1.0-2026-07-27;syndication=syndication-v1.0-2026-07-26
NEWS-guildford_dragon-1c38b966faf4,SCC-2017-05,guildford_dragon,no_version_candidates,,,2016-12-05,date_only_no_time,usable,,not_available_in_v1_layer,2026-07-23T12:59:12+00:00,2016-12-23T02:52:39+00:00,2016-12-23T02:52:39+00:00,confirmed_available_at,2016-12-23T02:52:39+00:00,2016-12-05,2016-12-23T02:52:39+00:00,yes_confirmed,no,no,no,no,no,,version-link-v1.0-2026-07-26,layer=normalised-text-v1_provisional;pairs=near-dup-v1.0-2026-07-26;url=url-canon-v1.0-2026-07-27;syndication=syndication-v1.0-2026-07-26
NEWS-guildford_dragon-343b8ded2e2a,SCC-2017-05,guildford_dragon,no_version_candidates,,,2017-04-26,date_only_no_time,usable,,not_available_in_v1_layer,2026-07-23T13:00:55+00:00,2017-04-30T16:53:00+00:00,2017-04-30T16:53:00+00:00,confirmed_available_at,2017-04-30T16:53:00+00:00,2017-04-26,2017-04-30T16:53:00+00:00,yes_confirmed,yes_confirmed,yes_confirmed,yes_confirmed,no,no,,version-link-v1.0-2026-07-26,layer=normalised-text-v1_provisional;pairs=near-dup-v1.0-2026-07-26;url=url-canon-v1.0-2026-07-27;syndication=syndication-v1.0-2026-07-26
NEWS-guildford_dragon-388d5b733d68,SCC-2021-05,guildford_dragon,no_version_candidates,,,2021-04-08,date_only_no_time,usable,,not_available_in_v1_layer,2026-07-23T13:12:43+00:00,2021-04-08T18:56:10+00:00,2021-04-08T18:56:10+00:00,confirmed_available_at,2021-04-08T18:56:10+00:00,2021-04-08,2021-04-08T18:56:10+00:00,yes_confirmed,yes_confirmed,yes_confirmed,no,no,no,,version-link-v1.0-2026-07-26,layer=normalised-text-v1_provisional;pairs=near-dup-v1.0-2026-07-26;url=url-canon-v1.0-2026-07-27;syndication=syndication-v1.0-2026-07-26
NEWS-guildford_dragon-40ac34fceac8,SCC-2021-05,guildford_dragon,no_version_candidates,,,2021-01-23,date_only_no_time,usable,,not_available_in_v1_layer,2026-07-23T13:11:16+00:00,2021-01-23T10:32:35+00:00,2021-01-23T10:32:35+00:00,confirmed_available_at,2021-01-23T10:32:35+00:00,2021-01-23,2021-01-23T10:32:35+00:00,yes_confirmed,no,no,no,no,no,,version-link-v1.0-2026-07-26,layer=normalised-text-v1_provisional;pairs=near-dup-v1.0-2026-07-26;url=url-canon-v1.0-2026-07-27;syndication=syndication-v1.0-2026-07-26
NEWS-guildford_dragon-4c0a30842861,SCC-2017-05,guildford_dragon,no_version_candidates,,,2017-03-27,date_only_no_time,usable,,not_available_in_v1_layer,2026-07-23T12:59:53+00:00,2017-03-28T01:48:40+00:00,2017-03-28T01:48:40+00:00,confirmed_available_at,2017-03-28T01:48:40+00:00,2017-03-27,2017-03-28T01:48:40+00:00,yes_confirmed,yes_confirmed,no,no,no,no,,version-link-v1.0-2026-07-26,layer=normalised-text-v1_provisional;pairs=near-dup-v1.0-2026-07-26;url=url-canon-v1.0-2026-07-27;syndication=syndication-v1.0-2026-07-26
NEWS-guildford_dragon-66c8415ee5a7,SCC-2017-05,guildford_dragon,no_version_candidates,,,2017-02-15,date_only_no_time,usable,,not_available_in_v1_layer,2026-07-23T12:59:26+00:00,2017-02-15T22:03:43+00:00,2017-02-15T22:03:43+00:00,confirmed_available_at,2017-02-15T22:03:43+00:00,2017-02-15,2017-02-15T22:03:43+00:00,yes_confirmed,yes_confirmed,no,no,no,no,,version-link-v1.0-2026-07-26,layer=normalised-text-v1_provisional;pairs=near-dup-v1.0-2026-07-26;url=url-canon-v1.0-2026-07-27;syndication=syndication-v1.0-2026-07-26
NEWS-guildford_dragon-8131c9199780,SCC-2021-05,guildford_dragon,no_version_candidates,,,2021-02-11,date_only_no_time,usable,,not_available_in_v1_layer,2026-07-23T13:11:48+00:00,2021-02-11T13:13:40+00:00,2021-02-11T13:13:40+00:00,confirmed_available_at,2021-02-11T13:13:40+00:00,2021-02-11,2021-02-11T13:13:40+00:00,yes_confirmed,yes_confirmed,no,no,no,no,,version-link-v1.0-2026-07-26,layer=normalised-text-v1_provisional;pairs=near-dup-v1.0-2026-07-26;url=url-canon-v1.0-2026-07-27;syndication=syndication-v1.0-2026-07-26
NEWS-guildford_dragon-8f5b302d0bbf,SCC-2017-05,guildford_dragon,no_version_candidates,,,2017-02-16,date_only_no_time,usable,,not_available_in_v1_layer,2026-07-23T12:59:40+00:00,2017-02-17T10:34:36+00:00,2017-02-17T10:34:36+00:00,confirmed_available_at,2017-02-17T10:34:36+00:00,2017-02-16,2017-02-17T10:34:36+00:00,yes_confirmed,yes_confirmed,no,no,no,no,,version-link-v1.0-2026-07-26,layer=normalised-text-v1_provisional;pairs=near-dup-v1.0-2026-07-26;url=url-canon-v1.0-2026-07-27;syndication=syndication-v1.0-2026-07-26
NEWS-guildford_dragon-b5de1719712d,SCC-2021-05,guildford_dragon,no_version_candidates,,,2021-03-21,date_only_no_time,usable,,not_available_in_v1_layer,2026-07-23T13:12:06+00:00,2021-03-21T12:19:54+00:00,2021-03-21T12:19:54+00:00,confirmed_available_at,2021-03-21T12:19:54+00:00,2021-03-21,2021-03-21T12:19:54+00:00,yes_confirmed,yes_confirmed,no,no,no,no,,version-link-v1.0-2026-07-26,layer=normalised-text-v1_provisional;pairs=near-dup-v1.0-2026-07-26;url=url-canon-v1.0-2026-07-27;syndication=syndication-v1.0-2026-07-26
NEWS-guildford_dragon-bd8991767823,SCC-2017-05,guildford_dragon,no_version_candidates,,,2017-04-14,date_only_no_time,usable,,not_available_in_v1_layer,2026-07-23T13:00:06+00:00,2017-04-26T19:18:57+00:00,2017-04-26T19:18:57+00:00,confirmed_available_at,2017-04-26T19:18:57+00:00,2017-04-14,2017-04-26T19:18:57+00:00,yes_confirmed,yes_confirmed,yes_confirmed,no,no,no,,version-link-v1.0-2026-07-26,layer=normalised-text-v1_provisional;pairs=near-dup-v1.0-2026-07-26;url=url-canon-v1.0-2026-07-27;syndication=syndication-v1.0-2026-07-26
NEWS-guildford_dragon-c4c267f5f96d,SCC-2021-05,guildford_dragon,no_version_candidates,,,2021-03-23,date_only_no_time,usable,,not_available_in_v1_layer,2026-07-23T13:12:22+00:00,2021-03-23T11:24:18+00:00,2021-03-23T11:24:18+00:00,confirmed_available_at,2021-03-23T11:24:18+00:00,2021-03-23,2021-03-23T11:24:18+00:00,yes_confirmed,yes_confirmed,no,no,no,no,,version-link-v1.0-2026-07-26,layer=normalised-text-v1_provisional;pairs=near-dup-v1.0-2026-07-26;url=url-canon-v1.0-2026-07-27;syndication=syndication-v1.0-2026-07-26
NEWS-guildford_dragon-cfab18cda9bf,SCC-2021-05,guildford_dragon,no_version_candidates,,,2021-02-08,date_only_no_time,usable,,not_available_in_v1_layer,2026-07-23T13:11:32+00:00,2021-02-08T22:07:52+00:00,2021-02-08T22:07:52+00:00,confirmed_available_at,2021-02-08T22:07:52+00:00,2021-02-08,2021-02-08T22:07:52+00:00,yes_confirmed,yes_confirmed,no,no,no,no,,version-link-v1.0-2026-07-26,layer=normalised-text-v1_provisional;pairs=near-dup-v1.0-2026-07-26;url=url-canon-v1.0-2026-07-27;syndication=syndication-v1.0-2026-07-26
NEWS-guildford_dragon-d8c0187430a0,SCC-2017-05,guildford_dragon,no_version_candidates,,,2017-04-18,date_only_no_time,usable,,not_available_in_v1_layer,2026-07-23T13:00:21+00:00,2017-04-27T03:32:45+00:00,2017-04-27T03:32:45+00:00,confirmed_available_at,2017-04-27T03:32:45+00:00,2017-04-18,2017-04-27T03:32:45+00:00,yes_confirmed,yes_confirmed,yes_confirmed,no,no,no,,version-link-v1.0-2026-07-26,layer=normalised-text-v1_provisional;pairs=near-dup-v1.0-2026-07-26;url=url-canon-v1.0-2026-07-27;syndication=syndication-v1.0-2026-07-26
NEWS-guildford_dragon-e541cb662b89,SCC-2017-05,guildford_dragon,no_version_candidates,,,2017-04-20,date_only_no_time,usable,,not_available_in_v1_layer,2026-07-23T13:00:38+00:00,2017-04-29T23:21:56+00:00,2017-04-29T23:21:56+00:00,confirmed_available_at,2017-04-29T23:21:56+00:00,2017-04-20,2017-04-29T23:21:56+00:00,yes_confirmed,yes_confirmed,yes_confirmed,yes_confirmed,no,no,,version-link-v1.0-2026-07-26,layer=normalised-text-v1_provisional;pairs=near-dup-v1.0-2026-07-26;url=url-canon-v1.0-2026-07-27;syndication=syndication-v1.0-2026-07-26
NEWS-surreylive-0a0e8c2a1016,SCC-2017-05,surreylive,no_version_candidates,,,2017-04-21,date_only_no_time,usable,,not_available_in_v1_layer,2026-07-23T11:34:58+00:00,2017-04-25T00:13:53+00:00,2017-04-25T00:13:53+00:00,confirmed_available_at,2017-04-25T00:13:53+00:00,2017-04-21,2017-04-25T00:13:53+00:00,yes_confirmed,yes_confirmed,yes_confirmed,yes_confirmed,no,no,,version-link-v1.0-2026-07-26,layer=normalised-text-v1_provisional;pairs=near-dup-v1.0-2026-07-26;url=url-canon-v1.0-2026-07-27;syndication=syndication-v1.0-2026-07-26
NEWS-surreylive-0e36e5a49dfd,SCC-2017-05,surreylive,no_version_candidates,,,2017-03-24,date_only_no_time,usable,,not_available_in_v1_layer,2026-07-23T11:33:22+00:00,2017-03-24T21:32:35+00:00,2017-03-24T21:32:35+00:00,confirmed_available_at,2017-03-24T21:32:35+00:00,2017-03-24,2017-03-24T21:32:35+00:00,yes_confirmed,yes_confirmed,no,no,no,no,,version-link-v1.0-2026-07-26,layer=normalised-text-v1_provisional;pairs=near-dup-v1.0-2026-07-26;url=url-canon-v1.0-2026-07-27;syndication=syndication-v1.0-2026-07-26
NEWS-surreylive-0facb544d283,SCC-2021-05,surreylive,no_version_candidates,,,2021-02-04,date_only_no_time,usable,,not_available_in_v1_layer,2026-07-23T12:03:06+00:00,2021-02-04T09:22:17+00:00,2021-02-04T09:22:17+00:00,confirmed_available_at,2021-02-04T09:22:17+00:00,2021-02-04,2021-02-04T09:22:17+00:00,yes_confirmed,no,no,no,no,no,,version-link-v1.0-2026-07-26,layer=normalised-text-v1_provisional;pairs=near-dup-v1.0-2026-07-26;url=url-canon-v1.0-2026-07-27;syndication=syndication-v1.0-2026-07-26
NEWS-surreylive-1351f85c19fc,SCC-2017-05,surreylive,no_version_candidates,,,2017-02-15,date_only_no_time,usable,,not_available_in_v1_layer,2026-07-23T11:20:06+00:00,2017-02-15T19:07:59+00:00,2017-02-15T19:07:59+00:00,confirmed_available_at,2017-02-15T19:07:59+00:00,2017-02-15,2017-02-15T19:07:59+00:00,yes_confirmed,yes_confirmed,no,no,no,no,,version-link-v1.0-2026-07-26,layer=normalised-text-v1_provisional;pairs=near-dup-v1.0-2026-07-26;url=url-canon-v1.0-2026-07-27;syndication=syndication-v1.0-2026-07-26
NEWS-surreylive-15853fa74661,ESWS-2026-05,surreylive,no_version_candidates,,,2026-04-16,date_only_no_time,usable,,not_available_in_v1_layer,2026-07-22T21:14:03+00:00,2026-04-17T06:05:07+00:00,2026-04-17T06:05:07+00:00,confirmed_available_at,2026-04-17T06:05:07+00:00,2026-04-16,2026-04-17T06:05:07+00:00,yes_confirmed,yes_confirmed,yes_confirmed,no,no,no,,version-link-v1.0-2026-07-26,layer=normalised-text-v1_provisional;pairs=near-dup-v1.0-2026-07-26;url=url-canon-v1.0-2026-07-27;syndication=syndication-v1.0-2026-07-26
NEWS-surreylive-1751a8550ef0,SCC-2017-05,surreylive,no_version_candidates,,,2016-11-06,date_only_no_time,usable,,not_available_in_v1_layer,2026-07-23T11:21:28+00:00,2016-11-08T01:52:06+00:00,2016-11-08T01:52:06+00:00,confirmed_available_at,2016-11-08T01:52:06+00:00,2016-11-06,2016-11-08T01:52:06+00:00,yes_confirmed,no,no,no,no,no,,version-link-v1.0-2026-07-26,layer=normalised-text-v1_provisional;pairs=near-dup-v1.0-2026-07-26;url=url-canon-v1.0-2026-07-27;syndication=syndication-v1.0-2026-07-26
NEWS-surreylive-19952195c4f1,SCC-2021-05,surreylive,no_version_candidates,,,2021-04-18,date_only_no_time,usable,,not_available_in_v1_layer,2026-07-23T12:06:41+00:00,2021-04-18T11:16:36+00:00,2021-04-18T11:16:36+00:00,confirmed_available_at,2021-04-18T11:16:36+00:00,2021-04-18,2021-04-18T11:16:36+00:00,yes_confirmed,yes_confirmed,yes_confirmed,no,no,no,,version-link-v1.0-2026-07-26,layer=normalised-text-v1_provisional;pairs=near-dup-v1.0-2026-07-26;url=url-canon-v1.0-2026-07-27;syndication=syndication-v1.0-2026-07-26
NEWS-surreylive-1d71be81f2ae,SCC-2021-05,surreylive,no_version_candidates,,,2021-03-11,date_only_no_time,usable,,not_available_in_v1_layer,2026-07-23T11:39:14+00:00,2021-03-11T10:58:46+00:00,2021-03-11T10:58:46+00:00,confirmed_available_at,2021-03-11T10:58:46+00:00,2021-03-11,2021-03-11T10:58:46+00:00,yes_confirmed,yes_confirmed,no,no,no,no,,version-link-v1.0-2026-07-26,layer=normalised-text-v1_provisional;pairs=near-dup-v1.0-2026-07-26;url=url-canon-v1.0-2026-07-27;syndication=syndication-v1.0-2026-07-26
NEWS-surreylive-2360b288b189,SCC-2017-05,surreylive,in_version_family,VER-195e166c964d,,2017-03-21,date_only_no_time,usable,,not_available_in_v1_layer,2026-07-23T11:37:52+00:00,2017-03-22T00:01:35+00:00,2017-03-22T00:01:35+00:00,confirmed_available_at,2017-03-22T00:01:35+00:00,2017-03-21,2017-03-22T00:01:35+00:00,yes_confirmed,yes_confirmed,no,no,no,no,,version-link-v1.0-2026-07-26,layer=normalised-text-v1_provisional;pairs=near-dup-v1.0-2026-07-26;url=url-canon-v1.0-2026-07-27;syndication=syndication-v1.0-2026-07-26
NEWS-surreylive-238bb5a742d3,SCC-2017-05,surreylive,in_version_family,VER-7957030927d9,,2017-03-24,date_only_no_time,usable,,not_available_in_v1_layer,2026-07-23T11:33:47+00:00,2017-03-24T21:46:53+00:00,2017-03-24T21:46:53+00:00,confirmed_available_at,2017-03-24T21:46:53+00:00,2017-03-24,2017-03-24T21:46:53+00:00,yes_confirmed,yes_confirmed,no,no,no,no,,version-link-v1.0-2026-07-26,layer=normalised-text-v1_provisional;pairs=near-dup-v1.0-2026-07-26;url=url-canon-v1.0-2026-07-27;syndication=syndication-v1.0-2026-07-26
NEWS-surreylive-28c2619c9143,SCC-2021-05,surreylive,no_version_candidates,,,2021-04-29,date_only_no_time,usable,,not_available_in_v1_layer,2026-07-23T13:16:52+00:00,2021-04-29T17:22:11+00:00,2021-04-29T17:22:11+00:00,confirmed_available_at,2021-04-29T17:22:11+00:00,2021-04-29,2021-04-29T17:22:11+00:00,yes_confirmed,yes_confirmed,yes_confirmed,yes_confirmed,yes_confirmed,no,,version-link-v1.0-2026-07-26,layer=normalised-text-v1_provisional;pairs=near-dup-v1.0-2026-07-26;url=url-canon-v1.0-2026-07-27;syndication=syndication-v1.0-2026-07-26
NEWS-surreylive-2a7a9746000c,SCC-2017-05,surreylive,no_version_candidates,,,2017-02-16,date_only_no_time,usable,,not_available_in_v1_layer,2026-07-23T11:17:04+00:00,2017-02-16T20:14:22+00:00,2017-02-16T20:14:22+00:00,confirmed_available_at,2017-02-16T20:14:22+00:00,2017-02-16,2017-02-16T20:14:22+00:00,yes_confirmed,yes_confirmed,no,no,no,no,,version-link-v1.0-2026-07-26,layer=normalised-text-v1_provisional;pairs=near-dup-v1.0-2026-07-26;url=url-canon-v1.0-2026-07-27;syndication=syndication-v1.0-2026-07-26
NEWS-surreylive-31dc715da600,SCC-2017-05,surreylive,no_version_candidates,,,2017-04-22,date_only_no_time,usable,,not_available_in_v1_layer,2026-07-23T13:09:38+00:00,2017-04-30T02:05:57+00:00,2017-04-30T02:05:57+00:00,confirmed_available_at,2017-04-30T02:05:57+00:00,2017-04-22,2017-04-30T02:05:57+00:00,yes_confirmed,yes_confirmed,yes_confirmed,yes_confirmed,no,no,,version-link-v1.0-2026-07-26,layer=normalised-text-v1_provisional;pairs=near-dup-v1.0-2026-07-26;url=url-canon-v1.0-2026-07-27;syndication=syndication-v1.0-2026-07-26
NEWS-surreylive-324ea61b57c1,ESWS-2026-05,surreylive,no_version_candidates,,,2026-03-10,date_only_no_time,usable,,not_available_in_v1_layer,2026-07-23T00:50:59+00:00,2026-03-11T04:58:03+00:00,2026-03-11T04:58:03+00:00,confirmed_available_at,2026-03-11T04:58:03+00:00,2026-03-10,2026-03-11T04:58:03+00:00,yes_confirmed,yes_confirmed,no,no,no,no,,version-link-v1.0-2026-07-26,layer=normalised-text-v1_provisional;pairs=near-dup-v1.0-2026-07-26;url=url-canon-v1.0-2026-07-27;syndication=syndication-v1.0-2026-07-26
NEWS-surreylive-363897b95052,SCC-2021-05,surreylive,no_version_candidates,,,2020-12-26,date_only_no_time,usable,,not_available_in_v1_layer,2026-07-23T11:39:27+00:00,2020-12-26T09:14:17+00:00,2020-12-26T09:14:17+00:00,confirmed_available_at,2020-12-26T09:14:17+00:00,2020-12-26,2020-12-26T09:14:17+00:00,yes_confirmed,no,no,no,no,no,,version-link-v1.0-2026-07-26,layer=normalised-text-v1_provisional;pairs=near-dup-v1.0-2026-07-26;url=url-canon-v1.0-2026-07-27;syndication=syndication-v1.0-2026-07-26
NEWS-surreylive-39affecd8be2,ESWS-2026-05,surreylive,no_version_candidates,,,2025-11-28,date_only_no_time,usable,,not_available_in_v1_layer,2026-07-23T11:12:47+00:00,2025-11-28T11:19:00+00:00,2025-11-28T11:19:00+00:00,confirmed_available_at,2025-11-28T11:19:00+00:00,2025-11-28,2025-11-28T11:19:00+00:00,yes_confirmed,no,no,no,no,no,,version-link-v1.0-2026-07-26,layer=normalised-text-v1_provisional;pairs=near-dup-v1.0-2026-07-26;url=url-canon-v1.0-2026-07-27;syndication=syndication-v1.0-2026-07-26
NEWS-surreylive-3ba3c873216d,SCC-2017-05,surreylive,no_version_candidates,,,2017-03-30,date_only_no_time,usable,,not_available_in_v1_layer,2026-07-23T11:35:22+00:00,2017-03-30T18:05:20+00:00,2017-03-30T18:05:20+00:00,confirmed_available_at,2017-03-30T18:05:20+00:00,2017-03-30,2017-03-30T18:05:20+00:00,yes_confirmed,yes_confirmed,no,no,no,no,,version-link-v1.0-2026-07-26,layer=normalised-text-v1_provisional;pairs=near-dup-v1.0-2026-07-26;url=url-canon-v1.0-2026-07-27;syndication=syndication-v1.0-2026-07-26
NEWS-surreylive-40aed1a13f2f,SCC-2021-05,surreylive,no_version_candidates,,,2021-03-22,date_only_no_time,usable,,not_available_in_v1_layer,2026-07-23T11:46:21+00:00,2021-03-22T19:20:28+00:00,2021-03-22T19:20:28+00:00,confirmed_available_at,2021-03-22T19:20:28+00:00,2021-03-22,2021-03-22T19:20:28+00:00,yes_confirmed,yes_confirmed,no,no,no,no,,version-link-v1.0-2026-07-26,layer=normalised-text-v1_provisional;pairs=near-dup-v1.0-2026-07-26;url=url-canon-v1.0-2026-07-27;syndication=syndication-v1.0-2026-07-26
NEWS-surreylive-4a0c5b29bbd0,SCC-2021-05,surreylive,no_version_candidates,,,2021-03-19,date_only_no_time,usable,,not_available_in_v1_layer,2026-07-23T11:46:47+00:00,2021-03-19T21:55:42+00:00,2021-03-19T21:55:42+00:00,confirmed_available_at,2021-03-19T21:55:42+00:00,2021-03-19,2021-03-19T21:55:42+00:00,yes_confirmed,yes_confirmed,no,no,no,no,,version-link-v1.0-2026-07-26,layer=normalised-text-v1_provisional;pairs=near-dup-v1.0-2026-07-26;url=url-canon-v1.0-2026-07-27;syndication=syndication-v1.0-2026-07-26
NEWS-surreylive-4d362b433d57,SCC-2017-05,surreylive,no_version_candidates,,,2017-04-29,date_only_no_time,usable,,not_available_in_v1_layer,2026-07-23T13:08:32+00:00,2017-04-29T12:57:12+00:00,2017-04-29T12:57:12+00:00,confirmed_available_at,2017-04-29T12:57:12+00:00,2017-04-29,2017-04-29T12:57:12+00:00,yes_confirmed,yes_confirmed,yes_confirmed,yes_confirmed,yes_confirmed,no,,version-link-v1.0-2026-07-26,layer=normalised-text-v1_provisional;pairs=near-dup-v1.0-2026-07-26;url=url-canon-v1.0-2026-07-27;syndication=syndication-v1.0-2026-07-26
NEWS-surreylive-4dd8ff0e6f7a,SCC-2021-05,surreylive,no_version_candidates,,,2021-05-05,date_only_no_time,usable,,not_available_in_v1_layer,2026-07-23T13:16:38+00:00,2021-05-05T10:20:42+00:00,2021-05-05T10:20:42+00:00,confirmed_available_at,2021-05-05T10:20:42+00:00,2021-05-05,2021-05-05T10:20:42+00:00,yes_confirmed,yes_confirmed,yes_confirmed,yes_confirmed,yes_confirmed,yes_confirmed,,version-link-v1.0-2026-07-26,layer=normalised-text-v1_provisional;pairs=near-dup-v1.0-2026-07-26;url=url-canon-v1.0-2026-07-27;syndication=syndication-v1.0-2026-07-26
NEWS-surreylive-5377e37e19b3,SCC-2017-05,surreylive,no_version_candidates,,,2017-02-17,date_only_no_time,usable,,not_available_in_v1_layer,2026-07-23T11:19:56+00:00,2017-02-17T10:11:33+00:00,2017-02-17T10:11:33+00:00,confirmed_available_at,2017-02-17T10:11:33+00:00,2017-02-17,2017-02-17T10:11:33+00:00,yes_confirmed,yes_confirmed,no,no,no,no,,version-link-v1.0-2026-07-26,layer=normalised-text-v1_provisional;pairs=near-dup-v1.0-2026-07-26;url=url-canon-v1.0-2026-07-27;syndication=syndication-v1.0-2026-07-26
NEWS-surreylive-5dd48b5e7d46,SCC-2017-05,surreylive,no_version_candidates,,,2017-04-27,date_only_no_time,usable,,not_available_in_v1_layer,2026-07-23T13:08:45+00:00,2017-05-04T15:02:30+00:00,2017-05-04T15:02:30+00:00,confirmed_available_at,2017-05-04T15:02:30+00:00,2017-04-27,2017-05-04T15:02:30+00:00,yes_confirmed,yes_confirmed,yes_confirmed,yes_confirmed,yes_confirmed,no,,version-link-v1.0-2026-07-26,layer=normalised-text-v1_provisional;pairs=near-dup-v1.0-2026-07-26;url=url-canon-v1.0-2026-07-27;syndication=syndication-v1.0-2026-07-26
NEWS-surreylive-635da7b45cf7,SCC-2021-05,surreylive,no_version_candidates,,,2021-03-24,date_only_no_time,usable,,not_available_in_v1_layer,2026-07-23T11:46:09+00:00,2021-03-24T10:36:31+00:00,2021-03-24T10:36:31+00:00,confirmed_available_at,2021-03-24T10:36:31+00:00,2021-03-24,2021-03-24T10:36:31+00:00,yes_confirmed,yes_confirmed,no,no,no,no,,version-link-v1.0-2026-07-26,layer=normalised-text-v1_provisional;pairs=near-dup-v1.0-2026-07-26;url=url-canon-v1.0-2026-07-27;syndication=syndication-v1.0-2026-07-26
NEWS-surreylive-65935ea5be4c,ESWS-2026-05,surreylive,no_version_candidates,,,2026-01-13,date_only_no_time,usable,,not_available_in_v1_layer,2026-07-23T00:51:24+00:00,2026-01-13T12:40:36+00:00,2026-01-13T12:40:36+00:00,confirmed_available_at,2026-01-13T12:40:36+00:00,2026-01-13,2026-01-13T12:40:36+00:00,yes_confirmed,no,no,no,no,no,,version-link-v1.0-2026-07-26,layer=normalised-text-v1_provisional;pairs=near-dup-v1.0-2026-07-26;url=url-canon-v1.0-2026-07-27;syndication=syndication-v1.0-2026-07-26
NEWS-surreylive-6eff5123960f,SCC-2017-05,surreylive,no_version_candidates,,,2017-04-25,date_only_no_time,usable,,not_available_in_v1_layer,2026-07-23T11:19:19+00:00,2017-04-25T19:15:43+00:00,2017-04-25T19:15:43+00:00,confirmed_available_at,2017-04-25T19:15:43+00:00,2017-04-25,2017-04-25T19:15:43+00:00,yes_confirmed,yes_confirmed,yes_confirmed,yes_confirmed,no,no,,version-link-v1.0-2026-07-26,layer=normalised-text-v1_provisional;pairs=near-dup-v1.0-2026-07-26;url=url-canon-v1.0-2026-07-27;syndication=syndication-v1.0-2026-07-26
NEWS-surreylive-70e1f2a713d6,SCC-2021-05,surreylive,no_version_candidates,,,2021-03-19,date_only_no_time,usable,,not_available_in_v1_layer,2026-07-23T11:47:00+00:00,2021-03-19T16:44:26+00:00,2021-03-19T16:44:26+00:00,confirmed_available_at,2021-03-19T16:44:26+00:00,2021-03-19,2021-03-19T16:44:26+00:00,yes_confirmed,yes_confirmed,no,no,no,no,,version-link-v1.0-2026-07-26,layer=normalised-text-v1_provisional;pairs=near-dup-v1.0-2026-07-26;url=url-canon-v1.0-2026-07-27;syndication=syndication-v1.0-2026-07-26
NEWS-surreylive-73f3e60cb4f6,SCC-2017-05,surreylive,in_version_family,VER-3759f85d9682,,2016-12-16,date_only_no_time,usable,,not_available_in_v1_layer,2026-07-23T11:17:43+00:00,2016-12-17T00:10:52+00:00,2016-12-17T00:10:52+00:00,confirmed_available_at,2016-12-17T00:10:52+00:00,2016-12-16,2016-12-17T00:10:52+00:00,yes_confirmed,no,no,no,no,no,,version-link-v1.0-2026-07-26,layer=normalised-text-v1_provisional;pairs=near-dup-v1.0-2026-07-26;url=url-canon-v1.0-2026-07-27;syndication=syndication-v1.0-2026-07-26
NEWS-surreylive-740cdbc61d50,SCC-2017-05,surreylive,no_version_candidates,,,2017-04-07,date_only_no_time,usable,,not_available_in_v1_layer,2026-07-23T11:35:09+00:00,2017-04-09T22:00:36+00:00,2017-04-09T22:00:36+00:00,confirmed_available_at,2017-04-09T22:00:36+00:00,2017-04-07,2017-04-09T22:00:36+00:00,yes_confirmed,yes_confirmed,yes_confirmed,no,no,no,,version-link-v1.0-2026-07-26,layer=normalised-text-v1_provisional;pairs=near-dup-v1.0-2026-07-26;url=url-canon-v1.0-2026-07-27;syndication=syndication-v1.0-2026-07-26
NEWS-surreylive-79ca9b8d86d9,ESWS-2026-05,surreylive,no_version_candidates,,,2026-02-26,date_only_no_time,usable,,not_available_in_v1_layer,2026-07-23T11:12:10+00:00,2026-02-26T13:52:54+00:00,2026-02-26T13:52:54+00:00,confirmed_available_at,2026-02-26T13:52:54+00:00,2026-02-26,2026-02-26T13:52:54+00:00,yes_confirmed,yes_confirmed,no,no,no,no,,version-link-v1.0-2026-07-26,layer=normalised-text-v1_provisional;pairs=near-dup-v1.0-2026-07-26;url=url-canon-v1.0-2026-07-27;syndication=syndication-v1.0-2026-07-26
NEWS-surreylive-7a29d15d8401,ESWS-2026-05,surreylive,no_version_candidates,,,2026-05-05,date_only_no_time,usable,,not_available_in_v1_layer,2026-07-22T21:13:26+00:00,2026-05-05T10:40:28+00:00,2026-05-05T10:40:28+00:00,confirmed_available_at,2026-05-05T10:40:28+00:00,2026-05-05,2026-05-05T10:40:28+00:00,yes_confirmed,yes_confirmed,yes_confirmed,yes_confirmed,yes_confirmed,yes_confirmed,,version-link-v1.0-2026-07-26,layer=normalised-text-v1_provisional;pairs=near-dup-v1.0-2026-07-26;url=url-canon-v1.0-2026-07-27;syndication=syndication-v1.0-2026-07-26
NEWS-surreylive-7a5d9378d086,SCC-2021-05,surreylive,no_version_candidates,,,2021-05-05,date_only_no_time,usable,,not_available_in_v1_layer,2026-07-23T13:16:26+00:00,2021-05-05T19:36:38+00:00,2021-05-05T19:36:38+00:00,confirmed_available_at,2021-05-05T19:36:38+00:00,2021-05-05,2021-05-05T19:36:38+00:00,yes_confirmed,yes_confirmed,yes_confirmed,yes_confirmed,yes_confirmed,yes_confirmed,,version-link-v1.0-2026-07-26,layer=normalised-text-v1_provisional;pairs=near-dup-v1.0-2026-07-26;url=url-canon-v1.0-2026-07-27;syndication=syndication-v1.0-2026-07-26
NEWS-surreylive-80c40c269d60,SCC-2021-05,surreylive,no_version_candidates,,,2021-03-21,date_only_no_time,usable,,not_available_in_v1_layer,2026-07-23T11:46:35+00:00,2021-03-21T15:16:40+00:00,2021-03-21T15:16:40+00:00,confirmed_available_at,2021-03-21T15:16:40+00:00,2021-03-21,2021-03-21T15:16:40+00:00,yes_confirmed,yes_confirmed,no,no,no,no,,version-link-v1.0-2026-07-26,layer=normalised-text-v1_provisional;pairs=near-dup-v1.0-2026-07-26;url=url-canon-v1.0-2026-07-27;syndication=syndication-v1.0-2026-07-26
NEWS-surreylive-881fffe231de,SCC-2017-05,surreylive,no_version_candidates,,,2017-04-01,date_only_no_time,usable,,not_available_in_v1_layer,2026-07-23T11:19:45+00:00,2017-04-01T19:04:19+00:00,2017-04-01T19:04:19+00:00,confirmed_available_at,2017-04-01T19:04:19+00:00,2017-04-01,2017-04-01T19:04:19+00:00,yes_confirmed,yes_confirmed,no,no,no,no,,version-link-v1.0-2026-07-26,layer=normalised-text-v1_provisional;pairs=near-dup-v1.0-2026-07-26;url=url-canon-v1.0-2026-07-27;syndication=syndication-v1.0-2026-07-26
NEWS-surreylive-8992d7a6d812,SCC-2021-05,surreylive,no_version_candidates,,,2021-05-04,date_only_no_time,usable,,not_available_in_v1_layer,2026-07-23T11:45:57+00:00,2021-05-04T09:41:53+00:00,2021-05-04T09:41:53+00:00,confirmed_available_at,2021-05-04T09:41:53+00:00,2021-05-04,2021-05-04T09:41:53+00:00,yes_confirmed,yes_confirmed,yes_confirmed,yes_confirmed,yes_confirmed,yes_confirmed,,version-link-v1.0-2026-07-26,layer=normalised-text-v1_provisional;pairs=near-dup-v1.0-2026-07-26;url=url-canon-v1.0-2026-07-27;syndication=syndication-v1.0-2026-07-26
NEWS-surreylive-938b4b38443f,ESWS-2026-05,surreylive,no_version_candidates,,,2026-02-24,date_only_no_time,usable,,not_available_in_v1_layer,2026-07-23T11:12:35+00:00,2026-02-24T18:50:51+00:00,2026-02-24T18:50:51+00:00,confirmed_available_at,2026-02-24T18:50:51+00:00,2026-02-24,2026-02-24T18:50:51+00:00,yes_confirmed,yes_confirmed,no,no,no,no,,version-link-v1.0-2026-07-26,layer=normalised-text-v1_provisional;pairs=near-dup-v1.0-2026-07-26;url=url-canon-v1.0-2026-07-27;syndication=syndication-v1.0-2026-07-26
NEWS-surreylive-947b8d167aa2,SCC-2021-05,surreylive,no_version_candidates,,,2021-04-28,date_only_no_time,usable,,not_available_in_v1_layer,2026-07-23T13:17:18+00:00,2021-04-28T11:33:32+00:00,2021-04-28T11:33:32+00:00,confirmed_available_at,2021-04-28T11:33:32+00:00,2021-04-28,2021-04-28T11:33:32+00:00,yes_confirmed,yes_confirmed,yes_confirmed,yes_confirmed,no,no,,version-link-v1.0-2026-07-26,layer=normalised-text-v1_provisional;pairs=near-dup-v1.0-2026-07-26;url=url-canon-v1.0-2026-07-27;syndication=syndication-v1.0-2026-07-26
NEWS-surreylive-9acba38b7713,SCC-2017-05,surreylive,no_version_candidates,,,2017-02-15,date_only_no_time,usable,,not_available_in_v1_layer,2026-07-23T11:17:17+00:00,2017-02-15T08:51:33+00:00,2017-02-15T08:51:33+00:00,confirmed_available_at,2017-02-15T08:51:33+00:00,2017-02-15,2017-02-15T08:51:33+00:00,yes_confirmed,yes_confirmed,no,no,no,no,,version-link-v1.0-2026-07-26,layer=normalised-text-v1_provisional;pairs=near-dup-v1.0-2026-07-26;url=url-canon-v1.0-2026-07-27;syndication=syndication-v1.0-2026-07-26
NEWS-surreylive-9f80db7dd6d3,ESWS-2026-05,surreylive,no_version_candidates,,,2026-04-16,date_only_no_time,usable,,not_available_in_v1_layer,2026-07-22T21:14:13+00:00,2026-04-17T05:55:42+00:00,2026-04-17T05:55:42+00:00,confirmed_available_at,2026-04-17T05:55:42+00:00,2026-04-16,2026-04-17T05:55:42+00:00,yes_confirmed,yes_confirmed,yes_confirmed,no,no,no,,version-link-v1.0-2026-07-26,layer=normalised-text-v1_provisional;pairs=near-dup-v1.0-2026-07-26;url=url-canon-v1.0-2026-07-27;syndication=syndication-v1.0-2026-07-26
NEWS-surreylive-a2280e59c566,SCC-2017-05,surreylive,no_version_candidates,,,2017-04-26,date_only_no_time,usable,,not_available_in_v1_layer,2026-07-23T13:09:26+00:00,2017-04-27T01:23:23+00:00,2017-04-27T01:23:23+00:00,confirmed_available_at,2017-04-27T01:23:23+00:00,2017-04-26,2017-04-27T01:23:23+00:00,yes_confirmed,yes_confirmed,yes_confirmed,yes_confirmed,no,no,,version-link-v1.0-2026-07-26,layer=normalised-text-v1_provisional;pairs=near-dup-v1.0-2026-07-26;url=url-canon-v1.0-2026-07-27;syndication=syndication-v1.0-2026-07-26
NEWS-surreylive-a6406ac817f8,ESWS-2026-05,surreylive,no_version_candidates,,,2026-04-14,date_only_no_time,usable,,not_available_in_v1_layer,2026-07-22T21:13:52+00:00,2026-04-15T01:56:38+00:00,2026-04-15T01:56:38+00:00,confirmed_available_at,2026-04-15T01:56:38+00:00,2026-04-14,2026-04-15T01:56:38+00:00,yes_confirmed,yes_confirmed,yes_confirmed,no,no,no,,version-link-v1.0-2026-07-26,layer=normalised-text-v1_provisional;pairs=near-dup-v1.0-2026-07-26;url=url-canon-v1.0-2026-07-27;syndication=syndication-v1.0-2026-07-26
NEWS-surreylive-a6c6c8234913,SCC-2017-05,surreylive,in_version_family,VER-7957030927d9,,2017-03-24,date_only_no_time,usable,,not_available_in_v1_layer,2026-07-23T11:33:10+00:00,2017-03-24T21:38:36+00:00,2017-03-24T21:38:36+00:00,confirmed_available_at,2017-03-24T21:38:36+00:00,2017-03-24,2017-03-24T21:38:36+00:00,yes_confirmed,yes_confirmed,no,no,no,no,,version-link-v1.0-2026-07-26,layer=normalised-text-v1_provisional;pairs=near-dup-v1.0-2026-07-26;url=url-canon-v1.0-2026-07-27;syndication=syndication-v1.0-2026-07-26
NEWS-surreylive-a7508a84b847,SCC-2017-05,surreylive,no_version_candidates,,,2017-03-10,date_only_no_time,usable,,not_available_in_v1_layer,2026-07-23T11:21:04+00:00,2017-03-10T08:54:18+00:00,2017-03-10T08:54:18+00:00,confirmed_available_at,2017-03-10T08:54:18+00:00,2017-03-10,2017-03-10T08:54:18+00:00,yes_confirmed,yes_confirmed,no,no,no,no,,version-link-v1.0-2026-07-26,layer=normalised-text-v1_provisional;pairs=near-dup-v1.0-2026-07-26;url=url-canon-v1.0-2026-07-27;syndication=syndication-v1.0-2026-07-26
NEWS-surreylive-b17b25e099ea,SCC-2017-05,surreylive,no_version_candidates,,,2017-04-28,date_only_no_time,usable,,not_available_in_v1_layer,2026-07-23T13:08:20+00:00,2017-05-01T02:30:37+00:00,2017-05-01T02:30:37+00:00,confirmed_available_at,2017-05-01T02:30:37+00:00,2017-04-28,2017-05-01T02:30:37+00:00,yes_confirmed,yes_confirmed,yes_confirmed,yes_confirmed,yes_confirmed,no,,version-link-v1.0-2026-07-26,layer=normalised-text-v1_provisional;pairs=near-dup-v1.0-2026-07-26;url=url-canon-v1.0-2026-07-27;syndication=syndication-v1.0-2026-07-26
NEWS-surreylive-b1eaf77d795f,SCC-2017-05,surreylive,no_version_candidates,,,2017-04-28,date_only_no_time,usable,,not_available_in_v1_layer,2026-07-23T13:08:58+00:00,2017-04-28T08:58:24+00:00,2017-04-28T08:58:24+00:00,confirmed_available_at,2017-04-28T08:58:24+00:00,2017-04-28,2017-04-28T08:58:24+00:00,yes_confirmed,yes_confirmed,yes_confirmed,yes_confirmed,yes_confirmed,no,,version-link-v1.0-2026-07-26,layer=normalised-text-v1_provisional;pairs=near-dup-v1.0-2026-07-26;url=url-canon-v1.0-2026-07-27;syndication=syndication-v1.0-2026-07-26
NEWS-surreylive-b1f737e52256,SCC-2017-05,surreylive,in_version_family,VER-3759f85d9682,,2016-12-16,date_only_no_time,usable,,not_available_in_v1_layer,2026-07-23T11:18:06+00:00,2017-02-10T21:22:11+00:00,2017-02-10T21:22:11+00:00,confirmed_available_at,2017-02-10T21:22:11+00:00,2016-12-16,2017-02-10T21:22:11+00:00,yes_confirmed,no,no,no,no,no,,version-link-v1.0-2026-07-26,layer=normalised-text-v1_provisional;pairs=near-dup-v1.0-2026-07-26;url=url-canon-v1.0-2026-07-27;syndication=syndication-v1.0-2026-07-26
NEWS-surreylive-b6967f5376d3,SCC-2017-05,surreylive,no_version_candidates,,,2017-04-02,date_only_no_time,usable,,not_available_in_v1_layer,2026-07-23T11:19:31+00:00,2017-04-02T14:39:39+00:00,2017-04-02T14:39:39+00:00,confirmed_available_at,2017-04-02T14:39:39+00:00,2017-04-02,2017-04-02T14:39:39+00:00,yes_confirmed,yes_confirmed,no,no,no,no,,version-link-v1.0-2026-07-26,layer=normalised-text-v1_provisional;pairs=near-dup-v1.0-2026-07-26;url=url-canon-v1.0-2026-07-27;syndication=syndication-v1.0-2026-07-26
NEWS-surreylive-b75c6e16094e,SCC-2021-05,surreylive,no_version_candidates,,,2021-01-09,date_only_no_time,usable,,not_available_in_v1_layer,2026-07-23T11:59:41+00:00,2021-01-09T17:50:26+00:00,2021-01-09T17:50:26+00:00,confirmed_available_at,2021-01-09T17:50:26+00:00,2021-01-09,2021-01-09T17:50:26+00:00,yes_confirmed,no,no,no,no,no,,version-link-v1.0-2026-07-26,layer=normalised-text-v1_provisional;pairs=near-dup-v1.0-2026-07-26;url=url-canon-v1.0-2026-07-27;syndication=syndication-v1.0-2026-07-26
NEWS-surreylive-bac443acaaa5,SCC-2017-05,surreylive,in_version_family,VER-195e166c964d,,2017-03-21,date_only_no_time,usable,,not_available_in_v1_layer,2026-07-23T11:37:03+00:00,2017-03-21T21:46:27+00:00,2017-03-21T21:46:27+00:00,confirmed_available_at,2017-03-21T21:46:27+00:00,2017-03-21,2017-03-21T21:46:27+00:00,yes_confirmed,yes_confirmed,no,no,no,no,,version-link-v1.0-2026-07-26,layer=normalised-text-v1_provisional;pairs=near-dup-v1.0-2026-07-26;url=url-canon-v1.0-2026-07-27;syndication=syndication-v1.0-2026-07-26
NEWS-surreylive-c2e8248a07db,SCC-2017-05,surreylive,no_version_candidates,,,2016-12-11,date_only_no_time,usable,,not_available_in_v1_layer,2026-07-23T11:17:55+00:00,2016-12-11T21:32:44+00:00,2016-12-11T21:32:44+00:00,confirmed_available_at,2016-12-11T21:32:44+00:00,2016-12-11,2016-12-11T21:32:44+00:00,yes_confirmed,no,no,no,no,no,,version-link-v1.0-2026-07-26,layer=normalised-text-v1_provisional;pairs=near-dup-v1.0-2026-07-26;url=url-canon-v1.0-2026-07-27;syndication=syndication-v1.0-2026-07-26
NEWS-surreylive-ca033efc5b75,ESWS-2026-05,surreylive,no_version_candidates,,,2026-03-12,date_only_no_time,usable,,not_available_in_v1_layer,2026-07-23T11:11:43+00:00,2026-03-12T19:06:25+00:00,2026-03-12T19:06:25+00:00,confirmed_available_at,2026-03-12T19:06:25+00:00,2026-03-12,2026-03-12T19:06:25+00:00,yes_confirmed,yes_confirmed,no,no,no,no,,version-link-v1.0-2026-07-26,layer=normalised-text-v1_provisional;pairs=near-dup-v1.0-2026-07-26;url=url-canon-v1.0-2026-07-27;syndication=syndication-v1.0-2026-07-26
NEWS-surreylive-d05e30e901e5,SCC-2017-05,surreylive,no_version_candidates,,,2017-04-25,date_only_no_time,usable,,not_available_in_v1_layer,2026-07-23T11:19:07+00:00,2017-04-25T23:43:11+00:00,2017-04-25T23:43:11+00:00,confirmed_available_at,2017-04-25T23:43:11+00:00,2017-04-25,2017-04-25T23:43:11+00:00,yes_confirmed,yes_confirmed,yes_confirmed,yes_confirmed,no,no,,version-link-v1.0-2026-07-26,layer=normalised-text-v1_provisional;pairs=near-dup-v1.0-2026-07-26;url=url-canon-v1.0-2026-07-27;syndication=syndication-v1.0-2026-07-26
NEWS-surreylive-d11dfe8a4c58,SCC-2017-05,surreylive,no_version_candidates,,,2017-04-26,date_only_no_time,usable,,not_available_in_v1_layer,2026-07-23T13:09:11+00:00,2017-04-26T14:23:45+00:00,2017-04-26T14:23:45+00:00,confirmed_available_at,2017-04-26T14:23:45+00:00,2017-04-26,2017-04-26T14:23:45+00:00,yes_confirmed,yes_confirmed,yes_confirmed,yes_confirmed,no,no,,version-link-v1.0-2026-07-26,layer=normalised-text-v1_provisional;pairs=near-dup-v1.0-2026-07-26;url=url-canon-v1.0-2026-07-27;syndication=syndication-v1.0-2026-07-26
NEWS-surreylive-e724583d3c91,SCC-2017-05,surreylive,no_version_candidates,,,2016-12-16,date_only_no_time,usable,,not_available_in_v1_layer,2026-07-23T11:21:16+00:00,2016-12-16T21:12:19+00:00,2016-12-16T21:12:19+00:00,confirmed_available_at,2016-12-16T21:12:19+00:00,2016-12-16,2016-12-16T21:12:19+00:00,yes_confirmed,no,no,no,no,no,,version-link-v1.0-2026-07-26,layer=normalised-text-v1_provisional;pairs=near-dup-v1.0-2026-07-26;url=url-canon-v1.0-2026-07-27;syndication=syndication-v1.0-2026-07-26
NEWS-surreylive-e94d8358f003,SCC-2017-05,surreylive,no_version_candidates,,,2017-03-28,date_only_no_time,usable,,not_available_in_v1_layer,2026-07-23T11:32:58+00:00,2017-03-28T22:25:38+00:00,2017-03-28T22:25:38+00:00,confirmed_available_at,2017-03-28T22:25:38+00:00,2017-03-28,2017-03-28T22:25:38+00:00,yes_confirmed,yes_confirmed,no,no,no,no,,version-link-v1.0-2026-07-26,layer=normalised-text-v1_provisional;pairs=near-dup-v1.0-2026-07-26;url=url-canon-v1.0-2026-07-27;syndication=syndication-v1.0-2026-07-26
NEWS-surreylive-eeea7bca3fc7,ESWS-2026-05,surreylive,no_version_candidates,,,2026-05-05,date_only_no_time,usable,,not_available_in_v1_layer,2026-07-22T21:13:41+00:00,2026-05-05T10:28:34+00:00,2026-05-05T10:28:34+00:00,confirmed_available_at,2026-05-05T10:28:34+00:00,2026-05-05,2026-05-05T10:28:34+00:00,yes_confirmed,yes_confirmed,yes_confirmed,yes_confirmed,yes_confirmed,yes_confirmed,,version-link-v1.0-2026-07-26,layer=normalised-text-v1_provisional;pairs=near-dup-v1.0-2026-07-26;url=url-canon-v1.0-2026-07-27;syndication=syndication-v1.0-2026-07-26
NEWS-surreylive-f97da7ded240,SCC-2017-05,surreylive,no_version_candidates,,,2017-02-03,date_only_no_time,usable,,not_available_in_v1_layer,2026-07-23T11:35:47+00:00,2017-02-03T12:29:42+00:00,2017-02-03T12:29:42+00:00,confirmed_available_at,2017-02-03T12:29:42+00:00,2017-02-03,2017-02-03T12:29:42+00:00,yes_confirmed,yes_confirmed,no,no,no,no,,version-link-v1.0-2026-07-26,layer=normalised-text-v1_provisional;pairs=near-dup-v1.0-2026-07-26;url=url-canon-v1.0-2026-07-27;syndication=syndication-v1.0-2026-07-26
NEWS-surreylive-fb11d4a7d847,SCC-2017-05,surreylive,no_version_candidates,,,2017-04-19,date_only_no_time,usable,,not_available_in_v1_layer,2026-07-23T13:09:51+00:00,2017-04-20T07:32:48+00:00,2017-04-20T07:32:48+00:00,confirmed_available_at,2017-04-20T07:32:48+00:00,2017-04-19,2017-04-20T07:32:48+00:00,yes_confirmed,yes_confirmed,yes_confirmed,no,no,no,,version-link-v1.0-2026-07-26,layer=normalised-text-v1_provisional;pairs=near-dup-v1.0-2026-07-26;url=url-canon-v1.0-2026-07-27;syndication=syndication-v1.0-2026-07-26
NEWS-surreylive-fd4a7b389d0c,ESWS-2026-05,surreylive,no_version_candidates,,,2026-03-04,date_only_no_time,usable,,not_available_in_v1_layer,2026-07-23T11:11:56+00:00,2026-03-04T12:36:51+00:00,2026-03-04T12:36:51+00:00,confirmed_available_at,2026-03-04T12:36:51+00:00,2026-03-04,2026-03-04T12:36:51+00:00,yes_confirmed,yes_confirmed,no,no,no,no,,version-link-v1.0-2026-07-26,layer=normalised-text-v1_provisional;pairs=near-dup-v1.0-2026-07-26;url=url-canon-v1.0-2026-07-27;syndication=syndication-v1.0-2026-07-26
