article_id,election_id,source_id,arm,sample_stratum,review_round,deterministic_status,deterministic_note,needs_reform_disambiguation,e4_decision,e5_decision,e6_decision,e8_decision,e4_reason_code,e5_reason_code,e6_reason_code,e8_reason_code,e4_supporting_text,e5_supporting_text,e6_supporting_text,e8_supporting_text,e4_confidence,e5_confidence,e6_confidence,e8_confidence,reviewer_id,original_manual_decision,original_review_timestamp,second_review_required,final_reviewed_decision,correction_reason,final_review_timestamp,reviewer_note,headline,effective_date,day_index_from_polling_day,e4_suggested_hint,article_text_excerpt,article_text_path
NEWS-bbc_surrey-11115058393e,SCC-2021-05,bbc_surrey,local,SCC-2021-05:local,full_corpus,pending_human_review,"Clears every mechanically-checkable rule. Still requires the human pass for E4 (result leakage), the L/N relevance test (E5), E6 (Reform disambiguation, if applicable) and E8 (genuine editorial content) before it can count as eligible.",,,include,not_applicable,,,E5-L1-PLACE,E6-NOT-REFORM-FLAGGED,,,"Ambulance teams were called when some of the children, aged 12 and 13, started vomiting and falling in and out of consciousness in Epsom on Saturday.",,,,medium,,,,,,,,,,,'Cannabis' sweets leave four children in hospital in Surrey,2021-05-02,4,read carefully (4 days before polling day - close enough that a dating error could plausibly let leakage through; do not default to E4-CLEAR here),"Officers have asked parents to warn their children about the dangers
Four children were taken to hospital after they ate sweets thought to contain cannabis.
Ambulance teams were called when some of the children, aged 12 and 13, started vomiting and falling in and out of consciousness in Epsom on Saturday.
Two medical students nearby assisted in the early stages, police said.
Surrey Police said said it did not have a clear description of the sweets but they were reported as green jelly circles called ""jelly apple rings"".
Officers have asked parents to warn their children about the dangers.
Police said on Sunday the youngsters had not suffered long-term ill-effects with one child being discharged on Saturday and the others expected to be released later.
Emergency services were called to a parade of shops in Pound Lane at about 14:15 BST on Saturday after a boy and girl, both aged 12, and another boy, 13, suffered a violent reaction.
Officers said there was a suggestion the sweets may have been supplied to the children at the nearby Court Recreation Ground.
A fourth child, a 12-year-old boy, who was also thought to have eaten the sweets, was taken to hospital by his family as a precaution, police said.
Det Sgt Lee Marks said: ""We are, of course, trying to understand what these sweets are, where they came from and what they contain.
""These types of products, which may be marketed as 'cannabis infused' or 'THC infused' are illegal, and therefore unregulated, in the UK.
""They can a... [truncated, 1722 chars total - full text at data/raw/news/text/NEWS-bbc_surrey-11115058393e.txt]",data/raw/news/text/NEWS-bbc_surrey-11115058393e.txt
NEWS-bbc_surrey-2bc45058b1df,SCC-2013-05,bbc_surrey,local,SCC-2013-05:local,full_corpus,pending_human_review,"Clears every mechanically-checkable rule. Still requires the human pass for E4 (result leakage), the L/N relevance test (E5), E6 (Reform disambiguation, if applicable) and E8 (genuine editorial content) before it can count as eligible.",,,include,not_applicable,,,E5-L1-PLACE,E6-NOT-REFORM-FLAGGED,,,"The woman was hit on the head with an unknown item by the men who approached her in Long Lane in Stanwell, Surrey, at 22:10 BST on Wednesday.",,,,medium,,,,,,,,,,,Stanwell robbery attempt sees woman hit on head,2013-04-26,6,read carefully (6 days before polling day - close enough that a dating error could plausibly let leakage through; do not default to E4-CLEAR here),"A woman in her 40s was left with head and neck injuries after being attacked by two men who tried to grab her bag.
The woman was hit on the head with an unknown item by the men who approached her in Long Lane in Stanwell, Surrey, at 22:10 BST on Wednesday.
Surrey Police said she managed to get away and call the emergency services and was taken by ambulance to St Peter's Hospital at Chertsey.
She was treated for minor injuries. Police are appealing for witnesses.
""This was a very upsetting and frightening experience for the woman involved,"" said Det Con Claire Langdon.
""We are trying to build up detailed suspect descriptions and a picture of the men's movements prior to and after this offence.""
One of the men, who was white and in his 30s, is described as slim with spots or scars around his mouth and stubble.
He was wearing a dark hooded top with a light one underneath and dark jogging bottoms with blue jeans underneath.",data/raw/news/text/NEWS-bbc_surrey-2bc45058b1df.txt
NEWS-bbc_surrey-37e92d1768ea,SCC-2017-05,bbc_surrey,local,SCC-2017-05:local,full_corpus,pending_human_review,"Clears every mechanically-checkable rule. Still requires the human pass for E4 (result leakage), the L/N relevance test (E5), E6 (Reform disambiguation, if applicable) and E8 (genuine editorial content) before it can count as eligible.",,,needs_second_review,not_applicable,,,E5-BORDERLINE-PLACE-MENTION,E6-NOT-REFORM-FLAGGED,,,"The boy's mother, who is 23 and from Surrey, told the hearing she was worried about the lifestyles of her son's new family and wanted to have him living back with her.",,,,,,,,,,,,,,,Surrey mother battles 'drug-dealer family' for son's custody,2017-04-27,7,read carefully (7 days before polling day - close enough that a dating error could plausibly let leakage through; do not default to E4-CLEAR here),"A High Court judge said he feared the boy may be at risk of ingesting drugs and becoming involved with ""bad people""
A judge has ordered an investigation into whether a six-year-old living with the family of convicted drug dealers should be returned to his mother.
His mother agreed for relatives of her ex-boyfriend to become her son's guardians when she gave birth aged 17.
The man who the boy now looks on as his father is currently serving a lengthy prison sentence for drugs trafficking, the High Court heard.
Two of the man's sons have also been jailed for drug dealing.
The boy's mother, who is 23 and from Surrey, told the hearing she was worried about the lifestyles of her son's new family and wanted to have him living back with her.
She began her legal fight in 2013 and has represented herself at a series of family court hearings because she cannot afford lawyers and is not eligible for legal aid.
On Wednesday Mr Justice Jackson ordered a new investigation into the boy's circumstances.
He said a family court judge must oversee a new trial and said ""hard questions"" had to be asked to find out whether the boy was being harmed.
Speaking outside the court, the boy's mother said: ""He's living with drug dealers. That just can't be right.
""I agreed to him living with this family after he was born. I was 16 when I got pregnant and 17 when I gave birth.
""I've grown up since then. I can look after him now and I want him back,"" she said.",data/raw/news/text/NEWS-bbc_surrey-37e92d1768ea.txt
NEWS-bbc_surrey-43a7dda47522,SCC-2021-05,bbc_surrey,local,SCC-2021-05:local,full_corpus,pending_human_review,"Clears every mechanically-checkable rule. Still requires the human pass for E4 (result leakage), the L/N relevance test (E5), E6 (Reform disambiguation, if applicable) and E8 (genuine editorial content) before it can count as eligible.",,,needs_second_review,not_applicable,,,E5-BORDERLINE-PLACE-MENTION,E6-NOT-REFORM-FLAGGED,,,"Josh Garman, 22, from Milford near Guildford, is planning on cycling the coast of Great Britain starting in Berwick-upon-Tweed.",,,,,,,,,,,,,,,"Surrey cyclist's 5,000-mile challenge inspired by barefoot walk",2021-04-18,18,"likely E4-CLEAR (18 days before polling day - a genuine result leak would require the DATE itself being wrong, not just a careless read; still confirm by skimming for any reference to a declared result)","Josh Garman will be towing his self-made camper around the British coastline
A man is taking on a 5,000-mile (8,000km) cycle challenge after being inspired by a father's barefoot walk.
Josh Garman, 22, from Milford near Guildford, is planning on cycling the coast of Great Britain starting in Berwick-upon-Tweed.
He will be pulling a self-made camper weighing about eight stone (50kg) which he will be sleeping in throughout.
Mr Garman said he was inspired by Maj Chris Brannigan's 700-mile (1,126km) walk in aid of his daughter's charity.
The Hope for Hasti charity is named after Maj Brannigan's eight-year-old daughter who has the rare genetic condition Cornelia de Lange Syndrome (CdLS).
Mr Garman said his aim was to raise Â£50,000 for the charity which funds research and provides treatment for those with CdLS and other rare genetic conditions.
Mr Garman described himself as an ""amateur bikepacker""
Maj Brannigan, based at Tidworth Barracks in Wiltshire, arrived at Edinburgh Castle on 12 August having started his shoeless challenge at Land's End on 6 July.
Mr Garman said he had watched one of Maj Brannigan's videos, in which his feet were ""torn to pieces"".
Maj Brannigan did his barefoot walk to raise money for the charity set up in his daughter Hasti's name
He said: ""I am young, and with the potential to follow in Chris' footsteps, have vowed to do whatever I can to help this charity and the many children with rare diseases that are so often overlooked.
""The idea of a child like Ha... [truncated, 3544 chars total - full text at data/raw/news/text/NEWS-bbc_surrey-43a7dda47522.txt]",data/raw/news/text/NEWS-bbc_surrey-43a7dda47522.txt
NEWS-bbc_surrey-4739f8ec453a,SCC-2013-05,bbc_surrey,local,SCC-2013-05:local,full_corpus,pending_human_review,"Clears every mechanically-checkable rule. Still requires the human pass for E4 (result leakage), the L/N relevance test (E5), E6 (Reform disambiguation, if applicable) and E8 (genuine editorial content) before it can count as eligible.",,,include,not_applicable,,,E5-L1-PLACE,E6-NOT-REFORM-FLAGGED,,,"Saad al-Hilli and his wife Iqbal from Claygate, Surrey, her mother Suhaila al-Allaf and French cyclist Sylvain Mollier were shot on 5 September.",,,,medium,,,,,,,,,,,French Alps shooting: UK vehicle appeal,2013-04-29,3,read carefully (3 days before polling day - close enough that a dating error could plausibly let leakage through; do not default to E4-CLEAR here),"Saad al-Hilli and three other people died in the shooting
An appeal to help trace a UK-registered vehicle seen near the spot where four people were murdered in the French Alps has been issued by Surrey Police.
Saad al-Hilli and his wife Iqbal from Claygate, Surrey, her mother Suhaila al-Allaf and French cyclist Sylvain Mollier were shot on 5 September.
The al-Hilli's daughters Zeinab and Zeena survived.
Police want to speak to the owner of a right-hand drive 4x4, possibly a grey or black BMW X5.
A Surrey Police spokeswoman said there was a ""strong possibility"" it was a British-registered vehicle.
The 4x4 was being driven on the Combre d'Ire Road in Chevaline, near Annecy, about 20 minutes before the shooting, the force said.
Surrey Police said the Surrey and Sussex Major Crime Team had been working closely with the French authorities on ""a number of lines of inquiry"" in the UK.
The appeal to trace the vehicle was broadcast on the BBC One's Crimewatch programme earlier.
The family were on a camping holiday on the shores of Lake Annecy when they were attacked.
Nobody has been held responsible for the deaths.
Det Sup Nick May said: ""Were you on holiday in the French Alps at the time? Did you visit the Annecy area?
""I am particularly keen to speak to any owner of such a vehicle who visited the towns of Doussard or Chevaline on the afternoon of 5 September as they may be able to provide vital information to assist with this ongoing joint investigation.
""This location is very popul... [truncated, 1875 chars total - full text at data/raw/news/text/NEWS-bbc_surrey-4739f8ec453a.txt]",data/raw/news/text/NEWS-bbc_surrey-4739f8ec453a.txt
NEWS-bbc_surrey-6ed4c884196b,SCC-2021-05,bbc_surrey,local,SCC-2021-05:local,full_corpus,pending_human_review,"Clears every mechanically-checkable rule. Still requires the human pass for E4 (result leakage), the L/N relevance test (E5), E6 (Reform disambiguation, if applicable) and E8 (genuine editorial content) before it can count as eligible.",,,include,not_applicable,,,E5-L1-PLACE,E6-NOT-REFORM-FLAGGED,,,"Mr Tester, known locally as Tik, was reportedly hit by a car behind Marks & Spencer in Church Street, in Walton-on-Thames, Surrey.",,,,medium,,,,,,,,,,,Walton-on-Thames: Matthew Tester named as victim in car park fight death,2021-04-23,13,"likely E4-CLEAR (13 days before polling day - a genuine result leak would require the DATE itself being wrong, not just a careless read; still confirm by skimming for any reference to a declared result)","A cordon was put in place and the car park closed
A man killed after reports of a fight in a supermarket car park has been named as 49-year-old Matthew Tester.
Mr Tester, known locally as Tik, was reportedly hit by a car behind Marks & Spencer in Church Street, in Walton-on-Thames, Surrey.
Police were called at 14:15 BST on Thursday, where a second man was found with serious injuries.
A 26-year-old male was arrested on suspicion of murder and attempted murder.
The second victim, who in his 40s, is being treated in hospital. His injuries are serious but not life-threatening.
A man in his 40s died at the scene and a second person was flown to hospital
Police have said they are not looking for anyone else in connection with the attack, but are appealing for witnesses.
Det Ch Insp Dave Springett said the force was ""working hard to build up a picture of events"".
He added: ""It appears an altercation has taken place, leading to a physical confrontation, which then resulted in one of the group getting into his car and driving at two of the other men.
""A local man has sadly lost his life and our thoughts are very much with his family who are being supported by specialist officers at this difficult time.""
A white BMW, suspected of being the vehicle involved, was found in Temple Field Close, Addlestone, after the incident, and has been recovered by police.
A man in his 40s died at the scene and a second was flown to hospital
Sgt Pat Bauer from Elmbridge's neighbourhood team, said it is ... [truncated, 1992 chars total - full text at data/raw/news/text/NEWS-bbc_surrey-6ed4c884196b.txt]",data/raw/news/text/NEWS-bbc_surrey-6ed4c884196b.txt
NEWS-bbc_surrey-79d8baad386b,SCC-2021-05,bbc_surrey,local,SCC-2021-05:local,full_corpus,pending_human_review,"Clears every mechanically-checkable rule. Still requires the human pass for E4 (result leakage), the L/N relevance test (E5), E6 (Reform disambiguation, if applicable) and E8 (genuine editorial content) before it can count as eligible.",,,include,not_applicable,,,E5-L1-PLACE,E6-NOT-REFORM-FLAGGED,,,"Princess Elizabeth and the Duke, seen here with a young Prince Charles, lived at Windlesham Moor in Surrey in the 1940s, before the Queen acceded to the throne
A leading environmental charity has paid tribute to the Duke of Edinburgh, who has died at the age of 99.",,,,medium,,,,,,,,,,,Surrey tributes paid to 'tireless champion' Prince Philip,2021-04-09,27,"likely E4-CLEAR (27 days before polling day - a genuine result leak would require the DATE itself being wrong, not just a careless read; still confirm by skimming for any reference to a declared result)","Princess Elizabeth and the Duke, seen here with a young Prince Charles, lived at Windlesham Moor in Surrey in the 1940s, before the Queen acceded to the throne
A leading environmental charity has paid tribute to the Duke of Edinburgh, who has died at the age of 99.
Prince Philip was the first president of Surrey-based WWF UK, from its establishment in 1961 through to 1982, and was president emeritus of WWF International at the time of his death.
Surrey's MPs and community leaders have paid their respects.
WWF International president Pavan Sukhdev said he was a ""tireless champion"" for the environmental cause.
The charity said the duke had been a ""passionate voice, advocate and champion"" for its work, and in 1970 had given his name to the Duke of Edinburgh Conservation Award.
""His Royal Highness helped chart the course of WWF from its very beginning,"" Mr Sukhdev said.
MPs from across Surrey including Jeremy Hunt, Chris Grayling, Kwasi Kwarteng, Claire Coutinho and Ben Spencer have spoken of their gratitude for his service.
The Duke of Edinburgh opened the Brighton's i360 tower in 2016
Mr Grayling said that as Lord Chancellor and Lord President of the Council he had been privileged to spend time with the Queen and Duke of Edinburgh.
He remembered the duke as ""an extraordinary man, a devoted servant to this country and a vital support to Her Majesty"".
The MP said: ""He was always entertaining company and had a sharp wit and a great sense of humour. His passing is an enormous loss ... [truncated, 3333 chars total - full text at data/raw/news/text/NEWS-bbc_surrey-79d8baad386b.txt]",data/raw/news/text/NEWS-bbc_surrey-79d8baad386b.txt
NEWS-bbc_surrey-7cfe84512895,SCC-2017-05,bbc_surrey,local,SCC-2017-05:local,full_corpus,pending_human_review,"Clears every mechanically-checkable rule. Still requires the human pass for E4 (result leakage), the L/N relevance test (E5), E6 (Reform disambiguation, if applicable) and E8 (genuine editorial content) before it can count as eligible.",,,include,not_applicable,,,E5-L1-PLACE,E6-NOT-REFORM-FLAGGED,,,A separate investigation about complaints made by Mrs Banner is looking at her contact with family liaison officers and her subsequent arrest after her mother and sister were shot at Lowe's Farnham home.,,,,medium,,,,,,,,,,,Surrey puppy farm shootings: 'Deep concern' over police staff,2017-04-25,9,read carefully (9 days before polling day - close enough that a dating error could plausibly let leakage through; do not default to E4-CLEAR here),"IPCC associate commissioner Tom Milsom says there are ""lessons to be learned nationally"" about firearms licensing
Three police officers and two staff have ""cases to answer"" after the shootings of a mother and daughter at a puppy farm in 2014, inquiries found.
Two Surrey Police staff were rebuked for returning shotguns to John Lowe, who later murdered Christine and Lucy Lee .
Three officers were criticised over the arrest of Ms Lee's other daughter Stacy Banner after the deaths, said the IPCC.
Surrey Police has sacked a staff member and is considering the other findings.
Stacy Banner criticised Surrey Police's decision to return the firearms, following Lowe's conviction
A separate investigation about complaints made by Mrs Banner is looking at her contact with family liaison officers and her subsequent arrest after her mother and sister were shot at Lowe's Farnham home.
An IPCC investigator's opinion was that a detective constable and a detective sergeant had cases to answer for misconduct, and a detective inspector had a case to answer for gross misconduct, which related to authorisation of Mrs Banner's continued detention and her further arrest.
Mrs Banner said: ""These reports show that I was right all along about my concerns about Surrey police's failings.
""It is devastating to see your worst fears confirmed in black and white about how those entrusted with the public safety can abuse and neglect their powers.""
During Lowe's trial, the jury was told he carried out the shoot... [truncated, 4748 chars total - full text at data/raw/news/text/NEWS-bbc_surrey-7cfe84512895.txt]",data/raw/news/text/NEWS-bbc_surrey-7cfe84512895.txt
NEWS-bbc_surrey-862693728212,SCC-2017-05,bbc_surrey,local,SCC-2017-05:local,full_corpus,pending_human_review,"Clears every mechanically-checkable rule. Still requires the human pass for E4 (result leakage), the L/N relevance test (E5), E6 (Reform disambiguation, if applicable) and E8 (genuine editorial content) before it can count as eligible.",,,exclude,not_applicable,,,E5-NO-L-OR-N-RULE-MET,E6-NOT-REFORM-FLAGGED,,,"Billy Monger was injured during the Formula 4 British Championship at Donington Park in Leicestershire
A 17-year-old Formula 4 driver who had to have both his legs amputated after a crash will definitely race again, his family says.",,,,medium,,,,,,,,,,,Billy Monger: Amputee Formula 4 driver 'will race again',2017-04-29,5,read carefully (5 days before polling day - close enough that a dating error could plausibly let leakage through; do not default to E4-CLEAR here),"Billy Monger was injured during the Formula 4 British Championship at Donington Park in Leicestershire
A 17-year-old Formula 4 driver who had to have both his legs amputated after a crash will definitely race again, his family says.
Billy Monger, from Charlwood in Surrey, hit the back of another car at Donington Park on 16 April.
His cousin Mark Sumpter, who is also a racing car driver, said he ""definitely wants to get back behind the wheel"".
""He's got a steering wheel in his bed at the moment. He's trying to work out how he's going to use a hand clutch.""
Mr Sumpter said Billy was ""doing really well, and has been massively lifted"" by all the messages of support.
More than Â£775,000 has been raised online to fund the care, treatments and therapies he will need.
McLaren and other F1 teams are showing their support for Billy
Formula 1 teams and drivers are showing their support at this weekend's Russian Grand Prix with #BillyWhizz stickers on their cars and helmets.
On Friday, the three-times world champion Lewis Hamilton spoke about how he had been ""affected"" by the crash.
""It really hit home,"" said Hamilton . ""Just to see a kid, I've been there, been in that position of racing.
""He was doing well fighting to get to Formula One and then such a horrific incident.""
Hamilton said he was dedicating ""this race weekend to Billy"".
British Formula 4 driver injured in crash",data/raw/news/text/NEWS-bbc_surrey-862693728212.txt
NEWS-bbc_surrey-8cf8f699dc50,SCC-2021-05,bbc_surrey,local,SCC-2021-05:local,full_corpus,pending_human_review,"Clears every mechanically-checkable rule. Still requires the human pass for E4 (result leakage), the L/N relevance test (E5), E6 (Reform disambiguation, if applicable) and E8 (genuine editorial content) before it can count as eligible.",,,include,not_applicable,,,E5-L1-PLACE,E6-NOT-REFORM-FLAGGED,,,"Police were called to Church Street in Walton-on-Thames, Surrey, at about 14:15 BST following reports of a fight between a group of men.",,,,medium,,,,,,,,,,,Walton-on-Thames murder probe after man killed in car park fight,2021-04-22,14,"likely E4-CLEAR (14 days before polling day - a genuine result leak would require the DATE itself being wrong, not just a careless read; still confirm by skimming for any reference to a declared result)","A man in his 40s died at the scene and a second was flown to hospital
A man has died and another has been seriously hurt after a car was driven into them in a supermarket car park.
Police were called to Church Street in Walton-on-Thames, Surrey, at about 14:15 BST following reports of a fight between a group of men.
One of the men got into his car and is reported to have driven at two people.
A man in his 40s died at the scene and a second was flown to hospital. The owner of the car, a BMW 1 Series, has been arrested on suspicion of murder.
He is also being held on suspicion of attempted murder.
A cordon was put in place behind Marks and Spencer and the car park was closed.
A cordon is in place behind Marks and Spencer and the car park is closed
Police said the dead man's family had been informed and the man who was airlifted to hospital is expected to recover.
Det Ch Insp Dave Springett said: ""We understand that a serious incident like this has caused a lot of concern in the local community and we would like to reassure residents that we are doing everything we can to establish what has happened.
""From our initial inquiries, it appears that an altercation has taken place, leading to a physical confrontation, which then resulted in one of the group getting into his car and driving at two of the other men.
""Tragically, this has resulted in the death of one man and left another seriously injured and our thoughts are with their family and friends at this extremely difficult time... [truncated, 1607 chars total - full text at data/raw/news/text/NEWS-bbc_surrey-8cf8f699dc50.txt]",data/raw/news/text/NEWS-bbc_surrey-8cf8f699dc50.txt
NEWS-bbc_surrey-9322d4431ec0,SCC-2013-05,bbc_surrey,local,SCC-2013-05:local,full_corpus,pending_human_review,"Clears every mechanically-checkable rule. Still requires the human pass for E4 (result leakage), the L/N relevance test (E5), E6 (Reform disambiguation, if applicable) and E8 (genuine editorial content) before it can count as eligible.",,,include,not_applicable,,,E5-L1-PLACE,E6-NOT-REFORM-FLAGGED,,,"At Woodlark Nursery, near Hersham, which has two acres of glasshouses and polytunnels most of the spring bedding plants remain unsold after the weather put off gardeners.",,,,medium,,,,,,,,,,,Surrey growers lose thousands after cold spring,2013-04-29,3,read carefully (3 days before polling day - close enough that a dating error could plausibly let leakage through; do not default to E4-CLEAR here),"Laurence Matthews said he hoped to recoup some losses by sowing spring oilseed rape
Growers in Surrey say they will suffer losses of tens of thousands of pounds as a result of last year's wet summer and the cold start to spring.
Farmer Laurence Matthews said he would be lucky to harvest 25 acres of the 400 acres of oilseed rape planted in the late summer and autumn last year.
""We are going to be about 400 tons of oilseed rape down and the price is currently about Â£300 a ton,"" he said.
""Do the maths. That is quite a lot of money.""
The Matthews family has worked the land at Manor Farm in the Surrey Hills, near Dorking, since 1935.
Mr Matthews said even the 25 acres of oilseed rape that was growing was stunted.
""It is only a few inches high rather than a couple of feet - it is just not there.""
He added: ""This area is generally a patchwork quilt of different colours and we should be seeing areas of yellow flowers but they are just not there at the moment.
""We will recoup some of the losses because with the little bit we have got left we will obtain a higher price - that is supply and demand.""
Oilseed rape is usually in flower at his farm at this time of year, Mr Matthews said
At Woodlark Nursery, near Hersham, which has two acres of glasshouses and polytunnels most of the spring bedding plants remain unsold after the weather put off gardeners.
""We need to sell all this crop in the next 10 days because I have the next crop coming in,"" said spokesman Colin Edwards.
""We are having ... [truncated, 2026 chars total - full text at data/raw/news/text/NEWS-bbc_surrey-9322d4431ec0.txt]",data/raw/news/text/NEWS-bbc_surrey-9322d4431ec0.txt
NEWS-bbc_surrey-956003a841b5,SCC-2013-05,bbc_surrey,local,SCC-2013-05:local,full_corpus,pending_human_review,"Clears every mechanically-checkable rule. Still requires the human pass for E4 (result leakage), the L/N relevance test (E5), E6 (Reform disambiguation, if applicable) and E8 (genuine editorial content) before it can count as eligible.",,,include,not_applicable,,,E5-L1-PLACE,E6-NOT-REFORM-FLAGGED,,,"The girl was walking along Primrose Road, Hersham, at 08:00 BST when a car stopped and the driver spoke to her.",,,,medium,,,,,,,,,,,Driver grabs girl on way to school in Hersham,2013-04-25,7,read carefully (7 days before polling day - close enough that a dating error could plausibly let leakage through; do not default to E4-CLEAR here),"A teenage girl was grabbed by a man in a car who stopped to ask her for directions as she was on her way to school, Surrey Police said.
The girl was walking along Primrose Road, Hersham, at 08:00 BST when a car stopped and the driver spoke to her.
When she started walking away, the man grabbed her. She managed to run away and reported the incident at school.
The man is described as in his late 40s, of mixed race, slim, and with dark freckles or liver spots.
His car was dark green and is thought to have four doors.
Anyone who witnessed the incident is asked to contact Surrey Police.",data/raw/news/text/NEWS-bbc_surrey-956003a841b5.txt
NEWS-bbc_surrey-977a0d0a4f74,SCC-2017-05,bbc_surrey,local,SCC-2017-05:local,full_corpus,pending_human_review,"Clears every mechanically-checkable rule. Still requires the human pass for E4 (result leakage), the L/N relevance test (E5), E6 (Reform disambiguation, if applicable) and E8 (genuine editorial content) before it can count as eligible.",,,include,not_applicable,,,E5-L1-PLACE,E6-NOT-REFORM-FLAGGED,,,"Father-of-two Richards, of Chapel Lane, Godalming, pleaded guilty at the first opportunity to conspiring to import prohibited Glock handguns and ammunition.",,,,medium,,,,,,,,,,,Three gun smugglers jailed including a Godalming paedophile,2017-04-21,13,"likely E4-CLEAR (13 days before polling day - a genuine result leak would require the DATE itself being wrong, not just a careless read; still confirm by skimming for any reference to a declared result)","Martin Beard, Mark Richards and Aaron Bishop have all been jailed over firearms offences
Three gun smugglers, including one who admitted being ""a bit of a paedophile"", have been jailed for importing illegal firearms through the post.
Aaron Bishop and Martin Beard were convicted by a jury of taking delivery of guns ordered by Mark Richards via the dark web.
The National Crime Agency (NCA) also found a memory stick with 59 serious child abuse images buried in the garden at Bishop's property in Hampshire.
In 2013 the NCA began working with United States authorities to investigate a dark web trafficking group sending guns to the UK.
After Bishop signed for one delivery a warrant was executed. A live shotgun cartridge was found, and an ex-housemate reported 30 9mm live Luger Geco rounds being delivered two weeks before.
During his interview with NCA officers Bishop claimed he thought the delivery was cannabis, but admitted he was ""a bit of a paedophile"" in relation to the images.
The NCA also intercepted a parcel sent to Beard containing a Glock with two magazines of ammunition.
Analysis of the defendants' phones and computers showed they discussed the purchases and identified Richards as the organiser.
Father-of-two Richards, of Chapel Lane, Godalming, pleaded guilty at the first opportunity to conspiring to import prohibited Glock handguns and ammunition.
Bishop, of Milford, Godalming, pleaded guilty to possessing indecent images but not guilty to conspiring to import weapons.
B... [truncated, 1922 chars total - full text at data/raw/news/text/NEWS-bbc_surrey-977a0d0a4f74.txt]",data/raw/news/text/NEWS-bbc_surrey-977a0d0a4f74.txt
NEWS-bbc_surrey-ad7f097196c7,SCC-2017-05,bbc_surrey,local,SCC-2017-05:local,full_corpus,pending_human_review,"Clears every mechanically-checkable rule. Still requires the human pass for E4 (result leakage), the L/N relevance test (E5), E6 (Reform disambiguation, if applicable) and E8 (genuine editorial content) before it can count as eligible.",,,exclude,not_applicable,,,E5-NO-L-OR-N-RULE-MET,E6-NOT-REFORM-FLAGGED,,,"Billy Monger was injured during the Formula 4 British Championship at Donington Park in Leicestershire
Formula 1 teams are honouring teenager Billy Monger, a Formula 4 driver who had to have both his legs amputated after a crash.",,,,medium,,,,,,,,,,,Billy Monger: Formula 1 teams show support for injured teen,2017-04-27,7,read carefully (7 days before polling day - close enough that a dating error could plausibly let leakage through; do not default to E4-CLEAR here),"Billy Monger was injured during the Formula 4 British Championship at Donington Park in Leicestershire
Formula 1 teams are honouring teenager Billy Monger, a Formula 4 driver who had to have both his legs amputated after a crash.
McLaren has adorned its cars with #BillyWhizz stickers for the Russian Grand Prix, which begins on Friday,
It is understood other teams will be joining McLaren in a show of solidarity for Billy.
The 17-year-old from Charlwood, Surrey, hit the back of another car on 16 April and had to be airlifted to hospital .
McLaren and other F1 teams are showing their support for Billy
Woking-based McLaren said it had consistently showed its support for Billy over the last fortnight. It ""felt this gesture was appropriate"", and added given the sense of communality in Formula 1, it was no surprise the other teams were rallying round in a similar way.
Williams Racing confirmed it would be putting on a similar display, and is also auctioning off a race suit worn by Felipe Massa and signed race boots worn by Lance Stroll.
So far the items have raised Â£2,600 on ebay, and this money is being donated to a Just Giving page set up by Steven Hunter , head of Billy's team, Derbyshire-based JHR Developments. It will help support the teenager through his life-changing injuries.
Williams Racing is auctioning off racing items for Billy
More than Â£760,000 has been donated so far following the crash during the Formula 4 British Championship at Donington Park in Leicestershire.
F... [truncated, 1810 chars total - full text at data/raw/news/text/NEWS-bbc_surrey-ad7f097196c7.txt]",data/raw/news/text/NEWS-bbc_surrey-ad7f097196c7.txt
NEWS-bbc_surrey-b017a311220a,SCC-2021-05,bbc_surrey,local,SCC-2021-05:local,full_corpus,pending_human_review,"Clears every mechanically-checkable rule. Still requires the human pass for E4 (result leakage), the L/N relevance test (E5), E6 (Reform disambiguation, if applicable) and E8 (genuine editorial content) before it can count as eligible.",,,include,not_applicable,,,E5-L1-PLACE,E6-NOT-REFORM-FLAGGED,,,"Matthew Tester, 49, locally known as Tik, died at the scene in Walton-on-Thames on Thursday and a second man in his 40s received hospital treatment and is recovering from serious injuries.",,,,medium,,,,,,,,,,,Walton-on-Thames: Shaan Mir charged with murder,2021-04-26,10,"likely E4-CLEAR (10 days before polling day - a genuine result leak would require the DATE itself being wrong, not just a careless read; still confirm by skimming for any reference to a declared result)","A cordon was put in place and the car park closed
A man has been charged with murder over the death of a man in a supermarket car park in Surrey.
Shaan Mir, of Arlington Lodge in Weybridge, is also charged with attempted murder of another man.
Matthew Tester, 49, locally known as Tik, died at the scene in Walton-on-Thames on Thursday and a second man in his 40s received hospital treatment and is recovering from serious injuries.
Mr Mir, 26, is due to appear at Guildford Magistrates' Court later.
Follow BBC South East on Facebook , external , on Twitter , external , and on Instagram , external . Send your story ideas to southeasttoday@bbc.co.uk.",data/raw/news/text/NEWS-bbc_surrey-b017a311220a.txt
NEWS-bbc_surrey-bcf1ada35f12,SCC-2017-05,bbc_surrey,local,SCC-2017-05:local,full_corpus,pending_human_review,"Clears every mechanically-checkable rule. Still requires the human pass for E4 (result leakage), the L/N relevance test (E5), E6 (Reform disambiguation, if applicable) and E8 (genuine editorial content) before it can count as eligible.",,,exclude,not_applicable,,,E5-NO-L-OR-N-RULE-MET,E6-NOT-REFORM-FLAGGED,,,"Katie Price tweeted this image of her with Harvey as part of her campaign against internet trolls
A man has been cautioned for posting offensive messages on Twitter about model and TV star Katie Price's disabled son Harvey.",,,,high,,,,,,,,,,,Man cautioned over Twitter posts mocking Katie Price's son,2017-04-21,13,"likely E4-CLEAR (13 days before polling day - a genuine result leak would require the DATE itself being wrong, not just a careless read; still confirm by skimming for any reference to a declared result)","Katie Price tweeted this image of her with Harvey as part of her campaign against internet trolls
A man has been cautioned for posting offensive messages on Twitter about model and TV star Katie Price's disabled son Harvey.
The 19-year-old man, from Newick, East Sussex, was arrested in February on suspicion of causing aggravated harassment, alarm or distress.
Price published a message she received, which featured images mocking her 14-year-old son, Harvey.
The man was cautioned by Sussex Police on Thursday after answering bail.
Harvey, who is partially blind, autistic and has Prader-Willi syndrome, is the son of the 38-year-old TV personality and former footballer Dwight Yorke.
In January, Price tweeted out the offensive manipulated image in an effort to find the person behind the editing.
She said: ""Caught out!! Another bully on our hands. Anyone know this guy??""
In March, she set up petition calling for online abuse to be made a specific criminal offence and for the creation of a register of offenders.
So far it has more than 213,000 signatures.
She wrote on the petition description: ""Trolling is a major problem in this day and age. People of all ages and background suffer every day, including my family - especially my son Harvey.
""I have tried my best to expose people and even had two arrested but nothing was done and there were no repercussions or penalties for this behaviour.""",data/raw/news/text/NEWS-bbc_surrey-bcf1ada35f12.txt
NEWS-bbc_surrey-e9f2afef0dfe,SCC-2017-05,bbc_surrey,local,SCC-2017-05:local,full_corpus,pending_human_review,"Clears every mechanically-checkable rule. Still requires the human pass for E4 (result leakage), the L/N relevance test (E5), E6 (Reform disambiguation, if applicable) and E8 (genuine editorial content) before it can count as eligible.",,,include,not_applicable,,,E5-L1-PLACE,E6-NOT-REFORM-FLAGGED,,,"The market town of Dorking nearly paid the price as British scientists scrambled to make a bomb
Scientists working on the UK's first atom bomb narrowly avoided a fiasco when they nearly dropped a five tonne replica on Dorking, it has emerged.",,,,medium,,,,,,,,,,,Dorking narrowly avoided 'nuclear bomb drop' fiasco,2017-04-23,11,"likely E4-CLEAR (11 days before polling day - a genuine result leak would require the DATE itself being wrong, not just a careless read; still confirm by skimming for any reference to a declared result)","The market town of Dorking nearly paid the price as British scientists scrambled to make a bomb
Scientists working on the UK's first atom bomb narrowly avoided a fiasco when they nearly dropped a five tonne replica on Dorking, it has emerged.
The dummy device was being flown to Orford Ness, a top secret military test site in Suffolk, in the early 1950s.
It came loose in the bomb bay while over the Surrey town, about 20 miles from London, but the bomb doors held.
An engineer who worked on the device said it was then dropped in the Thames estuary, where it remains to this day.
Fortunately, the device contained no explosives or nuclear material.
The revelation is made in a BBC Four documentary, Britain's Nuclear Bomb: The Inside Story.
Reg Milne, of the Royal Aircraft Establishment, told the programme: ""One flight to Orford Ness, a bomb came loose over Dorking. It fell off its hook.
""Luckily the bomb doors were strong enough to hold it.""
Reg Milne (left) and Professor John Allen worked for the top-secret Royal Aircraft Establishment
He revealed: ""The pilot took the aircraft over the Thames estuary, opened the bomb doors, and the bomb fell out.""
He said the huge splash that resulted nearly drowned a couple of sailors nearby.
""They never found it - it's still in the Thames somewhere,"" he added.
The programme features interviews with military veterans and scientists who took part in the atomic bomb programme, some speaking for the first time, plus newly released footage of the Brit... [truncated, 2250 chars total - full text at data/raw/news/text/NEWS-bbc_surrey-e9f2afef0dfe.txt]",data/raw/news/text/NEWS-bbc_surrey-e9f2afef0dfe.txt
NEWS-bbc_surrey-ec4c7ab2a6e9,SCC-2013-05,bbc_surrey,local,SCC-2013-05:local,full_corpus,pending_human_review,"Clears every mechanically-checkable rule. Still requires the human pass for E4 (result leakage), the L/N relevance test (E5), E6 (Reform disambiguation, if applicable) and E8 (genuine editorial content) before it can count as eligible.",,,include,not_applicable,,,E5-L1-PLACE,E6-NOT-REFORM-FLAGGED,,,"Karina Bryant, who trains at Camberley Judo Club, won Team GB's second judo medal beating Iryna Kindzerska of Ukraine in the +78kg category.",,,,medium,,,,,,,,,,,London 2012: Road named after medallist Karina Bryant,2013-04-26,6,read carefully (6 days before polling day - close enough that a dating error could plausibly let leakage through; do not default to E4-CLEAR here),"Karina Bryant said winning her bronze medal at the London 2012 Olympics was an ""amazing"" day
A bronze medallist in the London 2012 Olympics has had a road named in her honour in her home county of Surrey.
Karina Bryant, who trains at Camberley Judo Club, won Team GB's second judo medal beating Iryna Kindzerska of Ukraine in the +78kg category.
Bryant Close is on a new development of houses in Frimley.
""It's a bit bizarre,"" said Ms Bryant. ""I had aims and goals to get Olympic medals but to have a close named after me is pretty special.""
She said winning her medal, on 3 August, at her fourth Olympic Games, was an ""amazing"" day.
""It was quite a surreal moment afterwards,"" she said.
""It hadn't really sunk in until I was waiting in the tunnel to go out and get my medal.
""All of a sudden Chariots of Fire came on and I just turned into a blubbering wreck.""
Since the games she has been recovering from injuries to her neck and shoulder and has undergone two operations.
""Unfortunately I had quite a serious neck injury going into the games which I had for about 12 months before,"" she said.
""I have actually spent the last eight or nine months very frustrated, just recovering from two quite big operations.""",data/raw/news/text/NEWS-bbc_surrey-ec4c7ab2a6e9.txt
NEWS-bbc_surrey-efe6c71df344,SCC-2021-05,bbc_surrey,local,SCC-2021-05:local,full_corpus,pending_human_review,"Clears every mechanically-checkable rule. Still requires the human pass for E4 (result leakage), the L/N relevance test (E5), E6 (Reform disambiguation, if applicable) and E8 (genuine editorial content) before it can count as eligible.",,,include,not_applicable,,,E5-L1-PLACE,E6-NOT-REFORM-FLAGGED,,,"About 35 trees have been cut down in Elmbridge in the past four weeks
Police investigating the felling of dozens of trees have arrested a 24-year-old man on suspicion of criminal damage.",,,,medium,,,,,,,,,,,Elmbridge trees: Police make arrest over Surrey tree felling,2021-04-23,13,"likely E4-CLEAR (13 days before polling day - a genuine result leak would require the DATE itself being wrong, not just a careless read; still confirm by skimming for any reference to a declared result)","About 35 trees have been cut down in Elmbridge in the past four weeks
Police investigating the felling of dozens of trees have arrested a 24-year-old man on suspicion of criminal damage.
Residents had banded together to try to find the culprit after about 35 trees were cut down at night in Elmbridge, Surrey, in the past month.
Police said information from the public had allowed them to identify a suspect.
A search of a car and home in Weybridge on Thursday found ""several chainsaws and wood chippings,"" police said.
Most of the felled trees were along a stretch of the River Thames between Weybridge and Walton.
Eight trees were cut down overnight on 17 April
More than a 1,000 people joined a Facebook group to help identify a suspect, with some residents joining night-time patrols.
Insp Bert Dean said the arrest was an ""encouraging development in this investigation"" and thanked the local community for ""their ongoing patience and support"".
The man, who was arrested on suspicion of criminal damage and going equipped to commit criminal damage, remains in police custody.
Follow BBC South East on Facebook , external , on Twitter , external , and on Instagram , external . Send your story ideas to southeasttoday@bbc.co.uk.
Police and residents hunt chainsaw 'tree killer'",data/raw/news/text/NEWS-bbc_surrey-efe6c71df344.txt
NEWS-guardian_api-0026e84b76a5,SCC-2013-05,guardian_api,local,SCC-2013-05:local,full_corpus,pending_human_review,"Clears every mechanically-checkable rule. Still requires the human pass for E4 (result leakage), the L/N relevance test (E5), E6 (Reform disambiguation, if applicable) and E8 (genuine editorial content) before it can count as eligible.",,,exclude,not_applicable,,,E5-NO-L-OR-N-RULE-MET,E6-NOT-REFORM-FLAGGED,,,"A poet, critic and literature professor from Barnes in southwest London has become the first British-born writer to be elected to the elite Académie française, France's highest learned body charged with defending the purity of the French language.",,,,high,,,,,,,,,,,Magnifique! Académie française elects first British-born member,2013-02-22,69,"likely E4-CLEAR (69 days before polling day - a genuine result leak would require the DATE itself being wrong, not just a careless read; still confirm by skimming for any reference to a declared result)","A poet, critic and literature professor from Barnes in southwest London has become the first British-born writer to be elected to the elite Académie française, France's highest learned body charged with defending the purity of the French language. Michael Edwards, 74, was voted into the exclusive group known as ""The Immortals"" on his third attempt, and will now take a seat among up to 40 members in their gold-braided uniforms under the gilded dome of the Institut de France. A commission chosen from among them advises on what new words should be entered into the French dictionary, studiously defending French against foreign impurities, notably those from English. Edwards, a poet, translator, and literary critic specialising in French language and literature, was born in Barnes and first discovered French aged 11 at Kingston Grammar School in Surrey. Married to a French wife, he has dual British and French nationality, and is acclaimed for his writing in both French and English – often shifting between the two in the same work or poem. He formerly held the chairs of French and English at the University of Warwick, but also held the first joint chair in poetry and English literature at Paris's prestigious College de France. He has written on Shakespeare, Molière and Racine and Rimbaud. Edwards told the Guardian: ""French is not just another language, it's another way of understanding the world, a way of being, of sensing emotion."" He said the French had ""an intimacy with their la... [truncated, 3260 chars total - full text at data/raw/news/text/NEWS-guardian_api-0026e84b76a5.txt]",data/raw/news/text/NEWS-guardian_api-0026e84b76a5.txt
NEWS-guardian_api-002bebf977ee,SCC-2017-05,guardian_api,local,SCC-2017-05:local,full_corpus,pending_human_review,"Clears every mechanically-checkable rule. Still requires the human pass for E4 (result leakage), the L/N relevance test (E5), E6 (Reform disambiguation, if applicable) and E8 (genuine editorial content) before it can count as eligible.",,,exclude,not_applicable,,,E5-NO-L-OR-N-RULE-MET,E6-NOT-REFORM-FLAGGED,,,"Well, the ball has dropped in New York City, following a performance in Times Square from Mariah Carey that saw her trending on Twitter for all the wrong reasons.",,,,high,,,,,,,,,,,New year celebrations around the world – as it happened,2016-12-31,124,"likely E4-CLEAR (124 days before polling day - a genuine result leak would require the DATE itself being wrong, not just a careless read; still confirm by skimming for any reference to a declared result)","Well, the ball has dropped in New York City, following a performance in Times Square from Mariah Carey that saw her trending on Twitter for all the wrong reasons. What a way to end the year. To recap the past few hours: Celebrations around the world were marred following news of a terrorist attack in Istanbul. The city remains on high alert after a gunman opened fire on partygoers at a New Year’s Eve celebration in one of the most popular nightclubs in Istanbul, killing 35 people and wounding 40. Read the latest here. Big Ben chimed as fireworks exploded around the London Eye to signal the start of the new year. US president-elect Donald Trump wished a Happy New Year to “all, including to my many enemies and those who have fought me and lost so badly they just don’t know what to do. Love!”. Queen Elizabeth has not been seen in public for 11 days since she and Prince Philip sustained heavy colds, missing the New Year church service. That’s it from the New Year live blog. Thanks for the comments, tweets and pics. We’ll leave you with this: So this just happened at the Times Square party in NYC... Almost Happy New Year time in New York. Less than half an hour to go... Well, are you? Too much Trump? Fair enough. Here is some Justin Trudeau, with a New Year message. Fireworks for the kids have begun in Boston. Tweet courtesy of Massachusetts governor Charlie Baker. Palestinian artist Osama Sbeata, 26, lights the words ‘2017 Happy New Year’ written in the sand in Gaza City. Naw. Ch... [truncated, 30317 chars total - full text at data/raw/news/text/NEWS-guardian_api-002bebf977ee.txt]",data/raw/news/text/NEWS-guardian_api-002bebf977ee.txt
NEWS-guardian_api-00f5f3c5db27,SCC-2013-05,guardian_api,local,SCC-2013-05:local,full_corpus,pending_human_review,"Clears every mechanically-checkable rule. Still requires the human pass for E4 (result leakage), the L/N relevance test (E5), E6 (Reform disambiguation, if applicable) and E8 (genuine editorial content) before it can count as eligible.",,,exclude,not_applicable,,,E5-NO-L-OR-N-RULE-MET,E6-NOT-REFORM-FLAGGED,,,• Britain is on course to adopt gay marriage after the House of Commons voted to give the marriage (same sex couples) bill a second reading by a majority of 225.,,,,high,,,,,,,,,,,MPs vote in favour of gay marriage: Politics live blog,2013-02-06,85,"likely E4-CLEAR (85 days before polling day - a genuine result leak would require the DATE itself being wrong, not just a careless read; still confirm by skimming for any reference to a declared result)","• Britain is on course to adopt gay marriage after the House of Commons voted to give the marriage (same sex couples) bill a second reading by a majority of 225. The bill will still have to receive line-by-line scrutiny in the Commons, and then it will have to get through the Lords, but the size of the majority, and the fact that the leaders of all three main parties are in favour, suggest that it is now inevitable that gay marriage will become law. The legal differences between civil partnerships and marriage are slight (see section one of this briefing document for more detail), but gay and lesbian campaigners have demanded full equality and now they are on course to get it. Church leaders and traditionalists have expressed concerns about a centuries-old institution being redefined, but those in favour of reform claim their fears are unfounded. Ben Summerskill, the chief executive of Stonewall, said this was a historic step foward. As the last piece of the legislative jigsaw providing equality for gay people in Britain, this is a truly historic step forward. We’re absolutely delighted that MPs have demonstrated so overwhelmingly that they’re in touch with the twenty-first century. • David Cameron has failed to persuade more than half of his MPs to support gay marriage. Only 127 Tory MPs supported it. Another 136 opposed it, and 40 MPs either voted both ways (actively abstaining) or did not vote. The five-hour long debate was generally conducted in a civil manner (perhaps To... [truncated, 91260 chars total - full text at data/raw/news/text/NEWS-guardian_api-00f5f3c5db27.txt]",data/raw/news/text/NEWS-guardian_api-00f5f3c5db27.txt
NEWS-guardian_api-01f35e34bc36,SCC-2013-05,guardian_api,local,SCC-2013-05:local,full_corpus,pending_human_review,"Clears every mechanically-checkable rule. Still requires the human pass for E4 (result leakage), the L/N relevance test (E5), E6 (Reform disambiguation, if applicable) and E8 (genuine editorial content) before it can count as eligible.",,,exclude,not_applicable,,,E5-NO-L-OR-N-RULE-MET,E6-NOT-REFORM-FLAGGED,,,"Top five stories on MediaGuardian BBC begins search for director general Trust chairman, Lord Patten, rules out lengthy process to find successor in wake of George Entwistle's 54 ill-fated days Bureau of Investigative Journalism in crisis News organisation helped with Newsnight report that resulted",,,,high,,,,,,,,,,,Today's media stories from the papers,2012-11-19,164,"likely E4-CLEAR (164 days before polling day - a genuine result leak would require the DATE itself being wrong, not just a careless read; still confirm by skimming for any reference to a declared result)","Top five stories on MediaGuardian BBC begins search for director general Trust chairman, Lord Patten, rules out lengthy process to find successor in wake of George Entwistle's 54 ill-fated days Bureau of Investigative Journalism in crisis News organisation helped with Newsnight report that resulted in Lord McAlpine being wrongly identified as paedophile BBC costs to soar as Pollard retains Hutton QC Alan Maclean QC, who advised Tony Blair during the Hutton report, has been retained by inquiry into Newsnight BBC apologises over on-air Gaza question Chief rabbi Jonathan Sacks was asked about Gaza after finishing Thought for the Day without being told he was on air Lord McAlpine to get £185,000 compensation from BBC Former Conservative party treasurer's solicitor says ITV's This Morning is on 'a very long list' of those facing legal action Top comment on MediaGuardian It's time the BBC abolished secretive systems Dan Sabbagh: Lord Patten has to be open as to the pros and cons of each candidate applying for the director general post Hot topics • Latest on the BBC • Latest on the Leveson inquiry • Latest on ITV Today's featured media jobs Environment Agency – creative communications manager Bristol/permanent/full time ITN – deputy news editor – planning London/permanent/full time Surrey Police – head of corporate communications Surrey/permanent/full time For more jobs, career advice and workplace news visit guardianjobs.co.uk Media Monkey's pick of the day Nine years. No, not a Da... [truncated, 5374 chars total - full text at data/raw/news/text/NEWS-guardian_api-01f35e34bc36.txt]",data/raw/news/text/NEWS-guardian_api-01f35e34bc36.txt
NEWS-guardian_api-029d5b08f16b,SCC-2021-05,guardian_api,local,SCC-2021-05:local,full_corpus,pending_human_review,"Clears every mechanically-checkable rule. Still requires the human pass for E4 (result leakage), the L/N relevance test (E5), E6 (Reform disambiguation, if applicable) and E8 (genuine editorial content) before it can count as eligible.",,,include,not_applicable,,,E5-L1-PLACE,E6-NOT-REFORM-FLAGGED,,,"The trees, all healthy, have been felled along a two-mile route between upmarket Walton-on-Thames and Weybridge.",,,,medium,,,,,,,,,,,‘Chainsaw massacre’: Surrey police hunt for phantom lumberjack,2021-04-08,28,"likely E4-CLEAR (28 days before polling day - a genuine result leak would require the DATE itself being wrong, not just a careless read; still confirm by skimming for any reference to a declared result)","Police are hunting a mystery tree feller who has cut down dozens of trees along a particularly picturesque stretch of the River Thames in Surrey, to the consternation of local residents. In what has been called the “chainsaw massacre”, the culprit has struck up to 30 times over 10 days and is believed to be operating under cover of darkness. The trees, all healthy, have been felled along a two-mile route between upmarket Walton-on-Thames and Weybridge. The motive, though, remains a mystery. Extra police patrols have now been set up to try to catch the perpetrator or perpetrators, whom officers believe may be travelling in a small red car. The Elmbridge Tree Patrol Facebook group, set up to to report the fellings, has more than 400 members angered by the senseless vandalism. Residents posted warnings from police for individuals not not to approach any suspects for fear that they might be dangerous, and to report any suspicious activity to police. The chainsaw spree has seen heavy branches strewn over the towpath, posing hazards to joggers and cyclists, as well as on roads, causing potential danger to traffic. Wood in the water is a threat to boats and canoeists, including those from the nearby Elmbridge Canoe Club, where five trees were felled on Tuesday night. Pictures from the area show trees reduced to stumps and debris all over the towpath and nearby roads. “As you all know, there’s a maniac going around Weybridge, Walton-on-Thames and Cobham, chopping down trees, ruining ... [truncated, 4044 chars total - full text at data/raw/news/text/NEWS-guardian_api-029d5b08f16b.txt]",data/raw/news/text/NEWS-guardian_api-029d5b08f16b.txt
NEWS-guardian_api-03131e428917,SCC-2017-05,guardian_api,local,SCC-2017-05:local,full_corpus,pending_human_review,"Clears every mechanically-checkable rule. Still requires the human pass for E4 (result leakage), the L/N relevance test (E5), E6 (Reform disambiguation, if applicable) and E8 (genuine editorial content) before it can count as eligible.",,,exclude,not_applicable,,,E5-NO-L-OR-N-RULE-MET,E6-NOT-REFORM-FLAGGED,,,The winners of the Guardian Public Service Awards 2016 have all challenged the way things are done.,,,,medium,,,,,,,,,,,Guardian Public Service Awards 2016: winners and runners-up,2016-11-30,155,"likely E4-CLEAR (155 days before polling day - a genuine result leak would require the DATE itself being wrong, not just a careless read; still confirm by skimming for any reference to a declared result)","The winners of the Guardian Public Service Awards 2016 have all challenged the way things are done. They have effected change to make services better for the people using them, better at reaching others who should use them and – an inescapable requirement in this long and bleak fiscal winter – better value for the taxpayer. Our overall winner, Sevenoaks council, exemplifies these qualities. It is the first council to make itself financially self-sufficient, recognising the inevitability of loss of funding by central government. To do so, however, it has had to confront and overcome risk aversion on the part of its own councillors. Other winners have similarly confronted conventional attitudes – towards people on society’s margins, in the cases of Derventio Housing Trust, Pause Southwark, Hyde Group’s Money House and Transport for London; towards community needs and strengths, in Oldham and in Poplar, east London; and towards the way services are delivered, in the cases of Independent Lives and the Baby Buddy App from Best Beginnings. Our public servant of the year, voted for by our readers, is no exception. Helen Backus, of Buckinghamshire county council, has transformed the way that young people with disabilities or support needs are regarded and treated, both in her home authority and farther afield. A record 6,000 readers voted in the public servant poll. Thanks to them, to all 420 entrants for the team categories and to our sponsors for their support in being able to brin... [truncated, 3672 chars total - full text at data/raw/news/text/NEWS-guardian_api-03131e428917.txt]",data/raw/news/text/NEWS-guardian_api-03131e428917.txt
NEWS-guardian_api-03540c49fe31,ESWS-2026-05,guardian_api,local,ESWS-2026-05:local|reform,full_corpus,pending_human_review,"Clears every mechanically-checkable rule. Still requires the human pass for E4 (result leakage), the L/N relevance test (E5), E6 (Reform disambiguation, if applicable) and E8 (genuine editorial content) before it can count as eligible. This record also matched a Reform-related query - E6 manual disambiguation is mandatory before inclusion (protocol requirement, not optional).",yes,,exclude,,,,E5-NO-L-OR-N-RULE-MET,,,,"Andy Burnham’s decision to appear at a progressive rally alongside prominent Green and Liberal Democrat figures has sparked anger among some Labour MPs, who have accused him of undermining their local election message.",,,,high,,,,,,,,,,,Lib Dems accuse Badenoch of being willing to ‘put Farage in No 10’ after she hints she would approve council pacts – as it happened,2026-05-06,1,read carefully (1 days before polling day - close enough that a dating error could plausibly let leakage through; do not default to E4-CLEAR here),"Andy Burnham’s decision to appear at a progressive rally alongside prominent Green and Liberal Democrat figures has sparked anger among some Labour MPs, who have accused him of undermining their local election message. Zack Polanski has said he was wrong to describe himself as a British Red Cross spokesperson, and that intensified media scrutiny of the Green party reflected fears of its rising popularity and support for wealth taxes. The Liberal Democrats have accused Kemi Badenoch of being ready “to put Nigel Farage into Number 10” after she hinted that she would approve Tory/Reform UK pacts at council level. (See 3.33pm.) Offenders who commit antisemitic attacks backed by foreign powers such as Iran will face 14 years in prison under legislation to be included in the king’s speech next week. The Reform-led Lancashire county council will withdraw from the government’s refugee resettlement scheme, one of its cabinet members has said. For a full list of all the stories covered on the blog today, do scroll through the list of key event headlines near the top of the blog. Kemi Badenoch has been reprimanded by the UK Statistics Authority for presenting misleading information to parliament. She misused a statistic only a day after holding a debate in parliament on a motion calling for Keir Starmer to be referred to the Commons privileges committee on the grounds that he had allegedly misled parliament in what he told MPs about the vetting of Peter Mandelson before he was made amba... [truncated, 35253 chars total - full text at data/raw/news/text/NEWS-guardian_api-03540c49fe31.txt]",data/raw/news/text/NEWS-guardian_api-03540c49fe31.txt
NEWS-guardian_api-03cb6c3f4cc2,SCC-2021-05,guardian_api,local,SCC-2021-05:local,full_corpus,pending_human_review,"Clears every mechanically-checkable rule. Still requires the human pass for E4 (result leakage), the L/N relevance test (E5), E6 (Reform disambiguation, if applicable) and E8 (genuine editorial content) before it can count as eligible.",,,exclude,not_applicable,,,E5-NO-L-OR-N-RULE-MET,E6-NOT-REFORM-FLAGGED,,,"Here the latest developments at a glance: The UK reported 19,114 new cases on Friday, slightly down from yesterday’s 20,634, as well as a further 1,014 deaths from Covid-19.",,,,high,,,,,,,,,,,"UK Covid: 'too early' to decide to ease measures in March, says Hancock; Oxford jab 'protects against UK variant' – as it happened",2021-02-05,90,"likely E4-CLEAR (90 days before polling day - a genuine result leak would require the DATE itself being wrong, not just a careless read; still confirm by skimming for any reference to a declared result)","Here the latest developments at a glance: The UK reported 19,114 new cases on Friday, slightly down from yesterday’s 20,634, as well as a further 1,014 deaths from Covid-19. The Cabinet Office was right to say all adults aged 50 and over will have had a coronavirus vaccine by May, Downing Street said after initially dismissing the report. The government’s top scientific advisers warned last month that a “complete, pre-emptive closure of borders” was needed to fully prevent new coronavirus strains being imported into the UK. Around 1 in 65 people in the community in England are estimated to have had the disease in the week ending 30 January, compared with 1 in 70 in Wales, 1 in 65 in Northern Ireland and 1 in 115 in Scotland. The week before the figures were 1 in 55, 1 in 70, 1 in 50 and 1 in 110 respectively. London continues to have the highest proportion of people likely to test positive for coronavirus in any region of England, with around one in 50 people estimated to have the virus. The reproduction number, or R value, of coronavirus transmission across the UK is between 0.7 and 1, according to the latest government figures. Last week, it was between 0.7 and 1.1. The outcomes of targeted tests to track the South African coronavirus variant in England could take up to two weeks, public health officials have said. Health secretary Matt Hancock said it was “too early” to decide whether restrictions could be eased in March, and said there were no current plans to roll out va... [truncated, 68082 chars total - full text at data/raw/news/text/NEWS-guardian_api-03cb6c3f4cc2.txt]",data/raw/news/text/NEWS-guardian_api-03cb6c3f4cc2.txt
NEWS-guardian_api-04f74a9866fe,ESWS-2026-05,guardian_api,local,ESWS-2026-05:local,full_corpus,pending_human_review,"Clears every mechanically-checkable rule. Still requires the human pass for E4 (result leakage), the L/N relevance test (E5), E6 (Reform disambiguation, if applicable) and E8 (genuine editorial content) before it can count as eligible.",,,exclude,not_applicable,,,E5-NO-L-OR-N-RULE-MET,E6-NOT-REFORM-FLAGGED,,,Council tax is one of the biggest outgoings for many households – so reports of a shake-up that could add thousands to some annual bills are causing concern.,,,,high,,,,,,,,,,,How could council tax change in budget – and who would be hardest hit?,2025-11-20,168,"likely E4-CLEAR (168 days before polling day - a genuine result leak would require the DATE itself being wrong, not just a careless read; still confirm by skimming for any reference to a declared result)","Council tax is one of the biggest outgoings for many households – so reports of a shake-up that could add thousands to some annual bills are causing concern. After abandoning a plan to increase income tax in the budget, Rachel Reeves is expected to rely on several smaller tax-raising measures to repair the public finances. Of the ideas still on the table, one is some form of “mansion tax” that gets the owners of expensive homes in England to pay more. A number of scenarios have emerged. One simply doubles council tax on properties in England’s top two bands (G and H). Another involves revaluing homes in the three highest tiers (F, G and H) and applying a surcharge to the top 300,000 by value across these bands. Any such measure is likely to be very unpopular with those footing the higher bills, with the Financial Times reporting on Thursday that Reeves is facing pressure to scale back her plans from backbenchers whose seats would be hardest hit. As council tax is a devolved matter, all of the figures in this article apply to England. However, any changes made by the chancellor could see other nations follow suit. Bills and bandings vary in Scotland and Wales, while Northern Ireland has a rates system. How does council tax work? The main sources of income for local authorities are government grants, business rates and council tax, with the latter funding about a quarter of total spending on services. Rates are set locally, but annual rises are capped at 4.99% for councils with... [truncated, 7907 chars total - full text at data/raw/news/text/NEWS-guardian_api-04f74a9866fe.txt]",data/raw/news/text/NEWS-guardian_api-04f74a9866fe.txt
NEWS-guardian_api-058a2672a201,ESWS-2026-05,guardian_api,local,ESWS-2026-05:local|reform,full_corpus,pending_human_review,"Clears every mechanically-checkable rule. Still requires the human pass for E4 (result leakage), the L/N relevance test (E5), E6 (Reform disambiguation, if applicable) and E8 (genuine editorial content) before it can count as eligible. This record also matched a Reform-related query - E6 manual disambiguation is mandatory before inclusion (protocol requirement, not optional).",yes,,exclude,,,,E5-NO-L-OR-N-RULE-MET,,,,The new year has delivered a new position from Nigel Farage on the multiple and detailed accounts of his alleged racism and antisemitism during his time as a pupil at Dulwich College.,,,,high,,,,,,,,,,,It’s not ‘fantasy’: I know Nigel Farage abused people for their nationality – because I was one of them | Rickard Berg,2026-01-12,115,"likely E4-CLEAR (115 days before polling day - a genuine result leak would require the DATE itself being wrong, not just a careless read; still confirm by skimming for any reference to a declared result)","The new year has delivered a new position from Nigel Farage on the multiple and detailed accounts of his alleged racism and antisemitism during his time as a pupil at Dulwich College. We had outright denial when the Guardian first published its investigation. As further witnesses came forward, we had excuses: it was “banter”, there wasn’t any malice involved and any such abuse was never targeted at an individual. Now Reform’s leader says that much, although seemingly not all, of what is being claimed from the now 34 alleged witnesses and victims about his behaviour is “fantasy”. The motivation of this large group of fantasists is said to be political. The politician’s response does not sit well with me. I know that Farage targeted his contemporaries at the school with abuse because of their ethnicity and nationality because I was there – and I was one of them. I knew him throughout my time at Dulwich: sometimes we would be on the same train, when he would smoke the thinnest rollups you’ve ever seen in the compartments. I remember it so clearly because Farage was so different to what my friends and I were all about. His presence felt like a constant noise. The persona he had adopted was negative, destructive and intolerant of anything non-British. As he wasn’t really very good at anything – no great orator, not charismatic or engaging – he had clearly worked out that being vitriolic was the only way he’d get noticed. Yes, he had a few others that thought like him, but he didn’... [truncated, 4336 chars total - full text at data/raw/news/text/NEWS-guardian_api-058a2672a201.txt]",data/raw/news/text/NEWS-guardian_api-058a2672a201.txt
NEWS-guardian_api-05b1fc05b856,ESWS-2026-05,guardian_api,local,ESWS-2026-05:local,full_corpus,pending_human_review,"Clears every mechanically-checkable rule. Still requires the human pass for E4 (result leakage), the L/N relevance test (E5), E6 (Reform disambiguation, if applicable) and E8 (genuine editorial content) before it can count as eligible.",,,exclude,not_applicable,,,E5-NO-L-OR-N-RULE-MET,E6-NOT-REFORM-FLAGGED,,,King Charles has insisted “the law must take its course” after detectives took the unprecedented step of arresting his brother Andrew Mountbatten-Windsor on suspicion of misconduct in public office.,,,,high,,,,,,,,,,,King says ‘law must take its course’ after Andrew Mountbatten-Windsor’s arrest,2026-02-19,77,"likely E4-CLEAR (77 days before polling day - a genuine result leak would require the DATE itself being wrong, not just a careless read; still confirm by skimming for any reference to a declared result)","King Charles has insisted “the law must take its course” after detectives took the unprecedented step of arresting his brother Andrew Mountbatten-Windsor on suspicion of misconduct in public office. Police took him to Aylsham police station in Norfolk on Thursday morning for questioning about allegations he shared confidential material with the convicted child sex offender Jeffrey Epstein. In the evening he was pictured in the back of a car being driven away from the police station shortly after 7pm. Thames Valley police said he was released under investigation, and searches at a property in Norfolk, Andrew’s home on the Sandringham estate, had concluded. Searches at the Royal Lodge in Windsor, Berkshire, his former address, were continuing. On an extraordinary day that could have profound effects for the royal family, unmarked police cars and plainclothes officers from the Thames Valley force were seen at Mountbatten-Windsor’s residence at Wood Farm on the Sandringham estate at about 8am. They searched the Norfolk property as well as his former home in the Royal Lodge in Great Windsor Park. Hours later Charles gave his unqualified backing to the police investigation into his brother, who was arrested on his 66th birthday. The king said the “law must take its course”. “What now follows is the full, fair and proper process by which this issue is investigated in the appropriate manner and by the appropriate authorities,” Charles said in a statement. “In this, as I have said bef... [truncated, 8980 chars total - full text at data/raw/news/text/NEWS-guardian_api-05b1fc05b856.txt]",data/raw/news/text/NEWS-guardian_api-05b1fc05b856.txt
NEWS-guardian_api-05c7ca7f9277,SCC-2021-05,guardian_api,local,SCC-2021-05:local,full_corpus,pending_human_review,"Clears every mechanically-checkable rule. Still requires the human pass for E4 (result leakage), the L/N relevance test (E5), E6 (Reform disambiguation, if applicable) and E8 (genuine editorial content) before it can count as eligible.",,,needs_second_review,not_applicable,,,E5-BORDERLINE-PLACE-MENTION,E6-NOT-REFORM-FLAGGED,,,"He taught there, and at Surrey University, which it became, for more than 50 years, giving his final lecture at Guildford Institute in 2017.",,,,,,,,,,,,,,,Roy Douglas obituary,2021-01-07,119,"likely E4-CLEAR (119 days before polling day - a genuine result leak would require the DATE itself being wrong, not just a careless read; still confirm by skimming for any reference to a declared result)","My father, Roy Douglas. who has died aged 95, was an academic specialising in modern history, law and politics who wrote or contributed to more than 20 books, including titles such as Law for Technologists (1964) and Land, People &amp; Politics: A History of the Land Question in the United Kingdom, 1878-1952 (1976). Roy was born in Hampstead, north London, the only child of Percy Douglas, who was company secretary at the Lady magazine, and his wife, Lilian (nee Bowley). After attending Mitcham County grammar school he went to King’s College London, where he got a degree in zoology. He then completed his PhD in zoology at Edinburgh University and was appointed by Battersea Polytechnic in London to run a biology course. After a time, however, he decided to become a barrister, hoping eventually to make use of his scientific background to work in patents. He was called to the bar in 1956 as a member of Gray’s Inn and was just starting to practise when changes at Battersea Polytechnic (by then Battersea College of Technology) led him to return as an emeritus reader in general studies. He taught there, and at Surrey University, which it became, for more than 50 years, giving his final lecture at Guildford Institute in 2017. A political activist, Roy joined the Liberal party when he was 16 and stood unsuccessfully as a parliamentary candidate five times in the 1950s and 60s. He chaired national meetings, spoke at events and contributed to many party publications, including the Journ... [truncated, 2340 chars total - full text at data/raw/news/text/NEWS-guardian_api-05c7ca7f9277.txt]",data/raw/news/text/NEWS-guardian_api-05c7ca7f9277.txt
NEWS-guardian_api-06d30e04e088,SCC-2013-05,guardian_api,local,SCC-2013-05:local,full_corpus,pending_human_review,"Clears every mechanically-checkable rule. Still requires the human pass for E4 (result leakage), the L/N relevance test (E5), E6 (Reform disambiguation, if applicable) and E8 (genuine editorial content) before it can count as eligible.",,,exclude,not_applicable,,,E5-NO-L-OR-N-RULE-MET,E6-NOT-REFORM-FLAGGED,,,"✒ I was fascinated to see that in Belfast some parents are taking their children, a few still in prams, to watch the riots over flying the union flag.",,,,high,,,,,,,,,,,"Simon Hoggart's week: Union flag riots, another 'we were there' moment?",2013-01-11,111,"likely E4-CLEAR (111 days before polling day - a genuine result leak would require the DATE itself being wrong, not just a careless read; still confirm by skimming for any reference to a declared result)","✒ I was fascinated to see that in Belfast some parents are taking their children, a few still in prams, to watch the riots over flying the union flag. It's as if the events are part of the great tapestry of their history. In the same way, people took their infants, now in their 60s, to see the last coronation, so they could in turn tell their grandchildren that they were there. The tremendous fall in violence over the past decade or so has perhaps made us forget that for some people in Northern Ireland the Troubles are not a frightening inconvenience but part of the fabric of their lives and their community. As the rioting continued and the TV images went round the world, members of the Northern Ireland government were trying to drum up investment from China. But how could jobs and prosperity possibly be as important as their eternal, defining hatreds? I have often thought that the politicians' mantra – ""the people of Northern Ireland yearn for peace"" – is nonsense. Many of them only yearn for victory. ✒ Earlier this week, Waterloo station was in chaos: ""Major signal failure at Barnes"" we were told. I wonder why, when they keep mending the track at weekends, nobody ever seems to bother about the signalling, which seems to be as reliable as a 40-year-old washing machine. I finally struggled onto a train in which we were jammed together like tinned anchovies, buttock to buttock, nose to armpit. Now and again the train moved, slowly. But some people had seats and luxuriated with... [truncated, 5480 chars total - full text at data/raw/news/text/NEWS-guardian_api-06d30e04e088.txt]",data/raw/news/text/NEWS-guardian_api-06d30e04e088.txt
NEWS-guardian_api-070bd823500e,SCC-2013-05,guardian_api,local,SCC-2013-05:local,full_corpus,pending_human_review,"Clears every mechanically-checkable rule. Still requires the human pass for E4 (result leakage), the L/N relevance test (E5), E6 (Reform disambiguation, if applicable) and E8 (genuine editorial content) before it can count as eligible.",,,exclude,not_applicable,,,E5-NO-L-OR-N-RULE-MET,E6-NOT-REFORM-FLAGGED,,,"When Stuart Lancaster's callow side run out at a sold-out Twickenham on Saturday for the first of four crucial Tests, their shirts will bear the inscription ""England Connected"" inside the cuff.",,,,high,,,,,,,,,,,Is England revolution heading in the right direction on and off pitch?,2012-11-09,174,"likely E4-CLEAR (174 days before polling day - a genuine result leak would require the DATE itself being wrong, not just a careless read; still confirm by skimming for any reference to a declared result)","When Stuart Lancaster's callow side run out at a sold-out Twickenham on Saturday for the first of four crucial Tests, their shirts will bear the inscription ""England Connected"" inside the cuff. Embroidered on a so-called ""back to basics"" kit design by the recently signed-up manufacturers Canterbury, the semiotics are not subtle. Amid a fragile mood of optimism at Twickenham, the phrase clunkily captures the sense of renewal on the field under the new coach, Stuart Lancaster, and off it under the Rugby Football Union's chief executive, Ian Ritchie, as they point towards the promised land of a home World Cup in 2015. By the time they have played Fiji and the three teams that sit above them in the world rankings on successive weekends, the watching public will have a much clearer idea whether Lancaster's revolution is heading in the right direction. Off the pitch, too, the remaking of the RFU in the wake of a cataclysmic shock to the system remains a work in progress. Ritchie has succeeded in his first task – restoring morale and some semblance of common purpose at an organisation that was close to tearing itself to pieces in the wake of its annus horribilis. Seven chaotic months took in the tumultuous ousting of John Steele as chief executive; the slow motion departure of the divisive Martyn Thomas as chairman; and humiliation on and off the field at the World Cup in New Zealand – followed by the repercussions of a damning leaked review that fully exposed the extent of division... [truncated, 9470 chars total - full text at data/raw/news/text/NEWS-guardian_api-070bd823500e.txt]",data/raw/news/text/NEWS-guardian_api-070bd823500e.txt
NEWS-guardian_api-073a3fb9fba9,SCC-2017-05,guardian_api,local,SCC-2017-05:local,full_corpus,pending_human_review,"Clears every mechanically-checkable rule. Still requires the human pass for E4 (result leakage), the L/N relevance test (E5), E6 (Reform disambiguation, if applicable) and E8 (genuine editorial content) before it can count as eligible.",,,exclude,not_applicable,,,E5-NO-L-OR-N-RULE-MET,E6-NOT-REFORM-FLAGGED,,,"The controversy surrounding Millwall’s stadium has taken another significant turn with the news that three local Conservative associations have written to the secretary of state for local government, Sajid Javid, and the mayor of London, Sadiq Khan, urging both men to step in and review the entire development.",,,,high,,,,,,,,,,,Clamour grows to review Millwall scheme as Sadiq Khan urged to step in,2017-01-09,115,"likely E4-CLEAR (115 days before polling day - a genuine result leak would require the DATE itself being wrong, not just a careless read; still confirm by skimming for any reference to a declared result)","The controversy surrounding Millwall’s stadium has taken another significant turn with the news that three local Conservative associations have written to the secretary of state for local government, Sajid Javid, and the mayor of London, Sadiq Khan, urging both men to step in and review the entire development. Lewisham council’s compulsory purchase order of land around the Den is due to be heard on Wednesday night. With reservations on all sides of the political divide about the scheme which would see the land being given to a developer with historic links to the Labour council, Lewisham’s three Conservative associations have urged the government to act on a scheme described as “fraught with problems from the start”. The Liberal Democrat leader, Tim Farron, has already called on Lewisham council to reconsider plans that could, according to Millwall’s chief executive, Steve Kavanagh, lead to the club having to leave the area after more than a hundred years. The Conservative call for action focuses on the details of the proposed development. Ross Archer, chairman of Lewisham Deptford Conservatives, one of the areas affected by the development, said: “This scheme has not felt right from the start … If Lewisham residents are to have any confidence in the decision on the development around Millwall it needs to be taken out of the council’s hands. I hope the secretary of state or mayor of London calls this decision in.” Concerns are also raised about the small amount of affordable ... [truncated, 2973 chars total - full text at data/raw/news/text/NEWS-guardian_api-073a3fb9fba9.txt]",data/raw/news/text/NEWS-guardian_api-073a3fb9fba9.txt
NEWS-guardian_api-07833eff3d7f,SCC-2013-05,guardian_api,local,SCC-2013-05:local,full_corpus,pending_human_review,"Clears every mechanically-checkable rule. Still requires the human pass for E4 (result leakage), the L/N relevance test (E5), E6 (Reform disambiguation, if applicable) and E8 (genuine editorial content) before it can count as eligible.",,,exclude,not_applicable,,,E5-NO-L-OR-N-RULE-MET,E6-NOT-REFORM-FLAGGED,,,"When it was announced last month that more offenders will have to meet their victims and apologise before being sentenced under a rapid expansion of restorative justice, the justice minister Lord McNally told the Guardian that the coalition is ""fully paid up to the rehabilitation revolution"".",,,,medium,,,,,,,,,,,Restorative justice: live discussion,2012-11-13,170,"likely E4-CLEAR (170 days before polling day - a genuine result leak would require the DATE itself being wrong, not just a careless read; still confirm by skimming for any reference to a declared result)","When it was announced last month that more offenders will have to meet their victims and apologise before being sentenced under a rapid expansion of restorative justice, the justice minister Lord McNally told the Guardian that the coalition is ""fully paid up to the rehabilitation revolution"". Restorative justice – bringing those harmed by crime, and those responsible for the harm, into communication – can lead to a drop of around 14% in reoffending rates recorded among perpetrators. Furthermore, victims report an 85% satisfaction rate, surveys by the Ministry of Justice have found. Norfolk county council was the first local authority to use restorative approaches in social work, with children's services staff trained in 2004 following successes by the council's youth offending team. The county council has since formed a multi-agency partnership with Norfolk constabulary. Restorative approaches can cover anything which places repairing harm done to relationships and people over the need for punishment. Ahead of restorative justice week next week (November 18–25) our next online live discussion will look at different restorative approaches and best practice. What are the benefits of restorative approaches and what will the impact be in social work following a proposed national rollout of restorative justice? Join us from noon until 2pm on Friday 16 November to discuss all this and more. The debate will take place in the comments section below this article – and you can leave yo... [truncated, 2622 chars total - full text at data/raw/news/text/NEWS-guardian_api-07833eff3d7f.txt]",data/raw/news/text/NEWS-guardian_api-07833eff3d7f.txt
NEWS-guardian_api-0829eec7a370,SCC-2017-05,guardian_api,local,SCC-2017-05:local,full_corpus,pending_human_review,"Clears every mechanically-checkable rule. Still requires the human pass for E4 (result leakage), the L/N relevance test (E5), E6 (Reform disambiguation, if applicable) and E8 (genuine editorial content) before it can count as eligible.",,,include,not_applicable,,,E5-L4-COUNTY-WIDE,E6-NOT-REFORM-FLAGGED,,,"If further proof were needed, look over to Surrey and its council tax referendum, where a council is effectively admitting to voters it can no longer afford to help elderly residents get dressed, or to keep learning disabled adults safe.",,,,medium,,,,,,,,,,,They’ve endured domestic violence. Now they’re victims of austerity | Frances Ryan,2017-01-26,98,"likely E4-CLEAR (98 days before polling day - a genuine result leak would require the DATE itself being wrong, not just a careless read; still confirm by skimming for any reference to a declared result)","You’ve read the headlines about the council services facing death by a thousand cuts, from nursery schools to libraries and community transport for disabled school pupils. After a real-terms cut of 40% in core government grants since 2010, the Chartered Institute of Public Finance and Accountancy (Cipfa) says we are now at the point where councils are “close to the brink” of insolvency. If further proof were needed, look over to Surrey and its council tax referendum, where a council is effectively admitting to voters it can no longer afford to help elderly residents get dressed, or to keep learning disabled adults safe. This is only the beginning. Local government is estimated to be facing a funding black hole of £5.8bn by 2020. If there is any doubt about the brutal impact of these cuts on the ground, just take a look at Sunderland, which is likely to become the only major city in the UK with no refuges for domestic violence victims. For the past 35 years, Claire Phillipson, director of Wearside Women in Need (WWN) – a local non-profit organisation that runs four safe houses and multiple support programmes across Sunderland – has been on the frontline of domestic abuse services in the area. She has witnessed firsthand over decades the progress that’s been made: from the 1980s when police refused to come out to women attacked by their partners and victims had nowhere to go, to today when police work side by side with her staff to help women in specialist refuges. But just as ... [truncated, 5339 chars total - full text at data/raw/news/text/NEWS-guardian_api-0829eec7a370.txt]",data/raw/news/text/NEWS-guardian_api-0829eec7a370.txt
NEWS-guardian_api-0d6bd617b2e6,SCC-2017-05,guardian_api,local,SCC-2017-05:local,full_corpus,pending_human_review,"Clears every mechanically-checkable rule. Still requires the human pass for E4 (result leakage), the L/N relevance test (E5), E6 (Reform disambiguation, if applicable) and E8 (genuine editorial content) before it can count as eligible.",,,exclude,not_applicable,,,E5-NO-L-OR-N-RULE-MET,E6-NOT-REFORM-FLAGGED,,,"My mother, Frances Sandy, who has died of cancer aged 67, was a teacher who cared deeply about her family, her pupils and the political activism she hoped would help forge a better world.",,,,high,,,,,,,,,,,Frances Sandy obituary,2017-01-18,106,"likely E4-CLEAR (106 days before polling day - a genuine result leak would require the DATE itself being wrong, not just a careless read; still confirm by skimming for any reference to a declared result)","My mother, Frances Sandy, who has died of cancer aged 67, was a teacher who cared deeply about her family, her pupils and the political activism she hoped would help forge a better world. For those causes, nothing was too much effort. In 25 years of working with young children, mainly at Willington school in Wimbledon, her dedication came from her heart and a conviction that every child mattered. She was conscientious, compassionate and fun. She had a wonderful ability to identify a child’s potential and devise a strategy to bring it out. When a pupil had difficulty understanding a concept, she would turn herself inside out, sometimes for months, until they grasped it. Born in Corsham, Wiltshire, Frances was the daughter of Herbert McKeeman, an RAF aircraft engineer, and his wife, Frances (nee Houston). She had a peripatetic childhood that yielded happy memories from homes as far flung as Cyprus and Singapore. After finishing her schooling in Singapore, she moved to London, where she worked in administration at the Crown Agents. She met Robert Sandy, an electronics engineer, at a house party in 1969. They were soon engaged, and married within a few months. They moved north and she studied social sciences at the University of Manchester, then worked as a civil servant at the Equal Opportunities Commission. Family was her priority and she gave up work to raise my sister, Emily, and me. In 1990, after we were both at school, she did a postgraduate certificate in education at Roe... [truncated, 2587 chars total - full text at data/raw/news/text/NEWS-guardian_api-0d6bd617b2e6.txt]",data/raw/news/text/NEWS-guardian_api-0d6bd617b2e6.txt
NEWS-guardian_api-0d8deb2ce9f7,SCC-2013-05,guardian_api,local,SCC-2013-05:local,full_corpus,pending_human_review,"Clears every mechanically-checkable rule. Still requires the human pass for E4 (result leakage), the L/N relevance test (E5), E6 (Reform disambiguation, if applicable) and E8 (genuine editorial content) before it can count as eligible.",,,exclude,not_applicable,,,E5-NO-L-OR-N-RULE-MET,E6-NOT-REFORM-FLAGGED,,,"George Osborne, William Hague and Theresa May have made a late appeal to Conservative MPs not to oppose gay marriage, insisting it ""is the right thing to do at the right time"".",,,,high,,,,,,,,,,,"Gay marriage bill 'right thing to do', say Tory heavyweights in appeal to MPs",2013-02-05,86,"likely E4-CLEAR (86 days before polling day - a genuine result leak would require the DATE itself being wrong, not just a careless read; still confirm by skimming for any reference to a declared result)","George Osborne, William Hague and Theresa May have made a late appeal to Conservative MPs not to oppose gay marriage, insisting it ""is the right thing to do at the right time"". In a letter to the Daily Telegraph, David Cameron's three most senior lieutenants said ""the question now is whether it is any longer acceptable to exclude people from marriage simply because they love someone of the same sex"". The chancellor, foreign secretary and home secretary made their case as other Tory supporters of equal marriage made an eleventh-hour plea to fellow Conservative MPs to vote in favour of reform by invoking the record of Margaret Thatcher, who supported the legalisation of homosexuality in the 1960s. Amid fears in No 10 that David Cameron may struggle to win the support of a majority of his MPs in a free vote in the Commons on Tuesday, reformers are pointing out that Thatcher set herself apart from Tory traditionalists who described the bill legalising homosexuality as a ""dirty measure"". Downing Street knows that the marriage (same sex couples) bill will easily receive its second reading because an overwhelming number of Labour and Liberal Democrat MPs will line up alongside Cameron loyalists to vote for it. But up to half of the Tory parliamentary party's 303 MPs may fail to support the bill by voting against it or abstaining in the second reading. Scores of Tory MPs say they are facing intense pressure in their constituencies to vote against the measure. The strength of feeling ... [truncated, 6632 chars total - full text at data/raw/news/text/NEWS-guardian_api-0d8deb2ce9f7.txt]",data/raw/news/text/NEWS-guardian_api-0d8deb2ce9f7.txt
NEWS-guardian_api-0dce06d64f6d,SCC-2013-05,guardian_api,local,SCC-2013-05:local,full_corpus,pending_human_review,"Clears every mechanically-checkable rule. Still requires the human pass for E4 (result leakage), the L/N relevance test (E5), E6 (Reform disambiguation, if applicable) and E8 (genuine editorial content) before it can count as eligible.",,,exclude,not_applicable,,,E5-NO-L-OR-N-RULE-MET,E6-NOT-REFORM-FLAGGED,,,"• Some Conservative MPs have expressed doubts about David Cameron's leadership after his party was pushed into third place in Eastleigh, but generally discipline is holding up and there has been no open challenge to the prime minister.",,,,high,,,,,,,,,,,Eastleigh byelection reaction - Tory crisis as Ukip surge: Politics live blog,2013-03-01,62,"likely E4-CLEAR (62 days before polling day - a genuine result leak would require the DATE itself being wrong, not just a careless read; still confirm by skimming for any reference to a declared result)","• Some Conservative MPs have expressed doubts about David Cameron's leadership after his party was pushed into third place in Eastleigh, but generally discipline is holding up and there has been no open challenge to the prime minister. On Wednesday David Davis said the party would be plunged into ""crisis"" if it was beaten by Ukip. But today no one has (yet?) been calling for Cameron to go - either on the record, or in an anonymous briefing to journalists - and criticism has been relatively muted. Stewart Jackson said gay marriage was a problem. (See 12.38pm.) And, on the World at One, Eleanor Laing said members felt let down by the leadership. Inevitably when the fortunes of the party are not as good as they ought to be then there is some disquiet. I'm afraid that there is a very large number of members of parliament on the Conservative benches now who come back from their constituencies every weekend in despair about the number of people who are resigning from the party. As Nicholas Watt reports, other Tories are expressing reservations about Cameron, but in private. Laing's comments are not helpful to the prime minister, but they don't constitute a leadership crisis. • Lord Ashcroft has published research suggesting that yesterday's result does not rule out the prospect of the Conservatives winning Eastleigh in 2015, as they would need to do to win an overall majority. It shows that only 43% of people who voted Lib Dem yesterday expect to vote for them again in 2015 and tha... [truncated, 36872 chars total - full text at data/raw/news/text/NEWS-guardian_api-0dce06d64f6d.txt]",data/raw/news/text/NEWS-guardian_api-0dce06d64f6d.txt
NEWS-guardian_api-0ef81f34140b,SCC-2013-05,guardian_api,local,SCC-2013-05:local,full_corpus,pending_human_review,"Clears every mechanically-checkable rule. Still requires the human pass for E4 (result leakage), the L/N relevance test (E5), E6 (Reform disambiguation, if applicable) and E8 (genuine editorial content) before it can count as eligible.",,,exclude,not_applicable,,,E5-NO-L-OR-N-RULE-MET,E6-NOT-REFORM-FLAGGED,,,There has been a revolution in the way councils provide customer services over the past 10 years.,,,,medium,,,,,,,,,,,Three golden rules for councils' customer service,2013-02-26,65,"likely E4-CLEAR (65 days before polling day - a genuine result leak would require the DATE itself being wrong, not just a careless read; still confirm by skimming for any reference to a declared result)","There has been a revolution in the way councils provide customer services over the past 10 years. Once thought of as simply 'back office' contact centres, the most forward-looking councils are transforming their customer services. In Sutton, we have reviewed and reorganised our customer services to bring together our face-to-face reception services, telephone, web and emerging mobile services. At the same time, we have developed a social media policy that allows staff to develop Twitter services with confidence. My favourites are @suttononline and the amazing @suttongrit. We have tried to be clearer about the level of service we can provide and we want to go even further in building the links with our library services. There is a now faster direct link between the face-to-face and telephone contact and the real time improvements we can make to our web and mobile services. That means we were able to ensure, for instance, that a resident and her young children – homeless as a result of domestic violence – did not get a parking ticket that would have revealed her whereabouts to her violent partner. But as councils continue to face staggering financial challenges and much of the time is spent grappling with the demands of delivering savings and transforming our services we must not lose sight of what really matters in customer services – our residents. A national review of the small number of complaints that get through to the final stages of the local government ombudsman servic... [truncated, 3664 chars total - full text at data/raw/news/text/NEWS-guardian_api-0ef81f34140b.txt]",data/raw/news/text/NEWS-guardian_api-0ef81f34140b.txt
NEWS-guardian_api-0f113534b576,ESWS-2026-05,guardian_api,local,ESWS-2026-05:local,full_corpus,pending_human_review,"Clears every mechanically-checkable rule. Still requires the human pass for E4 (result leakage), the L/N relevance test (E5), E6 (Reform disambiguation, if applicable) and E8 (genuine editorial content) before it can count as eligible.",,,exclude,not_applicable,,,E5-NO-L-OR-N-RULE-MET,E6-NOT-REFORM-FLAGGED,,,"We are pausing our live coverage of the arrest of Andrew Mountbatten-Windsor, formerly known as Prince Andrew, at his home on the Sandringham estate – the first arrest of a senior member of the royal family in modern history.",,,,high,,,,,,,,,,,Andrew Mountbatten-Windsor released under investigation after arrest – as it happened,2026-02-19,77,"likely E4-CLEAR (77 days before polling day - a genuine result leak would require the DATE itself being wrong, not just a careless read; still confirm by skimming for any reference to a declared result)","We are pausing our live coverage of the arrest of Andrew Mountbatten-Windsor, formerly known as Prince Andrew, at his home on the Sandringham estate – the first arrest of a senior member of the royal family in modern history. Here’s a brief recap of a shocking and dramatic day that could have profound ramifications for the royal family. Andrew Mountbatten-Windsor was arrested on Thursday morning on suspicion of misconduct in public office by police investigating the former prince’s dealings with the convicted child sex offender Jeffrey Epstein. Photographs showed unmarked police cars and plainclothes officers at Wood Farm on the Sandringham estate at about 8am (GMT). They searched the Norfolk property as well as his former home in the Royal Lodge in Great Windsor Park. Police had been assessing allegations that Mountbatten-Windsor shared sensitive information with Epstein when he was a UK trade envoy. The allegations stem from documents released by the US justice department relating to Epstein and his links to the rich and powerful. Emails released appeared to show Mountbatten-Windsor sharing reports of official visits to Hong Kong, Vietnam and Singapore. Another email appeared to send Epstein a confidential brief on investment opportunities in the reconstruction of Helmand Province, Afghanistan. Mountbatten-Windsor has always denied any wrongdoing or accusations against him, but has not directly responded to these latest allegations. He was released under investigation on Th... [truncated, 37886 chars total - full text at data/raw/news/text/NEWS-guardian_api-0f113534b576.txt]",data/raw/news/text/NEWS-guardian_api-0f113534b576.txt
NEWS-guardian_api-11c9f9d9e2b4,SCC-2017-05,guardian_api,local,SCC-2017-05:local,full_corpus,pending_human_review,"Clears every mechanically-checkable rule. Still requires the human pass for E4 (result leakage), the L/N relevance test (E5), E6 (Reform disambiguation, if applicable) and E8 (genuine editorial content) before it can count as eligible.",,,include,not_applicable,,,E5-L3-COUNCIL-ISSUE,E6-NOT-REFORM-FLAGGED,,,"Mr Corbyn had got hold of texts from the Tory leader of Surrey county council, David Hodge, apparently sent on Tuesday.",,,,medium,,,,,,,,,,,The Guardian view on social care: all councils need more cash | Editorial,2017-02-08,85,"likely E4-CLEAR (85 days before polling day - a genuine result leak would require the DATE itself being wrong, not just a careless read; still confirm by skimming for any reference to a declared result)","The emails from voters that Jeremy Corbyn sometimes quotes at prime minister’s questions rarely help him make a point. But the communication he read out from “Nick” this morning was devastating. It allowed him to expose Theresa May’s alarming inability to explain how the crisis engulfing the NHS and social care will be resolved. Mr Corbyn had got hold of texts from the Tory leader of Surrey county council, David Hodge, apparently sent on Tuesday. That was the day Mr Hodge unexpectedly called off a referendum to authorise a 15% increase in council tax. Surrey’s Liberal Democrat council opposition complains that the budget meeting due that morning was repeatedly delayed. When it did take place, there was a large hole where, if the council was to meet its budget without the tax hike, more than £100m of cuts should have been detailed. The texts explain some of the background. They indicate that a memorandum of understanding making the cuts unnecessary had been agreed with the Department for Communities and Local Government and the chancellor. As it happens, Philip Hammond, like the health minister Jeremy Hunt, is a Surrey MP. Their voters, some of whom would have struggled to find another £190 a year, will celebrate. But Mr Corbyn rightly argued that if rich Surrey gets more cash, so should every other council – not least Liverpool, whose director of adult social services has just resigned, saying he fears social care can’t survive beyond 2019. Today there was more evidence of im... [truncated, 3444 chars total - full text at data/raw/news/text/NEWS-guardian_api-11c9f9d9e2b4.txt]",data/raw/news/text/NEWS-guardian_api-11c9f9d9e2b4.txt
NEWS-guardian_api-12992199ee9a,ESWS-2026-05,guardian_api,local,ESWS-2026-05:local,full_corpus,pending_human_review,"Clears every mechanically-checkable rule. Still requires the human pass for E4 (result leakage), the L/N relevance test (E5), E6 (Reform disambiguation, if applicable) and E8 (genuine editorial content) before it can count as eligible.",,,exclude,not_applicable,,,E5-NO-L-OR-N-RULE-MET,E6-NOT-REFORM-FLAGGED,,,"The UK’s defence secretary, John Healey, said he wants to deploy British troops to Ukraine as it would signal an end to Russia’s war.",,,,high,,,,,,,,,,,Defence secretary says he hopes to deploy British troops to Ukraine - as it happened,2026-02-22,74,"likely E4-CLEAR (74 days before polling day - a genuine result leak would require the DATE itself being wrong, not just a careless read; still confirm by skimming for any reference to a declared result)","The UK’s defence secretary, John Healey, said he wants to deploy British troops to Ukraine as it would signal an end to Russia’s war. Shadow education secretary Laura Trott said the Conservatives wanted funding to be scrapped for “dead-end university courses”, such as creative art courses, which she said were leaving graduates with weaker job prospects. Trott also said the Tories would oppose any special educational needs and disabilities (Send) support being withdrawn amid reports that under school reforms for England children with education, health and care plans (EHCPs) will be reassessed after primary school from 2029. The education secretary, Bridget Phillipson, vowed that Send reforms will “transform support for children and families” and said the government would not be withdrawing “effective support” from children with special educational needs and disabilities under its proposals, which will be unveiled in full tomorrow in the schools white paper. Phillipson pledged that under the government’s overhaul of the Send system it will take weeks for children to get access to support, not months or years. The schools white paper, which could face major opposition from Labour MPs, is also expected to set a target to halve the disadvantage gap by the time children born in this parliament finish secondary school. The government is under growing pressure to alter what is widely seen as unfair system regarding “plan 2 loans” affecting millions of people who took out the loans be... [truncated, 26263 chars total - full text at data/raw/news/text/NEWS-guardian_api-12992199ee9a.txt]",data/raw/news/text/NEWS-guardian_api-12992199ee9a.txt
NEWS-guardian_api-146eae8c4edf,SCC-2013-05,guardian_api,local,SCC-2013-05:local,full_corpus,pending_human_review,"Clears every mechanically-checkable rule. Still requires the human pass for E4 (result leakage), the L/N relevance test (E5), E6 (Reform disambiguation, if applicable) and E8 (genuine editorial content) before it can count as eligible.",,,exclude,not_applicable,,,E5-NO-L-OR-N-RULE-MET,E6-NOT-REFORM-FLAGGED,,,"In 1982, the then archbishop of Canterbury, Robert Runcie, infuriated Mrs Thatcher by striking a note of reconciliation at the Falklands war memorial service, asking the congregation to pray for families on both sides of the conflict who had lost loved ones.",,,,high,,,,,,,,,,,Letters: Brassed off at the hymns of praise to Thatcher,2013-04-12,20,"likely E4-CLEAR (20 days before polling day - a genuine result leak would require the DATE itself being wrong, not just a careless read; still confirm by skimming for any reference to a declared result)","In 1982, the then archbishop of Canterbury, Robert Runcie, infuriated Mrs Thatcher by striking a note of reconciliation at the Falklands war memorial service, asking the congregation to pray for families on both sides of the conflict who had lost loved ones. Is it too much to hope that a similar note of reconciliation might be struck at Mrs Thatcher's funeral in the same cathedral? In our deeply divided country, many communities hold Margaret Thatcher and her government responsible for enormous suffering. Whatever views are held, surely here is an opportunity for the established church to once more ask the nation to remember in prayer all who now suffer from the blight of poverty and unemployment. The listeners can make up their minds as to its cause and Mrs Thatcher will have to plead her case to a greater judge. Rev Canon Adrian Alker Wetherby, West Yorkshire • With reference to your editorial (11 April), I'd like to propose an alternative celebration. I suggest that the magnificent film Brassed Off be shown on all TV channels next Wednesday, and also on a big screen outside St Paul's (maybe inside as well during the service?). That greatly lamented actor Pete Postlethwaite's peroration in the Royal Albert Hall regarding the enormous ramifications of the destruction of our mining communities should surely be viewed throughout the land as an alternative to the obscene obeisance towards the most reactionary prime minister we have ever countenanced in this country. Simon Strea... [truncated, 5311 chars total - full text at data/raw/news/text/NEWS-guardian_api-146eae8c4edf.txt]",data/raw/news/text/NEWS-guardian_api-146eae8c4edf.txt
NEWS-guardian_api-15c78ab8a5e5,SCC-2017-05,guardian_api,local,SCC-2017-05:local,full_corpus,pending_human_review,"Clears every mechanically-checkable rule. Still requires the human pass for E4 (result leakage), the L/N relevance test (E5), E6 (Reform disambiguation, if applicable) and E8 (genuine editorial content) before it can count as eligible.",,,include,not_applicable,,,E5-L4-COUNTY-WIDE,E6-NOT-REFORM-FLAGGED,,,The leader of Theresa May’s own local authority has said other councils could feel obliged to follow Surrey in seeking massive rises in council tax to pay for social care.,,,,high,,,,,,,,,,,Theresa May's council chief: others will follow Surrey on tax rise,2017-01-20,104,"likely E4-CLEAR (104 days before polling day - a genuine result leak would require the DATE itself being wrong, not just a careless read; still confirm by skimming for any reference to a declared result)","The leader of Theresa May’s own local authority has said other councils could feel obliged to follow Surrey in seeking massive rises in council tax to pay for social care. Simon Dudley, the Conservative leader of Windsor and Maidenhead council, was speaking after Surrey council, which is also Tory-run, said it would hold a referendum on plans to raise council tax by 15% amid pressures on its social care budget and children’s services. Surrey council’s leader, David Hodge, said the scale of central government funding cuts and rising demand for social care and other services meant he saw no other realistic option. “The alternative I have is to take a harsh brush and sweep away services,” Hodge told Channel 4 News late on Thursday. “I’m not prepared to do that.” Speaking on Friday morning, Dudley warned that Surrey was likely to be a harbinger of similar difficult decisions elsewhere. “Surrey is, in my view, just a canary in a coal mine,” Dudley told BBC Radio 4’s Today programme. “There will be other local authorities that are faced with incredibly difficult decisions in terms of preserving broader council services or protecting the vulnerable. “Given the way there is a referendum cap on how a local authority can increase its council tax, they will be forced to go to their electorate and go through a very painful process of asking people to make difficult decisions.” Dudley said that his authority was raising council tax by 3.95%, including the 3% increase allowed to fund socia... [truncated, 3494 chars total - full text at data/raw/news/text/NEWS-guardian_api-15c78ab8a5e5.txt]",data/raw/news/text/NEWS-guardian_api-15c78ab8a5e5.txt
NEWS-guardian_api-16e3173fb560,SCC-2013-05,guardian_api,local,SCC-2013-05:local,full_corpus,pending_human_review,"Clears every mechanically-checkable rule. Still requires the human pass for E4 (result leakage), the L/N relevance test (E5), E6 (Reform disambiguation, if applicable) and E8 (genuine editorial content) before it can count as eligible.",,,exclude,not_applicable,,,E5-NO-L-OR-N-RULE-MET,E6-NOT-REFORM-FLAGGED,,,"The troubled families programme was launched by David Cameron in 2011 to support families with multiple needs who ""cause problems to the community around them, putting high costs on the public sector"".",,,,medium,,,,,,,,,,,Live discussion: troubled families – what's working so far?,2013-01-29,93,"likely E4-CLEAR (93 days before polling day - a genuine result leak would require the DATE itself being wrong, not just a careless read; still confirm by skimming for any reference to a declared result)","The troubled families programme was launched by David Cameron in 2011 to support families with multiple needs who ""cause problems to the community around them, putting high costs on the public sector"". The scheme will see a single key worker appointed to manage input from different services together in one team, to avoid duplication and save local authorities and other agencies money. The government estimates that there are around 120,000 troubled families in England, with data collected in October and November 2011 indicating that £9bn is spent annually on these households – an average of £75,000 per family each year. The project aims to tackle a variety of different problems which together cost the public purse so much, from unemployment, poor school attendance and crime to anti-social behaviour. Local authorities will be funded through a payment-by-results scheme, which equates to £448m over three years, according to the Department for Communities and Local Government. While there is a lot of support for the scheme, it has also been beset by uncertainty. When the initial number of target families was announced some experts claimed councils were struggling to identify households in their area, while questions were asked over how the scheme would be funded. Councils and other agencies not used to sharing information have also had to rethink how they manage and pool data to make the project work. Some have suggested that the fear of job losses is holding councils back. But wh... [truncated, 3785 chars total - full text at data/raw/news/text/NEWS-guardian_api-16e3173fb560.txt]",data/raw/news/text/NEWS-guardian_api-16e3173fb560.txt
NEWS-guardian_api-16fe545e3a06,SCC-2013-05,guardian_api,local,SCC-2013-05:local,full_corpus,pending_human_review,"Clears every mechanically-checkable rule. Still requires the human pass for E4 (result leakage), the L/N relevance test (E5), E6 (Reform disambiguation, if applicable) and E8 (genuine editorial content) before it can count as eligible.",,,exclude,not_applicable,,,E5-NO-L-OR-N-RULE-MET,E6-NOT-REFORM-FLAGGED,,,"Sign up to Society daily email briefing Today's top SocietyGuardian stories • Iain Duncan Smith to unveil new ways of measuring child poverty • More than one new legal high goes on sale every week, survey finds • Michael Gove's civil service cuts 'to hit non-white, disabled and older workers' • IQ r",,,,medium,,,,,,,,,,,Society daily 15.11.12,2012-11-15,168,"likely E4-CLEAR (168 days before polling day - a genuine result leak would require the DATE itself being wrong, not just a careless read; still confirm by skimming for any reference to a declared result)","Sign up to Society daily email briefing Today's top SocietyGuardian stories • Iain Duncan Smith to unveil new ways of measuring child poverty • More than one new legal high goes on sale every week, survey finds • Michael Gove's civil service cuts 'to hit non-white, disabled and older workers' • IQ research prompts warning over drinking alcohol during pregnancy • Bias claims after Grant Shapps's local town wins bid for Portas funding • Unanswered questions over death of pregnant woman in Irish hospital • Conservative MP 'attacked with rocks and tomatoes' before squatting talk • Zoe Williams: Schizophrenia shouldn't be a life sentence. But it will be • Julia King: Helping a few bright pupils won't promote social mobility All today's SocietyGuardian stories Jobs of the week • Director of finance, Motor Neurone Disease Association: ""The MND Association is looking to appoint a Director of Finance who will help to steer us through the challenging times ahead. You must be influential and politically astute with a background that highlights a rare mix of financial skill and inspirational corporate leadership."" • Organisational planning manager, National Trust • Director of operations, Diocese of Coventry • Head of strategic risk, Ofqual The Guardian's public and voluntary sector careers page Hundreds of public and voluntary sector jobs On the Guardian Professional Networks • NHS mandate dumps the targets to focus on improvements, says Richard Vize • New Welsh Institute for Public Pol... [truncated, 8123 chars total - full text at data/raw/news/text/NEWS-guardian_api-16fe545e3a06.txt]",data/raw/news/text/NEWS-guardian_api-16fe545e3a06.txt
NEWS-guardian_api-199a9d619129,ESWS-2026-05,guardian_api,local,ESWS-2026-05:local,full_corpus,pending_human_review,"Clears every mechanically-checkable rule. Still requires the human pass for E4 (result leakage), the L/N relevance test (E5), E6 (Reform disambiguation, if applicable) and E8 (genuine editorial content) before it can count as eligible.",,,exclude,not_applicable,,,E5-NO-L-OR-N-RULE-MET,E6-NOT-REFORM-FLAGGED,,,"Holidaymakers who had planned to visit the eastern Mediterranean this summer are moving their trips to the west and the Caribbean because of the US-Israel war on Iran, travel companies have said.",,,,medium,,,,,,,,,,,War prompts Europeans to switch holidays away from eastern Mediterranean,2026-03-14,54,"likely E4-CLEAR (54 days before polling day - a genuine result leak would require the DATE itself being wrong, not just a careless read; still confirm by skimming for any reference to a declared result)","Holidaymakers who had planned to visit the eastern Mediterranean this summer are moving their trips to the west and the Caribbean because of the US-Israel war on Iran, travel companies have said. Travellers from the UK and mainland Europe are increasingly swapping their holiday destinations away from Cyprus, Turkey and Greece towards Italy, Spain, Malta and Croatia, as the region around the Middle East grapples with flight cancellations and airspace closures. Tui, Europe’s biggest holiday operator, said demand had risen sharply in recent days for holidays in Spain, Portugal, Greece and Cape Verde this summer as customers opted for “familiar, easy‑to‑reach locations”. “While we are seeing some cancellations in the affected areas, these are currently outweighed by customers choosing to amend their plans instead,” Neil Swanson, a director at Tui, said. Jonathon Woodall-Johnston, of Hays Travel, the holiday agency that took on some of the collapsed Thomas Cook high street stores, added that demand was growing particularly strongly for trips to Italy, Malta and Croatia. More people were also looking across the Atlantic for their summer holiday, they said, in an attempt to avoid travel disruption. Swanson said: “We’re seeing particularly strong demand for our direct long‑haul flying to the Caribbean, especially the Dominican Republic and Jamaica.” Mark Duguid, of the Surrey-based holiday operator Kuoni, said interest in the Caribbean was “off the charts” for trips in the coming wee... [truncated, 4187 chars total - full text at data/raw/news/text/NEWS-guardian_api-199a9d619129.txt]",data/raw/news/text/NEWS-guardian_api-199a9d619129.txt
NEWS-guardian_api-1a1672f06a40,SCC-2021-05,guardian_api,local,SCC-2021-05:local,full_corpus,pending_human_review,"Clears every mechanically-checkable rule. Still requires the human pass for E4 (result leakage), the L/N relevance test (E5), E6 (Reform disambiguation, if applicable) and E8 (genuine editorial content) before it can count as eligible.",,,exclude,not_applicable,,,E5-NO-L-OR-N-RULE-MET,E6-NOT-REFORM-FLAGGED,,,A government document intended to win over Tory MPs reluctant to vote for the three-tier coronavirus restrictions in England tomorrow has failed to impress backbenchers.,,,,high,,,,,,,,,,,UK coronavirus: Matt Hancock says pandemic 'back under control' but country cannot let up – as it happened,2020-11-30,157,"likely E4-CLEAR (157 days before polling day - a genuine result leak would require the DATE itself being wrong, not just a careless read; still confirm by skimming for any reference to a declared result)","A government document intended to win over Tory MPs reluctant to vote for the three-tier coronavirus restrictions in England tomorrow has failed to impress backbenchers. They wanted a cost-benefit analysis of the restrictions. But the assessment published this afternoon does not provide that. (See 5.56pm and 6.08pm.) Mel Stride, the Conservative chair of the Commons Treasury committee, said: On a number of occasions, I’ve requested from the chancellor and Treasury officials that they publish an analysis of the economic impacts of the three tiers. With little over 24 hours until MPs vote on the new tiered system, this rehashed document offers very little further in economic terms other than that which the OBR published last week. It’s frustrating that there is little here that sets out how the different tiers might impact on the specific sectors and regions across the country. Those looking for additional economic analysis of the new tiered system will struggle to find it in this document. Pubs, bars and restaurants in Wales will be banned from selling alcohol and forced to shut early, as the Welsh first minister said Covid was spreading “incredibly quickly” across the country and that the gains made during its “firebreak” lockdown were being eroded. Nicola Sturgeon has pledged to pay every NHS and social care worker in Scotland a £500 Covid bonus and has called on Boris Johnson to make the payment tax-free. Matt Hancock, the health secretary, has claimed that some areas of En... [truncated, 57088 chars total - full text at data/raw/news/text/NEWS-guardian_api-1a1672f06a40.txt]",data/raw/news/text/NEWS-guardian_api-1a1672f06a40.txt
NEWS-guardian_api-1a92fcb94927,SCC-2013-05,guardian_api,local,SCC-2013-05:local,full_corpus,pending_human_review,"Clears every mechanically-checkable rule. Still requires the human pass for E4 (result leakage), the L/N relevance test (E5), E6 (Reform disambiguation, if applicable) and E8 (genuine editorial content) before it can count as eligible.",,,exclude,not_applicable,,,E5-NO-L-OR-N-RULE-MET,E6-NOT-REFORM-FLAGGED,,,"The millions of people embarking on the great Christmas getaway this weekend will have to contend with the threat of more rain and flooding, which could bring further disruption, delays and misery to the roads and railways.",,,,high,,,,,,,,,,,"Christmas getaway: millions face floods, delays and disruption",2012-12-21,132,"likely E4-CLEAR (132 days before polling day - a genuine result leak would require the DATE itself being wrong, not just a careless read; still confirm by skimming for any reference to a declared result)","The millions of people embarking on the great Christmas getaway this weekend will have to contend with the threat of more rain and flooding, which could bring further disruption, delays and misery to the roads and railways. Friday is expected to be the busiest travelling day of the festive period, with airports, sea ports and the rail and road networks braced to cope with a vast army of travellers. The exodus from Heathrow was also at its greatest, with 123,000 passengers due to depart from the airport west of London, which will handle a further 114,000 departures on Sunday and 88,000 on Christmas Eve. But there are delays of up to an hour on First Great Western trains between London Paddington, Heathrow and Reading because of a signalling problem, and Heathrow Express and Heathrow Connect services are suspended. Rail services to Gatwick airport are also disrupted by a major signalling problem at Preston Park near Brighton, and all routes through Blackfriars station in London are being delayed because of signalling problems there and at Elephant &amp; Castle in south London. In Cornwall, the First Great Western train company, which was badly hit by heavy rain earlier in the winter, was affected by floods again, with buses having to replace trains between Liskeard and Looe. There is also disruption to some Scottish rail services after a landslip between Gleneagles and Perth at about 11am. ScotRail said services could be delayed or revised at short notice as a result, with cont... [truncated, 5208 chars total - full text at data/raw/news/text/NEWS-guardian_api-1a92fcb94927.txt]",data/raw/news/text/NEWS-guardian_api-1a92fcb94927.txt
NEWS-guardian_api-1b5f7401e29e,SCC-2017-05,guardian_api,local,SCC-2017-05:local,full_corpus,pending_human_review,"Clears every mechanically-checkable rule. Still requires the human pass for E4 (result leakage), the L/N relevance test (E5), E6 (Reform disambiguation, if applicable) and E8 (genuine editorial content) before it can count as eligible.",,,needs_second_review,not_applicable,,,E5-BORDERLINE-PLACE-MENTION,E6-NOT-REFORM-FLAGGED,,,"The new data, drawn largely from freedom of information requests to 217 local authorities across the UK, shows that Thurrock, Hillingdon, Croydon, Kent County Council and Surrey had the highest numbers of trafficked and unaccompanied children who were unaccounted for.",,,,,,,,,,,,,,,Child trafficking victims disappearing from UK care at 'alarming' rate,2016-11-14,171,"likely E4-CLEAR (171 days before polling day - a genuine result leak would require the DATE itself being wrong, not just a careless read; still confirm by skimming for any reference to a declared result)","Child trafficking victims and unaccompanied children are going missing from local authority care at an “alarming” rate according to a new report, which reveals that in one year, nearly 30% of all UK child trafficking victims and 13% of unaccompanied children disappeared from care services. New research by child trafficking NGO Ecpat UK and the charity Missing People has found that 167 of the 590 children suspected or identified as child trafficking victims in the year from September 2014 to 2015 vanished from foster and care homes across the country. An additional 593 of the 4,744 unaccompanied children placed under the protection of local authorities also went missing at least once in the same time period. Of the 760 trafficked or unaccompanied children who disappeared from care, 207 have never been found. The new data, drawn largely from freedom of information requests to 217 local authorities across the UK, shows that Thurrock, Hillingdon, Croydon, Kent County Council and Surrey had the highest numbers of trafficked and unaccompanied children who were unaccounted for. One local authority reported that 22 child trafficking victims had gone missing in the recorded time period. The majority of child trafficking victims who vanished from care are from Vietnam, Albania and the UK. Most of the unaccompanied children who went missing are from Afghanistan, Eritrea, Albania and Vietnam. Despite the high numbers, Ecpat says that the real scale of the UK’s missing child trafficking v... [truncated, 4993 chars total - full text at data/raw/news/text/NEWS-guardian_api-1b5f7401e29e.txt]",data/raw/news/text/NEWS-guardian_api-1b5f7401e29e.txt
NEWS-guardian_api-1cd27613c8fe,SCC-2021-05,guardian_api,local,SCC-2021-05:local,full_corpus,pending_human_review,"Clears every mechanically-checkable rule. Still requires the human pass for E4 (result leakage), the L/N relevance test (E5), E6 (Reform disambiguation, if applicable) and E8 (genuine editorial content) before it can count as eligible.",,,exclude,not_applicable,,,E5-NO-L-OR-N-RULE-MET,E6-NOT-REFORM-FLAGGED,,,"My colleague and mentor Roy Tabor, who has died aged 91, made an indelible mark on information services in the NHS.",,,,high,,,,,,,,,,,Roy Tabor  obituary,2021-03-24,43,"likely E4-CLEAR (43 days before polling day - a genuine result leak would require the DATE itself being wrong, not just a careless read; still confirm by skimming for any reference to a declared result)","My colleague and mentor Roy Tabor, who has died aged 91, made an indelible mark on information services in the NHS. Appointed as Wessex regional librarian in 1967, in an era when library services were fragmented and often poor, he laid out principles for a library service in which all clinicians had access to timely, quality information to help with their care. He wanted to make sure that health professionals could access the entire knowledge base of medicine, no matter what their status or location. To these ends he researched, networked and secured funds to set up a regional network, incorporating newly appointed district librarians and sharing resources with teaching hospitals and medical schools. Essential features were the shared catalogue, an appropriate classification scheme, and an audiovisual library. In 1974 he participated in a pioneering project to enable remote searching of the resources of the US National Library of Medicine. Empowering the patient was vital to Roy’s philosophy. In 1978 he secured a grant to set up a new database of information for patients, carers and volunteers, which developed as the Help for Health project and was in many respects a pilot and pioneer for the NHS Direct phone-in service. He also designed libraries at Poole general hospital, Dorset county hospital, Southampton University medical school, and the healthcare libraries of Salisbury, Basingstoke, Winchester and Portsmouth, plus smaller facilities for clinics and psychiatric hospita... [truncated, 2941 chars total - full text at data/raw/news/text/NEWS-guardian_api-1cd27613c8fe.txt]",data/raw/news/text/NEWS-guardian_api-1cd27613c8fe.txt
NEWS-guardian_api-1efd0842f3d0,ESWS-2026-05,guardian_api,local,ESWS-2026-05:local,full_corpus,pending_human_review,"Clears every mechanically-checkable rule. Still requires the human pass for E4 (result leakage), the L/N relevance test (E5), E6 (Reform disambiguation, if applicable) and E8 (genuine editorial content) before it can count as eligible.",,,include,not_applicable,,,E5-L4-COUNTY-WIDE,E6-NOT-REFORM-FLAGGED,,,"The Lib Dems leader has identified five councils – East Surrey, West Surrey, Hampshire, West Sussex and Huntingdonshire – where his party could win overall control, as well as swathes of the former “blue wall” where Davey said it was a “straight fight” between his party and Reform at the English local elections.",,,,high,,,,,,,,,,,"Vote Lib Dem or ‘regret it’ living under a Reform council, Davey tells voters",2026-05-05,2,read carefully (2 days before polling day - close enough that a dating error could plausibly let leakage through; do not default to E4-CLEAR here),"Voters in the home counties will “regret it for a long time” if they do not back the Liberal Democrats and wake up to a Reform-led council, Ed Davey has said. The Lib Dems leader has identified five councils – East Surrey, West Surrey, Hampshire, West Sussex and Huntingdonshire – where his party could win overall control, as well as swathes of the former “blue wall” where Davey said it was a “straight fight” between his party and Reform at the English local elections. More than 5,000 councillors will be elected on Thursday, with more than half of these being in either London or the south-east. Some projections show the Lib Dems gaining 500 seats, with Labour losing as many as 1,800. The Greens are also expected to gain hundreds of seats, with top projections putting the figure at 1,700. The pollsters More In Common expect the Lib Dems to take the newly created East and West Surrey councils. “If we are going to stop Reform, we are the party most capable of doing that, it is on a knife edge in some of these areas,” Davey said. “People could vote Labour or Green and then we will get narrowly beaten by Reform and people will regret it for a long time.” Unlike previous elections, Labour and the Conservatives have a fractured voter base, putting many seats up for grabs for the Greens, Liberal Democrats and Reform. Davey said the Lib Dems were a better bet than the Greens, adding: “We are finding that when people realise the choice is us or Reform, lots of people who were even think... [truncated, 4631 chars total - full text at data/raw/news/text/NEWS-guardian_api-1efd0842f3d0.txt]",data/raw/news/text/NEWS-guardian_api-1efd0842f3d0.txt
NEWS-guardian_api-1f4219c18123,SCC-2013-05,guardian_api,local,SCC-2013-05:local,full_corpus,pending_human_review,"Clears every mechanically-checkable rule. Still requires the human pass for E4 (result leakage), the L/N relevance test (E5), E6 (Reform disambiguation, if applicable) and E8 (genuine editorial content) before it can count as eligible.",,,exclude,not_applicable,,,E5-NO-L-OR-N-RULE-MET,E6-NOT-REFORM-FLAGGED,,,"Now that the Lib Dems have at last recovered an instinct for survival, if not adherence to principle (Clegg fears reprisals over Lib Dem stance on boundary vote, 30 January), is it too much to hope that self-interest at least will encourage them to support David Owen's bill to restore the legal and democratic basis of the NHS (My plan to save the NHS, 29 January)?",,,,high,,,,,,,,,,,Letters: We must act now if the NHS is to be saved,2013-01-30,92,"likely E4-CLEAR (92 days before polling day - a genuine result leak would require the DATE itself being wrong, not just a careless read; still confirm by skimming for any reference to a declared result)","Now that the Lib Dems have at last recovered an instinct for survival, if not adherence to principle (Clegg fears reprisals over Lib Dem stance on boundary vote, 30 January), is it too much to hope that self-interest at least will encourage them to support David Owen's bill to restore the legal and democratic basis of the NHS (My plan to save the NHS, 29 January)? With Labour launching a health and social care policy review, the time has come for all interested parties, professional and patient groups, to work together to build a consensus aimed not only at stopping the worst excesses of the coalition's market reforms, but at moving away from the wasteful purchaser-provider split and developing integrated health and social care services subject to democratic accountability and control. Proposals need to be ready for rapid enactment after the 2015 election to prevent further years of decline and demoralisation. Dr Anthony Isaacs London • The article by David Owen makes many incorrect and damaging claims against the Health and Social Care Act. The duties of the health secretary, in place since the founding of the NHS, are absolutely reinforced by the act, and do not change the duty to promote a comprehensive health service. It simply makes clear that it is not the responsibility of ministers to provide or commission services directly; this is the job of frontline organisations, free from political micromanagement. In fact, by setting out each organisation's functions and respon... [truncated, 5902 chars total - full text at data/raw/news/text/NEWS-guardian_api-1f4219c18123.txt]",data/raw/news/text/NEWS-guardian_api-1f4219c18123.txt
NEWS-guardian_api-20ea5ef7a322,SCC-2021-05,guardian_api,local,SCC-2021-05:local,full_corpus,pending_human_review,"Clears every mechanically-checkable rule. Still requires the human pass for E4 (result leakage), the L/N relevance test (E5), E6 (Reform disambiguation, if applicable) and E8 (genuine editorial content) before it can count as eligible.",,,exclude,not_applicable,,,E5-NO-L-OR-N-RULE-MET,E6-NOT-REFORM-FLAGGED,,,"A vaccine for HIV: ‘This is an incredibly exciting result’ The Covid-19 vaccinations captured the world’s attention in November yet, around the same time, researchers behind a trial known as HPTN 084 also published spectacular results.",,,,high,,,,,,,,,,,Reasons to be hopeful in 2021,2020-12-27,130,"likely E4-CLEAR (130 days before polling day - a genuine result leak would require the DATE itself being wrong, not just a careless read; still confirm by skimming for any reference to a declared result)","A vaccine for HIV: ‘This is an incredibly exciting result’ The Covid-19 vaccinations captured the world’s attention in November yet, around the same time, researchers behind a trial known as HPTN 084 also published spectacular results. The trial, which took place across seven countries in sub-Saharan Africa, found that an eight-weekly injection with a drug called cabotegravir was more effective than daily medication in an oral pill form in preventing HIV in women. An estimated 38 million people in the world are currently living with HIV – two thirds of these people live in Africa. In South Africa, more than 62% of the 7.5 million adults living with HIV are women. While a pre-exposure prophylactic pill is currently available for people at risk, the HPTN 084 trial – undertaken by the HIV Prevention Trials Network (HPTN) and partly funded by the Bill and Melinda Gates Foundation – found cabotegravir to be 89% more effective. “The injection overcame many of the challenges that women in the region experience with taking a daily pill,” trial chair Dr Sinéad Delany-Moretlwe says, explaining that stigma often prevents people taking their pill consistently. “Partners may feel insecure because they think it means their partners are going to be unfaithful and just generally women experience judgments about being sexually active,” she explains. Delany-Moretlwe, who works at the University of the Witwatersrand in Johannesburg, says that the injection is “discreet and convenient and not vi... [truncated, 24401 chars total - full text at data/raw/news/text/NEWS-guardian_api-20ea5ef7a322.txt]",data/raw/news/text/NEWS-guardian_api-20ea5ef7a322.txt
NEWS-guardian_api-213dc650baaa,SCC-2021-05,guardian_api,local,SCC-2021-05:local,full_corpus,pending_human_review,"Clears every mechanically-checkable rule. Still requires the human pass for E4 (result leakage), the L/N relevance test (E5), E6 (Reform disambiguation, if applicable) and E8 (genuine editorial content) before it can count as eligible.",,,exclude,not_applicable,,,E5-NO-L-OR-N-RULE-MET,E6-NOT-REFORM-FLAGGED,,,"We’ve launched a new blog at the link below – head there for the latest: Immunity produced from Moderna’s Covid-19 vaccine should last at least a year, the company has said.",,,,high,,,,,,,,,,,Spain sees record rise in weekend cases – as it happened,2021-01-10,116,"likely E4-CLEAR (116 days before polling day - a genuine result leak would require the DATE itself being wrong, not just a careless read; still confirm by skimming for any reference to a declared result)","We’ve launched a new blog at the link below – head there for the latest: Immunity produced from Moderna’s Covid-19 vaccine should last at least a year, the company has said. The company’s vaccine, mRNA-1273, uses synthetic mRNA to mimic the surface of the coronavirus and teach the immune system to recognise and neutralise it. Moderna said in December it would run tests to confirm the vaccine’s activity against any strain. The company said on Monday it expects to deliver between 600m doses and one billion doses of its vaccine in 2021, and forecast vaccine-related sales of $11.7bn for the year, based on advance purchase agreements signed with governments. “The team feels very comfortable with the track record we have now ... that we are on track to deliver at least 600 million doses,” chief executive officer Stéphane Bancel said. Egypt expects to start receiving Covid-19 vaccines through the GAVI vaccine alliance in the coming weeks, the health minister said. Egypt will get 40m doses via GAVI for 20 million people or 20% of the 100 million population, Hala Zayed said. “Within two or three weeks maximum there will be the beginning of the influx of GAVI vaccines, which largely will be AstraZeneca (vaccines),” she said. GAVI and the World Health Organization have established the COVAX initiative to secure fair vaccine access for lower and middle income countries. Zayed said Egypt also expected to sign a contract with AstraZeneca once an Egyptian drug regulator approves the company... [truncated, 99640 chars total - full text at data/raw/news/text/NEWS-guardian_api-213dc650baaa.txt]",data/raw/news/text/NEWS-guardian_api-213dc650baaa.txt
NEWS-guardian_api-2273c756b650,ESWS-2026-05,guardian_api,local,ESWS-2026-05:local,full_corpus,pending_human_review,"Clears every mechanically-checkable rule. Still requires the human pass for E4 (result leakage), the L/N relevance test (E5), E6 (Reform disambiguation, if applicable) and E8 (genuine editorial content) before it can count as eligible.",,,needs_second_review,not_applicable,,,E5-BORDERLINE-PLACE-MENTION,E6-NOT-REFORM-FLAGGED,,,"The “losers” include wealthier central London boroughs including Kensington and Chelsea, and affluent home counties commuter belt councils such as Surrey.",,,,,,,,,,,,,,,Council funding deal: who are the winners and losers – and will tax bills rise? ,2025-12-17,141,"likely E4-CLEAR (141 days before polling day - a genuine result leak would require the DATE itself being wrong, not just a careless read; still confirm by skimming for any reference to a declared result)","English councils have received a new three-year financial settlement. But is it fair? Who are the winners and losers? Will your council tax bill go up, and will it stop councils from declaring effective bankruptcy? What is the English local government finance settlement, and why is it important? The government announced a three-year funding settlement for English councils on Wednesday. This sets out each local authority’s core finance allocation, enabling them to set local council tax bills for next April and finalise an overall budget. For the first time, government funding for councils was distributed using a new Fair Funding formula that gives higher weighting (and thus a greater relative share of overall resources) to local authorities with high “deprivation” scores (relative deprivation is measured by factors such as income, employment, health, housing costs and crime). Are there winners and losers from the new funding formula? Middlesbrough, Manchester and Birmingham were among the most deprived local authority areas according to the latest indices of deprivation – and they will see some of the biggest increases in spending power from April. Outer London boroughs such as Haringey and Newham also benefit. The “losers” include wealthier central London boroughs including Kensington and Chelsea, and affluent home counties commuter belt councils such as Surrey. Ministers say the new formula is fairer because it directs a bigger share of overall funding to areas that need the... [truncated, 3911 chars total - full text at data/raw/news/text/NEWS-guardian_api-2273c756b650.txt]",data/raw/news/text/NEWS-guardian_api-2273c756b650.txt
NEWS-guardian_api-228e6e8d4468,SCC-2021-05,guardian_api,local,SCC-2021-05:local,full_corpus,pending_human_review,"Clears every mechanically-checkable rule. Still requires the human pass for E4 (result leakage), the L/N relevance test (E5), E6 (Reform disambiguation, if applicable) and E8 (genuine editorial content) before it can count as eligible.",,,include,not_applicable,,,E5-L1-PLACE,E6-NOT-REFORM-FLAGGED,,,"Amid a list dominated by unions and businesses handing sums to the big parties was notice of £204,888.20 going to the Hersham village society.",,,,medium,,,,,,,,,,,Party with one councillor registers one of UK's biggest political donations,2020-12-03,154,"likely E4-CLEAR (154 days before polling day - a genuine result leak would require the DATE itself being wrong, not just a careless read; still confirm by skimming for any reference to a declared result)","Even in an era when British politics seems endlessly surprising, this was an eye-opener: one of the biggest individual political donations this year has gone not to the Conservative party or to Labour but to a tiny group in Surrey with just one councillor. The news came in the quarterly update of donations produced by the Electoral Commission. Amid a list dominated by unions and businesses handing sums to the big parties was notice of £204,888.20 going to the Hersham village society. It is fair to say that outside the somewhat niche political circles of Elmbridge borough council, most people will not have heard of this particular party. One of a string of village-based independent groups that run Elmbridge council in coalition with the Liberal Democrats, it has for decades represented the interests of a small commuter-belt outpost best known, if at all, as the home of the punk group Sham 69, who immortalised it in their 1979 hit Hersham Boys. The money came in the will of Richard Greenwood, a Hersham man who died last year aged 84, seemingly without any living relatives. The bequest came as a surprise even to his local party. “I can’t even say I knew him, actually,” said Roy Green, the party’s one councillor. “He only made out his will about three days before he died, and he left big sums of money to various organisations, not just us but a local hospice and the MCC. “He left over £1m in all. No one knew he was that rich – he lived in this little ex-council house. I think one... [truncated, 3480 chars total - full text at data/raw/news/text/NEWS-guardian_api-228e6e8d4468.txt]",data/raw/news/text/NEWS-guardian_api-228e6e8d4468.txt
NEWS-guardian_api-22e1a728067e,SCC-2013-05,guardian_api,local,SCC-2013-05:local,full_corpus,pending_human_review,"Clears every mechanically-checkable rule. Still requires the human pass for E4 (result leakage), the L/N relevance test (E5), E6 (Reform disambiguation, if applicable) and E8 (genuine editorial content) before it can count as eligible.",,,exclude,not_applicable,,,E5-NO-L-OR-N-RULE-MET,E6-NOT-REFORM-FLAGGED,,,"In the 1960s a local newspaper hailed a 'plan for gracious living' in a new town that would be home to more than 15,000 escapees from Liverpool's slums and deprivation.",,,,high,,,,,,,,,,,How localism can prevent another Cantril Farm,2013-03-04,59,"likely E4-CLEAR (59 days before polling day - a genuine result leak would require the DATE itself being wrong, not just a careless read; still confirm by skimming for any reference to a declared result)","In the 1960s a local newspaper hailed a 'plan for gracious living' in a new town that would be home to more than 15,000 escapees from Liverpool's slums and deprivation. But when residents arrived at the Cantril Farm estate in Knowsley in 1965 there were no shops and no buses back to the places they knew. Because the land was bought by Liverpool City Council but the county of Lancashire was responsible for education, Cantril Farm had no schools until the Catholic church moved in. The Radburn layout, designed to separate pedestrians and cars, created un-overlooked, unsafe spaces and increased the sense of insularity. By the mid-1980s the estate's reputation had become so poor that ownership was transferred to a new landlord, the Stockbridge Village Trust (now Villages Housing), and the area rebranded in an attempt to signal a new start. It has taken decades and millions of pounds of public investment for Stockbridge Village to begin to become the place it was meant to be. Nearly half a century on, Stockbridge Village is celebrating the completion of a 'village centre' with a sports hall, swimming pool, café, studios and a youth club – the kind of facilities and spaces for community activity that should have been considered at the beginning. Today the government risks repeating the story of Cantril Farm as social support is cut and housing providers are under pressure to build as many homes as cheaply as possible. A new report for the think tank ResPublica, published today expla... [truncated, 5628 chars total - full text at data/raw/news/text/NEWS-guardian_api-22e1a728067e.txt]",data/raw/news/text/NEWS-guardian_api-22e1a728067e.txt
NEWS-guardian_api-2375274daaa3,SCC-2017-05,guardian_api,local,SCC-2017-05:local,full_corpus,pending_human_review,"Clears every mechanically-checkable rule. Still requires the human pass for E4 (result leakage), the L/N relevance test (E5), E6 (Reform disambiguation, if applicable) and E8 (genuine editorial content) before it can count as eligible.",,,exclude,not_applicable,,,E5-NO-L-OR-N-RULE-MET,E6-NOT-REFORM-FLAGGED,,,"The raucous chugging sound of Status Quo has been a constant presence for almost half a century of rock’n’roll, ever since the band gave up on the idea of playing psychedelic music at the end of the 1960s in favour of a grittier approach.",,,,medium,,,,,,,,,,,Rick Parfitt obituary,2016-12-24,131,"likely E4-CLEAR (131 days before polling day - a genuine result leak would require the DATE itself being wrong, not just a careless read; still confirm by skimming for any reference to a declared result)","The raucous chugging sound of Status Quo has been a constant presence for almost half a century of rock’n’roll, ever since the band gave up on the idea of playing psychedelic music at the end of the 1960s in favour of a grittier approach. The singer and rhythm guitarist Rick Parfitt, who has died aged 68 from an infection, had been a pivotal member of the band even before it became known as Status Quo. He and his fellow singer/guitarist Francis Rossi constituted the group’s creative core, and between them set the band’s matey, wisecracking tone. By the time of Parfitt’s death, Status Quo had notched up more than 60 hits on the UK singles charts and released 32 studio albums, as well as a string of live albums and compilations. In the process they became one of the most successful British bands of all time, scoring chart hits in every decade from the 1960s until 2010 and spending more than 200 weeks in the UK singles chart. Among numerous career highlights, Quo were the opening act at Live Aid at Wembley stadium in July 1985, aptly kicking off with Rockin’ All Over the World, and were back at Wembley in 2007 for the Concert for Diana. In 1991 Quo earned themselves a place in the Guinness World Records by playing four arena-sized concerts across Britain in one day, and in 2005 Rossi and Parfitt cemented their status as household names by appearing in Coronation Street. In 2010 both were appointed OBE. Born in Woking, Surrey, Rick was the son of Richard, an insurance man whom he... [truncated, 9789 chars total - full text at data/raw/news/text/NEWS-guardian_api-2375274daaa3.txt]",data/raw/news/text/NEWS-guardian_api-2375274daaa3.txt
NEWS-guardian_api-255b02734334,SCC-2013-05,guardian_api,local,SCC-2013-05:local,full_corpus,pending_human_review,"Clears every mechanically-checkable rule. Still requires the human pass for E4 (result leakage), the L/N relevance test (E5), E6 (Reform disambiguation, if applicable) and E8 (genuine editorial content) before it can count as eligible.",,,exclude,not_applicable,,,E5-NO-L-OR-N-RULE-MET,E6-NOT-REFORM-FLAGGED,,,"• A Comment article said that the 2011 census showed that across the country there are ""around a million households that speak no English"".",,,,high,,,,,,,,,,,Corrections and clarifications,2012-12-19,134,"likely E4-CLEAR (134 days before polling day - a genuine result leak would require the DATE itself being wrong, not just a careless read; still confirm by skimming for any reference to a declared result)","• A Comment article said that the 2011 census showed that across the country there are ""around a million households that speak no English"". In fact the census showed that just over a million households in England and Wales do not include a person who has English (or Welsh) as their main language. Many of those are likely to include people who can speak some English (Labour can afford to push harder on immigration, 17 December, page 27). • St Anthony's hospital in Cheam, Surrey, was incorrectly said to be owned by Bupa in an article about the health service. The writer intended to say the hospital is Bupa-approved. St Anthony's is an independent charitable hospital owned by the Congregation of the Daughters of the Cross (NHS trusts are enmeshed in private provision – as buyers and suppliers, 19 December, page 12). • The coffee chain sector in Britain was said in an article to be expected to grow by more than 6,000 outlets a year. In fact it is expected to grow to 6,000 branded outlets in total by 2015. In the print version of the article we inadvertently insulted Birmingham readers when the last word of a trimmed paragraph was accidentally left behind, leading to the following statement being printed: ""The barista is becoming a recognised profession, and not just among those who can't spell barrister. brummies."" (Magic beans, 19 December, page 6, G2.) • Political leaders warn of 'looming financial crisis' for councils was amended because the original said Bristol city council ... [truncated, 1829 chars total - full text at data/raw/news/text/NEWS-guardian_api-255b02734334.txt]",data/raw/news/text/NEWS-guardian_api-255b02734334.txt
NEWS-guardian_api-25864e9a39f5,SCC-2013-05,guardian_api,local,SCC-2013-05:local,full_corpus,pending_human_review,"Clears every mechanically-checkable rule. Still requires the human pass for E4 (result leakage), the L/N relevance test (E5), E6 (Reform disambiguation, if applicable) and E8 (genuine editorial content) before it can count as eligible.",,,exclude,not_applicable,,,E5-NO-L-OR-N-RULE-MET,E6-NOT-REFORM-FLAGGED,,,"In a select committee meeting earlier this week, Lord Heseltine told MPs that ""the general approach that we adopt [to growth] in this country is unlike any other I know – it is too centralist and too generalist"".",,,,medium,,,,,,,,,,,Live discussion: is government holding councils back on economic growth?,2012-12-11,142,"likely E4-CLEAR (142 days before polling day - a genuine result leak would require the DATE itself being wrong, not just a careless read; still confirm by skimming for any reference to a declared result)","In a select committee meeting earlier this week, Lord Heseltine told MPs that ""the general approach that we adopt [to growth] in this country is unlike any other I know – it is too centralist and too generalist"". He claimed that the government's strategy was too narrow and didn't include all government departments, making it difficult to implement as ministers are all working towards different goals. On localism, Heseltine was unequivocal: ""More and more, central government has taken powers away and the argument is always the same – [that] they are not up to the job. It's on the basis that you can't trust either chambers of commerce or local government and that is precisely the wrong solution."" In his recent report, No stone unturned in pursuit of growth, Heseltine argued that without real local power there can be no regional economic growth. Despite initial fears that the government would ignore his recommendations, George Osborne's announcement of a central pot from which local enterprise partnerships (LEPs) can bid for funding for has proved reassuring. Yet councils and LEPs are unlikely to see the kind of financial freedom they desire when it comes to boosting business and investment in their areas. Tensions between Whitehall and the town halls raise other difficult questions, such as how councils and LEPs should work together on promoting economic growth. From city deals to redistribution of business rates, community budgets and working relationships within LEPs, there i... [truncated, 3458 chars total - full text at data/raw/news/text/NEWS-guardian_api-25864e9a39f5.txt]",data/raw/news/text/NEWS-guardian_api-25864e9a39f5.txt
NEWS-guardian_api-2593450f0ca2,SCC-2017-05,guardian_api,local,SCC-2017-05:local,full_corpus,pending_human_review,"Clears every mechanically-checkable rule. Still requires the human pass for E4 (result leakage), the L/N relevance test (E5), E6 (Reform disambiguation, if applicable) and E8 (genuine editorial content) before it can count as eligible.",,,exclude,not_applicable,,,E5-NO-L-OR-N-RULE-MET,E6-NOT-REFORM-FLAGGED,,,Life after Trump Your extensive coverage of the US presidential election result conveys the painful reality that the Trump phenomenon is symptomatic of a dangerous dysfunction in global society (18 November).,,,,high,,,,,,,,,,,"Guardian Weekly Letters, 2 December 2016",2016-11-29,156,"likely E4-CLEAR (156 days before polling day - a genuine result leak would require the DATE itself being wrong, not just a careless read; still confirm by skimming for any reference to a declared result)","Life after Trump Your extensive coverage of the US presidential election result conveys the painful reality that the Trump phenomenon is symptomatic of a dangerous dysfunction in global society (18 November). The trouble is that US and global capitalism are going one way while the American people and the world population want to go another. And all the while the political right is doing what it always does – exploiting the masses for its own selfish gain. In the meantime, the left still hasn’t worked out in a clear and actionable way what is happening to our society and so remains unable to secure a mass following at the very time the opportunity is there and its leadership is sorely needed. The pity of this is that empty-headed bigots and demagogues like President-elect Trump, and One Nation party leader Pauline Hanson here in Australia, are stepping into the vacuum, deluding desperate voters that their stupid solutions to problems are the way forward. It’s a right old mess – and unless the voices of reason and humanity can assert themselves in a politically effective way, it will end in tears. We must brace ourselves for the dystopian nightmare. Terry Hewton Adelaide, South Australia • With reference to your incisive editorial on the election of Donald Trump (18 November), I find one glaring omission. You observe that Trump “won most of the battleground states en route to a decisive Republican electoral college total exceeding 300”. This is an insult to democracy. As the la... [truncated, 8382 chars total - full text at data/raw/news/text/NEWS-guardian_api-2593450f0ca2.txt]",data/raw/news/text/NEWS-guardian_api-2593450f0ca2.txt
NEWS-guardian_api-289840d7ed9f,SCC-2017-05,guardian_api,local,SCC-2017-05:local,full_corpus,pending_human_review,"Clears every mechanically-checkable rule. Still requires the human pass for E4 (result leakage), the L/N relevance test (E5), E6 (Reform disambiguation, if applicable) and E8 (genuine editorial content) before it can count as eligible.",,,exclude,not_applicable,,,E5-NO-L-OR-N-RULE-MET,E6-NOT-REFORM-FLAGGED,,,Michael Gove has been criticised by fellow parliamentarians for being too deferential to Donald Trump in his interview with him.,,,,high,,,,,,,,,,,Gove criticised by parliamentarians for being soft on Trump in his interview - Politics live,2017-01-16,108,"likely E4-CLEAR (108 days before polling day - a genuine result leak would require the DATE itself being wrong, not just a careless read; still confirm by skimming for any reference to a declared result)","Michael Gove has been criticised by fellow parliamentarians for being too deferential to Donald Trump in his interview with him. The Labour MP Mary Creagh told Gove on the BBC’s Daily Politics: You are elected by people in Surrey to represent them and yet you talk about your job being to generate news, not to stand up to some of the outrageous things Trump has said. There was nothing in your interview about his comments on women, which I find disgraceful. I think it creates real questions about this second job you have got. On Twitter Barry Gardiner, the shadow international trade secretary, said: And Sayeeda Warsi, the former Conservative party chairman, used Twitter to criticise Gove for endorsing someone which such a poor record on issues like gender and racial equality. She also tweeted this, appearing to endorse the headline on a critical article about the interview written by the Guardian’s Jonathan Freedland. A quick trade deal with the US under Donald Trump could mean harsh compromises on issues such as the environment and food safety, campaigners and politicians including the former deputy prime minister Nick Clegg have warned. The CBI has said that Britain risks a “disorderly crash landing” if it assumes it can safely walk away from troublesome Brexit talks. Carolyn Fairbairn, the CBI’s director general, spoke out in an interview with the Guardian as the Policy Exchange thinktank published a report saying the government should go for a “clean Brexit”, leaving the si... [truncated, 26766 chars total - full text at data/raw/news/text/NEWS-guardian_api-289840d7ed9f.txt]",data/raw/news/text/NEWS-guardian_api-289840d7ed9f.txt
NEWS-guardian_api-29fbd39d50de,SCC-2021-05,guardian_api,local,SCC-2021-05:local,full_corpus,pending_human_review,"Clears every mechanically-checkable rule. Still requires the human pass for E4 (result leakage), the L/N relevance test (E5), E6 (Reform disambiguation, if applicable) and E8 (genuine editorial content) before it can count as eligible.",,,needs_second_review,not_applicable,,,E5-BORDERLINE-PLACE-MENTION,E6-NOT-REFORM-FLAGGED,,,"David Weaver Cranleigh, Surrey • Have an opinion on anything you’ve read in the Guardian today?",,,,,,,,,,,,,,,Caring for a loved one with Parkinson’s and Lewy body dementia | Letter,2021-04-19,17,"likely E4-CLEAR (17 days before polling day - a genuine result leak would require the DATE itself being wrong, not just a careless read; still confirm by skimming for any reference to a declared result)","I could barely read the extract of Katherine Heiny’s book about her mother’s descent into Lewy body dementia (Weekend, 17 April). It is such a tragic condition; my wife has Parkinson’s and Lewy body dementia, and has been in a care home for the past three years. She is looked after with great compassion by dedicated, professional staff, but despite 24-hour attention, she only weighs 42kg and is immobile. Some days she is chatty and recognises me, but her speech is so distorted now that I can no longer understand her. The care staff have covered the walls in her room with photos of our four children and six grandchildren, and with cards and drawings, and most of the time she just sits and looks at them. I tell her what I have been doing and she lets me feed her – chocolate is her favourite – but it takes about half an hour for her to eat a small tub of chocolate yoghurt. There is no cure for either Parkinson’s or this type of dementia. Our family is deeply indebted to our local council for its financial support, to her carers who work long hours for not much money and to the managerial staff who have had such a difficult job for the past few years, not really helped by government “advice”. I miss, and grieve for, my wife of 58 years, but at least now I am able to sit with her and hold her hand. David Weaver Cranleigh, Surrey • Have an opinion on anything you’ve read in the Guardian today? Please email us your letter and it will be considered for publication.",data/raw/news/text/NEWS-guardian_api-29fbd39d50de.txt
NEWS-guardian_api-2b1ac80ac395,SCC-2017-05,guardian_api,local,SCC-2017-05:local,full_corpus,pending_human_review,"Clears every mechanically-checkable rule. Still requires the human pass for E4 (result leakage), the L/N relevance test (E5), E6 (Reform disambiguation, if applicable) and E8 (genuine editorial content) before it can count as eligible.",,,exclude,not_applicable,,,E5-NO-L-OR-N-RULE-MET,E6-NOT-REFORM-FLAGGED,,,McLaren Automotive is to open a £50m manufacturing plant in Sheffield that will create more than 200 jobs.,,,,high,,,,,,,,,,,McLaren to create 200 jobs in Sheffield with new £50m plant,2017-02-08,85,"likely E4-CLEAR (85 days before polling day - a genuine result leak would require the DATE itself being wrong, not just a careless read; still confirm by skimming for any reference to a declared result)","McLaren Automotive is to open a £50m manufacturing plant in Sheffield that will create more than 200 jobs. The McLaren composites technology centre will build carbon-fibre chassis for future McLaren sports cars. Full production will begin at the site by 2020. The carmaker, whose sister company runs the McLaren Formula One team, has invested millions of pounds in the past few years to develop a British rival to Ferrari. Its models include the 12C, and P1, which costs more than £1m. The investment, supported by the council, is a major boost for Sheffield and the local economy. The prime minister, Theresa May, has identified the automotive industry and next-generation vehicles as key pillars of the UK’s industrial strategy after Brexit. The facility, which could be expanded in future, will be built near Sheffield University’s advanced manufacturing research centre. Rolls-Royce and Boeing work with the university. McLaren has used carbon fibre chassis in Formula One since 1981. The McLaren F1 was the first road car to be built with one when it was unveiled in 1992. But the company’s carbon fibre chassis are currently manufactured abroad by a supplier. Mike Flewitt, the chief executive of McLaren Automotive, said: “In 1981, McLaren was the first company to recognise the exceptional properties of carbon fibre, and we have designed the highly-technical material to be at the heart of every McLaren road and racing car ever since. “The McLaren F1 was the world’s first road car to be bu... [truncated, 2644 chars total - full text at data/raw/news/text/NEWS-guardian_api-2b1ac80ac395.txt]",data/raw/news/text/NEWS-guardian_api-2b1ac80ac395.txt
NEWS-guardian_api-2bd2e57f9a97,SCC-2013-05,guardian_api,local,SCC-2013-05:local,full_corpus,pending_human_review,"Clears every mechanically-checkable rule. Still requires the human pass for E4 (result leakage), the L/N relevance test (E5), E6 (Reform disambiguation, if applicable) and E8 (genuine editorial content) before it can count as eligible.",,,exclude,not_applicable,,,E5-NO-L-OR-N-RULE-MET,E6-NOT-REFORM-FLAGGED,,,Top five stories on MediaGuardian Lord McAlpine and ITV near settlement Former Tory party treasurer understood to be negotiating six-figure sum with broadcaster following child-abuse allegations CPS to decide whether to bring charges Prosecutors due to announce decision on criminal charges after inv,,,,high,,,,,,,,,,,Today's media stories from the papers,2012-11-20,163,"likely E4-CLEAR (163 days before polling day - a genuine result leak would require the DATE itself being wrong, not just a careless read; still confirm by skimming for any reference to a declared result)","Top five stories on MediaGuardian Lord McAlpine and ITV near settlement Former Tory party treasurer understood to be negotiating six-figure sum with broadcaster following child-abuse allegations CPS to decide whether to bring charges Prosecutors due to announce decision on criminal charges after investigation into payments by journalists to public officials Tax loophole saved Sky up to £40m Satellite broadcaster saved millions in VAT by charging Sky customers monthly fee for cable guide magazines BBC inquiry into journalist's death flawed by 'fear culture' Russell Joslin's family questions impartiality of inquiry and calls for an independent investigation Saddam photos defended by News Corp Rupert Murdoch's company stands by decision to publish pictures of former dictator in his underpants in 2005, despite claims of payments made to US troops Top comment on MediaGuardian Rupert Murdoch and the Jews Michael Wolff: His Twitter slip about the 'Jewish-owned press' was revealing – of prejudice, paranoia and neoconism – and none of it is pretty Hot topics • Latest on the BBC • Latest on ITV • Latest on the Leveson inquiry Today's featured media jobs Environment Agency – creative communications manager Bristol/permanent/full time ITN – deputy news editor – planning London/permanent/full time Surrey Police – head of corporate communications Surrey/permanent/full time For more jobs, career advice and workplace news visit guardianjobs.co.uk Media Monkey's pick of the day All aboard Rih... [truncated, 5204 chars total - full text at data/raw/news/text/NEWS-guardian_api-2bd2e57f9a97.txt]",data/raw/news/text/NEWS-guardian_api-2bd2e57f9a97.txt
NEWS-guardian_api-2cbef3c6175a,SCC-2017-05,guardian_api,local,SCC-2017-05:local,full_corpus,pending_human_review,"Clears every mechanically-checkable rule. Still requires the human pass for E4 (result leakage), the L/N relevance test (E5), E6 (Reform disambiguation, if applicable) and E8 (genuine editorial content) before it can count as eligible.",,,include,not_applicable,,,E5-L4-COUNTY-WIDE,E6-NOT-REFORM-FLAGGED,,,"Surrey council has confirmed it plans to raise council tax by 15% because of mounting pressures on its social care budget and children’s services, a move which will lead to a county-wide referendum of residents.",,,,high,,,,,,,,,,,Surrey confirms plans to raise council tax by 15%,2017-01-19,105,"likely E4-CLEAR (105 days before polling day - a genuine result leak would require the DATE itself being wrong, not just a careless read; still confirm by skimming for any reference to a declared result)","Surrey council has confirmed it plans to raise council tax by 15% because of mounting pressures on its social care budget and children’s services, a move which will lead to a county-wide referendum of residents. The leader of Surrey council, in the county where the chancellor, Philip Hammond, and the health secretary, Jeremy Hunt, are MPs, said the government had cut the local authority’s annual grant by £170m since 2010, leaving “a huge gap in our budget”. Confirming plans for the double-digit rise, the Conservative council’s leader, David Hodge, said: “Demand for adults’ social care, learning disabilities and children’s services is increasing every year. So I regret, despite us finding £450m worth of savings from our annual budget, we have no choice but to propose this increase in council tax.” Since 2012, councils, fire services, and police and crime commissioners are required to hold a referendum if they wish to increase council tax by more than the cap set by central government. The Labour leader, Jeremy Corbyn, said councils should not be expected to use their budgets to deal with the growing scale of the social care crisis. “It’s not right that we should thrust the social care crisis on local authorities, all of whom have different levels of income,” he told Sky News. “It’s a central government responsibility and central government should face up to its responsibility.” Critics have cast doubt on the motives for holding a referendum on such a steep hike, given there is... [truncated, 5264 chars total - full text at data/raw/news/text/NEWS-guardian_api-2cbef3c6175a.txt]",data/raw/news/text/NEWS-guardian_api-2cbef3c6175a.txt
NEWS-guardian_api-2f24c2a607b9,SCC-2021-05,guardian_api,local,SCC-2021-05:local,full_corpus,pending_human_review,"Clears every mechanically-checkable rule. Still requires the human pass for E4 (result leakage), the L/N relevance test (E5), E6 (Reform disambiguation, if applicable) and E8 (genuine editorial content) before it can count as eligible.",,,exclude,not_applicable,,,E5-NO-L-OR-N-RULE-MET,E6-NOT-REFORM-FLAGGED,,,"Back in mid-March, on the day the government announced that schools would be closed until further notice, Joe Wicks lay in bed unable to sleep.",,,,medium,,,,,,,,,,,"Joe Wicks: 'I believe when you give, give, give, the world ends up giving back'",2020-12-06,151,"likely E4-CLEAR (151 days before polling day - a genuine result leak would require the DATE itself being wrong, not just a careless read; still confirm by skimming for any reference to a declared result)","Back in mid-March, on the day the government announced that schools would be closed until further notice, Joe Wicks lay in bed unable to sleep. Just after midnight, three words popped into his head: “PE. With. Joe.” The 35-year-old fitness instructor from Surrey texted them to Nikki, his older brother and creative director at their company, The Body Coach. The next day, they pitched the idea on social media and emailed their database of 25,000 schools. The first live, daily 20-minute exercise session would be at 9am on Monday 23 March on YouTube, coincidentally the first morning after Boris Johnson’s directive that we all must stay at home. Wicks, who has Saint Sebastian curls and a penchant for sockless trainers, says he never gets nervous before recording a workout, but on that day he did find his heart beating unusually fast. He relaxed soon enough in front of a camera set up in his almost pathologically tidy living room in Richmond, London: Nikki told him, through an earpiece, that more than 700,000 households were joining him, doing burpees, duck walks and various other hellish exercises with cutesy names. The next day, the live audience peaked at 954,000, making it the most popular streamed workout ever. Wicks decided that any proceeds from the sessions would go to NHS charities; ultimately he raised £580,000. “It was on the second day that I realised just how big this was going to be,” says Wicks in his kitchen, his fingers laced around a mug of salted caramel and clem... [truncated, 5644 chars total - full text at data/raw/news/text/NEWS-guardian_api-2f24c2a607b9.txt]",data/raw/news/text/NEWS-guardian_api-2f24c2a607b9.txt
NEWS-guardian_api-303cee965627,SCC-2013-05,guardian_api,local,SCC-2013-05:local,full_corpus,pending_human_review,"Clears every mechanically-checkable rule. Still requires the human pass for E4 (result leakage), the L/N relevance test (E5), E6 (Reform disambiguation, if applicable) and E8 (genuine editorial content) before it can count as eligible.",,,exclude,not_applicable,,,E5-NO-L-OR-N-RULE-MET,E6-NOT-REFORM-FLAGGED,,,"Winners Martyn Underhill Dorset (Independent) The 54-year-old former Met and Sussex detective, who ran with a promise to ""keep politics out of policing"", beat the Tory candidate Nick King to win as an independent.",,,,high,,,,,,,,,,,Police commissioner elections: meet some of the winners … and a key loser,2012-11-16,167,"likely E4-CLEAR (167 days before polling day - a genuine result leak would require the DATE itself being wrong, not just a careless read; still confirm by skimming for any reference to a declared result)","Winners Martyn Underhill Dorset (Independent) The 54-year-old former Met and Sussex detective, who ran with a promise to ""keep politics out of policing"", beat the Tory candidate Nick King to win as an independent. ""The voters of Dorset … have sent a clear message to the government that they do not want or will support any more political interference in the day-to-day running of the police,"" he said. Underhill, who moved to Dorset after retiring from the Sussex force in 2009, was second-in-charge of the Sarah Payne case and acted as an adviser to the investigation into the murders of Jessica Chapman and Holly Wells in Soham. Vera Baird Northumbria (Labour) The former solicitor general and MP for Redcar took Northumbria for Labour with a resounding first round total of 100,170 votes. Her nearest rival, the Conservatives' Phil Butler, won 45,845, on a turnout of 16.45%. Baird, who was born in Oldham, was called to the bar in 1975 and worked as a criminal defence barrister on civil liberties cases. She became a QC in 2000 and was appointed solicitor general in 2007. She was MP for Redcar from 2001 to 2010 and was made parliamentary under-secretary of state at the Department for Constitutional Affairs in 2006. Ann Barnes Kent (Independent) Barnes, who led Kent police authority for six years, won 114,137 votes to the 60,248 garnered by her Tory rival Craig Mackinlay. She said her independent status would enable her to ""keep a relentless focus on cutting crime and catching criminals... [truncated, 3262 chars total - full text at data/raw/news/text/NEWS-guardian_api-303cee965627.txt]",data/raw/news/text/NEWS-guardian_api-303cee965627.txt
NEWS-guardian_api-3083d95dff38,SCC-2013-05,guardian_api,local,SCC-2013-05:local,full_corpus,pending_human_review,"Clears every mechanically-checkable rule. Still requires the human pass for E4 (result leakage), the L/N relevance test (E5), E6 (Reform disambiguation, if applicable) and E8 (genuine editorial content) before it can count as eligible.",,,needs_second_review,not_applicable,,,E5-BORDERLINE-PLACE-MENTION,E6-NOT-REFORM-FLAGGED,,,"After a spell teaching at Crown Woods school, south-east London, and Caterham school, Surrey, he served the Council for World Mission from 1980 to 1990, first as general secretary and then as secretary for administration.",,,,,,,,,,,,,,,Barrie Scopes obituary,2012-12-11,142,"likely E4-CLEAR (142 days before polling day - a genuine result leak would require the DATE itself being wrong, not just a careless read; still confirm by skimming for any reference to a declared result)","My brother, Barrie Scopes, has died aged 80. He was a talented mathematician, schoolteacher, missionary and mission leader, a man of prayer, an assiduous correspondent and a fun-loving family man. Born in south India, Barrie was the third of four sons in a missionary family stretching back, on his mother's side, to 1838. After attending schools in India and England (Eltham college, south-east London), in 1950 he went to Peterhouse, Cambridge, where he gained a first in mathematics. After teacher training, and marriage in 1954 to Elizabeth (Betty) Robertson, whom he had met in Cambridge, he taught at Sir William Borlase's grammar school in Marlow, Buckinghamshire. The boys loved the way he taught maths: he was engaging, stimulating and induced curiosity in his subject. He and Betty went with the London Missionary Society to teach in a school at Bishnupur, West Bengal, where he served from 1957 to 1970, during which time he acquired a bachelor of divinity degree from Serampore College and his four children were born. Returning to the UK in 1970, he served the Congregational Council for World Mission (now the Council for World Mission) in secretarial posts from 1971 to 1976. After a spell teaching at Crown Woods school, south-east London, and Caterham school, Surrey, he served the Council for World Mission from 1980 to 1990, first as general secretary and then as secretary for administration. He worked long and hard as research officer and then administrator for the publication ... [truncated, 2551 chars total - full text at data/raw/news/text/NEWS-guardian_api-3083d95dff38.txt]",data/raw/news/text/NEWS-guardian_api-3083d95dff38.txt
NEWS-guardian_api-30cf0354b071,SCC-2021-05,guardian_api,local,SCC-2021-05:local,full_corpus,pending_human_review,"Clears every mechanically-checkable rule. Still requires the human pass for E4 (result leakage), the L/N relevance test (E5), E6 (Reform disambiguation, if applicable) and E8 (genuine editorial content) before it can count as eligible.",,,exclude,not_applicable,,,E5-NO-L-OR-N-RULE-MET,E6-NOT-REFORM-FLAGGED,,,"Matt Hancock, the health secretary, has categorically ruled out any changes to the support or childcare bubble system.",,,,high,,,,,,,,,,,Matt Hancock rules out removing support bubbles if England restrictions tightened – as it happened,2021-01-11,115,"likely E4-CLEAR (115 days before polling day - a genuine result leak would require the DATE itself being wrong, not just a careless read; still confirm by skimming for any reference to a declared result)","Matt Hancock, the health secretary, has categorically ruled out any changes to the support or childcare bubble system. He was speaking at a No 10 press conference only hours after Boris Johnson said he was not ruling out toughening the lockdown rules. (See 2.33pm.) Asked if a further clampdown could involve support bubbles being removed, Hancock said: I can rule out removing the bubbles that we have in place - the childcare bubbles [and] the support bubbles are very important and we’re going to keep them. I know how important they are to people and they are an important part of the system that we have got to support people whilst also having these tough measures that are necessary. Hancock has said meeting a friend outside could be banned if people don’t follow current rules. (See 5.38pm.) He has defended Boris Johnson’s right to go for a cycle ride seven miles from No 10. (See 1.48pm and 5.38pm.) Hancock has praised the supermarket firm Morrisons for saying it will refuse to serve people who do not wear face masks. He said: It isn’t just about the government and the rules we set, or the police and the work that they do - it’s about how everybody behaves. I applaud the action Morrisons has taken today, the supermarket, they have said that they will not let people in without a mask unless they clearly have a medical reason. That’s the right approach and I want to see all parts of society playing their part in this. Hancock has said he is “confident” that the government can mee... [truncated, 47730 chars total - full text at data/raw/news/text/NEWS-guardian_api-30cf0354b071.txt]",data/raw/news/text/NEWS-guardian_api-30cf0354b071.txt
NEWS-guardian_api-33e10724d24d,SCC-2013-05,guardian_api,local,SCC-2013-05:local,full_corpus,pending_human_review,"Clears every mechanically-checkable rule. Still requires the human pass for E4 (result leakage), the L/N relevance test (E5), E6 (Reform disambiguation, if applicable) and E8 (genuine editorial content) before it can count as eligible.",,,exclude,not_applicable,,,E5-NO-L-OR-N-RULE-MET,E6-NOT-REFORM-FLAGGED,,,The rising cost of fuel and an unsustainable use of fossil fuels means that how we generate and consume energy is now one of the biggest threats to social and economic welfare.,,,,medium,,,,,,,,,,,Live discussion: local energy schemes – what role can councils play?,2013-02-26,65,"likely E4-CLEAR (65 days before polling day - a genuine result leak would require the DATE itself being wrong, not just a careless read; still confirm by skimming for any reference to a declared result)","The rising cost of fuel and an unsustainable use of fossil fuels means that how we generate and consume energy is now one of the biggest threats to social and economic welfare. Does the answer to the energy crisis lie in local government? In his blog for the network last week, commentator Richard Vize stressed that council involvement in energy supply was vital: ""Energy is yet another example of a part of our lives which few perceive as being a local authority responsibility, yet which depends in a myriad of ways on council action. As the government searches for a way through what may be decades of energy shortage, local government's ability to change behaviour and consumption needs to be central to its deliberation."" One way that local authorities can help tackle these challenges is by backing local energy schemes. Cornwall's collective switching plan was conceived by the Eden Project and is supported by the council. Elsewhere in the UK, Bristol city council has been working with the Carbon Trust on several decentralised energy projects. But last month Helen Andrews Tipper, who works for the Carbon Trust, questioned why more schemes like these aren't emerging across the UK. Should more authorities back and launch local energy distribution schemes? What level of involvement should councils have in these initiatives? Which of the existing schemes are working well – and what can your authority learn from their example? Join us to share your thoughts and ask questions, live from... [truncated, 3070 chars total - full text at data/raw/news/text/NEWS-guardian_api-33e10724d24d.txt]",data/raw/news/text/NEWS-guardian_api-33e10724d24d.txt
NEWS-guardian_api-345b71b5679d,SCC-2021-05,guardian_api,local,SCC-2021-05:local,full_corpus,pending_human_review,"Clears every mechanically-checkable rule. Still requires the human pass for E4 (result leakage), the L/N relevance test (E5), E6 (Reform disambiguation, if applicable) and E8 (genuine editorial content) before it can count as eligible.",,,exclude,not_applicable,,,E5-NO-L-OR-N-RULE-MET,E6-NOT-REFORM-FLAGGED,,,"‘The older I get, the more I see how politics affects everything’: Halil Erdem, Izmir, Turkey Four years ago, Halil felt optimistic for the future.",,,,high,,,,,,,,,,,‘I’ve grown into a completely different person’: catching up with Gen Z,2020-12-05,152,"likely E4-CLEAR (152 days before polling day - a genuine result leak would require the DATE itself being wrong, not just a careless read; still confirm by skimming for any reference to a declared result)","‘The older I get, the more I see how politics affects everything’: Halil Erdem, Izmir, Turkey Four years ago, Halil felt optimistic for the future. Keen on basketball, chess and football, as well as video games, he was unsure what he was going to study at university. For my birthday this year, my friends surprised me. They all came over to my family house, and we had cake and then went to one of their houses for a sleepover. They got me a French press coffee maker, and I received about 1,500 lira (£150) from my family. I’m going to save it. It’s a bit weird and frustrating to turn 20 at home: I was supposed to start university this year in Ankara. Instead, because of the pandemic, I’m still in Izmir. The earthquake we had a few weeks ago was really scary. I was on the balcony, and our house shook a lot. But we are lucky; we were OK. A couple of neighbourhoods were very badly affected. I really love my city: we have everything here. I love spending time outdoors near the sea, and enjoying the sun. But I worked really hard to get into one of the best universities in Turkey. In fact, I spent last year resitting my final exams to get better grades to make that happen. My family are very proud: neither of my parents went to university, but my older brother and I have. All my classes are online for now. I’m doing a preparatory year learning English, and I’ll move to Ankara and start my economics degree in 2021. My spare time is mainly spent watching movies and gaming. Lots of my fr... [truncated, 18388 chars total - full text at data/raw/news/text/NEWS-guardian_api-345b71b5679d.txt]",data/raw/news/text/NEWS-guardian_api-345b71b5679d.txt
NEWS-guardian_api-351db380e072,SCC-2021-05,guardian_api,local,SCC-2021-05:local,full_corpus,pending_human_review,"Clears every mechanically-checkable rule. Still requires the human pass for E4 (result leakage), the L/N relevance test (E5), E6 (Reform disambiguation, if applicable) and E8 (genuine editorial content) before it can count as eligible.",,,needs_second_review,not_applicable,,,E5-BORDERLINE-PLACE-MENTION,E6-NOT-REFORM-FLAGGED,,,"Thereafter Trixie fulfilled the role of a curate and vicar’s wife, first at St Wulfram’s Church in Grantham, Lincolnshire, then in 1955 at St Dunstan’s Church in Cheam, Surrey (where she ran the Young Wives’ group as well as looking after her two young daughters), and in 1958 at St Luke’s Church in Whyteleafe, Surrey, where she established a successful Mother’s Union.",,,,,,,,,,,,,,,Trixie Chandler obituary,2021-01-26,100,"likely E4-CLEAR (100 days before polling day - a genuine result leak would require the DATE itself being wrong, not just a careless read; still confirm by skimming for any reference to a declared result)","My mother, Trixie Chandler, who has died aged 93, was a psychiatric nurse who became a vicar’s wife and then, after our father’s untimely death, retrained to become a teacher. Born in Camberwell, south London, Trixie (born Beatrice) was the second of four children to May (nee White) and her husband, Alfred Kilsby, who were school caretakers. She was educated at St Saviour’s and St Olave’s grammar school, where she met her lifelong friend Joy Evans. When the two teenage girls were evacuated to Sussex during the second world war, Joy’s family were killed in a bomb raid in London, and Trixie supported Joy through that difficult time. After leaving school Trixie trained to be a psychiatric nurse, and then worked at the Maudsley psychiatric hospital in Camberwell. At her local church, St George’s in Camberwell, she met Ernest Chandler, an ordained priest, and they married in 1951. Thereafter Trixie fulfilled the role of a curate and vicar’s wife, first at St Wulfram’s Church in Grantham, Lincolnshire, then in 1955 at St Dunstan’s Church in Cheam, Surrey (where she ran the Young Wives’ group as well as looking after her two young daughters), and in 1958 at St Luke’s Church in Whyteleafe, Surrey, where she established a successful Mother’s Union. However, that part of her life came to an abrupt end in 1962 when Ernest died of a heart attack at the age of 38. Showing great strength of character, Trixie not only continued to look after her family but learned to drive, bought a house i... [truncated, 2820 chars total - full text at data/raw/news/text/NEWS-guardian_api-351db380e072.txt]",data/raw/news/text/NEWS-guardian_api-351db380e072.txt
NEWS-guardian_api-37237dcccca5,SCC-2021-05,guardian_api,local,SCC-2021-05:local,full_corpus,pending_human_review,"Clears every mechanically-checkable rule. Still requires the human pass for E4 (result leakage), the L/N relevance test (E5), E6 (Reform disambiguation, if applicable) and E8 (genuine editorial content) before it can count as eligible.",,,exclude,not_applicable,,,E5-NO-L-OR-N-RULE-MET,E6-NOT-REFORM-FLAGGED,,,"Local restrictions should be imposed to curb the spread of coronavirus variants when clusters emerge to avoid local or national lockdowns, scientists have said after the UK’s biggest surge testing operation got under way.",,,,high,,,,,,,,,,,"Surge testing may not be enough to curb Covid variants in UK, say scientists ",2021-04-13,23,"likely E4-CLEAR (23 days before polling day - a genuine result leak would require the DATE itself being wrong, not just a careless read; still confirm by skimming for any reference to a declared result)","Local restrictions should be imposed to curb the spread of coronavirus variants when clusters emerge to avoid local or national lockdowns, scientists have said after the UK’s biggest surge testing operation got under way. In south London, dozens of cases of the South Africa variant of Covid-19 have been detected, chiefly in the boroughs of Wandsworth and Lambeth, leading to what the Department of Health and Social Care (DHSC) has said is the “largest surge testing operation to date”. Everyone aged 11 years and over who lives, studies, works or travels through these areas is being asked to take a PCR test for the coronavirus – even if they do not have symptoms of Covid. Positive samples are then further analysed to determine which variant is present. The South Africa variant of the coronavirus is of concern as studies suggest it can, at least to some degree, dodge the body’s immune responses including those produced by some Covid vaccines. Scientists have warned that surge testing alone is not enough to tackle the problem. “Surge testing can work if it is broad enough and intensive, but needs to be accompanied by good adherence to at least some restrictions and isolation of contacts, in order to avoid having anything like a local lockdown again,” said Rowland Kao, a professor of epidemiology at the University of Edinburgh who contributes to the Spi-M modelling subgroup of Sage, the Scientific Advisory Group for Emergencies. Kao added that should the data suggest the current cl... [truncated, 5170 chars total - full text at data/raw/news/text/NEWS-guardian_api-37237dcccca5.txt]",data/raw/news/text/NEWS-guardian_api-37237dcccca5.txt
NEWS-guardian_api-376e171f69c2,SCC-2017-05,guardian_api,local,SCC-2017-05:local,full_corpus,pending_human_review,"Clears every mechanically-checkable rule. Still requires the human pass for E4 (result leakage), the L/N relevance test (E5), E6 (Reform disambiguation, if applicable) and E8 (genuine editorial content) before it can count as eligible.",,,exclude,not_applicable,,,E5-NO-L-OR-N-RULE-MET,E6-NOT-REFORM-FLAGGED,,,Thousands of people along England’s east coast have been evacuated from their homes as life-threatening floods were expected to hit towns and villages at the high tide.,,,,high,,,,,,,,,,,"Snow, high winds and flooding bring travel chaos to Britain - as it happened",2017-01-13,111,"likely E4-CLEAR (111 days before polling day - a genuine result leak would require the DATE itself being wrong, not just a careless read; still confirm by skimming for any reference to a declared result)","Thousands of people along England’s east coast have been evacuated from their homes as life-threatening floods were expected to hit towns and villages at the high tide. But, while many are forced to spend tonight in shelters, there has been relief for most of them as the tide came and went without the storm surge causing as much damage to their communities as had been feared in most areas. There was some flooding along the Yorkshire coast and people in Essex are still crossing their fingers late into the night, with the worst set to hit in the early hours of this morning. But, while Norfolk fire and rescue service said it attended a few incidents to “assist with flooding”, the area - which was expected to be the worst hit - seemed to have been largely spared. This live blog is now closing. It appears that many of the at-risk areas may be breathing a sigh of relief as the storm surge passes without as much damage as had been feared. In Essex, however, fingers are still being crossed as residents await the high tide. In Great Yarmouth, in Norfolk, the risk of flooding was expected to peak at around 9.30pm but the worst fears of the people in the area were not realised. “The river did get pretty high but I didn’t think it would ever go over the walls. I guess it was a lot of panicking but you can’t be too careful”, said Charles Osborne, 52. High tide in the areas of Essex expected to be hardest hit - Jaywick, Mistley and West Mersea - is expected at 15 minutes past midnight. Whi... [truncated, 45996 chars total - full text at data/raw/news/text/NEWS-guardian_api-376e171f69c2.txt]",data/raw/news/text/NEWS-guardian_api-376e171f69c2.txt
NEWS-guardian_api-38160189b0e5,SCC-2021-05,guardian_api,local,SCC-2021-05:local,full_corpus,pending_human_review,"Clears every mechanically-checkable rule. Still requires the human pass for E4 (result leakage), the L/N relevance test (E5), E6 (Reform disambiguation, if applicable) and E8 (genuine editorial content) before it can count as eligible.",,,exclude,not_applicable,,,E5-NO-L-OR-N-RULE-MET,E6-NOT-REFORM-FLAGGED,,,"It is a music collection that has something for the former heartlands, the masses and the hundreds of thousands of youthful members who joined the party under Jeremy Corbyn – but Sir Keir Starmer has insisted focus groups had no role in a Desert Island Discs selection that appears to reach out to different Labour wings.",,,,high,,,,,,,,,,,A real party island: Keir Starmer's desert discs have Stormzy and soul,2020-11-15,172,"likely E4-CLEAR (172 days before polling day - a genuine result leak would require the DATE itself being wrong, not just a careless read; still confirm by skimming for any reference to a declared result)","It is a music collection that has something for the former heartlands, the masses and the hundreds of thousands of youthful members who joined the party under Jeremy Corbyn – but Sir Keir Starmer has insisted focus groups had no role in a Desert Island Discs selection that appears to reach out to different Labour wings. The Labour leader speaks of his love of northern soul and his euphoria at singing an England football anthem at Wembley, during his appearance on today’s edition of the BBC Radio 4 programme. He also chooses a song featuring Stormzy, the grime artist who backed Corbyn’s leadership. Starmer selected northern soul classic Out on the Floor by Dobie Gray as one of his tracks. “I love northern soul,” he says. “And this reminds me … of my early days in London, with a group of friends in a really grotty flat above a sauna or a massage parlour that kept interesting hours.” He says he would “not be foolish enough now” to try to dance to it. He also selects the football anthem Three Lions by David Baddiel, Frank Skinner and the Lightning Seeds, citing his love of football. “In order to really appreciate this song you had to be in Wembley in the crowd – I was in the upper tier – for the semi-final of Euro 96 when we’re playing Germany and for the whole stadium to be jumping up and down, rocking to this.” His final selection was a cover of Bridge Over Troubled Water by Artists for Grenfell, featuring Stormzy. He says that despite party politics, it is “a reminder about wh... [truncated, 4190 chars total - full text at data/raw/news/text/NEWS-guardian_api-38160189b0e5.txt]",data/raw/news/text/NEWS-guardian_api-38160189b0e5.txt
NEWS-guardian_api-3867309607e1,SCC-2013-05,guardian_api,local,SCC-2013-05:local,full_corpus,pending_human_review,"Clears every mechanically-checkable rule. Still requires the human pass for E4 (result leakage), the L/N relevance test (E5), E6 (Reform disambiguation, if applicable) and E8 (genuine editorial content) before it can count as eligible.",,,include,not_applicable,,,E5-L1-PLACE,E6-NOT-REFORM-FLAGGED,,,Surrey Heath councillor Paul Deach has introduced me to a simple concept: recording the voice of civic life as it happens using something as simple as what you have in your pocket – your smartphone.,,,,medium,,,,,,,,,,,Working lives: using podcasts to improve my local engagement,2013-02-04,87,"likely E4-CLEAR (87 days before polling day - a genuine result leak would require the DATE itself being wrong, not just a careless read; still confirm by skimming for any reference to a declared result)","The power of a human voice can have the most profound effect on others. We all have the ability to inspire. Surrey Heath councillor Paul Deach has introduced me to a simple concept: recording the voice of civic life as it happens using something as simple as what you have in your pocket – your smartphone. I can use existing networks as a local activist and councillor to podcast what the wonderful people around me are doing, including community members and other councillors. Hearing the human voice may begin to shift perception of local government, from accusations of spinning and confusing financial pie charts to a more direct and personal link between local politicians and their constituents. I was born, raised and live in south Devon. A beautiful tourist destination, it nevertheless has some of the highest rates of deprivation and lowest levels of civic involvement, which fuels a deep suspicion of political action. Reflecting local population trends, the average age of an elected councillor is 60. They have much to say but often use limited platforms to say it. Our local newspaper has cut publication down to a weekly edition, while most council projects progress through traditional offline meetings without sensible use of modern technology. So how can a smartphone be relevant to local government's cause? Torbay, by example, is teaming with colourful examples of civic life in action. As the portfolio holder for communities, I've met so many wonderful people; from busy mums t... [truncated, 3267 chars total - full text at data/raw/news/text/NEWS-guardian_api-3867309607e1.txt]",data/raw/news/text/NEWS-guardian_api-3867309607e1.txt
NEWS-guardian_api-3910b27118cd,SCC-2017-05,guardian_api,local,SCC-2017-05:local,full_corpus,pending_human_review,"Clears every mechanically-checkable rule. Still requires the human pass for E4 (result leakage), the L/N relevance test (E5), E6 (Reform disambiguation, if applicable) and E8 (genuine editorial content) before it can count as eligible.",,,exclude,not_applicable,,,E5-NO-L-OR-N-RULE-MET,E6-NOT-REFORM-FLAGGED,,,"One of London’s most famous nightclubs will reopen its doors on Friday night, ending five months of enforced closure after a council inquiry found it had a “culture of drug use”.",,,,high,,,,,,,,,,,Fabric prepares for reopening night with mystery line-up,2017-01-06,118,"likely E4-CLEAR (118 days before polling day - a genuine result leak would require the DATE itself being wrong, not just a careless read; still confirm by skimming for any reference to a declared result)","One of London’s most famous nightclubs will reopen its doors on Friday night, ending five months of enforced closure after a council inquiry found it had a “culture of drug use”. Fabric was shut down in September after the drug-related deaths of two 18-year-old clubbers who had purchased or taken illegal substances in the venue. The club’s owners struck a deal with Islington council in December to keep their licence under stricter conditions. The central London club’s door security will be backed up by Metropolitan police officers when it reopens at 11pm, and staff have made a renewed appeal to clubbers not to attempt to bring drugs into the venue. New licensing regulations include a ban on entry to anyone under 19 on main nights, more comprehensive CCTV monitoring, ID scanners, and lifetime bans for anyone caught asking for drugs. Friday’s line-up is a closely guarded secret, with the reopening night billed simply as “Fabric friends and family”. Tickets have sold out. Scotland Yard said that while police routinely patrolled the club’s Farringdon district on Friday nights, officers would also be stationed at Fabric “to support the door team who may need our help”. Supt Nick Davies said: “As things settle down and it becomes business as normal for Fabric they will be subject of the same police and licensing visits.” Fabric’s co-founder Cameron Leslie said there was little “relief or pleasure” attached to the club reopening, and said he would rather forget the past few months w... [truncated, 3328 chars total - full text at data/raw/news/text/NEWS-guardian_api-3910b27118cd.txt]",data/raw/news/text/NEWS-guardian_api-3910b27118cd.txt
NEWS-guardian_api-392f67d39637,SCC-2017-05,guardian_api,local,SCC-2017-05:local,full_corpus,pending_human_review,"Clears every mechanically-checkable rule. Still requires the human pass for E4 (result leakage), the L/N relevance test (E5), E6 (Reform disambiguation, if applicable) and E8 (genuine editorial content) before it can count as eligible.",,,exclude,not_applicable,,,E5-NO-L-OR-N-RULE-MET,E6-NOT-REFORM-FLAGGED,,,What value does a lower-league football club provide to a small town?,,,,high,,,,,,,,,,,FA Cup retains its charm in more modest surroundings | Sean Ingle,2016-11-06,179,"likely E4-CLEAR (179 days before polling day - a genuine result leak would require the DATE itself being wrong, not just a careless read; still confirm by skimming for any reference to a declared result)","What value does a lower-league football club provide to a small town? It was something to mull over on Saturday morning during a scenic ramble from Merstham train station to the town’s football ground for the club’s first round FA Cup tie against Oxford United. The previous day I had spoken to Richard Baxter, the club’s secretary, who happens to be my sister-in-law’s father. “Many people who live in the town still don’t know where the club is,” he sighed. The size of the 1,920 crowd, 10 times the normal gate, suggested quite a few had decided their local side meant something after all. Merstham fans came hoping for a fairytale. They left with a degree in football realpolitik. Every mistake they made was punished as the gap of 94 places from Ryman Premier League to League One proved an unbridgeable chasm. Refreshingly, even a 5-0 defeat hardly seemed to matter. For there was something else in the air, something not always apparent in the Premier League: civic pride coupled with a simple desire to enjoy the experience. You heard it in the excitable cheers every time Merstham entered their opponent’s penalty area, in the discordant – and yes, annoying – burps of the vuvuzelas, and at the lingering standing ovation the team received at the finish. It helped that tickets were £15 not upwards of £50 – when going to a game costs as much as a takeaway it matters less if the dish doesn’t turn out right – but, still, this was something worth appreciating: football for football’s sake, ... [truncated, 5105 chars total - full text at data/raw/news/text/NEWS-guardian_api-392f67d39637.txt]",data/raw/news/text/NEWS-guardian_api-392f67d39637.txt
NEWS-guardian_api-39c354791292,SCC-2021-05,guardian_api,local,SCC-2021-05:local,full_corpus,pending_human_review,"Clears every mechanically-checkable rule. Still requires the human pass for E4 (result leakage), the L/N relevance test (E5), E6 (Reform disambiguation, if applicable) and E8 (genuine editorial content) before it can count as eligible.",,,exclude,not_applicable,,,E5-NO-L-OR-N-RULE-MET,E6-NOT-REFORM-FLAGGED,,,Families living in temporary accommodation in a dilapidated former care home in south London – some for several years – are fighting moves to rehouse them miles away to make way for a new development which doesn’t yet have planning permission.,,,,medium,,,,,,,,,,,"Don't make us move in a pandemic, plead tenants in 'dire' council housing",2021-01-31,95,"likely E4-CLEAR (95 days before polling day - a genuine result leak would require the DATE itself being wrong, not just a careless read; still confirm by skimming for any reference to a declared result)","Families living in temporary accommodation in a dilapidated former care home in south London – some for several years – are fighting moves to rehouse them miles away to make way for a new development which doesn’t yet have planning permission. Despite government guidelines urging social landlords not to put pressure on residents to move during lockdown, the families say they have been under constant stress since last summer when they discovered that plans had been drawn up for the new development. Mother of two Davida is one of the residents campaigning against the move, which she says is traumatic for families in highly precarious circumstances. “None of us wants to stay in the poor conditions we are living in,” she said, “but we want to be treated like people who have rights, not just moved on again, during a pandemic, to more temporary accommodation miles away from our schools and support networks.” In early January, as the country was being told to stay at home, a letter warned the residents that plans had “progressed quicker than expected” and they would be rehoused “within a few months”. The new development is a council-led housing project including 42 homes for council tenants. There is a long waiting list for these new homes. Davida and her neighbours say they want to resist the cycle of temporary residents being constantly pushed on to further insecure homes. “We want secure tenancies,” she said. “We are not temporary. I’ve been here three years, in the area longer. ... [truncated, 5216 chars total - full text at data/raw/news/text/NEWS-guardian_api-39c354791292.txt]",data/raw/news/text/NEWS-guardian_api-39c354791292.txt
NEWS-guardian_api-3a940a5c546b,SCC-2017-05,guardian_api,local,SCC-2017-05:local,full_corpus,pending_human_review,"Clears every mechanically-checkable rule. Still requires the human pass for E4 (result leakage), the L/N relevance test (E5), E6 (Reform disambiguation, if applicable) and E8 (genuine editorial content) before it can count as eligible.",,,include,not_applicable,,,E5-L4-COUNTY-WIDE,E6-NOT-REFORM-FLAGGED,,,Jeremy Corbyn ambushed Theresa May at prime minister’s questions brandishing text messages that he claimed showed ministers were prepared to offer a sweetheart deal to Conservative-led Surrey council to avoid a local referendum on raising taxes to fund social care.,,,,high,,,,,,,,,,,Jeremy Corbyn accuses May of sweetheart deal with Surrey council,2017-02-08,85,"likely E4-CLEAR (85 days before polling day - a genuine result leak would require the DATE itself being wrong, not just a careless read; still confirm by skimming for any reference to a declared result)","Jeremy Corbyn ambushed Theresa May at prime minister’s questions brandishing text messages that he claimed showed ministers were prepared to offer a sweetheart deal to Conservative-led Surrey council to avoid a local referendum on raising taxes to fund social care. The Labour leader caught May off guard as he read out leaked text messages from David Hodge, the Surrey county council leader, which showed him confidentially discussing a “memorandum of understanding” between the local authority and government. Corbyn quoted one text message in which Hodge had said: “If it is possible for that info to be sent to myself I can then revert back soonest, really want to kill this off”. He asked May: “How much did the government offer Surrey to ‘kill this off’, and is the same sweetheart deal on offer to every council facing the social care crisis created by this government?” May refused six times to answer Corbyn’s direct questions about what Surrey council had been offered and accused the opposition leader of using “alternative facts”. But several hours later, ministers confirmed that Surrey council had agreed to take part in a trial allowing the council to retain local business rates to fund social care from 2018. Surrey unexpectedly called off a controversial plan to poll voters on Tuesday over a 15% rise in council tax, mainly to pay for social care. Instead, it recommended a rise next year of just under 5%. A public referendum could have embarrassed Jeremy Hunt, the health secreta... [truncated, 6168 chars total - full text at data/raw/news/text/NEWS-guardian_api-3a940a5c546b.txt]",data/raw/news/text/NEWS-guardian_api-3a940a5c546b.txt
NEWS-guardian_api-3b17f72731a1,SCC-2017-05,guardian_api,local,SCC-2017-05:local,full_corpus,pending_human_review,"Clears every mechanically-checkable rule. Still requires the human pass for E4 (result leakage), the L/N relevance test (E5), E6 (Reform disambiguation, if applicable) and E8 (genuine editorial content) before it can count as eligible.",,,exclude,not_applicable,,,E5-NO-L-OR-N-RULE-MET,E6-NOT-REFORM-FLAGGED,,,"Although he spent nearly 30 years in the House of Commons and served as a cabinet minister for nine of those years, in two Conservative administrations, James Prior, who has died aged 89, failed to fulfil his true potential.",,,,high,,,,,,,,,,,Lord Prior obituary,2016-12-12,143,"likely E4-CLEAR (143 days before polling day - a genuine result leak would require the DATE itself being wrong, not just a careless read; still confirm by skimming for any reference to a declared result)","Although he spent nearly 30 years in the House of Commons and served as a cabinet minister for nine of those years, in two Conservative administrations, James Prior, who has died aged 89, failed to fulfil his true potential. A political career is peculiarly susceptible to the prevailing circumstances of the times and it was his misfortune that the benign paternalism that characterised his view of the nature of Conservative politics became distinctly unfashionable under Margaret Thatcher’s leadership of the party. He was nevertheless a profoundly significant figure in her government and was described at the time by a cabinet colleague as the one individual who was key to her success. Prior was a clever and principled man whose air of complacent geniality disguised the keen brain of a sophisticated tactician. It was his lot in life at Westminster to provide political balance to the vastly different governments of both Thatcher and her predecessor Edward Heath, with whose approach to Conservative politics he was much more in sympathy. Had it not been for Heath’s unexpected defeat in the unnecessary February 1974 election and the subsequent Tory turmoil that produced Thatcher’s election as leader, Prior would have been an obvious future leader himself. But when he stood in the second ballot of the 1975 leadership election he came a joint third with Geoffrey Howe (with William Whitelaw in second place), winning only 19 votes against Thatcher’s triumphant 146. When the Conservative... [truncated, 8885 chars total - full text at data/raw/news/text/NEWS-guardian_api-3b17f72731a1.txt]",data/raw/news/text/NEWS-guardian_api-3b17f72731a1.txt
NEWS-guardian_api-3be6f1acc272,SCC-2013-05,guardian_api,local,SCC-2013-05:local,full_corpus,pending_human_review,"Clears every mechanically-checkable rule. Still requires the human pass for E4 (result leakage), the L/N relevance test (E5), E6 (Reform disambiguation, if applicable) and E8 (genuine editorial content) before it can count as eligible.",,,exclude,not_applicable,,,E5-NO-L-OR-N-RULE-MET,E6-NOT-REFORM-FLAGGED,,,Irecognised Mr Micawber at once when he crashed into David Copperfield's life.,,,,high,,,,,,,,,,,We had to hide from the tally man,2012-11-03,180,"likely E4-CLEAR (180 days before polling day - a genuine result leak would require the DATE itself being wrong, not just a careless read; still confirm by skimming for any reference to a declared result)","Irecognised Mr Micawber at once when he crashed into David Copperfield's life. Dickens based Micawber on his father. He was my father too. Often great fun but wildly unpredictable and rarely reliable. Sometimes we had money coming in, more often we didn't. Sometimes my father was in work – and those were the happiest days. But I don't remember them as clearly as the many times he wasn't working, we had no money and had to hide from the ""tally man"". Or duck behind trees on the high street if Mum saw the man from the council responsible for collecting the rates. ""I'll give you a pound a week,"" she said to him once when we'd been unable to avoid him. He grunted and agreed to ""give it a whirl"". We all knew, though, that this pound a week would soon stop and we'd be back to hiding from him. Once, we were seven days from being thrown out of our house, which my parents, in theory, owned. I've no idea how they ever managed to get a mortgage or, even more miraculously, hung on to our house. But they did. And we never went hungry. In fact, we ate rather well. Occasionally, rich relatives in America sent bundles of gorgeous clothes over. Doing Pygmalion at school, our English teacher spoke of how George Bernard Shaw had an expression for families that, like us, were on the surface middle class yet poor: genteel poverty. Again, I'd found a reference in literature that summed up my life. This should have been comforting as we were clearly a recognisable type – but it wasn't. Growing up in... [truncated, 6857 chars total - full text at data/raw/news/text/NEWS-guardian_api-3be6f1acc272.txt]",data/raw/news/text/NEWS-guardian_api-3be6f1acc272.txt
NEWS-guardian_api-3bfa02cc6d95,SCC-2017-05,guardian_api,local,SCC-2017-05:local,full_corpus,pending_human_review,"Clears every mechanically-checkable rule. Still requires the human pass for E4 (result leakage), the L/N relevance test (E5), E6 (Reform disambiguation, if applicable) and E8 (genuine editorial content) before it can count as eligible.",,,exclude,not_applicable,,,E5-NO-L-OR-N-RULE-MET,E6-NOT-REFORM-FLAGGED,,,"Care runners up: Sefton multi-agency child sexual exploitation panel, Sefton council Children at risk of sexual exploitation in Sefton are being quickly identified thanks to a community-wide campaign to raise awareness of the telltale signs.",,,,medium,,,,,,,,,,,Guardian Public Service Awards 2016: runners-up,2016-11-30,155,"likely E4-CLEAR (155 days before polling day - a genuine result leak would require the DATE itself being wrong, not just a careless read; still confirm by skimming for any reference to a declared result)","Care runners up: Sefton multi-agency child sexual exploitation panel, Sefton council Children at risk of sexual exploitation in Sefton are being quickly identified thanks to a community-wide campaign to raise awareness of the telltale signs. Pharmacists and taxi drivers are among those providing vital information to the campaign. A number of perpetrators have been brought to justice as a result of the innovative initiative from Sefton council and its partners. In an Ofsted report published six months ago, inspectors said Sefton’s multi-agency child sexual exploitation group shone in a department where services were inadequate or failing. Linda Jackson 10-60-06 dementia care team, Barchester Healthcare Amid widespread concern that care homes are still using psychotropic drugs to sedate dementia patients, a pilot project has proved how a patient-centred approach can improve the wellbeing of residents and decrease drug use. Staff – from cooks and cleaners to careworkers – at 10 homes run by Barchester Healthcare were trained to reduce residents’ distress and increase wellbeing. In 12 months there was a 17% drop in the use of psychotropic drugs, a 79% fall in diazepam prescriptions, and a 22% reduction in assaults on staff. LJ Transformation runners-up Centrepoint Innovation Delivery team A transformation in working practices is behind a new advice service for young people at risk of homelessness. The Centrepoint Innovation Delivery team worked across the charity to establish the... [truncated, 9552 chars total - full text at data/raw/news/text/NEWS-guardian_api-3bfa02cc6d95.txt]",data/raw/news/text/NEWS-guardian_api-3bfa02cc6d95.txt
NEWS-guardian_api-3e7ea638b7a0,ESWS-2026-05,guardian_api,local,ESWS-2026-05:local|reform,full_corpus,pending_human_review,"Clears every mechanically-checkable rule. Still requires the human pass for E4 (result leakage), the L/N relevance test (E5), E6 (Reform disambiguation, if applicable) and E8 (genuine editorial content) before it can count as eligible. This record also matched a Reform-related query - E6 manual disambiguation is mandatory before inclusion (protocol requirement, not optional).",yes,,exclude,,,,E5-NO-L-OR-N-RULE-MET,,,,Rachel Reeves has announced that the Treasury will draw up plans to give regional leaders a share of national tax revenues as part of a radical plan to rebalance the English economy.,,,,high,,,,,,,,,,,Zelenskyy says Europe is a ‘global force’ that can stand against any other power in address to MPs – as it happened,2026-03-17,51,"likely E4-CLEAR (51 days before polling day - a genuine result leak would require the DATE itself being wrong, not just a careless read; still confirm by skimming for any reference to a declared result)","Rachel Reeves has announced that the Treasury will draw up plans to give regional leaders a share of national tax revenues as part of a radical plan to rebalance the English economy. Nigel Farage has sold videos in which he endorsed a neo-Nazi event, repeated extremist slogans and supported a man convicted over his involvement in a far-right riot, a Guardian investigation has revealed. The Iranian regime and Vladimir Putin’s Russia are “brothers in hatred”, Volodymyr Zelenskyy has told MPs and peers. As the Press Association reports, the Ukrainian president highlighted co-operation between Tehran and Moscow on Shahed kamikaze drones which had targeted Ukraine and countries across the Gulf. He said Ukraine’s bitter experience had resulted in expertise in combating drone warfare which was now being offered to help countries in the Middle East. Zelenskyy suggested the technology developed in his country could have helped protect RAF Akrotiri from the drone strike which hit it earlier this month. Speaking in a Westminster committee room, Zelenskyy said: The regimes in Russia and Iran are brothers in hatred and that is why they are brothers in weapons. And we want regimes built on hatred to never, never win in anything. And we want no such regime to threaten Europe or our partners. Students in Kent are to be offered a targeted vaccination against meningitis B after two more cases in the deadly outbreak were confirmed and pharmacies ran out of vaccine doses. The government is to pu... [truncated, 51828 chars total - full text at data/raw/news/text/NEWS-guardian_api-3e7ea638b7a0.txt]",data/raw/news/text/NEWS-guardian_api-3e7ea638b7a0.txt
NEWS-guardian_api-3fd7ab71449d,SCC-2013-05,guardian_api,local,SCC-2013-05:local,full_corpus,pending_human_review,"Clears every mechanically-checkable rule. Still requires the human pass for E4 (result leakage), the L/N relevance test (E5), E6 (Reform disambiguation, if applicable) and E8 (genuine editorial content) before it can count as eligible.",,,exclude,not_applicable,,,E5-NO-L-OR-N-RULE-MET,E6-NOT-REFORM-FLAGGED,,,"Councils have long been recognised as the most efficient part of the public sector, but over the past few years I believe all of us have demonstrated just how resourceful and innovative we can be, continuing to deliver first rate frontline services while tackling budget cuts of over 30% across the board.",,,,medium,,,,,,,,,,,Effective commissioning is more important now than ever,2013-02-13,78,"likely E4-CLEAR (78 days before polling day - a genuine result leak would require the DATE itself being wrong, not just a careless read; still confirm by skimming for any reference to a declared result)","Councils have long been recognised as the most efficient part of the public sector, but over the past few years I believe all of us have demonstrated just how resourceful and innovative we can be, continuing to deliver first rate frontline services while tackling budget cuts of over 30% across the board. Yet as we face the threat of further cuts over the course of the next government spending review, we are forced to consider a future where councils will potentially look very different. A future where we increasingly take on the role of key decision maker within our communities but look to develop partnerships with the private sector, charities and voluntary organisations to deliver cost effective and efficient services based on local needs. But for local government to evolve and adapt it is vital that both councillors and officers are equipped with the skills they will need to commission these services. Earlier this month I was joined at the LGA's offices in Smith Square by two of our Westminster colleagues, Francis Maude and Nick Hurd, to launch a new initiative by the Cabinet Office precisely to help local authorities and other bodies from across the rest of the public sector tackle this issue. Following two successful pilot projects, the Commissioning Academy is now accepting applications to join the full programme which will start in April, and will bring together senior decision makers from across local government to exchange new ideas and share best practice with repre... [truncated, 4259 chars total - full text at data/raw/news/text/NEWS-guardian_api-3fd7ab71449d.txt]",data/raw/news/text/NEWS-guardian_api-3fd7ab71449d.txt
NEWS-guardian_api-410602cd8141,SCC-2017-05,guardian_api,local,SCC-2017-05:local,full_corpus,pending_human_review,"Clears every mechanically-checkable rule. Still requires the human pass for E4 (result leakage), the L/N relevance test (E5), E6 (Reform disambiguation, if applicable) and E8 (genuine editorial content) before it can count as eligible.",,,exclude,not_applicable,,,E5-NO-L-OR-N-RULE-MET,E6-NOT-REFORM-FLAGGED,,,MPs have taken a historic step towards taking Britain out of the European Union by approving the bill allowing the prime minister to trigger article 50 by a majority of 384 votes.,,,,high,,,,,,,,,,,MPs vote to give May power to trigger article 50 – as it happened,2017-02-01,92,"likely E4-CLEAR (92 days before polling day - a genuine result leak would require the DATE itself being wrong, not just a careless read; still confirm by skimming for any reference to a declared result)","MPs have taken a historic step towards taking Britain out of the European Union by approving the bill allowing the prime minister to trigger article 50 by a majority of 384 votes. The bill still has to get through another three days of debate in the Commons, and then it will go to the Lords, but with MPs backing it by such a large margin it now seems certain to clear all its parliamentary stages by the beginning of March. This means Theresa May will be able to trigger article 50 as she plans before the end of that month, starting a two-year process that should lead to the UK being out of the EU before April 2019. Jeremy Corbyn has suffered a serious rebellion, with 20% of his parliamentary party, including 13 serving frontbenchers, defying the whip. (See 8.38pm.) Corbyn has said he understands why MPs representing remain areas found it hard to follow the Labour whip and vote for the bill and party sources are playing down the prospect of mass sackings. But the decision to back the Tories over Brexit has gone down very badly with the party’s activist base, and it is possible that the vote could traumatise the party for years to come, just as the vote for the Iraq war vote did in 2003. Here are highlights from the debate. That’s all from me for tonight. Thanks for the comments. A Conservative party spokesman said this about the vote. Forty seven Labour MPs voting against the article 50 Bill shows Labour can’t speak for themselves, let alone speak for the country. They’re hopele... [truncated, 110634 chars total - full text at data/raw/news/text/NEWS-guardian_api-410602cd8141.txt]",data/raw/news/text/NEWS-guardian_api-410602cd8141.txt
NEWS-guardian_api-418f9d9f64cf,SCC-2013-05,guardian_api,local,SCC-2013-05:local,full_corpus,pending_human_review,"Clears every mechanically-checkable rule. Still requires the human pass for E4 (result leakage), the L/N relevance test (E5), E6 (Reform disambiguation, if applicable) and E8 (genuine editorial content) before it can count as eligible.",,,exclude,not_applicable,,,E5-NO-L-OR-N-RULE-MET,E6-NOT-REFORM-FLAGGED,,,"The first ever elections for police and crime commissioners are on track for the lowest turnout for a nationwide set of elections in British history, leading to fears for the legitimacy of the new police watchdogs.",,,,high,,,,,,,,,,,Police commissioner elections on track for lowest turnout in British history,2012-11-16,167,"likely E4-CLEAR (167 days before polling day - a genuine result leak would require the DATE itself being wrong, not just a careless read; still confirm by skimming for any reference to a declared result)","The first ever elections for police and crime commissioners are on track for the lowest turnout for a nationwide set of elections in British history, leading to fears for the legitimacy of the new police watchdogs. Turnout based on returns from 30 of the 41 police force areas averages just 15%, below even the most doom-laden predictions, ranging from 12% in the West Midlands to 19% in Humberside and Avon and Somerset. In Gwent, one Newport polling station had no voters at all. Downing Street blamed the fact that the £75m elections were ""a brand new idea"" and a lack of coverage in the ""London-based media"" for the poor turnout. David Cameron insisted the new police watchdogs, who have the power to hire and fire chief constables, would have a mandate because they were ""replacing organisations that weren't directly elected at all"". The Electoral Commission confirmed it would carry out an inquiry into the low turnout, saying the elections had been run in a number of ways they did not agree with. The early results saw an existing Conservative police authority member and accountant, Angus Macpherson, declared the first police commissioner in Britain since 1835 after he was elected in Wiltshire on a 15% turnout. Just 8% of those eligible to vote backed him. Macpherson said his first priority was to implement savings in his force's budget. He will have to resign as a magistrate to take the job. There were 2,683 spoilt ballot papers in Wiltshire, or just over 3% of the votes cast, sugg... [truncated, 4905 chars total - full text at data/raw/news/text/NEWS-guardian_api-418f9d9f64cf.txt]",data/raw/news/text/NEWS-guardian_api-418f9d9f64cf.txt
NEWS-guardian_api-422b97e026f3,SCC-2013-05,guardian_api,local,SCC-2013-05:local,full_corpus,pending_human_review,"Clears every mechanically-checkable rule. Still requires the human pass for E4 (result leakage), the L/N relevance test (E5), E6 (Reform disambiguation, if applicable) and E8 (genuine editorial content) before it can count as eligible.",,,exclude,not_applicable,,,E5-NO-L-OR-N-RULE-MET,E6-NOT-REFORM-FLAGGED,,,"The National Union of Students president, Liam Burns, has been pelted with eggs and fruit at the conclusion of a march in London, which was marked by a low turnout and widespread anger over the perceived failure of the organisation to fight the trebling of university fees.",,,,high,,,,,,,,,,,"Student march ends in eggs, fruit and anger",2012-11-21,162,"likely E4-CLEAR (162 days before polling day - a genuine result leak would require the DATE itself being wrong, not just a careless read; still confirm by skimming for any reference to a declared result)","The National Union of Students president, Liam Burns, has been pelted with eggs and fruit at the conclusion of a march in London, which was marked by a low turnout and widespread anger over the perceived failure of the organisation to fight the trebling of university fees. The NUS had hoped to attract 10,000 students to the march, but on a blustery windswept day and amid apparent disillusionment, only between 3,000 and 4,000 made the trip across central London, over Westminster bridge and down to Kennington Park at the Oval. At their protest prior to the vote on fees two years ago, the NUS leadership were privately stunned when turnout far exceeded expectations and 50,000 students massed in London. Delivering an address on stage in Kennington park, Burns was drowned out by chants of ""general strike"" and ""NUS shame on you, where the fuck have you brought us to,"" before security at the front lost control in a morass of mud and the crowd stormed the stage. Burns was hurried off. One protester summed up the frustrations of a student body that knows it lost a major political battle a long while ago and now sees little way of getting the coalition government to reverse its policy. ""Invading the stage is counter-productive, it's obviously not going to help matters,"" said Rupert Walker who'd travelled down from Lincoln University. ""But then again, Liam [Burns] deserves it. He's done nothing to push forward the cause for free education."" Michael Chessum organiser for the alternative s... [truncated, 5659 chars total - full text at data/raw/news/text/NEWS-guardian_api-422b97e026f3.txt]",data/raw/news/text/NEWS-guardian_api-422b97e026f3.txt
NEWS-guardian_api-43011b430449,SCC-2017-05,guardian_api,local,SCC-2017-05:local,full_corpus,pending_human_review,"Clears every mechanically-checkable rule. Still requires the human pass for E4 (result leakage), the L/N relevance test (E5), E6 (Reform disambiguation, if applicable) and E8 (genuine editorial content) before it can count as eligible.",,,exclude,not_applicable,,,E5-NO-L-OR-N-RULE-MET,E6-NOT-REFORM-FLAGGED,,,"Sarah Olney, the new MP for Richmond Park and north Kingston, only joined the Liberal Democrats last May after the party’s crushing defeat in the general election that handed the Conservatives an unexpected majority.",,,,medium,,,,,,,,,,,'I wasn’t planning to become an MP': Sarah Olney on her shock byelection win,2016-12-02,153,"likely E4-CLEAR (153 days before polling day - a genuine result leak would require the DATE itself being wrong, not just a careless read; still confirm by skimming for any reference to a declared result)","Sarah Olney, the new MP for Richmond Park and north Kingston, only joined the Liberal Democrats last May after the party’s crushing defeat in the general election that handed the Conservatives an unexpected majority. Before that, the 39-year-old accountant, who lived in a semi-detached house in north Kingston with her husband and two children, had voted Lib Dem but never been a member of any political party. “It never occurred to me [to join one],” she said. “I didn’t grow up in a political family. I don’t have political friends. It wasn’t on my radar at all.” Her suburban middle-class background has little in common with that of Zac Goldsmith and his family, who were less than gracious in defeat. Goldsmith’s brother Ben said “even by Liberal Democrat standards, Sarah Olney is unimaginably drab” in a tweet in the early hours that was hastily deleted. In a rewritten version, he called her “utterly dreary” instead. In response, however, Olney would only say she was not prepared to get personal. Olney grew up in Surrey Heath. Her father was a headteacher and her mother a nurse. “They voted Tories, they are Tories,” she said of her public-sector parents. Would they still back Theresa May’s party now? “I don’t know, I expect so. The last time they had an opportunity to vote I wasn’t a Lib Dem,” she said, before adding with a laugh that she thought her mother would back her new party in the future. Not that her parents are fans of their local MP, the arch-Brexiteer Michael Gove. “T... [truncated, 3301 chars total - full text at data/raw/news/text/NEWS-guardian_api-43011b430449.txt]",data/raw/news/text/NEWS-guardian_api-43011b430449.txt
NEWS-guardian_api-442b87b8b9dd,SCC-2013-05,guardian_api,local,SCC-2013-05:local,full_corpus,pending_human_review,"Clears every mechanically-checkable rule. Still requires the human pass for E4 (result leakage), the L/N relevance test (E5), E6 (Reform disambiguation, if applicable) and E8 (genuine editorial content) before it can count as eligible.",,,exclude,not_applicable,,,E5-NO-L-OR-N-RULE-MET,E6-NOT-REFORM-FLAGGED,,,"Hello Rodney, how are you?",,,,high,,,,,,,,,,,Roots Manuva: 'My whole career is just like a massive mistake',2013-01-24,98,"likely E4-CLEAR (98 days before polling day - a genuine result leak would require the DATE itself being wrong, not just a careless read; still confirm by skimming for any reference to a declared result)","Hello Rodney, how are you? This is the half-an-hour thing, is it? Well, yes. It probably won't last half an hour, to be honest. The crazy, tongue-in-cheek one, is it? That's the idea. Where are you at the moment? I'm in (pauses for a bit) Surrey at the moment. Leafy Surrey. It's one of my many homes (laughs). You sound a bit sleepy. Have you just woken up? No, I've had a cold for the past few days. Woken up? No, not with a 16-month-old who wakes up all night long. How many kids have you got Rodney? Too many. I've lost count. What did you have for breakfast? (Silence) I think just a coffee. I did the school run this morning and I don't think I had anything. How has being called Rodney defined you? It's made me very oddly secondhand British, I think, because it's not a name the British use any more. It's been taken up by the old empire subjects from Jamaica and it's supposedly quite regal from the context my parents were using it. But it's out of date. I'm a walking time warp. I had a look at some famous Rodneys and there are a lot of footballers. (1) I didn't know that. You're educating me here. There's a rapper called Rodney P and there's a dancehall rapper called Rodney Price. When I told a friend I was interviewing you, she said: ""Will you get to 'witness the fitness'?"" How does it feel to have a catchphrase?(2) (Laughs) A bit weird. It doesn't even belong to me, you know. I think I get paid royalties for it being put on T-shirts and I didn't even create it. Is it true the ... [truncated, 9519 chars total - full text at data/raw/news/text/NEWS-guardian_api-442b87b8b9dd.txt]",data/raw/news/text/NEWS-guardian_api-442b87b8b9dd.txt
NEWS-guardian_api-4494203acb80,SCC-2021-05,guardian_api,local,SCC-2021-05:local,full_corpus,pending_human_review,"Clears every mechanically-checkable rule. Still requires the human pass for E4 (result leakage), the L/N relevance test (E5), E6 (Reform disambiguation, if applicable) and E8 (genuine editorial content) before it can count as eligible.",,,include,not_applicable,,,E5-L3-COUNCIL-ISSUE,E6-NOT-REFORM-FLAGGED,,,Surrey’s local resilience forum also confirmed that standard mortuary facilities in hospitals had filled up and that 170 bodies are now being kept in a temporary mortuary on land at Headley Court in Leatherhead.,,,,medium,,,,,,,,,,,Temporary mortuaries in south-east England needed to cope with rising Covid deaths,2021-01-11,115,"likely E4-CLEAR (115 days before polling day - a genuine result leak would require the DATE itself being wrong, not just a careless read; still confirm by skimming for any reference to a declared result)","Emergency plans have been triggered to keep bodies in temporary mortuaries in Kent and Surrey and a new temporary morgue is being built in London as a rising death toll from Covid begins to overwhelm storage facilities. The leader of Kent county council, Roger Gough, said on Monday that a temporary structure on an industrial estate in Aylesford had been pressed into action for the first time this month as capacity was reached elsewhere in the hard-hit county. The facility has space for 950 bodies and is set among car showrooms and vehicle workshops two miles north of Maidstone. The Aylesford Temporary Place of Rest was erected last spring to cope with the first wave of the pandemic, but has not been needed until now. Surrey’s local resilience forum also confirmed that standard mortuary facilities in hospitals had filled up and that 170 bodies are now being kept in a temporary mortuary on land at Headley Court in Leatherhead. Around half of the deceased died from Covid-19. Twenty-eight further bodies arrived from the county’s four hospitals on Monday. Its purpose is to free room in hospital mortuaries so that there are no delays in storage when people die. The Surrey facility was used to hold a total of 700 bodies in the three months from April, but the demand for space is much greater now, with 300 bodies going through the facility in the three weeks since 21 December. In London, while hospital mortuaries are still coping, officials said a new temporary structure is being pre... [truncated, 4214 chars total - full text at data/raw/news/text/NEWS-guardian_api-4494203acb80.txt]",data/raw/news/text/NEWS-guardian_api-4494203acb80.txt
NEWS-guardian_api-466ec0700a1f,SCC-2013-05,guardian_api,local,SCC-2013-05:local,full_corpus,pending_human_review,"Clears every mechanically-checkable rule. Still requires the human pass for E4 (result leakage), the L/N relevance test (E5), E6 (Reform disambiguation, if applicable) and E8 (genuine editorial content) before it can count as eligible.",,,include,not_applicable,,,E5-L3-COUNCIL-ISSUE,E6-NOT-REFORM-FLAGGED,,,"Sarah Mitchell is Surrey county council's strategic director for adult social care We shouldn't be put off investing by the 'graph of doom': Investing in prevention has to be the way forward and in a county like Surrey we have recognised that the prevention ""offer"" (I hate that word but you know wha",,,,medium,,,,,,,,,,,Roundup: partnerships in social care,2012-11-24,159,"likely E4-CLEAR (159 days before polling day - a genuine result leak would require the DATE itself being wrong, not just a careless read; still confirm by skimming for any reference to a declared result)","Sarah Mitchell is Surrey county council's strategic director for adult social care We shouldn't be put off investing by the 'graph of doom': Investing in prevention has to be the way forward and in a county like Surrey we have recognised that the prevention ""offer"" (I hate that word but you know what I mean) needs investment and for us that means £10m over five years to help build the social capital which will make direct payments affordable. This is not taken out of our social care budget but a Surrey county council investment in supporting older people, those with a learning disability and other disabilities to live ordinary lives in the community. This is not a social care issue alone and cannot be dealt with by social care departments on their own. Public health has already raised our game in using information to support and stimulate debate: Knowing we drink more in Surrey than most other places has always been a concern, but using data to show the impact that has on the demand for NHS and social care services has been very helpful in understanding why it is important and how we might commission services differently. Cath Sim is representing The College of Social Work Co-location could help solve lots of communication problems: As a front line practitioner, I am very interested in the idea of working directly (ie in the same place) in teams with the police, health visitors, school nurses and people who have a knowledge of housing and benefits. I spend a lot of my time co... [truncated, 7047 chars total - full text at data/raw/news/text/NEWS-guardian_api-466ec0700a1f.txt]",data/raw/news/text/NEWS-guardian_api-466ec0700a1f.txt
NEWS-guardian_api-47f5407b147e,SCC-2017-05,guardian_api,local,SCC-2017-05:local,full_corpus,pending_human_review,"Clears every mechanically-checkable rule. Still requires the human pass for E4 (result leakage), the L/N relevance test (E5), E6 (Reform disambiguation, if applicable) and E8 (genuine editorial content) before it can count as eligible.",,,exclude,not_applicable,,,E5-NO-L-OR-N-RULE-MET,E6-NOT-REFORM-FLAGGED,,,"In September last year, David Cameron wrote to the leader of Oxfordshire county council expressing concern at cuts to services being proposed to cope with a reduction in its funding.",,,,medium,,,,,,,,,,,The Observer view of local services and swingeing budget cuts | Observer editorial,2016-12-18,137,"likely E4-CLEAR (137 days before polling day - a genuine result leak would require the DATE itself being wrong, not just a careless read; still confirm by skimming for any reference to a declared result)","In September last year, David Cameron wrote to the leader of Oxfordshire county council expressing concern at cuts to services being proposed to cope with a reduction in its funding. It was a bizarre intervention, in which the then prime minister appeared oblivious to the impact of the 40% cut his government made to local government funding on local services. Last week’s local government finance settlement continues this miserable charade. Like her predecessor, Theresa May deploys the rhetoric of giving power away. But the reality is different: councils’ powers over the provision of local education have been steadily eroded, while it is has been the painful decision about what to cut that has been cheerfully devolved downwards. Core government funding to councils will be sliced by a further 28% this year and 30% next year. The public accounts committee today warns devolution should not be used as an excuse for Whitehall to “wash [its] hands” of the need to sustain decent local services. These cuts have manifested themselves very differently in different parts of the country. Councils rely on a mixture of central government grants and revenue raised locally through business rates and council tax. Central government has historically used grants to redistribute funding from richer to poorer areas, which can raise much less through local taxation. Poorer councils therefore rely much more heavily on the government grants that have been mercilessly slashed. As a result, they have h... [truncated, 4263 chars total - full text at data/raw/news/text/NEWS-guardian_api-47f5407b147e.txt]",data/raw/news/text/NEWS-guardian_api-47f5407b147e.txt
NEWS-guardian_api-4a0adc0f7d8f,SCC-2017-05,guardian_api,local,SCC-2017-05:local,full_corpus,pending_human_review,"Clears every mechanically-checkable rule. Still requires the human pass for E4 (result leakage), the L/N relevance test (E5), E6 (Reform disambiguation, if applicable) and E8 (genuine editorial content) before it can count as eligible.",,,exclude,not_applicable,,,E5-NO-L-OR-N-RULE-MET,E6-NOT-REFORM-FLAGGED,,,Britain could be just a month away from the triggering of article 50 - the moment that will start the (supposedly irreversible) two-year EU withdrawal process - after the EU (notification of withdrawal) bill got its Commons third reading.,,,,high,,,,,,,,,,,Clive Lewis quits shadow cabinet as article 50 bill clears House of Commons - as it happened,2017-02-08,85,"likely E4-CLEAR (85 days before polling day - a genuine result leak would require the DATE itself being wrong, not just a careless read; still confirm by skimming for any reference to a declared result)","Britain could be just a month away from the triggering of article 50 - the moment that will start the (supposedly irreversible) two-year EU withdrawal process - after the EU (notification of withdrawal) bill got its Commons third reading. It now goes to the Lords. It is due to get through the Lords by Tuesday 7 March and there is speculation that Theresa May plans to trigger article 50, using the authority given to her by the legislation, at an EU summit starting two days later, on Thursday 9 March. MPs passed the bill by a majority of 372 despite the fact that, by roughly three to one, MPs voted to stay in the EU in last year’s referendum rather than to leave. Many MPs were uncomfortable this week voting for an outcome that they fear could be harmful to the national interest, but there was a general recognition that, having agreed to hold a referendum, they had no option but to honour its result. Labour and other opposition parties have failed to secure any changes to the bill. There were eight votes on amendments tonight, following votes on Monday and Tuesday, but the government won them all comfortably. This is important to ministers because they think peers will be especially reluctant to try tinkering with a bill that passed the Commons untouched. Before the vote there had been speculation that the majority for a “soft” Brexit that almost certainly exists in the Commons might mobilise behind some key amendments. But in the event this did not happen, and the biggest Tory ... [truncated, 95434 chars total - full text at data/raw/news/text/NEWS-guardian_api-4a0adc0f7d8f.txt]",data/raw/news/text/NEWS-guardian_api-4a0adc0f7d8f.txt
NEWS-guardian_api-4ac52ebd679c,SCC-2017-05,guardian_api,local,SCC-2017-05:local,full_corpus,pending_human_review,"Clears every mechanically-checkable rule. Still requires the human pass for E4 (result leakage), the L/N relevance test (E5), E6 (Reform disambiguation, if applicable) and E8 (genuine editorial content) before it can count as eligible.",,,exclude,not_applicable,,,E5-NO-L-OR-N-RULE-MET,E6-NOT-REFORM-FLAGGED,,,December 2004 The offshore-registered developer Renewal begins purchasing land on the New Bermondsey site.,,,,high,,,,,,,,,,,Millwall and the battle over The Den: how the controversy has unfolded,2017-01-25,99,"likely E4-CLEAR (99 days before polling day - a genuine result leak would require the DATE itself being wrong, not just a careless read; still confirm by skimming for any reference to a declared result)","December 2004 The offshore-registered developer Renewal begins purchasing land on the New Bermondsey site. 2006 Renewal approaches Lewisham council with a view to a mixed-use development on the site. May 2011 Surrey Canal Sports Foundation is established to raise money to establish a sports village on the site, chaired by former London mayoral candidate and Tory minister Steven Norris. July 2011 Outline planning application is submitted by Renewal. March 2012 Renewal gets outline planning permission from Lewisham council. Its proposal includes 2,400 homes, business space and leisure and assembly space, including a 15,000 square-metre sports facility. The plan also states that Millwall’s stadium will be reclad to improve appearance. August 2013 Millwall, after learning that land leased to the club would be sold on, produce their own plans for development and submit them to Lewisham council. These include space for their academy and community schemes, while providing opportunities for non-football-generated income, including workshops for local artists and 400 houses. January 2014 A pitching brochure for SCSF claims the foundation has £2m of support from Sport England and £10m from Renewal, and calls for the public and financial support from the London Borough of Lewisham. In fact Sport England has made no such pledge June 2014 Lewisham council approves a £500,000 grant to SCSF after an internal Lewisham report to the mayor and cabinet falsely claims the foundation has £2m of s... [truncated, 3086 chars total - full text at data/raw/news/text/NEWS-guardian_api-4ac52ebd679c.txt]",data/raw/news/text/NEWS-guardian_api-4ac52ebd679c.txt
NEWS-guardian_api-4ae1d825f248,SCC-2021-05,guardian_api,local,SCC-2021-05:local,full_corpus,pending_human_review,"Clears every mechanically-checkable rule. Still requires the human pass for E4 (result leakage), the L/N relevance test (E5), E6 (Reform disambiguation, if applicable) and E8 (genuine editorial content) before it can count as eligible.",,,needs_second_review,not_applicable,,,E5-BORDERLINE-PLACE-MENTION,E6-NOT-REFORM-FLAGGED,,,"The Surrey, Cleveland, Staffordshire, Gloucestershire and West Midlands forces said they had used drones at BLM protests.",,,,,,,,,,,,,,,Drones used by police to monitor political protests in England,2021-02-14,81,"likely E4-CLEAR (81 days before polling day - a genuine result leak would require the DATE itself being wrong, not just a careless read; still confirm by skimming for any reference to a declared result)","Police have used unmanned drones to monitor political protests, including those held by the non-violent Black Lives Matter movement, research shows. Police also used drones in 2020 at animal rights protests, Extinction Rebellion and anti-HS2 demonstrations, and in one instance, an extreme-right protest. Campaigners say the police’s expanded use of drones is happening with the rules not clear and next to no debate. Police say that is not the case. The campaign group Drone watch used freedom of information requests to ask police forces to detail their use of drones at protests from January to October 2020. The Surrey, Cleveland, Staffordshire, Gloucestershire and West Midlands forces said they had used drones at BLM protests. Cleveland at three BLM events, Gloucestershire at two BLM protests and one lockdown protest, and West Midlands at three BLM protests. In south-west England, the Devon and Cornwall force and Avon and Somerset police used drones at 15 events including protests and public disorder incidents. Both forces declined to say at which protests drones had been used. Police were criticised for using drones during the first coronavirus lockdown, when they were used to monitor walkers in the Peak District in Derbyshire. Polling for Drone watch by Yonder claims to show public concern about drone use when they fly beyond where a human can see them. Of 2,000 people questioned, 60% were worried about the effects on privacy and civil liberties, and 67% said they were concern... [truncated, 3353 chars total - full text at data/raw/news/text/NEWS-guardian_api-4ae1d825f248.txt]",data/raw/news/text/NEWS-guardian_api-4ae1d825f248.txt
NEWS-guardian_api-4cd260ca8ab2,ESWS-2026-05,guardian_api,local,ESWS-2026-05:local|reform,full_corpus,pending_human_review,"Clears every mechanically-checkable rule. Still requires the human pass for E4 (result leakage), the L/N relevance test (E5), E6 (Reform disambiguation, if applicable) and E8 (genuine editorial content) before it can count as eligible. This record also matched a Reform-related query - E6 manual disambiguation is mandatory before inclusion (protocol requirement, not optional).",yes,,exclude,,,,E5-NO-L-OR-N-RULE-MET,,,,"Kemi Badenoch has called on Keir Starmer to “just get on” with a ban on social media for under-16s, saying delay is a dereliction of duty that is harming children’s mental health.",,,,high,,,,,,,,,,,"Britain facing ‘catastrophe’ because of children being addicted to social media, peers told – as it happened",2026-01-21,106,"likely E4-CLEAR (106 days before polling day - a genuine result leak would require the DATE itself being wrong, not just a careless read; still confirm by skimming for any reference to a declared result)","Kemi Badenoch has called on Keir Starmer to “just get on” with a ban on social media for under-16s, saying delay is a dereliction of duty that is harming children’s mental health. She made her comments in a Guardian article published shortly before peers started a debate on an amendment to the children’s wellbeing and schools bill that would ban social media accounts for under-16s. The debate is still going on, but a vote is expected within the hour. You can follow the proceedings here. Keir Starmer has noticeably hardened his rhetoric towards Donald Trump, telling the Commons that the US president’s condemnation of the Chagos Islands deal with Mauritius was intended to weaken the UK’s resolve over Greenland. The world would be a “better, more secure place” if America took over Greenland, Nigel Farage said at Davos, while insisting that he still believed in the sovereignty of nation states. For a full list of all the stories covered on the blog today, do scroll through the list of key event headlines near the top of the blog. Claire Fox, the former Brexit party MEP, said she thought teenagers should have acces to the internet. And she said they were clever and devious, and would be able to get round restricitons if they were imposed. She said the Nash amendment was a threat to adult civil liberties, and to freedom, and she said she did not believe a ban would have the advantages its supporters claimed. Lord Bethell, a Conservative, goes next. He says he was impressed by Hilar... [truncated, 54839 chars total - full text at data/raw/news/text/NEWS-guardian_api-4cd260ca8ab2.txt]",data/raw/news/text/NEWS-guardian_api-4cd260ca8ab2.txt
NEWS-guardian_api-52018eb10ed8,SCC-2013-05,guardian_api,local,SCC-2013-05:local,full_corpus,pending_human_review,"Clears every mechanically-checkable rule. Still requires the human pass for E4 (result leakage), the L/N relevance test (E5), E6 (Reform disambiguation, if applicable) and E8 (genuine editorial content) before it can count as eligible.",,,exclude,not_applicable,,,E5-NO-L-OR-N-RULE-MET,E6-NOT-REFORM-FLAGGED,,,"The ever increasing number of people holding postgraduate degrees, with numbers almost tripling in little over 15 years, risks becoming yet another barrier to social mobility for poorer students wary of taking on an even bigger debt burden, a leading education charity has warned.",,,,medium,,,,,,,,,,,Rising number of postgraduates 'could become barrier to social mobility',2013-02-07,84,"likely E4-CLEAR (84 days before polling day - a genuine result leak would require the DATE itself being wrong, not just a careless read; still confirm by skimming for any reference to a declared result)","The ever increasing number of people holding postgraduate degrees, with numbers almost tripling in little over 15 years, risks becoming yet another barrier to social mobility for poorer students wary of taking on an even bigger debt burden, a leading education charity has warned. While good careers were formerly open to those with only A-levels, the bulk were currently only accessible if you had a degree, the Sutton Trust said, something which might soon become the case for postgraduate qualifications. Research for the trust by the London School of Economics and Surrey University shows that while in 1996 just 4% of working Britons aged 26 to 60 had a postgraduate qualification, this was now 11%, or 2.1 million people. The study found those with a higher degree earned around £5,500 a year more on average, equating to a career-long ""postgraduate premium"" of around £200,000. While this was considerably more than the cost of taking a postgraduate course, the risk was students from poorer backgrounds would baulk at taking on yet more loans having paid up to £9,000 a year already for their undergraduate courses. Further degrees can easily cost £20,000 a year in tuition and living expenses, the trust said. The worry was that the predominance of higher qualifications could become yet another entrenched barrier for entry into top professions, said Sir Peter Lampl, who heads the Sutton Trust. He said: ""When I was growing up, there were many professions that were open to young people wi... [truncated, 3410 chars total - full text at data/raw/news/text/NEWS-guardian_api-52018eb10ed8.txt]",data/raw/news/text/NEWS-guardian_api-52018eb10ed8.txt
NEWS-guardian_api-53ffffce9e7f,SCC-2013-05,guardian_api,local,SCC-2013-05:local,full_corpus,pending_human_review,"Clears every mechanically-checkable rule. Still requires the human pass for E4 (result leakage), the L/N relevance test (E5), E6 (Reform disambiguation, if applicable) and E8 (genuine editorial content) before it can count as eligible.",,,exclude,not_applicable,,,E5-NO-L-OR-N-RULE-MET,E6-NOT-REFORM-FLAGGED,,,The government has announced changes to the way council tax benefit is provided to around 5.9 million families in the UK who currently receive it.,,,,medium,,,,,,,,,,,Live discussion: council tax benefit reform,2013-02-12,79,"likely E4-CLEAR (79 days before polling day - a genuine result leak would require the DATE itself being wrong, not just a careless read; still confirm by skimming for any reference to a declared result)","The government has announced changes to the way council tax benefit is provided to around 5.9 million families in the UK who currently receive it. From 2013-14, the benefit will be provided locally by councils and funded by a grant from central government. However, this grant will be reduced by 10% and is likely to force local authorities to make some difficult decisions about how they reform council tax support. Concerns about the changes have already been raised across the country, from how families on low incomes will cope with having to pay part of their council tax bill, alongside other benefit changes, to whether councils are ready and capable of localising the system. Councils will have to protect pensioners from any benefit changes in this area and some authorities have calculated they face a shortfall between their budget and the benefit they are being asked to provide. Newcastle city council has estimated it must find £1.8m extra to make up this gap. The Institute for Fiscal Studies has suggested that councils might be able to make some savings if they design an effective benefit scheme, but is that really possible? Join us from midday on Wednesday in the comment thread below, where we'll be discussing council tax benefit reform and how to make it fair. Post your comments now and share with friends and colleagues who might be interested. Panel: Hannah Aldridge is a researcher for the think tank New Policy Institute. Over the last six months she has been researching ... [truncated, 2443 chars total - full text at data/raw/news/text/NEWS-guardian_api-53ffffce9e7f.txt]",data/raw/news/text/NEWS-guardian_api-53ffffce9e7f.txt
NEWS-guardian_api-553b239b472b,SCC-2017-05,guardian_api,local,SCC-2017-05:local,full_corpus,pending_human_review,"Clears every mechanically-checkable rule. Still requires the human pass for E4 (result leakage), the L/N relevance test (E5), E6 (Reform disambiguation, if applicable) and E8 (genuine editorial content) before it can count as eligible.",,,exclude,not_applicable,,,E5-NO-L-OR-N-RULE-MET,E6-NOT-REFORM-FLAGGED,,,You don’t need me to tell you that graphene is an allotrope of carbon in the form of a 2D atomic-scale lattice in which one atom forms each vertex.,,,,high,,,,,,,,,,,Dassi Interceptor: bike preview | Martin Love,2016-11-27,158,"likely E4-CLEAR (158 days before polling day - a genuine result leak would require the DATE itself being wrong, not just a careless read; still confirm by skimming for any reference to a declared result)","You don’t need me to tell you that graphene is an allotrope of carbon in the form of a 2D atomic-scale lattice in which one atom forms each vertex. It’s a brilliantly malleable material that was only isolated in 2004 at the University of Manchester. They billed it then as the new carbon fibre. Donald Trump might call it carbon plus plus. It’s truly remarkable stuff – it’s 200 times stronger than steel and yet lighter than paper. But it’s taken until now for someone to make a bike with it. That someone is Stuart Abbott, founder of Dassi bikes. He’s a former Rolls-Royce engineer with a fascination for F1 who is also fanatical about bikes. His firm, based in Hampshire, is the only quality cycle maker in the UK to use all-British components. The graphene frame is a work of art and weighs in at an astonishing 700g – less than two cans of baked beans. It literally is featherweight. This bicycle, in Lamborghini orange, is currently the only graphene bike in the world, but Stuart is building 25 more, coloured and specced to your exact whim. He has orders for 16 already and I suspect the remainder will go as fast as hot mince pies. So if you fancy one have a word with Santa quick… (dassi.com) Price: frame only £5,995, complete bike as tested £12,000 Frame: graphene Gears: Campagnolo Super Record EPS Wheels: Vittoria When it rains… They say pride comes before a fall. A fortnight ago I headed out into the Surrey hills with a friend who is new to cycling. The idea was that I’d show him t... [truncated, 9474 chars total - full text at data/raw/news/text/NEWS-guardian_api-553b239b472b.txt]",data/raw/news/text/NEWS-guardian_api-553b239b472b.txt
NEWS-guardian_api-55976f638ace,SCC-2017-05,guardian_api,local,SCC-2017-05:local,full_corpus,pending_human_review,"Clears every mechanically-checkable rule. Still requires the human pass for E4 (result leakage), the L/N relevance test (E5), E6 (Reform disambiguation, if applicable) and E8 (genuine editorial content) before it can count as eligible.",,,exclude,not_applicable,,,E5-NO-L-OR-N-RULE-MET,E6-NOT-REFORM-FLAGGED,,,They’re still at it out there.,,,,high,,,,,,,,,,,Brexit Britain will depend on 'foreign' London and its Muslim mayor in 2017,2016-12-28,127,"likely E4-CLEAR (127 days before polling day - a genuine result leak would require the DATE itself being wrong, not just a careless read; still confirm by skimming for any reference to a declared result)","They’re still at it out there. “Sadiq Khan getting elected as mayor tells you all you need to know about London!” declares a self-described royalist and Rangers fan on Twitter: “[it’s] Becoming a muslim/immigrant shit*****e!”. Here’s someone calling themselves Deadpool commenting at the Daily Mail: “How in hell did this guy get voted as London mayor. Ooh I forgot, no English living in London nowadays”. And meet a woman from Yorkshire, keen on opera, plants and reincarnation: “I’ve been warning what imho is #Londonmayor’s intention – London caliphate”. Nearly eight months on from his election triumph in May, the London-born London bus-driver’s son, “proud feminist” and gay marriage backer continues to be accused of coming from another land bent on placing the capital under sharia law. Never mind that Khan’s swearing in as mayor was conducted at Southwark Cathedral and presided over by a Church of England cleric, or that his first official function as mayor was attending a holocaust memorial event in Hendon. And so what if he returned to the historic English cathedral the other day to celebrate Christmas “and our way of life here in this great city”? In the view of a “proud Briton” tweeting from Norfolk, his real plan for Christmas was to cancel it. And another thing. Khan has vowed to “DEFY Brexit” by working on proposals for London-only work visas, not because he and the city’s business leaders believe this would help buttress its economy in the uncertain years ahead, but sim... [truncated, 16913 chars total - full text at data/raw/news/text/NEWS-guardian_api-55976f638ace.txt]",data/raw/news/text/NEWS-guardian_api-55976f638ace.txt
NEWS-guardian_api-5604ec4e56a2,SCC-2017-05,guardian_api,local,SCC-2017-05:local,full_corpus,pending_human_review,"Clears every mechanically-checkable rule. Still requires the human pass for E4 (result leakage), the L/N relevance test (E5), E6 (Reform disambiguation, if applicable) and E8 (genuine editorial content) before it can count as eligible.",,,exclude,not_applicable,,,E5-NO-L-OR-N-RULE-MET,E6-NOT-REFORM-FLAGGED,,,"Following its victory in the Richmond byelection (Report, theguardian.com), I write to suggest that the Liberal Democratic party should change its name to The European Party.",,,,high,,,,,,,,,,,What progressive parties can learn from the Richmond Park result | Letters,2016-12-02,153,"likely E4-CLEAR (153 days before polling day - a genuine result leak would require the DATE itself being wrong, not just a careless read; still confirm by skimming for any reference to a declared result)","Following its victory in the Richmond byelection (Report, theguardian.com), I write to suggest that the Liberal Democratic party should change its name to The European Party. We of the forgotten 48% are surely more numerous today, now that Brexit’s rudderless fiasco is becoming as obvious as the shameless lies earlier told by its advocates. Even the lead rat of the leavers has signalled his inclination to leave the sinking ship and become a migrant to America. Today, we of the swelling 48% are cheering the Lib Dem victory in the byelection. This was a genuinely democratic, constitutional victory (Britain is a parliamentary democracy not the mob-rule “democracy” conjured up by David Cameron for the purposes of internal Tory politics). And it is widely agreed that the byelection was fought mainly on the issue of Brexit. The Lib Dems, along with the SNP, are the only major party with the courage to stand, unequivocally, against Brexit. Unfortunately, as anyone in marketing will attest, their brand is tarnished by association with the first Cameron government. The Lib Dems need to change their name. And the obvious name is The European Party. No need to change policies. Just the name. And no long-winded “Liberal Democratic and European Party” stuff. Just “The European Party”, plain and simple. I venture that huge numbers of the growing 48 percenters would flock to join, in a great revival of party fortunes. Probably some Labour MPs threatened with deselection, too. Maybe even som... [truncated, 9303 chars total - full text at data/raw/news/text/NEWS-guardian_api-5604ec4e56a2.txt]",data/raw/news/text/NEWS-guardian_api-5604ec4e56a2.txt
NEWS-guardian_api-56d9355dc6c5,SCC-2021-05,guardian_api,local,SCC-2021-05:local,full_corpus,pending_human_review,"Clears every mechanically-checkable rule. Still requires the human pass for E4 (result leakage), the L/N relevance test (E5), E6 (Reform disambiguation, if applicable) and E8 (genuine editorial content) before it can count as eligible.",,,exclude,not_applicable,,,E5-NO-L-OR-N-RULE-MET,E6-NOT-REFORM-FLAGGED,,,"‘The irony is, the only time Boris Johnson has got involved in unregulated markets is football – a sport he doesn’t understand.” Two weeks out from an election, the London mayor, Sadiq Khan, still has time to talk football.",,,,high,,,,,,,,,,,Sadiq Khan: ‘I felt betrayed – we need to make sure there is proper change in football’,2021-04-23,13,"likely E4-CLEAR (13 days before polling day - a genuine result leak would require the DATE itself being wrong, not just a careless read; still confirm by skimming for any reference to a declared result)","‘The irony is, the only time Boris Johnson has got involved in unregulated markets is football – a sport he doesn’t understand.” Two weeks out from an election, the London mayor, Sadiq Khan, still has time to talk football. But then he has a special interest in the unlamented European Super League, given that three of its founding members, Arsenal, Chelsea and Tottenham, are London clubs. Plus of course Khan is an uncharacteristically authentic – among politicians – Liverpool fan, who talks passionately about the great teams of Ian Rush and Graeme Souness, and more recently Liverpool’s embrace of the Muslim players Mohamed Salah and Sadio Mané. The terrace songs about going to the mosque, and about converting to Islam in return for a few more goals are in Khan’s opinion worth “a thousand speeches”. It is, though, the Super League that dominates the chat during time out from a campaigning kickabout on Hackney Marshes in east London. Khan is emphatic in his verdict. The unity of the last week has been uplifting. But football desperately needs regulation. “First of all I don’t think we should forget how we all felt in real time. I felt let down. I felt angry, I felt betrayed. That’s the relationship we have with our club, it goes deep. “It’s probably the only issue that Spurs and Arsenal are united on, and fans of so many other clubs. It was just lovely to see. You know, people say we are a country where people are apathetic or cynical. Not true. People do care, and what we need... [truncated, 5830 chars total - full text at data/raw/news/text/NEWS-guardian_api-56d9355dc6c5.txt]",data/raw/news/text/NEWS-guardian_api-56d9355dc6c5.txt
NEWS-guardian_api-57381db936ad,ESWS-2026-05,guardian_api,local,ESWS-2026-05:local,full_corpus,pending_human_review,"Clears every mechanically-checkable rule. Still requires the human pass for E4 (result leakage), the L/N relevance test (E5), E6 (Reform disambiguation, if applicable) and E8 (genuine editorial content) before it can count as eligible.",,,exclude,not_applicable,,,E5-NO-L-OR-N-RULE-MET,E6-NOT-REFORM-FLAGGED,,,"It was a source of sorry disappointment to Mark Fisher, the former Labour arts minister, who has died aged 81, that he held this government post for only a little over a year before being dropped from office.",,,,high,,,,,,,,,,,Mark Fisher obituary,2025-12-03,155,"likely E4-CLEAR (155 days before polling day - a genuine result leak would require the DATE itself being wrong, not just a careless read; still confirm by skimming for any reference to a declared result)","It was a source of sorry disappointment to Mark Fisher, the former Labour arts minister, who has died aged 81, that he held this government post for only a little over a year before being dropped from office. Yet such an outcome was predictable – and probably inevitable – given that he was an uncompromising lifelong idealist who never learned to deploy the sort of silky skills needed to guarantee a long and successful frontline political career. When Tony Blair’s government took office in 1997, Mark Fisher was appointed on the day following the election. It was the job of his dreams. He had been the opposition spokesperson since 1987, appointed less than four years after becoming an MP, and he had been instrumental in helping develop a strategy for the arts as an important part of Labour’s new “Cool Britannia” agenda. But he lost the job in Blair’s first reshuffle in July 1998 and returned to the back benches for his remaining 12 years in parliament. “He was miserable to be cast aside so quickly,” noted Alan Howarth, his successor in the role – who further recorded the typical generosity shown to him by Fisher at the time. Fisher was not driven by personal ambition and in that regard was a member of what is perhaps a dying breed of politician. He believed in public service – such as had been practised by generations of his family – and while never securing political eminence at Westminster, he was hugely admired throughout his 27 years as a popular and energetic constituency ... [truncated, 5893 chars total - full text at data/raw/news/text/NEWS-guardian_api-57381db936ad.txt]",data/raw/news/text/NEWS-guardian_api-57381db936ad.txt
NEWS-guardian_api-57eea65ccf8b,SCC-2013-05,guardian_api,local,SCC-2013-05:local,full_corpus,pending_human_review,"Clears every mechanically-checkable rule. Still requires the human pass for E4 (result leakage), the L/N relevance test (E5), E6 (Reform disambiguation, if applicable) and E8 (genuine editorial content) before it can count as eligible.",,,exclude,not_applicable,,,E5-NO-L-OR-N-RULE-MET,E6-NOT-REFORM-FLAGGED,,,Thursday was the most dismal day in the recent history of British democracy.,,,,high,,,,,,,,,,,Police commissioner elections: Corby's candle in the wind | Editorial,2012-11-16,167,"likely E4-CLEAR (167 days before polling day - a genuine result leak would require the DATE itself being wrong, not just a careless read; still confirm by skimming for any reference to a declared result)","Thursday was the most dismal day in the recent history of British democracy. Almost every wooden spoon turnout record in the electoral record book looks to have got woodener. The lowest turnout in a peacetime byelection in the universal suffrage era? That's now Thursday's 18.16% in the Manchester Central byelection. The lowest in any major national election in England and Wales? Thursday's across the board average of around 15% in the country's first ever police and crime commissioner polls. The single most apathetic event in British electoral history? Surely that's Thursday's total absence of a single vote in one polling station in the Bettws ward in Newport, Gwent. Why has this happened? Lack of public demand for elected police and crime commissioners is a major factor. The current relative absence of public anxiety about crime and policing another. The suspicion that this is a half-baked solution to an ill-defined problem is a third. Throw in the more general cynicism towards politics, woeful lack of public information, the parochialism of the London media, half-hearted campaigning by ministers, plus the choice of a dark and foggy November day, and you have some of the other ingredients. Wherever the exact balance of explanation lies, this has been an inglorious exercise, humiliating not just to those who conceived it, but to the standing of democratic politics more widely. The Electoral Commission was absolutely right to announce a review of the debacle. Ministers must ta... [truncated, 3953 chars total - full text at data/raw/news/text/NEWS-guardian_api-57eea65ccf8b.txt]",data/raw/news/text/NEWS-guardian_api-57eea65ccf8b.txt
NEWS-guardian_api-585c14c5da72,SCC-2013-05,guardian_api,local,SCC-2013-05:local,full_corpus,pending_human_review,"Clears every mechanically-checkable rule. Still requires the human pass for E4 (result leakage), the L/N relevance test (E5), E6 (Reform disambiguation, if applicable) and E8 (genuine editorial content) before it can count as eligible.",,,exclude,not_applicable,,,E5-NO-L-OR-N-RULE-MET,E6-NOT-REFORM-FLAGGED,,,"Emily Holzhausen is director of policy and public affairs at Carers UK Joined-up thinking: We're going to produce a short practice document next year looking at what local groups are doing to work on improving knowledge about preventing under-nourishment in families as a result of ill-health, disability or frailty.",,,,medium,,,,,,,,,,,Caring and nutrition: live discussion roundup,2012-12-12,141,"likely E4-CLEAR (141 days before polling day - a genuine result leak would require the DATE itself being wrong, not just a careless read; still confirm by skimming for any reference to a declared result)","Emily Holzhausen is director of policy and public affairs at Carers UK Joined-up thinking: We're going to produce a short practice document next year looking at what local groups are doing to work on improving knowledge about preventing under-nourishment in families as a result of ill-health, disability or frailty. We've got such a wide range of practice – even JobCentrePlus putting on an event had simple advice leaflets. Role of pharmacists: A lot of their customers are caring for someone with a disability or someone who is frail and they are ideally placed to help spot an issue. Focus on how nutrition is dealt with in the community: There is a real role for all professionals to spot people who might be at risk of malnutrition; even if they are not being contracted to provide meals, they may notice that someone is not eating well or is underweight. Janine Roberts is programme director of the Malnutrition Task Force Choosing words: We are doing some work on what language to use when engaging older people in this issue. When we use the word malnutrition it is seen as a third world problem, not in existence in the UK – which sadly it is. If we talk about being underweight and undernourished it is better understood. The public sector has not been good at demonstrating return on investment: There are some great services that do more than just provide food, they help individuals maintain their health, wellbeing, independence and social contact. We have access to studies showing th... [truncated, 5215 chars total - full text at data/raw/news/text/NEWS-guardian_api-585c14c5da72.txt]",data/raw/news/text/NEWS-guardian_api-585c14c5da72.txt
NEWS-guardian_api-5c40692b65b2,SCC-2013-05,guardian_api,local,SCC-2013-05:local,full_corpus,pending_human_review,"Clears every mechanically-checkable rule. Still requires the human pass for E4 (result leakage), the L/N relevance test (E5), E6 (Reform disambiguation, if applicable) and E8 (genuine editorial content) before it can count as eligible.",,,exclude,not_applicable,,,E5-NO-L-OR-N-RULE-MET,E6-NOT-REFORM-FLAGGED,,,"It's hard to believe that in just six days' time, almost 37 million people are being asked to join in the biggest vote since the general election.",,,,high,,,,,,,,,,,Police commissioner elections could be the first step on road to corruption | Yvette Cooper,2012-11-09,174,"likely E4-CLEAR (174 days before polling day - a genuine result leak would require the DATE itself being wrong, not just a careless read; still confirm by skimming for any reference to a declared result)","It's hard to believe that in just six days' time, almost 37 million people are being asked to join in the biggest vote since the general election. Ministers seem to be working hard to make their new police and crime commissioner elections a shambles – providing too little information, costly elections in cold dark November, the helpline not working, ballot papers reprinted. Little wonder that the Electoral Reform Society is predicting most voters will stay home. Yet there's an awful lot at stake. People have told me they are worried about what the posts are for, the cost, and the impact of elections on impartial policing. And indeed that is why Labour opposed the plans in parliament and why we've said reforms are needed. But now that the government has decided to go ahead, vital policing decisions will lie in police and crime commissioners' hands. And it is because we believe the future of public policing is at stake that Labour is standing candidates and urging people to vote. The first task for new commissioners will be to cope with next year's budget cuts. David Cameron and Theresa May are cutting 20% from police budgets and 15,000 officers, then expecting commissioners to take all the flak. These elections are an important chance for people to send a message to the government that they are cutting too far and too fast. Cutting 15,000 police officers is a big mistake and Labour candidates have said that, if elected, their first act will be to hammer on May's door and use t... [truncated, 4784 chars total - full text at data/raw/news/text/NEWS-guardian_api-5c40692b65b2.txt]",data/raw/news/text/NEWS-guardian_api-5c40692b65b2.txt
NEWS-guardian_api-5ce140b45966,SCC-2013-05,guardian_api,local,SCC-2013-05:local,full_corpus,pending_human_review,"Clears every mechanically-checkable rule. Still requires the human pass for E4 (result leakage), the L/N relevance test (E5), E6 (Reform disambiguation, if applicable) and E8 (genuine editorial content) before it can count as eligible.",,,include,not_applicable,,,E5-L1-PLACE,E6-NOT-REFORM-FLAGGED,,,She had been receiving care at her home in Banstead from Carefirst24 until it was closed after a raid by the UKBA.,,,,medium,,,,,,,,,,,Pensioner starved to death after being left alone for nine days,2013-02-05,86,"likely E4-CLEAR (86 days before polling day - a genuine result leak would require the DATE itself being wrong, not just a careless read; still confirm by skimming for any reference to a declared result)","An MP has called for an investigation into the death of an elderly woman from hunger and dehydration after bureaucratic confusion between the UK Border Agency and Surrey county council. Gloria Foster, who was in her 80s, was alone for nine days after the company that she paid to take care of her was closed by the UKBA for employing illegal immigrants. The council was given the company records but apparently failed to go to Foster's aid. Foster's MP, Crispin Blunt, described her ordeal as ""horrific"". He said: ""Clearly there are questions to answer and I would expect a comprehensive investigation between all of the agencies involved. I said last week that I would certainly not like to pre-judge any more of the narrative before it is formally established. Yesterday's desperately sad developments can only increase the salience of that need."" The former secretary, who had no children and whose husband died 30 years ago, was incapacitated after a stroke and relied on four visits a day for basic needs. She had been receiving care at her home in Banstead from Carefirst24 until it was closed after a raid by the UKBA. The company's books were then passed on to the Metropolitan police and the council, which would have assumed responsibility for her care. Ann Penston, a close friend and legal guardian of Foster, said that she was amazed no one notified her about the withdrawal of care for her friend. ""Somebody could have left a message. My name would have been plastered all over the book... [truncated, 2483 chars total - full text at data/raw/news/text/NEWS-guardian_api-5ce140b45966.txt]",data/raw/news/text/NEWS-guardian_api-5ce140b45966.txt
NEWS-guardian_api-5e5505ff2f69,ESWS-2026-05,guardian_api,local,ESWS-2026-05:local|reform,full_corpus,pending_human_review,"Clears every mechanically-checkable rule. Still requires the human pass for E4 (result leakage), the L/N relevance test (E5), E6 (Reform disambiguation, if applicable) and E8 (genuine editorial content) before it can count as eligible. This record also matched a Reform-related query - E6 manual disambiguation is mandatory before inclusion (protocol requirement, not optional).",yes,,exclude,,,,E5-NO-L-OR-N-RULE-MET,,,,Keir Starmer has appointed 25 Labour peers including a number of former senior government and party aides in a bid to strengthen his hand in the House of Lords.,,,,high,,,,,,,,,,,"No 10 publishes list of 34 new political peerages including 25 Labour, five Liberal Democrats and three Conservatives – as it happened",2025-12-10,148,"likely E4-CLEAR (148 days before polling day - a genuine result leak would require the DATE itself being wrong, not just a careless read; still confirm by skimming for any reference to a declared result)","Keir Starmer has appointed 25 Labour peers including a number of former senior government and party aides in a bid to strengthen his hand in the House of Lords. Rachel Reeves has condemned leaks before her make-or-break budget as “unacceptable” as she revealed her income tax U-turn was agreed in partnership with Keir Starmer. Resident doctors are to be consulted on whether or not to call off their upcoming strike after receiving an offer from the government, the British Medical Association (BMA) has said. As PA Media reports, medics are due to walk out for five days from 17 December due to an ongoing row over pay and concerns over training places. The BMA said the government has put forward an offer on “ending the jobs crisis for doctors in England”. It said that resident doctors will be consulted over whether this offer is enough to call off next week’s walkout through an online survey, which will close on Monday 15 December. For a full list of all the stories covered on the blog today, do scroll through the list of key event headlines near the top of the blog. The Conservatives are currently the largest party in the House of Lords. But, with 822 peers currently in the Lords in total, they don’t have a majority. No party ever has, in recent times, because of the large number of crossbenchers. Even when the new peers announced today take their seats, the Tories will still be the largest party. Before the end of this parliamentary session, the House of Lords (hereditary peers)... [truncated, 59976 chars total - full text at data/raw/news/text/NEWS-guardian_api-5e5505ff2f69.txt]",data/raw/news/text/NEWS-guardian_api-5e5505ff2f69.txt
NEWS-guardian_api-5eddbec9a772,SCC-2021-05,guardian_api,local,SCC-2021-05:local,full_corpus,pending_human_review,"Clears every mechanically-checkable rule. Still requires the human pass for E4 (result leakage), the L/N relevance test (E5), E6 (Reform disambiguation, if applicable) and E8 (genuine editorial content) before it can count as eligible.",,,exclude,not_applicable,,,E5-NO-L-OR-N-RULE-MET,E6-NOT-REFORM-FLAGGED,,,"We’ve launched a new blog at the link below – head there for the latest: Australia’s Victoria state reported no community coronavirus cases on Wednesday, on the day the state’s five-day lockdown is due to end.",,,,high,,,,,,,,,,,Dutch ministers ask court to suspend its verdict until an appeal is heard – as it happened,2021-02-15,80,"likely E4-CLEAR (80 days before polling day - a genuine result leak would require the DATE itself being wrong, not just a careless read; still confirm by skimming for any reference to a declared result)","We’ve launched a new blog at the link below – head there for the latest: Australia’s Victoria state reported no community coronavirus cases on Wednesday, on the day the state’s five-day lockdown is due to end. The Dominican Republic has begun vaccinating healthcare workers against Covid-19 following the arrival of the first 20,000 doses of the Oxford-AstraZeneca vaccine. South Africa has said it will offer its doses of the Oxford/AstraZeneca Covid-19 vaccine to the African Union (AU) after suspending the vaccine’s use due to efficacy concerns. At least 24 people have tested positive for Covid-19 after attending a presentation hosted by the founder of a Covid-19 vaccine company in California. In the UK, extra community testing will be carried out in Norfolk, Southampton and Surrey as well as an expanded area of Manchester, after the South African variant was detected. France has registered 586 new coronavirus deaths in the past 24 hours, a sharp fall from 724 last Tuesday while the seven-day moving average of deaths fell to 381, the first time the average was below 400 since late January. Nicola Sturgeon has confirmed that a phased return to school for younger pupils in Scotland will start from Monday. This will include children aged four to seven and secondary school pupils required to carry out practical assignments. The Dominican Republic has begun vaccinating healthcare workers against Covid-19 following the arrival of the first 20,000 doses of the Oxford-AstraZeneca vacci... [truncated, 91291 chars total - full text at data/raw/news/text/NEWS-guardian_api-5eddbec9a772.txt]",data/raw/news/text/NEWS-guardian_api-5eddbec9a772.txt
NEWS-guardian_api-5fcc44311f2e,ESWS-2026-05,guardian_api,local,ESWS-2026-05:local|reform,full_corpus,pending_human_review,"Clears every mechanically-checkable rule. Still requires the human pass for E4 (result leakage), the L/N relevance test (E5), E6 (Reform disambiguation, if applicable) and E8 (genuine editorial content) before it can count as eligible. This record also matched a Reform-related query - E6 manual disambiguation is mandatory before inclusion (protocol requirement, not optional).",yes,,exclude,,,,E5-NO-L-OR-N-RULE-MET,,,,"Rachel Reeves, the chancellor, has told an American audience that she does not know why their country went to war against Iran.",,,,high,,,,,,,,,,,Reeves tells Americans she does not know why they launched Iran war – as it happened,2026-04-15,22,"likely E4-CLEAR (22 days before polling day - a genuine result leak would require the DATE itself being wrong, not just a careless read; still confirm by skimming for any reference to a declared result)","Rachel Reeves, the chancellor, has told an American audience that she does not know why their country went to war against Iran. (See 16.32pm.) She was speaking at an event in Washington hours after Keir Starmer told PMQs that he would not alter his stance on the war, despite President Trump threatening to rip up the US-UK trade deal because of what he perceives as the lack of support he has received from Britain. (See 12.19pm.). Starmer said: I’m not going to change my mind. I’m not going to yield. It is not in our national interest to join this war, and we will not do so. Starmer has said he does not agree with George Robertson’s comments about the government’s “corrosive complacency” on defence funding, as the prime minister faced sustained pressure on the issue. Anas Sarwar has dismissed as “a desperate lie from a desperate man” a claim by Reform UK’s Scotland leader, Malcolm Offord, that he offered to do a deal with the rightwing party to keep the Scottish National party out of power. For a full list of all the stories covered on the blog today, do scroll through the list of key event headlines near the top of the blog. Campaigners who won a legal case in the UK’s highest court on the definition of a woman said they are “quietly confident” long-awaited guidance on single-sex spaces has not been watered down, the Press Association reports. PA says: For Women Scotland (FWS), who celebrated a landmark legal victory a year ago, described their meeting with women and equalitie... [truncated, 47581 chars total - full text at data/raw/news/text/NEWS-guardian_api-5fcc44311f2e.txt]",data/raw/news/text/NEWS-guardian_api-5fcc44311f2e.txt
NEWS-guardian_api-6171e2fbedfb,SCC-2013-05,guardian_api,local,SCC-2013-05:local,full_corpus,pending_human_review,"Clears every mechanically-checkable rule. Still requires the human pass for E4 (result leakage), the L/N relevance test (E5), E6 (Reform disambiguation, if applicable) and E8 (genuine editorial content) before it can count as eligible.",,,needs_second_review,not_applicable,,,E5-BORDERLINE-PLACE-MENTION,E6-NOT-REFORM-FLAGGED,,,"The school is Roke primary, in prosperous Kenley, Surrey, which, as the Guardian revealed two weeks ago, is at the centre of a new row over Michael Gove's move to turn more schools into sponsored academies.",,,,,,,,,,,,,,,Education in brief: school objects to 'dictatorial' instruction to become an academy,2013-01-28,94,"likely E4-CLEAR (94 days before polling day - a genuine result leak would require the DATE itself being wrong, not just a careless read; still confirm by skimming for any reference to a declared result)","Hostile takeover Education Guardian has seen a transcript of a meeting for parents at a Croydon primary school in which attendees were given an insight into what critics see as the dictatorial nature of the process of forcing some institutions into academy status. The school is Roke primary, in prosperous Kenley, Surrey, which, as the Guardian revealed two weeks ago, is at the centre of a new row over Michael Gove's move to turn more schools into sponsored academies. The previously ""outstanding"" school was identified for closure and re-opening as an academy under the Harris chain following weak test results in 2011 and a single ""notice to improve"" verdict from Ofsted the following May. The governors' meeting for parents was told that the school's head, Caroline Phillips, and chair of governors, Malcolm Farquharson, were summoned to the Department for Education in September, where they were told of the academy plan. Following better test results last summer and what it sees as a concerted improvement effort, the school reportedly asked the DfE to wait until a follow-up monitoring visit from the inspectorate, expected later in the autumn, had taken place. The transcript records Farquharson as telling parents: ""At the meeting [with the DfE], we said, 'Don't you think you should wait until the Ofsted monitoring visit takes place?' And they said, 'No, we want to move now … and if you do not agree we will get the local authority to fire you, all of you, all the governors. If the lo... [truncated, 4213 chars total - full text at data/raw/news/text/NEWS-guardian_api-6171e2fbedfb.txt]",data/raw/news/text/NEWS-guardian_api-6171e2fbedfb.txt
NEWS-guardian_api-65320f2bfbba,SCC-2013-05,guardian_api,local,SCC-2013-05:local,full_corpus,pending_human_review,"Clears every mechanically-checkable rule. Still requires the human pass for E4 (result leakage), the L/N relevance test (E5), E6 (Reform disambiguation, if applicable) and E8 (genuine editorial content) before it can count as eligible.",,,needs_second_review,not_applicable,,,E5-BORDERLINE-PLACE-MENTION,E6-NOT-REFORM-FLAGGED,,,"The Highways Agency said roadworks were still under way on the M4 between junctions 10 and 11 at Reading, on the M25 at junctions five and six near Godstone in Surrey and on the M5 between junctions 19 and 21 near Bristol.",,,,,,,,,,,,,,,Christmas travel under threat from heavy rain and floods,2012-12-21,132,"likely E4-CLEAR (132 days before polling day - a genuine result leak would require the DATE itself being wrong, not just a careless read; still confirm by skimming for any reference to a declared result)","The millions of people embarking on the great Christmas getaway this weekend will have to contend with the threat of more rain and flooding, which could bring further disruption and delays to the roads and railways. Friday is expected to be the busiest travelling day of the festive period, with airports, sea ports and the rail and road networks braced to cope with a vast army of travellers. The exodus from Heathrow will be at its greatest, with 123,000 passengers set to depart from the west London airport, which will handle a further 114,000 departures on Sunday and 88,000 on Christmas Eve. But there are delays of up to an hour on First Great Western trains between London Paddington and Reading and Heathrow because of a signalling problem, and Heathrow Express and Heathrow Connect services are suspended. The busiest roads this weekend are likely to be the M25, the M6 in the West Midlands, the M1 near Milton Keynes in Buckinghamshire, the M5 near Bristol and the M62 near Warrington in Cheshire. The Highways Agency said roadworks were still under way on the M4 between junctions 10 and 11 at Reading, on the M25 at junctions five and six near Godstone in Surrey and on the M5 between junctions 19 and 21 near Bristol. The AA, which predicts Friday and Saturday will be the busiest days for motorists, is warning drivers against using flooded roads, having attended more than 320 breakdowns on Thursday as vehicles got stuck in water. A number of rail services have been cancelled becaus... [truncated, 4967 chars total - full text at data/raw/news/text/NEWS-guardian_api-65320f2bfbba.txt]",data/raw/news/text/NEWS-guardian_api-65320f2bfbba.txt
NEWS-guardian_api-657b62b56e0d,SCC-2021-05,guardian_api,local,SCC-2021-05:local,full_corpus,pending_human_review,"Clears every mechanically-checkable rule. Still requires the human pass for E4 (result leakage), the L/N relevance test (E5), E6 (Reform disambiguation, if applicable) and E8 (genuine editorial content) before it can count as eligible.",,,exclude,not_applicable,,,E5-NO-L-OR-N-RULE-MET,E6-NOT-REFORM-FLAGGED,,,No politician was ever chosen to govern a major democracy without engaging with the symbols of the country they aspired to lead.,,,,high,,,,,,,,,,,The problem is not the flag but the left’s needless anxiety over patriotism | Sunder Katwala,2021-02-07,88,"likely E4-CLEAR (88 days before polling day - a genuine result leak would require the DATE itself being wrong, not just a careless read; still confirm by skimming for any reference to a declared result)","No politician was ever chosen to govern a major democracy without engaging with the symbols of the country they aspired to lead. Almost every leader of the Labour party has tried to do so and the British left’s most hopeful moments – “And now win the peace” in 1945 and appeals to renewal in the 1960s and 1990s – arose when its national story resonated with the challenge of those particular times. But, equally, Labour has often floundered when questions of identity upturn British politics – witness the referendums on Scotland and the EU in the past decade. Consider this context when judging the ongoing debate about the wisdom, or otherwise, of Labour making “use of the [union] flag” in a move to signal the party’s patriotic intent, as a leaked document advised. In fact, the worst of all worlds may be to end up with front-page newspaper reports about how focus groups want a “patriotism strategy” while other Labour voices suggest that the very thought makes them feel sick. George Orwell thought leftwing unease about patriotism was a distinctly English tradition, with parts of the left seemingly happy to champion everybody else’s national project except their own. The common objections are that patriotism is meaningless – an irrational attachment to an accident of birth – or dangerously meaningful, bellicose and exclusionary. (Who will be left out of the nation?) On this latter point, if the idea is that patriotism repels ethnic minority Britons, that feels to me like a foundatio... [truncated, 6007 chars total - full text at data/raw/news/text/NEWS-guardian_api-657b62b56e0d.txt]",data/raw/news/text/NEWS-guardian_api-657b62b56e0d.txt
NEWS-guardian_api-65dea37a563d,SCC-2021-05,guardian_api,local,SCC-2021-05:local,full_corpus,pending_human_review,"Clears every mechanically-checkable rule. Still requires the human pass for E4 (result leakage), the L/N relevance test (E5), E6 (Reform disambiguation, if applicable) and E8 (genuine editorial content) before it can count as eligible.",,,needs_second_review,not_applicable,,,E5-BORDERLINE-PLACE-MENTION,E6-NOT-REFORM-FLAGGED,,,"Parts of Essex not already in tier 4 and Waverley, in Surrey, will join them.",,,,,,,,,,,,,,,Millions more join tier 4 Covid restrictions in England from Boxing Day,2020-12-23,134,"likely E4-CLEAR (134 days before polling day - a genuine result leak would require the DATE itself being wrong, not just a careless read; still confirm by skimming for any reference to a declared result)","Millions more people in England are to be plunged into the toughest tier 4 restrictions from Boxing Day, it has been confirmed, as the government grapples to contain the “dangerous” spread of the new Covid variant. After ministers met on Wednesday morning to hammer out plans to combat the rising number of infections, the health secretary, Matt Hancock, announced that a series of locations in tier 2 – including Oxfordshire, most of Hampshire, West Sussex, the remainder of East Sussex not already in tier 4, as well as Brighton and Hove, Suffolk, Norfolk and Cambridgeshire – would be placed under the toughest curbs on Saturday. Parts of Essex not already in tier 4 and Waverley, in Surrey, will join them. The 6 million people living in the areas join nearly 18 million people in London, the south-east and east of England who have endured tier 4 “stay at home” restrictions – including the closure of non-essential shops and strict one-on-one meeting limits outside between households – since Sunday. “Just as we’ve got a tiered system in place that was able to control this virus, we’ve discovered a new more contagious virus, a variant that is spreading at a dangerous rate,” Hancock told a Downing Street press conference, as he unveiled the latest moves and acknowledged that tier 3 measures were not enough to control the variant. Separately, Hancock revealed that two cases of another new variant of Covid-19 linked to South Africa have been identified in the UK. The health secretary, wh... [truncated, 4544 chars total - full text at data/raw/news/text/NEWS-guardian_api-65dea37a563d.txt]",data/raw/news/text/NEWS-guardian_api-65dea37a563d.txt
NEWS-guardian_api-67d590309542,SCC-2013-05,guardian_api,local,SCC-2013-05:local,full_corpus,pending_human_review,"Clears every mechanically-checkable rule. Still requires the human pass for E4 (result leakage), the L/N relevance test (E5), E6 (Reform disambiguation, if applicable) and E8 (genuine editorial content) before it can count as eligible.",,,exclude,not_applicable,,,E5-NO-L-OR-N-RULE-MET,E6-NOT-REFORM-FLAGGED,,,"At the next general election, if it takes place in 2015, there will be the first cohort of new voters born when Tony Blair became prime minister.",,,,high,,,,,,,,,,,Letters: In praise of Blair,2013-03-01,62,"likely E4-CLEAR (62 days before polling day - a genuine result leak would require the DATE itself being wrong, not just a careless read; still confirm by skimming for any reference to a declared result)","At the next general election, if it takes place in 2015, there will be the first cohort of new voters born when Tony Blair became prime minister. They will have benefited from the investment in early years provisions, education and the health service. They've grown up in a world better than their parents'. Martin Kettle (Comment, 28 February) was right to remind us that to see Blair's premiership only through the spectrum of Iraq does him and the Labour party a great disservice. We will only be the party of government again if we learn from his achievements, rather than trash his reputation. Gisela Stuart MP Lab, Birmingham Edgbaston • Your obituary of Bruce Reynolds (1 March) gives the impression that he was some sort of gentleman thief. In 1957, he was sentenced to three and a half years in prison for a violent robbery on a bookmaker. The 1962 Heathrow security van robbery, in which he was involved, resulted in the security staff being violently coshed – one of the staff had his head split open like a broken egg. So less of this glamorising of serious criminals, please. John Richards St Ives, Cornwall • What is particularly galling about the profit being made by British Gas (Fury at Centrica dash for cash, 28 February) is that, not so long ago, British Gas was owned by the nation. Its profits now might be going towards supporting the poorest in society rather than further enriching its managing director to the tune of £10m, and its shareholders to the tune of £3.5bn. Fr Jul... [truncated, 1947 chars total - full text at data/raw/news/text/NEWS-guardian_api-67d590309542.txt]",data/raw/news/text/NEWS-guardian_api-67d590309542.txt
NEWS-guardian_api-680fa2b39d34,SCC-2021-05,guardian_api,local,SCC-2021-05:local,full_corpus,pending_human_review,"Clears every mechanically-checkable rule. Still requires the human pass for E4 (result leakage), the L/N relevance test (E5), E6 (Reform disambiguation, if applicable) and E8 (genuine editorial content) before it can count as eligible.",,,needs_second_review,not_applicable,,,E5-BORDERLINE-PLACE-MENTION,E6-NOT-REFORM-FLAGGED,,,"He spent more than 20 years with Surrey police as a detention officer at Staines, after serving in the navy in the early part of his career.",,,,,,,,,,,,,,,'A huge loss': tributes to victims of the UK's Covid second wave,2020-12-03,154,"likely E4-CLEAR (154 days before polling day - a genuine result leak would require the DATE itself being wrong, not just a careless read; still confirm by skimming for any reference to a declared result)","The number of lives lost with Covid-19 recorded on the death certificate in the UK has passed 100,000, an incalculable loss to the families and loved ones left behind. As the second wave of the pandemic shows no sign of abating and the daily death toll continues to climb, we pay tribute to some of the stories, lives and memories of those we have lost, many well before their time. Share your tributes and memories of lives lost during the second wave Sean Amey, 52 Sean died in hospital on 24 January at the age of 52 after testing positive for Covid-19. He spent more than 20 years with Surrey police as a detention officer at Staines, after serving in the navy in the early part of his career. In a Facebook post, the force wrote: “Sean was a cornerstone of the custody team, a larger-than-life character who made an impact on everyone he met. With an innate ability to defuse the most stressful situations, Sean’s friendship and big heart will be hugely missed and fondly remembered by so many of us.” He is survived by his wife, Dawn, and sons Callum and Euan. Christine Marshall, 68 Christine died with her husband and son at her side on 29 January. She had spent 18 days on a ventilator in intensive care at Southmead hospital. Her son, Andy, described his mum as an “an incredibly proud, independent, loving mum, wife and granny” and a “strong-minded lady”. Andy, his husband, their two sons and both of his parents all came down with the virus shortly after the new year. He told ITV News W... [truncated, 42654 chars total - full text at data/raw/news/text/NEWS-guardian_api-680fa2b39d34.txt]",data/raw/news/text/NEWS-guardian_api-680fa2b39d34.txt
NEWS-guardian_api-682cb2619895,SCC-2013-05,guardian_api,local,SCC-2013-05:local,full_corpus,pending_human_review,"Clears every mechanically-checkable rule. Still requires the human pass for E4 (result leakage), the L/N relevance test (E5), E6 (Reform disambiguation, if applicable) and E8 (genuine editorial content) before it can count as eligible.",,,exclude,not_applicable,,,E5-NO-L-OR-N-RULE-MET,E6-NOT-REFORM-FLAGGED,,,"Claire Burke writes The National Health Action party, which is dedicated to opposing the government's reforms of the NHS, said today it would target the seats of high-profile Tories, including the Prime Minister, at the next general election, the Telegraph reports.",,,,high,,,,,,,,,,,Today in healthcare: Thursday 15 November,2012-11-15,168,"likely E4-CLEAR (168 days before polling day - a genuine result leak would require the DATE itself being wrong, not just a careless read; still confirm by skimming for any reference to a declared result)","Claire Burke writes The National Health Action party, which is dedicated to opposing the government's reforms of the NHS, said today it would target the seats of high-profile Tories, including the Prime Minister, at the next general election, the Telegraph reports. It is also aiming to contest the seats of Chancellor George Osborne, Health Secretary Jeremy Hunt, Education Minister David Laws and Andrew Lansley, the former health secretary. The party, made up of healthcare professionals, was launched today. That's all from us today, we'll be back tomorrow Claire Burke writes The Guardian reports that Lidl is to trial a dedicated ""healthy checkout"" in each of its stores, replacing chocolate and sweets at the till with more nutritious alternatives. It is one of a number of initiatives being announced by supermarkets and other retailers as part of the Responsibility Deal announced by the Department of Health. Claire Burke writes The launch of the King's Fund's new project Time to think differently took place this morning. The project looks at the challenges ahead for health and social care sector. There's lots of information on the King's Fund website, including an infographic illustrating how patient populations will change in the coming decades, and an analysis of trends that will influence the way health and social care is delivered in future. Claire Burke writes Simon Kelner has written a comment piece for the Independent today reflecting on the government's aim to establish ... [truncated, 9982 chars total - full text at data/raw/news/text/NEWS-guardian_api-682cb2619895.txt]",data/raw/news/text/NEWS-guardian_api-682cb2619895.txt
NEWS-guardian_api-6968eee4537b,SCC-2021-05,guardian_api,local,SCC-2021-05:local,full_corpus,pending_human_review,"Clears every mechanically-checkable rule. Still requires the human pass for E4 (result leakage), the L/N relevance test (E5), E6 (Reform disambiguation, if applicable) and E8 (genuine editorial content) before it can count as eligible.",,,include,not_applicable,,,E5-L1-PLACE,E6-NOT-REFORM-FLAGGED,,,"Woking borough council in Surrey says that because voters are only “requested” to provide ID and proof of address, it is not breaching electoral rules.",,,,high,,,,,,,,,,,Woking council accused of discouraging vulnerable voters,2021-03-01,66,"likely E4-CLEAR (66 days before polling day - a genuine result leak would require the DATE itself being wrong, not just a careless read; still confirm by skimming for any reference to a declared result)","A Conservative-run council has been accused of potentially shutting vulnerable people out of May’s elections by asking people to show photo ID if they want a postal or proxy vote, even though it is not required by law. Woking borough council in Surrey says that because voters are only “requested” to provide ID and proof of address, it is not breaching electoral rules. But rights groups say the tactic could discourage groups of voters who are less likely to have the relevant documents, including older people, people who are homeless, those with disabilities, or people from black, Asian and minority ethnic communities. They say this is particularly vital in the 6 May election as many more people are expected to seek postal or proxy votes because of coronavirus, particularly older voters. The government plans to introduce mandatory ID for all in-person voting from 2023, a plan criticised separately as likely to suppress voter numbers from some communities. In England, Scotland and Wales, for a postal or proxy vote, people only need to provide a signature and date of birth in advance, which is then checked against the same data on the vote itself. But on its website, Woking council says that to apply for a postal or proxy vote, “you are requested to provide” copies of photo ID such as a passport or driving licence, and proof of residence, for example a utility bill or bank statement. This page does not tell people that this is not mandatory. If voters then click on the link to ap... [truncated, 3349 chars total - full text at data/raw/news/text/NEWS-guardian_api-6968eee4537b.txt]",data/raw/news/text/NEWS-guardian_api-6968eee4537b.txt
NEWS-guardian_api-6995fa5d72b9,SCC-2021-05,guardian_api,local,SCC-2021-05:local,full_corpus,pending_human_review,"Clears every mechanically-checkable rule. Still requires the human pass for E4 (result leakage), the L/N relevance test (E5), E6 (Reform disambiguation, if applicable) and E8 (genuine editorial content) before it can count as eligible.",,,needs_second_review,not_applicable,,,E5-BORDERLINE-PLACE-MENTION,E6-NOT-REFORM-FLAGGED,,,"She insisted she had secured changes to the route, including a longer section of tunnelling, though she had to fend off criticism for selling her constituency home close to the planned line in order to move to Epsom, in Surrey, on account of her husband’s mobility problems.",,,,,,,,,,,,,,,Dame Cheryl Gillan obituary,2021-04-06,30,"likely E4-CLEAR (30 days before polling day - a genuine result leak would require the DATE itself being wrong, not just a careless read; still confirm by skimming for any reference to a declared result)","Although the Conservative politician Cheryl Gillan, who has died aged 68 after suffering from cancer, served as Welsh secretary from 2010 to 2012, her further prospects of cabinet office may have been reduced by her opposition to the government’s plans to build the HS2 high speed rail link through the Chiltern hills of her Buckinghamshire constituency. She told her constituents in the safely Conservative suburban seat of Chesham and Amersham that she would defy the party whip – “be very, very sure of that” – during the 2010 general election that brought the Conservatives to power in coalition with the Liberal Democrats. Although in cabinet she abided by the principle of collective responsibility, she remained an opponent of the line. She insisted she had secured changes to the route, including a longer section of tunnelling, though she had to fend off criticism for selling her constituency home close to the planned line in order to move to Epsom, in Surrey, on account of her husband’s mobility problems. The sale prompted unsuccessful calls from Labour for an inquiry into whether she had breached the ministerial code by profiting from a transaction that was affected by government policy. When Gillan became Welsh secretary in 2010, she was the first woman to do so, having shadowed the post for five years in opposition. However, after only two years she was sacked in the prime minister David Cameron’s first reshuffle, as he came under pressure to appoint an MP from a Welsh const... [truncated, 6200 chars total - full text at data/raw/news/text/NEWS-guardian_api-6995fa5d72b9.txt]",data/raw/news/text/NEWS-guardian_api-6995fa5d72b9.txt
NEWS-guardian_api-6a16448d0961,ESWS-2026-05,guardian_api,local,ESWS-2026-05:local|reform,full_corpus,pending_human_review,"Clears every mechanically-checkable rule. Still requires the human pass for E4 (result leakage), the L/N relevance test (E5), E6 (Reform disambiguation, if applicable) and E8 (genuine editorial content) before it can count as eligible. This record also matched a Reform-related query - E6 manual disambiguation is mandatory before inclusion (protocol requirement, not optional).",yes,,exclude,,,,E5-NO-L-OR-N-RULE-MET,,,,"Volodymyr Zelenskyy has met the leaders of the UK, France and Germany in London amid heavy pressure from the Trump administration for Ukraine to cede territory it holds to bring the war to an end quickly.",,,,high,,,,,,,,,,,No 10 declines to comment on White House claim that Europe facing ‘civilisational erasure’ – as it happened ,2025-12-08,150,"likely E4-CLEAR (150 days before polling day - a genuine result leak would require the DATE itself being wrong, not just a careless read; still confirm by skimming for any reference to a declared result)","Volodymyr Zelenskyy has met the leaders of the UK, France and Germany in London amid heavy pressure from the Trump administration for Ukraine to cede territory it holds to bring the war to an end quickly. For the latest updates, do read Matty Edwards and Jakub Krupa on our live blog. A nationwide inquiry into grooming gangs must “consider the role of ethnicity, religion and other cultural factors”, the opposition leader, Kemi Badenoch, has said. Police are looking into allegations Reform UK breached electoral law during its campaign to win Nigel Farage’s Commons seat at last year’s general election. Downing Street has defended Britain’s record on freedom of speech – while declining to comment on a White House policy document saying Europe is at risk of “civilisational erasure”. (See 2.12pm.) For a full list of all the stories covered on the blog today, do scroll through the list of key event headlines near the top of the blog. Conservative MPs have turned out in large numbers to criticise the government’s plans for a digital ID scheme. They are in Westminster Hall, where a debate is being held on a petition submitted to the Commons saying the government should rule out digital ID cards. Almost three million people have signed it. (Minister say it is wrong to talk about a proposed ID card, because they want to introduce a scheme for digital ID that would not even use cards.) Opening the debate as a member of the petitions committee, Robbie Moore, a Tory, said that this is the ... [truncated, 37712 chars total - full text at data/raw/news/text/NEWS-guardian_api-6a16448d0961.txt]",data/raw/news/text/NEWS-guardian_api-6a16448d0961.txt
NEWS-guardian_api-6b9095098f8f,SCC-2021-05,guardian_api,local,SCC-2021-05:local,full_corpus,pending_human_review,"Clears every mechanically-checkable rule. Still requires the human pass for E4 (result leakage), the L/N relevance test (E5), E6 (Reform disambiguation, if applicable) and E8 (genuine editorial content) before it can count as eligible.",,,exclude,not_applicable,,,E5-NO-L-OR-N-RULE-MET,E6-NOT-REFORM-FLAGGED,,,"• Based on information provided to the Guardian, an article said the great fox-spider had not been seen in the UK since 1993 on Hankley Common, Surrey (Endangered spider spotted in Britain for first time in 27 years, 31 October, page 25).",,,,medium,,,,,,,,,,,Corrections and clarifications,2020-11-09,178,"likely E4-CLEAR (178 days before polling day - a genuine result leak would require the DATE itself being wrong, not just a careless read; still confirm by skimming for any reference to a declared result)","• Based on information provided to the Guardian, an article said the great fox-spider had not been seen in the UK since 1993 on Hankley Common, Surrey (Endangered spider spotted in Britain for first time in 27 years, 31 October, page 25). But the British Arachnological Society gives the last sighting as 1999 on Morden Bog, Dorset. Also, Nick Baker is a patron of the society, not its president. • The clue for S in Saturday’s prize cryptic crossword failed to state that it required a 10-letter answer (No 28,285, 7 November, page 12, Journal). • Other recently amended articles include: UK’s coronavirus vaccine taskforce chief faces questions over biotech fund Travel to UK from Denmark banned amid worries over Covid in mink ‘It’s not over’: Trump supporters protest Biden victory in swing states With empathy and humility, Biden sets out to make America sane again Joe Biden begins transition as Trump plays golf and refuses to concede – US election live Police attend Zizzi restaurant in Bristol over alleged Covid test breach ‘A backlash against a patriarchal culture’: How Polish protests go beyond abortion rights ‘Super rare’ 100-year-old carrier pigeon message found in France",data/raw/news/text/NEWS-guardian_api-6b9095098f8f.txt
NEWS-guardian_api-6c7fd5e0c899,SCC-2013-05,guardian_api,local,SCC-2013-05:local,full_corpus,pending_human_review,"Clears every mechanically-checkable rule. Still requires the human pass for E4 (result leakage), the L/N relevance test (E5), E6 (Reform disambiguation, if applicable) and E8 (genuine editorial content) before it can count as eligible.",,,exclude,not_applicable,,,E5-NO-L-OR-N-RULE-MET,E6-NOT-REFORM-FLAGGED,,,Hannah Aldridge is a researcher for the New Policy Institute thinktank Local authorities have been put in a really difficult situation: Given the timescale and having the possibility of grant funding added in at such a late stage – and the uncertainty over if any additional funding will be available next year – its a very difficult balancing act.,,,,medium,,,,,,,,,,,Top tips: council tax benefit reform,2013-02-16,75,"likely E4-CLEAR (75 days before polling day - a genuine result leak would require the DATE itself being wrong, not just a careless read; still confirm by skimming for any reference to a declared result)","Hannah Aldridge is a researcher for the New Policy Institute thinktank Local authorities have been put in a really difficult situation: Given the timescale and having the possibility of grant funding added in at such a late stage – and the uncertainty over if any additional funding will be available next year – its a very difficult balancing act. Is a postcode lottery unavoidable? Until very recently you could assume that a job seeker's disposable income was at least the value of Job Seekers' Allowance (JSA), no matter where they lived, as they would be entitled to full housing benefit and council tax benefit as well. But we can't assume that any more; they can now be asked to use some of their JSA, intended for basic living costs, on council tax – and this will vary from place to place. Matthew Kelly is responsible for the housing and council tax benefit service at Dacorum borough council We need to look at debts that are economical to chase: Many council officers will have been advising elected members not to expect the previously excellent collection figures for council tax, and if the advice is heeded the reduced collection will have been built into council budgets. Debt collection agencies are always our last resort: Council tax payers always have numerous opportunities to resolve the outstanding debt with the council before it gets sent to a debt collection agency. Most councils would be much more receptive to a council tax payer phoning them up and making a mutually ag... [truncated, 5273 chars total - full text at data/raw/news/text/NEWS-guardian_api-6c7fd5e0c899.txt]",data/raw/news/text/NEWS-guardian_api-6c7fd5e0c899.txt
NEWS-guardian_api-6cd725ad9c59,SCC-2017-05,guardian_api,local,SCC-2017-05:local,full_corpus,pending_human_review,"Clears every mechanically-checkable rule. Still requires the human pass for E4 (result leakage), the L/N relevance test (E5), E6 (Reform disambiguation, if applicable) and E8 (genuine editorial content) before it can count as eligible.",,,needs_second_review,not_applicable,,,E5-BORDERLINE-PLACE-MENTION,E6-NOT-REFORM-FLAGGED,,,"Here in Surrey, where Tories dominate local government at every level, Labour, Liberal Democrats, Greens and other progressive-minded people have been working closely together in our local Compass group for over a year.",,,,,,,,,,,,,,,Electoral challenges for Labour and the left | Letters,2017-01-23,101,"likely E4-CLEAR (101 days before polling day - a genuine result leak would require the DATE itself being wrong, not just a careless read; still confirm by skimming for any reference to a declared result)","I was disappointed to read the article “Farron hits out at ‘lame and toxic’ Corbyn” (20 January). Tim Farron needs to stop playing political games. Here in Surrey, where Tories dominate local government at every level, Labour, Liberal Democrats, Greens and other progressive-minded people have been working closely together in our local Compass group for over a year. We do not agree on every issue, but we have built up trust and, as the right consolidates its hold on power both locally and nationally, we are building an alternative and seeking a different way of doing politics: working collaboratively to try and build a more equal, fairer and more sustainable future, focusing on areas of agreement rather than party tribalism. We find it difficult to empathise with Farron, clinging on to his 18% majority in Westmorland and Lonsdale, commanding his mighty army of nine MPs from his ivory tower in the Westminster bubble. The true progressive forces in the land are seeking ways of working together with others on the left and centre-left, rather than relying on the hope of a small group of highly compromised Lib Dem MPs propping up another Tory-led government after the next election. Is this really what Tim Farron wants? Steve Williams Chair, South West Surrey Compass • The fundamental problem in Britain is that a large section of the public believes it is possible to go back to the 1950s and recreate the industrial and social conditions that existed before Asian economies developed ... [truncated, 4999 chars total - full text at data/raw/news/text/NEWS-guardian_api-6cd725ad9c59.txt]",data/raw/news/text/NEWS-guardian_api-6cd725ad9c59.txt
NEWS-guardian_api-6e35b709d853,ESWS-2026-05,guardian_api,local,ESWS-2026-05:local,full_corpus,pending_human_review,"Clears every mechanically-checkable rule. Still requires the human pass for E4 (result leakage), the L/N relevance test (E5), E6 (Reform disambiguation, if applicable) and E8 (genuine editorial content) before it can count as eligible.",,,exclude,not_applicable,,,E5-NO-L-OR-N-RULE-MET,E6-NOT-REFORM-FLAGGED,,,"Survivors of Jeffrey Epstein’s abuse believe British police are failing them, a former top prosecutor has said.",,,,high,,,,,,,,,,,"Epstein’s victims ignored while UK’s interests take priority, former prosecutor says",2026-02-24,72,"likely E4-CLEAR (72 days before polling day - a genuine result leak would require the DATE itself being wrong, not just a careless read; still confirm by skimming for any reference to a declared result)","Survivors of Jeffrey Epstein’s abuse believe British police are failing them, a former top prosecutor has said. Nazir Afzal, who prosecuted grooming gangs in northern England, said there has been quick action when state interests are involved while allegations of harm to women have been ignored. Both the former prince Andrew Mountbatten-Windsor and former cabinet minister Peter Mandelson have been arrested on suspicion of misconduct in public office for allegedly handing Epstein sensitive information gathered as part of their official roles. Both deny any wrongdoing. Afzal, former chief crown prosecutor for north west England, said meanwhile claims of serious harm to women have seen little action. Six forces are examining flights coming into the UK allegedly at the behest of Epstein carrying trafficked women. Two other forces are examining claims of sexual assault. No allegations linked to harm against women have been judged by any force to merit a full criminal investigation. Afzal told the Guardian: “When the state is the victim, the state moves at pace. When women are alleged victims the state barely moves at all. “The view of the victims is that their suffering is not being treated by British police with the same urgency as the alleged offences against the interests of the state.” Afzal said one woman had contacted him and alleges Epstein sent her to the UK, where she was attacked. He said: “They feel they have been ignored for years.” “The hard stuff, that is the allegat... [truncated, 5161 chars total - full text at data/raw/news/text/NEWS-guardian_api-6e35b709d853.txt]",data/raw/news/text/NEWS-guardian_api-6e35b709d853.txt
NEWS-guardian_api-6f7dc9b27427,SCC-2021-05,guardian_api,local,SCC-2021-05:local,full_corpus,pending_human_review,"Clears every mechanically-checkable rule. Still requires the human pass for E4 (result leakage), the L/N relevance test (E5), E6 (Reform disambiguation, if applicable) and E8 (genuine editorial content) before it can count as eligible.",,,include,not_applicable,,,E5-L1-PLACE,E6-NOT-REFORM-FLAGGED,,,"Council officials and detectives were left baffled by the series of tree fellings which started on 21 March in a two-mile stretch between Walton-on-Thames and Weybridge, both in Elmbridge, Surrey.",,,,medium,,,,,,,,,,,"Man, 24, arrested over mass tree felling in Surrey",2021-04-23,13,"likely E4-CLEAR (13 days before polling day - a genuine result leak would require the DATE itself being wrong, not just a careless read; still confirm by skimming for any reference to a declared result)","Police officers hunting the person who chopped down 50 trees along the banks of the Thames in Surrey have arrested a 24-year-old man who they said was found with chainsaws in his van. Council officials and detectives were left baffled by the series of tree fellings which started on 21 March in a two-mile stretch between Walton-on-Thames and Weybridge, both in Elmbridge, Surrey. About 50 to 60 trees were felled – many of them mature trees more than 20ft high. Anthony Cilia, a retired kitchen fitter from Weybridge, was among the first to spot the damage to the trees. He told MailOnline: “Why this person is doing it is beyond me. There are plenty of wooded areas nearby to go to, but for some reason they are choosing to do it in a public area on the banks of the river. “Not only is it a blight on an area the council has spent several millions of pounds on improving, but more importantly, it’s dangerous.” Another local resident, Christine Elmer, said trees that had been grown especially in memory of loved ones who had died were also targeted. She tweeted: “Really important if anyone has any info on who is going around our town and wider Borough cutting down trees, including Memorial trees, to get in touch with the Elmbridge Police.” Despite increasing night-time patrols with the help of a newlyformed residents action group and scouring CCTV footage, police had struggled to catch the suspect. In a statement, Surrey police confirmed officers had arrested a 24-year-old man on suspici... [truncated, 2427 chars total - full text at data/raw/news/text/NEWS-guardian_api-6f7dc9b27427.txt]",data/raw/news/text/NEWS-guardian_api-6f7dc9b27427.txt
NEWS-guardian_api-710cf40911df,SCC-2017-05,guardian_api,local,SCC-2017-05:local,full_corpus,pending_human_review,"Clears every mechanically-checkable rule. Still requires the human pass for E4 (result leakage), the L/N relevance test (E5), E6 (Reform disambiguation, if applicable) and E8 (genuine editorial content) before it can count as eligible.",,,include,not_applicable,,,E5-L3-COUNCIL-ISSUE,E6-NOT-REFORM-FLAGGED,,,"On Friday, Surrey county council did not deny reports that it was considering a referendum on a double-digit council tax increase because of its precarious financial situation, but local Conservatives said they did not recognise the figure of 16% reported in the Daily Mail.",,,,medium,,,,,,,,,,,Councils told to keep tax hikes low despite social care budget holes,2016-12-30,125,"likely E4-CLEAR (125 days before polling day - a genuine result leak would require the DATE itself being wrong, not just a careless read; still confirm by skimming for any reference to a declared result)","Ministers have told local authorities to keep council tax rises low amid reports that some are considering referendums on increasing charges by as much as 16% to cope with holes in their social care budgets. Sajid Javid, the communities secretary, announced earlier this month that he would allow councils to increase charges by an additional percentage point, meaning bills could rise by almost 5%, rather than the 4% cap originally planned. More than half the increase will be ringfenced for adult social care. However, councils have warned that they may need to raise substantially more. Since 2012, councils, fire services, and police and crime commissioners have been required to hold a referendum if they wish to increase council tax by more than the cap set by central government. On Friday, Surrey county council did not deny reports that it was considering a referendum on a double-digit council tax increase because of its precarious financial situation, but local Conservatives said they did not recognise the figure of 16% reported in the Daily Mail. Javid’s department said it was government policy to keep council tax bills low. A Department for Communities and Local Government spokesman said: “Our long-term funding settlement means local authorities will have nearly £200bn to spend over the course of this parliament. This should allow them to deliver high-quality services that local people want, while keeping council tax bills down. “We’ve also just announced an extra £900m for ... [truncated, 4698 chars total - full text at data/raw/news/text/NEWS-guardian_api-710cf40911df.txt]",data/raw/news/text/NEWS-guardian_api-710cf40911df.txt
NEWS-guardian_api-713f1a1cafb9,SCC-2021-05,guardian_api,local,SCC-2021-05:local,full_corpus,pending_human_review,"Clears every mechanically-checkable rule. Still requires the human pass for E4 (result leakage), the L/N relevance test (E5), E6 (Reform disambiguation, if applicable) and E8 (genuine editorial content) before it can count as eligible.",,,exclude,not_applicable,,,E5-NO-L-OR-N-RULE-MET,E6-NOT-REFORM-FLAGGED,,,"A case of the South African variant of coronavirus has been identified in the village of Bramley, near Basingstoke in Hampshire, leading to surge testing in the area next week.",,,,medium,,,,,,,,,,,Covid: case of South African variant prompts surge testing in Hampshire,2021-02-13,82,"likely E4-CLEAR (82 days before polling day - a genuine result leak would require the DATE itself being wrong, not just a careless read; still confirm by skimming for any reference to a declared result)","A case of the South African variant of coronavirus has been identified in the village of Bramley, near Basingstoke in Hampshire, leading to surge testing in the area next week. Simon Bryant, the director of public health at Hampshire county council, said while the news might be alarming, the risk of transmission from the single case was “considered to be very low”. “I appreciate that this news may be worrying for the local community, but it’s really important to understand that the risk of transmission from this single case is considered to be very low, helped by the fact that national restrictions are in place, with most people staying at home and adhering to the government guidance of ‘hands, face, space’,” he said. “Furthermore, there is no evidence that this particular variant causes more severe illness, or that the regulated vaccines do not protect against it.” Surge testing – targeted testing programmes where cases of new variants have been detected – will be be rolled out next week, with residents over the age of 16 eligible for the programme. Bryant said this was “primarily a precautionary measure designed to help the government to better understand and prevent the spread of new variants across the country.” Surge testing and genomic sequencing will also be carried out in the TS7 postcode in Middlesbrough and parts of Walsall. The operation in Walsall was extended after a second confirmed case of the South African variant was recorded, and was not believed to be conne... [truncated, 2312 chars total - full text at data/raw/news/text/NEWS-guardian_api-713f1a1cafb9.txt]",data/raw/news/text/NEWS-guardian_api-713f1a1cafb9.txt
NEWS-guardian_api-71f75170b45d,SCC-2017-05,guardian_api,local,SCC-2017-05:local,full_corpus,pending_human_review,"Clears every mechanically-checkable rule. Still requires the human pass for E4 (result leakage), the L/N relevance test (E5), E6 (Reform disambiguation, if applicable) and E8 (genuine editorial content) before it can count as eligible.",,,exclude,not_applicable,,,E5-NO-L-OR-N-RULE-MET,E6-NOT-REFORM-FLAGGED,,,Judging the 2017 awards will be specialists from within the Guardian and across the higher education sector in the UK.,,,,high,,,,,,,,,,,University Awards 2017: the judges,2016-12-07,148,"likely E4-CLEAR (148 days before polling day - a genuine result leak would require the DATE itself being wrong, not just a careless read; still confirm by skimming for any reference to a declared result)","Judging the 2017 awards will be specialists from within the Guardian and across the higher education sector in the UK. Guardian journalists on the panel will include Richard Adams, Sally Weale, Judy Friedberg, David Batty and Rebecca Ratcliffe. Note: The deadline for 2017 entries has now passed. Our expert judges from the higher education sector will include: Maddalaine Ansell Maddalaine is chief executive of the University Alliance. A former solicitor, she has held a number of civil service appointments including with the prime minister’s delivery unit, Home Office and BIS. She worked on the HE white paper for the then minister for universities and science, David Willetts, and was appointed to the position of deputy director, International Knowledge and Innovation in 2011. Shelly Asquith Shelly is a vice-president of the National Union of Students, which represents 7 million students in further and higher education in the UK. She was previously president of the student union at the University of the Arts London and is a regular contributor to Guardian Students. Kalwant Bhopal Kalwant is currently professor of education and social justice at the University of Southampton. From January she will be based at the University of Birmingham. Her areas of interest and expertise are centred around the achievements and experiences of minority ethnic groups in education. She is visiting professor at the University of Wisconsin-Madison and has recently been appointed visiting professor a... [truncated, 17206 chars total - full text at data/raw/news/text/NEWS-guardian_api-71f75170b45d.txt]",data/raw/news/text/NEWS-guardian_api-71f75170b45d.txt
NEWS-guardian_api-7254d73d8514,SCC-2017-05,guardian_api,local,SCC-2017-05:local,full_corpus,pending_human_review,"Clears every mechanically-checkable rule. Still requires the human pass for E4 (result leakage), the L/N relevance test (E5), E6 (Reform disambiguation, if applicable) and E8 (genuine editorial content) before it can count as eligible.",,,needs_second_review,not_applicable,,,E5-BORDERLINE-PLACE-MENTION,E6-NOT-REFORM-FLAGGED,,,"I read your story about online theft from Tesco Bank accounts (Report, 8 November) with huge interest because in Surrey we’re planning a new cyber school where the next generation of security experts will be trained to thwart computer criminals.",,,,,,,,,,,,,,,Cyber crime school will train experts | Letters,2016-11-14,171,"likely E4-CLEAR (171 days before polling day - a genuine result leak would require the DATE itself being wrong, not just a careless read; still confirm by skimming for any reference to a declared result)","I read your story about online theft from Tesco Bank accounts (Report, 8 November) with huge interest because in Surrey we’re planning a new cyber school where the next generation of security experts will be trained to thwart computer criminals. Working with Royal Holloway, University of London and global information technology and business services company CGI, among others, the college will equip hundreds of students with the expertise to combat the escalating threats posed by data theft, malware, online scams and cyber attacks. Not only will it arm young people with the skills needed to play a part in making cyberspace safe for our growing digital economy, it will also ease immense pressure on school places in Surrey, which has left the council with a funding gap of tens of millions of pounds. Linda Kemeny Surrey county council’s cabinet member for schools, skills and educational achievement • Join the debate – email guardian.letters@theguardian.com • Read more Guardian letters – click here to visit gu.com/letters",data/raw/news/text/NEWS-guardian_api-7254d73d8514.txt
NEWS-guardian_api-731f6c6c0596,SCC-2017-05,guardian_api,local,SCC-2017-05:local,full_corpus,pending_human_review,"Clears every mechanically-checkable rule. Still requires the human pass for E4 (result leakage), the L/N relevance test (E5), E6 (Reform disambiguation, if applicable) and E8 (genuine editorial content) before it can count as eligible.",,,exclude,not_applicable,,,E5-NO-L-OR-N-RULE-MET,E6-NOT-REFORM-FLAGGED,,,"The Guardian highlights accusations that the Nicaraguan election was rigged (Report, 8 November), but provides no evidence except for predictable slurs from defeated opposition candidates.",,,,high,,,,,,,,,,,Daniel Ortega and the FSLN’s record of success in Nicaragua | Letters,2016-11-08,177,"likely E4-CLEAR (177 days before polling day - a genuine result leak would require the DATE itself being wrong, not just a careless read; still confirm by skimming for any reference to a declared result)","The Guardian highlights accusations that the Nicaraguan election was rigged (Report, 8 November), but provides no evidence except for predictable slurs from defeated opposition candidates. A variety of independent opinion polls over the past year have put Daniel Ortega and the FSLN (Sandinista National Liberation Front) at around 60%-65% support, so the actual result is entirely consistent with the polls. You also report suggestions that Ortega “used his power over the courts” to remove leading opposition candidates, notably Eduardo Montealegre, whose disputed leadership of the PLI (Independent Liberal Party) was overturned by the supreme electoral council in July. The council is an independent body, and is not “controlled” by Ortega or the FSLN. It acted to restore long-standing PLI politician Pedro Reyes to the leadership, rather than Montealegre, who has spent most of his career as a member and sometime minister for the rival PLC (Constitutional Liberal Party). And the PLI’s election result was also better than their opinion poll ratings under Montealegre. Perhaps instead you should be celebrating the success of a leftwing government in a deeply impoverished country that has managed in 10 years to almost double GDP, increase foreign investment by 450%, eliminate illiteracy, cut poverty by nearly 40%, massively increase its renewable energy generation, abolish fees for health and education, create the safest environment in Latin America, and which, according to the World Ec... [truncated, 1649 chars total - full text at data/raw/news/text/NEWS-guardian_api-731f6c6c0596.txt]",data/raw/news/text/NEWS-guardian_api-731f6c6c0596.txt
NEWS-guardian_api-740732233d98,ESWS-2026-05,guardian_api,local,ESWS-2026-05:local,full_corpus,pending_human_review,"Clears every mechanically-checkable rule. Still requires the human pass for E4 (result leakage), the L/N relevance test (E5), E6 (Reform disambiguation, if applicable) and E8 (genuine editorial content) before it can count as eligible.",,,exclude,not_applicable,,,E5-NO-L-OR-N-RULE-MET,E6-NOT-REFORM-FLAGGED,,,"‘My friend just sent me this video, told me she’d found me in it,” read the text.",,,,high,,,,,,,,,,,‘They were comparing me to Bonnie Blue’: the disturbing rise of ‘nightlife content’,2026-03-18,50,"likely E4-CLEAR (50 days before polling day - a genuine result leak would require the DATE itself being wrong, not just a careless read; still confirm by skimming for any reference to a declared result)","‘My friend just sent me this video, told me she’d found me in it,” read the text. “As I was looking for myself, I noticed you’re in it too. I didn’t know I was being filmed, guess you don’t either, just wanted to let you know …” When Nancy Naylor Hayes received the message in November 2023, she felt a twinge of fear. It was from an acquaintance she hadn’t heard from in years. “I was panicking,” she says. The text pointed her to a Facebook link, which led to a montage of clips of women filmed on the streets of Manchester during nights out. “You don’t know what you might have been caught doing,” she says. “What if they’ve got a horrible video of me?” She saw herself a few minutes in, with a friend she had been with that night as they visited the city’s bars. Clearly oblivious to the camera filming her, she stands on a pavement outside a doorway on her phone – calling a taxi, she recalls – her hand on the hip of her khaki miniskirt. Then the film-maker zooms in on her face and lingers there before recording her reaching across to wipe something from her friend’s cheek. The 25-year-old from Wigan, who works as a progression coach for young people facing homelessness, still finds herself struggling to describe how the video made her feel. After all, she was “just literally stood having a conversation”. Yet she felt embarrassed. That intrusive lens “completely violates all privacy”, she says. “Surely that’s not allowed?” she texted back. In fact, videos of this nature, termed “nigh... [truncated, 14347 chars total - full text at data/raw/news/text/NEWS-guardian_api-740732233d98.txt]",data/raw/news/text/NEWS-guardian_api-740732233d98.txt
NEWS-guardian_api-762b5440d114,SCC-2013-05,guardian_api,local,SCC-2013-05:local,full_corpus,pending_human_review,"Clears every mechanically-checkable rule. Still requires the human pass for E4 (result leakage), the L/N relevance test (E5), E6 (Reform disambiguation, if applicable) and E8 (genuine editorial content) before it can count as eligible.",,,exclude,not_applicable,,,E5-NO-L-OR-N-RULE-MET,E6-NOT-REFORM-FLAGGED,,,"Neil McInroy is chief executive of the Centre for Local Economic Strategies The government must grasp a new narrative: Instead it is locked into aged thinking and is actually ignoring the seeds of new forms of growth, resilient economies and place success, which is happening around them.",,,,medium,,,,,,,,,,,Expert round up: is government holding back local economic growth?,2012-12-15,138,"likely E4-CLEAR (138 days before polling day - a genuine result leak would require the DATE itself being wrong, not just a careless read; still confirm by skimming for any reference to a declared result)","Neil McInroy is chief executive of the Centre for Local Economic Strategies The government must grasp a new narrative: Instead it is locked into aged thinking and is actually ignoring the seeds of new forms of growth, resilient economies and place success, which is happening around them. This includes the rise of social alternative financial models, appreciation of a social return on investment, new forms of exchange, production and consumption cooperatives, social businesses, self sufficiency and altruistic practices. Does economic growth have to mean building over the countryside? I see it as a symptom of desperation and am dismayed by it. To just relax planning and build could assist in some instances, but come on! Surely, we must have a more sophisticated narrative of how england's economy is to develop and how it relates to social trends, demographic and environemntal challenges? Local economic success: Michael Heseltine's work largely fails to appreciate that local economic success is predicated on inputs of commercial, social and public sectors within the guiding hand of a national economic plan which stewards us away from finacial services, towards manufacturing and local entrepreneurship. Taking baby steps: In an international sense the city deal process is actually a baby step in terms of true economic decentralistaion and rise of vibrant city states. For it to accelerate it would need a much deeper and alternative economic narrative for England. This is not being a... [truncated, 5846 chars total - full text at data/raw/news/text/NEWS-guardian_api-762b5440d114.txt]",data/raw/news/text/NEWS-guardian_api-762b5440d114.txt
NEWS-guardian_api-78faf7875920,SCC-2017-05,guardian_api,local,SCC-2017-05:local,full_corpus,pending_human_review,"Clears every mechanically-checkable rule. Still requires the human pass for E4 (result leakage), the L/N relevance test (E5), E6 (Reform disambiguation, if applicable) and E8 (genuine editorial content) before it can count as eligible.",,,exclude,not_applicable,,,E5-NO-L-OR-N-RULE-MET,E6-NOT-REFORM-FLAGGED,,,"What languages should we teach children in schools, and why?",,,,medium,,,,,,,,,,,Arabic? Polish? Dutch? Your views on the languages schools should teach,2016-12-01,154,"likely E4-CLEAR (154 days before polling day - a genuine result leak would require the DATE itself being wrong, not just a careless read; still confirm by skimming for any reference to a declared result)","What languages should we teach children in schools, and why? The question came to the fore on Monday after the Polish prime minister, Beata Szydło, called on Theresa May to introduce Polish classes in British schools. With 831,000 Poles living in Britain – they make up the largest immigrant group in the UK – introducing the language certainly could help communities feel more integrated. Traditionally in secondary schools in the UK, the most widely taught languages have been French, Spanish and German, according to data from the British Council in collected from 2013 to 2014. In 2010 the government also decided to train 1,000 Mandarin teachers to work in secondary schools in England thanks to China’s increasing influence on the global economy. How should we select languages for the curriculum? Should we choose those that are spoken the most in Britain? What languages have been most helpful to you? We asked our readers these questions and this is what they said. Tom Sneddon, Northern Ireland: It’s not just about the language but giving people an enjoyable experience It is impossible to predict what languages a child will need as an adult. The range of plausible possibilities is too vast. As such, it’s vital that we give children the tools to learn a language – rather than focusing on what language that should be. As a citizen of Northern Ireland, I’m a big supporter of primary schools teaching through the medium of Irish. Not just because it’s culturally important, but because ... [truncated, 8532 chars total - full text at data/raw/news/text/NEWS-guardian_api-78faf7875920.txt]",data/raw/news/text/NEWS-guardian_api-78faf7875920.txt
NEWS-guardian_api-79f488a3e888,SCC-2021-05,guardian_api,local,SCC-2021-05:local,full_corpus,pending_human_review,"Clears every mechanically-checkable rule. Still requires the human pass for E4 (result leakage), the L/N relevance test (E5), E6 (Reform disambiguation, if applicable) and E8 (genuine editorial content) before it can count as eligible.",,,exclude,not_applicable,,,E5-NO-L-OR-N-RULE-MET,E6-NOT-REFORM-FLAGGED,,,"Large swathes of the south and east of England are to be put under the highest level of coronavirus restrictions, as the government rejected calls to allow hospitality businesses to reopen in other parts of the country.",,,,medium,,,,,,,,,,,UK coronavirus: cases rise 42% in a week as tier 3 rules widened and furlough extended – as it happened,2020-12-17,140,"likely E4-CLEAR (140 days before polling day - a genuine result leak would require the DATE itself being wrong, not just a careless read; still confirm by skimming for any reference to a declared result)","Large swathes of the south and east of England are to be put under the highest level of coronavirus restrictions, as the government rejected calls to allow hospitality businesses to reopen in other parts of the country. Here is the full list of what which areas are moving up or down a tier, and what the tiers will be for all parts of England from Saturday. Rishi Sunak is to extend the furlough scheme for an additional month and has said the government will hold a budget on 3 March to outline the next stage of its response to the coronavirus pandemic. The Welsh government has been strongly criticised for a delay in adding 11,000 positive Covid tests to official figures because a computer system was down for maintenance. The home secretary, Priti Patel, has accused a senior Tory MP of breaching Covid-19 rules after he attended a Christmas dinner for 27 people at a private members’ club. Michel Barnier has raised hopes of a weekend Brexit deal after persuading the European parliament to stretch its deadline to last thing on Sunday – even as UK ministers put the chance of an agreement at less than 50%. That’s all from me for today. But our coverage continues on our global coronavirus live blog. It’s here. Here are the latest coronavirus figures for Northern Ireland. There have been 656 further positive cases - the highest daily total recorded in Northern Ireland since the middle of last month. Core (the Coalition of Race Equality) is not the only body alarmed by the speech Liz Tr... [truncated, 44275 chars total - full text at data/raw/news/text/NEWS-guardian_api-79f488a3e888.txt]",data/raw/news/text/NEWS-guardian_api-79f488a3e888.txt
NEWS-guardian_api-7c550d976e27,SCC-2021-05,guardian_api,local,SCC-2021-05:local,full_corpus,pending_human_review,"Clears every mechanically-checkable rule. Still requires the human pass for E4 (result leakage), the L/N relevance test (E5), E6 (Reform disambiguation, if applicable) and E8 (genuine editorial content) before it can count as eligible.",,,exclude,not_applicable,,,E5-NO-L-OR-N-RULE-MET,E6-NOT-REFORM-FLAGGED,,,"The West Midlands mayor has insisted the region will not run out of the coronavirus vaccine in 24 hours, following concerns about supplies across the country.",,,,high,,,,,,,,,,,West Midlands mayor denies Birmingham running out of vaccines,2021-01-07,119,"likely E4-CLEAR (119 days before polling day - a genuine result leak would require the DATE itself being wrong, not just a careless read; still confirm by skimming for any reference to a declared result)","The West Midlands mayor has insisted the region will not run out of the coronavirus vaccine in 24 hours, following concerns about supplies across the country. Andy Street accused Birmingham MPs, including his Conservative party colleague Andrew Mitchell, of spreading misinformation after they signed a letter claiming the city was due to run out of the vaccine by Friday. Street said there was “no threat” of Pfizer jabs running out in Birmingham on Friday and that new supplies had been ordered and were in “sufficient supply”. He said he had been assured by the vaccines minister, Nadhim Zahawi, that the city of 2.6 million people will receive the Oxford/AstraZeneca vaccine on Friday, and added: “The idea that Birmingham will have no vaccines from tomorrow onwards is completely false. Misinformation that causes undue concern is not what the public need in the middle of a pandemic.” The row came as some GP surgeries said they had faced issues getting the coronavirus vaccine, while others started administering the Oxford/AstraZeneca jab on Thursday. The deployment comes after the UK daily reported death toll topped 1,000 and London hospitals were said to be on the brink of being overwhelmed. It is hoped more than 700 sites in England will be delivering vaccines by the end of the week in a mass vaccination drive the prime minister has said is now a race. GPs have been given instructions to “stand down non-essential work” in order to focus on the delivery of the jabs, the Daily Teleg... [truncated, 4307 chars total - full text at data/raw/news/text/NEWS-guardian_api-7c550d976e27.txt]",data/raw/news/text/NEWS-guardian_api-7c550d976e27.txt
NEWS-guardian_api-7c5e56c8c762,ESWS-2026-05,guardian_api,local,ESWS-2026-05:local,full_corpus,pending_human_review,"Clears every mechanically-checkable rule. Still requires the human pass for E4 (result leakage), the L/N relevance test (E5), E6 (Reform disambiguation, if applicable) and E8 (genuine editorial content) before it can count as eligible.",,,exclude,not_applicable,,,E5-NO-L-OR-N-RULE-MET,E6-NOT-REFORM-FLAGGED,,,Middlesex is unlike every other English county in at least one very important way.,,,,high,,,,,,,,,,,‘Acceptance of mediocrity’: Middlesex gaze south enviously with golden years long gone,2026-05-01,6,read carefully (6 days before polling day - close enough that a dating error could plausibly let leakage through; do not default to E4-CLEAR here),"Middlesex is unlike every other English county in at least one very important way. It doesn’t actually exist. It was abolished by the London Government Act of 1963, persisted, in dotage, as a postal subdivision, until Royal Mail put it to sleep in 1996. Today, you’ll find it on the tiles of Swiss Cottage Tube station – which are embossed with its badge of three seaxes – the pediment of the Sessions House in Clerkenwell, the mailing addresses of people who just won’t let go, the minutes of Spelthorne council, the titles of three hospitals, a university, assorted sports teams and tournaments, and the cricket club. Those who don’t know any better will tell you English cricket is a country pursuit. It’s not. Sport England’s latest data showed 250,000 Londoners played at least once last year. That’s around 20% of the adult playing population in England and Wales. Walk from Lord’s into the playing fields in Regent’s Park and you will find five, six, seven games going on all at once on the public pitches. Over the road at Fab’s Food &amp; Wine they always have the Indian Premier League on in the afternoons, streaming on a mobile phone. The guy who runs it tells me he is a Royal Challengers Bengaluru fan; I ask if he knows which county plays at the ground around the corner. “No idea.” Middlesex CCC has a catchment area that stretches over 17 London boroughs, and includes one of the largest, most diverse, and enthusiastic cricket communities in the country. Last year they pulled in a ... [truncated, 8528 chars total - full text at data/raw/news/text/NEWS-guardian_api-7c5e56c8c762.txt]",data/raw/news/text/NEWS-guardian_api-7c5e56c8c762.txt
NEWS-guardian_api-7cba96b62b25,ESWS-2026-05,guardian_api,local,ESWS-2026-05:local,full_corpus,pending_human_review,"Clears every mechanically-checkable rule. Still requires the human pass for E4 (result leakage), the L/N relevance test (E5), E6 (Reform disambiguation, if applicable) and E8 (genuine editorial content) before it can count as eligible.",,,exclude,not_applicable,,,E5-NO-L-OR-N-RULE-MET,E6-NOT-REFORM-FLAGGED,,,Big breaking news tonight from Davos: Donald Trump has announced that he and Nato chief Mark Rutte have agreed the framework of a “future deal” over Greenland.,,,,high,,,,,,,,,,,"Denmark welcomes Trump ruling out force to take Greenland, before ‘future deal’ framework announced – as it happened",2026-01-21,106,"likely E4-CLEAR (106 days before polling day - a genuine result leak would require the DATE itself being wrong, not just a careless read; still confirm by skimming for any reference to a declared result)","Big breaking news tonight from Davos: Donald Trump has announced that he and Nato chief Mark Rutte have agreed the framework of a “future deal” over Greenland. It’s not clear what the details are – Trump says the proposed solution would be a great one for the US, and all NATO Nations And significantly, Trump says he won’t impose the 10% tariffs threatened on eight European countries including the UK. Here’s the post, from Trump’s Truth Social site: Based upon a very productive meeting that I have had with the Secretary General of NATO, Mark Rutte, we have formed the framework of a future deal with respect to Greenland and, in fact, the entire Arctic Region. This solution, if consummated, will be a great one for the United States of America, and all NATO Nations. Based upon this understanding, I will not be imposing the Tariffs that were scheduled to go into effect on February 1st. Additional discussions are being held concerning The Golden Dome as it pertains to Greenland. Further information will be made available as discussions progress. Vice President JD Vance, Secretary of State Marco Rubio, Special Envoy Steve Witkoff, and various others, as needed, will be responsible for the negotiations — They will report directly to me. Thank you for your attention to this matter! DONALD J. TRUMP PRESIDENT OF THE UNITED STATES OF AMERICA Our US Politics Live blog is tracking all the developments, with Shrai Popat, here: Donald Trump ruled out using military force to annex Greenland, ... [truncated, 53381 chars total - full text at data/raw/news/text/NEWS-guardian_api-7cba96b62b25.txt]",data/raw/news/text/NEWS-guardian_api-7cba96b62b25.txt
NEWS-guardian_api-7f680997cc49,SCC-2013-05,guardian_api,local,SCC-2013-05:local,full_corpus,pending_human_review,"Clears every mechanically-checkable rule. Still requires the human pass for E4 (result leakage), the L/N relevance test (E5), E6 (Reform disambiguation, if applicable) and E8 (genuine editorial content) before it can count as eligible.",,,include,not_applicable,,,E5-L4-COUNTY-WIDE,E6-NOT-REFORM-FLAGGED,,,"Let's talk about the elected police commissioner for Surrey, Kevin Hurley.",,,,medium,,,,,,,,,,,"I am doing it My Way, says Britain's most outspoken crime commissioner | Hugh Muir",2013-02-14,77,"likely E4-CLEAR (77 days before polling day - a genuine result leak would require the DATE itself being wrong, not just a careless read; still confirm by skimming for any reference to a declared result)","• Now the elected police and crime commissioners are settling in, a pattern is emerging. Some will see the complexities and mature into the great responsibility they have been given. Some may take longer than others. Let's talk about the elected police commissioner for Surrey, Kevin Hurley. They liked his shoot-from-the-lip style in the election, but unease may well set in when locals peruse an interview with their new champion in the Epsom Guardian. Some question how you appointed your deputy on £55,000, said reporter Hardeep Matharu. ""There was no fairness in it,"" is his reply. ""No openness or transparency. The role was too important for me to go through a process of interview boards with people I don't know. To put it bluntly, I understand the business. I will not be bamboozled."" What's the future for a local force like yours, she asked. ""We shouldn't have separate county police forces,"" he said. ""There should be a chief constable for a region, like the south-east of England, with a PCC."" What about diversity? All very well in theory, but where to find the people? Indians are academically inclined. They ""turn their noses up"" at a career in the police. Those of African origin are no keener, for many hail from countries where the police assist dictators. And Sir William Macpherson, author of the landmark report into the death of Stephen Lawrence? A victim of ""postcolonial guilt"". The new man speaks as he finds. The future seems exciting. • Kevin Hurley is the future, at leas... [truncated, 4126 chars total - full text at data/raw/news/text/NEWS-guardian_api-7f680997cc49.txt]",data/raw/news/text/NEWS-guardian_api-7f680997cc49.txt
NEWS-guardian_api-80d5450b1426,SCC-2017-05,guardian_api,local,SCC-2017-05:local,full_corpus,pending_human_review,"Clears every mechanically-checkable rule. Still requires the human pass for E4 (result leakage), the L/N relevance test (E5), E6 (Reform disambiguation, if applicable) and E8 (genuine editorial content) before it can count as eligible.",,,include,not_applicable,,,E5-L3-COUNCIL-ISSUE,E6-NOT-REFORM-FLAGGED,,,"The leader of Elmbridge borough council, which has planning responsibility for Sandown Park in Esher, said on Wednesday he has had “no contact at all” from the Jockey Club either before or after it announced plans to turn the course into a “super-track” using cash from the proposed sale of Kempton for housing.",,,,medium,,,,,,,,,,,Racing news and tips: Council leader ‘not told’ of Sandown Park plans,2017-02-08,85,"likely E4-CLEAR (85 days before polling day - a genuine result leak would require the DATE itself being wrong, not just a careless read; still confirm by skimming for any reference to a declared result)","The leader of Elmbridge borough council, which has planning responsibility for Sandown Park in Esher, said on Wednesday he has had “no contact at all” from the Jockey Club either before or after it announced plans to turn the course into a “super-track” using cash from the proposed sale of Kempton for housing. Stuart Selleck, who took over as leader in May last year, also stressed that plans to redevelop Sandown will be subject to strict local planning laws, as the course is situated on green belt land. The Jockey Club hopes to stage the King George VI Chase, the highlight of Kempton’s season, at nearby Sandown Park if its controversial scheme to sell Kempton for property development proceeds as planned. The course will require significant investment in the track and facilities to do so, however, as Sandown’s current maximum crowd is around 16,000 while Kempton regularly attracts more than 20,000 to the King George on Boxing Day. The development required to bring Sandown up to the standard the Jockey Club has promised, as well as accommodating the bigger crowds that a “super-track” would need to attract, would place significant extra strain on the surrounding roads and infrastructure. Any new building work, meanwhile, even if it follows the “footprint” of previous structures, would be subject to strict regulation and could well be opposed by local residents. “I’ve no idea what their plan is for Sandown Park, whether they are likely to build more or refurbish what they’ve got,... [truncated, 5891 chars total - full text at data/raw/news/text/NEWS-guardian_api-80d5450b1426.txt]",data/raw/news/text/NEWS-guardian_api-80d5450b1426.txt
NEWS-guardian_api-8169e4624da5,SCC-2021-05,guardian_api,local,SCC-2021-05:local,full_corpus,pending_human_review,"Clears every mechanically-checkable rule. Still requires the human pass for E4 (result leakage), the L/N relevance test (E5), E6 (Reform disambiguation, if applicable) and E8 (genuine editorial content) before it can count as eligible.",,,exclude,not_applicable,,,E5-NO-L-OR-N-RULE-MET,E6-NOT-REFORM-FLAGGED,,,"Mark Millar is remembering one of the best bits of advice he ever came across, something he read as a teenager that was said by Alan Moore, the legendary creator of such milestones in comics as Watchmen and V for Vendetta.",,,,high,,,,,,,,,,,‘What if Superman was your dad?’ Comics legend Mark Millar on Jupiter’s Legacy,2021-04-28,8,read carefully (8 days before polling day - close enough that a dating error could plausibly let leakage through; do not default to E4-CLEAR here),"Mark Millar is remembering one of the best bits of advice he ever came across, something he read as a teenager that was said by Alan Moore, the legendary creator of such milestones in comics as Watchmen and V for Vendetta. “Never believe that you’re a genius,” quotes Millar, himself the creator of such revered titles as Kick-Ass and Kingsman, “and also never believe you’re rubbish.” Speaking by Zoom from the office he keeps in his Glasgow home, Millar rounds this off with the words: “You’ve just got to do your best and enjoy it.” It’s a healthy rule to live by, given the sometimes toxic fandom that surrounds the comics world. Millar, whose only dream as a five-year-old was to write superhero adventures, has experienced this vitriol a fair few times. That’s no surprise, considering the Scot’s habit of chewing up and spitting out the expectations of the genre. For DC, he reimagined the origin story of Superman, crashlanding his spaceship in the Soviet Union rather than Kansas. He thinks Michael B Jordan, who was supervillain Erik Killmonger in Black Panther, would make a great Superman (Jordan’s also the favourite for JJ Abrams’ own reboot). Then, at Marvel, Millar helped pull the company back from the brink thanks, in part, to the success of his brutal reinvention of The Avengers as The Ultimates. This was as much a critique of superhero archetypes as it was a dig at American post-9/11 neo-conservatism, with the team reinvented as band of super-soldiers directing their fists a... [truncated, 9797 chars total - full text at data/raw/news/text/NEWS-guardian_api-8169e4624da5.txt]",data/raw/news/text/NEWS-guardian_api-8169e4624da5.txt
NEWS-guardian_api-81ec4f63466d,SCC-2017-05,guardian_api,local,SCC-2017-05:local,full_corpus,pending_human_review,"Clears every mechanically-checkable rule. Still requires the human pass for E4 (result leakage), the L/N relevance test (E5), E6 (Reform disambiguation, if applicable) and E8 (genuine editorial content) before it can count as eligible.",,,include,not_applicable,,,E5-L1-PLACE,E6-NOT-REFORM-FLAGGED,,,"‘It’s like being at home,” was the verdict that one resident at West Hall, a care home in West Byfleet, relayed to inspectors.",,,,medium,,,,,,,,,,,Underfunded and overstretched – the crisis in care for the elderly,2016-12-10,145,"likely E4-CLEAR (145 days before polling day - a genuine result leak would require the DATE itself being wrong, not just a careless read; still confirm by skimming for any reference to a declared result)","‘It’s like being at home,” was the verdict that one resident at West Hall, a care home in West Byfleet, relayed to inspectors. When you walk through the doors, you can see why. The first thing that strikes a visitor is its immaculate grounds and impressive architecture, which blends a beautifully converted old manor house with three eco-build residential lodges. But the impressive surroundings fade into the background when you start talking to the people who live and work in West Hall. The warmth and affection that characterise the relationships between staff and residents light up its smart interior, creating a comfortable, homely atmosphere. Arriving on a Thursday lunchtime, I’m introduced to several relatives visiting their parents: Nigel Allen, the home’s manager, stresses they are welcomed with open arms. There’s a huge range of activities to take part in: the day I was there, they included a sing-along, a lunch outing to the local pub and a Scrabble group. West Hall, run by the not-for-profit Anchor Trust, is not a typical care service. It is one of the few homes to have received an outstanding rating from the regulator. Data provided to the Observer by the Care Quality Commission shows that there are just 91 outstanding care homes in England for the over-65s – less than 1% of those the CQC has inspected under its new regime. Almost one in three have been rated as requiring improvement or as inadequate. The quality of care provided to older people in their own homes is ... [truncated, 20842 chars total - full text at data/raw/news/text/NEWS-guardian_api-81ec4f63466d.txt]",data/raw/news/text/NEWS-guardian_api-81ec4f63466d.txt
NEWS-guardian_api-825d02c7b058,ESWS-2026-05,guardian_api,local,ESWS-2026-05:local|reform,full_corpus,pending_human_review,"Clears every mechanically-checkable rule. Still requires the human pass for E4 (result leakage), the L/N relevance test (E5), E6 (Reform disambiguation, if applicable) and E8 (genuine editorial content) before it can count as eligible. This record also matched a Reform-related query - E6 manual disambiguation is mandatory before inclusion (protocol requirement, not optional).",yes,,include,,,,E5-L4-COUNTY-WIDE,,,,"It comes on top of a previous decision to postpone elections in nine council areas in 2025 – East Sussex, West Sussex, Essex, Thurrock, Hampshire, the Isle of Wight, Norfolk, Suffolk and Surrey – amid the reorganisation of local government in England.",,,,medium,,,,,,,,,,,Local elections to be delayed in 29 areas in England as part of shake-up of councils,2026-01-22,105,"likely E4-CLEAR (105 days before polling day - a genuine result leak would require the DATE itself being wrong, not just a careless read; still confirm by skimming for any reference to a declared result)","More than 4 million people will see their local elections delayed in 29 council areas as part of the government’s shake-up of English councils, a cabinet minister confirmed on Thursday. Steve Reed, the local government secretary, said the vast majority of polls would go ahead as planned in May but some would be postponed. City councils in Lincoln, Exeter, Norwich, Peterborough and Preston are among the authorities where votes will not take place on 7 May, alongside several districts such as Cannock Chase, Harlow, Welwyn Hatfield and West Lancashire, plus county councils in East Sussex, West Sussex, Norfolk and Suffolk. It comes on top of a previous decision to postpone elections in nine council areas in 2025 – East Sussex, West Sussex, Essex, Thurrock, Hampshire, the Isle of Wight, Norfolk, Suffolk and Surrey – amid the reorganisation of local government in England. This means some voters will have had a two-year delay in going to the polls. The long-awaited decision was condemned by Nigel Farage, the Reform UK leader, whose party is challenging the move in a judicial review. He accused Keir Starmer of “colluding with Labour and Tory councils to cancel 30 council elections on 7 May”. “Millions of people’s right to vote has been taken away. Reform UK are fighting this denial of democracy in the high court,” he added. Reform enjoyed success in the local elections last May, winning more than 600 seats and taking control of 10 councils, including Kent and County Durham. The party... [truncated, 3606 chars total - full text at data/raw/news/text/NEWS-guardian_api-825d02c7b058.txt]",data/raw/news/text/NEWS-guardian_api-825d02c7b058.txt
NEWS-guardian_api-832d1a6f0762,SCC-2017-05,guardian_api,local,SCC-2017-05:local,full_corpus,pending_human_review,"Clears every mechanically-checkable rule. Still requires the human pass for E4 (result leakage), the L/N relevance test (E5), E6 (Reform disambiguation, if applicable) and E8 (genuine editorial content) before it can count as eligible.",,,needs_second_review,not_applicable,,,E5-BORDERLINE-PLACE-MENTION,E6-NOT-REFORM-FLAGGED,,,"Rev Andrew McLuskey Stanwell, Staines Surrey Your leader presented a highly inaccurate view of their impact [local spending cuts] on Hampshire and of the public sector spending picture nationally.",,,,,,,,,,,,,,,Spending cuts are hurting – no matter where we live | The big issue,2017-01-01,123,"likely E4-CLEAR (123 days before polling day - a genuine result leak would require the DATE itself being wrong, not just a careless read; still confirm by skimming for any reference to a declared result)","In your editorial on local spending (18 December) you suggest that “those who live in Salford [will] have a radically different level of service provision compared to those who live in Surrey”. While I understand the general reasoning behind this, I’m not sure that it will be true of this particular county. Residents are reeling from news of a whole range of cuts, including: • The closure of the most heavily used fire station in the area. • The ending of key bus services. • Much reduced support for the elderly. It is reliably estimated that to keep existing services going, the county would have raise its council tax by 18%. So the north-south divide is not total. Rev Andrew McLuskey Stanwell, Staines Surrey Your leader presented a highly inaccurate view of their impact [local spending cuts] on Hampshire and of the public sector spending picture nationally. It claimed that between 2009/10 and 2016/17, Hampshire has only had to cut spending by 5% (£47m). The government has cut Hampshire county council’s revenue support grant funding between these years by £159m (73.5%), together with a specific grant cut of a further £34m. Like many other south coast counties, we have a high percentage of elderly residents, so our adult social care pressures are particularly high. We were already a “low council tax, low grant” authority before the spending cuts began and, consequently, the impact of reductions on our overall position is relatively greater. The leader also gave the impression th... [truncated, 4100 chars total - full text at data/raw/news/text/NEWS-guardian_api-832d1a6f0762.txt]",data/raw/news/text/NEWS-guardian_api-832d1a6f0762.txt
NEWS-guardian_api-85aa2166b08c,ESWS-2026-05,guardian_api,local,ESWS-2026-05:local,full_corpus,pending_human_review,"Clears every mechanically-checkable rule. Still requires the human pass for E4 (result leakage), the L/N relevance test (E5), E6 (Reform disambiguation, if applicable) and E8 (genuine editorial content) before it can count as eligible.",,,include,not_applicable,,,E5-L1-PLACE,E6-NOT-REFORM-FLAGGED,,,"Blunt, 65, a former Conservative MP for Reigate, pleaded guilty at Westminster magistrates court to four charges of possessing methamphetamine – commonly known as crystal meth – cannabis and the chemical sedative GBL.",,,,medium,,,,,,,,,,,"Ex-Tory minister Crispin Blunt fined £1,200 for possession of crystal meth",2026-03-25,43,"likely E4-CLEAR (43 days before polling day - a genuine result leak would require the DATE itself being wrong, not just a careless read; still confirm by skimming for any reference to a declared result)","The former justice minister Crispin Blunt has been fined £1,200 for possessing illegal drugs after he told a court he entered the world of chemsex parties to help inform government policy. Blunt, 65, a former Conservative MP for Reigate, pleaded guilty at Westminster magistrates court to four charges of possessing methamphetamine – commonly known as crystal meth – cannabis and the chemical sedative GBL. The drugs were found when police went to his Surrey home on 25 October 2023 as part of an investigation following a chemsex party. Blunt, who represented himself, said the charges against him came after he fell victim to a blackmail and extortion plot involving his drug dealer who had accused him of rape. No charges were brought over the rape allegation after an 18-month investigation. In a 30-minute speech to the court, Blunt criticised the decision to charge him and suggested all drugs should be legal. He said he first took an interest in drugs policy after being appointed as a justice minister in David Cameron’s government, and claimed his “first-hand experience” – including hosting drug-fuelled chemsex parties at his home – had helped to inform his campaign to change policy. The prosecutor, Zarah Dickinson, said: “This arises from a police investigation into offences alleged to have occurred during a chemsex party at Mr Blunt’s home address in September 2023. No charges were brought on those alleged offences.” Police had attended Blunt’s home and he was “polite and calm”. ... [truncated, 3984 chars total - full text at data/raw/news/text/NEWS-guardian_api-85aa2166b08c.txt]",data/raw/news/text/NEWS-guardian_api-85aa2166b08c.txt
NEWS-guardian_api-863a566ab822,ESWS-2026-05,guardian_api,local,ESWS-2026-05:local,full_corpus,pending_human_review,"Clears every mechanically-checkable rule. Still requires the human pass for E4 (result leakage), the L/N relevance test (E5), E6 (Reform disambiguation, if applicable) and E8 (genuine editorial content) before it can count as eligible.",,,needs_second_review,not_applicable,,,E5-BORDERLINE-PLACE-MENTION,E6-NOT-REFORM-FLAGGED,,,Bignell was arrested in 2012 after Surrey police received reports that he had hit and kicked Barter at a hotel.,,,,,,,,,,,,,,,"Lessons not learned after Georgia Barter driven to suicide by abuse, says her mother",2025-11-30,158,"likely E4-CLEAR (158 days before polling day - a genuine result leak would require the DATE itself being wrong, not just a careless read; still confirm by skimming for any reference to a declared result)","The family of a woman judged to have been unlawfully killed by her partner after she took her own life following years of domestic abuse has said “lessons have still not been learnt” after the government indicated it would not make changes to how officers use the police national database. An inquest earlier this year found that Georgia Barter, 32, experienced years of abuse at the hands of Thomas Bignell. The inquest, in Walthamstow, London, heard that even though Bignell was known to at least four police forces, officers were not always able to access information about previous reports or arrests on the police national database (PND) when they were called out to attend to incidents involving Barter. When he was arrested in relation to alleged assaults on her, the inquest heard that officers did not appear to have either the capacity or the authorisation to check the database. The hearing was told that the Metropolitan police and Essex police received multiple reports about Bignell’s alleged abuse of Barter, including a report from a member of the public who told Essex police that Bignell had threatened to kill her. Bignell was arrested in 2012 after Surrey police received reports that he had hit and kicked Barter at a hotel. He was not charged in relation to the alleged assault. Inquests have a different burden of proof to criminal courts, finding on the balance of probabilities, rather than the criminal threshold of beyond reasonable doubt. There is no criminal due process ... [truncated, 4031 chars total - full text at data/raw/news/text/NEWS-guardian_api-863a566ab822.txt]",data/raw/news/text/NEWS-guardian_api-863a566ab822.txt
NEWS-guardian_api-8754fdf181a5,SCC-2021-05,guardian_api,local,SCC-2021-05:local,full_corpus,pending_human_review,"Clears every mechanically-checkable rule. Still requires the human pass for E4 (result leakage), the L/N relevance test (E5), E6 (Reform disambiguation, if applicable) and E8 (genuine editorial content) before it can count as eligible.",,,exclude,not_applicable,,,E5-NO-L-OR-N-RULE-MET,E6-NOT-REFORM-FLAGGED,,,"My mum died on 3 June 2020, in the middle of the night.",,,,medium,,,,,,,,,,,Losing my mum in lockdown was a brutal lesson in the abject loneliness of grief,2020-12-21,136,"likely E4-CLEAR (136 days before polling day - a genuine result leak would require the DATE itself being wrong, not just a careless read; still confirm by skimming for any reference to a declared result)","My mum died on 3 June 2020, in the middle of the night. We were in national lockdown at the time. The first one. The one none of us will ever forget. So, when my mum took her last breaths in a Surrey hospice I have yet to visit, I was more than 400 miles away, at home in Edinburgh. I was lying wide awake in bed when my dad called to deliver the news we knew was coming. I had not slept a wink. My head, heart and – well, there is no hashtag-adjacent equivalent for this – soul had been filled all night with my dying mum, like a cup to the brim. So, although I was not there physically when she left this world, I was awake, lying beneath the same dark segment of northern hemisphere. This matters. It is strange that what haunts you in grief can also heal you. And it is strange what you find yourself holding on to when you lose someone in a global pandemic. When you happen to be dangling in the bell jar of grief at the precise time that normal life is suspended. When the oncology consultant breaks the news on the phone that your mother, who has metastatic breast cancer, has weeks to live and you cannot just get on a train and go to her. When the normal impulses must be resisted, even as the most senior government adviser in the country remorselessly flouts the rules. When you can say goodbye only once, briefly: masked, gloved and terror-bound by risk. When you cannot stay the night with your dad after your mum’s funeral. So, what have I learned? Are you flipping joking? Apart from l... [truncated, 6287 chars total - full text at data/raw/news/text/NEWS-guardian_api-8754fdf181a5.txt]",data/raw/news/text/NEWS-guardian_api-8754fdf181a5.txt
NEWS-guardian_api-877591fb3dae,SCC-2017-05,guardian_api,local,SCC-2017-05:local,full_corpus,pending_human_review,"Clears every mechanically-checkable rule. Still requires the human pass for E4 (result leakage), the L/N relevance test (E5), E6 (Reform disambiguation, if applicable) and E8 (genuine editorial content) before it can count as eligible.",,,exclude,not_applicable,,,E5-NO-L-OR-N-RULE-MET,E6-NOT-REFORM-FLAGGED,,,Last night something remarkable happened in Brighton.,,,,high,,,,,,,,,,,In Brighton we’re working together to oust the Tories. Corbyn and Farron take heed | Caroline Lucas,2017-04-27,7,read carefully (7 days before polling day - close enough that a dating error could plausibly let leakage through; do not default to E4-CLEAR here),"Last night something remarkable happened in Brighton. Local party members from the Liberal Democrats stood aside in Brighton Pavilion, and the Greens stood down in Brighton Kemptown. People who have spent years campaigning in these places took the decision to put aside party allegiances and work together so we have the best possible chance of delivering a fairer voting system and beating the Tories on 8 June. These choices were not easy, indeed they are acts of political bravery. The movement for electoral alliances isn’t just happening in Brighton, it’s kicking off across the country. Despite the leaders of both the Liberal Democrats and Labour trying to shut these discussion down, their members are taking things into their own hands. From Labour-led discussions in Surrey to oust Jeremy Hunt to Lib Dem activists across the country, this grassroots movement is growing. Local parties are stepping up, but that alone is not enough. It’s now up to the Lib Dem and Labour leaderships to sit down for talks about how we can make this movement for electoral alliances work. These alliances cannot be a one-way street and now Jeremy Corbyn and Tim Farron must act to ensure we’re not condemning this country to many more years of Tory rule. Let’s not look back on this moment in seven weeks’ time with a newly installed Tory government and kick ourselves for not doing more to stop it happening. Britain is in the grip of a hardline Tory prime minister who has danced to the tune of Ukip, overs... [truncated, 4219 chars total - full text at data/raw/news/text/NEWS-guardian_api-877591fb3dae.txt]",data/raw/news/text/NEWS-guardian_api-877591fb3dae.txt
NEWS-guardian_api-87bc81105af9,SCC-2021-05,guardian_api,local,SCC-2021-05:local,full_corpus,pending_human_review,"Clears every mechanically-checkable rule. Still requires the human pass for E4 (result leakage), the L/N relevance test (E5), E6 (Reform disambiguation, if applicable) and E8 (genuine editorial content) before it can count as eligible.",,,exclude,not_applicable,,,E5-NO-L-OR-N-RULE-MET,E6-NOT-REFORM-FLAGGED,,,"The former Labour minister Frank Judd, who has died aged 86 of cancer, spent a lifetime in politics devoted to the passionate pursuit of human rights and social justice wherever in the world such things were in short supply or in need of defence.",,,,high,,,,,,,,,,,Lord Judd obituary,2021-04-26,10,"likely E4-CLEAR (10 days before polling day - a genuine result leak would require the DATE itself being wrong, not just a careless read; still confirm by skimming for any reference to a declared result)","The former Labour minister Frank Judd, who has died aged 86 of cancer, spent a lifetime in politics devoted to the passionate pursuit of human rights and social justice wherever in the world such things were in short supply or in need of defence. His cheerful enthusiasm for the many internationalist causes he espoused inspired widespread admiration because he was wholly without personal vanity and there was never even a hint of sanctimony to his politics. He spent 13 years as an MP, for the marginal seats of Portsmouth West from 1966 to 1974 and then, until 1979, for the redrawn new constituency of Portsmouth North. As a young MP he was offered the influential post of parliamentary private secretary to the leader of the opposition, Harold Wilson, as a result of a speech about the party’s election defeat in 1970 which impressed the then outgoing prime minister. From 1972, Judd served on his party’s front bench for the remainder of his career in the Commons. He was first a defence spokesman and then, on Wilson’s return to office in 1974, navy minister until 1976. Wilson’s unexpected resignation as prime minister that year came at an opportune point for Judd. He had been discussing with Wilson his own intention to resign as a minister because of his disapproval of the government’s defence policy towards Chile in the wake of the 1973 military coup there. Circumstance spared him the need to do so. The new PM, James Callaghan, instead moved Judd to Overseas Development for a year, ... [truncated, 5508 chars total - full text at data/raw/news/text/NEWS-guardian_api-87bc81105af9.txt]",data/raw/news/text/NEWS-guardian_api-87bc81105af9.txt
NEWS-guardian_api-8bfc275e686c,SCC-2017-05,guardian_api,local,SCC-2017-05:local,full_corpus,pending_human_review,"Clears every mechanically-checkable rule. Still requires the human pass for E4 (result leakage), the L/N relevance test (E5), E6 (Reform disambiguation, if applicable) and E8 (genuine editorial content) before it can count as eligible.",,,needs_second_review,not_applicable,,,E5-BORDERLINE-PLACE-MENTION,E6-NOT-REFORM-FLAGGED,,,"In 1946, she and Desmond settled in Walton-on-Thames, Surrey, where they brought up their six children in an atmosphere of eccentricity and love.",,,,,,,,,,,,,,,Amber Lloyd obituary,2017-01-05,119,"likely E4-CLEAR (119 days before polling day - a genuine result leak would require the DATE itself being wrong, not just a careless read; still confirm by skimming for any reference to a declared result)","My grandmother Amber Lloyd, who has died aged 95, was a founder member of the National Childbirth Trust and the creator of the charity Relaxation for Living. Amber and her brother, Aubrey, were born and brought up in London, the children of Sylvia and Sunny Wallace Barr. Her father, a former accountant, had made his fortune manufacturing the aeroplane varnish known as dope. The family spent summers at Seaview in the Isle of Wight, where, aged 17, Amber met Desmond Lloyd. His family disapproved, so the two married in secret in 1941 when Desmond was on leave from the navy in the second world war. Amber survived a bombing that killed her parents, and a fire that burned down the Devon farm to which she decamped. In 1946, she and Desmond settled in Walton-on-Thames, Surrey, where they brought up their six children in an atmosphere of eccentricity and love. Amber reared budgies and tortoises – she was one of the first in the UK to breed the latter successfully – and housed a motley assortment of beloved dogs. She was a member of the East and West Friendship Council, an organisation founded to offer hospitality to “colonial and eastern students”, and often had overseas guests at a time when it was rare to see non-white faces in Surrey. In 1956 she answered an advertisement in the Times inviting like-minded women to form an organisation to promote the work of Grantly Dick-Read, a British obstetrician who disagreed with the increased medicalisation of birth. It was the beginning of wh... [truncated, 2524 chars total - full text at data/raw/news/text/NEWS-guardian_api-8bfc275e686c.txt]",data/raw/news/text/NEWS-guardian_api-8bfc275e686c.txt
NEWS-guardian_api-8c97c6f9a7af,ESWS-2026-05,guardian_api,local,ESWS-2026-05:local,full_corpus,pending_human_review,"Clears every mechanically-checkable rule. Still requires the human pass for E4 (result leakage), the L/N relevance test (E5), E6 (Reform disambiguation, if applicable) and E8 (genuine editorial content) before it can count as eligible.",,,exclude,not_applicable,,,E5-NO-L-OR-N-RULE-MET,E6-NOT-REFORM-FLAGGED,,,Lace up your gumshoes!,,,,high,,,,,,,,,,,The life of PIs: the strange case of 2026’s resurgence of hard-boiled detectives,2026-04-23,14,"likely E4-CLEAR (14 days before polling day - a genuine result leak would require the DATE itself being wrong, not just a careless read; still confirm by skimming for any reference to a declared result)","Lace up your gumshoes! Hard-boiled detectives are back on the scene, fedoras pulled low, cigarettes sparked up. Nicolas Cage is leading the charge in Prime Video’s Spider-Noir, a shadowy spin on Spider-Man that drops in May – available to stream in black-and-white for the diehards. It promises all the hard-edged hallmarks of a good film noir: fast-paced, slangy dialogue, femme fatales, and a heavy-drinking detective at its centre – albeit one with web shooters rather than a snub-nose revolver. He’s not the only PI in the frame this year. Apple TV is adapting Philip Kerr’s Berlin Noir series into a series starring Colin Firth, while a new NBC pilot promises Jake Johnson as a “cynical and heartbroken” sleuth. And Brad Bird’s animated noir, Ray Gunn, is finally hitting Netflix after almost 30 years in development. So what’s prompted this return to darkness? Perhaps it’s a sign of the times. When Marvel first published the original Spider-Noir comic in 2009 – itself set during the Great Depression – the world was in the throes of a recession. That, it seems, is the noir rhythm: hard-boiled fiction swells in popularity at times of social strain, growing cynicism and shaken trust. When the going gets tough, the saxes start playing. Charles Ardai, who co-founded publishing house Hard Case Crime in 2004, says this cycle began with hard-boiled crime fiction’s Depression-era debut. “It emerged in the pulp magazines of the 1920s and 30s,” he says of the genre, “where it was a reaction t... [truncated, 7306 chars total - full text at data/raw/news/text/NEWS-guardian_api-8c97c6f9a7af.txt]",data/raw/news/text/NEWS-guardian_api-8c97c6f9a7af.txt
NEWS-guardian_api-8eea309d69f1,SCC-2017-05,guardian_api,local,SCC-2017-05:local,full_corpus,pending_human_review,"Clears every mechanically-checkable rule. Still requires the human pass for E4 (result leakage), the L/N relevance test (E5), E6 (Reform disambiguation, if applicable) and E8 (genuine editorial content) before it can count as eligible.",,,exclude,not_applicable,,,E5-NO-L-OR-N-RULE-MET,E6-NOT-REFORM-FLAGGED,,,The government is being accused of trying to bypass parliament with legislation giving the communities secretary executive power to allocate local government funding for services without a vote in the Commons.,,,,medium,,,,,,,,,,,Ministers move to ‘shift blame for funding cuts to local councils’,2017-02-05,88,"likely E4-CLEAR (88 days before polling day - a genuine result leak would require the DATE itself being wrong, not just a careless read; still confirm by skimming for any reference to a declared result)","The government is being accused of trying to bypass parliament with legislation giving the communities secretary executive power to allocate local government funding for services without a vote in the Commons. The move would make councils, rather than the government, directly accountable for a £5.8bn shortfall that threatens to plunge social-care services into total crisis. The local government finance bill, currently in committee stage in the Commons, abolishes the annual local government finance settlement, which is approved by parliament every year. The Department for Communities and Local Government says the change would ensure councils are more self-sufficient and accountable for funding services with business rates, 100% of which will be retained by authorities to spend on newly devolved responsibilities, such as public health, by 2020. But Labour MP Jim McMahon, the shadow local government minister, said he believed the changes were an attempt by the government to avoid scrutiny of funding shortfalls and to make councils take ownership of unpopular cuts to services such as the crisis-stricken social-care system. “They know there is no new money, and want as little scrutiny of that fact as possible, and they also know that even a 25% increase in the amount of authority funding that comes from council tax won’t be able to pay for that. I suspect we’ll see some really whopping council tax increases coming by the end of this parliament.” The Local Government Association es... [truncated, 2664 chars total - full text at data/raw/news/text/NEWS-guardian_api-8eea309d69f1.txt]",data/raw/news/text/NEWS-guardian_api-8eea309d69f1.txt
NEWS-guardian_api-9070f7eb485e,SCC-2021-05,guardian_api,local,SCC-2021-05:local,full_corpus,pending_human_review,"Clears every mechanically-checkable rule. Still requires the human pass for E4 (result leakage), the L/N relevance test (E5), E6 (Reform disambiguation, if applicable) and E8 (genuine editorial content) before it can count as eligible.",,,exclude,not_applicable,,,E5-NO-L-OR-N-RULE-MET,E6-NOT-REFORM-FLAGGED,,,"Wealthy people in the UK are buying more luxury supercars than ever before, according to Driver and Vehicle Licensing Agency figures shared with the Guardian.",,,,high,,,,,,,,,,,Wealthy people in UK still driven to splash out on supercars,2021-02-01,94,"likely E4-CLEAR (94 days before polling day - a genuine result leak would require the DATE itself being wrong, not just a careless read; still confirm by skimming for any reference to a declared result)","Wealthy people in the UK are buying more luxury supercars than ever before, according to Driver and Vehicle Licensing Agency figures shared with the Guardian. Almost 16,000 supercars – such as Ferrari, Bugatti, Aston Martin, Maserati and Koenigsegg models – were registered at UK addresses in the year to December 2019, according to figures released after a freedom of information request. They cost from hundreds of thousands to more than £1m each but concerns about the economy have done nothing to dampen enthusiasm for the trophy vehicles. The DVLA registered an increase of 12% from 14,000 in the previous year, according to the data released to the accountants UHY Hacker Young, and seen by the Guardian. The City of Westminster, which includes the central London areas of Mayfair, Knightsbridge and Belgravia, is home to 532 supercars – making it the supercar capital of the UK. The underground car park at One Hyde Park, the most expensive block of flats in the country, is thought to hold one of the highest concentration of supercars in the world. Parking spaces in the Westminster development – in which one apartment was sold for £160m – have sold for as much as £300,000 each. David Kendrick, a partner at UHY Hacker Young, said: “Despite all of the economic uncertainty around Brexit, UK celebrities, sports stars and business executives continue to snap up the latest supercars, leading to many manufacturers having lengthy waiting lists. “Out of all of the brands, Ferrari is still th... [truncated, 4908 chars total - full text at data/raw/news/text/NEWS-guardian_api-9070f7eb485e.txt]",data/raw/news/text/NEWS-guardian_api-9070f7eb485e.txt
NEWS-guardian_api-90ecff29fdfc,SCC-2017-05,guardian_api,local,SCC-2017-05:local,full_corpus,pending_human_review,"Clears every mechanically-checkable rule. Still requires the human pass for E4 (result leakage), the L/N relevance test (E5), E6 (Reform disambiguation, if applicable) and E8 (genuine editorial content) before it can count as eligible.",,,exclude,not_applicable,,,E5-NO-L-OR-N-RULE-MET,E6-NOT-REFORM-FLAGGED,,,"Black engineering graduates are less likely to find jobs than white students with lower second or third class degrees, according to a report that reveals stark inequalities within the profession.",,,,high,,,,,,,,,,,Engineering's stark racial inequalities revealed by report,2016-12-26,129,"likely E4-CLEAR (129 days before polling day - a genuine result leak would require the DATE itself being wrong, not just a careless read; still confirm by skimming for any reference to a declared result)","Black engineering graduates are less likely to find jobs than white students with lower second or third class degrees, according to a report that reveals stark inequalities within the profession. The review, by the Royal Academy of Engineering (RAEng), found that being black or minority ethnic was a bigger obstacle to employment than any other factor considered, including degree classification, attending a less prestigious university or gender. Bola Fatimilehin, the academy’s head of diversity, said an old boys’ network approach to recruitment and unconscious biases were contributing to the challenges faced by non-white students. “There is a certain amount of stereotyping of who can be an engineer and what talent looks like,” she said. “A lot of people fall into the mode of thinking that there aren’t a lot of black engineers because [black people] are not interested in it.” The analysis found that 71% of white engineering graduates were in full-time jobs within six months of leaving university, compared with just 52% of Asian students and 46% of black students. When gender, age, class of degree and type of institution were taken into account, black and Asian graduates were more than twice as likely to be unemployed as their white counterparts. The figures highlight an apparent paradox in which government and industry leaders have consistently pointed to a national shortage of engineers, while a high proportion of black and ethnic minority graduates are failing to find jobs. I... [truncated, 5535 chars total - full text at data/raw/news/text/NEWS-guardian_api-90ecff29fdfc.txt]",data/raw/news/text/NEWS-guardian_api-90ecff29fdfc.txt
NEWS-guardian_api-91431c6c7940,SCC-2021-05,guardian_api,local,SCC-2021-05:local,full_corpus,pending_human_review,"Clears every mechanically-checkable rule. Still requires the human pass for E4 (result leakage), the L/N relevance test (E5), E6 (Reform disambiguation, if applicable) and E8 (genuine editorial content) before it can count as eligible.",,,include,not_applicable,,,E5-L1-PLACE,E6-NOT-REFORM-FLAGGED,,,"In the Surrey town of Weybridge in the borough of Elmbridge, there is anger, suspicion and no little nervousness.",,,,medium,,,,,,,,,,,Surrey tree cutter: residents horrified by ‘mindless vandalism’,2021-04-21,15,"likely E4-CLEAR (15 days before polling day - a genuine result leak would require the DATE itself being wrong, not just a careless read; still confirm by skimming for any reference to a declared result)","In the Surrey town of Weybridge in the borough of Elmbridge, there is anger, suspicion and no little nervousness. A mystery tree-feller, who has in recent weeks taken a chainsaw to trees in the area under cover of darkness, has returned to launch another destructive spree. “This person is playing a game with us,” said Cameron Flynn, 21, who set up the Facebook group Elmbridge Tree Patrol, which has logged almost 50 incidents of trees being felled, their branches left strewn across roads, paths and in the river. Yet, despite late-night patrols and hours spent trawling CCTV footage and using number plate recognition technology, police are still no nearer to identifying the perpetrator or perpetrators. “We have followed up on a number of leads given by the community, but still there are insufficient grounds to identify a suspect,” Surrey police said in a statement. Flynn, a catering student from Weybridge, said: “Whoever it is, they had a break for a week. But, now they are back, and chopping more down.” Among the first attacked were trees on the Thames path between Weybridge and Walton-on-Thames, and in Cobham. Then things went quiet. But the lumberjack returned last weekend, seemingly more confident and audacious than before. Among eight trees felled on Saturday and Sunday were two in a quiet residential street – a hawthorn and a cherry tree just bursting into blossom. “We heard absolutely nothing, and we were all up,” said Rachel Taylor, 49, a healer who lives near the trees ... [truncated, 4715 chars total - full text at data/raw/news/text/NEWS-guardian_api-91431c6c7940.txt]",data/raw/news/text/NEWS-guardian_api-91431c6c7940.txt
NEWS-guardian_api-938d89e5d5df,SCC-2021-05,guardian_api,local,SCC-2021-05:local,full_corpus,pending_human_review,"Clears every mechanically-checkable rule. Still requires the human pass for E4 (result leakage), the L/N relevance test (E5), E6 (Reform disambiguation, if applicable) and E8 (genuine editorial content) before it can count as eligible.",,,exclude,not_applicable,,,E5-NO-L-OR-N-RULE-MET,E6-NOT-REFORM-FLAGGED,,,Thank you all for following along for tonights latest developments!,,,,high,,,,,,,,,,,UK to ban travel from South Africa over new variant; Canada approves Moderna vaccine - as it happened,2020-12-22,135,"likely E4-CLEAR (135 days before polling day - a genuine result leak would require the DATE itself being wrong, not just a careless read; still confirm by skimming for any reference to a declared result)","Thank you all for following along for tonights latest developments! You can keep up with the Guardian’s coverage of Covid-19 through our coronavirus keyword tag, but that’s it from me, Edna Mohamed. Victoria has recorded its 55th straight day without a locally acquired Covid-19 case, reports AAP. There are currently 10 active cases in the state with 19,229 tests processed in the past 24 hours. But Victoria’s border will remain closed to NSW over Christmas following Sydney’s northern beaches outbreak. On Wednesday, the infection cluster grew to 97 cases. Canada becomes the second country to approve the Moderna vaccine for deployment. The Canadian government is also set to extend its ban on incoming commercial and passenger flights from Britain until January 6. The Treasury announces an additional £800m in coronavirus funding to the UK’s devolved nations. The fund will be split into £400m for the Scottish government, £200m for the Welsh government and £200m for the Northern Ireland executive. France has registered 14,929 new Covid cases and 276 more deaths in the last 24 hours, according to French healthcare data. Sinovac Biotech’s Covid-19 vaccine is reported to be 50% effective in late-stage trials, according to the newspaper Folha de S.Paulo on Wednesday. Peru is set to receive a “significant batch” of vaccines from the Covax alliance during the first quarter in 2021. The Covax global alliance was designed to help secure Covid-19 vaccines to poor and middle-income countries.... [truncated, 103112 chars total - full text at data/raw/news/text/NEWS-guardian_api-938d89e5d5df.txt]",data/raw/news/text/NEWS-guardian_api-938d89e5d5df.txt
NEWS-guardian_api-93c1208e519c,ESWS-2026-05,guardian_api,local,ESWS-2026-05:local|reform,full_corpus,pending_human_review,"Clears every mechanically-checkable rule. Still requires the human pass for E4 (result leakage), the L/N relevance test (E5), E6 (Reform disambiguation, if applicable) and E8 (genuine editorial content) before it can count as eligible. This record also matched a Reform-related query - E6 manual disambiguation is mandatory before inclusion (protocol requirement, not optional).",yes,,exclude,,,,E5-NO-L-OR-N-RULE-MET,,,,Diners were tucking into their upmarket Indian lunch when the Ice agents slid through the restaurant’s back fence.,,,,medium,,,,,,,,,,,"‘They singled out non-white, foreign-born workers’: the restaurants raided by Britain’s version of ICE ",2026-03-24,44,"likely E4-CLEAR (44 days before polling day - a genuine result leak would require the DATE itself being wrong, not just a careless read; still confirm by skimming for any reference to a declared result)","Diners were tucking into their upmarket Indian lunch when the Ice agents slid through the restaurant’s back fence. Clad in stab vests, the 11-strong unit blocked off every entrance before moving in on their target: Mandira’s Kitchen. This wasn’t a scene from California or Texas. It happened near Guildford, England, among the rolling Surrey Hills. Before the Home Office’s immigration compliance and enforcement (Ice) officers stormed the restaurant in September, they came up with a codeword in the event they were attacked with any weapons that might be at hand in a kitchen. What they found were customers eating biryani and samosas in a converted barn decorated with plants and a rickshaw bicycle hanging from the ceiling. When they reached the kitchen, they found five junior members of staff cooking. The officers demanded to see their passports. “They didn’t explain. They didn’t ask for permission,” says the restaurant’s owner, Mandira Moitra Sarkar. That 11 officers could burst into her business with no warrant and question staff is “astounding”, she says. Moitra Sarkar was on holiday in Tanzania when Ice arrived; she was notified by a frantic call from a member of staff. Moitra Sarkar made her name in the restaurant industry after being lauded by culinary giants including Nigella Lawson and Jamie Oliver. Her prepared dishes, which can be bought online for home delivery, were featured on a Channel 4 competition to find the country’s best ready meals for Aldi. But this wasn’t eno... [truncated, 14718 chars total - full text at data/raw/news/text/NEWS-guardian_api-93c1208e519c.txt]",data/raw/news/text/NEWS-guardian_api-93c1208e519c.txt
NEWS-guardian_api-9550f5ef05f0,SCC-2013-05,guardian_api,local,SCC-2013-05:local,full_corpus,pending_human_review,"Clears every mechanically-checkable rule. Still requires the human pass for E4 (result leakage), the L/N relevance test (E5), E6 (Reform disambiguation, if applicable) and E8 (genuine editorial content) before it can count as eligible.",,,exclude,not_applicable,,,E5-NO-L-OR-N-RULE-MET,E6-NOT-REFORM-FLAGGED,,,"I welcome Peter Fahy's acknowledgment of the diversity crisis in the police (Report, 28 January).",,,,high,,,,,,,,,,,Letters: Spur to success,2013-01-29,93,"likely E4-CLEAR (93 days before polling day - a genuine result leak would require the DATE itself being wrong, not just a careless read; still confirm by skimming for any reference to a declared result)","I welcome Peter Fahy's acknowledgment of the diversity crisis in the police (Report, 28 January). The latest census shows 14% of the UK is now black and minority ethnic. It is unacceptable that only 5% of police are from these communities. However, chief constables now have the power to make appointments to their forces. We don't need a change in legislation, but a change in attitude from the top. Our inquiry into leadership and standards in the police will be looking closely at this issue. Keith Vaz MP Chairman, home affairs select committee • You have to hand it to David Cameron, managing director, Britain plc. He develops a new product for an election in the home market called Broken Britain and now proceeds to roll it out across the EU, starting with Romania and Bulgaria. I see a Queen's Award for Enterprise coming his way (Romanian or Bulgarian? You won't like it here, 28 January). Chris Hodgkins London • Aung San Suu Kyi is not the first person to select music they had not heard as one of their Desert Island Discs (Report, 28 January). In keeping with his insatiable curiosity about music, John Peel did too. He asked to be surprised with some new music for one of his selections and was rewarded with a Conlon Nancarrow player-piano piece. He liked it and asked to keep the CD. Ian Simmons Monkseaton, Tyne &amp; Wear • What a great idea that because Hilary Mantel has won so many book awards already, she should lose the Costa to give lesser authors a chance (Comment, 28 Janu... [truncated, 1948 chars total - full text at data/raw/news/text/NEWS-guardian_api-9550f5ef05f0.txt]",data/raw/news/text/NEWS-guardian_api-9550f5ef05f0.txt
NEWS-guardian_api-96276f14a93f,SCC-2017-05,guardian_api,local,SCC-2017-05:local,full_corpus,pending_human_review,"Clears every mechanically-checkable rule. Still requires the human pass for E4 (result leakage), the L/N relevance test (E5), E6 (Reform disambiguation, if applicable) and E8 (genuine editorial content) before it can count as eligible.",,,exclude,not_applicable,,,E5-NO-L-OR-N-RULE-MET,E6-NOT-REFORM-FLAGGED,,,"The election for a new general secretary of the ASCL, one of the two main headteacher organisations, is fascinating for those of us who like reading the education runes.",,,,high,,,,,,,,,,,Anti-academy head squares up to establishment elite in union election | Fiona Millar,2017-01-10,114,"likely E4-CLEAR (114 days before polling day - a genuine result leak would require the DATE itself being wrong, not just a careless read; still confirm by skimming for any reference to a declared result)","The election for a new general secretary of the ASCL, one of the two main headteacher organisations, is fascinating for those of us who like reading the education runes. With almost 18,000 members – heads and other senior secondary leaders across the UK – the Association of School and College Leaders has enormous potential clout. It is now in the throes of a contest between two candidates whose personal and professional backgrounds seem to illustrate the fault lines in current policy debate. The previous general secretary, Brian Lightman, left abruptly and somewhat mysteriously almost a year ago amid rumours of a dispute about how to respond to government policy. The ASCL’s recruitment process allows for a nomination committee of nine members of its ruling council to come up with a preferred successor. They seem to have found a candidate who is accomplished and experienced, but who could have been provided by Department for Education central casting. Chris Kirk is a consultant and former civil servant who worked for the international profit-making education company Gems and is now with an academy chain, but has never been a head. His appointment would normally be a done deal but, to fulfil the organisation’s obligations under trade union legislation, the selection process allows for nominations from the association’s membership, with a potential challenger needing to win the support of at least 75 members from 10 different branches. Geoff Barton, a Suffolk headteacher well kn... [truncated, 5481 chars total - full text at data/raw/news/text/NEWS-guardian_api-96276f14a93f.txt]",data/raw/news/text/NEWS-guardian_api-96276f14a93f.txt
NEWS-guardian_api-963c32c09d7d,ESWS-2026-05,guardian_api,local,ESWS-2026-05:local|reform,full_corpus,pending_human_review,"Clears every mechanically-checkable rule. Still requires the human pass for E4 (result leakage), the L/N relevance test (E5), E6 (Reform disambiguation, if applicable) and E8 (genuine editorial content) before it can count as eligible. This record also matched a Reform-related query - E6 manual disambiguation is mandatory before inclusion (protocol requirement, not optional).",yes,,exclude,,,,E5-NO-L-OR-N-RULE-MET,,,,Being forced to abandon plans to delay local elections in England with fewer than three months’ notice is not just another policy U-turn by the government.,,,,medium,,,,,,,,,,,"The Guardian view on local government elections: fix the system, not the timetable | Editorial",2026-02-17,79,"likely E4-CLEAR (79 days before polling day - a genuine result leak would require the DATE itself being wrong, not just a careless read; still confirm by skimming for any reference to a declared result)","Being forced to abandon plans to delay local elections in England with fewer than three months’ notice is not just another policy U-turn by the government. It brings to a head issues of aptitude and judgment. The rationale seemed sound: avoid electing councillors to bodies that would be abolished under Labour’s reorganisation of local government. The political problem was that 21 of the 30 councils were Labour-led. That created a perception – fair or not – of democratic manipulation. The elections should have gone ahead. The Electoral Commission last December warned of “unprecedented” uncertainty around them. The commission was clear: “Scheduled elections should as a rule go ahead as planned, and only be postponed in exceptional circumstances.” Changing course late in the day puts their smooth running at risk and piles pressure on staff. In defending their decision last month before retreating on Monday, ministers look unprepared and out of their depth. Even worse, Labour reverse-ferreted after a legal challenge from Nigel Farage. He has taken to the airwaves to crow. Sir Keir Starmer has U-turned so often that even his own side is starting to doubt his authority. Labour’s plans to postpone elections were made to look like a stitch-up to keep it in control of councils. Whether justified or not, such a perception was fertile ground for Reform. The opposition that really ought to worry the prime minister is in his party’s ranks. Labour MPs fear a damaging narrative taking hold.... [truncated, 3686 chars total - full text at data/raw/news/text/NEWS-guardian_api-963c32c09d7d.txt]",data/raw/news/text/NEWS-guardian_api-963c32c09d7d.txt
NEWS-guardian_api-96ae8ea70912,ESWS-2026-05,guardian_api,local,ESWS-2026-05:local,full_corpus,pending_human_review,"Clears every mechanically-checkable rule. Still requires the human pass for E4 (result leakage), the L/N relevance test (E5), E6 (Reform disambiguation, if applicable) and E8 (genuine editorial content) before it can count as eligible.",,,needs_second_review,not_applicable,,,E5-BORDERLINE-PLACE-MENTION,E6-NOT-REFORM-FLAGGED,,,"The key question then becomes: “Who is being protected and from what?” Sally Bean Weybridge, Surrey • More than 62% of the members voted against calling the new party Your Party, and yet that is its name (Your Party members vote to make name permanent at charged first conference, 30 November).",,,,,,,,,,,,,,,Who will lose out when Labour cuts red tape? | Brief letters,2025-12-03,155,"likely E4-CLEAR (155 days before polling day - a genuine result leak would require the DATE itself being wrong, not just a careless read; still confirm by skimming for any reference to a declared result)","Keir Starmer wants to sweep away “unnecessary” regulation to promote growth, but fails to say how the government will decide what regulation is necessary (There are those on the left and right who offer only grievance: Labour is getting on with the job of economic renewal, 30 November). He is adopting the market viewpoint rather than that of the public. The cognitive linguist George Lakoff argues that regulations should be reframed as protections rather than burdens. The key question then becomes: “Who is being protected and from what?” Sally Bean Weybridge, Surrey • More than 62% of the members voted against calling the new party Your Party, and yet that is its name (Your Party members vote to make name permanent at charged first conference, 30 November). It reminds me of the general election, where more than 60% of voters voted for a party other than the one that won a massive majority. Funny old democracy. Deirdre Burrell Mortimer, Berkshire • “Pork is the ‘new beef’” you report (Chop and change: pork is ‘new beef’ for money-saving Britons, report finds, 3 December), without mentioning the real reason why pork trumps beef – crackling. A rack of slow-roasted pork loin is difficult to beat. Robert Howard Beeston, Nottinghamshire • Inaptly named places (Letters, 2 December)? Here in Norfolk there is a Nowhere Lane, which is a bit of a contradiction as it obviously is somewhere. Tony Meacock Norwich • On the outskirts of a nearby village was an abattoir whose address began “Ki... [truncated, 1747 chars total - full text at data/raw/news/text/NEWS-guardian_api-96ae8ea70912.txt]",data/raw/news/text/NEWS-guardian_api-96ae8ea70912.txt
NEWS-guardian_api-9756ce018c0b,SCC-2013-05,guardian_api,local,SCC-2013-05:local,full_corpus,pending_human_review,"Clears every mechanically-checkable rule. Still requires the human pass for E4 (result leakage), the L/N relevance test (E5), E6 (Reform disambiguation, if applicable) and E8 (genuine editorial content) before it can count as eligible.",,,exclude,not_applicable,,,E5-NO-L-OR-N-RULE-MET,E6-NOT-REFORM-FLAGGED,,,I was pleased to see opposing points of view regarding alternative therapies in your doctors feature.,,,,high,,,,,,,,,,,Your view | Guardian Weekend readers' letters,2013-01-26,96,"likely E4-CLEAR (96 days before polling day - a genuine result leak would require the DATE itself being wrong, not just a careless read; still confirm by skimming for any reference to a declared result)","I was pleased to see opposing points of view regarding alternative therapies in your doctors feature. This interesting and informative read is a good reminder that one doctor's opinion is not gospel. Ebonee Gregory Bromley Max Pemberton is right about the need to ensure that counsellors are properly trained and qualified, but it's not true to suggest that only those working in the NHS are trained to a high standard. Many graduates of courses we accredit go on to work in the NHS, but many do not. There is no difference in their training. Gary Fereday Chief executive, British Psychoanalytic Council, London N19 Multiple symptoms are not a ""sure"" sign of hypochondria, as doctors with a basic acquaintance with the protean manifestations of autoimmune diseases should know. But thanks for explaining why it's taken more than five years for me to get a diagnosis. Name and address withheld I chose not to let my asthmatic daughter have the flu jab for the same reason as Stephen Leslie, and was made to feel a useless mother for it by the medical profession. She is now 17 and applying to medical school. I wonder what her view will be after five years of training. Deborah Carson Rochester, Kent I was appalled to see you publicise the well-known YouTube/Oprah case of Jani Schofield and so contribute to the violation of this child's rights. In printing an extract from her father's book, you also feed into the myths and stereotypes surrounding symptoms of this disorder. Did it not occur to yo... [truncated, 3566 chars total - full text at data/raw/news/text/NEWS-guardian_api-9756ce018c0b.txt]",data/raw/news/text/NEWS-guardian_api-9756ce018c0b.txt
NEWS-guardian_api-9867668264c8,SCC-2013-05,guardian_api,local,SCC-2013-05:local,full_corpus,pending_human_review,"Clears every mechanically-checkable rule. Still requires the human pass for E4 (result leakage), the L/N relevance test (E5), E6 (Reform disambiguation, if applicable) and E8 (genuine editorial content) before it can count as eligible.",,,exclude,not_applicable,,,E5-NO-L-OR-N-RULE-MET,E6-NOT-REFORM-FLAGGED,,,Kazia Knight is the chairwoman of Friends of Sandringham Park in Wetherby.,,,,high,,,,,,,,,,,Advice on cutting through red tape,2013-02-21,70,"likely E4-CLEAR (70 days before polling day - a genuine result leak would require the DATE itself being wrong, not just a careless read; still confirm by skimming for any reference to a declared result)","Kazia Knight is the chairwoman of Friends of Sandringham Park in Wetherby. After two years of cutting through the red tape created by two governing authorities, she gives her advice. Get organised for your risk assessment Download a risk assessment template, fill it in and save it. This will provide you with the information you need to look at what risks there are. This can be used every time a risk assessment form is needed. Just remember to keep it updated. This template brings together your risk assessment, your health and safety policy, and your record of health and safety arrangements into one document to help you get started and save time. If you already have a health and safety policy, you may choose to simply complete the risk assessment part of the template. The templates are easy to find and they are not hard to fill in. Once you have this document, whenever an authority or organisation asks for one, you will have one ready to send. Sandringham Park is governed by two authorities, which means that our work is often fraught with red tape difficulties, especially around health and safety, with each authority trying to shift the responsibility to the other. When we wanted to set up fun days in the park, we faced a raft of regulations and confusion from both councils. Do your research first Use the most effective tool – Google. From the comfort of your home you will have access to a huge amount of information. Firstly, look at the website of the organisation or local au... [truncated, 5560 chars total - full text at data/raw/news/text/NEWS-guardian_api-9867668264c8.txt]",data/raw/news/text/NEWS-guardian_api-9867668264c8.txt
NEWS-guardian_api-99abd7c6f036,SCC-2013-05,guardian_api,local,SCC-2013-05:local,full_corpus,pending_human_review,"Clears every mechanically-checkable rule. Still requires the human pass for E4 (result leakage), the L/N relevance test (E5), E6 (Reform disambiguation, if applicable) and E8 (genuine editorial content) before it can count as eligible.",,,needs_second_review,not_applicable,,,E5-BORDERLINE-PLACE-MENTION,E6-NOT-REFORM-FLAGGED,,,"Sergei Cristo Royal Earlswood Park, Surrey",,,,,,,,,,,,,,,Letters: Tory connections,2012-12-11,142,"likely E4-CLEAR (142 days before polling day - a genuine result leak would require the DATE itself being wrong, not just a careless read; still confirm by skimming for any reference to a declared result)","Robert Walter MP, leader of the UK delegation in the Council of Europe (Letters, December 11) refers to a recent report (Tory blushes deepen over activities of Conservative Friends of Russia, 1 December) as apparently saying that both Sergey Nalobin, a Russian diplomat in London, and I were instructed to build on the existing partnership between the Conservatives and Putin's United Russia party in the Council of Europe. Thankfully, the Russian government is in no position to instruct me because I am a Conservative activist, not a Russian diplomat. Neither am I a Russian citizen. In fact, I raised my concerns about Moscow's plans within the Conservative party, as your excellent article makes clear. Perhaps it's because of such failure to pay attention to detail and to distinguish between friend and foe that Conservatives still vote in the Council of Europe together with United Russia, a party at the centre of vote-rigging allegations in its own country. Sergei Cristo Royal Earlswood Park, Surrey",data/raw/news/text/NEWS-guardian_api-99abd7c6f036.txt
NEWS-guardian_api-99f14c3535fe,SCC-2021-05,guardian_api,local,SCC-2021-05:local,full_corpus,pending_human_review,"Clears every mechanically-checkable rule. Still requires the human pass for E4 (result leakage), the L/N relevance test (E5), E6 (Reform disambiguation, if applicable) and E8 (genuine editorial content) before it can count as eligible.",,,needs_second_review,not_applicable,,,E5-BORDERLINE-PLACE-MENTION,E6-NOT-REFORM-FLAGGED,,,"Instead, the health secretary said, another 3.7m people in parts of southern and eastern England were moved up to tier 3, covering Bedfordshire, Buckinghamshire, Berkshire, Peterborough, the whole of Hertfordshire, Surrey with the exception of Waverley, ...",,,,,,,,,,,,,,,Large parts of south and east England move to Covid tier 3 as Bristol rules eased,2020-12-17,140,"likely E4-CLEAR (140 days before polling day - a genuine result leak would require the DATE itself being wrong, not just a careless read; still confirm by skimming for any reference to a declared result)","More than two-thirds of England faces winter under the toughest level of coronavirus restrictions after large sections of the south and east were put into tier 3, prompting anguish from local leaders. Mayors and MPs from the north expressed disappointment after none of their regions were moved down, with some complaining they were being unfairly treated. However, some public health chiefs took a different view, with one expressing dismay that Herefordshire had been shifted to the least stringent measures. Asked if she was pleased about the move to tier 1, Rebecca Howell-Jones, acting director of public health in Herefordshire, said: “From a public health perspective, I would have to say no, we are disappointed by this news.” Much of a recent decrease in infection rates was seemingly due to England’s four-week lockdown rather than the subsequent restrictions, she said, telling the BBC: “I would rather we weren’t yo-yoing out of different tiers and the likely impact of increased infections occurring over the Christmas period is a concern.” With weekly Public Health England data showing coronavirus case rates rising in all but one region of England, Matt Hancock told MPs that only a handful of areas were being moved down a tier. Instead, the health secretary said, another 3.7m people in parts of southern and eastern England were moved up to tier 3, covering Bedfordshire, Buckinghamshire, Berkshire, Peterborough, the whole of Hertfordshire, Surrey with the exception of Waverley, ... [truncated, 4362 chars total - full text at data/raw/news/text/NEWS-guardian_api-99f14c3535fe.txt]",data/raw/news/text/NEWS-guardian_api-99f14c3535fe.txt
NEWS-guardian_api-9a8986403520,SCC-2021-05,guardian_api,local,SCC-2021-05:local,full_corpus,pending_human_review,"Clears every mechanically-checkable rule. Still requires the human pass for E4 (result leakage), the L/N relevance test (E5), E6 (Reform disambiguation, if applicable) and E8 (genuine editorial content) before it can count as eligible.",,,exclude,not_applicable,,,E5-NO-L-OR-N-RULE-MET,E6-NOT-REFORM-FLAGGED,,,I find myself in disagreement with the Guardian’s editorial where it argues that Keir Starmer is “right to back the deal”.,,,,high,,,,,,,,,,,Brexit deal is a rubbish gift for a gullible public | Letters,2020-12-27,130,"likely E4-CLEAR (130 days before polling day - a genuine result leak would require the DATE itself being wrong, not just a careless read; still confirm by skimming for any reference to a declared result)","I find myself in disagreement with the Guardian’s editorial where it argues that Keir Starmer is “right to back the deal”. Under its last leader, Labour failed the British people by not wholeheartedly opposing Brexit. Had Jeremy Corbyn mustered the commitment to lead the remain cause, Labour might well not have lost anything like the 50-odd leave seats it did in the last election. Labour is, thankfully, under new management and we know where the hearts of Keir Starmer, Anneliese Dodds and Emily Thornberry lie. They are Europeans, through and through. They must now have the courage of their convictions. They know that Brexit is fuelled by dubious money, dodgy argument, a focus on spurious “sovereignty” and elements of racism. A comparison of the speeches of Ursula von der Leyen and Boris Johnson summed up why Christmas Eve was such a shaming day. Von der Leyen spoke with feeling, vision and deep seriousness, Johnson with his usual silliness. Britain needs to repair the damage as soon as it can. It needs to rejoin the EU at the first opportunity, and Labour must make the case unequivocally. It must begin by abstaining in the vote on what must be seen as solely a Tory deal. David Curtis Solihull, West Midlands • The erection of a virtual border in the Irish Sea has been presented as an administrative matter of interest only to those trading between Great Britain and Ireland. But for one section of UK citizens it goes much further. Pet owners wanting to travel between Northern Ir... [truncated, 4883 chars total - full text at data/raw/news/text/NEWS-guardian_api-9a8986403520.txt]",data/raw/news/text/NEWS-guardian_api-9a8986403520.txt
NEWS-guardian_api-9b1817415db3,SCC-2017-05,guardian_api,local,SCC-2017-05:local,full_corpus,pending_human_review,"Clears every mechanically-checkable rule. Still requires the human pass for E4 (result leakage), the L/N relevance test (E5), E6 (Reform disambiguation, if applicable) and E8 (genuine editorial content) before it can count as eligible.",,,exclude,not_applicable,,,E5-NO-L-OR-N-RULE-MET,E6-NOT-REFORM-FLAGGED,,,"Now, you should know how I feel about modern art.",,,,high,,,,,,,,,,,"Bob and Roberta’s Excellent Protest Adventure review – all slogans, no substance",2016-11-18,167,"likely E4-CLEAR (167 days before polling day - a genuine result leak would require the DATE itself being wrong, not just a careless read; still confirm by skimming for any reference to a declared result)","Now, you should know how I feel about modern art. I feel as Jack Donaghy in 30 Rock feels. Art is paintings of horses or paintings of ships, and anything else can GTFO. You should also know, before we begin this review of a modern artist’s programme about the history and effectiveness of public protest, that I feel protest requires a basic belief in the goodness of people and the capacity for change and progress. In my current mood, therefore, as I watch the US’s first black president trying to steel himself to hand over leadership of the free world to a man endorsed by the Ku Klux Klan, I feel that it – along with every other solitary thing in this entire godforsaken world – is a little pointless. Except, of course, many would say Donald Trump’s election was the result of a protest vote. Ditto Brexit. But this was not a programme interested in complexities, and so we must move, as it did, swiftly on. My point is that it is possible that I approached Bob and Roberta’s Excellent Protest Adventure (BBC4) in the wrong mood, in need of something no programme could deliver. But this uneven, underdeveloped, scattergun look at the phenomenon might have been quite an irritating hour in even the most cheerful of circumstances. Bob and Roberta Smith (real name Patrick Brill) is a lifelong protester and known for his slogan art (brightly painted, unmemorable phrases, such as “We’ve only got each other” done on placards made from scrap timber). In the 2015 general election, he stood agai... [truncated, 4305 chars total - full text at data/raw/news/text/NEWS-guardian_api-9b1817415db3.txt]",data/raw/news/text/NEWS-guardian_api-9b1817415db3.txt
NEWS-guardian_api-9c670e73f214,SCC-2017-05,guardian_api,local,SCC-2017-05:local,full_corpus,pending_human_review,"Clears every mechanically-checkable rule. Still requires the human pass for E4 (result leakage), the L/N relevance test (E5), E6 (Reform disambiguation, if applicable) and E8 (genuine editorial content) before it can count as eligible.",,,exclude,not_applicable,,,E5-NO-L-OR-N-RULE-MET,E6-NOT-REFORM-FLAGGED,,,Millwall have described themselves as “deeply concerned” over Lewisham Council’s failure to formally make clear its position in regards to the compulsory purchase order that has threatened the club’s existence.,,,,high,,,,,,,,,,,Millwall criticise Lewisham Council for failing to clarify CPO position,2017-02-03,90,"likely E4-CLEAR (90 days before polling day - a genuine result leak would require the DATE itself being wrong, not just a careless read; still confirm by skimming for any reference to a declared result)","Millwall have described themselves as “deeply concerned” over Lewisham Council’s failure to formally make clear its position in regards to the compulsory purchase order that has threatened the club’s existence. It was announced on 25 January that the plan to evict the club from their land around The Den had been abandoned after months of public pressure and a media campaign, led by the Guardian’s Barney Ronay. Lewisham’s mayor, Sir Steve Bullock, said in a statement the CPO on Millwall’s land “should not proceed”. Yet at a council meeting six days later the order was said to have been postponed and not cancelled, according to a statement released by Millwall on Friday. It read: “Millwall Football Club is deeply concerned the council has yet to clarify formally what its position is on the CPO process. At its meeting on 31 January, the Overview and Scrutiny Business Panel discussed the fact that the CPO appears to be merely postponed and that it remains the mayor and cabinet’s intention to bring back a fresh CPO plan in due course. “We also have grave concerns that the investigation that the council says it will undertake into the funding of the Surrey Canal Sports Foundation and related matters will not be adequately independent nor transparent. It needs to look at the full background to the New Bermondsey scheme, the role of the council along with its close ties to [developers] Renewal and finally the misleading information that has been put in the public domain about Energiz... [truncated, 3338 chars total - full text at data/raw/news/text/NEWS-guardian_api-9c670e73f214.txt]",data/raw/news/text/NEWS-guardian_api-9c670e73f214.txt
NEWS-guardian_api-9c92803e17ea,SCC-2013-05,guardian_api,local,SCC-2013-05:local,full_corpus,pending_human_review,"Clears every mechanically-checkable rule. Still requires the human pass for E4 (result leakage), the L/N relevance test (E5), E6 (Reform disambiguation, if applicable) and E8 (genuine editorial content) before it can count as eligible.",,,exclude,not_applicable,,,E5-NO-L-OR-N-RULE-MET,E6-NOT-REFORM-FLAGGED,,,I have a strong sense of deja vu.,,,,medium,,,,,,,,,,,The hidden truth of local cuts will soon be revealed | David Blunkett,2012-12-27,126,"likely E4-CLEAR (126 days before polling day - a genuine result leak would require the DATE itself being wrong, not just a careless read; still confirm by skimming for any reference to a declared result)","I have a strong sense of deja vu. Thirty years ago a campaign was launched across the UK to combat the major cuts and the cap on raising local revenue initiated by the Conservative government. All those years ago, I was leader of Sheffield city council – the fourth largest authority in Britain – and chair of the local government campaign unit. We were determined to take on Margaret Thatcher's draconian cuts to local government spending and to challenge the threat to a free, pluralistic, local democracy that they posed. Today we are seeing even deeper cuts to local authority funding and a similar threat to local democracy, but the revolutionary fervour, sadly, does not exist. Instead, we have a coalition government that puts up the junior Liberal Democrat minister in the Department for Communities and Local Government to tell Radio 4 just before Christmas that ""many people will be surprised at the announcement"" of further cuts to council funding. He hoped we would be pleasantly surprised. Those who understand local government finance and its consequences were indeed surprised at the audacity of the secretary of state responsible. Eric Pickles. leader of Bradford for a short period of time at the tail end of the Thatcher era, is not the fool he presents himself to be. He is thoughtful and educated, and understands perfectly well the fallout of his decisions. Where the media bothered to report the news at all, headlines talked about a 1.7% cut. However, those who knew what they ... [truncated, 5008 chars total - full text at data/raw/news/text/NEWS-guardian_api-9c92803e17ea.txt]",data/raw/news/text/NEWS-guardian_api-9c92803e17ea.txt
NEWS-guardian_api-9d9eba84cdd9,ESWS-2026-05,guardian_api,local,ESWS-2026-05:local|reform,full_corpus,pending_human_review,"Clears every mechanically-checkable rule. Still requires the human pass for E4 (result leakage), the L/N relevance test (E5), E6 (Reform disambiguation, if applicable) and E8 (genuine editorial content) before it can count as eligible. This record also matched a Reform-related query - E6 manual disambiguation is mandatory before inclusion (protocol requirement, not optional).",yes,,exclude,,,,E5-NO-L-OR-N-RULE-MET,,,,"Keir Starmer will “absolutely” be prime minister next Christmas, the chair of the Labour party, Anna Turley, told Sky News, with many backbenchers believing a leadership challenge will happen after what is predicted to be a disastrous round of election results for Labour in May to the Scottish and Welsh parliaments and English councils.",,,,high,,,,,,,,,,,"Starmer will ‘absolutely’ still be prime minister by next Christmas, says Labour chair – as it happened",2025-12-21,137,"likely E4-CLEAR (137 days before polling day - a genuine result leak would require the DATE itself being wrong, not just a careless read; still confirm by skimming for any reference to a declared result)","Keir Starmer will “absolutely” be prime minister next Christmas, the chair of the Labour party, Anna Turley, told Sky News, with many backbenchers believing a leadership challenge will happen after what is predicted to be a disastrous round of election results for Labour in May to the Scottish and Welsh parliaments and English councils. The health secretary, Wes Streeting, said the NHS is “coping” with resident doctors’ strikes but admitted he is worried about its recovery in the days after it ends on Monday. In a wide-ranging interview in the Observer, Streeting, who is considered a top contender to be the next Labour leader, also insisted Starmer has his “absolute support” as he shrugged off suggestions of a joint leadership ticket with Angela Rayner. The Tory deputy chair, Matt Vickers, said that, despite projections to the contrary, the Conservatives were going to “smash” the upcoming elections – and said his party does not need to enter into an electoral pact with Reform. The justice secretary, David Lammy, is under increasing pressure to meet the lawyers of the Palestine Action-affiliated remand prisoners now on hunger strike, amid increasing fears for their health. More than 60% of parents who had their child benefit stopped by HMRC using incorrect Home Office travel data were not fraudulently claiming the support from abroad, the government admitted. Thanks for joining us. We are closing this blog now. You can find all our latest coverage of UK politics here. Severin ... [truncated, 17052 chars total - full text at data/raw/news/text/NEWS-guardian_api-9d9eba84cdd9.txt]",data/raw/news/text/NEWS-guardian_api-9d9eba84cdd9.txt
NEWS-guardian_api-9f5d941bc5b2,SCC-2017-05,guardian_api,local,SCC-2017-05:local,full_corpus,pending_human_review,"Clears every mechanically-checkable rule. Still requires the human pass for E4 (result leakage), the L/N relevance test (E5), E6 (Reform disambiguation, if applicable) and E8 (genuine editorial content) before it can count as eligible.",,,include,not_applicable,,,E5-L4-COUNTY-WIDE,E6-NOT-REFORM-FLAGGED,,,The people of Surrey have been invited to show the rest of Britain what they are made of.,,,,high,,,,,,,,,,,The war on austerity has begun … in Surrey | Deborah Orr,2017-01-20,104,"likely E4-CLEAR (104 days before polling day - a genuine result leak would require the DATE itself being wrong, not just a careless read; still confirm by skimming for any reference to a declared result)","The people of Surrey have been invited to show the rest of Britain what they are made of. Sugar? Spice? All things nice? Either way, the leader of the county’s Conservative council, David Hodge, has done something politically bold and worthy of national attention. Hodge has announced that, owing to cuts in central government funding, he wishes to raise council tax by 15%, to pay for social care. This is despite having made £450m in savings from Surrey’s annual budget. To do this, however, because the government has capped council tax increases at just 5%, he would have to win a local referendum. The cynical view is that Hodge knows he won’t win, and is covering his back before proceeding with horrible cuts. He claims to be particularly concerned about children’s services, adult social care and support for people with learning disabilities. Who in Surrey is going to be massively vociferous in claiming lack of concern when a private moment in the voting booth will do the job just as well? The slightly less cynical view is that, with the chancellor, Philip Hammond, and the health secretary, Jeremy Hunt, both in Surrey constituencies, Hodge has calculated that he’s in a good position to wring some extra funding out of Westminster. Which would be good for Surrey, and Surrey alone. The entirely uncynical view, however, is that Hodge means what he says, and hopes the county’s people will decide that services for vulnerable people are worth paying for. Which would make them the most ... [truncated, 4499 chars total - full text at data/raw/news/text/NEWS-guardian_api-9f5d941bc5b2.txt]",data/raw/news/text/NEWS-guardian_api-9f5d941bc5b2.txt
NEWS-guardian_api-9fd91a3be385,SCC-2017-05,guardian_api,local,SCC-2017-05:local,full_corpus,pending_human_review,"Clears every mechanically-checkable rule. Still requires the human pass for E4 (result leakage), the L/N relevance test (E5), E6 (Reform disambiguation, if applicable) and E8 (genuine editorial content) before it can count as eligible.",,,needs_second_review,not_applicable,,,E5-BORDERLINE-PLACE-MENTION,E6-NOT-REFORM-FLAGGED,,,"Local politicians feature in the honours list, including the Conservative leader of Wandsworth council, Ravi Govindia, who gets a CBE, as does David Hodge, the Conservative leader of Surrey county council and vice-chair of the Local G...",,,,,,,,,,,,,,,"Local government, fire and police chiefs honoured in 2017 New Year honours list",2016-12-30,125,"likely E4-CLEAR (125 days before polling day - a genuine result leak would require the DATE itself being wrong, not just a careless read; still confirm by skimming for any reference to a declared result)","Senior officials and politicians in local government, as well as those in the fire and police services, receive honours in the 2017 New Year honours list. There is a CBE for Dr Jane Martin, who has been the local government ombudsman since 2010 and chair of the Commission for Local Administration in England since 2012. CBEs also go to Kim Bromley-Derry, who has been the chief executive of the London borough of Newham since November 2010; to Clare Chamberlain, the director of family services for the triboroughs Hammersmith and Fulham, Kensington and Chelsea, and Westminster; and to Chamberlain’s former colleague, Andrew Christie, who was executive director of children’s services for the triboroughs for five years before being appointed as commissioner for children’s social care in Birmingham. Rotherham’s former children’s social care commissioner, Malcolm Newsam, brought in by the government to oversee children’s services in the town following the damning Jay report, receives a CBE, as does Nigel Richardson, former director of children’s services at Leeds city council, who retired in August after seven years in the post. There is also a CBE for Paul Rowsell, the deputy director for democracy in the Department for Communities and Local Government. Local politicians feature in the honours list, including the Conservative leader of Wandsworth council, Ravi Govindia, who gets a CBE, as does David Hodge, the Conservative leader of Surrey county council and vice-chair of the Local G... [truncated, 6306 chars total - full text at data/raw/news/text/NEWS-guardian_api-9fd91a3be385.txt]",data/raw/news/text/NEWS-guardian_api-9fd91a3be385.txt
NEWS-guardian_api-9fe217b7d4be,SCC-2017-05,guardian_api,local,SCC-2017-05:local,full_corpus,pending_human_review,"Clears every mechanically-checkable rule. Still requires the human pass for E4 (result leakage), the L/N relevance test (E5), E6 (Reform disambiguation, if applicable) and E8 (genuine editorial content) before it can count as eligible.",,,exclude,not_applicable,,,E5-NO-L-OR-N-RULE-MET,E6-NOT-REFORM-FLAGGED,,,"In a significant twist to the Millwall FC land-grab debacle, the Guardian has learned the foundation at the heart of the scheme was told in 2014 to stop making the false funding claims that have helped puncture the project – but still carried on claiming to have a £2m “pledge” until January this year.",,,,high,,,,,,,,,,,Foundation in Millwall CPO plan was told to stop false funding claim in 2014,2017-02-08,85,"likely E4-CLEAR (85 days before polling day - a genuine result leak would require the DATE itself being wrong, not just a careless read; still confirm by skimming for any reference to a declared result)","In a significant twist to the Millwall FC land-grab debacle, the Guardian has learned the foundation at the heart of the scheme was told in 2014 to stop making the false funding claims that have helped puncture the project – but still carried on claiming to have a £2m “pledge” until January this year. The Surrey Canal Sports Foundation is fronted by the elected Labour mayor of Lewisham, Sir Steve Bullock, and backed by the offshore-registered developer Renewal, with whom it shares a registered office. The foundation was a key cog in justifying the seizure of Millwall’s land and gaining planning permission for the £1bn regeneration scheme, which has been thrown into confusion by the cancellation of the Millwall compulsory purchase order (CPO) last month. For the past seven years the claim of Sport England funding provided the company with a rubber stamp of authenticity in its bid to raise £40m to build a “sporting village” as part of the CPO-based scheme. Sport England funding is widely recognised as a means of unlocking other funding streams and attracting backers. Tanni Grey-Thompson and the leader of Southwark council, Peter John, have resigned from the foundation’s board in the past two weeks following revelations in the Guardian that there is no funding agreement with Sport England. Until now the mayor and the Renewal-backed foundation have maintained the funding claim was based on Sport England correspondence from October 2013 that they believed suggested a £2m “pledge” ... [truncated, 6649 chars total - full text at data/raw/news/text/NEWS-guardian_api-9fe217b7d4be.txt]",data/raw/news/text/NEWS-guardian_api-9fe217b7d4be.txt
NEWS-guardian_api-a060bf1330d2,SCC-2021-05,guardian_api,local,SCC-2021-05:local,full_corpus,pending_human_review,"Clears every mechanically-checkable rule. Still requires the human pass for E4 (result leakage), the L/N relevance test (E5), E6 (Reform disambiguation, if applicable) and E8 (genuine editorial content) before it can count as eligible.",,,exclude,not_applicable,,,E5-NO-L-OR-N-RULE-MET,E6-NOT-REFORM-FLAGGED,,,"Tory council leaders have delivered a stark warning to ministers that failure to tackle English local authorities’ cash crisis will force them to cut vital services, from social care to libraries and refuse collection.",,,,medium,,,,,,,,,,,Tory council leaders warn of severe cuts in England,2020-11-12,175,"likely E4-CLEAR (175 days before polling day - a genuine result leak would require the DATE itself being wrong, not just a careless read; still confirm by skimming for any reference to a declared result)","Tory council leaders have delivered a stark warning to ministers that failure to tackle English local authorities’ cash crisis will force them to cut vital services, from social care to libraries and refuse collection. The County Councils Network (CCN), 32 of whose 36 members are Conservative-controlled said just a fifth of authorities were confident they could meet their legal duty to set a balanced budget next year and avoid effective bankruptcy. Over half of its member councils were planning “moderate or severe” service reductions in adult social care, nearly a third were seeking heavy cuts to road repair budgets, and 33% were considering major savings in library services. Over two-thirds said that cuts to frontline service would hamper efforts to support the government’s “levelling-up” plans to boost local economies in the north and Midlands, while 60% agreed the cuts would result in greater hardship for residents. “We are quickly running out of ways to meet the funding shortfall without dramatic reductions which will make visible and damaging changes to highly-valued services,” said David Williams, CCN chair and leader of Hertfordshire county council. “The financial support provided by government over the past year has been very welcome. But even before the onslaught of a second wave, councils were facing difficult choices and they are now left with little room to manoeuvre over the coming months as they face further escalating costs resulting in an immediate cliff-edge ... [truncated, 3280 chars total - full text at data/raw/news/text/NEWS-guardian_api-a060bf1330d2.txt]",data/raw/news/text/NEWS-guardian_api-a060bf1330d2.txt
NEWS-guardian_api-a0b15565c849,SCC-2021-05,guardian_api,local,SCC-2021-05:local,full_corpus,pending_human_review,"Clears every mechanically-checkable rule. Still requires the human pass for E4 (result leakage), the L/N relevance test (E5), E6 (Reform disambiguation, if applicable) and E8 (genuine editorial content) before it can count as eligible.",,,exclude,not_applicable,,,E5-NO-L-OR-N-RULE-MET,E6-NOT-REFORM-FLAGGED,,,"Simon Harmer plonks down on a plastic seat at Edgbaston’s Birmingham end, Essex’s home for the length of their Championship game against Warwickshire.",,,,high,,,,,,,,,,,"The Spin | Essex's Simon Harmer on stock balls, South Africa and life in England",2021-04-27,9,read carefully (9 days before polling day - close enough that a dating error could plausibly let leakage through; do not default to E4-CLEAR here),"Simon Harmer plonks down on a plastic seat at Edgbaston’s Birmingham end, Essex’s home for the length of their Championship game against Warwickshire. It’s lunch on the third day and there are 20 minutes before play restarts. For the past five years Harmer has been a luminescent walking wonder in county cricket, causing panic through the opposition as he strides in to bowl, sunglasses on, jumper worn long over his bottom. In his first season for Essex in 2017, he took 72 wickets at 19.19; in 2018, 57 at 24.45; in 2019, 83 at 18.28; in 2020, 38 at 15.06 (in six games of the Bob Willis Trophy). Harmer signed a Kolpak deal after feeling he did not have a future playing cricket for South Africa. An attacking off-spinner who imparts a lot of kick, he was employed by Essex on a one-year contract, which was very quickly extended as they won the Championship in 2017, again in 2019 and the Bob Willis Trophy in last year’s Covid summer. Such is the aura that Essex – and Harmer – have built up, it was a complete surprise that Warwickshire went on to win that Championship game on Sunday, completing a run-chase with 11 balls to spare after Rob Yates scored a superb hundred and Harmer failed to get a wicket. The pattern over the past four years has been teams batting last crumbling at the foreboding omen of Harmer. See Durham just two weeks ago, chasing 168 – bowled out for 123, Harmer five for 57. Or last year when Surrey, chasing 337, were bowled out for 167, Harmer eight for 63. And so ... [truncated, 5346 chars total - full text at data/raw/news/text/NEWS-guardian_api-a0b15565c849.txt]",data/raw/news/text/NEWS-guardian_api-a0b15565c849.txt
NEWS-guardian_api-a19d4b445c48,SCC-2013-05,guardian_api,local,SCC-2013-05:local,full_corpus,pending_human_review,"Clears every mechanically-checkable rule. Still requires the human pass for E4 (result leakage), the L/N relevance test (E5), E6 (Reform disambiguation, if applicable) and E8 (genuine editorial content) before it can count as eligible.",,,exclude,not_applicable,,,E5-NO-L-OR-N-RULE-MET,E6-NOT-REFORM-FLAGGED,,,"• Ed Miliband has responded to Tony Blair's comments about the party's stratetgy by saying it is ""moving on and moving forward"" under his leadership.",,,,high,,,,,,,,,,,Blair issues warning to Ed Miliband about Labour strategy: Politics live blog,2013-04-11,21,"likely E4-CLEAR (21 days before polling day - a genuine result leak would require the DATE itself being wrong, not just a careless read; still confirm by skimming for any reference to a declared result)","• Ed Miliband has responded to Tony Blair's comments about the party's stratetgy by saying it is ""moving on and moving forward"" under his leadership. In a short interview, he was complimentary about the former prime minister, but he also suggested that he did not accept Blair's complaint about the party reverting to its comfort zone. Tony Blair’s always got important things to say, and he’s also the first to recognise this: that political parties need to move forwards, not backwards; need to not go back to old solutions, and need to adapt to new times. So, for example, on immigration I think we made mistakes in office. I don’t think we can just defend what we did in the past, I think we’ve got to say we got it wrong, we’ve got new solutions for the future. So I always take Tony Blair very, very seriously, but I think what the Labour party’s doing under my leadership is moving on and moving forward. • William Hague, the foreign secretary, has said that there will ""significant"" repercussions if North Korea tests another nuclear device or a ballistic missile. He was speaking at the end of a summit of G8 foreign ministers. If the DPRK [Democratic People's Republic of Korea] conducts another missile launch or nuclear test we have committed ourselves to take further significant measures. G8 foreign ministers condemn in the strongest possible terms the continued development of nuclear weapons and ballistic missiles by North Korea. We condemned the DPRK’s current aggressive rhetoric ... [truncated, 41651 chars total - full text at data/raw/news/text/NEWS-guardian_api-a19d4b445c48.txt]",data/raw/news/text/NEWS-guardian_api-a19d4b445c48.txt
NEWS-guardian_api-a20ccef5e977,ESWS-2026-05,guardian_api,local,ESWS-2026-05:local,full_corpus,pending_human_review,"Clears every mechanically-checkable rule. Still requires the human pass for E4 (result leakage), the L/N relevance test (E5), E6 (Reform disambiguation, if applicable) and E8 (genuine editorial content) before it can count as eligible.",,,needs_second_review,not_applicable,,,E5-BORDERLINE-PLACE-MENTION,E6-NOT-REFORM-FLAGGED,,,"The family moved to Ashford, in Surrey, when John was 10, and he attend...",,,,,,,,,,,,,,,John Lucas obituary,2025-12-08,150,"likely E4-CLEAR (150 days before polling day - a genuine result leak would require the DATE itself being wrong, not just a careless read; still confirm by skimming for any reference to a declared result)","My friend, the writer and publisher John Lucas, who has died aged 88, was the author of more than 50 books, not only in his own academic field with studies of writers as diverse as Charles Dickens, George Crabbe, John Clare and William Blake, but also poetry, novels and memoirs. His poetry collection Studying Grosz on the Bus won the Aldeburgh festival poetry prize in 1989, and John also wrote works of social history such as Closing Time at the Royal Oak (2021), the wonderfully idiosyncratic A Brief History of Whistling, with Allan Chatburn (2015), and The Trent Bridge Battery, a history of the Nottinghamshire Gunn dynasty, cricketers and bat manufacturers (1985, with Basil Haynes). His abiding legacy, however, is Shoestring Press, which he founded in 1994 and which aimed to publish “established but unfashionable” poets, in particular working-class and regional writers, and those whose work was little known in the UK. In recent years the remit was expanded to include plays – including five of mine – memoirs and essays. The output was tremendous for a one-man operation – John published more than 400 titles characterised by exceptional presentation and the highest editorial standards – somewhat surprisingly, as he refused to computerise and writers received his notes in barely decipherable longhand. Born in Exeter, he was the son of Leonard, an insurance inspector, and Phyllis (nee Kelly), an office worker. The family moved to Ashford, in Surrey, when John was 10, and he attend... [truncated, 3252 chars total - full text at data/raw/news/text/NEWS-guardian_api-a20ccef5e977.txt]",data/raw/news/text/NEWS-guardian_api-a20ccef5e977.txt
NEWS-guardian_api-a216666b4c91,SCC-2021-05,guardian_api,local,SCC-2021-05:local,full_corpus,pending_human_review,"Clears every mechanically-checkable rule. Still requires the human pass for E4 (result leakage), the L/N relevance test (E5), E6 (Reform disambiguation, if applicable) and E8 (genuine editorial content) before it can count as eligible.",,,exclude,not_applicable,,,E5-NO-L-OR-N-RULE-MET,E6-NOT-REFORM-FLAGGED,,,We’re closing this blog now but thanks very much for reading.,,,,high,,,,,,,,,,,Coronavirus live news: millions more wake up to tier 4 in England,2020-12-26,131,"likely E4-CLEAR (131 days before polling day - a genuine result leak would require the DATE itself being wrong, not just a careless read; still confirm by skimming for any reference to a declared result)","We’re closing this blog now but thanks very much for reading. We’ll be back with more live coverage of the pandemic from across the world after 8am GMT. In the meantime, you can follow developments in the latest outbreak in Australia here: Health officials in Ontario said two confirmed cases of the new coronavirus variant first detected in the UK have appeared in the Canadian province. The cases, identified in a couple in southern Ontario with no known travel history, exposure or high-risk contact, came as the province went into a lockdown on Saturday. The UK recorded 210 Covid-19 deaths on Saturday, down from 570 the day before, while new cases rose by 1,968 to 34,693, the government said, citing partial data. France has reported a further 146 deaths over the past 24 hours, bringing the total to 62,573. It also reported 3,093 new coronavirus infections on Saturday, sharply down from the 20,000-plus figure recorded over the two days before Christmas Day. Italy reported 261 coronavirus-related deaths on Saturday against 459 the day before, the health ministry said. The daily tally of new infections increased by 10,407 from 19,037 the day before, taking the total number of cases since Italy’s epidemic began to 2,010,037. Turkey’s coronavirus death toll rose by 253 in the last 24 hours, health ministry data showed on Saturday, bringing its total deaths to 19,624. The number of cases fell for a third consecutive day, to 15,118, bringing total cases since the beginning of the pand... [truncated, 58819 chars total - full text at data/raw/news/text/NEWS-guardian_api-a216666b4c91.txt]",data/raw/news/text/NEWS-guardian_api-a216666b4c91.txt
NEWS-guardian_api-a3b188b452cb,SCC-2017-05,guardian_api,local,SCC-2017-05:local,full_corpus,pending_human_review,"Clears every mechanically-checkable rule. Still requires the human pass for E4 (result leakage), the L/N relevance test (E5), E6 (Reform disambiguation, if applicable) and E8 (genuine editorial content) before it can count as eligible.",,,needs_second_review,not_applicable,,,E5-BORDERLINE-PLACE-MENTION,E6-NOT-REFORM-FLAGGED,,,"The parent, and Surrey county council, complained that “the arrangements do not define what form or frequency of religious practice is required for a priest to do this.",,,,,,,,,,,,,,,Court battle looms over priests’ right to pick pupils for Catholic schools,2016-11-20,165,"likely E4-CLEAR (165 days before polling day - a genuine result leak would require the DATE itself being wrong, not just a careless read; still confirm by skimming for any reference to a declared result)","The Catholic church is taking the government’s schools admissions watchdog to the high court to protect the rights of priests to determine whether pupils are eligible for a place on the basis of their faith. The schools adjudicator ruled earlier this month that a new policy across all Catholic schools under which priests certified on a pupil-by-pupil basis whether they were from a “practising [Catholic] family” was unfair. The ruling followed a complaint from a parent hoping to secure a place at the St Richard Reynolds Catholic college, in Twickenham, west London. The parent, and Surrey county council, complained that “the arrangements do not define what form or frequency of religious practice is required for a priest to do this. This academic year, the Catholic Education Service, which decides policy for the 2,300 Catholic schools in England and Wales, introduced a certificate of Catholic practice (CCP) to ensure all its schools followed the same admissions policy. The previous ad hoc arrangements had been found to be open to inconsistent application and abuse, with parents without any genuine faith seeking to game the system to secure a school place. Under the current law, faith schools can select on the basis of religious faith when they are oversubscribed. The government is proposing to lift a cap of 50% on the proportion of pupils selected by faith in free schools and academies. Voluntary-aided faith schools can select up to 100% of pupils on the basis of faith. Catholic... [truncated, 4773 chars total - full text at data/raw/news/text/NEWS-guardian_api-a3b188b452cb.txt]",data/raw/news/text/NEWS-guardian_api-a3b188b452cb.txt
NEWS-guardian_api-a542b1a8ef79,SCC-2017-05,guardian_api,local,SCC-2017-05:local,full_corpus,pending_human_review,"Clears every mechanically-checkable rule. Still requires the human pass for E4 (result leakage), the L/N relevance test (E5), E6 (Reform disambiguation, if applicable) and E8 (genuine editorial content) before it can count as eligible.",,,exclude,not_applicable,,,E5-NO-L-OR-N-RULE-MET,E6-NOT-REFORM-FLAGGED,,,"When industry left the big manufacturing regions, it was impossible not to notice.",,,,high,,,,,,,,,,,"Londoners need spaces to live, but also need places to make things | Ian Jack",2017-01-07,117,"likely E4-CLEAR (117 days before polling day - a genuine result leak would require the DATE itself being wrong, not just a careless read; still confirm by skimming for any reference to a declared result)","When industry left the big manufacturing regions, it was impossible not to notice. Entire landscapes changed. Bolton without its cotton mills, Greenock without its shipyards, Consett without its steelworks: you returned to them after a while away and wondered at how much less enclosed they seemed – how a view that once stopped at a brick wall or a factory shed now extended as far as the hillside or the estuary. You walked down an alley and remembered the railway bridge where slow trains of coal wagons had passed overhead – the bridge gone, though not its solid stone abutments. You said to your companion, “It hardly seems the same place.” In London, with the great exception of Docklands, the deindustrialisation has been much less obvious. One day an old-fashioned car repair shop is open for business, as it has been for the past 40 years. Nothing much: a pull-down garage door, a Castrol sign turning in the wind, a glimpse of a dark inspection pit and a man in overalls. Such an ordinary sight that you hardly take it in, so that a few weeks pass before you notice it’s shut, and a further few weeks before somebody tells you it’s a restaurant now. This is scarcely believable. You walk round the corner to check. A blackboard menu sits in the window. Later, you hear that Keira Knightley has been seen eating there. The street looks much as before. London has thousands of small industrial sites like the car repair shop, tucked behind office blocks and reached by little lanes, or someti... [truncated, 7395 chars total - full text at data/raw/news/text/NEWS-guardian_api-a542b1a8ef79.txt]",data/raw/news/text/NEWS-guardian_api-a542b1a8ef79.txt
NEWS-guardian_api-a7a4251ecb2b,SCC-2021-05,guardian_api,local,SCC-2021-05:local,full_corpus,pending_human_review,"Clears every mechanically-checkable rule. Still requires the human pass for E4 (result leakage), the L/N relevance test (E5), E6 (Reform disambiguation, if applicable) and E8 (genuine editorial content) before it can count as eligible.",,,exclude,not_applicable,,,E5-NO-L-OR-N-RULE-MET,E6-NOT-REFORM-FLAGGED,,,"In the kitchen of a recording studio, down a long lane, off a village high street, stands the wiry, wired figure of Paul Weller, looking at his shoes.",,,,high,,,,,,,,,,,Paul Weller: ‘Music means more to me since I’ve been sober’,2021-05-02,4,read carefully (4 days before polling day - close enough that a dating error could plausibly let leakage through; do not default to E4-CLEAR here),"In the kitchen of a recording studio, down a long lane, off a village high street, stands the wiry, wired figure of Paul Weller, looking at his shoes. Oxblood fringe-and-buckle loafers. He is explaining the subtle differences between this pair, and another pair he owned a few years ago. “This part here used to be a few millimetres deeper,” he says. “And the buckle was a tiny bit bigger.” In an inconsistent world of ever-changing rules, Weller is a constant. He is, and has always been, about music, and clothes, and details. By his taste shall ye know him (he’s also wearing old Prada trousers, and a jumper he designed himself for Ivy League outfitters John Simons)… alongside a just-under-the-surface anger, a time-is-ticking impatience, a suspicion of the elite. Though he’s not cross all the time, by any means. Work-wise, though, his lack of patience seems to have become even more acute recently; he’s brought out an album every year for the past four years, and used the most recent, locked-down 12 months to create his 16th solo record, Fat Pop (Volume 1). “Nothing else to do, was there?” he says. “I was working a three-day week.” He had “four or five” tracks left over from the recording of his previous album, the chart-topping On Sunset, so he worked on those at his home in London before popping here, to his Black Barn Studios, every so often. Black Barn consists of a large, comfy studio, an adjoining office (platinum discs, selection of old photo-booth pictures), plus the house... [truncated, 23866 chars total - full text at data/raw/news/text/NEWS-guardian_api-a7a4251ecb2b.txt]",data/raw/news/text/NEWS-guardian_api-a7a4251ecb2b.txt
NEWS-guardian_api-a876f0e9998e,SCC-2021-05,guardian_api,local,SCC-2021-05:local,full_corpus,pending_human_review,"Clears every mechanically-checkable rule. Still requires the human pass for E4 (result leakage), the L/N relevance test (E5), E6 (Reform disambiguation, if applicable) and E8 (genuine editorial content) before it can count as eligible.",,,needs_second_review,not_applicable,,,E5-BORDERLINE-PLACE-MENTION,E6-NOT-REFORM-FLAGGED,,,"Door-to-door testing is being launched after cases of the mutation were found in Hertfordshire, Surrey, Kent, Walsall, Sefton and in the London boroughs of Merton, Haringey and Ealing.",,,,,,,,,,,,,,,South African variant of Covid found in eight areas of England,2021-02-01,94,"likely E4-CLEAR (94 days before polling day - a genuine result leak would require the DATE itself being wrong, not just a careless read; still confirm by skimming for any reference to a declared result)","The South African variant of coronavirus has been discovered in eight different areas of England where people had no clear travel links to South Africa, sparking a “a two-week sprint to test everyone” in the affected postcodes, the Guardian has learned. Door-to-door testing is being launched after cases of the mutation were found in Hertfordshire, Surrey, Kent, Walsall, Sefton and in the London boroughs of Merton, Haringey and Ealing. In an effort to stop the variant spreading further, tests will start on Thursday in parts of Hertfordshire, where one case of the mutation was discovered, and in Surrey, where two people tested positive despite having no apparent links to other cases. A briefing on the response, seen by the Guardian, states that Matt Hancock, the health secretary, “has ordered an attempt at eradication of the new variant if at all possible”. Contact-tracing resources will be focused on areas where the testing is carried out. It states that all adults in affected postcode areas within those boroughs will be urged to get a PCR swab test and public health officials will start going door-to-door this week. The eight postcode areas are W7, N17 and CR4 in London, WS2 in Walsall, ME15 in Kent, EN10 in Hertfordshire, GU21 in Surrey and PR9 in Lancashire. It means public health officials will seek to test 80,000 adults either door-to-door or through additional mobile testing units that Public Health England said will be deployed. Positive tests will be sequenced for thei... [truncated, 5053 chars total - full text at data/raw/news/text/NEWS-guardian_api-a876f0e9998e.txt]",data/raw/news/text/NEWS-guardian_api-a876f0e9998e.txt
NEWS-guardian_api-aa3d323f987d,ESWS-2026-05,guardian_api,local,ESWS-2026-05:local|reform,full_corpus,pending_human_review,"Clears every mechanically-checkable rule. Still requires the human pass for E4 (result leakage), the L/N relevance test (E5), E6 (Reform disambiguation, if applicable) and E8 (genuine editorial content) before it can count as eligible. This record also matched a Reform-related query - E6 manual disambiguation is mandatory before inclusion (protocol requirement, not optional).",yes,,needs_second_review,,,,E5-BORDERLINE-PLACE-MENTION,,,,You could also have walked between two constituencies where More in Common ran focus groups with 2019 Conservative voters this week – Warrington South and Godalming and Ash.,,,,,,,,,,,,,,,"‘Risky’ Tories, ‘drama queen’ Jenrick and Farage’s Trump problem: voters’ verdict on the battle for the right",2026-01-23,104,"likely E4-CLEAR (104 days before polling day - a genuine result leak would require the DATE itself being wrong, not just a careless read; still confirm by skimming for any reference to a declared result)","Boris Johnson’s election victory in 2019 was so sweeping you could walk from Land’s End to Hadrian’s Wall without ever leaving a Tory constituency. You could also have walked between two constituencies where More in Common ran focus groups with 2019 Conservative voters this week – Warrington South and Godalming and Ash. These are two seats that tell the story of the breadth and collapse of the Conservatives’ 2019 coalition. Warrington South, a north-west marginal that has flipped between Labour and the Conservatives, sits just outside the “red wall”. It voted leave in 2016, backed Johnson in 2019 and swung to Labour in 2024. Today, More in Common’s MRP (multi-level regression and post-stratification) modelling suggests it would be won comfortably by Reform UK. Godalming and Ash, by contrast, is deep in the “blue wall”. An affluent commuter seat in Surrey, it voted remain, and in a rare bright spot for the Conservatives in 2024, Jeremy Hunt managed to fend off the Liberal Democrats to hold the seat. These very different seats are now central to the “battle for the right” that exploded back on to the political scene this week with Robert Jenrick’s defection/dismissal. How did voters in these seats react to the latest skirmish? It is fair to say that even 14 months into her leadership, views of Kemi Badenoch remain fuzzy. But when played a clip of the video Badenoch filmed announcing her dismissal of Jenrick, the groups were unusually approving. Sarah, an admin officer from Goda... [truncated, 6760 chars total - full text at data/raw/news/text/NEWS-guardian_api-aa3d323f987d.txt]",data/raw/news/text/NEWS-guardian_api-aa3d323f987d.txt
NEWS-guardian_api-aa5d1ac3b3b5,ESWS-2026-05,guardian_api,local,ESWS-2026-05:local,full_corpus,pending_human_review,"Clears every mechanically-checkable rule. Still requires the human pass for E4 (result leakage), the L/N relevance test (E5), E6 (Reform disambiguation, if applicable) and E8 (genuine editorial content) before it can count as eligible.",,,exclude,not_applicable,,,E5-NO-L-OR-N-RULE-MET,E6-NOT-REFORM-FLAGGED,,,"Schools are regularly referring homeless children to food banks, driving them to classes and washing their clothes, according to research.",,,,high,,,,,,,,,,,"Teachers in England driving homeless pupils to school and washing clothes, research shows",2026-01-25,102,"likely E4-CLEAR (102 days before polling day - a genuine result leak would require the DATE itself being wrong, not just a careless read; still confirm by skimming for any reference to a declared result)","Schools are regularly referring homeless children to food banks, driving them to classes and washing their clothes, according to research. A survey conducted by the housing charity Shelter and NASUWT, also known as the Teachers’ Union, asked 11,000 teachers about their experiences of working with children living in temporary accommodation. There are now a record 175,025 children in temporary housing in England, according to the most recent government figures. Many families affected are living in B&amp;Bs, hostels and overcrowded flats. Most teachers who responded said homeless children had attended their school in the last year. Almost half of respondents – 49% – said that their school regularly referred homeless families to food banks. Families are often placed in temporary accommodation miles away from their children’s schools, and 41% of teachers said staff had helped homeless children get to classes. A quarter of teachers said their school regularly washed school uniforms for families living in temporary housing without adequate laundry facilities. The vast majority of those surveyed said homelessness had an impact on children’s attendance, performance in assessments and mental health. Alicia Samuels, 39, has been living in temporary accommodation in Tower Hamlets, east London, since she was pregnant with her son Aeon, who is now six. She previously lived in her father’s council house but became homeless when he died. She said that since then she has had five temporary ho... [truncated, 3692 chars total - full text at data/raw/news/text/NEWS-guardian_api-aa5d1ac3b3b5.txt]",data/raw/news/text/NEWS-guardian_api-aa5d1ac3b3b5.txt
NEWS-guardian_api-abc8a9ec0107,SCC-2021-05,guardian_api,local,SCC-2021-05:local,full_corpus,pending_human_review,"Clears every mechanically-checkable rule. Still requires the human pass for E4 (result leakage), the L/N relevance test (E5), E6 (Reform disambiguation, if applicable) and E8 (genuine editorial content) before it can count as eligible.",,,exclude,not_applicable,,,E5-NO-L-OR-N-RULE-MET,E6-NOT-REFORM-FLAGGED,,,A ghoulish figure was hidden away on page 135 of the Office for Budget Responsibility’s report on budget day last week.,,,,medium,,,,,,,,,,,"As Covid turns the crisis of social care into a calamity, the government does nothing | Polly Toynbee",2021-03-12,55,"likely E4-CLEAR (55 days before polling day - a genuine result leak would require the DATE itself being wrong, not just a careless read; still confirm by skimming for any reference to a declared result)","A ghoulish figure was hidden away on page 135 of the Office for Budget Responsibility’s report on budget day last week. The 125,000 deaths from Covid so far will save the Treasury £1.5bn in state pensions by 2022; savings will continue to be made during all the years those people should have lived. That shocking death toll brings in more inheritance tax revenues, too. But those deaths are another blow to social care providers. A substantial proportion of the people who have died so far lived in care homes, and they have left empty beds and an even deeper financial hole. Occupancy dropped from over 90% to around 70%, according to Martin Green of Care England, and families are now more reluctant to put relatives into homes. This week, the National Audit Office has warned that 94% of councils will have to cut spending, and social care is the biggest slice of their stricken budgets. On Wednesday, Care England called on the chancellor not to axe relief funds on 1 April: the fund pays (inadequately) towards testing, infection control and extra staff in an industry with an estimated 100,000 shortfall. The Health Foundation says restoring care even to the meagre levels of 2010 would cost £12.5bn. In other words, a crisis is becoming a calamity. Yet the chancellor said nothing on social care in the budget. Does it matter how many protest? Simon Stevens, head of NHS England, was vehement in his evidence to the Commons health committee this week that an urgent solution to social care an... [truncated, 5068 chars total - full text at data/raw/news/text/NEWS-guardian_api-abc8a9ec0107.txt]",data/raw/news/text/NEWS-guardian_api-abc8a9ec0107.txt
NEWS-guardian_api-acff02ec2584,SCC-2013-05,guardian_api,local,SCC-2013-05:local,full_corpus,pending_human_review,"Clears every mechanically-checkable rule. Still requires the human pass for E4 (result leakage), the L/N relevance test (E5), E6 (Reform disambiguation, if applicable) and E8 (genuine editorial content) before it can count as eligible.",,,exclude,not_applicable,,,E5-NO-L-OR-N-RULE-MET,E6-NOT-REFORM-FLAGGED,,,"Newly elected Labour police and crime commissioners who meet the home secretary, Theresa May, for the first time on Monday are to press her for a radical rethink of her strategy of imposing 20% budget cuts.",,,,high,,,,,,,,,,,New police commissioners to press Theresa May for cuts rethink,2012-12-02,151,"likely E4-CLEAR (151 days before polling day - a genuine result leak would require the DATE itself being wrong, not just a careless read; still confirm by skimming for any reference to a declared result)","Newly elected Labour police and crime commissioners who meet the home secretary, Theresa May, for the first time on Monday are to press her for a radical rethink of her strategy of imposing 20% budget cuts. The home secretary will meet 41 newly elected police and crime commissioners at a Home Office ""welcome event"". She is also expected to face pressure to review the growing private sector involvement in policing. The newly elected PCCs claim that audits undertaken in the last fortnight show that the financial situation facing their forces as a result of Whitehall spending cuts is worse than they had thought. Commissioners and chief constables have both warned that forces cannot cope with a further round of police spending cuts without doing serious damage to frontline policing. The meeting is being held as some newly elected police and crime commissioners have already attracted criticism for appointing deputies on salaries of up to £68,000 a year without advertising the jobs. In Northamptonshire the Conservative PCC, Adam Simmonds, has already appointed four ""assistant commissioners"" on £65,000 salaries each, including one for ""governance"" who was his election agent. Alan Charles, Labour's commissioner in Derbyshire, said it was time for May to rethink her cost-saving strategy that had already led to the loss of thousands of frontline police officers across England and Wales. ""Derbyshire has already endured painful losses in police numbers and any continued drive to realise ... [truncated, 3097 chars total - full text at data/raw/news/text/NEWS-guardian_api-acff02ec2584.txt]",data/raw/news/text/NEWS-guardian_api-acff02ec2584.txt
NEWS-guardian_api-b2376efa7057,SCC-2013-05,guardian_api,local,SCC-2013-05:local,full_corpus,pending_human_review,"Clears every mechanically-checkable rule. Still requires the human pass for E4 (result leakage), the L/N relevance test (E5), E6 (Reform disambiguation, if applicable) and E8 (genuine editorial content) before it can count as eligible.",,,exclude,not_applicable,,,E5-NO-L-OR-N-RULE-MET,E6-NOT-REFORM-FLAGGED,,,Alan Sugar and I have quite a lot in common.,,,,medium,,,,,,,,,,,"Working lives: I had opportunities, now I want to give something back",2012-12-24,129,"likely E4-CLEAR (129 days before polling day - a genuine result leak would require the DATE itself being wrong, not just a careless read; still confirm by skimming for any reference to a declared result)","Alan Sugar and I have quite a lot in common. We were both brought up in the east end of London and we've both got something of a boy done good tale to tell. Everyone knows about Lord Sugar's success, so let me tell you more about me. Like Lord Sugar, I was born into a Jewish family and it was a struggle for my parents to make ends meet. Like so many at the time, my house didn't have the basic amenities we all take for granted now. My father worked as a skirt pleater and from an early age I had a weekend job that involved putting in a 13 hour shift on a Barnet market stall selling material, which meant getting up at 5am. It taught me about hard work and later, after we moved to Enfield with my father's work, I won a scholarship at a prestigious independent school, which brought the academic progress that was the spark for my success. It changed my life, sending me back to my east end roots to complete a university degree, qualify as a solicitor, work for the city law firm Nabarro and become a sports and property lawyer. Around this time I also had the opportunity to launch my own business. I set up one of the first firms that combined estate agency and property law, and it became very profitable before I sold it in 2006. I built my success on hard graft, but I had a burning desire to give something back in return for the life-changing scholarship. I'd only had a passing interest in politics up to this point, but I resolved to become a councillor as my debt of gratitude. That w... [truncated, 3656 chars total - full text at data/raw/news/text/NEWS-guardian_api-b2376efa7057.txt]",data/raw/news/text/NEWS-guardian_api-b2376efa7057.txt
NEWS-guardian_api-b2f332a12327,SCC-2013-05,guardian_api,local,SCC-2013-05:local,full_corpus,pending_human_review,"Clears every mechanically-checkable rule. Still requires the human pass for E4 (result leakage), the L/N relevance test (E5), E6 (Reform disambiguation, if applicable) and E8 (genuine editorial content) before it can count as eligible.",,,exclude,not_applicable,,,E5-NO-L-OR-N-RULE-MET,E6-NOT-REFORM-FLAGGED,,,"It's all about the three Cs, said one Liberal Democrat stalwart, explaining why despite the party's troubles the constituency of Eastleigh is heaving with grassroots activists: the cause, the candidate and the cakes.",,,,high,,,,,,,,,,,Eastleigh byelection: naked ambition for Lib Dems in Hampshire town,2013-02-24,67,"likely E4-CLEAR (67 days before polling day - a genuine result leak would require the DATE itself being wrong, not just a careless read; still confirm by skimming for any reference to a declared result)","It's all about the three Cs, said one Liberal Democrat stalwart, explaining why despite the party's troubles the constituency of Eastleigh is heaving with grassroots activists: the cause, the candidate and the cakes. This Hampshire town used to be home to a Mr Kipling bakery. Now, by all accounts it is the Lib Dem loyalists who bake the best cakes around (Sarah's lemon drizzle is the favourite). More than 700 activists – a Lib Dem record – were in the Hampshire constituency over the weekend, not bad considering the parlous state the party was considered to be in when Chris Huhne's speeding penalty lie led to his resignation and the byelection and the present difficulties over Lord Rennard. It can't just be because of the baking. ""Lib Dems love a scrap,"" said a strategist. ""It's what we are best at."" The party's troubles seemed to have fired up the faithful rather than driven them away. And it helps that the candidate, Mike Thornton, is considered solid and dependable. ""I like Mike"", is the nicely under-stated slogan his supporters are wearing on their lapels. Asked during canvassing on Sunday how he was feeling with just a few days to go before polling day he said he was ""exhilarated"". He was loving the chance to showcase the work of the Lib Dem controlled borough council on a national stage. He doesn't get flustered – not even when one of the area's most famous residents, Stephen Gough, better known as the naked rambler, was spotted strolling around town not far from the Lib... [truncated, 5230 chars total - full text at data/raw/news/text/NEWS-guardian_api-b2f332a12327.txt]",data/raw/news/text/NEWS-guardian_api-b2f332a12327.txt
NEWS-guardian_api-b315a253a18c,SCC-2017-05,guardian_api,local,SCC-2017-05:local,full_corpus,pending_human_review,"Clears every mechanically-checkable rule. Still requires the human pass for E4 (result leakage), the L/N relevance test (E5), E6 (Reform disambiguation, if applicable) and E8 (genuine editorial content) before it can count as eligible.",,,exclude,not_applicable,,,E5-NO-L-OR-N-RULE-MET,E6-NOT-REFORM-FLAGGED,,,Only we can save the planet Damian Carrington’s piece on the recent WWF and Zoological Society report was horrifying to read (4 November).,,,,high,,,,,,,,,,,"Guardian Weekly Letters, 11 November 2016",2016-11-08,177,"likely E4-CLEAR (177 days before polling day - a genuine result leak would require the DATE itself being wrong, not just a careless read; still confirm by skimming for any reference to a declared result)","Only we can save the planet Damian Carrington’s piece on the recent WWF and Zoological Society report was horrifying to read (4 November). Despite politicians talking about sustainability, climate change and the protection of the natural environment, we are actually doing little. We go on using finite resources, continuing to build large projects, consuming, without much regard for the ecological damage we do, the carbon we create, the indigenous habitat we lose and the destruction we cause. We really have to stop talking about the importance of the environment and act to halt the loss of the biodiversity, livability and sustainability of our planet. We’ve lost so much forest and so many animal species through land clearing, climate change and human developments; we must preserve what wild habitat remains. We need to take a stand and say stop. Not just for the welfare and betterment of humanity and the future we pass on to our kids, but for the other creatures that inhabit the planet and the health of the earth itself. The ecological situation is dire. Environmental destruction is increasing pressure on many ecosystems and wild animals. Let’s be the wise generation that solves these urgent problems. Steven Katsineris Hurstbridge, Victoria, Australia The great water folly After more than 40 years of reading the Guardian Weekly, I cannot remember an article that falls wider of the mark than Sophie Elmhirst’s piece on bottled water (21 October). These superficially cutesy four p... [truncated, 8046 chars total - full text at data/raw/news/text/NEWS-guardian_api-b315a253a18c.txt]",data/raw/news/text/NEWS-guardian_api-b315a253a18c.txt
NEWS-guardian_api-b4214c9c9abf,ESWS-2026-05,guardian_api,local,ESWS-2026-05:local,full_corpus,pending_human_review,"Clears every mechanically-checkable rule. Still requires the human pass for E4 (result leakage), the L/N relevance test (E5), E6 (Reform disambiguation, if applicable) and E8 (genuine editorial content) before it can count as eligible.",,,include,not_applicable,,,E5-L3-COUNCIL-ISSUE,E6-NOT-REFORM-FLAGGED,,,"In 2010, Sarah Finch was flicking through the local planning notices when one caught her eye: a proposal to drill for oil at Horse Hill in Surrey, just outside Crawley, over the border in West Sussex, 6 miles (10km) from her home.",,,,high,,,,,,,,,,,From a Surrey oil well to the supreme court: how an activist changed UK climate law,2026-04-20,17,"likely E4-CLEAR (17 days before polling day - a genuine result leak would require the DATE itself being wrong, not just a careless read; still confirm by skimming for any reference to a declared result)","It started with a notice in the local newspaper and ended with winning one of the world’s most prestigious environmental prizes. In 2010, Sarah Finch was flicking through the local planning notices when one caught her eye: a proposal to drill for oil at Horse Hill in Surrey, just outside Crawley, over the border in West Sussex, 6 miles (10km) from her home. Surrey is not the kind of place one expects to find the oil industry. It’s a county of little villages, farms, woods and commuter railway stations. Its semi-rural landscape stretches off towards the horizon in a typically English green patchwork. It is difficult to envision it littered with nodding donkey pumpjacks and gas flares. Finch was shocked. A longtime environmentalist, she had been an early adopter of climate politics, working as a climate press officer for Greenpeace and protesting against the Kingsnorth power station in Kent. But this was the first time it had come so close to home. “This is local,” she thought. “I’d better get involved.” Horse Hill was part of a network of drilling sites proposed to tap the Weald basin, a shale rock formation deep beneath southern England’s home counties. Oil prospectors believed they could use the latest fracking methods to turn Surrey into the new Texas, yielding a potential 100bn barrels of oil. Finch was drawn to the campaigns against the proposed oil rush, joining campaigners fighting plans to sink wells in the town of Balcombe and organising mass demonstrations in the tow... [truncated, 6119 chars total - full text at data/raw/news/text/NEWS-guardian_api-b4214c9c9abf.txt]",data/raw/news/text/NEWS-guardian_api-b4214c9c9abf.txt
NEWS-guardian_api-b690eeb6557c,SCC-2013-05,guardian_api,local,SCC-2013-05:local,full_corpus,pending_human_review,"Clears every mechanically-checkable rule. Still requires the human pass for E4 (result leakage), the L/N relevance test (E5), E6 (Reform disambiguation, if applicable) and E8 (genuine editorial content) before it can count as eligible.",,,exclude,not_applicable,,,E5-NO-L-OR-N-RULE-MET,E6-NOT-REFORM-FLAGGED,,,"Rather than provoke another sterile round of recrimination as to whether it elected the wrong brother, David Miliband's departure (Report, 28 March) offers an appropriate moment for the Labour party to engage in a conversation, particularly in local branches, about the way it chooses its leader and, by implication, its relationship with the trade unions.",,,,high,,,,,,,,,,,Letters: Brothers in arms no longer,2013-03-28,35,"likely E4-CLEAR (35 days before polling day - a genuine result leak would require the DATE itself being wrong, not just a careless read; still confirm by skimming for any reference to a declared result)","Rather than provoke another sterile round of recrimination as to whether it elected the wrong brother, David Miliband's departure (Report, 28 March) offers an appropriate moment for the Labour party to engage in a conversation, particularly in local branches, about the way it chooses its leader and, by implication, its relationship with the trade unions. Though constituency party members and MPs chose David, Ed won because the trade union section swung the vote, by the tiniest of margins, in the younger sibling's favour. If an affiliated trade union, even if operating on a one-person one-vote basis, can achieve this outcome, the logic is that participating members who belonged to the Tories, Ukip, or various Trotskyist sects, may have helped override the wishes of ordinary Labour party members. The time has come for Labour to seriously consider breaking the historic link with the unions. Far from being the often forewarned disaster for ""the movement"", bringing to an end an outmoded, bureaucratic and often incestuous relationship and replacing it with informal fraternal co-operation would surely be beneficial for all, not least in promoting democratic participation. If trade unionists want to affiliate to Labour, this can easily be achieved by joining the party. An affiliation would then be an individual's choice and not potentially the choice of some overly elevated Wolfie Smith, dreaming of proletarian revolution. Brian Wilson Glossop, Derbyshire • Martin Kettle regards the ... [truncated, 4108 chars total - full text at data/raw/news/text/NEWS-guardian_api-b690eeb6557c.txt]",data/raw/news/text/NEWS-guardian_api-b690eeb6557c.txt
NEWS-guardian_api-b8d0e3d8c505,ESWS-2026-05,guardian_api,local,ESWS-2026-05:local|reform,full_corpus,pending_human_review,"Clears every mechanically-checkable rule. Still requires the human pass for E4 (result leakage), the L/N relevance test (E5), E6 (Reform disambiguation, if applicable) and E8 (genuine editorial content) before it can count as eligible. This record also matched a Reform-related query - E6 manual disambiguation is mandatory before inclusion (protocol requirement, not optional).",yes,,exclude,,,,E5-NO-L-OR-N-RULE-MET,,,,"Keir Starmer has condemned Donald Trump’s claim that Nato allies did no properly fight alongside the US in Afghanistion, calling it “insulting and, frankly, appalling”.",,,,high,,,,,,,,,,,"UK politics: Trump’s Nato claims ‘insulting and frankly appalling’, says Starmer –as it happened",2026-01-23,104,"likely E4-CLEAR (104 days before polling day - a genuine result leak would require the DATE itself being wrong, not just a careless read; still confirm by skimming for any reference to a declared result)","Keir Starmer has condemned Donald Trump’s claim that Nato allies did no properly fight alongside the US in Afghanistion, calling it “insulting and, frankly, appalling”. It is the harshest rebuke he has ever delivered in public to the US president, with whom he has invested considerable time and effort over the past year establishing good relations. In the past Starmer generally declined to criticise Trump in public over things Trump has said or done that have offended British political opinion. But the backlash against Trump’s comment has been unprecedented. Even Prince Harry has issued a statement dismissing his comments as factually wrong and disrespectful. While Trump said that non-US Nato troops stayed away the front line in Afghanistan (see 8.56am), Denmark, the UK and Estonia had death rates that, as proportion of overall population, were similar to America’s. Here are the figures from the BBC. Angela Rayner, the former deputy PM, is reportedly due to join those Labour figures saying the party should not block Andy Burnham standing to be a candidate in the Gorton and Denton byelection, where the Labour MP Andrew Gwynne resigned today. (See 5.18pm.) Burnham will have to decide whether or not to stand by tomorrow afternoon. For a full list of all the stories covered on the blog today, do scroll through the list of key event headlines near the top of the blog. Prince Harry, who served in Afghanistan as a helicopter co-pilot gunner, has issued a statement implicitly critici... [truncated, 40558 chars total - full text at data/raw/news/text/NEWS-guardian_api-b8d0e3d8c505.txt]",data/raw/news/text/NEWS-guardian_api-b8d0e3d8c505.txt
NEWS-guardian_api-bb95e839ab74,SCC-2021-05,guardian_api,local,SCC-2021-05:local,full_corpus,pending_human_review,"Clears every mechanically-checkable rule. Still requires the human pass for E4 (result leakage), the L/N relevance test (E5), E6 (Reform disambiguation, if applicable) and E8 (genuine editorial content) before it can count as eligible.",,,exclude,not_applicable,,,E5-NO-L-OR-N-RULE-MET,E6-NOT-REFORM-FLAGGED,,,Here’s a roundup of what happened today: Passengers on flights into the UK from India must now enter hotel quarantine as the country is officially added to the UK’s coronavirus travel red list.,,,,high,,,,,,,,,,,UK Covid live news: England’s R number rises slightly as infection levels fall across the UK – as it happened,2021-04-23,13,"likely E4-CLEAR (13 days before polling day - a genuine result leak would require the DATE itself being wrong, not just a careless read; still confirm by skimming for any reference to a declared result)","Here’s a roundup of what happened today: Passengers on flights into the UK from India must now enter hotel quarantine as the country is officially added to the UK’s coronavirus travel red list. As of 4am on Friday, people returning from India must quarantine in a government-approved hotel for 10 days. Hospitals in India have been consumed by a desperate scramble for oxygen after the country recorded the world’s highest daily tally of coronavirus cases for a second consecutive day, pushing health services to the brink. Coronavirus vaccines “remain out of reach” in the poorest countries. In a report on Friday, marking the first anniversary of the COVAX dose-sharing facility, the head of the World Health Organization (WHO) has denounced “inequities” in vaccine distribution. Mark Drakeford, the first minister in Wales, has denied that his decision to bring forward the easing of some restrictions in Wales by two weeks is to do with the forthcoming Senedd election. The Welsh Labour leader said the changes are due to the creation of “extra headroom” in the public health situation amid criticism from opposition parties. One shot of the Oxford/AstraZeneca or Pfizer/BioNTech vaccine reduces coronavirus infections by nearly two-thirds and protects older and more vulnerable people as much as younger, healthy individuals, a study has found. Infection levels in England continue to fall. Around one in 610 people in private households in England had Covid-19 in the week to April 16, accordin... [truncated, 30222 chars total - full text at data/raw/news/text/NEWS-guardian_api-bb95e839ab74.txt]",data/raw/news/text/NEWS-guardian_api-bb95e839ab74.txt
NEWS-guardian_api-bbbb401ce3ee,SCC-2017-05,guardian_api,local,SCC-2017-05:local,full_corpus,pending_human_review,"Clears every mechanically-checkable rule. Still requires the human pass for E4 (result leakage), the L/N relevance test (E5), E6 (Reform disambiguation, if applicable) and E8 (genuine editorial content) before it can count as eligible.",,,include,not_applicable,,,E5-L4-COUNTY-WIDE,E6-NOT-REFORM-FLAGGED,,,"This time he came armed with what he described as leaked texts, exchanged between David Hodge, leader of Surrey county council, and a mystery official named “Nick” in the Department for Communities and Local Government.",,,,high,,,,,,,,,,,PMQs verdict: Jeremy Corbyn's leaked texts give him the upper hand,2017-02-08,85,"likely E4-CLEAR (85 days before polling day - a genuine result leak would require the DATE itself being wrong, not just a careless read; still confirm by skimming for any reference to a declared result)","Key points A rowdy exchange, in which the Speaker interrupted four times to call for order. Jeremy Corbyn returned to a consistent theme this winter: the funding crisis in social care and the broader strain on the NHS. This time he came armed with what he described as leaked texts, exchanged between David Hodge, leader of Surrey county council, and a mystery official named “Nick” in the Department for Communities and Local Government. Surrey had until this week planned to hold a referendum on a 15% rise in council tax to pay for the spiralling costs of social care, but on Tuesday abandoned the idea. Corbyn said the texts indicated the government had cut a secret deal with Surrey council – presumably to provide extra funding in return for the referendum being called off – and demanded to know the details, and whether the same deal would apply to councils across the country. He wondered if it was merely coincidence that the health secretary and the chancellor represented Surrey constituencies. Theresa May dodged the question but said every council had been given the opportunity to raise a 3% “precept” to fund social care provision. She accused Corbyn, in a nod to US politics, of presenting “alternative facts” and claimed the Conservatives would spend £0.5tn on the NHS during the course of this parliament, whereas Labour wished to borrow the same amount. Snap verdict Flash rhetoric and clever questions are fine at PMQs, but facts are better – and Corbyn demonstrated how nothing ... [truncated, 2734 chars total - full text at data/raw/news/text/NEWS-guardian_api-bbbb401ce3ee.txt]",data/raw/news/text/NEWS-guardian_api-bbbb401ce3ee.txt
NEWS-guardian_api-bbcc13755f57,ESWS-2026-05,guardian_api,local,ESWS-2026-05:local,full_corpus,pending_human_review,"Clears every mechanically-checkable rule. Still requires the human pass for E4 (result leakage), the L/N relevance test (E5), E6 (Reform disambiguation, if applicable) and E8 (genuine editorial content) before it can count as eligible.",,,exclude,not_applicable,,,E5-NO-L-OR-N-RULE-MET,E6-NOT-REFORM-FLAGGED,,,I agree with Julian Richer: the circumstances into which we are born affect how we get on in life (Do you feel lucky?,,,,high,,,,,,,,,,,The benefits of remembering how lucky we are | Letters,2025-11-20,168,"likely E4-CLEAR (168 days before polling day - a genuine result leak would require the DATE itself being wrong, not just a careless read; still confirm by skimming for any reference to a declared result)","I agree with Julian Richer: the circumstances into which we are born affect how we get on in life (Do you feel lucky? Why acknowledging our own good fortune would make the world a better place, 17 November). I had a relatively ordinary background and worked in the public sector, but the security I had allowed me to have a good life. As he says, these things are not available to so many children. Considering the wealth in this country, that is a disgrace. In 2009, the Guardian published an article about 1948 being the best year to have been born. This was based on every aspect of life you can think of: free education, NHS, availability of work, final-salary pensions and opportunities to buy houses at sensible prices. I was born in 1948. What a total privilege. Mary Mullarkey Lostwithiel, Cornwall • Julian Richer’s article is so correct about the place of sheer luck in our achievements. Having been born in 1940, I have had the full benefit of the 1945-51 Labour government’s radical changes to society. I have had the support of the health service virtually all my life, I was enabled to be the first in my family to get a university degree, and when I was about 12 my family moved into smart new social housing. All this was brought about by a government with vision, despite inheriting a war-bankrupt economy. And, because of the policies of the 1940s, by the time I needed employment there were many opportunities to choose from. Young people desperately need a Labour government with ... [truncated, 3423 chars total - full text at data/raw/news/text/NEWS-guardian_api-bbcc13755f57.txt]",data/raw/news/text/NEWS-guardian_api-bbcc13755f57.txt
NEWS-guardian_api-bcd2665ba961,SCC-2021-05,guardian_api,local,SCC-2021-05:local,full_corpus,pending_human_review,"Clears every mechanically-checkable rule. Still requires the human pass for E4 (result leakage), the L/N relevance test (E5), E6 (Reform disambiguation, if applicable) and E8 (genuine editorial content) before it can count as eligible.",,,exclude,not_applicable,,,E5-NO-L-OR-N-RULE-MET,E6-NOT-REFORM-FLAGGED,,,"The last time cricket appeared in the Commonwealth Games, in 1998, England paused, filed their nails, and decided it wasn’t for them.",,,,high,,,,,,,,,,,The Spin | Commonwealth Games T20 can help ignite huge 2022 for women's cricket,2020-11-24,163,"likely E4-CLEAR (163 days before polling day - a genuine result leak would require the DATE itself being wrong, not just a careless read; still confirm by skimming for any reference to a declared result)","The last time cricket appeared in the Commonwealth Games, in 1998, England paused, filed their nails, and decided it wasn’t for them. The one-day tournament was to be held in Kuala Lumpur in September, just as the County Championship was coming to a head. Clearly, in those late 20th-century days, this was a heady clash too far. Leicestershire went on to win the championship that summer, for the second time in three years, after thrashing Surrey at the Oval. John Crawley topped the championship’s batting averages, while Courtney Walsh and Andrew Caddick took more than 100 wickets. England women, under the leadership of Karen Smithies, drew a three-Test series against Australia. Another time, another time. But if England were too busy with domestic cricket to turn their eyes to Malaysia, other sides were double-booked. Pakistan were down a couple of players, with Wasim Akram and Saqlain Mushtaq committed to Lancashire and Surrey respectively, but they also had to conjure up a side for the Sahara Cup in Toronto against India, which was scheduled for the same month. Northern Ireland and Scotland went along to Malaysia, as did Antigua &amp; Barbuda (coached by Viv Richards), Barbados, Jamaica, and a weakened Sri Lanka – without Sanath Jayasuriya, Arjuna Ranatunga and Aravinda de Silva. Of the 16 teams who turned up, the only Test sides at full strength were New Zealand, Australia and South Africa, with New Zealand duly winning bronze and South Africa beating Australia in the final... [truncated, 5384 chars total - full text at data/raw/news/text/NEWS-guardian_api-bcd2665ba961.txt]",data/raw/news/text/NEWS-guardian_api-bcd2665ba961.txt
NEWS-guardian_api-bce64ef7b669,SCC-2021-05,guardian_api,local,SCC-2021-05:local,full_corpus,pending_human_review,"Clears every mechanically-checkable rule. Still requires the human pass for E4 (result leakage), the L/N relevance test (E5), E6 (Reform disambiguation, if applicable) and E8 (genuine editorial content) before it can count as eligible.",,,exclude,not_applicable,,,E5-NO-L-OR-N-RULE-MET,E6-NOT-REFORM-FLAGGED,,,"Matt Hancock, the health secretary, has confirmed that intensified testing is being deployed in eight postcode areas in England in a bid to stamp out the South African variant of coronavirus.",,,,high,,,,,,,,,,,UK Covid: Hancock says 'we need to come down hard' on South African variant after 105 cases identified - as it happened,2021-02-01,94,"likely E4-CLEAR (94 days before polling day - a genuine result leak would require the DATE itself being wrong, not just a careless read; still confirm by skimming for any reference to a declared result)","Matt Hancock, the health secretary, has confirmed that intensified testing is being deployed in eight postcode areas in England in a bid to stamp out the South African variant of coronavirus. He said 105 cases have been identified in the country, of which 11 have no link to international travel. These are particularly worrying because they suggest that this variant - which, like the Kent variant, seems more transmissible than the original - is now spreading generally through the community. Hancock said that “we need to come down on it hard”. He said there was no evidence that it was more deadly than the original version of coronavirus. But in practice a variant that spreads more easily does pose a greater threat, and, although the current vaccines that are available are effective against it, they do not seem to counter it quite as forcefully as they do the original version and the Kent variant now dominant in the UK. (See 3.25pm.) This is from my colleague Nicola Davis on the South African variant. Hancock has said that more than half of people in their 70s have now been vaccinated. Speaking at the No 10 press conference he said in his opening statement: I’m so proud of the team, who’ve now vaccinated 9.2 million people across the UK, that includes 931,204 vaccinations just this weekend. And to put that into context – that’s one in every 60 adults in the whole United Kingdom vaccinated in one single weekend. It’s a mammoth effort ... We’ve now vaccinated almost nine in 10 of ... [truncated, 46214 chars total - full text at data/raw/news/text/NEWS-guardian_api-bce64ef7b669.txt]",data/raw/news/text/NEWS-guardian_api-bce64ef7b669.txt
NEWS-guardian_api-bdb7815f48f7,SCC-2017-05,guardian_api,local,SCC-2017-05:local,full_corpus,pending_human_review,"Clears every mechanically-checkable rule. Still requires the human pass for E4 (result leakage), the L/N relevance test (E5), E6 (Reform disambiguation, if applicable) and E8 (genuine editorial content) before it can count as eligible.",,,exclude,not_applicable,,,E5-NO-L-OR-N-RULE-MET,E6-NOT-REFORM-FLAGGED,,,"Gordon Brown calls for a people’s convention to brainstorm ways of reducing the growing economic gap between the south-east and the rest of Britain (Any Brexit deal must seek to mend the north-south divide, 9 November).",,,,high,,,,,,,,,,,Regionalism needed to bridge north-south divide | Letters,2016-11-14,171,"likely E4-CLEAR (171 days before polling day - a genuine result leak would require the DATE itself being wrong, not just a careless read; still confirm by skimming for any reference to a declared result)","Gordon Brown calls for a people’s convention to brainstorm ways of reducing the growing economic gap between the south-east and the rest of Britain (Any Brexit deal must seek to mend the north-south divide, 9 November). As he notes, recent governments – Labour and Tory – have exacerbated the problem by reducing regional aid and skewing both transport and R&amp;D investment toward the south. However well northern schools and universities perform, the productivity and skills gap will persist in northern cities due to the brain drain of skilled workers to better-paid jobs, usually service not manufacturing, in southern England. The pro-Trump US rustbelt, and much of southern and eastern Europe, face similarly intractable brain drains. Breaking the vicious circle will require, as well as devolving power to cities and regions, better focused central government intervention. First, it should prioritise improved northern transport, within and between cities, over the dubious benefits of HS2, which has been rushed through without rigorous cost-benefit examination and against the advice of most experts. Having chosen Hinkley Point and Heathrow over better-value, greener alternatives, Theresa May needs to avoid an HS2 triple whammy. Second, it should recognise that hi-tech service industries can be as productive as manufacturing, and that most of the growth will come from a march of services rather than makers. One example would be to accelerate the growing media industry hub in Manche... [truncated, 5453 chars total - full text at data/raw/news/text/NEWS-guardian_api-bdb7815f48f7.txt]",data/raw/news/text/NEWS-guardian_api-bdb7815f48f7.txt
NEWS-guardian_api-be0a15d68349,SCC-2021-05,guardian_api,local,SCC-2021-05:local,full_corpus,pending_human_review,"Clears every mechanically-checkable rule. Still requires the human pass for E4 (result leakage), the L/N relevance test (E5), E6 (Reform disambiguation, if applicable) and E8 (genuine editorial content) before it can count as eligible.",,,exclude,not_applicable,,,E5-NO-L-OR-N-RULE-MET,E6-NOT-REFORM-FLAGGED,,,"When the UK’s first victim of Covid-19 died on 5 March 2020, there were only 116 recorded infections in the country and few people countenanced a death toll of 100,000.",,,,medium,,,,,,,,,,,Dealing with death: Covid's toll on UK crematoria and morgues,2021-01-14,112,"likely E4-CLEAR (112 days before polling day - a genuine result leak would require the DATE itself being wrong, not just a careless read; still confirm by skimming for any reference to a declared result)","When the UK’s first victim of Covid-19 died on 5 March 2020, there were only 116 recorded infections in the country and few people countenanced a death toll of 100,000. But for government planners it was different. Emergency response experts tasked with “mortality management” braced for a death toll that they feared would dwarf anything seen since the second world war. As fatalities mounted in China and Italy, the worst-case scenario for the UK was so grim that one scheme hatched involved storing thousands of bodies in a warehouse in east London. Another was to anchor a ship in the Thames and load it with containers adapted to hold racks of bodies, a senior official who worked on the plans as part of London’s “gold command” told the Guardian. “It was incredibly chilling,” they said. In Birmingham, plans were developed for a mortuary in an airport hangar, in Glasgow a warehouse on an industrial estate was primed, and in Cardiff the Welsh government began sourcing space to hold bodies amid fears of a worst-case death toll of 20,000. Existing disaster plans for handling pandemics, natural disasters and terrorist attacks show London had 3,500 mortuary spaces. But the capital braced for the virus with an additional 12,000 mortuary spaces. If cemeteries could not cope, bodies would be frozen to await their final committal. There were plans to transport scores of bodies at a time between storage locations in trucks, the official said, a practice that risks misidentifying or even los... [truncated, 5406 chars total - full text at data/raw/news/text/NEWS-guardian_api-be0a15d68349.txt]",data/raw/news/text/NEWS-guardian_api-be0a15d68349.txt
NEWS-guardian_api-bee74be02594,SCC-2021-05,guardian_api,local,SCC-2021-05:local,full_corpus,pending_human_review,"Clears every mechanically-checkable rule. Still requires the human pass for E4 (result leakage), the L/N relevance test (E5), E6 (Reform disambiguation, if applicable) and E8 (genuine editorial content) before it can count as eligible.",,,exclude,not_applicable,,,E5-NO-L-OR-N-RULE-MET,E6-NOT-REFORM-FLAGGED,,,Thank you for following our live coverage on what has been a fairly depressing day.,,,,high,,,,,,,,,,,Global cases pass 75m mark; Boris Johnson announces new tier 4 and tightens Christmas rules - as it happened,2020-12-18,139,"likely E4-CLEAR (139 days before polling day - a genuine result leak would require the DATE itself being wrong, not just a careless read; still confirm by skimming for any reference to a declared result)","Thank you for following our live coverage on what has been a fairly depressing day. You can follow our ongoing rolling coverage of the coronavirus crisis here. This is how things currently stand. More than 75.06 million people have been reported to be infected by the novel coronavirus globally and 1,679,707 have died, according to a Reuters tally. A new coronavirus strain, which has been discovered in South East England, could be up to 70% more transmissible. It doesn’t seem to be more dangerous but does seem to spread more easily and could increase the R by 0.4 or more. From midnight tonight, London, the south-east and the east of England will enter tier 4 — the toughest level of restrictions, similar to the last national lockdown in November. The relaxation of rules for Christmas has been scrapped for much of south-east England and cut to just Christmas Day for the rest of England. Scotland announced a strict travel ban with the rest of the UK, festive bubbles will only be allowed on Christmas Day and level 4 restrictions from Boxing Day. Meanwhile Wales will be placed under lockdown from midnight tonight with all festive relaxation plans limited to Christmas Day only. Distribution of the Moderna vaccine will begin to more than 3,800 sites across the United States this weekend, after it was approved on Friday by the medicines regulator, the Food and Drug Administration. Health authorities in Thailand reported 516 new cases of coronavirus on Saturday, by far the biggest one-... [truncated, 119665 chars total - full text at data/raw/news/text/NEWS-guardian_api-bee74be02594.txt]",data/raw/news/text/NEWS-guardian_api-bee74be02594.txt
NEWS-guardian_api-bfb9a6fc1ec9,SCC-2017-05,guardian_api,local,SCC-2017-05:local,full_corpus,pending_human_review,"Clears every mechanically-checkable rule. Still requires the human pass for E4 (result leakage), the L/N relevance test (E5), E6 (Reform disambiguation, if applicable) and E8 (genuine editorial content) before it can count as eligible.",,,exclude,not_applicable,,,E5-NO-L-OR-N-RULE-MET,E6-NOT-REFORM-FLAGGED,,,"There was a funny incident a few years ago involving Sir Steve Bullock, the elected Labour mayor at the heart of the Millwall compulsory purchase debacle.",,,,high,,,,,,,,,,,Millwall CPO: time for Lewisham’s ‘Mayor Bananaman’ to split? | Barney Ronay,2017-02-08,85,"likely E4-CLEAR (85 days before polling day - a genuine result leak would require the DATE itself being wrong, not just a careless read; still confirm by skimming for any reference to a declared result)","There was a funny incident a few years ago involving Sir Steve Bullock, the elected Labour mayor at the heart of the Millwall compulsory purchase debacle. Announcing a series of austerity-driven cuts to local services, Bullock took to the stage to inform voters at a town hall meeting they were “fucking idiots” for opposing his plans. Not that he actually meant to do this. Bullock had simply forgotten he was mic’d up and broadcasting to the room. “Foul-mouthed mayor’s shock outburst,” the local News Shopper reported. “I think I may have left my microphone on while I was making an aside,” Bullock explained. No biggie! Easy mistake to make! Looking back, it is a fairly apt summary of the past few months, the gathering public outcry that has now led to the mothballing of the plan to seize Millwall’s land and sell it on to an offshore-registered developer. Once again the microphone has been left on. The blinds have been lifted, the municipal chamber flushed with light. The fucking idiots are back. And this time they are not going away. The great Brian Glanville, who has seen it all from Fifa corruption to despot-friendly World Cups, has written of the “moral squalor” of the council’s plans. Local residents, from the Millwall Ams supporters group to 72-year-old Willow Winston, who would have been evicted from her home under the CPO, have repeatedly called the scheme out for what it is, a secretive land grab in favour of an offshore developer. The pressure will remain until a scheme... [truncated, 7263 chars total - full text at data/raw/news/text/NEWS-guardian_api-bfb9a6fc1ec9.txt]",data/raw/news/text/NEWS-guardian_api-bfb9a6fc1ec9.txt
NEWS-guardian_api-c00ba4d1855d,SCC-2017-05,guardian_api,local,SCC-2017-05:local,full_corpus,pending_human_review,"Clears every mechanically-checkable rule. Still requires the human pass for E4 (result leakage), the L/N relevance test (E5), E6 (Reform disambiguation, if applicable) and E8 (genuine editorial content) before it can count as eligible.",,,needs_second_review,not_applicable,,,E5-BORDERLINE-PLACE-MENTION,E6-NOT-REFORM-FLAGGED,,,"It’s something Surrey county council’s leader, David Hodge, will be well aware of after messages meant for a government adviser called Nick instead went to someone else called Nick – who promptly leaked it to Jeremy Corbyn.",,,,,,,,,,,,,,,Have you ever sent a text or email to the wrong person?,2017-02-08,85,"likely E4-CLEAR (85 days before polling day - a genuine result leak would require the DATE itself being wrong, not just a careless read; still confirm by skimming for any reference to a declared result)","That message was really not intended for them. But once you’ve pressed send, there’s nothing you can do. It’s something Surrey county council’s leader, David Hodge, will be well aware of after messages meant for a government adviser called Nick instead went to someone else called Nick – who promptly leaked it to Jeremy Corbyn. The messages showed Hodge discussing a “memorandum of understanding” between the local authority and government. Corbyn has now accused Theresa May of offering a sweetheart deal to the Conservative-led council to avoid a local referendum on raising council tax to fund social care. Have you ever found yourself in a similar situation? We want to hear from readers about texts, emails or phone calls gone awry, where messages have ended up in the wrong hands (or inboxes). Submitting your story using the form below.",data/raw/news/text/NEWS-guardian_api-c00ba4d1855d.txt
NEWS-guardian_api-c07f5f32a33a,SCC-2013-05,guardian_api,local,SCC-2013-05:local,full_corpus,pending_human_review,"Clears every mechanically-checkable rule. Still requires the human pass for E4 (result leakage), the L/N relevance test (E5), E6 (Reform disambiguation, if applicable) and E8 (genuine editorial content) before it can count as eligible.",,,exclude,not_applicable,,,E5-NO-L-OR-N-RULE-MET,E6-NOT-REFORM-FLAGGED,,,"When Dr Fred Kavalier, the former clinical lead at Harmoni, resigned in January 2011, he forwarded to the senior management concerns raised by a Harmoni GP who warned that cuts in the service had led to ""dangerous"" pressure on appointments.",,,,medium,,,,,,,,,,,Former Harmoni clinician warns of 'dangerous' pressure on appointments,2012-12-18,135,"likely E4-CLEAR (135 days before polling day - a genuine result leak would require the DATE itself being wrong, not just a careless read; still confirm by skimming for any reference to a declared result)","When Dr Fred Kavalier, the former clinical lead at Harmoni, resigned in January 2011, he forwarded to the senior management concerns raised by a Harmoni GP who warned that cuts in the service had led to ""dangerous"" pressure on appointments. The GP feared this ""could lead to mistakes being made … the current system is putting patients' health at severe risk"". The GP drew attention to other cases: ""Five-year-old boy whose mother rings at 11pm, no appointments left at any of the bases [which] now finish at 11pm instead of midnight and are generally booked all night … ""Mother requesting a home visit but none available as there were 12 visits already tagged on the system … ""One newborn with diarrhoea and vomiting and almost zero oral intake for three days waiting 90 minutes to be seen as 'urgent' at St Pancras … ""A patient from Uxbridge bringing her child to be seen overnight at St Pancras as the only base open as pool is shared across Harmoni's London network, despite taking 90 minutes to drive there … ""A 13-year-old with shortness of breath and wheeze wrongly classified as 'routine', mother rang at 11.47, was rung back at 15.23, next appointment available at 18.00 at Whittington, child then waiting over an hour to be seen by which time he was taken straight into A&amp;E due to extreme difficulty breathing."" Nonetheless, Harmoni won the latest tender for the out of hours GP service in north central London. Documents seen by the Guardian show that other shortlisted bidders outscor... [truncated, 8057 chars total - full text at data/raw/news/text/NEWS-guardian_api-c07f5f32a33a.txt]",data/raw/news/text/NEWS-guardian_api-c07f5f32a33a.txt
NEWS-guardian_api-c16871df2a75,ESWS-2026-05,guardian_api,local,ESWS-2026-05:local,full_corpus,pending_human_review,"Clears every mechanically-checkable rule. Still requires the human pass for E4 (result leakage), the L/N relevance test (E5), E6 (Reform disambiguation, if applicable) and E8 (genuine editorial content) before it can count as eligible.",,,exclude,not_applicable,,,E5-NO-L-OR-N-RULE-MET,E6-NOT-REFORM-FLAGGED,,,"Hastings is the grandfather of international chess tournaments, first staged in 1895 and then every year since 1920, with breaks for war and pandemics.",,,,high,,,,,,,,,,,Chess: Hastings Masters guards tradition and produces an English co-winner,2026-01-09,118,"likely E4-CLEAR (118 days before polling day - a genuine result leak would require the DATE itself being wrong, not just a careless read; still confirm by skimming for any reference to a declared result)","Hastings is the grandfather of international chess tournaments, first staged in 1895 and then every year since 1920, with breaks for war and pandemics. Its vintage years were the 1930s, 50s and 70s, when world champions and challengers lined up to compete, while the badminton legend Sir George Thomas and the Bletchley Park codebreaker Hugh Alexander both shared first after defeating renowned opponents. Nowadays, Hastings has publicity problems, sandwiched as it is between the London Classic and Tata Steel Wijk aan Zee, and running simultaneously with the Magnus Carlsen show in the World Rapid/Blitz. Its traditional support from Hastings borough council has completely vanished, so that this year’s event lacked any player from the world’s top 200 grandmasters. Hastings had a £10,000 prize fund, compared with £50,000 for the London Classic and €1m for the World Rapid/Blitz in Qatar. The Sussex seaside resort maintained its reputation for unveiling new talent. Alex Golding, 22, who tied for first by defeating the experienced GM Simon Willliams in the final round, developed his skills in Guildford, who for years were the dominant team in Britain’s national league, the 4NCL, and in Surrey, the current county champions. Golding was joint winner on 7/9 with Alexander Kovchan, 42, a Ukrainian GM currently resident in London, who leads the Barnet Knights team in the 4NCL. In the decisive final round at Hastings, Kovchan scored in the endgame against the 17-year-old German IM Marius Deu... [truncated, 4673 chars total - full text at data/raw/news/text/NEWS-guardian_api-c16871df2a75.txt]",data/raw/news/text/NEWS-guardian_api-c16871df2a75.txt
NEWS-guardian_api-c1a8cd0f8ccc,SCC-2017-05,guardian_api,local,SCC-2017-05:local,full_corpus,pending_human_review,"Clears every mechanically-checkable rule. Still requires the human pass for E4 (result leakage), the L/N relevance test (E5), E6 (Reform disambiguation, if applicable) and E8 (genuine editorial content) before it can count as eligible.",,,exclude,not_applicable,,,E5-NO-L-OR-N-RULE-MET,E6-NOT-REFORM-FLAGGED,,,"When the Jockey Club announced last week that its 10-year plan involved the sale of Kempton Park for housing to help fund a new all-weather course in Newmarket, its officials bent over backwards to insist that the decision had been taken with a heavy heart.",,,,medium,,,,,,,,,,,Jockey Club plan to sell Kempton is a poor deal for racing as a whole | Greg Wood,2017-01-16,108,"likely E4-CLEAR (108 days before polling day - a genuine result leak would require the DATE itself being wrong, not just a careless read; still confirm by skimming for any reference to a declared result)","When the Jockey Club announced last week that its 10-year plan involved the sale of Kempton Park for housing to help fund a new all-weather course in Newmarket, its officials bent over backwards to insist that the decision had been taken with a heavy heart. Roger Weatherby, the senior steward, talked of showing “leadership with the assets we have” and taking “tough decisions to help our sport keep moving forward”. The loss of Kempton, he stressed, was painful, but the only way to raise £100m or more to put towards a bright new future. It is a claim that seems more difficult to swallow with every passing day. Spelthorne Borough Council, which covers Kempton, made it clear last week that the racecourse was not what it had in mind when it put out a “Call For Sites” that might be suitable for development. Local residents will fight the Jockey Club every step of the way as well. And as James Waters, the leader of Forest Heath district council, pointed out yesterday, there is a pressing need for new housing in and around Newmarket as well as in Sunbury. In addition to its extensive property portfolio in the town, and the famous collection of priceless paintings in the Jockey Club rooms, the club’s website states that it owns 4,500 acres of land in the area, of which about 2,500 comprises the famous gallops. That would seem to leave about 2,000 acres, a fraction of which is now earmarked for the new all-weather track. Land for residential development around Newmarket is not quite as... [truncated, 4039 chars total - full text at data/raw/news/text/NEWS-guardian_api-c1a8cd0f8ccc.txt]",data/raw/news/text/NEWS-guardian_api-c1a8cd0f8ccc.txt
NEWS-guardian_api-c4dcbaa0515e,SCC-2021-05,guardian_api,local,SCC-2021-05:local,full_corpus,pending_human_review,"Clears every mechanically-checkable rule. Still requires the human pass for E4 (result leakage), the L/N relevance test (E5), E6 (Reform disambiguation, if applicable) and E8 (genuine editorial content) before it can count as eligible.",,,needs_second_review,not_applicable,,,E5-BORDERLINE-PLACE-MENTION,E6-NOT-REFORM-FLAGGED,,,"Targets in areas such as Hampshire and Surrey were increased significantly, and now the Ministry of Housing, Communities &amp; Local Government (MHCLG) reportedly wants to make the system “fairer”.",,,,,,,,,,,,,,,"Empty offices must not become 'rabbit hutch' homes, say English councils",2020-11-15,172,"likely E4-CLEAR (172 days before polling day - a genuine result leak would require the DATE itself being wrong, not just a careless read; still confirm by skimming for any reference to a declared result)","Councils have warned that offices left empty by the coronavirus pandemic must not be turned into sub-standard “rabbit hutch” homes, after a government climbdown indicated a shift in housebuilding targets away from the southern shires and toward towns and cities. Thousands more homes are set to be built in urban areas, particularly in the Midlands and north of England after the government said it would adjust a housing targets algorithm that had sparked a rebellion from MPs and council leaders representing Conservative heartlands. Targets in areas such as Hampshire and Surrey were increased significantly, and now the Ministry of Housing, Communities &amp; Local Government (MHCLG) reportedly wants to make the system “fairer”. The move has raised fresh fears about the standard of housing that may result. Officials plan to use the new strategy to reshape town and city centres hit hard by the pandemic, repurposing some vacant offices and shops as homes. “We have opposed the algorithm on the basis housing has to be built where it is needed and councils are best placed to decide,” said David Renard, the Local Government Association’s housing spokesman. “It is helpful to focus on towns and city centres as we know retail is shrinking and we need to repurpose these places. At a high level this could be a good policy, but converting offices into poor-quality housing isn’t something we want to see.” Planning rules currently allow builders to turn offices into homes without planning permi... [truncated, 3643 chars total - full text at data/raw/news/text/NEWS-guardian_api-c4dcbaa0515e.txt]",data/raw/news/text/NEWS-guardian_api-c4dcbaa0515e.txt
NEWS-guardian_api-c527e4dfb9e0,SCC-2013-05,guardian_api,local,SCC-2013-05:local,full_corpus,pending_human_review,"Clears every mechanically-checkable rule. Still requires the human pass for E4 (result leakage), the L/N relevance test (E5), E6 (Reform disambiguation, if applicable) and E8 (genuine editorial content) before it can count as eligible.",,,exclude,not_applicable,,,E5-NO-L-OR-N-RULE-MET,E6-NOT-REFORM-FLAGGED,,,"It may have been the ""apparently high mortality rates in patients admitted as emergencies"" that prompted the first of many investigations into Stafford Hospital.",,,,high,,,,,,,,,,,Cameron wants care and compassion? He'd do well to show some himself | Deborah Orr,2013-02-09,82,"likely E4-CLEAR (82 days before polling day - a genuine result leak would require the DATE itself being wrong, not just a careless read; still confirm by skimming for any reference to a declared result)","It may have been the ""apparently high mortality rates in patients admitted as emergencies"" that prompted the first of many investigations into Stafford Hospital. But it's the reports of bedridden patients lying in their own urine and excrement that illustrate the depth of the ""systemic failure"" at the hospital. Because everybody knows that isn't right. You need no training – medical or otherwise – no management expertise or experience, no special ""vocation"" or long-honed skill, to understand that you don't do that to animals, let alone humans. And that, in a nutshell, is the problem. Our intensely hierarchical economic system runs on specialisation – the attainment of qualifications, the accumulation of experience, the possession of skill, talent, instinct, flair, ruthlessness, the ability to manage or make money, all wrapped up in a bundle that makes an individual special and unique. So the things that all humans are expected to comprehend, and be able to turn their hand to, have no value. I'm not just talking about the NHS. Of course, hospitals contain concentrated numbers of people who can't get to the loo by themselves, and a lack of cleanliness can and does have sometimes fatal consequences. So the general failure to reward ""menial"" tasks is particularly egregious in hospitals. But it's the norm now, in all organisations, for the people who clean up after others to be unimportant, poorly paid and denied the employment rights that are awarded to those they serve. David Ca... [truncated, 6854 chars total - full text at data/raw/news/text/NEWS-guardian_api-c527e4dfb9e0.txt]",data/raw/news/text/NEWS-guardian_api-c527e4dfb9e0.txt
NEWS-guardian_api-c5c4ee28dede,SCC-2013-05,guardian_api,local,SCC-2013-05:local,full_corpus,pending_human_review,"Clears every mechanically-checkable rule. Still requires the human pass for E4 (result leakage), the L/N relevance test (E5), E6 (Reform disambiguation, if applicable) and E8 (genuine editorial content) before it can count as eligible.",,,exclude,not_applicable,,,E5-NO-L-OR-N-RULE-MET,E6-NOT-REFORM-FLAGGED,,,"The letter from Charles Kennedy, Paddy Ashdown et al (23 January) is patronising and silly.",,,,high,,,,,,,,,,,Letters: PR man or PM?,2013-01-23,99,"likely E4-CLEAR (99 days before polling day - a genuine result leak would require the DATE itself being wrong, not just a careless read; still confirm by skimming for any reference to a declared result)","The letter from Charles Kennedy, Paddy Ashdown et al (23 January) is patronising and silly. The electorate was promised a referendum by Tony Blair and knows it. And politicians should not assume voters will choose to leave the EU just because they are not as clever as unsuccessful former Lib Dem leaders. David Harris London • So Liam Fox is satisfied with David Cameron's referendum speech (Report, 21 January). Perhaps it's more important, though, for us to know how satisfied are Shell, AstraZeneca, Novartis, Atkins, Balfour Beatty, Nestlé, Unilever and all the other multinationals embedded within government departments (More multinationals to get access to ministers, 19 January). Anthony Clarke Loughborough, Leicestershire • Your juxtaposition of the Cameron in-out proposal with the report on ""le pong"" was most apt. A reminder that we will remain part of Europe whether we vote to stay in or not. Vive le pong! David Reed London • Europe does not require destructive bullies in London. Let the citizens vote in England now. And if Scotland is next in the EU, Hadrian's Wall is rebuilt. Werner Thiel Greven, Germany • It came as a surprise to hear Mr Cameron compare his speech to tantric sex. What's the connection? I thought. And then, as I listened to his banging on about what he called ""an in-out referendum"", the penny began to drop. Gareth Pritchard Daventry, Northamptonshire • Hard-working PR man at No 10 called Dave. Any chance of a prime minister before the next election? John... [truncated, 1713 chars total - full text at data/raw/news/text/NEWS-guardian_api-c5c4ee28dede.txt]",data/raw/news/text/NEWS-guardian_api-c5c4ee28dede.txt
NEWS-guardian_api-c8927ce213d9,SCC-2017-05,guardian_api,local,SCC-2017-05:local,full_corpus,pending_human_review,"Clears every mechanically-checkable rule. Still requires the human pass for E4 (result leakage), the L/N relevance test (E5), E6 (Reform disambiguation, if applicable) and E8 (genuine editorial content) before it can count as eligible.",,,exclude,not_applicable,,,E5-NO-L-OR-N-RULE-MET,E6-NOT-REFORM-FLAGGED,,,The plan to evict Millwall from their land around The Den by compulsory purchase order (CPO) has been abandoned after months of fierce public pressure.,,,,high,,,,,,,,,,,Millwall CPO scrapped as Lewisham mayor calls time on development plan,2017-01-25,99,"likely E4-CLEAR (99 days before polling day - a genuine result leak would require the DATE itself being wrong, not just a careless read; still confirm by skimming for any reference to a declared result)","The plan to evict Millwall from their land around The Den by compulsory purchase order (CPO) has been abandoned after months of fierce public pressure. In a statement Lewisham council’s elected mayor, Sir Steve Bullock, said that the CPO on Millwall’s land “should not proceed”, pulling the plug on the plan that could have threatened the club’s future existence in its historical south London home. Residents threatened with eviction by the £1bn regeneration scheme will also be celebrating as a concerted campaign to expose the plans to detailed scrutiny has finally borne fruit. In a statement Bullock said: “I have always been clear that Millwall must be at the heart of the development and it is my view that these concerns need to be thoroughly addressed, the CPO should not proceed and that all parties concerned should enter discussions to identify an agreed way to achieve the regeneration of this area while resolving these concerns.” Under the proposed scheme Lewisham council planned to seize Millwall’s land, evict the club’s prized community trust and sell the land on to an offshore-registered developer called Renewal. As first reported in the Guardian, Renewal was founded by two former Lewisham council officers, one of them the previous Labour mayor. The developers are ultimately owned and administered behind a veil of secrecy in the British Virgin Islands and the Isle of Man. The CPO might have been passed last September but for the objections of the council’s own scrutiny co... [truncated, 8398 chars total - full text at data/raw/news/text/NEWS-guardian_api-c8927ce213d9.txt]",data/raw/news/text/NEWS-guardian_api-c8927ce213d9.txt
NEWS-guardian_api-cae122053dfc,SCC-2017-05,guardian_api,local,SCC-2017-05:local,full_corpus,pending_human_review,"Clears every mechanically-checkable rule. Still requires the human pass for E4 (result leakage), the L/N relevance test (E5), E6 (Reform disambiguation, if applicable) and E8 (genuine editorial content) before it can count as eligible.",,,exclude,not_applicable,,,E5-NO-L-OR-N-RULE-MET,E6-NOT-REFORM-FLAGGED,,,"A housing white paper (Theresa May to offer more security for renters, 4 February) will shortly begin its very slow march through the parliamentary processes, ending months ahead with “ping-pong” sorting out differences of opinion between the Lords and the Commons.",,,,medium,,,,,,,,,,,Solutions to the housing crisis are needed now | Letters,2017-02-06,87,"likely E4-CLEAR (87 days before polling day - a genuine result leak would require the DATE itself being wrong, not just a careless read; still confirm by skimming for any reference to a declared result)","A housing white paper (Theresa May to offer more security for renters, 4 February) will shortly begin its very slow march through the parliamentary processes, ending months ahead with “ping-pong” sorting out differences of opinion between the Lords and the Commons. Meanwhile middle- and low-income citizens become debtors, hungry, homeless and ill due to ever-increasing and unaffordable rents. The housing crisis is now. A crisis normally calls for immediate action. Tenants need an emergency housing bill, passed swiftly though parliament, which places an immediate freeze on rent increases prior to introducing rent controls and immediately introduces land value tax on all unused land and empty property, to force it into use, with a view to replacing various inefficient taxes with land value tax on all UK land. Professor Kate Pickett, Emeritus Professor Richard Wilkinson, Stephen Hill, Merton Land Reform Group, Fred Harrison, Land Research Trust, Rev Paul Nicolson, Taxpayers Against Poverty • I was delighted to read that Gavin Barwell recognises the need for more sheltered housing to encourage older people to free up larger family accommodation (Sheltered housing at centre of plans to free up homes, 6 February). Barwell also needs to appreciate that sheltered housing does so much more than free up larger accommodation (and it will only do this where there is good quality accessible and affordable sheltered housing where older people want to live). Sheltered housing and its suppor... [truncated, 4951 chars total - full text at data/raw/news/text/NEWS-guardian_api-cae122053dfc.txt]",data/raw/news/text/NEWS-guardian_api-cae122053dfc.txt
NEWS-guardian_api-cb07df4f74ca,SCC-2021-05,guardian_api,local,SCC-2021-05:local,full_corpus,pending_human_review,"Clears every mechanically-checkable rule. Still requires the human pass for E4 (result leakage), the L/N relevance test (E5), E6 (Reform disambiguation, if applicable) and E8 (genuine editorial content) before it can count as eligible.",,,exclude,not_applicable,,,E5-NO-L-OR-N-RULE-MET,E6-NOT-REFORM-FLAGGED,,,"Cathy Creswell’s message is one of urgency: recent research revealed that one in six children in England aged five to 16 now has a probable mental disorder, with Covid and lockdown identified as aggravating factors.",,,,high,,,,,,,,,,,Cathy Creswell: The government has failed children and young people in this pandemic,2020-11-17,170,"likely E4-CLEAR (170 days before polling day - a genuine result leak would require the DATE itself being wrong, not just a careless read; still confirm by skimming for any reference to a declared result)","Cathy Creswell’s message is one of urgency: recent research revealed that one in six children in England aged five to 16 now has a probable mental disorder, with Covid and lockdown identified as aggravating factors. Creswell, professor of developmental clinical psychology at Oxford, argues that it’s not just the pandemic to blame. She says the damage to our young people was done by the government’s response to it. “The primary focus of the government’s approach to the pandemic has been about restricting the spread of the virus and thinking about the immediate economy,” says Creswell, who is leading the Co-Space study, which is researching how families are coping during the pandemic and what parents can do to help support their children’s mental health. “They didn’t think about the broader impact those measures are having – particularly the longer-term impacts which will be particularly relevant to younger generations. “The government’s firefighting approach neglected the short, medium and long-term needs of our young people and their families,” she adds. “They failed children, young people and their families in this pandemic.” Creswell was not surprised by the findings of England’s official survey into child mental health last month. A few days before the survey was released, she joined other eminent child specialists speaking out at the launch of the Guardian’s Covid Generation series, warning that children and young people risk being “catastrophically” hit by the “collatera... [truncated, 7464 chars total - full text at data/raw/news/text/NEWS-guardian_api-cb07df4f74ca.txt]",data/raw/news/text/NEWS-guardian_api-cb07df4f74ca.txt
NEWS-guardian_api-cb562159d487,SCC-2017-05,guardian_api,local,SCC-2017-05:local,full_corpus,pending_human_review,"Clears every mechanically-checkable rule. Still requires the human pass for E4 (result leakage), the L/N relevance test (E5), E6 (Reform disambiguation, if applicable) and E8 (genuine editorial content) before it can count as eligible.",,,exclude,not_applicable,,,E5-NO-L-OR-N-RULE-MET,E6-NOT-REFORM-FLAGGED,,,"Sajid Javid, the communities secretary, has told MPs that the chancellor will announce measures in the budget “to provide further support to businesses facing the steepest increases [from the business rates revaluation]”.",,,,medium,,,,,,,,,,,"Chancellor to soften blow of business rate changes in budget, MPs told - as it happened",2017-02-22,71,"likely E4-CLEAR (71 days before polling day - a genuine result leak would require the DATE itself being wrong, not just a careless read; still confirm by skimming for any reference to a declared result)","Sajid Javid, the communities secretary, has told MPs that the chancellor will announce measures in the budget “to provide further support to businesses facing the steepest increases [from the business rates revaluation]”. See 4.23pm. The government will also review how business rates operate, he said. See 4.14pm. A “hardball” EU will seek to avoid a future trade deal with special terms for different sectors of the economy as wanted by Theresa May, says Britain’s former ambassador to the bloc, warning that Brexit talks could get “gory, bitter and twisted”. Tony Blair has denied that a Labour government paid compensation to the former Guantánamo Bay detainee who went on to blow himself up in Iraq, in a strongly worded statement in which he accused the Daily Mail of hypocritical coverage over the Manchester-born jihadi’s death. Cressida Dick will be the next commissioner of the Metropolitan police, it has been announced. The government has been defeated in the Lords as peers backed plans to dramatically boost the minimum standards for mobile and broadband coverage. As the Press Association reports, amendments to the digital economy bill compel the government to set more ambitious targets for its new universal service obligation (USO), which would currently entitle consumers to a minimum broadband speed of at least 10Mbps. Ministers had faced cross-party calls to accept the amendments, saying they would pave the way for world-class coverage. Culture minister Lord Ashton of Hyde t... [truncated, 52343 chars total - full text at data/raw/news/text/NEWS-guardian_api-cb562159d487.txt]",data/raw/news/text/NEWS-guardian_api-cb562159d487.txt
NEWS-guardian_api-cf142eed0094,SCC-2017-05,guardian_api,local,SCC-2017-05:local,full_corpus,pending_human_review,"Clears every mechanically-checkable rule. Still requires the human pass for E4 (result leakage), the L/N relevance test (E5), E6 (Reform disambiguation, if applicable) and E8 (genuine editorial content) before it can count as eligible.",,,include,not_applicable,,,E5-L4-COUNTY-WIDE,E6-NOT-REFORM-FLAGGED,,,But Surrey is surely an unlikely spot for revolt against Theresa May’s continuity austerity.,,,,medium,,,,,,,,,,,It’s a crisis indeed when the social care rebels are Tories | Polly Toynbee,2017-01-24,100,"likely E4-CLEAR (100 days before polling day - a genuine result leak would require the DATE itself being wrong, not just a careless read; still confirm by skimming for any reference to a declared result)","Even in the worst of times, democracy has a habit of bursting out. With no effective opposition in England and the government 16 points ahead, a primal force against one-party rule usually erupts somewhere. But Surrey is surely an unlikely spot for revolt against Theresa May’s continuity austerity. In this most Conservative county, all 11 MPs are Tory, including the chancellor Philip Hammond, Jeremy Hunt, Chris Grayling and Michael Gove. But the leader of Surrey county council has had enough. He is rebelling against the savagery of local authority cuts and its effect on social care and child protection. After cuts of £170m since 2010, he says cutting any more would do serious harm to vulnerable people. He will raise council tax by 15% (£190 a year on a band D home) which, under David Cameron’s unjust law, requires a referendum – and that makes Surrey the standard bearer for saving local services. It took the remarkable character of David Hodge, the council leader, to take this stand, a man with significant clout as leader of the Conservative group in the Local Government Association. But his moral authority is what sets him head and shoulders above weak LGA leadership of recent years. “I believe we have a duty to look after people,” he told me. “We cut £450m already, we squeezed every efficiency and we can do no more. I am sick and tired of politicians not telling the truth. Surrey people have the right to know and I’m not going to lie.” Surrey is rich but with a low governme... [truncated, 6599 chars total - full text at data/raw/news/text/NEWS-guardian_api-cf142eed0094.txt]",data/raw/news/text/NEWS-guardian_api-cf142eed0094.txt
NEWS-guardian_api-d05a1f5b94af,SCC-2021-05,guardian_api,local,SCC-2021-05:local,full_corpus,pending_human_review,"Clears every mechanically-checkable rule. Still requires the human pass for E4 (result leakage), the L/N relevance test (E5), E6 (Reform disambiguation, if applicable) and E8 (genuine editorial content) before it can count as eligible.",,,exclude,not_applicable,,,E5-NO-L-OR-N-RULE-MET,E6-NOT-REFORM-FLAGGED,,,"My aunt Vera Ivers, who has died aged 89, was a social worker in Staffordshire who specialised in mental health and gerontology.",,,,high,,,,,,,,,,,Vera Ivers obituary,2021-01-29,97,"likely E4-CLEAR (97 days before polling day - a genuine result leak would require the DATE itself being wrong, not just a careless read; still confirm by skimming for any reference to a declared result)","My aunt Vera Ivers, who has died aged 89, was a social worker in Staffordshire who specialised in mental health and gerontology. For many years she worked for the Beth Johnson Foundation, a charity in Stoke-on-Trent, where she set up a network of advocates for elderly people as well as a telephone support line. One of her proudest achievements was the establishment, in 1989, of a cafe in the Hanley area of the city that served as a meeting point and information centre for older people. Vera was born in south London to James Holbourne, who ran a market stall selling fruit and vegetables, and his wife, Anne (nee Jones), who had various jobs, including as a factory worker and school cleaner. The oldest of their five children, Vera went to Haberdashers’ Aske’s school and then, after a period working in factories and cleaning jobs, was accepted in 1969 for nurse training at Goodmayes hospital near Romford in Essex. It was there that she met Richard Ivers, a nurse and social worker, and they married in 1974. Vera was immensely proud of her nursing qualification and went on to be a nurse at the London hospital, in its mental health unit. Soon her interest in mental health led her to become a mental welfare officer in Barking, and then to train as a social worker in Staffordshire (1970-73). Thereafter she specialised in social work related to mental health, working in Stoke-on-Trent from 1973 to 1978, during which time she set up the North Staffordshire chapter of the mental health c... [truncated, 2969 chars total - full text at data/raw/news/text/NEWS-guardian_api-d05a1f5b94af.txt]",data/raw/news/text/NEWS-guardian_api-d05a1f5b94af.txt
NEWS-guardian_api-d07d5ad5e437,SCC-2021-05,guardian_api,local,SCC-2021-05:local,full_corpus,pending_human_review,"Clears every mechanically-checkable rule. Still requires the human pass for E4 (result leakage), the L/N relevance test (E5), E6 (Reform disambiguation, if applicable) and E8 (genuine editorial content) before it can count as eligible.",,,exclude,not_applicable,,,E5-NO-L-OR-N-RULE-MET,E6-NOT-REFORM-FLAGGED,,,We are closing this liveblog down but you can continue to follow our live coverage on our new liveblog here.,,,,high,,,,,,,,,,,UK records 479 more deaths - as it happened,2020-11-27,160,"likely E4-CLEAR (160 days before polling day - a genuine result leak would require the DATE itself being wrong, not just a careless read; still confirm by skimming for any reference to a declared result)","We are closing this liveblog down but you can continue to follow our live coverage on our new liveblog here. Thanks for reading. New South Wales recorded no new cases of locally acquired Covid-19 in the 24 hours to 8pm last night, meaning the state has now gone 22 days without any local transmission. Four cases were reported in overseas travellers. This brings the total number of cases in NSW to 4,379 since the start of the pandemic. Health officials said there still may be transmission among people who have unrecognised infections with mild or no symptoms, and that anyone with symptoms was encouraged to come forwards for testing. There were 10,256 tests reported to 8pm last night, compared with 12,106 in the previous 24 hours. As large parts of the state swelter in 40C temperatures, NSW Health urged people who can cool their homes to stay there so as not to overcrowd public indoor spaces where people seek respite from the heat. Those heading to the beach or pool were also urged to keep 1.5 metres from people, and to swim and leave. That is all from me tonight. I am handing over to my colleague Rebecca Ratcliffe, from the Australian team, now. Here is a quick recap of recent events: From the UK... Another two million doses of a coronavirus vaccine which trials suggest is 95% effective have been secured by the government, bringing the total number of jabs on order from the US firm Moderna to seven million. In the UK, a further 479 people died within 28 days of testing positive... [truncated, 62438 chars total - full text at data/raw/news/text/NEWS-guardian_api-d07d5ad5e437.txt]",data/raw/news/text/NEWS-guardian_api-d07d5ad5e437.txt
NEWS-guardian_api-d2d40ae7f44e,ESWS-2026-05,guardian_api,local,ESWS-2026-05:local,full_corpus,pending_human_review,"Clears every mechanically-checkable rule. Still requires the human pass for E4 (result leakage), the L/N relevance test (E5), E6 (Reform disambiguation, if applicable) and E8 (genuine editorial content) before it can count as eligible.",,,exclude,not_applicable,,,E5-NO-L-OR-N-RULE-MET,E6-NOT-REFORM-FLAGGED,,,"With more of a sparkle in its eye than for years, the County Championship shimmies into life on Good Friday, coat done up, gloves fastened.",,,,high,,,,,,,,,,,England interest rekindled and injury substitutes arrive as county cricket returns,2026-04-02,35,"likely E4-CLEAR (35 days before polling day - a genuine result leak would require the DATE itself being wrong, not just a careless read; still confirm by skimming for any reference to a declared result)","With more of a sparkle in its eye than for years, the County Championship shimmies into life on Good Friday, coat done up, gloves fastened. After years of wrangling, the schedule has been settled (for now), and the three-year Kookaburra ball trial, which had seam bowlers weeping into their Weetabix, dumped, but there is still place for a regulatory tweak, and it’s a substantial one. This year, the England and Wales Cricket Board is trialling substitutes, allowing a player to be replaced by a fully playing sub, rather than just a covering fielder. And the terms of reference have broadened too: the system will cover sickness and significant life events – such as the birth of a child or a family illness – as well as injury. “Most seasons we get three or four questions about a player being replaced to witness the birth of a child,” said Alan Fordham, the ECB’s head of cricket operations, “and the answer has been no. Now the answer will be yes. “There are also unexpected life events. There was the incident around Blair Tickner, whose wife was taken ill during the game. It was a tough message to say: ‘Sorry, you can’t have a replacement player, you have to play with 10.’” In 2024, the New Zealander found out his wife had been diagnosed with leukaemia during a match and played on rather than leaving Derbyshire a man short. The change in regulations has come about because the International Cricket Council asked countries to trial the scheme in their domestic competitions, before poss... [truncated, 4353 chars total - full text at data/raw/news/text/NEWS-guardian_api-d2d40ae7f44e.txt]",data/raw/news/text/NEWS-guardian_api-d2d40ae7f44e.txt
NEWS-guardian_api-d40650a64efe,SCC-2013-05,guardian_api,local,SCC-2013-05:local,full_corpus,pending_human_review,"Clears every mechanically-checkable rule. Still requires the human pass for E4 (result leakage), the L/N relevance test (E5), E6 (Reform disambiguation, if applicable) and E8 (genuine editorial content) before it can count as eligible.",,,exclude,not_applicable,,,E5-NO-L-OR-N-RULE-MET,E6-NOT-REFORM-FLAGGED,,,Campaigning in the Eastleigh byelection stepped up a gear on Monday as Nick Clegg became the first party leader to visit the Hampshire constituency.,,,,high,,,,,,,,,,,Nick Clegg visits Eastleigh,2013-02-11,80,"likely E4-CLEAR (80 days before polling day - a genuine result leak would require the DATE itself being wrong, not just a careless read; still confirm by skimming for any reference to a declared result)","Campaigning in the Eastleigh byelection stepped up a gear on Monday as Nick Clegg became the first party leader to visit the Hampshire constituency. The deputy prime minister said voters would not focus on the actions of the disgraced former Lib Dem minister Chris Huhne, who triggered the byelection after admitting asking his then wife to accept speeding points on his behalf. ""I am confident we will keep hold of this seat but not because I say so but because the people of Eastleigh are telling us that,"" said Clegg. Focusing on the party's local dominance – it is the only place in the country where every councillor at district and county level is a Liberal Democrat – he said voters would focus on its ""record of action"" and said the party had ""to be quite clear where our differences lie"". The byelection has already exposed tensions in the coalition, with the business secretary, Vince Cable, saying the Lib Dems would ""relish"" the opportunity to attack their Tory partners. Speaking after meeting students at the local college, Clegg said: ""Cutting council tax, promoting more apprenticeships, creating jobs, protecting green spaces – those are things that Liberal Democrats haven't just talked about, they are things they have actually done and it's a record of which we are tremendously proud."" Asked repeatedly whether he was prepared to apologise for Huhne's behaviour, Clegg said his former colleague could speak for himself. ""My duty is to make sure that the people of Eastleigh are n... [truncated, 4567 chars total - full text at data/raw/news/text/NEWS-guardian_api-d40650a64efe.txt]",data/raw/news/text/NEWS-guardian_api-d40650a64efe.txt
NEWS-guardian_api-d47443f90681,SCC-2013-05,guardian_api,local,SCC-2013-05:local,full_corpus,pending_human_review,"Clears every mechanically-checkable rule. Still requires the human pass for E4 (result leakage), the L/N relevance test (E5), E6 (Reform disambiguation, if applicable) and E8 (genuine editorial content) before it can count as eligible.",,,needs_second_review,not_applicable,,,E5-BORDERLINE-PLACE-MENTION,E6-NOT-REFORM-FLAGGED,,,"Alastair was born during the second world war to Hilda, an art teacher, and Hugh, a science-fiction cartoonist, in Esher, Surrey; but after his parents divorced, Alastair's father took him to live in Nairobi.",,,,,,,,,,,,,,,Alastair White obituary,2012-12-20,133,"likely E4-CLEAR (133 days before polling day - a genuine result leak would require the DATE itself being wrong, not just a careless read; still confirm by skimming for any reference to a declared result)","My friend Alastair White's childhood in Kenya set the arc of his life. Alastair was born during the second world war to Hilda, an art teacher, and Hugh, a science-fiction cartoonist, in Esher, Surrey; but after his parents divorced, Alastair's father took him to live in Nairobi. Placed in an all-white boarding school, he ran away frequently to the bush; it was on these escapes that he encountered the tribal people whose plight informed his view of the world as unfairly divided. Alastair, who has died aged 71, dedicated himself to improving the lives of the world's poorest and most socially deprived people. After returning to Britain, he went to Battersea grammar school, and at Jesus College, Cambridge, studying languages, he met Ljiljana; they married in 1962. Alastair's PhD was on urban poverty in El Salvador. His social and historical study turned into his first book, El Salvador (1973). When the civil war there finally ended in the 1990s, Alastair was part of a European Union mission to identify ways to help reconstruction of the country. He stressed the need to strengthen institutions to safeguard human rights and fair elections. Alastair was a lecturer in sociology at the universities of Belgrade, Stirling, Brighton and Liverpool, and a consultant in socio-economics for international development agencies. He was resolved that aid must be directed towards projects that are sustainable by local people and be part of a long-term process for reducing social inequality. This ... [truncated, 2647 chars total - full text at data/raw/news/text/NEWS-guardian_api-d47443f90681.txt]",data/raw/news/text/NEWS-guardian_api-d47443f90681.txt
NEWS-guardian_api-d4bb1692d6fa,SCC-2021-05,guardian_api,local,SCC-2021-05:local,full_corpus,pending_human_review,"Clears every mechanically-checkable rule. Still requires the human pass for E4 (result leakage), the L/N relevance test (E5), E6 (Reform disambiguation, if applicable) and E8 (genuine editorial content) before it can count as eligible.",,,exclude,not_applicable,,,E5-NO-L-OR-N-RULE-MET,E6-NOT-REFORM-FLAGGED,,,That’s all from us tonight.,,,,high,,,,,,,,,,,Brexit: Boris Johnson warns of 'strong possibility' of no trade deal with EU – as it happened,2020-12-10,147,"likely E4-CLEAR (147 days before polling day - a genuine result leak would require the DATE itself being wrong, not just a careless read; still confirm by skimming for any reference to a declared result)","That’s all from us tonight. I’ll leave you with this report from Heather Stewart, Jessica Elgot and Lisa O’Carroll on the prime minister’s warning that there is a strong possibility the UK will trade with the EU on WTO terms after 31 December. From Guardian columnist Nesrine Malik Here’s the video clip, in case you missed it earlier, where an oddly jovial Boris Johnson admits there’s a strong possibility the UK government will fail to broker a deal with the EU. This is from Caroline Lucas “What Boris Johnson once described as a failure of statecraft now looms over Downing Street,” writes Guardian columnist Simon Jenkins. “No one in the Brexit camp can begin to explain why the lunacy of no deal is to anyone’s gain. Only Johnson can stop it, and stop it he must.” Here are some extracts: Throughout the negotiations, Britain’s team has misjudged the weakness of its position. All that was required was a continuation treaty for the UK to trade freely with its 27 neighbours, as it had done for 40 years. At stake was 43% of the UK’s total export trade; by contrast, according to 2016 figures, the UK accounts for only 16% of the EU’s exports market. It was never conceivable that the UK could dictate the terms of a treaty. The issue had nothing to do with democracy or sovereignty, only with the terms on which each side wished to do business. The Conservatives politicised the negotiations at every turn. Constantly asserting that Britain would be better off doing deals with the rest of th... [truncated, 65154 chars total - full text at data/raw/news/text/NEWS-guardian_api-d4bb1692d6fa.txt]",data/raw/news/text/NEWS-guardian_api-d4bb1692d6fa.txt
NEWS-guardian_api-d7bae4d9d4c9,SCC-2013-05,guardian_api,local,SCC-2013-05:local,full_corpus,pending_human_review,"Clears every mechanically-checkable rule. Still requires the human pass for E4 (result leakage), the L/N relevance test (E5), E6 (Reform disambiguation, if applicable) and E8 (genuine editorial content) before it can count as eligible.",,,exclude,not_applicable,,,E5-NO-L-OR-N-RULE-MET,E6-NOT-REFORM-FLAGGED,,,Over 40 years ago I worked in the housing department of a London borough that operated a swap shop for tenants looking for larger or smaller properties.,,,,medium,,,,,,,,,,,"These 'spare' bedrooms are far from empty, Mr Shapps",2013-03-10,53,"likely E4-CLEAR (53 days before polling day - a genuine result leak would require the DATE itself being wrong, not just a careless read; still confirm by skimming for any reference to a declared result)","Over 40 years ago I worked in the housing department of a London borough that operated a swap shop for tenants looking for larger or smaller properties. It became clear that elderly tenants moving from their family homes to one-bedroom flats died sooner than would normally have been expected. It was therefore decided not to implement a policy of forcing the elderly to downsize. The borough I lived in, however, decided to implement such a policy, without having sufficient suitable accommodation. The neighbours on either side of my parents were moved into flats high up in tower blocks. One couple with health problems were moved from the eastern boundary to the western boundary of the borough, far away from their support systems of GP, pharmacist, friends, neighbours, shops. Both couples felt isolated, especially by lifts which were frequently out of action. All died within months of being moved – one man in particularly distressing circumstances. So the council gained two three-bedroom houses to reallocate to families and the government was saved the expense of four pensions. Brilliant. To safeguard our parents from a similar fate, as soon as it became possible we exercised the right to buy, thus removing a three-bedroom house from the local authority housing pool. Helena Cowin Hornchurch, Essex • Discussion about the ""bedroom tax"" risks becoming narrowly focused on the lack of smaller properties for social housing tenants to move into if they are incentivised to do so (Expert ... [truncated, 5690 chars total - full text at data/raw/news/text/NEWS-guardian_api-d7bae4d9d4c9.txt]",data/raw/news/text/NEWS-guardian_api-d7bae4d9d4c9.txt
NEWS-guardian_api-d86ad940a100,SCC-2021-05,guardian_api,local,SCC-2021-05:local,full_corpus,pending_human_review,"Clears every mechanically-checkable rule. Still requires the human pass for E4 (result leakage), the L/N relevance test (E5), E6 (Reform disambiguation, if applicable) and E8 (genuine editorial content) before it can count as eligible.",,,exclude,not_applicable,,,E5-NO-L-OR-N-RULE-MET,E6-NOT-REFORM-FLAGGED,,,Queues formed outside testing centres in Worcester on Saturday after a small number of cases of the South African variant of coronavirus were detected in the area.,,,,high,,,,,,,,,,,Worcestershire begins surge testing for South African Covid variant,2021-02-06,89,"likely E4-CLEAR (89 days before polling day - a genuine result leak would require the DATE itself being wrong, not just a careless read; still confirm by skimming for any reference to a declared result)","Queues formed outside testing centres in Worcester on Saturday after a small number of cases of the South African variant of coronavirus were detected in the area. The cases of the new variant could not be traced back to international travel, suggesting it may have begun to spread in the community. The first day of testing, however, was hampered by technical issues, and Worcestershire county council was forced to ask those with appointments before midday not to attend and rebook. Councillor Tony Miller told the BBC just one case of the new variant had been recorded, but that around 6,000 people were eligible for the tests. “We have done positive tracing and tracking of that person to who they have been in contact with and everybody who has been in contact is self-isolating,” he said. Miller said the testing site was expected to be in place for one or two weeks. Adults living in the WR3 postcode and some parts of WR9 were encouraged to get tested for coronavirus urgently, and a mobile testing unit was set up in the car park of the White Hart pub, in the Fernhill Heath area of Worcester. Those who are over 18, do not have symptoms and live within walking distance are eligible for a test. A drive-through testing site is due to open in coming days, and authorities will also begin door-to-door testing. Those who are clinically vulnerable to coronavirus are being advised not to go to the testing site, with testing kits due to be delivered to them at home in the coming days. Dr Kath... [truncated, 3065 chars total - full text at data/raw/news/text/NEWS-guardian_api-d86ad940a100.txt]",data/raw/news/text/NEWS-guardian_api-d86ad940a100.txt
NEWS-guardian_api-d91fe24e5333,SCC-2017-05,guardian_api,local,SCC-2017-05:local,full_corpus,pending_human_review,"Clears every mechanically-checkable rule. Still requires the human pass for E4 (result leakage), the L/N relevance test (E5), E6 (Reform disambiguation, if applicable) and E8 (genuine editorial content) before it can count as eligible.",,,exclude,not_applicable,,,E5-NO-L-OR-N-RULE-MET,E6-NOT-REFORM-FLAGGED,,,"Imagine a two-tiered society with elite citizens, genetically engineered to be smarter, healthier and to live longer, and an underclass of biologically run-of-the-mill humans.",,,,high,,,,,,,,,,,Kazuo Ishiguro: 'We’re coming close to the point where we can create people who are superior to others',2016-12-02,153,"likely E4-CLEAR (153 days before polling day - a genuine result leak would require the DATE itself being wrong, not just a careless read; still confirm by skimming for any reference to a declared result)","Imagine a two-tiered society with elite citizens, genetically engineered to be smarter, healthier and to live longer, and an underclass of biologically run-of-the-mill humans. It sounds like the plot of a dystopian novel, but the world could be sleepwalking towards this scenario, according to one of Britain’s most celebrated writers. Kazuo Ishiguro argues that the social changes unleashed by gene editing technologies, such as Crispr, could undermine core human values. “We’re going into a territory where a lot of the ways in which we have organised our societies will suddenly look a bit redundant,” he said. “In liberal democracies, we have this idea that human beings are basically equal in some very fundamental way. We’re coming close to the point where we can, objectively in some sense, create people who are superior to others.” Ishiguro spoke to the Guardian ahead of the opening of a new permanent mathematics gallery at the Science Museum in London, which features a machine to predict coastal storm surges built by his oceanographer father, Shizuo Ishiguro. The author hopes that the £5 million exhibition, and others like it, will encourage people to engage with the process of science and its future trajectory, rather than simply tuning in for the headline results of research and only then worrying about the implications. “Despite the atom bomb and things like this, we’re still in the habit of compartmentalising scientific endeavour,” he said. “It’s important that we, as a soc... [truncated, 5575 chars total - full text at data/raw/news/text/NEWS-guardian_api-d91fe24e5333.txt]",data/raw/news/text/NEWS-guardian_api-d91fe24e5333.txt
NEWS-guardian_api-d9c6ab393c49,SCC-2021-05,guardian_api,local,SCC-2021-05:local,full_corpus,pending_human_review,"Clears every mechanically-checkable rule. Still requires the human pass for E4 (result leakage), the L/N relevance test (E5), E6 (Reform disambiguation, if applicable) and E8 (genuine editorial content) before it can count as eligible.",,,exclude,not_applicable,,,E5-NO-L-OR-N-RULE-MET,E6-NOT-REFORM-FLAGGED,,,Top story: Unions warn Sunak over pay freeze plan Morning everyone.,,,,high,,,,,,,,,,,Monday briefing: PM bets on Christmas bonus,2020-11-23,164,"likely E4-CLEAR (164 days before polling day - a genuine result leak would require the DATE itself being wrong, not just a careless read; still confirm by skimming for any reference to a declared result)","Top story: Unions warn Sunak over pay freeze plan Morning everyone. My name is Martin Farrer and here are the top stories you need to start your week. Boris Johnson will today lay out plans to contain the coronavirus pandemic after the lockdown in England ends next month, along with proposals for a temporary UK-wide relaxation to allow mixing between households over Christmas. A tougher three-tiered set of restrictions to target the worst-infected areas, and a programme of rapid, mass testing, are expected to be at the heart of the plans for England as the prime minister attempts to reset his government’s response to the crisis and head off an internal rebellion among Conservative MPs. One widely expected concession to critics within his own party will allow people who have come into close contact with someone who has coronavirus to skip the current mandatory 14-day self-isolation, and instead submit to be tested every day for a week. The reconfigured tiers will allow non-essential shops and gyms to remain open, but pubs could face more stringent measures. Johnson, who is still self-isolating in Downing Street, could be helped if a vaccine is ready by the end of the year. The Pfizer/BioNTech treatment could be given regulatory approval as early as this week. Germany and the US could also start administering the vaccine in December as the G20 leaders have pledged to distribute treatments fairly around the world. The US outbreak is continuing to worsen with roughly one person d... [truncated, 9062 chars total - full text at data/raw/news/text/NEWS-guardian_api-d9c6ab393c49.txt]",data/raw/news/text/NEWS-guardian_api-d9c6ab393c49.txt
NEWS-guardian_api-d9e532a4b1b1,SCC-2017-05,guardian_api,local,SCC-2017-05:local,full_corpus,pending_human_review,"Clears every mechanically-checkable rule. Still requires the human pass for E4 (result leakage), the L/N relevance test (E5), E6 (Reform disambiguation, if applicable) and E8 (genuine editorial content) before it can count as eligible.",,,exclude,not_applicable,,,E5-NO-L-OR-N-RULE-MET,E6-NOT-REFORM-FLAGGED,,,"When the railways were privatised in the mid-1990s, ministers took it in turns to say this would mean that government would no longer be able to interfere.",,,,medium,,,,,,,,,,,"For Chris Grayling trains are always about ideology, not passengers | Christian Wolmar",2016-12-08,147,"likely E4-CLEAR (147 days before polling day - a genuine result leak would require the DATE itself being wrong, not just a careless read; still confirm by skimming for any reference to a declared result)","When the railways were privatised in the mid-1990s, ministers took it in turns to say this would mean that government would no longer be able to interfere. Tell that to Chris Grayling, the Conservative transport secretary, who is set to be the most politically motivated of recent transport ministers, and seems to be spending most of his time playing with trains. The leak of a letter he wrote to Boris Johnson, the then Conservative London mayor, three years ago expressing his opposition to handing over more of London’s suburban rail services to a future Labour mayor, demonstrates that political considerations – rather than a desire to improve the lot of benighted commuters – appear to dominate Grayling’s decision-making process. It is no coincidence that this letter emerged in the week that Grayling thwarted plans for Sadiq Khan’s mayoral administration to take over a chunk of rail services that run entirely, or mostly, in London. The precise lines that would have been taken over were unclear – though the Labour mayor had produced a lengthy wish list – and the timing was dependent on when the particular franchises run out, but broadly the plan had cross-party acceptance. Johnson, Khan’s predecessor, had pretty much signed off on the deal, but the conclusion was postponed until after the May 2016 mayoral election. On Tuesday, however, Grayling killed off the plan, citing the fact that there would be a democratic deficit for people in, say, Guildford if their train services were... [truncated, 4983 chars total - full text at data/raw/news/text/NEWS-guardian_api-d9e532a4b1b1.txt]",data/raw/news/text/NEWS-guardian_api-d9e532a4b1b1.txt
NEWS-guardian_api-dbbfa2ad0414,SCC-2017-05,guardian_api,local,SCC-2017-05:local,full_corpus,pending_human_review,"Clears every mechanically-checkable rule. Still requires the human pass for E4 (result leakage), the L/N relevance test (E5), E6 (Reform disambiguation, if applicable) and E8 (genuine editorial content) before it can count as eligible.",,,needs_second_review,not_applicable,,,E5-BORDERLINE-PLACE-MENTION,E6-NOT-REFORM-FLAGGED,,,"The highest rates by police force area are in Suffolk and Cleveland, and the lowest in Surrey and London.",,,,,,,,,,,,,,,One in 10 crimes recorded by police are domestic abuse cases – ONS,2016-12-08,147,"likely E4-CLEAR (147 days before polling day - a genuine result leak would require the DATE itself being wrong, not just a careless read; still confirm by skimming for any reference to a declared result)","Incidents of domestic abuse, mostly involving violent attacks on women, make up one in 10 crimes recorded by the police and account for one-third of all reported violent crimes, according to the latest Office for National Statistics research. In the year to March, 1.2 million women and 651,000 men were victims of domestic abuse, according to the Crime Survey for England and Wales. The overwhelming majority of incidents (78%) involved violent attacks. The ONS figures confirm that domestic murders are overwhelmingly perpetrated by men against women – labelled by some women’s campaigners as femicide. The ONS said there were 432 domestic homicides recorded by police between April 2012 and March 2015, of which 315 victims (73%) were women and 117 were men. Domestic homicides represent a third of all murders in England and Wales. Overall, two-thirds of all murder victims are male. Among women murdered by a partner or ex-partner, 97% were killed by a man, while among male domestic homicide victims only a third were killed by a woman. The ONS figures also reveal that domestic abuse is most common in the West Midlands, at a rate of 7.33 cases per 100 adults, and Wales, at 7.07, and lowest in London, at 4.57. The highest rates by police force area are in Suffolk and Cleveland, and the lowest in Surrey and London. “An estimated 1.8 million adults aged 16 to 59 experienced domestic abuse in the last year, equating to a prevalence rate of six in 100 adults,” the ONS said. “Women were more... [truncated, 4069 chars total - full text at data/raw/news/text/NEWS-guardian_api-dbbfa2ad0414.txt]",data/raw/news/text/NEWS-guardian_api-dbbfa2ad0414.txt
NEWS-guardian_api-dbc35d104454,ESWS-2026-05,guardian_api,local,ESWS-2026-05:local|reform,full_corpus,pending_human_review,"Clears every mechanically-checkable rule. Still requires the human pass for E4 (result leakage), the L/N relevance test (E5), E6 (Reform disambiguation, if applicable) and E8 (genuine editorial content) before it can count as eligible. This record also matched a Reform-related query - E6 manual disambiguation is mandatory before inclusion (protocol requirement, not optional).",yes,,needs_second_review,,,,E5-BORDERLINE-PLACE-MENTION,,,,"Juliet Winstone Dorking, Surrey • “Farage has suggested that it is simply inconceivable that anyone could recall such events of over four decades ago,” says Yinka Bankole in your article.",,,,,,,,,,,,,,,Nigel Farage is wrong – victims don’t forget bullying and abuse | Letters,2025-12-08,150,"likely E4-CLEAR (150 days before polling day - a genuine result leak would require the DATE itself being wrong, not just a careless read; still confirm by skimming for any reference to a declared result)","Regarding Nigel Farage’s difficulty believing that people can remember schoolboy “banter” of more than four decades ago (Former Dulwich pupil says Farage told him: ‘That’s the way back to Africa’, 5 December), perhaps I can helpfully direct him to an African proverb: “The axe forgets, the tree never does.” This succinctly summarises the disparity in recollections of interactions between victims and perpetrators. Juliet Winstone Dorking, Surrey • “Farage has suggested that it is simply inconceivable that anyone could recall such events of over four decades ago,” says Yinka Bankole in your article. Such events that hurt children or young people, whether words or actions, are remembered for the whole of a lifetime. I remember a similarly unpleasant event that happened to me at the age of 13 on 14 February 1964. I could go to the exact spot. That was more than six decades ago, not four. Name and address supplied • I was sad, but not surprised, to read the letter from Kirsty Pierce (2 December) regarding her experiences of bullying at a convent school. My school was a Catholic grammar in the north-east and bullying from both staff and pupils was rife. In the 1970s, the advice was to ignore the bullies. This does not work. The perpetrators get away scot-free and the pain remains for ever. I could never understand how these people could be so devout at Sunday mass and so spiteful for the rest of the week. Pippa Lewer Sowerby Bridge, West Yorkshire • It is true that appalling racism ... [truncated, 1907 chars total - full text at data/raw/news/text/NEWS-guardian_api-dbc35d104454.txt]",data/raw/news/text/NEWS-guardian_api-dbc35d104454.txt
NEWS-guardian_api-dc71bdab3c98,SCC-2021-05,guardian_api,local,SCC-2021-05:local,full_corpus,pending_human_review,"Clears every mechanically-checkable rule. Still requires the human pass for E4 (result leakage), the L/N relevance test (E5), E6 (Reform disambiguation, if applicable) and E8 (genuine editorial content) before it can count as eligible.",,,exclude,not_applicable,,,E5-NO-L-OR-N-RULE-MET,E6-NOT-REFORM-FLAGGED,,,"England’s mass vaccination strategy will “unravel” unless discrepancies in uptake are tackled, experts said as data showed a 25 percentage point difference between vaccination rates in richer and poorer areas just miles apart.",,,,high,,,,,,,,,,,"England's Covid vaccine strategy will 'unravel' unless inequalities addressed, say experts",2021-03-14,53,"likely E4-CLEAR (53 days before polling day - a genuine result leak would require the DATE itself being wrong, not just a careless read; still confirm by skimming for any reference to a declared result)","England’s mass vaccination strategy will “unravel” unless discrepancies in uptake are tackled, experts said as data showed a 25 percentage point difference between vaccination rates in richer and poorer areas just miles apart. A Guardian analysis found the vaccine gap was most pronounced in Southwark, south London. In Herne Hill and Dulwich Park, among the least-deprived third of areas nationally, and the borough’s richest, 95% of those aged 60 or older had been vaccinated by 7 March. This fell to 70% of people in those areas of Southwark that are classed among the most deprived in England. The analysis found even greater disparities among individual areas. Less than 70% of those living in some of the borough’s poorest parts – Burgess Park, Peckham North and Peckham North West – had been vaccinated by the same date. These three areas have black, Asian and minority ethnic (BAME) populations ranging between 64% and 74%, in contrast to Herne Hill and Dulwich Park, which is 19% BAME. Experts said that the wide discrepancies revealed by the analysis reflected the intersection of inequalities of race and poverty. Mehrunisha Suleman, a senior research fellow with the Health Foundation thinktank, said it raised “questions of wider public health” because vaccine programmes rely on “a ballpark of 90-95% across a population to lead to the eradication of a virus like Covid-19”, adding: “That’s why we need a high uptake across all communities.” The Guardian looked at vaccination rates in ... [truncated, 4910 chars total - full text at data/raw/news/text/NEWS-guardian_api-dc71bdab3c98.txt]",data/raw/news/text/NEWS-guardian_api-dc71bdab3c98.txt
NEWS-guardian_api-dd57a913177f,SCC-2013-05,guardian_api,local,SCC-2013-05:local,full_corpus,pending_human_review,"Clears every mechanically-checkable rule. Still requires the human pass for E4 (result leakage), the L/N relevance test (E5), E6 (Reform disambiguation, if applicable) and E8 (genuine editorial content) before it can count as eligible.",,,exclude,not_applicable,,,E5-NO-L-OR-N-RULE-MET,E6-NOT-REFORM-FLAGGED,,,"Environment news • Obama gives Congress climate ultimatum: back me, or I go it alone • Daryl Hannah leads celebrity Keystone XL protest at White House gates • Boris Johnson's sticky pollution solution shown to be a £1.4m failure • Europe's ship-breaking proposals may be illegal, lawyers warn • Monsa",,,,high,,,,,,,,,,,"Green news roundup: Obama ultimatum, greenest pope and camera traps",2013-02-14,77,"likely E4-CLEAR (77 days before polling day - a genuine result leak would require the DATE itself being wrong, not just a careless read; still confirm by skimming for any reference to a declared result)","Environment news • Obama gives Congress climate ultimatum: back me, or I go it alone • Daryl Hannah leads celebrity Keystone XL protest at White House gates • Boris Johnson's sticky pollution solution shown to be a £1.4m failure • Europe's ship-breaking proposals may be illegal, lawyers warn • Monsanto sued small famers to protect seed patents, report says • Report calls for huge expansion of experimental nuclear plants • Wind power capacity grew 20% globally in 2012, figures show On the blogs • Carbon fat cats are killing the emissions trading mouse • Whale oil to fuel whaling ships is a gruesome and surreal proposition • Will EU discards ban force the hand of our disastrous fisheries minister? • Pope Benedict XVI: the first green pontiff? Multimedia • Camera traps capture 1m images of wildlife in the tropics - video • Satellite eye on Earth: January 2013 - in pictures • The week in wildlife – in pictures Features • Matt Damon strikes bum note at YouTube launch for water campaign • Ethiopia looks to realise its geothermal energy potential • Brazil's hydroelectric dam boom is bringing tensions as well as energy • Albatross astonishes scientists by producing chick at age of 62 Best of the web • Green deal: 61% of public have not heard of energy efficiency scheme • Al Gore backs growing fossil fuel divestment campaign • University of Oxford to identify 'stranded' high carbon assets • Polar bears 'may need to be fed by humans to survive' Green jobs • Environmental Health &amp; S... [truncated, 2018 chars total - full text at data/raw/news/text/NEWS-guardian_api-dd57a913177f.txt]",data/raw/news/text/NEWS-guardian_api-dd57a913177f.txt
NEWS-guardian_api-dd9872040368,ESWS-2026-05,guardian_api,local,ESWS-2026-05:local,full_corpus,pending_human_review,"Clears every mechanically-checkable rule. Still requires the human pass for E4 (result leakage), the L/N relevance test (E5), E6 (Reform disambiguation, if applicable) and E8 (genuine editorial content) before it can count as eligible.",,,exclude,not_applicable,,,E5-NO-L-OR-N-RULE-MET,E6-NOT-REFORM-FLAGGED,,,"In a piece for the Guardian in 1971, Tom Stoppard elaborates at length about working with the community arts pioneer Ed Berman, an American born in Maine who later became a British citizen.",,,,high,,,,,,,,,,, Tom Stoppard: a beloved and monumental literary figure | Letters,2025-12-05,153,"likely E4-CLEAR (153 days before polling day - a genuine result leak would require the DATE itself being wrong, not just a careless read; still confirm by skimming for any reference to a declared result)","In a piece for the Guardian in 1971, Tom Stoppard elaborates at length about working with the community arts pioneer Ed Berman, an American born in Maine who later became a British citizen. Stoppard obviously found a fellow jokey libertarian spirit in Berman that sometimes disguised an intense seriousness of purpose. Stoppard’s early play After Magritte was in a season of plays in Berman’s Ambiance theatre in London. Later he wrote other plays for Inter-Action, the hugely ambitious community arts company created by Berman and a team of talented collaborators in arts and education. Among these plays was Dirty Linen, a satire on the sexual indiscretions of politicians. Embedded in the play is a diversion called New-Found-Land, based around Berman’s bid for UK citizenship. The American and the Czech shared a vision of Britain where liberty, creativity and a sense of the ridiculous were thought to be entrenched. The play’s subsequent four‑year run at the Arts Theatre allowed a stream of supportive royalties to go to Inter-Action, which in its turn became one of the most significant social and communitarian organisations of the later decades of the 20th century, pioneering everything from city farms to IT training for young people, to basing their operations on a minesweeper opposite the South Bank. That Stoppard was aware of the significance of this artistic and outsider connection is summarised in his own words: “Inter-Action is an astounding monument to a man who a year ago was... [truncated, 6585 chars total - full text at data/raw/news/text/NEWS-guardian_api-dd9872040368.txt]",data/raw/news/text/NEWS-guardian_api-dd9872040368.txt
NEWS-guardian_api-dfb5b3e5e4a2,SCC-2013-05,guardian_api,local,SCC-2013-05:local,full_corpus,pending_human_review,"Clears every mechanically-checkable rule. Still requires the human pass for E4 (result leakage), the L/N relevance test (E5), E6 (Reform disambiguation, if applicable) and E8 (genuine editorial content) before it can count as eligible.",,,exclude,not_applicable,,,E5-NO-L-OR-N-RULE-MET,E6-NOT-REFORM-FLAGGED,,,"Iris Murdoch once wrote that pubs were ""universal places, like churches, hallowed meeting places of mankind"".",,,,medium,,,,,,,,,,,Last orders? How councils can protect local pubs from closure,2013-01-18,104,"likely E4-CLEAR (104 days before polling day - a genuine result leak would require the DATE itself being wrong, not just a careless read; still confirm by skimming for any reference to a declared result)","Iris Murdoch once wrote that pubs were ""universal places, like churches, hallowed meeting places of mankind"". This leads me to two inevitable conclusions: she had a lovely turn of phrase and fully deserved that DBE; and, she had clearly never visited a Wetherspoon in Leeds city centre on a Friday night. Just like churches, pubs are facing a period of great challenge. The British pub is battling with diversifying consumer trends. The latest figures show that pub closures slowed during 2012, but are still closing at a rate of 18 establishments a week, leading the chief executive of the Campaign for Real Ale to remark that the future of Britain's valued community pubs is ""in jeopardy"". Nevertheless, the emotional relationship residents have with community institutions such as pubs sets them apart as a political issue for local authorities, and recent planning policy suggests this is a concern shared by central government. The 2012 national planning policy framework (NPPF) includes new responsibilities for councils to promote local pubs. According to the framework, authorities should plan positively for the provision and use of shared space, community facilities and other local services to enhance the sustainability of communities and residential environments. Planning should also guard against the unnecessary loss of valued facilities and services, particularly where this would reduce the community's ability to meet its day-to-day needs. The British public house has never before... [truncated, 3235 chars total - full text at data/raw/news/text/NEWS-guardian_api-dfb5b3e5e4a2.txt]",data/raw/news/text/NEWS-guardian_api-dfb5b3e5e4a2.txt
NEWS-guardian_api-e0f9a226e395,SCC-2017-05,guardian_api,local,SCC-2017-05:local,full_corpus,pending_human_review,"Clears every mechanically-checkable rule. Still requires the human pass for E4 (result leakage), the L/N relevance test (E5), E6 (Reform disambiguation, if applicable) and E8 (genuine editorial content) before it can count as eligible.",,,exclude,not_applicable,,,E5-NO-L-OR-N-RULE-MET,E6-NOT-REFORM-FLAGGED,,,"The health secretary, Jeremy Hunt, is set to become £14.5m richer after Hotcourses, the educational listings company he co-founded in 1990, was sold to an Australian firm.",,,,medium,,,,,,,,,,,Jeremy Hunt in line for £14.5m windfall with Hotcourses sale,2017-01-16,108,"likely E4-CLEAR (108 days before polling day - a genuine result leak would require the DATE itself being wrong, not just a careless read; still confirm by skimming for any reference to a declared result)","The health secretary, Jeremy Hunt, is set to become £14.5m richer after Hotcourses, the educational listings company he co-founded in 1990, was sold to an Australian firm. Hotcourses is being bought for £30.1m by IDP Education, a Melbourne-based student placement company that co-owns the popular IELTS English language proficiency test, IDP said in a statement. Companies House listings for Hotcourses shows it is 48% owned by Hunt, who set it up with his childhood friend Mike Elms, who is still a director. Hunt stepped down as a director in 2009, with his shares held in a blind trust since then. Hunt said he hoped to use his windfall to “campaign for causes I believe in” once he leaves politics. Hunt, who has previously collected significant dividends from the company, will be in line for a payout of just under £14.5m, making him potentially the richest member of Theresa May’s cabinet. Hotcourses puts together databases of places to study, and has a contract with the British Council to run the Education UK website, which offers information to overseas students seeking to take courses in Britain. It has been linked to other purchasers in the past, but no deals went through. While Hunt had no say in the sale to IDP, the timing will be awkward for a health secretary dealing with claims of a winter crisis in the NHS, a link made by some newspapers on Monday. In a statement, Hunt said: “I am incredibly proud to have set up a successful business, even prouder of the current Hotcourse... [truncated, 6305 chars total - full text at data/raw/news/text/NEWS-guardian_api-e0f9a226e395.txt]",data/raw/news/text/NEWS-guardian_api-e0f9a226e395.txt
NEWS-guardian_api-e1d6a2710948,SCC-2017-05,guardian_api,local,SCC-2017-05:local,full_corpus,pending_human_review,"Clears every mechanically-checkable rule. Still requires the human pass for E4 (result leakage), the L/N relevance test (E5), E6 (Reform disambiguation, if applicable) and E8 (genuine editorial content) before it can count as eligible.",,,exclude,not_applicable,,,E5-NO-L-OR-N-RULE-MET,E6-NOT-REFORM-FLAGGED,,,"Thousands of hospital beds are set to disappear, pregnant women will face long trips to give birth and a string of A&amp;E units will be downgraded or even closed altogether as part of controversial NHS plans to reorganise healthcare in England.",,,,medium,,,,,,,,,,,"A&E, cancer and maternity units to close in major NHS overhaul",2016-11-18,167,"likely E4-CLEAR (167 days before polling day - a genuine result leak would require the DATE itself being wrong, not just a careless read; still confirm by skimming for any reference to a declared result)","Thousands of hospital beds are set to disappear, pregnant women will face long trips to give birth and a string of A&amp;E units will be downgraded or even closed altogether as part of controversial NHS plans to reorganise healthcare in England. A Guardian analysis of the 24 NHS regional plans that have now been published – more than half the total of 44 – has found that health service chiefs plan to push through an unprecedented centralisation of key hospital services across England. Opposition to the plans is growing among campaign groups, councillors and a growing number of MPs, including Conservatives, in areas where major changes are planned amid fears that patients will be unable to access urgent care quickly enough. Dozens of England’s 163 acute hospitals look likely to have services, including cancer, trauma and stroke care, removed as a result of the plans, which are at the heart of the new funding package for the NHS. The thinking behind the changes is that some NHS services can be rationalised and managed more efficiently, helping improve patient care, tackling understaffing and helping the NHS save £22bn by 2020 as part of the wider financial settlement agreed for the current parliament. Prof Sir Bruce Keogh, the NHS’s medical director, and clinical leaders involved in drawing up the plans argue that centralising some types of medical care benefits patients and improves their chances of a good outcome because doctors deal with more cases of certain ailments. Many ... [truncated, 8097 chars total - full text at data/raw/news/text/NEWS-guardian_api-e1d6a2710948.txt]",data/raw/news/text/NEWS-guardian_api-e1d6a2710948.txt
NEWS-guardian_api-e302687bcb81,SCC-2013-05,guardian_api,local,SCC-2013-05:local,full_corpus,pending_human_review,"Clears every mechanically-checkable rule. Still requires the human pass for E4 (result leakage), the L/N relevance test (E5), E6 (Reform disambiguation, if applicable) and E8 (genuine editorial content) before it can count as eligible.",,,exclude,not_applicable,,,E5-NO-L-OR-N-RULE-MET,E6-NOT-REFORM-FLAGGED,,,"More than £5bn was gambled on high-speed, high-stakes gambling machines in northern England cities and London boroughs with high levels of unemployment last year – four times the amount bet in richer rural areas in southern England where jobless numbers are low, according to an analysis for the Guardian.",,,,high,,,,,,,,,,,High-stakes gambling machines 'suck money from poorest communities',2013-01-04,118,"likely E4-CLEAR (118 days before polling day - a genuine result leak would require the DATE itself being wrong, not just a careless read; still confirm by skimming for any reference to a declared result)","More than £5bn was gambled on high-speed, high-stakes gambling machines in northern England cities and London boroughs with high levels of unemployment last year – four times the amount bet in richer rural areas in southern England where jobless numbers are low, according to an analysis for the Guardian. The report reveals that in the 50 parliamentary constituencies with the highest numbers of unemployed people, punters visited 1,251 betting shops and put £5.6bn into 4,454 so-called fixed odds betting terminals (FOBTs). By comparison, the 50 constituencies with the lowest levels of unemployment had only 287 betting shops and 1,045 terminals, and saw £1.4bn gambled last year. The figures, produced for Fairer Gambling – a non-profit organisation which campaigns against problem betting, run by a gambling expert who helped bring the casino-style fixed odds machines to the UK high street – appear to show that bookmakers have deliberately targeted the poorest areas with the highest unemployment and poverty. It is a charge the industry vigorously rejects. In east London's Bethnal Green and Bow, the 45 betting shops saw £243m placed in bets on machines, dubbed the ""crack cocaine of gambling"", which offer quickfire casino games allowing players to stake up to £100 on a 20-second spin of the wheel. Punters can play with cash, or pay with credit or debit cards at the counter. By comparison, in Oxfordshire's Henley not a single licence had been issued for a betting shop. Lucy Powell, Lab... [truncated, 7254 chars total - full text at data/raw/news/text/NEWS-guardian_api-e302687bcb81.txt]",data/raw/news/text/NEWS-guardian_api-e302687bcb81.txt
NEWS-guardian_api-e3345cbb7d79,SCC-2021-05,guardian_api,local,SCC-2021-05:local,full_corpus,pending_human_review,"Clears every mechanically-checkable rule. Still requires the human pass for E4 (result leakage), the L/N relevance test (E5), E6 (Reform disambiguation, if applicable) and E8 (genuine editorial content) before it can count as eligible.",,,exclude,not_applicable,,,E5-NO-L-OR-N-RULE-MET,E6-NOT-REFORM-FLAGGED,,,The pandemic is having a devastating effect on the childhoods of children and young people across the country.,,,,high,,,,,,,,,,,Our children are in crisis and need help | Letters,2021-01-16,110,"likely E4-CLEAR (110 days before polling day - a genuine result leak would require the DATE itself being wrong, not just a careless read; still confirm by skimming for any reference to a declared result)","The pandemic is having a devastating effect on the childhoods of children and young people across the country. Growing numbers of hard-pressed families are being swept into poverty, with more than 4 million children living in poverty even before Covid wrecked the economy. The closure of schools has widened the yawning education gap and the spiralling numbers of young people suffering mental illness and psychological distress look certain to increase with every day that lockdown keeps them isolated and uncertain about their futures. These challenges are taking place just as the local services that children and their families rely on to keep them safe are reeling from the combined effect of more than £2bn in funding cuts over the last 10 years, coupled with unprecedented demand for their help. Children’s welfare has become a national emergency. An independent commission, to inform a cross-government strategy to steer children and young people clear from the lingering effects of Covid-19, could avert this. This commission should bring together representatives from across the sector, including charities, school leaders, teaching unions, education experts, doctors and mental health professionals, as well as the children’s commissioner. A strategy to protect children from the worst effects of the pandemic should build on the principles for recovery set out by leading children’s charities and must involve children, young people and parents in creating a vision for their futures. At ... [truncated, 11163 chars total - full text at data/raw/news/text/NEWS-guardian_api-e3345cbb7d79.txt]",data/raw/news/text/NEWS-guardian_api-e3345cbb7d79.txt
NEWS-guardian_api-e369580ddf57,ESWS-2026-05,guardian_api,local,ESWS-2026-05:local|reform,full_corpus,pending_human_review,"Clears every mechanically-checkable rule. Still requires the human pass for E4 (result leakage), the L/N relevance test (E5), E6 (Reform disambiguation, if applicable) and E8 (genuine editorial content) before it can count as eligible. This record also matched a Reform-related query - E6 manual disambiguation is mandatory before inclusion (protocol requirement, not optional).",yes,,exclude,,,,E5-NO-L-OR-N-RULE-MET,,,,"The Scottish, Welsh, and local English elections on Thursday 7 May are a huge test for all the main political parties – and may be existential for Keir Starmer as prime minister and Labour leader.",,,,medium,,,,,,,,,,,"May elections: What’s at stake across England, Wales and Scotland?",2026-05-06,1,read carefully (1 days before polling day - close enough that a dating error could plausibly let leakage through; do not default to E4-CLEAR here),"The Scottish, Welsh, and local English elections on Thursday 7 May are a huge test for all the main political parties – and may be existential for Keir Starmer as prime minister and Labour leader. The elections, two years into a Labour government, will see more than 30 million people across England, Wales and Scotland vote in the devolved administrations, in six mayoral races, and for more than 4,500 councillors in city and county councils. Polls predict a dire night for Labour, which is defending the majority of the councils. The party could face losses of more than 1,800 councillors, which would be almost three-quarters of the seats being defended. Significant losses are also expected for the Conservative party. It is also a test for the Reform party leader, Nigel Farage, and the Green party leader, Zack Polanski, as to whether they can convert surging popularity into real power. In Scotland and Wales, nationalist parties are expected to benefit – with the possibility of Plaid Cymru taking the Welsh Senedd for the first time, and the Scottish National Party consolidating its support after it was once predicted to lose to Labour. Scotland Although the incumbent Scottish National party is cruising towards a gravity-defying fifth term in office after Thursday’s Scottish parliament elections, the fine detail of the results and the subsequent makeup of the Holyrood chamber remains exceptionally unpredictable. Reform UK, which has gained considerable momentum in Scotland over the... [truncated, 8071 chars total - full text at data/raw/news/text/NEWS-guardian_api-e369580ddf57.txt]",data/raw/news/text/NEWS-guardian_api-e369580ddf57.txt
NEWS-guardian_api-e9f2be5fa012,ESWS-2026-05,guardian_api,local,ESWS-2026-05:local,full_corpus,pending_human_review,"Clears every mechanically-checkable rule. Still requires the human pass for E4 (result leakage), the L/N relevance test (E5), E6 (Reform disambiguation, if applicable) and E8 (genuine editorial content) before it can count as eligible.",,,exclude,not_applicable,,,E5-NO-L-OR-N-RULE-MET,E6-NOT-REFORM-FLAGGED,,,"“How many?” On the end of the phone is a nice press officer for the Greens, head full from a long day in Gorton, Manchester, showing off their would-be MP.",,,,medium,,,,,,,,,,,The Green surge shows British politics has reached a turning point - and it has surprisingly little to do with Zack Polanski | Aditya Chakrabortty,2026-02-05,91,"likely E4-CLEAR (91 days before polling day - a genuine result leak would require the DATE itself being wrong, not just a careless read; still confirm by skimming for any reference to a declared result)","“How many?” On the end of the phone is a nice press officer for the Greens, head full from a long day in Gorton, Manchester, showing off their would-be MP. And now, as Friday’s sky turns indigo, I’m calling about reports from Lewisham, south London, that tomorrow they’re expecting a flood of 500 Green activists. This comes as a surprise to the party’s own news machine. “Are you sure?” My figures turn out to be wrong. It’s nearer 600. On a dreary Saturday morning, they stream in from all over London, hare along Kent’s A-roads, pour off Suffolk and Surrey trains, to converge on this primary school. It’s the largest venue the volunteers could hire and the corridors, the loos, even the little library with its impressive range of Julia Donaldsons, are all heaving with grownups. We cram into the assembly hall, where the crowd is declared as the biggest turnout in Green history. The sole exception, I find later, is polling day of the last general election; yet today’s draw is not some short, sharp fight for Westminster, but a campaign for the council, where ballots are months away. In normal times, this stuff is about as pedestrian as politics gets, drawing a handful or two of diehards to trudge door to door, begging old customers to put their X in the usual spot. Yet the size of today’s crowd tells you these aren’t normal times. This winter is a hinge moment in British politics, the point at which the default choice of leftwing voters is no longer Labour. In Wales, it will be Plaid... [truncated, 7016 chars total - full text at data/raw/news/text/NEWS-guardian_api-e9f2be5fa012.txt]",data/raw/news/text/NEWS-guardian_api-e9f2be5fa012.txt
NEWS-guardian_api-ea32482298e3,SCC-2017-05,guardian_api,local,SCC-2017-05:local,full_corpus,pending_human_review,"Clears every mechanically-checkable rule. Still requires the human pass for E4 (result leakage), the L/N relevance test (E5), E6 (Reform disambiguation, if applicable) and E8 (genuine editorial content) before it can count as eligible.",,,include,not_applicable,,,E5-L4-COUNTY-WIDE,E6-NOT-REFORM-FLAGGED,,,"The Conservative-run royal borough has not raised council tax for almost a decade, but this year residents will have to pay the maximum 3.95% increase allowed without a referendum of the sort planned by neighbouring Surrey county council.",,,,high,,,,,,,,,,,System is ‘close to failure’ as PM’s council raises tax for social care,2017-02-05,88,"likely E4-CLEAR (88 days before polling day - a genuine result leak would require the DATE itself being wrong, not just a careless read; still confirm by skimming for any reference to a declared result)","In her first speech as prime minister last year, Theresa May pledged to govern for those who found themselves “just about managing” to survive financially. With Britain’s overstretched and underfunded social care system at breaking point, she can add the council in Maidenhead, her Berkshire constituency, to that growing list. The Conservative-run royal borough has not raised council tax for almost a decade, but this year residents will have to pay the maximum 3.95% increase allowed without a referendum of the sort planned by neighbouring Surrey county council. This, say town hall bosses in Maidenhead, is enough to ensure it does not have to cut any of its social care services. But even on May’s doorstep in this prosperous corner of Berkshire, the warnings from senior council figures are stark: Surrey is “the canary in the coal mine” and a complete rethink of Britain’s social care model is needed – fast, they say. “So far, we’ve managed,” says Maidenhead councillor David Coppinger, its cabinet member for adult services and health. Though he says Maidenhead runs a tight financial ship and has no plans for a referendum (despite his belief that a majority of residents would support a tax increase), Coppinger regularly meets counterparts from Tory councils in the south-east and knows many wish “they could be as brave” as Surrey and go to the public. “We have to have a new model, say in two years’ time. The current model is wrong: it doesn’t take into account the increasing number ... [truncated, 7416 chars total - full text at data/raw/news/text/NEWS-guardian_api-ea32482298e3.txt]",data/raw/news/text/NEWS-guardian_api-ea32482298e3.txt
NEWS-guardian_api-ea7dd4642df3,SCC-2013-05,guardian_api,local,SCC-2013-05:local,full_corpus,pending_human_review,"Clears every mechanically-checkable rule. Still requires the human pass for E4 (result leakage), the L/N relevance test (E5), E6 (Reform disambiguation, if applicable) and E8 (genuine editorial content) before it can count as eligible.",,,needs_second_review,not_applicable,,,E5-BORDERLINE-PLACE-MENTION,E6-NOT-REFORM-FLAGGED,,,"As part of this, I have been tasked by Esydoc, my East Surrey CCG, to develop its use of social media.",,,,,,,,,,,,,,,How one CCG is using Facebook to improve communication,2012-11-22,161,"likely E4-CLEAR (161 days before polling day - a genuine result leak would require the DATE itself being wrong, not just a careless read; still confirm by skimming for any reference to a declared result)","GPs traditionally have a habit of working very separately from one another, each locked away in their own consultation room. But as we prepare to take on a host of new management responsibilities under the health reforms, we have suddenly found the need to do a lot more talking. As well as modernising services, a number of forward-thinking clinical commissioning groups (CCGs) are also bringing their methods of communication up to date. As part of this, I have been tasked by Esydoc, my East Surrey CCG, to develop its use of social media. These online platforms are already transforming the way we operate by allowing an instantaneous flow of information and suggestions on how best to manage local healthcare services. At the heart of our social media activity is a Facebook group that board members can use to speak to one another. Thanks to social media, we no longer need to rely on face-to-face meetings or long chains of emails to share ideas and hold discussions. It is like an online meeting with real-time minutes that can be easily accessed and updated at any time. The group also allows the CCG to communicate with the 'rank and file' GPs in the area. Take a recent example of one of our GPs who posted about a joint clinic and uploaded the referral form. Within seconds, members could download and print the form, refer patients and provide valuable feedback about the new service. The Facebook page is a huge, multifunctional electronic noticeboard for members. Commissioners can pub... [truncated, 4013 chars total - full text at data/raw/news/text/NEWS-guardian_api-ea7dd4642df3.txt]",data/raw/news/text/NEWS-guardian_api-ea7dd4642df3.txt
NEWS-guardian_api-eb6f7ee02d0d,SCC-2017-05,guardian_api,local,SCC-2017-05:local,full_corpus,pending_human_review,"Clears every mechanically-checkable rule. Still requires the human pass for E4 (result leakage), the L/N relevance test (E5), E6 (Reform disambiguation, if applicable) and E8 (genuine editorial content) before it can count as eligible.",,,include,not_applicable,,,E5-L4-COUNTY-WIDE,E6-NOT-REFORM-FLAGGED,,,"Polly Toynbee’s article in praise of the leader of Surrey county council misses some fundamental points (It’s a crisis indeed when the social care rebels are Tories, 24 January).",,,,high,,,,,,,,,,,"Is Surrey council taking a stand, or letting the Tories off the hook? | Letters",2017-01-26,98,"likely E4-CLEAR (98 days before polling day - a genuine result leak would require the DATE itself being wrong, not just a careless read; still confirm by skimming for any reference to a declared result)","Polly Toynbee’s article in praise of the leader of Surrey county council misses some fundamental points (It’s a crisis indeed when the social care rebels are Tories, 24 January). While David Hodge’s stance may be well-intentioned, it makes him an accessory to his party’s cuts, rather than a rebel against them. Transferring responsibility to local level is a key part of the government’s strategy, so that the blame for its austerity policies can be shifted to others. This is true across the spectrum of local authority and health services. The notion that it is appropriate to transfer the burden of cuts to local council tax-payers should be challenged. Local Government Association and Cipfa leadership might be more usefully directed to this as a campaign focus of national interest. The local tax-base in Surrey is more robust than in the majority of local authorities and its more affluent residents may be able to regard a 15% increase in council tax as affordable. This option is not available to other councils, particularly in the north. Whatever the outcome of the ballot, the government (and even the leader of the county council) is let off the hook. John Lynch Leeds • Deborah Orr’s views (Let the war on austerity begin – in Surrey, 21 January) would all be very well if council tax was progressive. But it’s not. Many of us in Surrey are asset rich (as a result of the grotesque increase in house prices) and cash poor (as pensioners). A 15% increase in my council tax would be huge... [truncated, 6433 chars total - full text at data/raw/news/text/NEWS-guardian_api-eb6f7ee02d0d.txt]",data/raw/news/text/NEWS-guardian_api-eb6f7ee02d0d.txt
NEWS-guardian_api-eb8f975fe876,SCC-2017-05,guardian_api,local,SCC-2017-05:local,full_corpus,pending_human_review,"Clears every mechanically-checkable rule. Still requires the human pass for E4 (result leakage), the L/N relevance test (E5), E6 (Reform disambiguation, if applicable) and E8 (genuine editorial content) before it can count as eligible.",,,exclude,not_applicable,,,E5-NO-L-OR-N-RULE-MET,E6-NOT-REFORM-FLAGGED,,,"Foreign candidates will for the first time be allowed to apply to be the head of the Metropolitan police, but the government has signalled that it no longer sees it as the top job in British policing.",,,,high,,,,,,,,,,,Metropolitan police chief job open to foreign candidates for first time,2016-11-16,169,"likely E4-CLEAR (169 days before polling day - a genuine result leak would require the DATE itself being wrong, not just a careless read; still confirm by skimming for any reference to a declared result)","Foreign candidates will for the first time be allowed to apply to be the head of the Metropolitan police, but the government has signalled that it no longer sees it as the top job in British policing. The successor to Sir Bernard Hogan-Howe will be selected by a panel that includes the head of Britain’s version of the FBI, Lynne Owens, the director general of the National Crime Agency. She chose that job instead of running to be Met commissioner and has the power to issue the commissioner with orders. Law changes mean a police chief from one of four other countries can apply for the role. But non-police officers, such as ex-military chiefs, cannot. Hogan-Howe, announced his retirement in September. The six weeks it has taken to place the advert to find his successor means his replacement may not be in post by the time he stands down in February 2017. The home secretary, Amber Rudd, confirmed the advert would go out on Wednesday. The advert sets out the criteria for the next commissioner and says the successful candidate will need to: Show evidence of successfully leading transformational change in a challenging financial climate. An understanding of changing crime and threat patterns, and the protection of the most vulnerable; Show evidence of a lasting commitment to respecting and valuing difference and inclusion. Have experience of working successfully with national and local government and an understanding of the wider political, social and economic context. Have a success... [truncated, 4223 chars total - full text at data/raw/news/text/NEWS-guardian_api-eb8f975fe876.txt]",data/raw/news/text/NEWS-guardian_api-eb8f975fe876.txt
NEWS-guardian_api-ebf77d538269,SCC-2017-05,guardian_api,local,SCC-2017-05:local,full_corpus,pending_human_review,"Clears every mechanically-checkable rule. Still requires the human pass for E4 (result leakage), the L/N relevance test (E5), E6 (Reform disambiguation, if applicable) and E8 (genuine editorial content) before it can count as eligible.",,,include,not_applicable,,,E5-L4-COUNTY-WIDE,E6-NOT-REFORM-FLAGGED,,,"Surrey Labour party could vote to back a Liberal Democrat candidate next week to try to unseat the health secretary, Jeremy Hunt, defying the national party which has said it will not entertain any “progressive alliance”.",,,,high,,,,,,,,,,,Surrey Labour could defy national party over progressive alliance,2017-04-20,14,"likely E4-CLEAR (14 days before polling day - a genuine result leak would require the DATE itself being wrong, not just a careless read; still confirm by skimming for any reference to a declared result)","Surrey Labour party could vote to back a Liberal Democrat candidate next week to try to unseat the health secretary, Jeremy Hunt, defying the national party which has said it will not entertain any “progressive alliance”. The Conservative minister has a majority of more than 28,000 in his South West Surrey constituency but local Labour leaders have been canvassing support for a progressive deal with local Greens and Lib Dems over the past 18 months, with 200 people attending a meeting in Godalming on Thursday night to back the idea. Ukip came second behind the Conservatives in 2015, but the Lib Dems have historically been the main challengers in the seat, cutting the Tory majority to just 861 in 2001. Steve Williams, a member of the constituency Labour party’s executive committee, has been coordinating the efforts with Compass, the centre-left thinktank that backs a progressive alliance. He said the local party would vote on a motion to stand down a Labour candidate and swing behind a single progressive candidate. “People attended last night from all different strands of different parties and it was near unanimous,” he said. The motion, backed by CLP secretary Kate Townsend, proposes that Labour should focus on winnable seats and, where that is not realistic, the party should “stand down in order to increase the possibility of an MP being elected who will be more likely to support a Labour government”. The motion would commit local members not to participate in selecting a ca... [truncated, 4790 chars total - full text at data/raw/news/text/NEWS-guardian_api-ebf77d538269.txt]",data/raw/news/text/NEWS-guardian_api-ebf77d538269.txt
NEWS-guardian_api-ec93ea513ad1,SCC-2017-05,guardian_api,local,SCC-2017-05:local,full_corpus,pending_human_review,"Clears every mechanically-checkable rule. Still requires the human pass for E4 (result leakage), the L/N relevance test (E5), E6 (Reform disambiguation, if applicable) and E8 (genuine editorial content) before it can count as eligible.",,,exclude,not_applicable,,,E5-NO-L-OR-N-RULE-MET,E6-NOT-REFORM-FLAGGED,,,"Trump, morality and reality There has been a huge, emotional outpouring of doom and woe about the election of Donald Trump (Guardian Weekly digital edition, 11 November).",,,,high,,,,,,,,,,,"Guardian Weekly Letters, 18 November 2016",2016-11-15,170,"likely E4-CLEAR (170 days before polling day - a genuine result leak would require the DATE itself being wrong, not just a careless read; still confirm by skimming for any reference to a declared result)","Trump, morality and reality There has been a huge, emotional outpouring of doom and woe about the election of Donald Trump (Guardian Weekly digital edition, 11 November). It is probably much ado about nothing very different. In reality US presidents have very limited powers. Just ask Barack Obama. He never could close Guantánamo and it took him until his second term to get some modest health care reforms and an inadequate minimum wage. Trump will have many of the same disadvantages as a Democratic president because he is not really a member of the Republican establishment and they have few common values. He will most likely be in the position of an independent president and cannot rely on the support of Congress for good or bad initiatives. The main independent presidential power appears to be to commit aggression. George W Bush and Tony Blair killed a lot of innocent people. Obama and Clinton between them launched lots of bombs and drones and Clinton probably deserved the warmonger jibe that Trump threw at her. So why do we think he will be worse? Calm down, it will soon be business as usual. Ray Ferris Victoria, British Columbia, Canada • There is any amount of analysis of the disastrous outcome of the US presidential election, attempting to explain economic, political, sociological and psychological factors in the electorate. But there is something missing: the factor of individual moral responsibility. We should not confuse understanding with excusing. Consider each voter... [truncated, 9734 chars total - full text at data/raw/news/text/NEWS-guardian_api-ec93ea513ad1.txt]",data/raw/news/text/NEWS-guardian_api-ec93ea513ad1.txt
NEWS-guardian_api-ef54a3460de9,SCC-2017-05,guardian_api,local,SCC-2017-05:local,full_corpus,pending_human_review,"Clears every mechanically-checkable rule. Still requires the human pass for E4 (result leakage), the L/N relevance test (E5), E6 (Reform disambiguation, if applicable) and E8 (genuine editorial content) before it can count as eligible.",,,exclude,not_applicable,,,E5-NO-L-OR-N-RULE-MET,E6-NOT-REFORM-FLAGGED,,,• A report said Bedfordshire residents had voted in 2015 against a proposal to raise council tax by 15.8%.,,,,medium,,,,,,,,,,,Corrections and clarifications,2017-01-25,99,"likely E4-CLEAR (99 days before polling day - a genuine result leak would require the DATE itself being wrong, not just a careless read; still confirm by skimming for any reference to a declared result)","• A report said Bedfordshire residents had voted in 2015 against a proposal to raise council tax by 15.8%. The proposal from the police and crime commissioner was for a 15.8% rise in the part of the council tax that goes towards policing, not the overall tax (Surrey to vote on 15% rise in council tax, 20 January, page 15). • An article about an inquest into the shooting of 30 British people at a Tunisian resort described one couple who died as elderly. John and Janet Stocker were 74 and 63 respectively; the Guardian style guide advises that the term should not be used for anyone under 75 (Tunisia massacre victims ‘didn’t stand a chance’, inquest told, 24 January, page 7). • Homophone corner: “Rather than diffusing controversy and polarisation, it seems as if statistics are actually stoking them” (The end of statistics?, 19 January, page 27).",data/raw/news/text/NEWS-guardian_api-ef54a3460de9.txt
NEWS-guardian_api-ef699b5bea74,ESWS-2026-05,guardian_api,local,ESWS-2026-05:local,full_corpus,pending_human_review,"Clears every mechanically-checkable rule. Still requires the human pass for E4 (result leakage), the L/N relevance test (E5), E6 (Reform disambiguation, if applicable) and E8 (genuine editorial content) before it can count as eligible.",,,exclude,not_applicable,,,E5-NO-L-OR-N-RULE-MET,E6-NOT-REFORM-FLAGGED,,,"… and on that note, it’s a wrap for today!",,,,high,,,,,,,,,,,Giorgia Meloni concedes defeat in Italy’s judiciary reform referendum – as it happened,2026-03-23,45,"likely E4-CLEAR (45 days before polling day - a genuine result leak would require the DATE itself being wrong, not just a careless read; still confirm by skimming for any reference to a declared result)","… and on that note, it’s a wrap for today! Italian prime minister Giorgia Meloni has conceded defeat in a two-day referendum on judiciary reforms, saying she will respect the voters’ decision – but branding it “a lost chance to modernise Italy” (16:50, 17:00). With 95% votes now counted, nearly 54% of the voters backed the No campaign, rejecting the contentious proposals (18:05). The unexpected defeat weakens Meloni politically, as she was hoping to press ahead with an electoral law that could give her coalition a comfortable win in next year’s general election (15:23). In other news, Hungary’s embattled prime minister Viktor Orbán hosted the “Patriots’ Grand Assembly” in Budapest, bringing together a number of far-right leaders from across Europe (18:11). Earlier today, the European Commission said it would seek “a clarification” from the Hungarian government after media reports alleging that the country’s foreign minister Péter Szijjártó had been leaking confidential EU discussions to his Russian counterpart, Sergei Lavrov (12:23). Orbán attempted to get on the front foot as he ordered a probe into what he called a wiretapping of Szijjártó’s phone (13:02). Hungary’s Orbán and his government face a tricky parliamentary election next month, with a number of nationalist leaders lining up to endorse him ahead of the vote (11:41, 12:03). Elsewhere, France’s local elections, closely watched for clues to next year’s presidential vote, have given parties of the centre a welcome and... [truncated, 26928 chars total - full text at data/raw/news/text/NEWS-guardian_api-ef699b5bea74.txt]",data/raw/news/text/NEWS-guardian_api-ef699b5bea74.txt
NEWS-guardian_api-f0c1473b0350,SCC-2013-05,guardian_api,local,SCC-2013-05:local,full_corpus,pending_human_review,"Clears every mechanically-checkable rule. Still requires the human pass for E4 (result leakage), the L/N relevance test (E5), E6 (Reform disambiguation, if applicable) and E8 (genuine editorial content) before it can count as eligible.",,,exclude,not_applicable,,,E5-NO-L-OR-N-RULE-MET,E6-NOT-REFORM-FLAGGED,,,"Andrew Gimson thinks the transformation of our railways would not have occurred had they remained in public hands (Comment, 1 January).",,,,high,,,,,,,,,,,Letters: Never kicked out,2013-01-03,119,"likely E4-CLEAR (119 days before polling day - a genuine result leak would require the DATE itself being wrong, not just a careless read; still confirm by skimming for any reference to a declared result)","Andrew Gimson thinks the transformation of our railways would not have occurred had they remained in public hands (Comment, 1 January). But BR did not have access to the amount of money now swilling around the system. Not for nothing was it known to be the most cost-effective railway in Europe and had a simple fare structure, readily understood by the public. One final point: has anybody noticed the scale of Network Rail's debt? Do I see a fiscal cliff ahead? Alan Smith Twickenham, Middlesex • Just how, exactly, does Martin Kettle think the public punished Bush and Blair for failing to kick the Iraqi can down the road (Comment, 3 January)? Both were subsequently re-elected, and neither ever lost an election. Robert Saunders London • AP Herbert's exposition of the correct usage of ""infer"" and ""imply"" (Letters, 1 January) cannot, I think, be bettered: "" 'Infer' is a sort of thinking and 'imply' is a sort of saying. If you see a man staggering along the road you may infer that he is drunk, without saying a word; but if you say 'Had one too many?' you do not infer but imply that he is drunk."" Jo Gibson Liverpool • Alistair Johnson (Letters, 2 January) is quite right to defend Auld Lang Syne against accusations of its being a ""dirge"". However, he – and the Guardian in titling his letter ""Pentatonic Burns"" – make a common error regarding the song. It was not, as the man himself acknowledged in writing on several occasions, written by Robert Burns. Auld Lang Syne is a traditional pi... [truncated, 2045 chars total - full text at data/raw/news/text/NEWS-guardian_api-f0c1473b0350.txt]",data/raw/news/text/NEWS-guardian_api-f0c1473b0350.txt
NEWS-guardian_api-f10328c44a0b,ESWS-2026-05,guardian_api,local,ESWS-2026-05:local,full_corpus,pending_human_review,"Clears every mechanically-checkable rule. Still requires the human pass for E4 (result leakage), the L/N relevance test (E5), E6 (Reform disambiguation, if applicable) and E8 (genuine editorial content) before it can count as eligible.",,,needs_second_review,not_applicable,,,E5-BORDERLINE-PLACE-MENTION,E6-NOT-REFORM-FLAGGED,,,"The forces involved include Thames Valley police, which are assessing two separate claims against Mountbatten-Windsor and whether they merit a full criminal investigation, and Surrey police, which are assessing another allegation against the former prince.",,,,,,,,,,,,,,,Police set up national group to deal with UK-related Epstein allegations,2026-02-14,82,"likely E4-CLEAR (82 days before polling day - a genuine result leak would require the DATE itself being wrong, not just a careless read; still confirm by skimming for any reference to a declared result)","British police have set up a new national group to deal with allegations that Jeffrey Epstein’s trafficking of women had ties to Britain, as well as claims against his associates, such as Andrew Mountbatten-Windsor. At least three British police forces are dealing with allegations triggered by the revelations about Epstein and his associates in documents released in the US, with more claims of wrongdoing expected by police officials. A national committee to coordinate the police operations met this week and is scheduled to meet again next week. The group includes police experts on sexual offending and is chaired by a gold commander, Louisa Rolfe, who was previously a Metropolitan police assistant commissioner. One senior policing source said a “tsunami” of allegations was expected as a result of the release of millions of papers relating to Jeffrey Epstein, the disgraced financier who trafficked women and had a network of powerful friends. The forces involved include Thames Valley police, which are assessing two separate claims against Mountbatten-Windsor and whether they merit a full criminal investigation, and Surrey police, which are assessing another allegation against the former prince. Mountbatten-Windsor has denied all wrongdoing. The Met, which is also part of the group, is criminally investigating Peter Mandelson for allegedly passing information to Epstein while a Labour government minister. Bedfordshire police were unable to say whether they were assessing claims t... [truncated, 4428 chars total - full text at data/raw/news/text/NEWS-guardian_api-f10328c44a0b.txt]",data/raw/news/text/NEWS-guardian_api-f10328c44a0b.txt
NEWS-guardian_api-f1688bbd7636,SCC-2017-05,guardian_api,local,SCC-2017-05:local,full_corpus,pending_human_review,"Clears every mechanically-checkable rule. Still requires the human pass for E4 (result leakage), the L/N relevance test (E5), E6 (Reform disambiguation, if applicable) and E8 (genuine editorial content) before it can count as eligible.",,,exclude,not_applicable,,,E5-NO-L-OR-N-RULE-MET,E6-NOT-REFORM-FLAGGED,,,Tim Farron is on home territory and it is hard to keep him moving.,,,,high,,,,,,,,,,,Tim Farron: ‘If you want to prevent hard Brexit then the Lib Dems have a clear message’,2017-04-22,12,"likely E4-CLEAR (12 days before polling day - a genuine result leak would require the DATE itself being wrong, not just a careless read; still confirm by skimming for any reference to a declared result)","Tim Farron is on home territory and it is hard to keep him moving. He has hardly set foot outside the door of the Liberal Democrats’ office in Kendal when a local councillor waves him down. “Did you get your credit card back, Tim?” he asks. Farron left it in the car park ticket machine the day before, when preoccupied with thoughts of the general election on 8 June. “Yeah, great, thanks, got it,” Farron says. A bit further on he bumps into the editor of the local paper, the Westmorland Gazette, and more chat ensues. The clock ticks on and his spin doctor, Paul Butters, strides ahead, trying to force the pace. We stall repeatedly along Finkle Street, the lakeland hills in the distance, as Farron engages elderly ladies in light conversation. This is his own seat, a safe Lib Dem one, and Butters wants his boss to get a move on – and get out of town. For the Lib Dems, this election will be different. The strategy is to venture beyond the party’s comfort zones, to seek out potential converts who voted Remain last June. Like Star Trek’s Captain Kirk, Farron’s task is to boldly go where no Lib Dem leader has gone before, or at least where no Lib Dem leader has ever thought victory was possible before. So we head two hours down the motorway to Manchester Gorton, a previously safe Labour seat. “It could soon be ours,” he says, as we enter the constituency. That is some thought, given the Lib Dems secured just 4.2% of the vote here in 2015, coming fifth behind the Greens, the Conservat... [truncated, 10030 chars total - full text at data/raw/news/text/NEWS-guardian_api-f1688bbd7636.txt]",data/raw/news/text/NEWS-guardian_api-f1688bbd7636.txt
NEWS-guardian_api-f1bc598ef192,SCC-2017-05,guardian_api,local,SCC-2017-05:local,full_corpus,pending_human_review,"Clears every mechanically-checkable rule. Still requires the human pass for E4 (result leakage), the L/N relevance test (E5), E6 (Reform disambiguation, if applicable) and E8 (genuine editorial content) before it can count as eligible.",,,exclude,not_applicable,,,E5-NO-L-OR-N-RULE-MET,E6-NOT-REFORM-FLAGGED,,,"Eyebrows were raised in two sports when it was announced Rob Andrew would enter the fraught, fragile world of county cricket as the chief executive of Sussex.",,,,high,,,,,,,,,,,Rob Andrew: ‘We want to know that Sussex cricket still has a big part to play’,2016-12-07,148,"likely E4-CLEAR (148 days before polling day - a genuine result leak would require the DATE itself being wrong, not just a careless read; still confirm by skimming for any reference to a declared result)","Eyebrows were raised in two sports when it was announced Rob Andrew would enter the fraught, fragile world of county cricket as the chief executive of Sussex. For Sussex, who received 50 applications to replace the estimable Zac Toumazi, and the county game, Andrew, a known quantity from beyond the sport’s boundary, represented quite a coup. Sussex have no external debt but know full well which side of cricket’s have and have-not divide they are on. There was surprise, too, in rugby circles, where Andrew spent 33 years as a 71-cap fly-half, coach and administrator at club and international level. Since 1995, when he joined Sir John Hall’s push to replicate the Barcelona sporting model in Newcastle, Andrew had been at the cutting edge of rugby union’s professional era. In August, he left the sport after 10 turbulent years at the RFU as the director of elite rugby, with reviews of his achievements mixed, partly because his remit was often hazy. However he is proud of his record, which includes a second player agreement, signed this year, that provides an uneasy truce in the club v country civil war for another eight years – and believes the pathways (England have won three of the past four Under-20 World Cups, having never reached a final before 2008) implemented during his time will be of benefit. Andrew’s detractors say he went from professional pioneer to great survivor and ultimate insider, the director who oversaw five England coaches, the debacle of the 2008 tour to New Z... [truncated, 6394 chars total - full text at data/raw/news/text/NEWS-guardian_api-f1bc598ef192.txt]",data/raw/news/text/NEWS-guardian_api-f1bc598ef192.txt
NEWS-guardian_api-f1c197b93232,SCC-2017-05,guardian_api,local,SCC-2017-05:local,full_corpus,pending_human_review,"Clears every mechanically-checkable rule. Still requires the human pass for E4 (result leakage), the L/N relevance test (E5), E6 (Reform disambiguation, if applicable) and E8 (genuine editorial content) before it can count as eligible.",,,exclude,not_applicable,,,E5-NO-L-OR-N-RULE-MET,E6-NOT-REFORM-FLAGGED,,,In a further extraordinary twist to the Millwall compulsory purchase saga the Guardian can reveal that Lewisham council awarded half a million pounds of public money to the foundation at the heart of the land-seizure scheme based on a report containing significant misleading claims.,,,,high,,,,,,,,,,,Millwall stadium foundation awarded taxpayer money with misleading claims,2017-01-20,104,"likely E4-CLEAR (104 days before polling day - a genuine result leak would require the DATE itself being wrong, not just a careless read; still confirm by skimming for any reference to a declared result)","In a further extraordinary twist to the Millwall compulsory purchase saga the Guardian can reveal that Lewisham council awarded half a million pounds of public money to the foundation at the heart of the land-seizure scheme based on a report containing significant misleading claims. The false information relates to claims of a funding deal with the prestigious sports body Sport England. These claims have been made repeatedly by the Surrey Canal Sports Foundation, whose directors include Sir Steve Bullock, the mayor of Lewisham. The foundation is a charitable company set up by Renewal, the offshore-registered developers who stand to be granted the right to build on Millwall’s land at the Den. The Surrey Canal Sports Foundation exists to raise funds to build a £40m “sports village” – known as the Energize Centre – that is vital to the entire development. The Bullock-associated foundation made the misleading claims of a £2m funding agreement repeatedly during the process of securing the £500,000 grant of public money toward this total. These claims are made in company accounts, a pitch brochure and a council funding recommendation report, all of which carry the mayor’s name. In reality there is no funding agreement with Sport England. Nor is there a current application for funding. A Sport England spokesman told the Guardian: “In 2010 we received a funding application from the Surrey Canal Sports Foundation, but this was subsequently withdrawn in 2013. We therefore have no fundi... [truncated, 7019 chars total - full text at data/raw/news/text/NEWS-guardian_api-f1c197b93232.txt]",data/raw/news/text/NEWS-guardian_api-f1c197b93232.txt
NEWS-guardian_api-f20ac0731482,SCC-2021-05,guardian_api,local,SCC-2021-05:local,full_corpus,pending_human_review,"Clears every mechanically-checkable rule. Still requires the human pass for E4 (result leakage), the L/N relevance test (E5), E6 (Reform disambiguation, if applicable) and E8 (genuine editorial content) before it can count as eligible.",,,exclude,not_applicable,,,E5-NO-L-OR-N-RULE-MET,E6-NOT-REFORM-FLAGGED,,,"Top story: ‘Risking our lives for the country’ Hello, welcome to the Guardian morning briefing with Warren Murray on Monday 1 March – the first day of spring, at least.",,,,high,,,,,,,,,,,Monday briefing: 'We cannot accept this' – Myanmar's bloody Sunday,2021-03-01,66,"likely E4-CLEAR (66 days before polling day - a genuine result leak would require the DATE itself being wrong, not just a careless read; still confirm by skimming for any reference to a declared result)","Top story: ‘Risking our lives for the country’ Hello, welcome to the Guardian morning briefing with Warren Murray on Monday 1 March – the first day of spring, at least. At least 18 people have been killed over the weekend in a crackdown by Myanmar’s junta-led security forces, according to UN estimates. Police reinforced by military troops launched their most violent campaign yet on Sunday in an attempt to quash protests against the regime, which refuses to accept results of elections won by Aung San Suu Kyi’s party. The violent scenes have played out across the country. In Dawei, Mandalay, Myeik, Bago and Pakokku, protesters were killed with live ammunition, according to the UN, which condemned the use of escalating force against peaceful protesters. Ye Swan Htet, a protester in Yangon, persuaded his cousin, Nyi Nyi Aung Htet Nain, to go with him. The latter ended up being shot and killed. “They shot us with live rounds. We cannot accept this,” said Ye Swan Htet. But the “finish line” is close, he added: “We are all risking our lives for the country, so that we can achieve true democracy.” Aung San Suu Kyi, the detained leader, has appeared in court today by videolink and appeared in good health, her lawyer said. The regime tabled a new charge of publishing information that may “cause fear or alarm”. The next hearing is scheduled for 15 March. The revered pro-democracy leader has been held since the February military coup triggered by her party’s election victory. * * * Brito... [truncated, 10695 chars total - full text at data/raw/news/text/NEWS-guardian_api-f20ac0731482.txt]",data/raw/news/text/NEWS-guardian_api-f20ac0731482.txt
NEWS-guardian_api-f21b4ced1e96,SCC-2021-05,guardian_api,local,SCC-2021-05:local,full_corpus,pending_human_review,"Clears every mechanically-checkable rule. Still requires the human pass for E4 (result leakage), the L/N relevance test (E5), E6 (Reform disambiguation, if applicable) and E8 (genuine editorial content) before it can count as eligible.",,,exclude,not_applicable,,,E5-NO-L-OR-N-RULE-MET,E6-NOT-REFORM-FLAGGED,,,"Rishi Sunak has said he could not tell the country he was giving 0.7% of gross national income to foreign aid (Foreign Office minister resigns as Sunak cuts aid budget, 25 November).",,,,high,,,,,,,,,,,Slashing overseas aid reflects badly on Britain | Letters,2020-11-27,160,"likely E4-CLEAR (160 days before polling day - a genuine result leak would require the DATE itself being wrong, not just a careless read; still confirm by skimming for any reference to a declared result)","Rishi Sunak has said he could not tell the country he was giving 0.7% of gross national income to foreign aid (Foreign Office minister resigns as Sunak cuts aid budget, 25 November). What kind of country does he think he lives in? Can he and the rest of the government not see that so many of the problems in the world come from the gross divide between countries like ours and ones where so many face starvation? Has he not noticed that during the first lockdown, 10 million people volunteered to help people in their community? Did he not notice the thousands who volunteered to trial the vaccine? These are not people who would wish to ignore the rest of the world. Of course we must not forget those who struggle to feed themselves, those who have to choose between heating and eating, but as the bishop of Dover said recently, it is not a choice between the poor in our own country and those abroad or those who are refugees here – as a rich country, we can support both. We can do both much more easily if income tax rises for the most affluent in our country and if we renovate our homes a little less or holiday in less exotic places. This would be a small price to pay to live in a compassionate, more equal society, led by leaders who have some morality. Liz Maynard York • The historical source of Britain’s accumulated wealth is conquest and empire, when we extracted enormous wealth from nations that are now dependent upon our aid. Wealth from enforced overseas ownership and trading, i... [truncated, 3513 chars total - full text at data/raw/news/text/NEWS-guardian_api-f21b4ced1e96.txt]",data/raw/news/text/NEWS-guardian_api-f21b4ced1e96.txt
NEWS-guardian_api-f289e98b63be,SCC-2013-05,guardian_api,local,SCC-2013-05:local,full_corpus,pending_human_review,"Clears every mechanically-checkable rule. Still requires the human pass for E4 (result leakage), the L/N relevance test (E5), E6 (Reform disambiguation, if applicable) and E8 (genuine editorial content) before it can count as eligible.",,,exclude,not_applicable,,,E5-NO-L-OR-N-RULE-MET,E6-NOT-REFORM-FLAGGED,,,"If there is one city in the UK that's benefited from a cultural renaissance, it is undoubtedly Newcastle.",,,,medium,,,,,,,,,,,Newcastle: slashing your arts funding would be a shortcut to disaster,2012-11-23,160,"likely E4-CLEAR (160 days before polling day - a genuine result leak would require the DATE itself being wrong, not just a careless read; still confirm by skimming for any reference to a declared result)","If there is one city in the UK that's benefited from a cultural renaissance, it is undoubtedly Newcastle. The Lonely Planet Guide now urges its readers to visit a city where the Baltic, Sage, Live theatre, Seven Stories, Dance City, Northern Stage and other arts organisations have transformed the landscape. But, like many councils around the country, Newcastle is facing tough choices. Following the example of Somerset, which has already implemented 100% cuts to its arts budget, Newcastle is proposing to do the same because of cuts to its own grant from central government. Lee Hall's eloquent and moving letter to the leader of Newcastle's city council, urging him and councillors to reconsider the recently announced programme of library closures, points out that libraries are central to our lives, a notion that ""survived two world wars, the Great Depression and Thatcher"". Hall also writes that culture helped Newcastle survive the death of heavy industry, and in so doing found a ""pride and prosperity that seemed obscure and unthinkable only a few years ago"". Newcastle is not the only city to benefit from the positive changes culture can bring. As artistic director of Sheffield Theatres, Daniel Evans pointed out at a recent conference on regional theatre, the arts have played a major role in making the city a vibrant and inspiring place to live. But for all its support for the arts, Sheffield is facing the same hard choices. We've talked before in this space about how, between Lo... [truncated, 3051 chars total - full text at data/raw/news/text/NEWS-guardian_api-f289e98b63be.txt]",data/raw/news/text/NEWS-guardian_api-f289e98b63be.txt
NEWS-guardian_api-f33d83bd65be,SCC-2017-05,guardian_api,local,SCC-2017-05:local,full_corpus,pending_human_review,"Clears every mechanically-checkable rule. Still requires the human pass for E4 (result leakage), the L/N relevance test (E5), E6 (Reform disambiguation, if applicable) and E8 (genuine editorial content) before it can count as eligible.",,,exclude,not_applicable,,,E5-NO-L-OR-N-RULE-MET,E6-NOT-REFORM-FLAGGED,,,"No one, ever, wants to talk about remote, unglamorous, local government funding.",,,,medium,,,,,,,,,,,The Guardian view on local government: put up or shut up | Editorial,2017-01-26,98,"likely E4-CLEAR (98 days before polling day - a genuine result leak would require the DATE itself being wrong, not just a careless read; still confirm by skimming for any reference to a declared result)","No one, ever, wants to talk about remote, unglamorous, local government funding. As long as the bins are emptied, most fit adults put up with the closure of the local library or reduced hours at the leisure centre as a sad but minor inconvenience. It is time to take a refresher course. What and how councils were funded was settled with a sigh of relief audible around the country after Margaret Thatcher was destroyed by the poll tax in 1990. Now the results of these decades of political neglect are in the headlines – but only because the cash crisis in locally funded social care is a major contributor to the crisis in the NHS. Local government finance is a long way from the point where it is threatening a prime minister. But that doesn’t mean it can’t happen again. Councils’ income comes mainly in Whitehall grant. Much of it is tied to particular budgets like schools, or pothole repair. In various permutations, it also comes from the regressive council and business taxes that are based on property values not disposable income. Since 2010, increases in council tax have been capped at 2%, unless a local referendum authorises a rise. At the same time, central government has cut its grant to councils by more than 25%. Last month, the communities secretary, Sajid Javid, confirmed the budget for the coming year; now the local government association has crunched the numbers. It warns that by 2020 there will be a shortfall in cash of nearly £6bn. On the ground, that represents further... [truncated, 3348 chars total - full text at data/raw/news/text/NEWS-guardian_api-f33d83bd65be.txt]",data/raw/news/text/NEWS-guardian_api-f33d83bd65be.txt
NEWS-guardian_api-f385f4030786,SCC-2017-05,guardian_api,local,SCC-2017-05:local,full_corpus,pending_human_review,"Clears every mechanically-checkable rule. Still requires the human pass for E4 (result leakage), the L/N relevance test (E5), E6 (Reform disambiguation, if applicable) and E8 (genuine editorial content) before it can count as eligible.",,,exclude,not_applicable,,,E5-NO-L-OR-N-RULE-MET,E6-NOT-REFORM-FLAGGED,,,Le Pen’s French chances Timothy Garton Ash travelled to Paris to sound out the views of his friends regarding the forthcoming presidential elections (16 December).,,,,high,,,,,,,,,,,"Guardian Weekly Letters, 30 December 2016",2016-12-27,128,"likely E4-CLEAR (128 days before polling day - a genuine result leak would require the DATE itself being wrong, not just a careless read; still confirm by skimming for any reference to a declared result)","Le Pen’s French chances Timothy Garton Ash travelled to Paris to sound out the views of his friends regarding the forthcoming presidential elections (16 December). He returned after listening to conventional wisdom as to the likely outcome, but nevertheless expresses his doubts that François Fillon will prevail over Marine Le Pen. As one who lives in small town France and participates actively in its life, I regret to say that everyday conversations with ordinary people lead me to share his doubts. Le Pen certainly expresses the views of many ordinary white voters in my community, which has a sizeable Maghrebin population, and she will also capture a large female vote. My election on to the council of a small rural commune here some years ago was largely due to this latter phenomenon. Disillusion with the status quo is widespread and unless a viable candidate appears from another party, the unthinkable is far from being the impossible. However, I disagree with the prediction that a Frexit is unlikely should Le Pen be elected. Her views on Europe are echoed by many ordinary people, who see only petty regulations and a lack of immigration control coming out of Brussels, rather than any greater good. Should a referendum be called here, it is to be hoped that Garton Ash is correct and that the French “attitude” towards Europe will override the criticisms of its functioning. I have my doubts. Elaine Bevan Condom, France More than a basic income Where did Gaby Hinsliff (2 December)... [truncated, 9109 chars total - full text at data/raw/news/text/NEWS-guardian_api-f385f4030786.txt]",data/raw/news/text/NEWS-guardian_api-f385f4030786.txt
NEWS-guardian_api-f3ca2f44d97d,ESWS-2026-05,guardian_api,local,ESWS-2026-05:local|reform,full_corpus,pending_human_review,"Clears every mechanically-checkable rule. Still requires the human pass for E4 (result leakage), the L/N relevance test (E5), E6 (Reform disambiguation, if applicable) and E8 (genuine editorial content) before it can count as eligible. This record also matched a Reform-related query - E6 manual disambiguation is mandatory before inclusion (protocol requirement, not optional).",yes,,exclude,,,,E5-NO-L-OR-N-RULE-MET,,,,"Ministers are preparing to U-turn over changes to business rates for pubs after a wave of disquiet from the hospitality industry, the Guardian has been told.",,,,high,,,,,,,,,,,"Badenoch claims forthcoming business rates U-turn for pubs ‘too little, too late’ – as it happened ",2026-01-08,119,"likely E4-CLEAR (119 days before polling day - a genuine result leak would require the DATE itself being wrong, not just a careless read; still confirm by skimming for any reference to a declared result)","Ministers are preparing to U-turn over changes to business rates for pubs after a wave of disquiet from the hospitality industry, the Guardian has been told. Nigel Farage has been accused by a cabinet minister of “parroting Kremlin lines” after saying that he would vote against any UK government plans to deploy the military in Ukraine. Keir Starmer and his Danish counterpart, Mette Frederiksen, have agreed that Nato should improve efforts to deter Russian aggression in the Arctic. They spoke by phone about Ukraine, and Greenland, and in its readout, No 10 said: The prime minister thanked Prime Minister Frederiksen for her strong support at the Coalition of the Willing meeting in Paris on Tuesday. Coalition partners had made good progress in Paris, the leaders agreed. Turning to Denmark, the prime minister reiterated his position on Greenland. Both leaders agreed on the importance of deterring Russian aggression in the High North and that Nato should step up in the area to protect Euro-Atlantic interests. The leaders looked forward to speaking again soon. For a full list of all the stories covered on the blog today, do scroll through the list of key event headlines near the top of the blog. Shortly before Christmas the government announced that 63 councils in England where elections were due to be held in May will be given the option of delaying them. These are all council areas affected by local government reorganisation (new unitary councils are being set up in places where ... [truncated, 39217 chars total - full text at data/raw/news/text/NEWS-guardian_api-f3ca2f44d97d.txt]",data/raw/news/text/NEWS-guardian_api-f3ca2f44d97d.txt
NEWS-guardian_api-f40f8ac69d96,SCC-2021-05,guardian_api,local,SCC-2021-05:local,full_corpus,pending_human_review,"Clears every mechanically-checkable rule. Still requires the human pass for E4 (result leakage), the L/N relevance test (E5), E6 (Reform disambiguation, if applicable) and E8 (genuine editorial content) before it can count as eligible.",,,exclude,not_applicable,,,E5-NO-L-OR-N-RULE-MET,E6-NOT-REFORM-FLAGGED,,,Caroline Quentin had never watched Strictly Come Dancing before she agreed to appear on the show.,,,,high,,,,,,,,,,,Caroline Quentin on phone hacking and therapy: ‘I’m not dragging a carcass of misery’,2021-01-13,113,"likely E4-CLEAR (113 days before polling day - a genuine result leak would require the DATE itself being wrong, not just a careless read; still confirm by skimming for any reference to a declared result)","Caroline Quentin had never watched Strictly Come Dancing before she agreed to appear on the show. “I was aware of it and I’d seen clips,” she says. “But I never actually watched an entire programme.” She had been asked lots of times to take part, but was always too busy. Then Covid happened and the play she was rehearsing at the National Theatre was cancelled. She found herself looking at an empty diary. “I thought: ‘I might as well.’” Quentin and I are talking on a video call. Usually, exit interviews with Strictly contestants are as anodyne as postmatch interviews with footballers, so I expect her to say that she had a fabulous time on the show. But Quentin is very much her own person. Instead, she says: “It’s probably the oddest thing I’ve done … Basically, you’re trapped. I mean, thank God I liked my partner. People say it’s an institution and … I felt a bit institutionalised by the time I came out.” Quentin, 60, has always come across as down to earth – partly because she has played so many relatable, well-meaning women, all practical bags and comfy trousers, in shows such as Jonathan Creek, Life Begins and Kiss Me Kate – and I wonder if it was the hyperbolised glamour of Strictly that she disliked. But she sounds faintly affronted by that suggestion. “I’ve worn costumes all my life. I’m a theatre actress, you know. That’s what I do for a living. I dress up, I wear makeup, I make a fool of myself.” It is an ostentatiously simplistic description of her work; I am unsure i... [truncated, 13506 chars total - full text at data/raw/news/text/NEWS-guardian_api-f40f8ac69d96.txt]",data/raw/news/text/NEWS-guardian_api-f40f8ac69d96.txt
NEWS-guardian_api-f531cc965523,SCC-2017-05,guardian_api,local,SCC-2017-05:local,full_corpus,pending_human_review,"Clears every mechanically-checkable rule. Still requires the human pass for E4 (result leakage), the L/N relevance test (E5), E6 (Reform disambiguation, if applicable) and E8 (genuine editorial content) before it can count as eligible.",,,exclude,not_applicable,,,E5-NO-L-OR-N-RULE-MET,E6-NOT-REFORM-FLAGGED,,,"Clive Lewis, the shadow business secretary and one of Jeremy Corbyn’s leading supporters in the shadow cabinet, has indicated that he could not vote for a bill letting the government trigger article 50 without getting further assurances about its Brexit plans.",,,,high,,,,,,,,,,,Jeremy Corbyn suggests he will order Labour MPs to vote in favour of triggering article 50 - Politics live,2017-01-19,105,"likely E4-CLEAR (105 days before polling day - a genuine result leak would require the DATE itself being wrong, not just a careless read; still confirm by skimming for any reference to a declared result)","Clive Lewis, the shadow business secretary and one of Jeremy Corbyn’s leading supporters in the shadow cabinet, has indicated that he could not vote for a bill letting the government trigger article 50 without getting further assurances about its Brexit plans. (See 4.46pm.) He spoke as Corbyn suggested that he would order Labour MPs to vote for article 50 legislation. Goldman Sachs has slammed the brakes on plans to move key operations from the US to London because of the uncertainty created by the vote for Brexit. Arron Banks, the biggest financial backer of the campaign to leave the EU, has launched a website which will attempt to tap into the movement that led to the UK’s vote to leave the EU. The Scottish government has warned the UK government not to treat Scotland with “contempt” during the Brexit negotiations. Michael Russell, Scotland’s Brexit minister, spoke after a meeting of the joint ministerial committee, which brings together ministers from the UK and devolved governments to discuss Brexit. The Scottish government wants Scotland to stay in the single market and Russell said he was disappointed Theresa May had ruled out the UK as a whole staying in. But the Scottish government has produced a plan showing how Scotland could stay in the single market even if the rest of the UK left and Russell said at today’s JMC meeting it was agreed to “undertake further detailed work” on this plan. Russell said after the meeting: I made it absolutely clear at today’s meeting tha... [truncated, 27978 chars total - full text at data/raw/news/text/NEWS-guardian_api-f531cc965523.txt]",data/raw/news/text/NEWS-guardian_api-f531cc965523.txt
NEWS-guardian_api-f7874abe6a0f,SCC-2013-05,guardian_api,local,SCC-2013-05:local,full_corpus,pending_human_review,"Clears every mechanically-checkable rule. Still requires the human pass for E4 (result leakage), the L/N relevance test (E5), E6 (Reform disambiguation, if applicable) and E8 (genuine editorial content) before it can count as eligible.",,,exclude,not_applicable,,,E5-NO-L-OR-N-RULE-MET,E6-NOT-REFORM-FLAGGED,,,• What has Ecuador gained from harbouring Mr Wiki Julian Assange from the authorities?,,,,medium,,,,,,,,,,,Hugh Muir's diary: a defiant message from Assange and the Ecuadorians: we shall not be moved,2013-02-19,72,"likely E4-CLEAR (72 days before polling day - a genuine result leak would require the DATE itself being wrong, not just a careless read; still confirm by skimming for any reference to a declared result)","• What has Ecuador gained from harbouring Mr Wiki Julian Assange from the authorities? Quite a bit, says Fidel Narváez, the country's consul in London and the man who has done most to keep the fugitive happy. ""I would say that the image the international community has of Ecuador and its president has improved,"" Narváez tells the Prisma news organisation. ""This is the most important political asylum seeker in the world, and he turned to Ecuador for protection."" Narváez likes and believes in Assange. But is he easy to get along with, the Prisma inquires? ""Hmmm,"" the consul says. ""I don't know whether easy is the best description. I would imagine he's very demanding of the people who work for him. In any case, he's a good 'tenant' as far as being respectful towards all the embassy staff is concerned."" So when will it end? ""We believe a political and diplomatic solution will be possible sooner rather than later,"" Narváez says. But if he's wrong? ""Julian Assange and Ecuador will be able to hold out as long as it takes."" Fighting talk. Take note, William Hague. • The thoughts of Kevin Hurley, Britain's most outspoken elected police commissioner, also excite comment, particularly his view that Sir William Macpherson was the victim of ""post-colonial guilt"". Hurley shoots from the lip, we said of him on Friday. He does all that and more, says reader Graham Howard, recalling an email exchange with the commissioner for Surrey. You say you prize independence, noted Howard. Why did you se... [truncated, 4251 chars total - full text at data/raw/news/text/NEWS-guardian_api-f7874abe6a0f.txt]",data/raw/news/text/NEWS-guardian_api-f7874abe6a0f.txt
NEWS-guardian_api-f7a7a3a15568,ESWS-2026-05,guardian_api,local,ESWS-2026-05:local,full_corpus,pending_human_review,"Clears every mechanically-checkable rule. Still requires the human pass for E4 (result leakage), the L/N relevance test (E5), E6 (Reform disambiguation, if applicable) and E8 (genuine editorial content) before it can count as eligible.",,,include,not_applicable,,,E5-L3-COUNCIL-ISSUE,E6-NOT-REFORM-FLAGGED,,,"Services in Surrey failed to identify that Sara Sharif was at risk of abuse, did not question unexplained bruising, and staff members visited the wrong address the day before her murder, a safeguarding review has found.",,,,high,,,,,,,,,,,"Council staff visited wrong address day before Sara Sharif’s murder, review finds",2025-11-13,175,"likely E4-CLEAR (175 days before polling day - a genuine result leak would require the DATE itself being wrong, not just a careless read; still confirm by skimming for any reference to a declared result)","Services in Surrey failed to identify that Sara Sharif was at risk of abuse, did not question unexplained bruising, and staff members visited the wrong address the day before her murder, a safeguarding review has found. Sara, 10, was killed by her father, Urfan Sharif, and her stepmother, Beinash Batool, in August 2023 after years of escalating brutality that left her with bruises, burns, human bite marks and at least 25 fractures. She was found dead in a bunk bed at the family home after her father fled to Pakistan, leaving a handwritten note saying he had “lost it”. A child safeguarding practice review, commissioned after Sara’s murder, revealed that on 7 August, the day before Sara was killed, the council’s home education team attempted to carry out a home visit but went to the family’s old address. The mistake was spotted when staff returned to the office, but a rescheduled visit wasn’t due to take place until September. The review concluded that multiple agencies “at many points of her life” had failed to grasp the full scale of danger she was in and it urged services to “maintain the capacity to ‘think the unthinkable’”. Sharif and Batool were later jailed for life, with Sharif receiving a minimum term of 40 years and Batool a minimum of 33 years. Sara’s uncle, Faisal Malik, who was living in the house at the time, was convicted of causing or allowing the death of a child and sentenced to 16 years in jail. It found that the “seriousness and significance of [her] father ... [truncated, 5734 chars total - full text at data/raw/news/text/NEWS-guardian_api-f7a7a3a15568.txt]",data/raw/news/text/NEWS-guardian_api-f7a7a3a15568.txt
NEWS-guardian_api-fa6c05bda604,SCC-2021-05,guardian_api,local,SCC-2021-05:local,full_corpus,pending_human_review,"Clears every mechanically-checkable rule. Still requires the human pass for E4 (result leakage), the L/N relevance test (E5), E6 (Reform disambiguation, if applicable) and E8 (genuine editorial content) before it can count as eligible.",,,exclude,not_applicable,,,E5-NO-L-OR-N-RULE-MET,E6-NOT-REFORM-FLAGGED,,,"We’ve launched a new blog at the link below – head there for the latest: As pubs and cafes bustle back to life on the Isle of Man, islanders are thankful for ‘that bit of water between us and the UK’, my colleague Steven Morris reports.",,,,high,,,,,,,,,,,Germany sends healthcare workers to Portugal – as it happened,2021-01-31,95,"likely E4-CLEAR (95 days before polling day - a genuine result leak would require the DATE itself being wrong, not just a careless read; still confirm by skimming for any reference to a declared result)","We’ve launched a new blog at the link below – head there for the latest: As pubs and cafes bustle back to life on the Isle of Man, islanders are thankful for ‘that bit of water between us and the UK’, my colleague Steven Morris reports. The Isle of Man brought in a “circuit-breaker” lockdown on 7 January following a cluster of Covid-19 cases. On Monday, the restrictions were lifted after the government declared no community transmission was taking place. Social distancing measures have been lifted and face coverings are no longer required. There are no time limits for exercise or leisure activities and non-essential shops have reopened, as have schools, nurseries, colleges and entertainment venues. The island, a self-governing British crown dependency, has not been untouched by Covid-19: there have been more than 400 cases and 25 deaths. But it maintains strict border controls and, most agree, has reacted nimbly to challenges posed by the virus. Read Steven’s full report here: In case you missed this gem, a PE teacher appears to have danced through the military coup in Myanmar. In an aerobics video that has gone viral on Twitter, the woman, named Khing Hnin Wai, dances for three minutes - complete with face mask - seemingly oblivious to the armoured vehicles gathering behind her on the way to parliament. This is from CNN’s Aditya Raj Kaul Buzzfeed has more on this story. French border police turned away some passengers bound for non-EU destinations on Monday as new rules came... [truncated, 85477 chars total - full text at data/raw/news/text/NEWS-guardian_api-fa6c05bda604.txt]",data/raw/news/text/NEWS-guardian_api-fa6c05bda604.txt
NEWS-guardian_api-fcfb81b2dc09,SCC-2013-05,guardian_api,local,SCC-2013-05:local,full_corpus,pending_human_review,"Clears every mechanically-checkable rule. Still requires the human pass for E4 (result leakage), the L/N relevance test (E5), E6 (Reform disambiguation, if applicable) and E8 (genuine editorial content) before it can count as eligible.",,,include,not_applicable,,,E5-L3-COUNCIL-ISSUE,E6-NOT-REFORM-FLAGGED,,,Ben Byrne is Surrey County Council's head of youth support services Promoting restorative justice through leadership: There is a real need to effectively communicate with those outside of the restorative justice circle.,,,,medium,,,,,,,,,,,Restorative justice: live discussion roundup,2012-11-23,160,"likely E4-CLEAR (160 days before polling day - a genuine result leak would require the DATE itself being wrong, not just a careless read; still confirm by skimming for any reference to a declared result)","Ben Byrne is Surrey County Council's head of youth support services Promoting restorative justice through leadership: There is a real need to effectively communicate with those outside of the restorative justice circle. I found that engaging local leaders – the county council chief executive, the chief constable and others – enabled us to make big steps and build momentum. Policy: I think there are real opportunities within the government's proposals for restorative justice to become properly established within our criminal justice system. While many of us will have concerns about restorative justice being part of a punishment menu for courts, I think this is at least a start to ensuring that it will be routinely considered (which currently it isn't). Early responses: In our experience, the opportunity to get in early has meant many more victims have wanted to be involved in restorative processes. This supports the growing emphasis on early restorative resolution, rather than relying solely on formal court outcomes and then grafting on restorative justice. Steve Jones is the director of Remedi Encouragement versus cohesion: The key challenge in regard to broadening the offer of restorative justice is to improve the information flow between agencies to ensure offers of involvement can be made. The principle driving motivation for restorative justice must be to ensure that the offer of potential involvement is there in order to enable informed choice. Language: I have some diff... [truncated, 6951 chars total - full text at data/raw/news/text/NEWS-guardian_api-fcfb81b2dc09.txt]",data/raw/news/text/NEWS-guardian_api-fcfb81b2dc09.txt
NEWS-guardian_api-fd3b03065648,SCC-2013-05,guardian_api,local,SCC-2013-05:local,full_corpus,pending_human_review,"Clears every mechanically-checkable rule. Still requires the human pass for E4 (result leakage), the L/N relevance test (E5), E6 (Reform disambiguation, if applicable) and E8 (genuine editorial content) before it can count as eligible.",,,exclude,not_applicable,,,E5-NO-L-OR-N-RULE-MET,E6-NOT-REFORM-FLAGGED,,,"Religious institutions have been priced out of offering civil partnership ceremonies by high licensing fees, according to Unitarian ministers and liberal rabbis.",,,,high,,,,,,,,,,,Churches and synagogues 'priced out of civil partnership ceremonies',2013-02-07,84,"likely E4-CLEAR (84 days before polling day - a genuine result leak would require the DATE itself being wrong, not just a careless read; still confirm by skimming for any reference to a declared result)","Religious institutions have been priced out of offering civil partnership ceremonies by high licensing fees, according to Unitarian ministers and liberal rabbis. Councils are charging churches and synagogues up to 16 times more for a three-year licence to hold civil partnership ceremonies than for a permanent licence to conduct marriages, Guardian research has revealed. The two-tier charging has been seized on by campaigners for gay marriage as a further sign of the need for reforms. The coalition's equal-marriage bill – opposed by a substantial number of Tory MPs – passed its second reading in the Commons on Tuesday by 400 votes to 175. Conor Marron, co-founder of the campaign group Coalition for Equal Marriage, said the gap in fees amounted to discrimination by councils. ""This comes as yet another example of the differences between civil partnerships and marriages, which are not immediately apparent,"" he said. For more than a decade permanent marriage licences for religious buildings have been issued at a standard national cost of £120, set by the registrar general. But while the Equality Act of 2010 made it legal for civil partnership ceremonies to take place in religious buildings after December 2011, it also allowed local councils to set their own fees and conditions. Hotels and other commercial venues pay much more for short-term marriage licences than religious buildings do for permanent ones. In contrast, many councils have chosen to charge places of worship the same ... [truncated, 2865 chars total - full text at data/raw/news/text/NEWS-guardian_api-fd3b03065648.txt]",data/raw/news/text/NEWS-guardian_api-fd3b03065648.txt
NEWS-guardian_api-fe27887bc256,SCC-2017-05,guardian_api,local,SCC-2017-05:local,full_corpus,pending_human_review,"Clears every mechanically-checkable rule. Still requires the human pass for E4 (result leakage), the L/N relevance test (E5), E6 (Reform disambiguation, if applicable) and E8 (genuine editorial content) before it can count as eligible.",,,exclude,not_applicable,,,E5-NO-L-OR-N-RULE-MET,E6-NOT-REFORM-FLAGGED,,,Gareth Batty looks poised to make a return to the England team for the third Test against India starting on Saturday after the tourists were confronted by a dry pitch that will likely dash their hopes of playing four seam bowlers in Mohali.,,,,high,,,,,,,,,,,Gareth Batty set for return to England team for third Test against India,2016-11-24,161,"likely E4-CLEAR (161 days before polling day - a genuine result leak would require the DATE itself being wrong, not just a careless read; still confirm by skimming for any reference to a declared result)","Gareth Batty looks poised to make a return to the England team for the third Test against India starting on Saturday after the tourists were confronted by a dry pitch that will likely dash their hopes of playing four seam bowlers in Mohali. Batty, the 39-year-old off-spinner, would come in for his Surrey team-mate Zafar Ansari after the left-armer failed to train on Thursday due to a back injury, and would be one of three changes from the side who went 1-0 down in Visakhapatnam. Chris Woakes is in line to replace his fellow seamer Stuart Broad and Jos Buttler is expected to take Ben Duckett’s place in the batting lineup. With temperatures cooler in northern India, England had viewed the third Test as their best chance of including an extra fast bowler during this five-match series, breaking away from their strategy of three spinners and three seamers that has been in place so far on tour. But the surface is lacking any significant grass and is bare at each end and looks geared up for the home side’s slow bowlers. Woakes, who was rested for the second Test but will now return after his fellow right-armer Broad sustained a foot tendon injury during the 246-run defeat, said: “I’m useless at reading pitches but looking at the wicket I don’t think it takes a rocket scientist to see that the ends are a bit more trimmed than the middle of the pitch so therefore we’re expecting it to spin. “Whether that’s from day one I’m not too sure but at some point it’s going to spin and we’ve go... [truncated, 3712 chars total - full text at data/raw/news/text/NEWS-guardian_api-fe27887bc256.txt]",data/raw/news/text/NEWS-guardian_api-fe27887bc256.txt
NEWS-guardian_api-fe329a10135c,SCC-2017-05,guardian_api,local,SCC-2017-05:local,full_corpus,pending_human_review,"Clears every mechanically-checkable rule. Still requires the human pass for E4 (result leakage), the L/N relevance test (E5), E6 (Reform disambiguation, if applicable) and E8 (genuine editorial content) before it can count as eligible.",,,include,not_applicable,,,E5-L4-COUNTY-WIDE,E6-NOT-REFORM-FLAGGED,,,"It was Theresa’s bad luck that David Hodge, the leader of Surrey county council who, only the day before, had called off a planned referendum on increasing council tax by 15% to fund social care, was careless in his choice of Nicks.",,,,medium,,,,,,,,,,,Prime minister switches to Maybot mode to avoid difficult questions | John Crace,2017-02-08,85,"likely E4-CLEAR (85 days before polling day - a genuine result leak would require the DATE itself being wrong, not just a careless read; still confirm by skimming for any reference to a declared result)","In recent weeks, Theresa May has time and again boasted of her negotiation techniques. “Trust me,” she has croaked in the disembodied voice of one for whom the mind/body split is a pathology rather than a philosophical problem. “I will be getting a deal that is good for Britain.” At prime minister’s questions, we got some insight into just how tough a negotiator she might turn out to be. It was Theresa’s bad luck that David Hodge, the leader of Surrey county council who, only the day before, had called off a planned referendum on increasing council tax by 15% to fund social care, was careless in his choice of Nicks. He had sent text messages to Nick Forbes, the Labour leader of the Local Government Association, rather than Nick King, a special adviser to the communities and local government secretary, Sajid Javid. It was Jeremy Corbyn’s good luck that Nick Forbes had forwarded the texts to him. “How much money did the government promise the council to kill off the referendum?” enquired Jeremy Corbyn, thrilled to be presented with an open goal that not even he could miss. Theresa shook her head. Jeremy Hunt, the health secretary, whose constituency – along with those of fellow cabinet members Philip Hammond and Chris Grayling – is in Surrey, turned crimson. “Alternative facts,” she babbled incoherently. “Alternative facts” is now the prime minister’s default response to any question she doesn’t want to answer. In Theresa’s meta world the texts had never existed and it was a fo... [truncated, 4290 chars total - full text at data/raw/news/text/NEWS-guardian_api-fe329a10135c.txt]",data/raw/news/text/NEWS-guardian_api-fe329a10135c.txt
NEWS-guildford_dragon-1c38b966faf4,SCC-2017-05,guildford_dragon,local,SCC-2017-05:local,full_corpus,pending_human_review,"Clears every mechanically-checkable rule. Still requires the human pass for E4 (result leakage), the L/N relevance test (E5), E6 (Reform disambiguation, if applicable) and E8 (genuine editorial content) before it can count as eligible.",,,include,not_applicable,,,E5-L1-PLACE,E6-NOT-REFORM-FLAGGED,,,"Does the result of the by-election in Richmond, only 20 miles away from Guildford, hold any lessons for our local political parties?",,,,high,,,,,,,,,,,Opinion: What Does the Richmond By-election Result Mean for Guildford?,2016-12-05,150,"likely E4-CLEAR (150 days before polling day - a genuine result leak would require the DATE itself being wrong, not just a careless read; still confirm by skimming for any reference to a declared result)","Does the result of the by-election in Richmond, only 20 miles away from Guildford, hold any lessons for our local political parties?
It is all too easy to read too much into such results. They might be a straw in the wind but then again they are one-offs, a snapshot of opinion in one location, at one point of time.
Of course it is easy for those flushed with victory to make statements that seem way over the top, even in the heat of the moment, let alone with the benefit of hindsight.
The winning candidate Sarah Olney did not disappoint on this score, she told Sky News: “It does look now as if we can have a vote in Parliament that might override the referendum. And I will, obviously, be voting to Remain because that is always what I have believed.”
Conservative Jacob Rees-Mogg, the losing by-election candidate Zac Goldsmith’s friend and supporter, was sceptical. He said: “The Lib Dems have nine MPs. They are not going to be able to force a second referendum,” and in another interview, “This was a vote on Brexit, this was a very strongly pro-Remain constituency and there is understandably a disgruntlement among those who are very strongly pro Remain that most of the country went against them.”
Certainly here in Guildford the disgruntlement referred to by Rees-Mogg was made apparent in a letter to The Dragon from Remain campaigner David Pillinger. Before the by-election (November 24). He wrote:”Regarding the precariousness of [Guildford’s MP] Anne Milton’s position, I would like... [truncated, 22243 chars total - full text at data/raw/news/text/NEWS-guildford_dragon-1c38b966faf4.txt]",data/raw/news/text/NEWS-guildford_dragon-1c38b966faf4.txt
NEWS-guildford_dragon-343b8ded2e2a,SCC-2017-05,guildford_dragon,local,SCC-2017-05:local,full_corpus,pending_human_review,"Clears every mechanically-checkable rule. Still requires the human pass for E4 (result leakage), the L/N relevance test (E5), E6 (Reform disambiguation, if applicable) and E8 (genuine editorial content) before it can count as eligible.",,,include,not_applicable,,,E5-L1-PLACE,E6-NOT-REFORM-FLAGGED,,,The Liberal Democrats and the Green Party in Guildford are considering forming an election pact to boost the chances of electing a non-Tory in Guildford.,,,,high,,,,,,,,,,,Guildford Lib Dems and Greens Considering Election Pact,2017-04-26,8,read carefully (8 days before polling day - close enough that a dating error could plausibly let leakage through; do not default to E4-CLEAR here),"The Liberal Democrats and the Green Party in Guildford are considering forming an election pact to boost the chances of electing a non-Tory in Guildford.
Such a move would have the support of the Guildford Greenbelt Group who have decided not to put up a candidate in the general election
But it is understood that Guildford Labour is not, for the moment, minded to join any “progressive pact” and are likely to put their own candidate, yet to be selected, forward.
Zoe Franklin, Lib Dem parliamentary candidate for Guildford
Only yesterday (April 25, 2017) the prospective parliamentary candidate for the Green Party was announced as Mark Bray-Parry but if a pact is agreed then he would be expected to withdraw in favour of the Lib Dem candidate, Zoe Franklin.
Franklin was selected by the Lib Dems last July (2016) soon after the EU referendum when her party felt a snap election could be called by the Conservatives to take advantage of their lead in the opinion polls.
The idea of a local electoral pact was brought up yesterday evening (April 25, 2017) at a hustings meeting of the Guildford-in-Europe group. Its mention attracted some applause from the small audience of 30 who had gathered to hear representatives of the parties standing in the county council election.
Susan Parker the leader of the Guildford Greenbelt Group said at the meeting, also attended by Ms Franklin: “I would urge that we all consider a progressive local alliance supporting Zoe Franklin here. I think it would giv... [truncated, 7847 chars total - full text at data/raw/news/text/NEWS-guildford_dragon-343b8ded2e2a.txt]",data/raw/news/text/NEWS-guildford_dragon-343b8ded2e2a.txt
NEWS-guildford_dragon-4c0a30842861,SCC-2017-05,guildford_dragon,local,SCC-2017-05:local,full_corpus,pending_human_review,"Clears every mechanically-checkable rule. Still requires the human pass for E4 (result leakage), the L/N relevance test (E5), E6 (Reform disambiguation, if applicable) and E8 (genuine editorial content) before it can count as eligible.",,,include,not_applicable,,,E5-L4-COUNTY-WIDE,E6-NOT-REFORM-FLAGGED,,,"If you are thinking, “What election?” I mean the Surrey County Council election on May 4.",,,,high,,,,,,,,,,,Opinion: County Council Elections Should Not Be An Opinion Poll,2017-03-27,38,"likely E4-CLEAR (38 days before polling day - a genuine result leak would require the DATE itself being wrong, not just a careless read; still confirm by skimming for any reference to a declared result)","How will you vote in the election in May? What factors will affect your decision?
If you are thinking, “What election?” I mean the Surrey County Council election on May 4.
But your question is understandable. Most of us don’t bother voting in local elections. Last time there was a county council election in Surrey there was only a 30% turnout. Hopefully, the fact that you are reading this makes it more likely that you might vote, so presuming you will, what will guide your choice?
The chances are that you will vote the same way you have voted in previous elections – because most voters don’t float. Most of us stick with a political party even if we disagree with significant parts of its manifesto. For instance, many Eurosceptic voters kept voting Conservative, Labour, and some even Lib Dem, for years although their party’s policy was to stay in the EU.
Our first past the post system means that voting for smaller parties rarely feels effective, so for those floating voters the main choice in the SCC Guildford Divisions is most likely to be between the Tories and the Lib Dems.
Cllr David Goodwin, defending perhaps the most marginal seat in the Guildford divisions.
In some divisions it would take a political earthquake for the Conservative incumbent to lose, in others the Lib Dems are almost as secure. There appear to be very few marginals where it could go either way: although Guildford South West might be one. Last time Conservative Nils Christiansen (now a borough councillor)... [truncated, 7512 chars total - full text at data/raw/news/text/NEWS-guildford_dragon-4c0a30842861.txt]",data/raw/news/text/NEWS-guildford_dragon-4c0a30842861.txt
NEWS-guildford_dragon-66c8415ee5a7,SCC-2017-05,guildford_dragon,local,SCC-2017-05:local,full_corpus,pending_human_review,"Clears every mechanically-checkable rule. Still requires the human pass for E4 (result leakage), the L/N relevance test (E5), E6 (Reform disambiguation, if applicable) and E8 (genuine editorial content) before it can count as eligible.",,,include,not_applicable,,,E5-L1-PLACE,E6-NOT-REFORM-FLAGGED,,,"I’m not a massive fan of some of Guildford Borough Council’s efforts in the town (metal fish on poles in Woodbridge Meadows and the hideous and expensive forthcoming replacement of Walnut Bridge), but I really do think that generally they’re doing the best they can for the town, with the money that they have available.",,,,high,,,,,,,,,,,Letter: Why Doesn’t GVG Put Forward Candidates At Elections?,2017-02-15,78,"likely E4-CLEAR (78 days before polling day - a genuine result leak would require the DATE itself being wrong, not just a careless read; still confirm by skimming for any reference to a declared result)","All these visions and plans are fine and dandy and easy to draw up and pontificate over, but the big question is where the money to build them is going to come from?
I’m not a massive fan of some of Guildford Borough Council’s efforts in the town (metal fish on poles in Woodbridge Meadows and the hideous and expensive forthcoming replacement of Walnut Bridge), but I really do think that generally they’re doing the best they can for the town, with the money that they have available.
It’s always easy to poke holes and criticise from the outside. If the Guildford Vision Group (GVG) are so confident that their’s is the true way forward and sure of the support it may garner, then maybe it’s time for them to start standing as councillors, so they can see just how difficult the job of our current council is.
If GVG candidates were to be elected, there would be no need for questions as to why the council wouldn’t engage with the GVG, since they would be a part of it.
There exists a precedent, I’d have thought, in the Guildford Greenbelt Group. An additional voice or voices on the council to further dilute the party political elements would be a welcome addition.
Your email address will not be published. Required fields are marked *
This website is published by The Guildford Dragon NEWS Contact: Martin Giles mgilesdragon@gmail.com
Log in - Posts - Add New - Powered by WordPress - 
			Designed by Gabfire Themes Follow Follow The Guildford Dragon Get every new post delivered to your Inb... [truncated, 1567 chars total - full text at data/raw/news/text/NEWS-guildford_dragon-66c8415ee5a7.txt]",data/raw/news/text/NEWS-guildford_dragon-66c8415ee5a7.txt
NEWS-guildford_dragon-8131c9199780,SCC-2021-05,guildford_dragon,local,SCC-2021-05:local,full_corpus,pending_human_review,"Clears every mechanically-checkable rule. Still requires the human pass for E4 (result leakage), the L/N relevance test (E5), E6 (Reform disambiguation, if applicable) and E8 (genuine editorial content) before it can count as eligible.",,,include,not_applicable,,,E5-L4-COUNTY-WIDE,E6-NOT-REFORM-FLAGGED,,,Although Surrey County Council (SCC) needs to find savings of nearly £12 million on adult social care they will not charge the full amount of council tax permitted by government this coming year.,,,,high,,,,,,,,,,,County Council Adult Care Tax Cut Seen as ‘Election Sweetener’,2021-02-11,84,"likely E4-CLEAR (84 days before polling day - a genuine result leak would require the DATE itself being wrong, not just a careless read; still confirm by skimming for any reference to a declared result)","Although Surrey County Council (SCC) needs to find savings of nearly £12 million on adult social care they will not charge the full amount of council tax permitted by government this coming year.
The council says its restraint is down to a good financial position, and the need to help cash-strapped residents. But critics claim it may be a pre-election sweetener by the Conservative-led council, delaying “inevitable” increases.
“We have proposed a much smaller council tax increase than previous years, and in comparison to other areas,” said SCC leader Tim Oliver (Weybridge).
The council is making full use of a 1.99% increase in the basic council tax, but only a 0.5% increase in the part earmarked for adult social care rather than a possible 3%. The remainder can be carried over into next year.
The rise for 2021-22 will push the bill up by about £37 a year for an average band D property. The overall 2.49% increase is for the county council’s (lion’s) share of the council tax only, not other elements such as policing or boroughs/districts.
Cllr Oliver said: “Although any increase is unwelcome, that is half the 4.99% permitted by government and half the amount many neighbouring authorities will be levying.
“We’re holding it at 2.49% because we can afford to do that, but actually this is the year when we must do all we can to help our residents.
“Putting 5% on the council tax would just be wholly inequitable and unfair, so we have worked as hard as we possibly can to keep that down... [truncated, 5417 chars total - full text at data/raw/news/text/NEWS-guildford_dragon-8131c9199780.txt]",data/raw/news/text/NEWS-guildford_dragon-8131c9199780.txt
NEWS-guildford_dragon-8f5b302d0bbf,SCC-2017-05,guildford_dragon,local,SCC-2017-05:local,full_corpus,pending_human_review,"Clears every mechanically-checkable rule. Still requires the human pass for E4 (result leakage), the L/N relevance test (E5), E6 (Reform disambiguation, if applicable) and E8 (genuine editorial content) before it can count as eligible.",,,include,not_applicable,,,E5-L1-PLACE,E6-NOT-REFORM-FLAGGED,,,"Dave Middleton, a regular Dragon reader and correspondent, asked in a letter why the Guildford Vision Group did not put up its own candidates for election at borough council elections.",,,,high,,,,,,,,,,,Dragon Interview: Bill Stokoe On Why GVG Does Not Put Up Candidates For Election,2017-02-16,77,"likely E4-CLEAR (77 days before polling day - a genuine result leak would require the DATE itself being wrong, not just a careless read; still confirm by skimming for any reference to a declared result)","Dave Middleton, a regular Dragon reader and correspondent, asked in a letter why the Guildford Vision Group did not put up its own candidates for election at borough council elections. We thought it might be a question in the minds of others too, so Martin Giles asked Bill Stokoe , a director of GVG. This is what he said:
One Dragon reader, Dave Middleton, has asked why doesn’t the Guildford Vision Group put up candidates to become councillors. Why don’t you?
We have debated the subject of standing as councillors on a number of occasions over the past five years but we continue to conclude that, on balance, we achieve more outside the tent.
But wouldn’t it be the best way of getting the proposals you are putting forward into effect?
Our proposal is about a very big issue; in many ways the biggest the town has faced for years. But nevertheless we are a “one issue” group, and that issue is, of course, the regeneration of the town centre. Councillors have responsibilities across a whole range of activities and services.
But will your lobbying and presentations really do any good?
Whisper it gently but we do think our recent presentation has set some councillors thinking. But again we recognise that as insiders they have to contend with established positions adopted by inflexible party machinery.
But surely with some representation within the council you could be more effective?
We don’t think so. We believe that, if one or two of us were inside the tent, we would not have been a... [truncated, 2803 chars total - full text at data/raw/news/text/NEWS-guildford_dragon-8f5b302d0bbf.txt]",data/raw/news/text/NEWS-guildford_dragon-8f5b302d0bbf.txt
NEWS-guildford_dragon-b5de1719712d,SCC-2021-05,guildford_dragon,local,SCC-2021-05:local,full_corpus,pending_human_review,"Clears every mechanically-checkable rule. Still requires the human pass for E4 (result leakage), the L/N relevance test (E5), E6 (Reform disambiguation, if applicable) and E8 (genuine editorial content) before it can count as eligible.",,,include,not_applicable,,,E5-L1-PLACE,E6-NOT-REFORM-FLAGGED,,,"The latest information published by the government on December 16, 2020 states a new target figure of 787 houses to be built by Guildford borough, 40% higher than our present annual target.",,,,high,,,,,,,,,,,Opinion: Who Can believe This Desperate Tory Pre-Election Ploy?,2021-03-21,46,"likely E4-CLEAR (46 days before polling day - a genuine result leak would require the DATE itself being wrong, not just a careless read; still confirm by skimming for any reference to a declared result)","written in response to the letter from Conservative county Cllr Julie Iles (The Horsleys) Now Tories Demand Review of Their Own 2019 Local Plan )
It’s a bit early for April Fool pranks, but surely no-one is taken in by this desperate election ploy from Cllr Iles.
The only believable comment appears to be her acknowledgement that the awful Tory Local Plan, pushed through just days before the last election, ensuring massive development on our green belt fields and villages, had the wrong housing targets.
We assume the “confirmation” Cllr Iles speaks of in her letter is documented, comes directly from the Ministry of Housing, Communities and Local Government (MHCLG), is signed by Secretary of State Robert Jenrick and is legally binding. We ask that she publishes it.
Then we will be only too happy to action such a commitment if it comes from someone who really matters in this arena. Of course, it would represent a complete U-turn by the Secretary of State, and is completely contrary to Prime Minister Boris Johnson’s “Build, Build, Build” mantra.
The latest information published by the government on December 16, 2020 states a new target figure of 787 houses to be built by Guildford borough, 40% higher than our present annual target.
Our experience is that miracles are rare. There is history here we need to remember.
The reason the borough has an annual housing number of 562 is due to years of housing under-delivery during successive Conservative administrations. They also made the... [truncated, 6821 chars total - full text at data/raw/news/text/NEWS-guildford_dragon-b5de1719712d.txt]",data/raw/news/text/NEWS-guildford_dragon-b5de1719712d.txt
NEWS-guildford_dragon-bd8991767823,SCC-2017-05,guildford_dragon,local,SCC-2017-05:local,full_corpus,pending_human_review,"Clears every mechanically-checkable rule. Still requires the human pass for E4 (result leakage), the L/N relevance test (E5), E6 (Reform disambiguation, if applicable) and E8 (genuine editorial content) before it can count as eligible.",,,include,not_applicable,,,E5-L1-PLACE,E6-NOT-REFORM-FLAGGED,,,"Hon Alderman and former Mayor of Guildford
For most of my life I was a Conservative.",,,,high,,,,,,,,,,,Letter: I Can No Longer Support the Conservatives in Local Elections,2017-04-14,20,"likely E4-CLEAR (20 days before polling day - a genuine result leak would require the DATE itself being wrong, not just a careless read; still confirm by skimming for any reference to a declared result)","Hon Alderman and former Mayor of Guildford
For most of my life I was a Conservative. I first stood as a Conservative candidate in the borough election for the Westborough ward in 1959, at the tender age of 21.
In later years I served in all the local association offices from divisional Young Conservatives chairman right through to the office of Guildford constituency chairman.
However, in common with most local Conservative supporters I speak to, I am gravely disappointed with the U-turns in local affairs.
I am sure that we are all aware of these, but perhaps the most misleading was the statement that of the “Conservative Say Green Belt to Stay” which was a banner headline on a campaign newsletter during the 2015 election.
On this pledge alone I am sure many  people voted in the belief that this promise was to be honoured. Unfortunately this appears not to be the case.
The leader of the council recently asked publicly, in the local press, who I would support.
Naturally the ballot is secret, but I will now find it very difficult to vote Conservative in the coming election on the May 4th, even if my support for our MP, Anne Milton, at a parliamentary level, remains.
Perhaps I will not be alone after recent events which effects not only our borough but the whole county?
My experience is that there are very many angry and disaffected voters in the borough who feel betrayed and deeply uneasy with the way the local Conservative Executive has been, and is, behaving.
We are on the th... [truncated, 5502 chars total - full text at data/raw/news/text/NEWS-guildford_dragon-bd8991767823.txt]",data/raw/news/text/NEWS-guildford_dragon-bd8991767823.txt
NEWS-guildford_dragon-c4c267f5f96d,SCC-2021-05,guildford_dragon,local,SCC-2021-05:local,full_corpus,pending_human_review,"Clears every mechanically-checkable rule. Still requires the human pass for E4 (result leakage), the L/N relevance test (E5), E6 (Reform disambiguation, if applicable) and E8 (genuine editorial content) before it can count as eligible.",,,include,not_applicable,,,E5-L1-PLACE,E6-NOT-REFORM-FLAGGED,,,Cllr Iles would do well to remember that the voters in her county division of The Horsleys (which includes my borough ward of Effingham) are well-informed and have good memories.,,,,high,,,,,,,,,,,"Letter: See Through This Blatant, Cynical Conservative Electioneering",2021-03-23,44,"likely E4-CLEAR (44 days before polling day - a genuine result leak would require the DATE itself being wrong, not just a careless read; still confirm by skimming for any reference to a declared result)","In response to: Perhaps Cllr Iles and Her Co-Plotters Should Play Their Games Somewhere Else?
I have followed the correspondence about the Guildford Local Plan from Conservative politicians in Mole Valley constituency with a rising sense of disbelief.
It seems county Cllr Julie Iles and MP Sir Paul Beresford will stop at nothing in their attempts to rewrite recent history in the run-up to the county council elections. They give totally unsubstantiated assurances about their influence with government to allow a lower housing target if the Local Plan is reviewed. That’s at least three years too late.
Cllr Iles would do well to remember that the voters in her county division of The Horsleys (which includes my borough ward of Effingham) are well-informed and have good memories.
We remember clearly how the Conservatives pushed through the adoption of the Local Plan on April 25, 2019, just one week before the borough council elections when most Conservative borough councillors lost their seats.
We also remember clearly that the housing target which led to the removal of swathes of land from the green belt in that Local Plan was imposed on us by the Conservative government.
Perhaps Cllr Iles is hoping voters in The Horsleys will not realise that a review of the Local Plan could have no impact on the outcome of the planning application due soon from Taylor Wimpey for a new town of 2,000 new homes on the former Wisley Airfield site, removed from the green belt under the Conservative L... [truncated, 4558 chars total - full text at data/raw/news/text/NEWS-guildford_dragon-c4c267f5f96d.txt]",data/raw/news/text/NEWS-guildford_dragon-c4c267f5f96d.txt
NEWS-guildford_dragon-d8c0187430a0,SCC-2017-05,guildford_dragon,local,SCC-2017-05:local,full_corpus,pending_human_review,"Clears every mechanically-checkable rule. Still requires the human pass for E4 (result leakage), the L/N relevance test (E5), E6 (Reform disambiguation, if applicable) and E8 (genuine editorial content) before it can count as eligible.",,,include,not_applicable,,,E5-L1-PLACE,E6-NOT-REFORM-FLAGGED,,,"Guildford’s Conservative MP, Anne Milton, the government’s deputy chief whip, said: “The prime minister has called a general election to make sure we have the strong and stable leadership we need.",,,,high,,,,,,,,,,,General Election Called For June 8: Guildford Politicians Comment,2017-04-18,16,"likely E4-CLEAR (16 days before polling day - a genuine result leak would require the DATE itself being wrong, not just a careless read; still confirm by skimming for any reference to a declared result)","Today’s announcement by the prime minister, Theresa May, that she intends to go to the country and hold a snap general election on June 8 has surprised everyone.
Guildford’s Conservative MP, Anne Milton, the government’s deputy chief whip, said: “The prime minister has called a general election to make sure we have the strong and stable leadership we need.
“It has be an honour and a privilege to serve my constituents in Guildford, Cranleigh and our villages and I will certainly be putting forward my name to stand again as member of parliament.”
Ms Milton has created a Tory stronghold in Guildford after taking the seat back from the Lib Dems in 2005. At the 2015 general election she secured 57% of the vote and increased her majority to 22,000 over the Lib Dems, in second place, with just 8,300 votes.
But Guildford voted 56% Remain in the EU referendum last year and some Conservative supporters who are strongly pro-EU and disillusioned with the government’s Brexit strategy might consider switching to the Lib Dems.
The Liberal Democrats, who selected a parliamentary candidate last year when they thought a general election might have been called in the direct wake of the referendum, say they will stand on a: “…clear platform to prevent a hard Brexit by staying in the Single Market, and to give the British people the final say on the Brexit deal through a referendum.”
Their candidate, former borough councillor Zöe Franklin commented: “This election is a huge opportunity for voters... [truncated, 11993 chars total - full text at data/raw/news/text/NEWS-guildford_dragon-d8c0187430a0.txt]",data/raw/news/text/NEWS-guildford_dragon-d8c0187430a0.txt
NEWS-surrey_comet-22039535fc5f,SCC-2021-05,surrey_comet,local,SCC-2021-05:local,full_corpus,pending_human_review,"Clears every mechanically-checkable rule. Still requires the human pass for E4 (result leakage), the L/N relevance test (E5), E6 (Reform disambiguation, if applicable) and E8 (genuine editorial content) before it can count as eligible.",,,exclude,not_applicable,,,E5-NO-L-OR-N-RULE-MET,E6-NOT-REFORM-FLAGGED,,,"Shaun Bailey has revealed plans to put 8,000 new police officers on the streets if he becomes Mayor of London.",,,,medium,,,,,,,,,,,London Mayor Election: Shaun Bailey pledges new Met officers,2021-02-17,78,"likely E4-CLEAR (78 days before polling day - a genuine result leak would require the DATE itself being wrong, not just a careless read; still confirm by skimming for any reference to a declared result)","Shaun Bailey has revealed plans to put 8,000 new police officers on the streets if he becomes Mayor of London. Credit: GLA/PA/Newsquest
Shaun Bailey has today unveiled his “Fresh Start Plan” for London and has pledged to put 8,000 new police officers on the streets if he becomes mayor.
The Conservative candidate told the Local Democracy Reporting Service that making people feel safe is “the first step to reclaiming the streets of London” and that tackling and preventing crime will “100 per cent” be a priority.
In his ten-point plan released today, Mr Bailey outlines how he intends to put 8,000 new police officers on the streets and reopen 38 police front counters by the end of his first term as mayor by using City Hall savings, funds from the Home Office and money from a mayoral infrastructure levy on developers.
The former youth worker also revealed plans to open a youth centre in every London borough and hire 4,000 new youth workers to help provide opportunities to young people and stop them getting involved in crime.
Mr Bailey said: “There’s two ends of this, isn’t there? One is the enforcement piece: 8,000 extra officers, the technology to do stop and search and the emotional backing of the police to do their job. Then the other end of course is community work because we can’t arrest our way out of this problem. We have to bolster communities.
“So when I talk about 4,000 youth workers, that’s what they will do. When I talk about reopening police counters, that’s about giv... [truncated, 3008 chars total - full text at data/raw/news/text/NEWS-surrey_comet-22039535fc5f.txt]",data/raw/news/text/NEWS-surrey_comet-22039535fc5f.txt
NEWS-surrey_comet-7aaf93361a3a,SCC-2021-05,surrey_comet,local,SCC-2021-05:local,full_corpus,pending_human_review,"Clears every mechanically-checkable rule. Still requires the human pass for E4 (result leakage), the L/N relevance test (E5), E6 (Reform disambiguation, if applicable) and E8 (genuine editorial content) before it can count as eligible.",,,exclude,not_applicable,,,E5-NO-L-OR-N-RULE-MET,E6-NOT-REFORM-FLAGGED,,,Cllr Tricia Bamford is stepping down in her role as councillor for Chessington South ward.,,,,medium,,,,,,,,,,,By-election triggered after Chessington councillor resigns,2020-12-03,154,"likely E4-CLEAR (154 days before polling day - a genuine result leak would require the DATE itself being wrong, not just a careless read; still confirm by skimming for any reference to a declared result)","Cllr Tricia Bamford is stepping down in her role as councillor for Chessington South ward. Credit: Kingston Council
A Chessington councillor has resigned from Kingston Council with immediate effect, but the by-election to replace her will not take place until early next May due to the ongoing coronavirus pandemic.
Liberal Democrat Tricia Bamford, 66, stepped down as councillor for Chessington South on Monday (November 30).
She said she had planned to retire at the end of her term in May 2022, but changes in family circumstances pre-empted this.
She told the Local Democracy Reporting Service that she was most proud of “finding a voice” for residents and her community, and growing her confidence.
“It’s been great for me, having been in that honoured position, really, because let’s face it, people voted for me to represent them six times, and every time it’s been an honour, and every time, you know, you don’t want to let them down.
“It’s the residents who put you where you are. Nobody should ever forget that.”
Ms Bamford said she had never spoken in public before the age of 40, and that being a councillor gave her the confidence to do so.
She said after 22 years as a councillor, she has seen a lot of changes, and will continue to help those that need it.
“People sometimes view change as bad but some change actually present new and better opportunities. Not all the time. I agree. But you know, I just think, I’m still here in the community. And I’m not going to disappear. And I wi... [truncated, 2500 chars total - full text at data/raw/news/text/NEWS-surrey_comet-7aaf93361a3a.txt]",data/raw/news/text/NEWS-surrey_comet-7aaf93361a3a.txt
NEWS-surreylive-0a0e8c2a1016,SCC-2017-05,surreylive,local,SCC-2017-05:local,full_corpus,pending_human_review,"Clears every mechanically-checkable rule. Still requires the human pass for E4 (result leakage), the L/N relevance test (E5), E6 (Reform disambiguation, if applicable) and E8 (genuine editorial content) before it can count as eligible.",,,include,not_applicable,,,E5-L1-PLACE,E6-NOT-REFORM-FLAGGED,,,"The incident happened outside Stanwell Health Centre in Hadrian Way on November 6 last year, but police only on Friday issued details of the woman's shocking ordeal.",,,,medium,,,,,,,,,,,Elderly woman serious hurt in vicious Stanwell dog attack,2017-04-21,13,"likely E4-CLEAR (13 days before polling day - a genuine result leak would require the DATE itself being wrong, not just a careless read; still confirm by skimming for any reference to a declared result)","An elderly woman suffered a broken pelvis and fractured spine after she was attacked by two dogs on her way home from church.
The woman was left needing two operations to put metal pins in her pelvis - and has since been left completely housebound.
Surrey Police has since released an e-fit of a man they would like to speak to in connection with the incident.
He is described as white European with black hair, clean shaven, around 5ft 9in tall, aged between 28 and 30. He was wearing beige trousers and a short sleeve t-shirt.
The incident happened outside Stanwell Health Centre in Hadrian Way on November 6 last year, but police only on Friday issued details of the woman's shocking ordeal.
The victim said: “I was on my way home from church when two dogs jumped at me and knocked me to the ground.
“I broke my pelvis and fractured my spine when I fell. I needed two operations to put metal pins in my pelvis. Since the operations, I’ve been housebound and need carers to visit twice a day.”
PC Matthew How said: “If you saw the incident, or know who the male in the e-fit could be, please contact us on 101. The victim sustained serious injuries and she is understandably very shaken.”
Anyone with information, or who recognises the man, is asked to call Surrey Police on 101 quoting reference 45160113210 or call Crimestoppers charity anonymously on 0800 555 111.
Keep up to date with the latest news from around the county via the free Get Surrey app.
Y ou can set up your app to see all the l... [truncated, 1658 chars total - full text at data/raw/news/text/NEWS-surreylive-0a0e8c2a1016.txt]",data/raw/news/text/NEWS-surreylive-0a0e8c2a1016.txt
NEWS-surreylive-0e36e5a49dfd,SCC-2017-05,surreylive,local,SCC-2017-05:local,full_corpus,pending_human_review,"Clears every mechanically-checkable rule. Still requires the human pass for E4 (result leakage), the L/N relevance test (E5), E6 (Reform disambiguation, if applicable) and E8 (genuine editorial content) before it can count as eligible.",,,include,not_applicable,,,E5-L1-PLACE,E6-NOT-REFORM-FLAGGED,,,"The A25 Shere Road is closed in both directions following a serious collision, Surrey Police has said.",,,,medium,,,,,,,,,,,A25 Shere closed in both directions after serious collision,2017-03-24,41,"likely E4-CLEAR (41 days before polling day - a genuine result leak would require the DATE itself being wrong, not just a careless read; still confirm by skimming for any reference to a declared result)","The A25 Shere Road is closed in both directions following a serious collision, Surrey Police has said.
The incident reportedly involved a motorbike and a car and took place at around 4.40pm.
We will bring you more information as it comes in.
Surrey Police’s road policing unit is getting ready to reopen the A25 Shere Road.
The A25 Shere Road was fully reopened by police at about 8.30pm after the earlier tragic incident.
Our photographer Darren Pepe has been out taking video footage of the police cordon on A25 Shere Road following the fatal crash.
We have a full story on the crash earlier this evening, where sadly a man died following a crash involving a motorcycle and two cars.
The A25 Shere Road remains closed from Upper Street and Felday Road.
Anyone who witnessed the collision or the manner of driving of the vehicles involved prior to the incident should call the Surrey Police Serious Collision Investigation Unit on 01483 639922 or the 101 non-emergency number, quoting reference P17069510.
Alternatively you can use the online reporting system found at https://report.police.uk/ and enter the reference number in the ‘Additional information’ section.
Adele Whatmore commented on our Facebook post about the incident to comment on the gridlock in the area.
She said: “As police say, please avoid. The area is snarled up with big vehicles trying to pass in very narrow lanes.”
Motorists are advised to avoid the area as there are a number of road closures in place in the vicinity of t... [truncated, 2716 chars total - full text at data/raw/news/text/NEWS-surreylive-0e36e5a49dfd.txt]",data/raw/news/text/NEWS-surreylive-0e36e5a49dfd.txt
NEWS-surreylive-0facb544d283,SCC-2021-05,surreylive,local,SCC-2021-05:local,full_corpus,pending_human_review,"Clears every mechanically-checkable rule. Still requires the human pass for E4 (result leakage), the L/N relevance test (E5), E6 (Reform disambiguation, if applicable) and E8 (genuine editorial content) before it can count as eligible.",,,include,not_applicable,,,E5-L3-COUNCIL-ISSUE,E6-NOT-REFORM-FLAGGED,,,"Residents in Stanwell have been left feeling ""neglected"" over drainage issues which led to serious flooding, with one homeowner claiming they were ""passed from pillar to post"" by the local authorities.",,,,medium,,,,,,,,,,,Residents feel 'neglected' as flooding hits Surrey village,2021-02-04,91,"likely E4-CLEAR (91 days before polling day - a genuine result leak would require the DATE itself being wrong, not just a careless read; still confirm by skimming for any reference to a declared result)","Homeowners in the area have complained after flood water took three days to clear
Sign up to our FREE daily newsletter to get the latest Surrey news and features in your inbox
Residents in Stanwell have been left feeling ""neglected"" over drainage issues which led to serious flooding, with one homeowner claiming they were ""passed from pillar to post"" by the local authorities.
Heavy rain saw the Milton Gardens and Chesterton Drive areas submerged on Thursday (January 28) and in the days that followed but authorities are still trying to establish exactly why the flooding, a result of drainage issues, occurred.
""It has been horrendous,"" explained Stanwell resident Vikki Ovenell. ""The main problem began last Thursday when the heavy rain set in. Our road only has one way in and out, it was blocked with flooding so everyone was stuck.
""The problem was logged with Spelthorne Borough Council , who later told us it was, in fact, nothing to do with them.""
Surrey County Council is responsible for the highways, and Thames Water is responsible for the drains but residents wanted swift action, given the impact on them, and found themselves frustrated by the pace at which it was resolved.
According to Vikki it was councillor Sinead Mooney who pushed for the problem to be sorted - following a Facebook plea from Vikki and fellow residents. After which, the Surrey County Council Highways department was involved and the water was cleared three days later.
She said: ""We have elderly people living... [truncated, 5820 chars total - full text at data/raw/news/text/NEWS-surreylive-0facb544d283.txt]",data/raw/news/text/NEWS-surreylive-0facb544d283.txt
NEWS-surreylive-1351f85c19fc,SCC-2017-05,surreylive,local,SCC-2017-05:local,full_corpus,pending_human_review,"Clears every mechanically-checkable rule. Still requires the human pass for E4 (result leakage), the L/N relevance test (E5), E6 (Reform disambiguation, if applicable) and E8 (genuine editorial content) before it can count as eligible.",,,include,not_applicable,,,E5-L1-PLACE,E6-NOT-REFORM-FLAGGED,,,A Bagshot man accused of waving a knife around at Frimley Park Hospital’s A&E department has been found not guilty of affray and possessing an offensive weapon in a public place.,,,,medium,,,,,,,,,,,Not guilty verdict for man accused of waving knife around A&E,2017-02-15,78,"likely E4-CLEAR (78 days before polling day - a genuine result leak would require the DATE itself being wrong, not just a careless read; still confirm by skimming for any reference to a declared result)","A Bagshot man accused of waving a knife around at Frimley Park Hospital’s A&E department has been found not guilty of affray and possessing an offensive weapon in a public place.
Tommy Lee Jr, 39, of Swift Lane, was accused of entering the A&E department during the early hours of Sunday May 29, 2016, before getting involved in a fight with Joseph Collins.
Mr Collins sustained head and ear injuries during the incident.
During Lee’s trial, which began at Guildford Crown Court on Tuesday (February 14), the defendant denied bringing a knife to the hospital and said it was Mr Collins who had attacked him with the knife.
On Wednesday morning, Judge Robert Fraser ordered not guilty verdicts be entered on both charges facing Lee.
While giving evidence during the trial, Lee told the jury Mr Collins, who was known to him through his wife, had broken into his mobile home in Bagshot with two other men.
Lee said he was beaten up by the men who were demanding money from him.
After the men left, Lee told the jury he had gotten a lift from a night watchmen to Frimley Park to get treatment for injuries he sustained during the alleged break in.
Upon arriving at the hospital, Lee said he was attacked with a knife by Mr Collins, and that he had taken the knife of him in self-defence.
The court was told Mr Collins refused to cooperate with police following the incident.",data/raw/news/text/NEWS-surreylive-1351f85c19fc.txt
NEWS-surreylive-15853fa74661,ESWS-2026-05,surreylive,local,ESWS-2026-05:local,full_corpus,pending_human_review,"Clears every mechanically-checkable rule. Still requires the human pass for E4 (result leakage), the L/N relevance test (E5), E6 (Reform disambiguation, if applicable) and E8 (genuine editorial content) before it can count as eligible.",,,include,not_applicable,,,E5-L2-CANDIDATE,E6-NOT-REFORM-FLAGGED,,,"Surrey Heath will send 12 councillors from six wards to the new West Surrey Council (Image: Surrey Live - Grahame Larter)
Candidates standing in the Surrey Heath region for the Thursday May 7 Surrey local elections have been announced.",,,,high,,,,,,,,,,,Every Surrey Heath candidate standing in West Surrey Local Elections including Camberley and Frimley,2026-04-16,21,"likely E4-CLEAR (21 days before polling day - a genuine result leak would require the DATE itself being wrong, not just a careless read; still confirm by skimming for any reference to a declared result)","Surrey Heath will send 12 councillors from six wards to the new West Surrey Council (Image: Surrey Live - Grahame Larter)
Candidates standing in the Surrey Heath region for the Thursday May 7 Surrey local elections have been announced.
Local government in Surrey is undergoing the biggest change in over half a century as its county council merges with its 11 boroughs and districts to form two mega authorities - East and West Surrey.
People living in Elmbridge, Epsom & Ewell , Mole Valley, Reigate & Banstead , and Tandridge will vote for an East Surrey Council . While those in Guildford , Runnymede, Spelthorne, Surrey Heath, Waverley and Woking will elect a West Surrey Council
The existing Surrey County Council boundaries will remain - but with two councillors representing each area instead of the current one - and no borough councillors.
The counts are taking place within the existing boroughs and results passed to central hubs in Runnymede for West Surrey and Reigate for East Surrey.
Results are expected on May 8. Once elected, the victorious candidates will not take over the current councils immediately but become ‘shadow councillors’ until the new authority takes over on April 1, 2027.
West and East Surrey Councils (image Surrey Councils)
How many councillors will represent each area:
The West Surrey Council candidates for Bagshot, Windlesham and Chobham
The West Surrey Council candidates for Camberley East
The full list of candidates for the existing Surrey Heath district ... [truncated, 1662 chars total - full text at data/raw/news/text/NEWS-surreylive-15853fa74661.txt]",data/raw/news/text/NEWS-surreylive-15853fa74661.txt
NEWS-surreylive-1751a8550ef0,SCC-2017-05,surreylive,local,SCC-2017-05:local,full_corpus,pending_human_review,"Clears every mechanically-checkable rule. Still requires the human pass for E4 (result leakage), the L/N relevance test (E5), E6 (Reform disambiguation, if applicable) and E8 (genuine editorial content) before it can count as eligible.",,,include,not_applicable,,,E5-L1-PLACE,E6-NOT-REFORM-FLAGGED,,,This is the scene of devastation after a car careered off the road in Banstead in the early hours of Sunday morning (November 6).,,,,medium,,,,,,,,,,,Scene of devastation after car comes off the road in Banstead,2016-11-06,179,"likely E4-CLEAR (179 days before polling day - a genuine result leak would require the DATE itself being wrong, not just a careless read; still confirm by skimming for any reference to a declared result)","This is the scene of devastation after a car careered off the road in Banstead in the early hours of Sunday morning (November 6).
The Surrey Roads Policing Unit (RPU) was called out to Winkworth Road at around 4am.
Following the incident car parts lay strewn across the road and several garden fences were badly damaged.
The driver, a man in his 30s, was taken to hospital but the injuries are not believed to be serious.
Officers closed Winkworth Road, between Fir Tree Road and Wilmot Way, while they cleared the scene.
A spokesman for the RPU said: ""The car was destroyed and a number of fences to private houses damaged.
""The clear up at took a little while as there was debris and oil everywhere.
""The driver was a local man in his 30s; no other vehicles were involved in the incident.""
The RPU spokesman said the driver was taken to St George's Hospital in Tooting.
""He does not appears to have any serious injuries,"" the spokesman said.
""At the hospital he failed to provide blood for analysis after failing a preliminary alcohol breath and drugs test.""
The spokesman added that no arrests have been made at this stage.",data/raw/news/text/NEWS-surreylive-1751a8550ef0.txt
NEWS-surreylive-19952195c4f1,SCC-2021-05,surreylive,local,SCC-2021-05:local,full_corpus,pending_human_review,"Clears every mechanically-checkable rule. Still requires the human pass for E4 (result leakage), the L/N relevance test (E5), E6 (Reform disambiguation, if applicable) and E8 (genuine editorial content) before it can count as eligible.",,,include,not_applicable,,,E5-L1-PLACE,E6-NOT-REFORM-FLAGGED,,,"Officers, friends and family are concerned for the welfare of the 33-year-old, who is from Tadworth.",,,,medium,,,,,,,,,,,Police search for 'extremely vulnerable' missing Surrey woman,2021-04-18,18,"likely E4-CLEAR (18 days before polling day - a genuine result leak would require the DATE itself being wrong, not just a careless read; still confirm by skimming for any reference to a declared result)","If you have seen Kim contact the police as soon as possible
Get the latest email updates for Surrey with our FREE daily newsletter
A woman described as ""extremely vulnerable"" has gone missing from her home in Surrey.
Police are trying to locate Kim Edwards who was last seen around 9.20am on Sunday (April 18).
Officers, friends and family are concerned for the welfare of the 33-year-old, who is from Tadworth.
There is a large police presence in the Tadworth area as the search is ongoing. The public have been asked to get in touch if they have any information that might be useful.
Signing up to the SurreyLive newsletter means you'll receive our daily news email.
It couldn't be simpler and it takes seconds - simply press here, enter your email address and follow the instructions.
You can also enter your address at the top of this page in the box below the picture on most desktop and mobile platforms.
Changed your mind? There's an 'unsubscribe' button at the bottom of every newsletter we send out.
Kim is described as white, 5ft 8in tall, of average build, with blonde shoulder-length hair which she was wearing in a bun.
She was wearing blue jeans, a light pink jumper and black trainers and may have been wearing sunglasses. She was also carrying a small black rucksack.
A Surrey Police spokesperson said: ""If you have seen Kim, or you have any information which could assist our search, please contact us via webchat on our web site or by calling 101, quoting PR/P21080581.""",data/raw/news/text/NEWS-surreylive-19952195c4f1.txt
NEWS-surreylive-1d71be81f2ae,SCC-2021-05,surreylive,local,SCC-2021-05:local,full_corpus,pending_human_review,"Clears every mechanically-checkable rule. Still requires the human pass for E4 (result leakage), the L/N relevance test (E5), E6 (Reform disambiguation, if applicable) and E8 (genuine editorial content) before it can count as eligible.",,,include,not_applicable,,,E5-L1-PLACE,E6-NOT-REFORM-FLAGGED,,,A body has been found in a field near Ashtead and is believed to be that of a missing man.,,,,medium,,,,,,,,,,,Body found in field near Ashtead believed to be missing man,2021-03-11,56,"likely E4-CLEAR (56 days before polling day - a genuine result leak would require the DATE itself being wrong, not just a careless read; still confirm by skimming for any reference to a declared result)","The incident is not being treated as suspicious and there is no evidence of any third party involvement at this stage
Get the latest email updates for Surrey with our FREE daily newsletter
A body has been found in a field near Ashtead and is believed to be that of a missing man.
The discovery was made on Wednesday night (March 10), Surrey Police has confirmed in a statement.
Although formal identification is yet to take place, the body is understood to be that of Hajo Roozendaal - a man from Leatherhead who had been missing.
The 45-year-old was last seen on Tuesday evening (March 9) and a police missing persons appeal said he was known to walk around Ashtead Common.
Hajo's family are aware that a body has been found and are being given support from specially trained officers, the force has said.
Signing up to the SurreyLive newsletter means you'll receive our daily news email.
It couldn't be simpler and it takes seconds - simply press here, enter your email address and follow the instructions.
You can also enter your address at the top of this page in the box below the picture on most desktop and mobile platforms.
Changed your mind? There's an 'unsubscribe' button at the bottom of every newsletter we send out.
A Surrey Police spokesperson said: ""Our thoughts remain with them at this difficult time. Enquiries are ongoing to establish the circumstances of the death, although it is not believed to be suspicious and there is no evidence of any third party involvement at this time... [truncated, 1587 chars total - full text at data/raw/news/text/NEWS-surreylive-1d71be81f2ae.txt]",data/raw/news/text/NEWS-surreylive-1d71be81f2ae.txt
NEWS-surreylive-204c06f9d303,SCC-2021-05,surreylive,local,SCC-2021-05:local,full_corpus,pending_human_review,"Clears every mechanically-checkable rule. Still requires the human pass for E4 (result leakage), the L/N relevance test (E5), E6 (Reform disambiguation, if applicable) and E8 (genuine editorial content) before it can count as eligible.",,,exclude,not_applicable,,,E5-NO-L-OR-N-RULE-MET,E6-NOT-REFORM-FLAGGED,,,"Experts have five tips for improving the information lenders use to assess you
Get the latest email updates for Surrey with our FREE daily newsletter
Apart from exerting your democratic rights, the elections can be a great time to remember to register on the electoral roll – if you haven't already done so – giving your credit score a boost at the same time.",,,,medium,,,,,,,,,,,What the local elections have to do with your credit score,2021-04-28,8,read carefully (8 days before polling day - close enough that a dating error could plausibly let leakage through; do not default to E4-CLEAR here),"Experts have five tips for improving the information lenders use to assess you
Get the latest email updates for Surrey with our FREE daily newsletter
Apart from exerting your democratic rights, the elections can be a great time to remember to register on the electoral roll – if you haven't already done so – giving your credit score a boost at the same time.
Having a high or low credit score could mean the difference between being approved or declined for the best financial products at the best interest rates – from mortgages, credit cards and loans to mobile phone contracts – it is always worth trying to improve your credit score and make it the best it can be.
Thomas Allder, Customer Director, from Vanquis shares his five simple tips on how to improve your credit score with little effort.
Getting your name onto the electoral register – also known as the electoral roll – can immediately help improve the way you’re viewed by lenders and will help boost your credit score. This is because credit reference agencies are able to verify who you are, which makes you more reliable in the lender's eyes. You can register for the electoral roll by visiting gov.uk .
Your credit score is based on the information within your credit report so it’s worth checking it regularly to check it’s accurate. If something is incorrect – such as an old account appearing ‘open’ when it is closed – then your credit score won’t be accurate either and is likely to be lower than it should be. You’ll need to ... [truncated, 2644 chars total - full text at data/raw/news/text/NEWS-surreylive-204c06f9d303.txt]",data/raw/news/text/NEWS-surreylive-204c06f9d303.txt
NEWS-surreylive-2360b288b189,SCC-2017-05,surreylive,local,SCC-2017-05:local,full_corpus,pending_human_review,"Clears every mechanically-checkable rule. Still requires the human pass for E4 (result leakage), the L/N relevance test (E5), E6 (Reform disambiguation, if applicable) and E8 (genuine editorial content) before it can count as eligible.",,,include,not_applicable,,,E5-L1-PLACE,E6-NOT-REFORM-FLAGGED,,,"A lonely Tadworth widow, who was jailed after her wayward dog savaged a neighbour, has had her jail sentence cut.",,,,medium,,,,,,,,,,,Tadworth woman has jail term CUT after Staffy brutally savaged neighbour,2017-03-21,44,"likely E4-CLEAR (44 days before polling day - a genuine result leak would require the DATE itself being wrong, not just a careless read; still confirm by skimming for any reference to a declared result)","Janet Chalcraft's Staffordshire Bull Terrier sunk its teeth into a neighbour's arm when he was let out into a communal garden without a muzzle
A lonely Tadworth widow, who was jailed after her wayward dog savaged a neighbour, has had her jail sentence cut.
Janet Chalcraft, 63, of Mallow Close, let her Staffordshire Bull Terrier, Tyke, out into a communal garden on a summer's day last year - without a muzzle.
Tyke then brutally attacked neighbour Yvette Peters, sinking his teeth into her arm causing ""significant"" injuries, a court heard.
Chalcraft admitted being the owner of a dog dangerously out of control and being in breach of a conditional discharge imposed in March last year.
Magistrates had already ordered her not to allow Tyke to go into public places without a muzzle after a previous incident, during which nobody was injured.
Read More Dog owner who let Staffy out without muzzle only for dog to savage neighbour jailed
The 63-year-old was jailed for 18 months at Guildford Crown Court in December last year and banned from owning a dog for 10 years.
But Anne Brown, representing Chalcraft, argued on Tuesday (March, 21) her jail term was far too harsh and ought to be cut.
Judge Nicholas Cooke QC told London's Appeal Court that the victim's use of her left arm had been ""significantly compromised"" by the attack.
But he added there was ""significant personal mitigation"" available to Chalcraft.
He pointed to her age and otherwise ""blameless life"" and said she was a widow who had... [truncated, 1929 chars total - full text at data/raw/news/text/NEWS-surreylive-2360b288b189.txt]",data/raw/news/text/NEWS-surreylive-2360b288b189.txt
NEWS-surreylive-238bb5a742d3,SCC-2017-05,surreylive,local,SCC-2017-05:local,full_corpus,pending_human_review,"Clears every mechanically-checkable rule. Still requires the human pass for E4 (result leakage), the L/N relevance test (E5), E6 (Reform disambiguation, if applicable) and E8 (genuine editorial content) before it can count as eligible.",,,include,not_applicable,,,E5-L1-PLACE,E6-NOT-REFORM-FLAGGED,,,"The A25 Shere Road was closed following the crash while emergency services attended and the scene was examined
A motorcyclist has died following a crash with two cars in Gomshall on Friday afternoon.",,,,medium,,,,,,,,,,,A25 Shere Road crash: Motorcyclist dies following collision with two cars in Gomshall,2017-03-24,41,"likely E4-CLEAR (41 days before polling day - a genuine result leak would require the DATE itself being wrong, not just a careless read; still confirm by skimming for any reference to a declared result)","The A25 Shere Road was closed following the crash while emergency services attended and the scene was examined
A motorcyclist has died following a crash with two cars in Gomshall on Friday afternoon.
The crash happened on the A25 Shere Road at the junction with Gomshall Lane at around 4.25pm.
A motorcycle was involved in a crash with a blue Peugeot 206 and a red Volkswagen Polo but the male motorcyclist died at the scene.
Read More A25 Shere crash: Motorcyclist dies after serious collision with two cars
Paramedics from South East Coast Ambulance Service and the air ambulance attended alongside Surrey Police .
Motorists have been advised to avoid the area as there are number of road closures in place, including the A25 Shere Road at the junctions of Gomshall Lane, Upper Street and Queen Street, Sherborne Road and Felday Road.
Diversions are in place and road closures are expected to remain in place for a number of hours while emergency services are in attendance and the crash scene is examined.
Read More A3 crash chaos: Live updates on 'gridlock' following multiple collisions at Ripley and Painshill
Anyone who witnessed the collision or the manner of driving of the vehicles involved beforehand, is asked to call Surrey Police's Serious Collision Investigation Unit on 01483 639922 or 101 quoting reference P17069510.
Alternatively you can use the online reporting system found and enter the reference number in the ""Additional information"" section.",data/raw/news/text/NEWS-surreylive-238bb5a742d3.txt
NEWS-surreylive-28c2619c9143,SCC-2021-05,surreylive,local,SCC-2021-05:local,full_corpus,pending_human_review,"Clears every mechanically-checkable rule. Still requires the human pass for E4 (result leakage), the L/N relevance test (E5), E6 (Reform disambiguation, if applicable) and E8 (genuine editorial content) before it can count as eligible.",,,include,not_applicable,,,E5-L2-CANDIDATE,E6-NOT-REFORM-FLAGGED,,,"We asked candidates running across Epsom, Ewell, Auriol and Cuddington for no more than 100 words on why you should vote for them
Get the latest email updates for Surrey with our FREE daily newsletter
Voters take to the polls on Thursday, May 6 and in Epsom and Ewell there are five county council seats for residents to vote for.",,,,high,,,,,,,,,,,Meet the Epsom and Ewell election candidates vying for your vote,2021-04-29,7,read carefully (7 days before polling day - close enough that a dating error could plausibly let leakage through; do not default to E4-CLEAR here),"We asked candidates running across Epsom, Ewell, Auriol and Cuddington for no more than 100 words on why you should vote for them
Get the latest email updates for Surrey with our FREE daily newsletter
Voters take to the polls on Thursday, May 6 and in Epsom and Ewell there are five county council seats for residents to vote for.
The 2019 local elections saw the Epsom and Ewell Residents Association increase their overall majority on the borough council, as the Conservatives made losses. However this year there are no borough council seats up for grabs.
Instead all 81 of the seats on Surrey County Council are being contested, along with the role of Surrey's Police and Crime Commissioner.
From housing to the hospital and of course the impact of the pandemic, a lot has changed in the last two years, even in Epsom and Ewell, Surrey's smallest borough.
SurreyLive has invited all candidates running for election to submit a 100-word bio telling voters why they should opt for them.
Candidate descriptions that have gone over the word limit have been cut at the 100th word.
Some we could not reach, but if they wish their bios to be added, they can email alec.evans@reachplc.com before May 6 and we will include them.
We have finite natural resources but infinite creativity, young people especially, to craft a sustainable future. I'm also convinced that vibrant communities grow best where people's assemblies contribute to decision-making processes.
If elected, I will promote levelling-up p... [truncated, 14549 chars total - full text at data/raw/news/text/NEWS-surreylive-28c2619c9143.txt]",data/raw/news/text/NEWS-surreylive-28c2619c9143.txt
NEWS-surreylive-2a7a9746000c,SCC-2017-05,surreylive,local,SCC-2017-05:local,full_corpus,pending_human_review,"Clears every mechanically-checkable rule. Still requires the human pass for E4 (result leakage), the L/N relevance test (E5), E6 (Reform disambiguation, if applicable) and E8 (genuine editorial content) before it can count as eligible.",,,include,not_applicable,,,E5-L1-PLACE,E6-NOT-REFORM-FLAGGED,,,"An Ashtead teenager has been jailed after an attack in an Epsom park, which left the victim with a broken jaw.",,,,medium,,,,,,,,,,,Teenagers jailed after victim's jaw broken in Epsom park assault,2017-02-16,77,"likely E4-CLEAR (77 days before polling day - a genuine result leak would require the DATE itself being wrong, not just a careless read; still confirm by skimming for any reference to a declared result)","An Ashtead teenager has been jailed after an attack in an Epsom park, which left the victim with a broken jaw.
Connor Peach, known as Connor Gallagher, 18, of Woodfield Close, in Ashtead, and a 17-year-old male, who cannot be named for legal reasons, were sentenced to 18 months in prison after they appeared at Guildford Crown Court on February 3.
They denied the offences but were found guilty by a jury.
Following a CCTV appeal the teenagers were arrested in relation to an attack in Roseberry Park on November 28, 2014.
Gallagher and the teenager were part of a group who became involved in an argument with the victim at around 10.45pm in McDonald's in Epsom High Street.
They followed him before attacking him in the park.
A woman intervened when she saw the victim in an extremely distressed state after she visited a nearby church.
She has been nominated for a High Sheriff's Award as it is believed her bravery stopped the attackers in their tracks.
Surrey Police's Detective Constable Jody Newman, who investigated the incident, said: ""This was a really nasty assault which began with a verbal exchange at McDonald's and ended with the victim being beaten so severely that he was left with a broken jaw on both sides on his face.
""His injuries were only prevented from being far more serious, and the attack far more prolonged, by the member of the public who stepped in and confronted the attackers.
""Her extreme courage has been recognised with a nominated for a High Sheriff's Award.""
Sh... [truncated, 1989 chars total - full text at data/raw/news/text/NEWS-surreylive-2a7a9746000c.txt]",data/raw/news/text/NEWS-surreylive-2a7a9746000c.txt
NEWS-surreylive-363897b95052,SCC-2021-05,surreylive,local,SCC-2021-05:local,full_corpus,pending_human_review,"Clears every mechanically-checkable rule. Still requires the human pass for E4 (result leakage), the L/N relevance test (E5), E6 (Reform disambiguation, if applicable) and E8 (genuine editorial content) before it can count as eligible.",,,include,not_applicable,,,E5-L1-PLACE,E6-NOT-REFORM-FLAGGED,,,"A member of the public alerted Surrey Police officers, who were on patrol at the time, after finding the victim in Farm Lane, Ashtead.",,,,medium,,,,,,,,,,,Woman found unconscious in road after suspected hit and run,2020-12-26,131,"likely E4-CLEAR (131 days before polling day - a genuine result leak would require the DATE itself being wrong, not just a careless read; still confirm by skimming for any reference to a declared result)","Police are appealing for witnesses to come forward
Subscribe to our FREE daily newsletter for a round-up of the biggest stories from across Surrey
A woman was found lying unconscious and injured in a Surrey road following a suspected hit and run on Christmas Eve morning.
A member of the public alerted Surrey Police officers, who were on patrol at the time, after finding the victim in Farm Lane, Ashtead.
The woman was taken to hospital where she remains in a stable but serious condition.
Investigating officer, PC Emma Davies, said the collision is believed to have occurred between 8.15am and 8.20am on Thursday (December 24).
She said: ""If you were in the area and saw anything or possibly have any dashcam footage or CCTV, please get in touch with us.""
Find out how you can get more news from SurreyLive straight to your inbox HERE.
You can contact the police, quoting the reference number PR/45200135397, via webchat at surrey.police.uk , online or by calling 101.
If you do not wish to leave your name, please call the independent charity Crimestoppers on 0800 555 111.
For all the latest Surrey Police and crime news in the county, visit our dedicated page here.",data/raw/news/text/NEWS-surreylive-363897b95052.txt
NEWS-surreylive-366677542ae9,SCC-2021-05,surreylive,local,SCC-2021-05:local,full_corpus,pending_human_review,"Clears every mechanically-checkable rule. Still requires the human pass for E4 (result leakage), the L/N relevance test (E5), E6 (Reform disambiguation, if applicable) and E8 (genuine editorial content) before it can count as eligible.",,,exclude,not_applicable,,,E5-NO-L-OR-N-RULE-MET,E6-NOT-REFORM-FLAGGED,,,"Here are the details of the four-and-a-half mile route and where you can enjoy a refreshing drink along the way
Get the latest email updates for Surrey with our FREE daily newsletter
Pubs have had a tough time in the past year but when the roadmap out of lockdown was announced, drinking venues were given a date for their return.",,,,medium,,,,,,,,,,,Stunning circular Surrey walk has a pub garden on the route,2021-03-14,53,"likely E4-CLEAR (53 days before polling day - a genuine result leak would require the DATE itself being wrong, not just a careless read; still confirm by skimming for any reference to a declared result)","Here are the details of the four-and-a-half mile route and where you can enjoy a refreshing drink along the way
Get the latest email updates for Surrey with our FREE daily newsletter
Pubs have had a tough time in the past year but when the roadmap out of lockdown was announced, drinking venues were given a date for their return.
March 8 marked the first easing of restrictions as schools reopened and the next milestone will be on March 29 when the 'rule of six', or two households, will be able to meet outdoors including in private gardens.
But the hospitality industry will have its eyes on April 12 as this will be the moment pubs, restaurants and cafés will be allowed to welcome back customers for outdoor service.
There will be no curfew and customers won't have to order a substantial meal to accompany alcoholic drinks.
All of the above changes are conditional, rather than fixed, and will be delayed if there is a surge in hospitalisations or disruption to the vaccination programme.
But assuming things will go to plan, below we have provided a step-by-step guide for a beautiful Surrey pub walk you will hopefully be able to enjoy from April 12.
It is perfect for those living close to Epsom and Ashtead and of course involves the commons. As it is a circular walk you can join it at whichever point suits you best.
1. Starting at Epsom Common car park, which is located in Christ Church Road, follow the track leading to the common which runs through an open space and meets Stew Pond.... [truncated, 4067 chars total - full text at data/raw/news/text/NEWS-surreylive-366677542ae9.txt]",data/raw/news/text/NEWS-surreylive-366677542ae9.txt
NEWS-surreylive-39affecd8be2,ESWS-2026-05,surreylive,local,ESWS-2026-05:local,full_corpus,pending_human_review,"Clears every mechanically-checkable rule. Still requires the human pass for E4 (result leakage), the L/N relevance test (E5), E6 (Reform disambiguation, if applicable) and E8 (genuine editorial content) before it can count as eligible.",,,include,not_applicable,,,E5-L1-PLACE,E6-NOT-REFORM-FLAGGED,,,Two drug dealers have been jailed after arrests in Stanwell led to police uncovering their catalogue of crime.,,,,medium,,,,,,,,,,,Drug dealer arrested in Stanwell claimed knife in car was 'for fishing',2025-11-28,160,"likely E4-CLEAR (160 days before polling day - a genuine result leak would require the DATE itself being wrong, not just a careless read; still confirm by skimming for any reference to a declared result)","Two drug dealers have been jailed after arrests in Stanwell led to police uncovering their catalogue of crime. Police noticed a dark blue Peugeot in Town Lane which was being ""driven suspiciously"" on June 25.
Police approached the car after it stopped, and saw a man trying to hide something in the vehicle. Driver Harvey Constable-Eliba, 21, and Louis Cummings, 20, from The Crescent, Ashford , were arrested for being concerned in the supply of cocaine following a search of the car.
Both men had a phone, and a burner phone found inside the car was showing a message which appeared to be related to drug dealing.
""A knife was found inside which Cummings said was there because he’d ‘just come back from fishing’, even though there was no other fishing equipment in the car. Both men were further arrested and their homes were searched,"" said the Surrey Police spokesperson.
During a search of Cummings’ home, items were seized, including 130 large NOS cannisters, weighing scales with traces of white powder on, multiple phones and sim cards, and another knife.
Cummings was further arrested for possession with intent to supply Nitrous Oxide and possession of an offensive weapon in a private place.
Investigating officer PC Duncan Mackenzie said: ""Drug dealing has no place in our community and can cause significant damage to the lives of many. We are pleased with this result and that Constable and Cummings will now spend time in prison so they can’t cause disruption in the local area.""
Both... [truncated, 2080 chars total - full text at data/raw/news/text/NEWS-surreylive-39affecd8be2.txt]",data/raw/news/text/NEWS-surreylive-39affecd8be2.txt
NEWS-surreylive-3ba3c873216d,SCC-2017-05,surreylive,local,SCC-2017-05:local,full_corpus,pending_human_review,"Clears every mechanically-checkable rule. Still requires the human pass for E4 (result leakage), the L/N relevance test (E5), E6 (Reform disambiguation, if applicable) and E8 (genuine editorial content) before it can count as eligible.",,,include,not_applicable,,,E5-L1-PLACE,E6-NOT-REFORM-FLAGGED,,,Surrey Police is appealing for witnesses after a woman was taken to hospital following the smash in Stanwell .,,,,medium,,,,,,,,,,,Stanwell crash appeal after car ends up in river after lorry smash,2017-03-30,35,"likely E4-CLEAR (35 days before polling day - a genuine result leak would require the DATE itself being wrong, not just a careless read; still confirm by skimming for any reference to a declared result)","A car ended up in a river following a crash with a lorry, leaving the driver with serious injuries.
Surrey Police is appealing for witnesses after a woman was taken to hospital following the smash in Stanwell .
The crash happened at the junction of Bedfont Road and Northumberland Close, next to the Northumberland Industrial Estate, shortly before 7pm on Sunday (March 26).
The car, a black Peugeot 108, left the road and went into the Longford River, which runs alongside the road.
Police have confirmed the driver of the Peugeot, a woman in her 20s, was taken to hospital with serious injuries.
Fire crews and paramedics were sent to the scene at around 7.13pm to reports of a car in the water.
Anyone with information, or who witnessed the crash, is asked to call Surrey Police on 101 quoting reference P17071389.",data/raw/news/text/NEWS-surreylive-3ba3c873216d.txt
NEWS-surreylive-40aed1a13f2f,SCC-2021-05,surreylive,local,SCC-2021-05:local,full_corpus,pending_human_review,"Clears every mechanically-checkable rule. Still requires the human pass for E4 (result leakage), the L/N relevance test (E5), E6 (Reform disambiguation, if applicable) and E8 (genuine editorial content) before it can count as eligible.",,,include,not_applicable,,,E5-L1-PLACE,E6-NOT-REFORM-FLAGGED,,,"A next-door neighbour has described the Banstead resident as a clever woman who used to make her smile
Get the latest email updates for Surrey with our FREE daily newsletter
An elderly woman who lost her life in a house fire has been honoured in a tribute and named locally by her first name.",,,,medium,,,,,,,,,,,Fatal house fire victim named locally as neighbour pays tribute,2021-03-22,45,"likely E4-CLEAR (45 days before polling day - a genuine result leak would require the DATE itself being wrong, not just a careless read; still confirm by skimming for any reference to a declared result)","A next-door neighbour has described the Banstead resident as a clever woman who used to make her smile
Get the latest email updates for Surrey with our FREE daily newsletter
An elderly woman who lost her life in a house fire has been honoured in a tribute and named locally by her first name.
Valerie, known by her next-door neighbour as Val, tragically died in a blaze which burned through the large detached house where she lived in Holly Lane West, Banstead, in the early hours of Friday (March 19).
Jenny Prowse, 71, lives next door to the house. Although she described Valerie as a ""recluse"", Ms Prowse said she had known her for more than 30 years and during those decades she had kept in communication.
Ms Prowse was one of the residents to call 999 after seeing flames take hold of the property in the middle of the night.
Signing up to the SurreyLive newsletter means you'll receive our daily news email.
It couldn't be simpler and it takes seconds - simply press here, enter your email address and follow the instructions.
You can also enter your address at the top of this page in the box below the picture on most desktop and mobile platforms.
Changed your mind? There's an 'unsubscribe' button at the bottom of every newsletter we send out.
She said: ""It has made me quite emotional, I feel sad and awful about it. To me, it [the fire] was not exciting, it was horrible. I just smelled smoke. What made me get up was I heard a bonk.
""I looked out the window and there were flying embers ... [truncated, 4096 chars total - full text at data/raw/news/text/NEWS-surreylive-40aed1a13f2f.txt]",data/raw/news/text/NEWS-surreylive-40aed1a13f2f.txt
NEWS-surreylive-4dd8ff0e6f7a,SCC-2021-05,surreylive,local,SCC-2021-05:local,full_corpus,pending_human_review,"Clears every mechanically-checkable rule. Still requires the human pass for E4 (result leakage), the L/N relevance test (E5), E6 (Reform disambiguation, if applicable) and E8 (genuine editorial content) before it can count as eligible.",,,include,not_applicable,,,E5-L1-PLACE,E6-NOT-REFORM-FLAGGED,,,The Conservative Party succeeded in attracting more support by staying away from a Guildford hustings.,,,,high,,,,,,,,,,,Conservatives gain popularity by staying away from Guildford hustings,2021-05-05,1,read carefully (1 days before polling day - close enough that a dating error could plausibly let leakage through; do not default to E4-CLEAR here),"The party gained votes in a post-hustings straw poll despite no one showing up to speak
Get the latest email updates for Surrey with our FREE daily newsletter
The Conservative Party succeeded in attracting more support by staying away from a Guildford hustings.
Seven parties are contesting county council seats in the Guildford divisions, but despite all being invited by the University of Surrey's politics department, only four sent candidates to be questioned.
Straw polls taken immediately before and after the debate on Thursday (April 29) showed the Conservatives had gained three percentage points to win over 20% of voters present, despite no one from their party showing up.
Meanwhile both Liberal Democrats (who came out on top with 37%) and Labour (in second place with 27%) became less popular after taking part.
Residents for Guildford and Villages (R4GV) was the only participating party to pick up support (moving from 3-10%) and even the Lib Dem speaker said he wished their speaker was in the same party as him.
The audience of around 65, including many university students, was however not representative of all constituents.
The Guildford Conservative Association said they were busy out speaking to people, and Guildford Greenbelt Group and the Green Party also failed to send a speaker.
Professor Amelia Hadfield, head of the politics department, said: ""I think it's a shame when we can't have a full house.
""I would have thought that an online hustings promotes the ability to ... [truncated, 5876 chars total - full text at data/raw/news/text/NEWS-surreylive-4dd8ff0e6f7a.txt]",data/raw/news/text/NEWS-surreylive-4dd8ff0e6f7a.txt
NEWS-surreylive-5377e37e19b3,SCC-2017-05,surreylive,local,SCC-2017-05:local,full_corpus,pending_human_review,"Clears every mechanically-checkable rule. Still requires the human pass for E4 (result leakage), the L/N relevance test (E5), E6 (Reform disambiguation, if applicable) and E8 (genuine editorial content) before it can count as eligible.",,,include,not_applicable,,,E5-L3-COUNCIL-ISSUE,E6-NOT-REFORM-FLAGGED,,,"Outraged Bagshot residents have taken to social media, claiming they have been inadequately informed of an 'important' public consultation.",,,,medium,,,,,,,,,,,Bagshot residents' anger over 'politicised' public consultation,2017-02-17,76,"likely E4-CLEAR (76 days before polling day - a genuine result leak would require the DATE itself being wrong, not just a careless read; still confirm by skimming for any reference to a declared result)","Outraged Bagshot residents have taken to social media, claiming they have been inadequately informed of an 'important' public consultation.
The Proposed Village Centre Improvements consultation, to be held on Friday and Saturday, will discuss the spending of a six-figure donation by the Notcutts development.
Despite the consultation being open to the public, many residents claim they did not receive the information leaflets which were said to have been distributed.
Andrew Willgoss, committee member of the Bagshot Society , said: ""A number of residents have voiced serious concerns about the lack of publicity and in particular, the way it was squeezed onto a Conservative party flyer.
""This is not the right way to publicise this event and politicises the consultation.
""I think people need to know how shambolic and shoddy this is.""
Tina Carney, from Bagshot Community Events, said on Facebook: ""Very few people in the village received the leaflet, which first mentioned the consultation to be held this weekend.
""Until Cllr Valerie White put these details on her Facebook page, most of us were in the dark about this consultation.""
She added: ""The leaflet was actually a Conservative party newsletter edited by our Surrey County Councillor, Mike Goodman, and not a message specifically from the local councils.
""Conservatives seem to have taken 'ownership' of how this money should be spent.""
However, Surrey County Councillor Mike Goodman said a task group was created to consult other Bagsh... [truncated, 2294 chars total - full text at data/raw/news/text/NEWS-surreylive-5377e37e19b3.txt]",data/raw/news/text/NEWS-surreylive-5377e37e19b3.txt
NEWS-surreylive-65935ea5be4c,ESWS-2026-05,surreylive,local,ESWS-2026-05:local,full_corpus,pending_human_review,"Clears every mechanically-checkable rule. Still requires the human pass for E4 (result leakage), the L/N relevance test (E5), E6 (Reform disambiguation, if applicable) and E8 (genuine editorial content) before it can count as eligible.",,,include,not_applicable,,,E5-L1-PLACE,E6-NOT-REFORM-FLAGGED,,,Police have closed an Addlestone road after a serious collision.,,,,medium,,,,,,,,,,,Addlestone serious accident traffic updates as police confirm fatality,2026-01-13,114,"likely E4-CLEAR (114 days before polling day - a genuine result leak would require the DATE itself being wrong, not just a careless read; still confirm by skimming for any reference to a declared result)","Police have closed an Addlestone road after a serious collision.
Longcross Road is currently shut in both directions between Kitsmead Lane and Lyne Lane following an incident. The country road goes from the M3, through Lyne, and then into Chertsey.
Motorists have been told to avoid the area if possible.
For updates if we get them follow along with the blog below
Police have now given a detailed update on what has happened on Longcross Road.
Offiicers have confirmed that a man has sadly died, and another man has been arrested on suspicion of causing death by driving without due care and attention.
You can read the full police update here: Surrey motorcyclist dies after Chertsey crash as police make arrest
As part of the update on the Longcross officers have revealed that a 35-year-old man from Chertsey has been arrested on suspicion of causing death by driving without due care and attention.
The road remains closed between Kitsmead Lane and Lyne Lane.
Offices from Surrey Police have announced that a man has sadly died in a collision on Longcross Road.
Officers were called to Longcross Road at 6am this morning (Tuesday, 13 January) following reports of a collision involving a car and a motorcycle at the junction of Accommodation Road outside the Old School Café.
The rider of the motorcycle, a man in his 30s, sadly died at the scene. His next of kin have been informed.
According to traffic monitoring site Inrix Longcross road has been shut since 06:00, after a serious accident a... [truncated, 1998 chars total - full text at data/raw/news/text/NEWS-surreylive-65935ea5be4c.txt]",data/raw/news/text/NEWS-surreylive-65935ea5be4c.txt
NEWS-surreylive-6eff5123960f,SCC-2017-05,surreylive,local,SCC-2017-05:local,full_corpus,pending_human_review,"Clears every mechanically-checkable rule. Still requires the human pass for E4 (result leakage), the L/N relevance test (E5), E6 (Reform disambiguation, if applicable) and E8 (genuine editorial content) before it can count as eligible.",,,include,not_applicable,,,E5-L1-PLACE,E6-NOT-REFORM-FLAGGED,,,The incident happened in A322 Bagshot Road in Knaphill just after 12pm.,,,,medium,,,,,,,,,,,'Serious collision' involving two HGVs and car in Knaphill,2017-04-25,9,read carefully (9 days before polling day - close enough that a dating error could plausibly let leakage through; do not default to E4-CLEAR here),"An HGV driver was airlifted to hospital after a collision also involving a car and a council bin lorry.
The incident happened in A322 Bagshot Road in Knaphill just after 12pm.
See below for more updates on this serious collision.
Keep up to date with the latest news from around the county via the free Get Surrey app.
You can set up your app to see all the latest news and events from your area, plus receive push notifications for breaking news.
Available to download from the App Store or Google Play for Android .
Our traffic monitoring system INRIX is saying that Bagshot Road has now reopened following the crash.
Very slow traffic in both directions due to earlier accident on A322 Guildford Road/Bagshot Road between Limecroft Road and Chobham Road.
Our travel monitoring system INRIX is reporting that Bagshot Road remains closed following the collision as the investigation continues.
Very slow traffic due to accident between Limecroft Road and Chobham Road. Police directing traffic.
Holly Williams lives on the road and has sent us this picture of the scene.
@getsurrey happened right outside my house. pic.twitter.com/8N5eheRDdY
The South East Coast Ambulance service has released a statement following the collision.
Can confirm that South East Coast Ambulance attended the scene of a collision involving a lorry.
Ambulance crews in an ambulance and three cars were joined at the scene by the air ambulance.
A man has been airlifted to St George’s hospital with serious injuries.
We ar... [truncated, 4979 chars total - full text at data/raw/news/text/NEWS-surreylive-6eff5123960f.txt]",data/raw/news/text/NEWS-surreylive-6eff5123960f.txt
NEWS-surreylive-70e1f2a713d6,SCC-2021-05,surreylive,local,SCC-2021-05:local,full_corpus,pending_human_review,"Clears every mechanically-checkable rule. Still requires the human pass for E4 (result leakage), the L/N relevance test (E5), E6 (Reform disambiguation, if applicable) and E8 (genuine editorial content) before it can count as eligible.",,,include,not_applicable,,,E5-L1-PLACE,E6-NOT-REFORM-FLAGGED,,,The fire broke out early on Friday morning (March 19) with multiple crews called to Holly Lane West in Banstead at 2.41am.,,,,medium,,,,,,,,,,,Investigators assess remains of house in aftermath of fatal fire,2021-03-19,48,"likely E4-CLEAR (48 days before polling day - a genuine result leak would require the DATE itself being wrong, not just a careless read; still confirm by skimming for any reference to a declared result)","Police are expected to remain in the Holly Lane West area over the weekend as enquiries are carried out
Specialist fire investigators are assessing the remains of a house in which a fatal blaze killed its occupant.
The fire broke out early on Friday morning (March 19) with multiple crews called to Holly Lane West in Banstead at 2.41am.
In the small residential road, off Holly Lane, the fire took hold of a large detached house. Photos from the scene show a huge hole in its roof and how the panes in two upstairs windows have been broken.
Surrey Police confirmed at lunchtime on Friday that one person who was in the property at the time of the fire had died. Their next of kin have been informed. No other injuries have been reported and officers believe there was no one else in the house.
A police spokesperson said: ""Police are working with our colleagues at Surrey Fire and Rescue Service to establish the circumstances surrounding the fire.
""There is expected to be a police presence over the weekend whilst enquiries are carried out. We'd like to thank the public for respecting the cordons in place.""
The photos below show investigators carrying out their work on Friday afternoon.
Investigation work to establish the circumstances of the fire is taking place
Police and firefighters remain at the scene
An aerial ladder platform is being used to assess the damage from above
Glass panes were broken in some upstairs windows
Emergency service vehicles in Holly Lane West
Broken window pane... [truncated, 1527 chars total - full text at data/raw/news/text/NEWS-surreylive-70e1f2a713d6.txt]",data/raw/news/text/NEWS-surreylive-70e1f2a713d6.txt
NEWS-surreylive-73f3e60cb4f6,SCC-2017-05,surreylive,local,SCC-2017-05:local,full_corpus,pending_human_review,"Clears every mechanically-checkable rule. Still requires the human pass for E4 (result leakage), the L/N relevance test (E5), E6 (Reform disambiguation, if applicable) and E8 (genuine editorial content) before it can count as eligible.",,,include,not_applicable,,,E5-L1-PLACE,E6-NOT-REFORM-FLAGGED,,,A safety warning has been issued by Network Rail after children were caught playing ‘chicken’ at Ashtead’s level crossing.,,,,medium,,,,,,,,,,,'No excuses' for children playing chicken at Ashtead crossing,2016-12-16,139,"likely E4-CLEAR (139 days before polling day - a genuine result leak would require the DATE itself being wrong, not just a careless read; still confirm by skimming for any reference to a declared result)","A safety warning has been issued by Network Rail after children were caught playing ‘chicken’ at Ashtead’s level crossing.
The worrying incident at the crossing, located at the end of Green Lane, is said to have happened earlier this year and reportedly left the driver having to apply his brakes, causing him to overshoot a red signal.
Players of the deadly game usually wait on the tracks as trains approach and then, just before it reaches them, quickly move out of the way.
It was one of two concerning reports that Network Rail has received in the last 12 months.
The second happened in September when a teenage girl wearing headphones failed to stop at the crossing as a train was approaching. But moments before being hit she saw the train and stepped out of the way.
David Baker, Ashtead Residents’ Association member, said: “We were made aware of the two incidents only very recently and were shocked to hear the details.
We will continue to work with Network Rail to ensure safety is paramount on this popular busy crossing point and trust that Network Rail will seek to find means of increasing safety whilst ensuring this essential crossing is kept open for residents of Ashtead.”
He added: “The Green Lane pedestrian public footpath crossing is a very busy one used heavily by residents, and the railway line from Epsom to Leatherhead and beyond is a busy line.”
“Despite that, the number of incidents has been minimal though that in no way excuses the actions by children playing ‘chick... [truncated, 2993 chars total - full text at data/raw/news/text/NEWS-surreylive-73f3e60cb4f6.txt]",data/raw/news/text/NEWS-surreylive-73f3e60cb4f6.txt
NEWS-surreylive-740cdbc61d50,SCC-2017-05,surreylive,local,SCC-2017-05:local,full_corpus,pending_human_review,"Clears every mechanically-checkable rule. Still requires the human pass for E4 (result leakage), the L/N relevance test (E5), E6 (Reform disambiguation, if applicable) and E8 (genuine editorial content) before it can count as eligible.",,,include,not_applicable,,,E5-L1-PLACE,E6-NOT-REFORM-FLAGGED,,,A security guard was robbed as he was delivering cash at a Stanwell Post Office on Thursday (April 6).,,,,medium,,,,,,,,,,,Immediately contact the police if you see any notes covered in dye,2017-04-07,27,"likely E4-CLEAR (27 days before polling day - a genuine result leak would require the DATE itself being wrong, not just a careless read; still confirm by skimming for any reference to a declared result)","A security guard was robbed as he was delivering cash at a Stanwell Post Office on Thursday (April 6).
It is believed he was approached from behind by a man wearing a motorbike helmet who shouted ""give me the money"" as he was making the delivery in Clare Road.
During the attack, at around 2pm, the cash box was taken and the thief left the scene on the back of a black moped, which was being driven by another man. The suspect is described as 6ft tall, wearing dark coloured trousers, black and white trainers and a long sleeved hi-visibility coat with a hood, which has dark blue or black sleeves and a silver reflective stripe around the middle.
He was also wearing dark or black coloured gloves and a black ‘Box’ branded motorcycle helmet. The moped driver is described as wearing a long sleeved black thin top with a collar, underneath a sleeveless thin zip-up hi-visibility vest style top.
He was also wearing dark gloves and a black motorcycle helmet with the visor down. The cash box was located a short distance away, just off the A30 near to Desford Way, Stanwell .
The cash box had been opened which caused the security dye to explode. This dye will have covered the cash and anyone or vehicles nearby.
Whilst the dye can be washed off, it is still visible under UV light. Investigating officer DC Alex Protts said: “This incident took place in broad daylight where members of the public would have been nearby.
""We urge anyone who saw the incident, or the moped arriving or leaving the lo... [truncated, 2385 chars total - full text at data/raw/news/text/NEWS-surreylive-740cdbc61d50.txt]",data/raw/news/text/NEWS-surreylive-740cdbc61d50.txt
NEWS-surreylive-7a29d15d8401,ESWS-2026-05,surreylive,local,ESWS-2026-05:local,full_corpus,pending_human_review,"Clears every mechanically-checkable rule. Still requires the human pass for E4 (result leakage), the L/N relevance test (E5), E6 (Reform disambiguation, if applicable) and E8 (genuine editorial content) before it can count as eligible.",,,include,not_applicable,,,E5-L2-CANDIDATE,E6-NOT-REFORM-FLAGGED,,,"On Thursday, May 7, residents in towns including Reigate , Redhill , Dorking , Caterham , Walton-on-Thames and Epsom , to name just a few, will be electing two councillors for each of East Surrey’s 36 wards, so 72 in total.",,,,high,,,,,,,,,,,"East Surrey Local Elections: Every candidate standing in Reigate, Mole Valley, Tandridge, Elmbridge and Epsom",2026-05-05,2,read carefully (2 days before polling day - close enough that a dating error could plausibly let leakage through; do not default to E4-CLEAR here),"For the first time, the new council of East Surrey will be holding local elections, with thousands of voters set to head to the polls.
On Thursday, May 7, residents in towns including Reigate , Redhill , Dorking , Caterham , Walton-on-Thames and Epsom , to name just a few, will be electing two councillors for each of East Surrey’s 36 wards, so 72 in total.
East Surrey is a new unitary authority that has been created as a result of local government reorganisation.
All of Surrey’s existing 12 borough, district, or county councils are set to be abolished and replaced with just two, East Surrey and West Surrey.
East Surrey will be made up of the areas previously served by the councils of Elmbridge, Epsom & Ewell , Mole Valley, Reigate & Banstead and Tandridge.
The wards being used match those used for Surrey County Council elections, which were last held in 2021.
In terms of the current political situation in the areas that will make up East Surrey, following the latest Local Elections in the county which were held in 2024, Mole Valley is run by the Lib Dems and Epsom and Ewell is run by the Residents’ Association, but the other three areas are in No Overall Control.
The Lib Dems are the largest party in Elmbridge, the Conservatives have the most seats in Reigate and Banstead and the the Residents Association are the largest in Tandridge.
In terms of the 36 county council seats made up of areas that will be in West Surrey, where the last elections were held in 2021, 16 are held b... [truncated, 6160 chars total - full text at data/raw/news/text/NEWS-surreylive-7a29d15d8401.txt]",data/raw/news/text/NEWS-surreylive-7a29d15d8401.txt
NEWS-surreylive-7a5d9378d086,SCC-2021-05,surreylive,local,SCC-2021-05:local,full_corpus,pending_human_review,"Clears every mechanically-checkable rule. Still requires the human pass for E4 (result leakage), the L/N relevance test (E5), E6 (Reform disambiguation, if applicable) and E8 (genuine editorial content) before it can count as eligible.",,,include,not_applicable,,,E5-L2-CANDIDATE,E6-NOT-REFORM-FLAGGED,,,"The Surrey County Council seats in Tandridge divisions are all up for election in May as well as multiple district council seats
Get the latest email updates for Surrey with our FREE daily newsletter
Every Tandridge resident who is registered to vote will have the chance to have their say in this ye",,,,high,,,,,,,,,,,Tandridge election candidates give their pitches for your vote,2021-05-05,1,read carefully (1 days before polling day - close enough that a dating error could plausibly let leakage through; do not default to E4-CLEAR here),"The Surrey County Council seats in Tandridge divisions are all up for election in May as well as multiple district council seats
Get the latest email updates for Surrey with our FREE daily newsletter
Every Tandridge resident who is registered to vote will have the chance to have their say in this year's local elections as every county council seat is being contested alongside a number of district council seats.
On Tandridge District Council there are 65 candidates competing for 18 seats in 16 wards, one of which is a by-election. On Surrey County Council, there are six seats in Tandridge divisions up for grabs.
There is also the Surrey Police and Crime Commissioner (PCC) election, which every Surrey resident will be asked to vote in, plus those living in Caterham, Chaldon and Whyteleafe will vote in the Neighbourhood Plan Referendum.
Felbridge residents won't be voting for their district councillor on Thursday (May 6) because that election has been postponed following the sudden death of Labour's candidate Christopher Kelly.
A date has not yet been set for the rearranged election but it's expected to be within six weeks. Felbridge residents will still be voting for their county councillor and the PCC.
We asked each of the candidates in the county and district elections to sell themselves to voters in no more than 100 words.
I live in Bletchingley, rent in the private market so know the impact of high rents.
A parish councillor using my knowledge to help people. Involved in Vi... [truncated, 39952 chars total - full text at data/raw/news/text/NEWS-surreylive-7a5d9378d086.txt]",data/raw/news/text/NEWS-surreylive-7a5d9378d086.txt
NEWS-surreylive-80c40c269d60,SCC-2021-05,surreylive,local,SCC-2021-05:local,full_corpus,pending_human_review,"Clears every mechanically-checkable rule. Still requires the human pass for E4 (result leakage), the L/N relevance test (E5), E6 (Reform disambiguation, if applicable) and E8 (genuine editorial content) before it can count as eligible.",,,include,not_applicable,,,E5-L3-COUNCIL-ISSUE,E6-NOT-REFORM-FLAGGED,,,"It took nearly 14 minutes for the first fire engine to arrive in Banstead but Surrey Fire and Rescue Service said it's too early to speculate on whether the person could have been saved
Get the latest email updates for Surrey with our FREE daily newsletter
The Fire Brigades Union has called for a re",,,,medium,,,,,,,,,,,Response to fatal fire probed as nearest station shut at night,2021-03-21,46,"likely E4-CLEAR (46 days before polling day - a genuine result leak would require the DATE itself being wrong, not just a careless read; still confirm by skimming for any reference to a declared result)","It took nearly 14 minutes for the first fire engine to arrive in Banstead but Surrey Fire and Rescue Service said it's too early to speculate on whether the person could have been saved
Get the latest email updates for Surrey with our FREE daily newsletter
The Fire Brigades Union has called for a review of Surrey Fire and Rescue Service's modelling after it took nearly 14 minutes for the first appliance to arrive at a fatal blaze.
The ferocious fire tore through a large detached house in Holly Lane West, Banstead, in the early hours of Friday (March 19) and tragically the single occupant died.
The closest fire station to the scene is in Banstead itself, less than a mile away and only about three minutes by road - but that was closed at night in January as part of a remodelling of the fire service that bosses insisted would not greatly impact response times.
Surrey Fire and Rescue Service (SFRS) said ""we shouldn't speculate"" at this early stage on whether a quicker response time could have saved the person's life. But the Fire Brigades Union (FBU) said SFRS must reverse the decision to close three fire stations at night, including Banstead, and the loss of seven fire engines at night, saying that ""seconds can literally mean the difference between life and death"".
Signing up to the SurreyLive newsletter means you'll receive our daily news email.
It couldn't be simpler and it takes seconds - simply press here, enter your email address and follow the instructions.
You can also en... [truncated, 5883 chars total - full text at data/raw/news/text/NEWS-surreylive-80c40c269d60.txt]",data/raw/news/text/NEWS-surreylive-80c40c269d60.txt
NEWS-surreylive-85e12fb87aef,ESWS-2026-05,surreylive,local,ESWS-2026-05:local,full_corpus,pending_human_review,"Clears every mechanically-checkable rule. Still requires the human pass for E4 (result leakage), the L/N relevance test (E5), E6 (Reform disambiguation, if applicable) and E8 (genuine editorial content) before it can count as eligible.",,,exclude,not_applicable,,,E5-NO-L-OR-N-RULE-MET,E6-NOT-REFORM-FLAGGED,,,"At the helm of one of Britain's best restaurants, is a very talented chef called Steve Smith.",,,,high,,,,,,,,,,,The enchanting Bagshot restaurant led by chef who's held a Michelin star for 25 years ,2026-03-07,61,"likely E4-CLEAR (61 days before polling day - a genuine result leak would require the DATE itself being wrong, not just a careless read; still confirm by skimming for any reference to a declared result)","At the helm of one of Britain's best restaurants, is a very talented chef called Steve Smith.
One of the most accomplished chefs of his generation and widely known in the hospitality industry, he's held a Michelin Star for a whopping 25 years, and runs the kitchen at Latymer in Bagshot.
If you've never dined there, it is nestled in the incredibly luxurious five star hotel Pennyhill Park Hotel and Spa, tucked away down a gorgeous corridor of the main house.
Offering guests a choice of either a four or six course tasting menu, the food and drink is sensational and served in an intimate, richly furnished, wood-panelled room in the oldest part of the hotel.
Last month, the enchanting fine dining eatery in west Surrey retained its Michelin Star status in the Michelin Guide 2026, which recognises the world's best restaurants.
As the only restaurant in Surrey to also hold five AA Rosettes, joining only 19 other restaurants across the UK with the same coveted achievement, Latymer is renowned for its modern British tasting menu, delivered with precision and creativity.
Part of Exclusive Collection’s award-winning dining portfolio, the outstanding restaurant showcases seasonal, sustainable produce through refined dishes that balance texture and flavour.
Chef Smith said: “Retaining our Michelin star is a fantastic achievement and something the whole team is incredibly proud of.
""It’s a recognition of the hard work, dedication and passion that goes into every service, and it reflects our... [truncated, 3996 chars total - full text at data/raw/news/text/NEWS-surreylive-85e12fb87aef.txt]",data/raw/news/text/NEWS-surreylive-85e12fb87aef.txt
NEWS-surreylive-881fffe231de,SCC-2017-05,surreylive,local,SCC-2017-05:local,full_corpus,pending_human_review,"Clears every mechanically-checkable rule. Still requires the human pass for E4 (result leakage), the L/N relevance test (E5), E6 (Reform disambiguation, if applicable) and E8 (genuine editorial content) before it can count as eligible.",,,include,not_applicable,,,E5-L1-PLACE,E6-NOT-REFORM-FLAGGED,,,"A driver fled the scene, said police , of their crashed car near Bagshot on Saturday morning.",,,,medium,,,,,,,,,,,Driver flees scene after car ploughs through fence near Bagshot,2017-04-01,33,"likely E4-CLEAR (33 days before polling day - a genuine result leak would require the DATE itself being wrong, not just a careless read; still confirm by skimming for any reference to a declared result)","A driver fled the scene, said police , of their crashed car near Bagshot on Saturday morning.
The vehicle was snapped by officers in a ditch beside the A322 after seemingly smashing through the barriers.
An image posted on Twitter by Surrey Police 's roads policing unit shows the stricken BMW beside the road.
It appears to have gone through the wooden fence at the side of the road and slipped down the hill into a ditch, stopped only by the trees.
When police found the vehicle, the driver was nowhere to be seen.
Said the force in a tweet: ""Dealing with a single vehicle RTC [Road Traffic Collision] on the A322 at Bagshot.
""Driver didn't want to hang around to talk to us.""",data/raw/news/text/NEWS-surreylive-881fffe231de.txt
NEWS-surreylive-8992d7a6d812,SCC-2021-05,surreylive,local,SCC-2021-05:local,full_corpus,pending_human_review,"Clears every mechanically-checkable rule. Still requires the human pass for E4 (result leakage), the L/N relevance test (E5), E6 (Reform disambiguation, if applicable) and E8 (genuine editorial content) before it can count as eligible.",,,include,not_applicable,,,E5-L2-CANDIDATE,E6-NOT-REFORM-FLAGGED,,,In Reigate and Banstead there are 18 seats up for grabs in 15 wards.,,,,high,,,,,,,,,,,Meet the 2021 Reigate and Banstead local election candidates,2021-05-04,2,read carefully (2 days before polling day - close enough that a dating error could plausibly let leakage through; do not default to E4-CLEAR here),"Each candidate was asked to sell themselves in 100 words, and here's what they said
Get the latest email updates for Surrey with our FREE daily newsletter
The 2021 local elections are just around the corner after some of them were delayed by a year due to the pandemic.
In Reigate and Banstead there are 18 seats up for grabs in 15 wards. Most wards have one seat being contested but in some there are two available - these are Earlswood and Whitebushes; Hooley, Merstham and Netherne ; and Horley East and Salfords.
In May 2019, the Conservatives comfortably retained overall majority of the borough council, which has a total 45 elected members.
But with coronavirus changing so much in the past year, it is harder than ever to predict which candidates and parties will be successful.
Ahead of the big day, SurreyLive asked all 61 borough candidates running, to sell themselves to voters in 100 words. You will find the bios listed, by ward, below.
For a full list of candidates standing in Surrey's local elections, including for the county council, click here.
I am a proud resident of Banstead Village, and over the past year we've seen the true spirit of our community. By helping neighbours with shopping, collecting and delivering prescriptions, from putting poppies along the A217, I've seen that spirit first-hand and want to play my part by continuing as one of your councillors.
As a Commons Conservator, I know how important our wildlife is and that our outside spaces are valued by ever... [truncated, 29154 chars total - full text at data/raw/news/text/NEWS-surreylive-8992d7a6d812.txt]",data/raw/news/text/NEWS-surreylive-8992d7a6d812.txt
NEWS-surreylive-938b4b38443f,ESWS-2026-05,surreylive,local,ESWS-2026-05:local,full_corpus,pending_human_review,"Clears every mechanically-checkable rule. Still requires the human pass for E4 (result leakage), the L/N relevance test (E5), E6 (Reform disambiguation, if applicable) and E8 (genuine editorial content) before it can count as eligible.",,,include,not_applicable,,,E5-L1-PLACE,E6-NOT-REFORM-FLAGGED,,,A man has been arrested on suspicion of attempted murder after a stabbing in Stanwell .,,,,medium,,,,,,,,,,,Huge police presence in Stanwell after officers called to stabbing,2026-02-24,72,"likely E4-CLEAR (72 days before polling day - a genuine result leak would require the DATE itself being wrong, not just a careless read; still confirm by skimming for any reference to a declared result)","There is a large emergency service presence at an address on Elsinore Avenue (Image: Google )
A man has been arrested on suspicion of attempted murder after a stabbing in Stanwell .
There is a large emergency service presence at an address on Elsinore Avenue after officers received a report of a stabbing at around 12.40pm on Tuesday (February 24).
The victim has been taken to hospital with serious injuries and a man in his 20s has been arrested on suspicion of attempted murder and taken into custody.
Police enquiries are ongoing, but officers are not looking for anyone else in connection to this investigation at this time .",data/raw/news/text/NEWS-surreylive-938b4b38443f.txt
NEWS-surreylive-9f80db7dd6d3,ESWS-2026-05,surreylive,local,ESWS-2026-05:local,full_corpus,pending_human_review,"Clears every mechanically-checkable rule. Still requires the human pass for E4 (result leakage), the L/N relevance test (E5), E6 (Reform disambiguation, if applicable) and E8 (genuine editorial content) before it can count as eligible.",,,include,not_applicable,,,E5-L2-CANDIDATE,E6-NOT-REFORM-FLAGGED,,,"The old Mole Valley district will send 12 councillors from six wards to the new East Surrey Council (Image: Surrey Advertiser - Grahame Larter)
Mole Valley candidates for the Thursday May 7 local elections in Surrey have been announced.",,,,high,,,,,,,,,,,Every Mole Valley candidate standing in the East Surrey Local Elections including Dorking and Leatherhead,2026-04-16,21,"likely E4-CLEAR (21 days before polling day - a genuine result leak would require the DATE itself being wrong, not just a careless read; still confirm by skimming for any reference to a declared result)","The old Mole Valley district will send 12 councillors from six wards to the new East Surrey Council (Image: Surrey Advertiser - Grahame Larter)
Mole Valley candidates for the Thursday May 7 local elections in Surrey have been announced.
Local government is undergoing the biggest change in a generation as Surrey County Council merges with its 11 boroughs and districts to form two mega authorities.
People living in Guildford , Runnymede, Spelthorne, Surrey Heath, Waverley and Woking will elect a West Surrey Council . While those in Elmbridge, Epsom & Ewell , Mole Valley, Reigate & Banstead , and Tandridge will vote for an East Surrey Council.
Surrey County Council boundaries will be used but residents will now vote for two councillors rather than one - there will be no borough councillors elected.
Counts are taking place at the existing boroughs with results passed to hubs in Runnymede for West Surrey and Reigate for East Surrey.
Results are expected to be announced on May 8. Once elected, the victorious candidates will not take over the current councils immediately but become ‘shadow councillors’ until the new authority takes over on April 1, 2027.
West and East Surrey Councils (image Surrey Councils)
How many councillors will represent each area:
The full list of candidates for the existing Mole Valley district area is below:
Candidate lists have also been published for the other areas that will make up the new West Surrey and East Surrey councils and can be found below.",data/raw/news/text/NEWS-surreylive-9f80db7dd6d3.txt
NEWS-surreylive-a6406ac817f8,ESWS-2026-05,surreylive,local,ESWS-2026-05:local,full_corpus,pending_human_review,"Clears every mechanically-checkable rule. Still requires the human pass for E4 (result leakage), the L/N relevance test (E5), E6 (Reform disambiguation, if applicable) and E8 (genuine editorial content) before it can count as eligible.",,,include,not_applicable,,,E5-L4-COUNTY-WIDE,E6-NOT-REFORM-FLAGGED,,,"Surrey is set for a full set of Local Elections for two brand new councils (Image: Grahame Larter)
Deadlines for those unable to vote in person at this year’s landmark Surrey elections are looming.",,,,high,,,,,,,,,,,Surrey election deadlines approaching for postal and proxy voting ahead of May 7 vote,2026-04-14,23,"likely E4-CLEAR (23 days before polling day - a genuine result leak would require the DATE itself being wrong, not just a careless read; still confirm by skimming for any reference to a declared result)","Surrey is set for a full set of Local Elections for two brand new councils (Image: Grahame Larter)
Deadlines for those unable to vote in person at this year’s landmark Surrey elections are looming. Local government is changing with the 11 boroughs and districts dissolving and reforming as two mega authorities, East and West Surrey.
The idea is to be a more cost-effective way of delivering services while eliminating confusion over who runs what. Those who wish to cast their ballot by mail need to ensure they have submitted their application by 5pm on Tuesday, April 21, as any received after this deadline will not be accepted, election staff have said.
Those unable to attend a polling station in person on the day also have the option of using the proxy service.
This allows voters to appoint someone they trust to vote on their behalf and is often used by those who will be away on polling day, have work or caring commitments, or can not attend due to illness or disability.
The deadline to apply for a proxy vote is the following week, 5pm Tuesday April 28. The deadline to apply for a proxy vote is 5pm on Tuesday 28 April. A pplicants must be registered to vote .
Adesuwa Omoregie, deputy returning officer for the West Surrey Council elections, said: “If you are unable to vote in person, you may be eligible to vote by post or appoint a proxy to vote on your behalf.
It’s important to act now to avoid missing the opportunity to vote in the West Surrey Council elections on Thursday May... [truncated, 2000 chars total - full text at data/raw/news/text/NEWS-surreylive-a6406ac817f8.txt]",data/raw/news/text/NEWS-surreylive-a6406ac817f8.txt
NEWS-surreylive-a6c6c8234913,SCC-2017-05,surreylive,local,SCC-2017-05:local,full_corpus,pending_human_review,"Clears every mechanically-checkable rule. Still requires the human pass for E4 (result leakage), the L/N relevance test (E5), E6 (Reform disambiguation, if applicable) and E8 (genuine editorial content) before it can count as eligible.",,,include,not_applicable,,,E5-L1-PLACE,E6-NOT-REFORM-FLAGGED,,,A motorcyclist has died following a crash with two cars in Gomshall on Friday afternoon.,,,,medium,,,,,,,,,,,Motorcyclist dies following serious crash in Gomshall,2017-03-24,41,"likely E4-CLEAR (41 days before polling day - a genuine result leak would require the DATE itself being wrong, not just a careless read; still confirm by skimming for any reference to a declared result)","A motorcyclist has died following a crash with two cars in Gomshall on Friday afternoon.
The crash happened on the A25 Shere Road at the junction with Gomshall Lane at around 4.25pm.
A motorcycle was involved in a crash with a blue Peugeot 206 and a red Volkswagen Polo but the male motorcyclist died at the scene.
Paramedics from South East Coast Ambulance Service and the air ambulance attended alongside Surrey Police .
Motorists have been advised to avoid the area as there are number of road closures in place, including the A25 Shere Road at the junctions of Gomshall Lane, Upper Street and Queen Street, Sherborne Road and Felday Road.
Diversions are in place and road closures are expected to remain in place for a number of hours while emergency services are in attendance and the crash scene is examined.
Anyone who witnessed the collision or the manner of driving of the vehicles involved beforehand, is asked to call Surrey Police's Serious Collision Investigation Unit on 01483 639922 or 101 quoting reference P17069510.
Alternatively you can use the online reporting system found and enter the reference number in the ""Additional information"" section.",data/raw/news/text/NEWS-surreylive-a6c6c8234913.txt
NEWS-surreylive-a7508a84b847,SCC-2017-05,surreylive,local,SCC-2017-05:local,full_corpus,pending_human_review,"Clears every mechanically-checkable rule. Still requires the human pass for E4 (result leakage), the L/N relevance test (E5), E6 (Reform disambiguation, if applicable) and E8 (genuine editorial content) before it can count as eligible.",,,include,not_applicable,,,E5-L1-PLACE,E6-NOT-REFORM-FLAGGED,,,A cat has had to have its eye removed after it was shot with an air rifle in Banstead .,,,,medium,,,,,,,,,,,Tabby cat has eye removed after being shot with air rifle,2017-03-10,55,"likely E4-CLEAR (55 days before polling day - a genuine result leak would require the DATE itself being wrong, not just a careless read; still confirm by skimming for any reference to a declared result)","A cat has had to have its eye removed after it was shot with an air rifle in Banstead .
The semi-feral tabby, called Pickles, returned home with an air gun pellet embedded in his eye socket last week and had to undergo surgery.
The RSPCA Surrey's Epsom branch, along with vet Andy Downing of Banstead Village Vets, have helped get Pickles back on the road to recovery.
After being packed up by an RSPCA animal collection officer, the eight-year-old was taken in for emergency treatment.
Mr Downing, who operated free of charge, had no choice but to remove the right eye of Pickles, who spends most of his time outside.
Now, after more than a week at the vets, his owner was able to take him home where he is back roaming the garden.
He is now expected to make a full recovery, barring the unfortunate loss of his eye. He was also neutered at the same time.
Maureen Jordan, welfare co-ordinator for the Epsom branch, said: ""The vet has been amazing and has not charged for his time for the operation; just the medication and painkillers.
""Now Pickles' landing gear has gone it is hoped that he will settle for the home life and be less inclined to go walkies.
""We wanted to publicise what had happened to raise awareness of nasty incidents like this and the unkindness of others to animals.""
If anyone has any information regarding this incident, please call the RSPCA, or the police on 101.
Domestic cats are regarded as property and someone injuring a cat in this way can charged under the Criminal ... [truncated, 1516 chars total - full text at data/raw/news/text/NEWS-surreylive-a7508a84b847.txt]",data/raw/news/text/NEWS-surreylive-a7508a84b847.txt
NEWS-surreylive-b17b25e099ea,SCC-2017-05,surreylive,local,SCC-2017-05:local,full_corpus,pending_human_review,"Clears every mechanically-checkable rule. Still requires the human pass for E4 (result leakage), the L/N relevance test (E5), E6 (Reform disambiguation, if applicable) and E8 (genuine editorial content) before it can count as eligible.",,,include,not_applicable,,,E5-L1-PLACE,E6-NOT-REFORM-FLAGGED,,,"Surrey Heath Conservative MP, pro-Brexiter and former Education Secretary, Michael Gove remains a big name in Surrey - but is he standing for candidacy again this year?",,,,medium,,,,,,,,,,,Will Michael Gove stand in the general election,2017-04-28,6,read carefully (6 days before polling day - close enough that a dating error could plausibly let leakage through; do not default to E4-CLEAR here),"When the Prime Minister announced the 'snap' general election on April 19, many heads turned towards those who will be competing, yet again for constituency seats.
Surrey Heath Conservative MP, pro-Brexiter and former Education Secretary, Michael Gove remains a big name in Surrey - but is he standing for candidacy again this year?
More than a week after Theresa May dropped the June 8 bombshell, Mr Gove has yet to make a clear statement.
While he has put his name forward, the man at the forefront of the Brexit campaign, and whose government downfall was sudden after he betrayed Boris Johnson during the leadership contest, has so far remained low-key.
Is there any chance he may not stand, or may not be selected?
While there has been no public announcement, a spokesman for Surrey Heath Conservative Party told Get Surrey : ""Michael Gove has put himself forward as a candidate but it will be discussed by the executive in the early part of May.
""We have not had a discussion meeting, we do have a date but only members know of it as of yet.""
Conservative Home has reported that Mr Gove is up for reselection on May 5.
On Friday (April 28) Surrey Heath Liberal Democrats announced Ann-Marie Barker will be standing for the second time.
A Surrey Heath Labour spokesperson said the party will announce their candidate by Tuesday May 2, while Green Party confirmed a decision will be made by Sunday, May 7.
Surrey Heath UK Independence Party will announce their candidate ""early next week"".
In his... [truncated, 3354 chars total - full text at data/raw/news/text/NEWS-surreylive-b17b25e099ea.txt]",data/raw/news/text/NEWS-surreylive-b17b25e099ea.txt
NEWS-surreylive-b1eaf77d795f,SCC-2017-05,surreylive,local,SCC-2017-05:local,full_corpus,pending_human_review,"Clears every mechanically-checkable rule. Still requires the human pass for E4 (result leakage), the L/N relevance test (E5), E6 (Reform disambiguation, if applicable) and E8 (genuine editorial content) before it can count as eligible.",,,include,not_applicable,,,E5-L1-PLACE,E6-NOT-REFORM-FLAGGED,,,Mr Hunt hopes to push forward these major priorities in Godalming and surrounding areas if he gets re-elected on June 8 and has voiced his support for Theresa May to deliver on Brexit.,,,,medium,,,,,,,,,,,Jeremy Hunt launches re-election bid and calls Labour 'insincere',2017-04-28,6,read carefully (6 days before polling day - close enough that a dating error could plausibly let leakage through; do not default to E4-CLEAR here),"Jeremy Hunt has launched his re-election bid and attacked the Labour Party for being ""insincere"" over its NHS pay rise promise.
The South West Surrey MP, who will be facing UKIP's Mark Webber again, has prioritised flood defence, improving ambulance response times, combat social isolation, superfast broadband and the Surrey Para Games.
Mr Hunt hopes to push forward these major priorities in Godalming and surrounding areas if he gets re-elected on June 8 and has voiced his support for Theresa May to deliver on Brexit.
He said: ""However safe the seat, in this election every vote for Theresa May will strengthen her hand in the critical Brexit negotiations ahead.
""It has never been more important for our country to send out a strong signal of support for her as she goes into battle on our behalf. ""
Mr Hunt, who has been South West Surrey's MP since 2005, made a series of tweets about Brexit and attacked Labour's proposals.
Jeremy Corbyn's party pledged the pay rise and scrapping the existing salary cap earlier this week but Hunt has questioned where the money will come from.
""Nothing more insincere than Labour promising hardworking NHS staff a pay rise with money they've already promised to students and schools,"" Mr Hunt tweeted.
In detail, Mr Hunt wants to deliver a £3.8m flood defence scheme for Godalming following the disastrous 2012/13 floods.
A major priority for the Conservative MP, he convened regular meetings between the Environment Agency, councils and residents to avoid... [truncated, 3186 chars total - full text at data/raw/news/text/NEWS-surreylive-b1eaf77d795f.txt]",data/raw/news/text/NEWS-surreylive-b1eaf77d795f.txt
NEWS-surreylive-b1f737e52256,SCC-2017-05,surreylive,local,SCC-2017-05:local,full_corpus,pending_human_review,"Clears every mechanically-checkable rule. Still requires the human pass for E4 (result leakage), the L/N relevance test (E5), E6 (Reform disambiguation, if applicable) and E8 (genuine editorial content) before it can count as eligible.",,,include,not_applicable,,,E5-L1-PLACE,E6-NOT-REFORM-FLAGGED,,,A safety warning has been issued by Network Rail after children were caught playing ‘chicken’ at Ashtead’s level crossing.,,,,medium,,,,,,,,,,,Dangerous game of 'chicken' at Ashtead level crossing prompts safety warning,2016-12-16,139,"likely E4-CLEAR (139 days before polling day - a genuine result leak would require the DATE itself being wrong, not just a careless read; still confirm by skimming for any reference to a declared result)","Network Rail has received two reports of children playing the game in the past 12 months
A safety warning has been issued by Network Rail after children were caught playing ‘chicken’ at Ashtead’s level crossing.
The worrying incident at the crossing, located at the end of Green Lane, is said to have happened earlier this year and reportedly left the driver having to apply his brakes, causing him to overshoot a red signal.
Players of the deadly game usually wait on the tracks as trains approach and then, just before it reaches them, quickly move out of the way.
Read More Safety measures to be installed at 'high risk' Ashtead railway crossing
It was one of two concerning reports that Network Rail has received in the last 12 months.
The second happened in September when a teenage girl wearing headphones failed to stop at the crossing as a train was approaching. But moments before being hit she saw the train and stepped out of the way.
David Baker, Ashtead Residents’ Association member, said: “We were made aware of the two incidents only very recently and were shocked to hear the details.
We will continue to work with Network Rail to ensure safety is paramount on this popular busy crossing point and trust that Network Rail will seek to find means of increasing safety whilst ensuring this essential crossing is kept open for residents of Ashtead.”
He added: “The Green Lane pedestrian public footpath crossing is a very busy one used heavily by residents, and the railway line from Ep... [truncated, 3164 chars total - full text at data/raw/news/text/NEWS-surreylive-b1f737e52256.txt]",data/raw/news/text/NEWS-surreylive-b1f737e52256.txt
NEWS-surreylive-b6967f5376d3,SCC-2017-05,surreylive,local,SCC-2017-05:local,full_corpus,pending_human_review,"Clears every mechanically-checkable rule. Still requires the human pass for E4 (result leakage), the L/N relevance test (E5), E6 (Reform disambiguation, if applicable) and E8 (genuine editorial content) before it can count as eligible.",,,include,not_applicable,,,E5-L1-PLACE,E6-NOT-REFORM-FLAGGED,,,"A silver BMW, which crashed through a fence beside the A322 near Bagshot , slammed into the central reservation before skidding across the busy dual carriageway, an eyewitness has said.",,,,medium,,,,,,,,,,,Startled eyewitness recalls scary Bagshot A322 crash,2017-04-02,32,"likely E4-CLEAR (32 days before polling day - a genuine result leak would require the DATE itself being wrong, not just a careless read; still confirm by skimming for any reference to a declared result)","A silver BMW, which crashed through a fence beside the A322 near Bagshot , slammed into the central reservation before skidding across the busy dual carriageway, an eyewitness has said.
Samantha Gomez was first on the scene after she saw the car, which was travelling ""at some speed"" on the bypass, hit the kerb of the central reservation.
The driver of the car, who police believe fled the scene of the crash on Saturday morning, then lost control as the car careered across both lanes at around 8.25am.
""I going down the A322, heading towards Bracknell, when I saw some dust and smoke being kicked up on the other side of the road,"" said Ms Gomez.
""The car was in the fast lane and shot across the both road and the slipway, crossed the path, went through the fence and landed in some trees.""
Ms Gomez, a trained first-aider, pulled over and had to cross both sides of the dual carriageway to reach the car only to find there was nobody inside.
""I was the only one to witness the crash that actually stopped,"" she said.
""When people saw me crossing the road, about a dozen cars stopped but I was the only witness.
""That's what frightens me, there could have been children in that car.
""By the time I got across the road, with the ambulance service on the phone, there was nobody there. The passenger side door was open.""
She continued: ""We searched the area and the steep slope thinking perhaps the driver had been thrown out of the vehicle by the impact.
""The keys were still in the ignition and t... [truncated, 1997 chars total - full text at data/raw/news/text/NEWS-surreylive-b6967f5376d3.txt]",data/raw/news/text/NEWS-surreylive-b6967f5376d3.txt
NEWS-surreylive-b75c6e16094e,SCC-2021-05,surreylive,local,SCC-2021-05:local,full_corpus,pending_human_review,"Clears every mechanically-checkable rule. Still requires the human pass for E4 (result leakage), the L/N relevance test (E5), E6 (Reform disambiguation, if applicable) and E8 (genuine editorial content) before it can count as eligible.",,,include,not_applicable,,,E5-L1-PLACE,E6-NOT-REFORM-FLAGGED,,,"Shere, which sits between Guildford and Dorking, is well known in Surrey for being the backdrop in movies such as The Holiday, Wedding Date and Bridget Jones: Edge of Reason.",,,,medium,,,,,,,,,,,Surrey villagers fear leaving homes as visitors inundate area,2021-01-09,117,"likely E4-CLEAR (117 days before polling day - a genuine result leak would require the DATE itself being wrong, not just a careless read; still confirm by skimming for any reference to a declared result)","Police were called on one occasion following concerns over people congregating in the village and breaking Government rules
Keep up-to-date with the latest lockdown rules and all things Surrey by subscribing to our daily newsletter
High visitor numbers in a picturesque Surrey village have left some of its residents in fear of leaving their own homes.
Shere, which sits between Guildford and Dorking, is well known in Surrey for being the backdrop in movies such as The Holiday, Wedding Date and Bridget Jones: Edge of Reason.
However, its residents say this has attracted unwanted attention and led to its narrow streets becoming filled with visitors leading to anxiety, in particular among its elderly residents, in the pandemic.
A Shere resident, who contacted SurreyLive with these concerns, said they have seen an ""unprecedented number"" of visitors in recent months. They reported feeling imprisoned in their own homes due to the number of people outside.
Find out how you can get more news from SurreyLive straight to your inbox HERE.
The chairman of Shere Parish Council has confirmed the council is aware of residents' worries, which he also shared.
Councillor Roy Davey said: ""The concern is that many of the visitors do not abide by the guidelines. When they're out they don't wear masks, they congregate and loiter in the centre of the village as opposed to walking through and going around us.
""That makes the residents feel very nervous because many of them live in houses which come di... [truncated, 5579 chars total - full text at data/raw/news/text/NEWS-surreylive-b75c6e16094e.txt]",data/raw/news/text/NEWS-surreylive-b75c6e16094e.txt
NEWS-surreylive-bac443acaaa5,SCC-2017-05,surreylive,local,SCC-2017-05:local,full_corpus,pending_human_review,"Clears every mechanically-checkable rule. Still requires the human pass for E4 (result leakage), the L/N relevance test (E5), E6 (Reform disambiguation, if applicable) and E8 (genuine editorial content) before it can count as eligible.",,,include,not_applicable,,,E5-L1-PLACE,E6-NOT-REFORM-FLAGGED,,,"A lonely Tadworth widow, who was jailed after her wayward dog savaged a neighbour, has had her jail sentence cut.",,,,medium,,,,,,,,,,,Widow has jail term cut after wayward dog attacked neighbour,2017-03-21,44,"likely E4-CLEAR (44 days before polling day - a genuine result leak would require the DATE itself being wrong, not just a careless read; still confirm by skimming for any reference to a declared result)","A lonely Tadworth widow, who was jailed after her wayward dog savaged a neighbour, has had her jail sentence cut.
Janet Chalcraft, 63, of Mallow Close, let her Staffordshire Bull Terrier, Tyke, out into a communal garden on a summer's day last year - without a muzzle.
Tyke then brutally attacked neighbour Yvette Peters, sinking his teeth into her arm causing ""significant"" injuries, a court heard.
Chalcraft admitted being the owner of a dog dangerously out of control and being in breach of a conditional discharge imposed in March last year.
Magistrates had already ordered her not to allow Tyke to go into public places without a muzzle after a previous incident, during which nobody was injured.
The 63-year-old was jailed for 18 months at Guildford Crown Court in December last year and banned from owning a dog for 10 years.
But Anne Brown, representing Chalcraft, argued on Tuesday (March, 21) her jail term was far too harsh and ought to be cut.
Judge Nicholas Cooke QC told London's Appeal Court that the victim's use of her left arm had been ""significantly compromised"" by the attack.
But he added there was ""significant personal mitigation"" available to Chalcraft.
He pointed to her age and otherwise ""blameless life"" and said she was a widow who had become ""somewhat isolated"".
She had intervened to pull the Staffy off Mrs Peters and had ""straightaway arranged for the dog to be destroyed"".
He said: ""It was a case of a lonely woman failing to recognise what was a very real risk prese... [truncated, 1692 chars total - full text at data/raw/news/text/NEWS-surreylive-bac443acaaa5.txt]",data/raw/news/text/NEWS-surreylive-bac443acaaa5.txt
NEWS-surreylive-c2e8248a07db,SCC-2017-05,surreylive,local,SCC-2017-05:local,full_corpus,pending_human_review,"Clears every mechanically-checkable rule. Still requires the human pass for E4 (result leakage), the L/N relevance test (E5), E6 (Reform disambiguation, if applicable) and E8 (genuine editorial content) before it can count as eligible.",,,include,not_applicable,,,E5-L1-PLACE,E6-NOT-REFORM-FLAGGED,,,"An Ashtead almshouse resident, whose antisocial cooking habits and nocturnal singing forced her neighbour to move out, is facing eviction following an Appeal Court ruling.",,,,medium,,,,,,,,,,,Almshouse resident who 'spat and swore' at neighbours to be evicted,2016-12-11,144,"likely E4-CLEAR (144 days before polling day - a genuine result leak would require the DATE itself being wrong, not just a careless read; still confirm by skimming for any reference to a declared result)","An Ashtead almshouse resident, whose antisocial cooking habits and nocturnal singing forced her neighbour to move out, is facing eviction following an Appeal Court ruling.
Three senior judges ruled Janet Watts has no ""security of tenure"" as a resident of The Haven in Ottways Lane.
Mrs Watts was served a possession order at Guildford County Court in May after the charity said it had had enough of her antisocial behaviour.
Master of the Rolls Sir Terence Etherton said the ruling ""raised issues relevant to the status of some 35,000 almshouse residents of around 1,700 almshouses, and whether all or some of them occupy the almshouses as licensees - or as tenants with security of tenure"".
The judge resolved the issue squarely in favour of Mrs Watts' landlords - the Trustees of the Ashtead United Charity.
He ruled Mrs Watts, who moved into her home in 2004, occupied it under a ""personal licence"" and does not have the rights of a tenant.
Despite her Almshouse home being called ""The Haven"", she had made life anything but peaceful for those around her, the charity said.
She had forfeited her right to live there by breaching the terms of her licence, the court heard.
Her disruptive behaviour included ""swearing, spitting and becoming aggressive to contractors such that they would no longer enter the property"".
She had also made a noise at night by ""singing loudly, cooking in the early hours, and running her taps all night"".
Her behaviour ""caused her neighbour downstairs to move out"", sai... [truncated, 2217 chars total - full text at data/raw/news/text/NEWS-surreylive-c2e8248a07db.txt]",data/raw/news/text/NEWS-surreylive-c2e8248a07db.txt
NEWS-surreylive-c4476dce66c0,SCC-2021-05,surreylive,local,SCC-2021-05:local,full_corpus,pending_human_review,"Clears every mechanically-checkable rule. Still requires the human pass for E4 (result leakage), the L/N relevance test (E5), E6 (Reform disambiguation, if applicable) and E8 (genuine editorial content) before it can count as eligible.",,,exclude,not_applicable,,,E5-NO-L-OR-N-RULE-MET,E6-NOT-REFORM-FLAGGED,,,Almost everyone has seen it on TV - but have you been there?,,,,high,,,,,,,,,,,"The fairytale village in The Holiday, Wedding Date and Bridget Jones",2020-12-12,145,"likely E4-CLEAR (145 days before polling day - a genuine result leak would require the DATE itself being wrong, not just a careless read; still confirm by skimming for any reference to a declared result)","Almost everyone has seen it on TV - but have you been there?
Subscribe to our FREE daily newsletter for a round-up of the biggest stories from across Surrey
The quintessentially British village of Shere has attracted movie-makers for many years with its centuries-old buildings nestled in the Surrey Hills .
Shere is located between the towns of Guildford and Dorking , close to the popular beauty spots of Newlands Corner and Silent Pool.
Within the village centre conservation area are 34 listed buildings that are all many centuries old and feature iconic timber frames.
Some of these are homes, while others are tea-rooms and pubs. One is even a museum.
Find out how you can get more news from SurreyLive straight to your inbox HERE.
One of the pubs, The White Horse, was used for a romantic scene between Cameron Diaz and Jude Law in the 2006 Christmas film, The Holiday.
That same pub welcomed a very different crowd in the early 1800s, as it was one of the meeting places for sheep-stealing gangs then rife in the district.
The quaint and picturesque homes in the village inspired the team behind The Holiday to create the perfect cottage, where Diaz stays in a house swap with Kate Winslet's character.The cottage doesn’t actually exist, but the film crew built the exterior near the village church for filming.
That village church has been a place of worship since 1190, and the Church of St James, which still stands today, was added to over the centuries.
St James' had a brief moment of f... [truncated, 2501 chars total - full text at data/raw/news/text/NEWS-surreylive-c4476dce66c0.txt]",data/raw/news/text/NEWS-surreylive-c4476dce66c0.txt
NEWS-surreylive-c6f1f0b45805,SCC-2017-05,surreylive,local,SCC-2017-05:local,full_corpus,pending_human_review,"Clears every mechanically-checkable rule. Still requires the human pass for E4 (result leakage), the L/N relevance test (E5), E6 (Reform disambiguation, if applicable) and E8 (genuine editorial content) before it can count as eligible.",,,exclude,not_applicable,,,E5-NO-L-OR-N-RULE-MET,E6-NOT-REFORM-FLAGGED,,,Marks and Spencer has announced when it will be opening its new foodhall in the centre of Ashtead .,,,,medium,,,,,,,,,,,Find out when Marks and Spencer foodhall will open in Ashtead,2017-02-08,85,"likely E4-CLEAR (85 days before polling day - a genuine result leak would require the DATE itself being wrong, not just a careless read; still confirm by skimming for any reference to a declared result)","Marks and Spencer has announced when it will be opening its new foodhall in the centre of Ashtead .
Building work is currently underway on the former Esso site in The Street to complete a retail development, which will also include nine flats.
Ashtead residents have said they are pleased that work is now progressing on the site, which has been unoccupied since 2012.
It was previously the subject of a proposal by Tesco that never progressed, and hope the new supermarket will have a positive impact on the village.
Glynis Peterkin, head of Ashtead Residents Association, said: ""The general view is that people are very pleased something is now actually happening at the site.
""It's also very nice to see that something is being done that will bring more life to The Street, that will hopefully bring more football. I think the traders are hoping that it will.
""Most people seem enthusiastic and I am also pleased that the entrance to the shop will still be on The Street as well. I haven't heard any negativity about M&S coming.""
She continued: ""People have known for years that there was going to be a supermarket of some sort built on that site but everyone is pleased to see work begin as nobody liked seeing the site derelict and decaying.
""It was very frustrating for all those years with nothing happening so it is good that M&S have now bought the site and building work is now taking place.""
The site, which is in the centre of the town, was originally purchased by Tesco in 2008.
Planning... [truncated, 2831 chars total - full text at data/raw/news/text/NEWS-surreylive-c6f1f0b45805.txt]",data/raw/news/text/NEWS-surreylive-c6f1f0b45805.txt
NEWS-surreylive-ca033efc5b75,ESWS-2026-05,surreylive,local,ESWS-2026-05:local,full_corpus,pending_human_review,"Clears every mechanically-checkable rule. Still requires the human pass for E4 (result leakage), the L/N relevance test (E5), E6 (Reform disambiguation, if applicable) and E8 (genuine editorial content) before it can count as eligible.",,,include,not_applicable,,,E5-L1-PLACE,E6-NOT-REFORM-FLAGGED,,,Plans to return the Stanwell Hotel to community use have been revealed alongside a massive £10m investment.,,,,medium,,,,,,,,,,,Hotel at centre of Stanwell asylum seeker protests set for £10m revamp,2026-03-12,56,"likely E4-CLEAR (56 days before polling day - a genuine result leak would require the DATE itself being wrong, not just a careless read; still confirm by skimming for any reference to a declared result)","There were reports that a group of people forced their way past metal fencing (Image: Google)
Plans to return the Stanwell Hotel to community use have been revealed alongside a massive £10m investment.
The proposals would see the hotel modernised and refurbished to serve business and leisure guests, including travellers using Heathrow Airport .
Asylum seekers currently staying at the hotel will be expected to move out if planning permission is granted, the local democracy reporting service understands.
The Home Office have previously said it is committed to ending hotels for asylum seekers and is working towards alternative accommodation.
The scheme would upgrade the current hotel building on Town Lane and increase the number of rooms from 56 to 96. Plans include extending the roof of the original building and adding a single-storey extension.
Developers say the improvements are designed to bring the hotel up to modern standards and secure its future as part of the village economy.
Stanwell and Stanwell Moor Councillor, Robert Evans OBE said the proposals could bring clear benefits for the area. “If the planning application is approved, the Stanwell Hotel will be relaunched as part of a well-known global chain,” he said. “This can only be good news for Stanwell and local people.”
The hotel is currently operated by Splendid Hospitality Group under the Mercure brand, but if planning permission is agreed and the hotel is upgraded, the property could potentially operate under the... [truncated, 3061 chars total - full text at data/raw/news/text/NEWS-surreylive-ca033efc5b75.txt]",data/raw/news/text/NEWS-surreylive-ca033efc5b75.txt
NEWS-surreylive-d05e30e901e5,SCC-2017-05,surreylive,local,SCC-2017-05:local,full_corpus,pending_human_review,"Clears every mechanically-checkable rule. Still requires the human pass for E4 (result leakage), the L/N relevance test (E5), E6 (Reform disambiguation, if applicable) and E8 (genuine editorial content) before it can count as eligible.",,,include,not_applicable,,,E5-L1-PLACE,E6-NOT-REFORM-FLAGGED,,,"A spokesman added: ""Crews from Dorking, Painshill, Farnham and Woking were called to...",,,,medium,,,,,,,,,,,Lorry driver suffers serious injuries after three-vehicle crash,2017-04-25,9,read carefully (9 days before polling day - close enough that a dating error could plausibly let leakage through; do not default to E4-CLEAR here),"A lorry driver was airlifted to hospital with serious injuries following a three-vehicle collision in Knaphill .
Residents in the area described the sound of the collision in Bagshot Road, at the junction of Chobham Road, as ""like a bomb going off"".
Emergency services were called to the scene at just after midday on Tuesday (April 25).
Surrey Police said a white curtain-sided lorry, refuse disposal lorry and blue Vauxhall Insignia were involved in the collision.
One resident in the area, who asked not to be named, said: ""We heard a loud noise, initially we thought it sounded like a bomb going off.
""We then heard the sound of scraping metal.""
The front of the curtain-sided lorry was badly damaged following the crash.
Paramedics from the Kent, Surrey & Sussex Air Ambulance and South East Coast Ambulance service (SECAmb) attended the scene.
A spokesman for the air ambulance said an adult male was airlifted to St George's hospital in Tooting with head and lower arm injuries.
SECAmb added that the man had suffered ""serious injuries"".
Bagshot Road remained closed for the afternoon while police carried out an investigation into the crash.
Two heavy-duty recovery trucks with cranes were called in to remove the vehicles.
Scottish and Southern Electricity was alerted as a lamppost had sustained damage in the incident.
Surrey Fire and Rescue said diesel was ""spilt onto the road"" following the collision.
A spokesman added: ""Crews from Dorking, Painshill, Farnham and Woking were called to... [truncated, 2299 chars total - full text at data/raw/news/text/NEWS-surreylive-d05e30e901e5.txt]",data/raw/news/text/NEWS-surreylive-d05e30e901e5.txt
NEWS-surreylive-d6b4d5893f96,SCC-2017-05,surreylive,local,SCC-2017-05:local,full_corpus,pending_human_review,"Clears every mechanically-checkable rule. Still requires the human pass for E4 (result leakage), the L/N relevance test (E5), E6 (Reform disambiguation, if applicable) and E8 (genuine editorial content) before it can count as eligible.",,,exclude,not_applicable,,,E5-NO-L-OR-N-RULE-MET,E6-NOT-REFORM-FLAGGED,,,There's nothing quite like celebrating a special occasion than with a candle-lit meal for two.,,,,high,,,,,,,,,,,Take a look inside Kinghams restaurant in Shere,2017-01-23,101,"likely E4-CLEAR (101 days before polling day - a genuine result leak would require the DATE itself being wrong, not just a careless read; still confirm by skimming for any reference to a declared result)","There's nothing quite like celebrating a special occasion than with a candle-lit meal for two.
Whether it's Valentine's Day , an anniversary or a special birthday , booking a table at a fine dining restaurant is certainly a memorable treat.
Ahead of the most romantic day of the year, my partner and I visited the renowned Kinghams restaurant in Shere to discover what loved-up couples could expect .
Located inside an intimate, beamed 17th-century building in the picturesque Surrey village, the restaurant is undoubtedly a beauty hotspot.
At 5ft 9in I had to duck when I pushed open the cute wooden door to the warm and cosy restaurant.
Low ceilings and a roaring log fire created a humble atmosphere, yet the crisp white table cloths, shiny cutlery and elegant wine glasses confirmed to us that Kinghams was a place of exclusivity.
Featuring British produce, the menu changes regularly to reflect the season.
Expect lamb from Bonhurst Farm in Bramley, beef from Dipple Farm in Burnside (Scotland) and fish bought daily from Billingsgate Market direct from Brixham day boats.
The talented kitchen team creatively and beautifully demonstrate how exquisite simple and natural ingredients are when executed well.
From smoked haddock and eel terrine to seared scallops on sweetcorn puree, the starter selection sounded exciting.
After we ordered a glass each of a wonderfully light sauvignon blanc white wine, I chose Cornish crab and avocado (£10.95) as my first course.
We nibbled on a freshly baked,... [truncated, 3826 chars total - full text at data/raw/news/text/NEWS-surreylive-d6b4d5893f96.txt]",data/raw/news/text/NEWS-surreylive-d6b4d5893f96.txt
NEWS-surreylive-e724583d3c91,SCC-2017-05,surreylive,local,SCC-2017-05:local,full_corpus,pending_human_review,"Clears every mechanically-checkable rule. Still requires the human pass for E4 (result leakage), the L/N relevance test (E5), E6 (Reform disambiguation, if applicable) and E8 (genuine editorial content) before it can count as eligible.",,,include,not_applicable,,,E5-L1-PLACE,E6-NOT-REFORM-FLAGGED,,,"A Banstead baggage handler is among five people charged with drug smuggling through Heathrow Airport , after a series of dawn raids on Wednesday (December 14).",,,,medium,,,,,,,,,,,Baggage handler among five charged with drug smuggling,2016-12-16,139,"likely E4-CLEAR (139 days before polling day - a genuine result leak would require the DATE itself being wrong, not just a careless read; still confirm by skimming for any reference to a declared result)","A Banstead baggage handler is among five people charged with drug smuggling through Heathrow Airport , after a series of dawn raids on Wednesday (December 14).
The raids were carried out by the National Crime Agency (NCA) across the south east and in London and 11 people were arrested.
The five were charged with conspiring to import cocaine and cannabis following a NCA investigation into allegations of smuggling through Heathrow Airport .
They will appear before Harrow Magistrates on Friday (December 16).
The remaining six people, five men aged between 26 and 60 and a woman aged 24, have been bailed pending further enquiries.
Brendan Foreman, NCA regional head of investigations, said: “The security and integrity of the UK border is vital in terms of public confidence and safety.
“The NCA and our partners in both the public and private sectors remain determined to target and stop those who would seek to circumvent border controls for criminal purposes.”",data/raw/news/text/NEWS-surreylive-e724583d3c91.txt
NEWS-surreylive-e919bc460171,SCC-2021-05,surreylive,local,SCC-2021-05:local,full_corpus,pending_human_review,"Clears every mechanically-checkable rule. Still requires the human pass for E4 (result leakage), the L/N relevance test (E5), E6 (Reform disambiguation, if applicable) and E8 (genuine editorial content) before it can count as eligible.",,,needs_second_review,not_applicable,,,E5-BORDERLINE-PLACE-MENTION,E6-NOT-REFORM-FLAGGED,,,"Get the latest email updates for Surrey with our FREE daily newsletter
As a result of pandemic delays, the UK is holding the largest number of polls ever outside of a general election on May 6.",,,,,,,,,,,,,,,Your complete guide to the local elections 2021,2021-05-05,1,read carefully (1 days before polling day - close enough that a dating error could plausibly let leakage through; do not default to E4-CLEAR here),"The UK goes to the polls again on Thursday - but what's up for grabs?
Get the latest email updates for Surrey with our FREE daily newsletter
As a result of pandemic delays, the UK is holding the largest number of polls ever outside of a general election on May 6. “Super Thursday” will see contests take place for the Scottish parliament, the Welsh Senedd, 143 English councils, 13 city or city region mayors, 39 police and crime commissioners, a Greater London Assembly and to elect an MP for Hartlepool. With some contests overdue from 2020, this is an electoral monster. Nearly 50 million people have a vote.
This is the first electoral test for the UK prime minister, Boris Johnson, since his 2019 general election victory. It’s also an initial verdict on Keir Starmer’s “under new management” Labour Party. Outcomes will shape the political agenda for the next year. So what should we expect and what does it all mean for the national picture?
The future of the UK is at stake in the battle for the Scottish parliament. If, as expected, the SNP gains an overall majority, the pressure on Boris Johnson to concede a second independence referendum would intensify. Johnson will refuse as it is far too risky. Expect first minister Nicola Sturgeon’s SNP to test that refusal in the courts – but after that, where does the independence campaign go, other than the streets? Could the SNP be at least temporarily satisfied by an offer of more powers for Scotland?
Even if the SNP falls slightly short,... [truncated, 5507 chars total - full text at data/raw/news/text/NEWS-surreylive-e919bc460171.txt]",data/raw/news/text/NEWS-surreylive-e919bc460171.txt
NEWS-surreylive-e94d8358f003,SCC-2017-05,surreylive,local,SCC-2017-05:local,full_corpus,pending_human_review,"Clears every mechanically-checkable rule. Still requires the human pass for E4 (result leakage), the L/N relevance test (E5), E6 (Reform disambiguation, if applicable) and E8 (genuine editorial content) before it can count as eligible.",,,include,not_applicable,,,E5-L1-PLACE,E6-NOT-REFORM-FLAGGED,,,"The collision, which took place in Shere Road near the junction with Gomshall Lane, involved a blue Peugeot 206 and a red Volkswagen Polo as well as the motorcyclist.",,,,medium,,,,,,,,,,,Police release details of motorcyclist who died on A25 Shere Road,2017-03-28,37,"likely E4-CLEAR (37 days before polling day - a genuine result leak would require the DATE itself being wrong, not just a careless read; still confirm by skimming for any reference to a declared result)","Surrey Police has released details of a motorcyclist who tragically died after a collision with two cars on the A25 near Gomshall on Friday (March 24).
The motorcyclist was a 29-year-old man from London who sadly died at the scene of the incident which happened at around 4.25pm.
The collision, which took place in Shere Road near the junction with Gomshall Lane, involved a blue Peugeot 206 and a red Volkswagen Polo as well as the motorcyclist.
Police, paramedics from South East Coast Ambulance Service and a Kent, Surrey and Sussex Air Ambulance crew were all in attendance after the collision.
The crash is still under investigation and the cause is not known.
Jack Foster, manager of Kinghams restaurant on Gomshall Lane, said there have been previous accidents in the same area, and believes it to be a dangerous stretch of road.
The 32-year-old said: ""I think that road is very dangerous and something needs to be done with it. I do think that something happens now, quite a lot. It's one of those very quick roads and people are always flying down it.
""In the past six months, I think there have been at least three or four accidents there.""
Shere parish councillor for the Gomshall ward, Alissa Collingwood, said the safety of the road concerned is something Shere Parish Council is looking to discus at its next meeting.
Councillor Collingwood said the junction of Gomshall Lane and the A25 can be dangerous. She said: ""It can be quite dangerous because of the A25 and because of people tr... [truncated, 2074 chars total - full text at data/raw/news/text/NEWS-surreylive-e94d8358f003.txt]",data/raw/news/text/NEWS-surreylive-e94d8358f003.txt
NEWS-surreylive-eeea7bca3fc7,ESWS-2026-05,surreylive,local,ESWS-2026-05:local,full_corpus,pending_human_review,"Clears every mechanically-checkable rule. Still requires the human pass for E4 (result leakage), the L/N relevance test (E5), E6 (Reform disambiguation, if applicable) and E8 (genuine editorial content) before it can count as eligible.",,,include,not_applicable,,,E5-L2-CANDIDATE,E6-NOT-REFORM-FLAGGED,,,"On Thursday, May 7, residents in towns including Guildford , Woking , Chertsey , Staines , Farnham and Camberley , to name just a few, will be electing two councillors for each of West Surrey’s 45 wards, so 90 in total.",,,,high,,,,,,,,,,,"West Surrey Local Elections: Every candidate standing in Guildford, Woking, Runnymede, Spelthorne and Surrey Heath",2026-05-05,2,read carefully (2 days before polling day - close enough that a dating error could plausibly let leakage through; do not default to E4-CLEAR here),"For the first time, the new council of West Surrey will be holding local elections, with thousands of voters set to head to the polls.
On Thursday, May 7, residents in towns including Guildford , Woking , Chertsey , Staines , Farnham and Camberley , to name just a few, will be electing two councillors for each of West Surrey’s 45 wards, so 90 in total.
West Surrey is a new unitary authority that has been created as a result of local government reorganisation. All of Surrey’s existing 12 borough, district, or county councils are set to be abolished and replaced with just two: West Surrey and East Surrey.
West Surrey will be made up of the areas previously served by the councils of Guildford, Runnymede, Spelthorne, Surrey Heath, Waverley and Woking.
The wards being used match those used for Surrey County Council elections, which were last held in 2021.
In terms of the current political situation in the areas that will make up West Surrey, following the latest local elections in the county which were held in 2024, the Lib Dems are in control of Guildford, Surrey Heath and Woking councils.
The Lib Dems are also the largest party in Waverley, which is in No Overall Control.
Runnymede and Spelthorne are also in states of No Overall Control, however, on these councils, the Conservatives are the largest party.
In terms of the 45 county council seats made up of areas that will be in West Surrey, where the last elections were held in 2021, 21 councillors are Conservative, 14 Lib Dems, ... [truncated, 6633 chars total - full text at data/raw/news/text/NEWS-surreylive-eeea7bca3fc7.txt]",data/raw/news/text/NEWS-surreylive-eeea7bca3fc7.txt
NEWS-surreylive-f97da7ded240,SCC-2017-05,surreylive,local,SCC-2017-05:local,full_corpus,pending_human_review,"Clears every mechanically-checkable rule. Still requires the human pass for E4 (result leakage), the L/N relevance test (E5), E6 (Reform disambiguation, if applicable) and E8 (genuine editorial content) before it can count as eligible.",,,include,not_applicable,,,E5-L1-PLACE,E6-NOT-REFORM-FLAGGED,,,A man from Stanwell has been given a 12 month suspended sentence for his involvement in the theft of items of plant machinery.,,,,medium,,,,,,,,,,,Man escapes prison sentence after theft of road roller,2017-02-03,90,"likely E4-CLEAR (90 days before polling day - a genuine result leak would require the DATE itself being wrong, not just a careless read; still confirm by skimming for any reference to a declared result)","A man from Stanwell has been given a 12 month suspended sentence for his involvement in the theft of items of plant machinery.
Graham Wheatley, 56, appeared at Guildford Crown Court on Thursday (February 2) after he pleaded guilty to two counts of theft on January 3.
The court heard that Mr Wheatley's was involved in the theft of a Bomag Road Roller worth £9,000 in August 2015 from Spadeoak Construction.
The machine was on a work site at Westbrook Primary School in Hounslow when it was stolen.
A tracker installed on the machine revealed that it had been driven six miles to Wheatley's home in Diamedes Avenue.
When the owner drove to the street, he told a PCSO officer what had happened who noticed a transit van with a low suspension parked in a driveway, the court heard.
On opening the van, the roller was discovered inside.
The other offence related to the attempted theft of a mini-digger worth £15,000 on June 11 2015.
The owner saw Mr Wheatley interfering with a metal fence outside his house at 5.10am and another man sat in his mini-digger. When the man went to confront the defendant, he fled the scene.
Mohammed Bashir for the defence told the court that Wheatley had become involved in the thefts as he was finding it difficult to make ends meet suffering from a lung condition and living on disability benefits.
According to Mr Bashir, Wheatley was just acting as a driver on the promise that he would be paid a small fee of £40 to 60.
Wheatley received a sentence of 12 months sus... [truncated, 1752 chars total - full text at data/raw/news/text/NEWS-surreylive-f97da7ded240.txt]",data/raw/news/text/NEWS-surreylive-f97da7ded240.txt
NEWS-surreylive-fb11d4a7d847,SCC-2017-05,surreylive,local,SCC-2017-05:local,full_corpus,pending_human_review,"Clears every mechanically-checkable rule. Still requires the human pass for E4 (result leakage), the L/N relevance test (E5), E6 (Reform disambiguation, if applicable) and E8 (genuine editorial content) before it can count as eligible.",,,include,not_applicable,,,E5-L4-COUNTY-WIDE,E6-NOT-REFORM-FLAGGED,,,Here's what six of Surrey's 11 Conservative MPs made of the surprise announcement as they consider the future of both the make-up of the government and the entire country.,,,,high,,,,,,,,,,,Here's what Surrey MPs said about shock general election plan,2017-04-19,15,"likely E4-CLEAR (15 days before polling day - a genuine result leak would require the DATE itself being wrong, not just a careless read; still confirm by skimming for any reference to a declared result)","Theresa May's announcement there will be a shock general election on June 8 took many of her own Conservative MPs by surprise, it seems.
The Prime Minister, who currently has a working majority of just 17 MPs, said she needed a stronger position in the Commons to secure her plans for the UK’s future outside the EU.
“Our opponents believe because the government’s majority is so small our resolve will weaken and they can force us to change - they are wrong,” she said in her announcement on Tuesday morning (April 18).
“They under-estimate our determination to get the job done and I am not prepared to let them endanger the security of millions of working people across the country.
""What they are doing jeopardises the work we must do to prepare for Brexit at home and it weakens the Government’s negotiating position in Europe.”
On Wednesday, MPs voted for an early election by 522 votes to 13 - a majority of 509.
Here's what six of Surrey's 11 Conservative MPs made of the surprise announcement as they consider the future of both the make-up of the government and the entire country.
""This election will give the country the stability and leadership the country needs. We will be offering the country a strong economy that delivers the jobs and tax revenue we need for our precious public services.
""We'll be offering the country strong political leadership through the Brexit negotiations, so we secure the best deal for the whole country.
""And a vote for the Conservatives will give us the ... [truncated, 4548 chars total - full text at data/raw/news/text/NEWS-surreylive-fb11d4a7d847.txt]",data/raw/news/text/NEWS-surreylive-fb11d4a7d847.txt
NEWS-surreylive-fd4a7b389d0c,ESWS-2026-05,surreylive,local,ESWS-2026-05:local,full_corpus,pending_human_review,"Clears every mechanically-checkable rule. Still requires the human pass for E4 (result leakage), the L/N relevance test (E5), E6 (Reform disambiguation, if applicable) and E8 (genuine editorial content) before it can count as eligible.",,,include,not_applicable,,,E5-L1-PLACE,E6-NOT-REFORM-FLAGGED,,,Seven men have been charged with burglary offences following a asylum seeker protest at The Stanwell Hotel in July last year.,,,,medium,,,,,,,,,,,Stanwell asylum seeker hotel protests see seven men charged with burglary with intent to cause damage,2026-03-04,64,"likely E4-CLEAR (64 days before polling day - a genuine result leak would require the DATE itself being wrong, not just a careless read; still confirm by skimming for any reference to a declared result)","The men have been released on police bail and are due to appear at Staines Magistrates’ Court on Friday, May 1. (Image: Google)
Seven men have been charged with burglary offences following a asylum seeker protest at The Stanwell Hotel in July last year.
The men, five of whom are from Stanwell, were charged with burglary of a dwelling with intent to cause damage following protests which took place at the hotel on Town Lane on July 31, 2025.
Following the charges, Spelthorne Borough Commander Inspector, Matt Walton said: ""We respect the public’s right to safe, lawful protest and will facilitate this where we can.
""However, if any criminal acts or disorder are reported or suspected by officers during a protest, then we will respond robustly, and a thorough investigation will take place.""
The men have been released on police bail and are due to appear at Staines Magistrates’ Court on Friday, May 1.
Those charged with burglary of a dwelling with intent to cause damage read as follows:
• Wayne Adams, 38 (DOB 02/04/1987), of Stanwell • Mark Osbourne, 40 (DOB 28/08/1985), of Stanwell • Mark Evans, 36 (DOB 13/06/1989), of Stanwell • Rory Langridge, 45 (DOB 06/02/1981), of Feltham • Stuart Malloy, 29 (DOB 26/10/1996), of Stanwell • John Austin, 49 (DOB 26/10/1976), of no fixed address • Ryan Collier, 42 (DOB 08/08/1983), of Stanwell
Alongside burglary offences, Surrey Police have said Ryan Collier was also charged with a racially aggravated public order offence and use of threatening o... [truncated, 1564 chars total - full text at data/raw/news/text/NEWS-surreylive-fd4a7b389d0c.txt]",data/raw/news/text/NEWS-surreylive-fd4a7b389d0c.txt
