article_id,quality_status,downstream_status,title_hash,body_hash,composite_hash,exact_duplicate_status,cluster_id,cluster_size,evidence_basis,flags,rule_version
NEWS-bbc_surrey-11115058393e,valid_full_text,ready_full_text,8622e89a039a9aba,8b6828dfdf4ddad9,6306a252557ad89f,unique,,1,,,exact-dup-v1.0-2026-07-27
NEWS-bbc_surrey-26a6658188d3,valid_full_text,ready_full_text,29b81743499e9330,e787470af0f2894f,d4b6469d1f2a8940,unique,,1,,,exact-dup-v1.0-2026-07-27
NEWS-bbc_surrey-2bc45058b1df,valid_full_text,ready_full_text,a05aea763a6c67f1,35b1459508ccb836,909675fb8ed564e3,unique,,1,,,exact-dup-v1.0-2026-07-27
NEWS-bbc_surrey-4739f8ec453a,valid_full_text,ready_full_text,a0072d82c3d7e49d,bff45b990809cfca,f8cc9bce8da9c0e4,unique,,1,,,exact-dup-v1.0-2026-07-27
NEWS-bbc_surrey-6ed4c884196b,valid_full_text,ready_full_text,a25a561e4a18bea0,d5d1be70d3dea0a9,6feb40f1f6d65fe4,unique,,1,,,exact-dup-v1.0-2026-07-27
NEWS-bbc_surrey-79d8baad386b,valid_full_text,ready_full_text,dfe5a1ca86a37960,67167c093044afdf,98a3990ccd6863ef,unique,,1,,,exact-dup-v1.0-2026-07-27
NEWS-bbc_surrey-7cfe84512895,valid_full_text,ready_full_text,e7369bc7d26ace88,9fa825bffc2df201,6bbf796e8d12147c,unique,,1,,,exact-dup-v1.0-2026-07-27
NEWS-bbc_surrey-8cf8f699dc50,valid_full_text,ready_full_text,c957f102a7fcc7b6,902bf2d2a8fbad98,e9a46a5246ec7dee,unique,,1,,,exact-dup-v1.0-2026-07-27
NEWS-bbc_surrey-9322d4431ec0,valid_full_text,ready_full_text,0ba7490a145aa6e3,3de7a35de686ad94,72d23c31d0026811,unique,,1,,,exact-dup-v1.0-2026-07-27
NEWS-bbc_surrey-956003a841b5,valid_full_text,ready_full_text,59100e5e5ddb6d2c,3727c15c185e825f,92563f4c93785e0a,unique,,1,,,exact-dup-v1.0-2026-07-27
NEWS-bbc_surrey-a7ba313dba3e,valid_full_text,ready_full_text,dc1d7fe90877e801,f59293737ffdfc59,3c1fb4894f24e5c0,unique,,1,,,exact-dup-v1.0-2026-07-27
NEWS-bbc_surrey-b017a311220a,valid_full_text,ready_full_text,92a7ad16fb618e7e,273682c366cc32ab,2ad0bd8a598be927,unique,,1,,,exact-dup-v1.0-2026-07-27
NEWS-bbc_surrey-e9f2afef0dfe,valid_full_text,ready_full_text,d408675281a36d6b,952fffd050019cd4,ced400d58e6f509c,unique,,1,,,exact-dup-v1.0-2026-07-27
NEWS-bbc_surrey-ec4c7ab2a6e9,valid_full_text,ready_full_text,40b673b9185cb86a,0990d35b359ee8a5,7832a54f7c18f90e,unique,,1,,,exact-dup-v1.0-2026-07-27
NEWS-bbc_surrey-efe6c71df344,valid_full_text,ready_full_text,b0b3c1b25c861c9c,120bc0bae5053137,89dec4572e2054cb,unique,,1,,,exact-dup-v1.0-2026-07-27
NEWS-google_dated_search-657960f1d419,valid_full_text,ready_full_text,f12b2ee740de631a,5d70181b32c0b5ef,91479e2bfae4ff3f,unique,,1,,,exact-dup-v1.0-2026-07-27
NEWS-google_dated_search-91dc1b60bc85,valid_full_text,ready_full_text,0465df2966be6368,4bd382a50d306d0a,015ff9421df6a445,unique,,1,,,exact-dup-v1.0-2026-07-27
NEWS-google_dated_search-9c76ea82d46d,valid_full_text,ready_full_text,df38a0b70e4fb212,5f0f11f505079769,fe61b4ca950de6e1,unique,,1,,,exact-dup-v1.0-2026-07-27
NEWS-google_dated_search-eef15524394a,valid_full_text,ready_full_text,7db56e5f475df7ff,99070445421eec07,95eab446f13cd7f9,unique,,1,,,exact-dup-v1.0-2026-07-27
NEWS-guardian_api-0012a786cff5,valid_full_text,ready_full_text,212c842c94e4bab0,f761e10a5fc8e80c,af338210e70f09b9,unique,,1,,,exact-dup-v1.0-2026-07-27
NEWS-guardian_api-00490703e50c,valid_full_text,ready_full_text,216fa9cc1347f95f,9969596007326e4e,b4008edccf2427dc,unique,,1,,,exact-dup-v1.0-2026-07-27
NEWS-guardian_api-008cb68bf384,valid_full_text,ready_full_text,1aefdfa43b599d05,1d1fbb911f26760a,7e322e4be28730ff,unique,,1,,,exact-dup-v1.0-2026-07-27
NEWS-guardian_api-00c92ff46985,valid_full_text,ready_full_text,5e97ab0199c5f262,6e3e97abab510d47,dd57cad9f75948d6,unique,,1,,,exact-dup-v1.0-2026-07-27
NEWS-guardian_api-00d8f2af466c,valid_full_text,ready_full_text,fa1d1185d427f807,24bb714c4ad0d027,dc37ba0152935bda,unique,,1,,,exact-dup-v1.0-2026-07-27
NEWS-guardian_api-012a3330d78d,valid_full_text,ready_full_text,d743b8fbf9e93981,ae9831dd6cd4394e,a2396975b440d5c4,unique,,1,,,exact-dup-v1.0-2026-07-27
NEWS-guardian_api-013bc20a12cf,valid_full_text,ready_full_text,cb1930c772218611,cbef1d4cb9bddf5b,1cb4ef23856ba517,unique,,1,,,exact-dup-v1.0-2026-07-27
NEWS-guardian_api-0146e9616127,valid_full_text,ready_full_text,0dfd67de6a689ff8,72be0e5408bff484,197afa5ddbd2904e,unique,,1,,,exact-dup-v1.0-2026-07-27
NEWS-guardian_api-016348683435,valid_full_text,ready_full_text,530cd40fa4a367fd,aaab1fcaa8e9c867,2957908c438fefa2,unique,,1,,,exact-dup-v1.0-2026-07-27
NEWS-guardian_api-016d35d6838c,valid_full_text,ready_full_text,83cad61a4cd95672,814bf4b73cf4423a,a457b9dedea90cfb,unique,,1,,,exact-dup-v1.0-2026-07-27
NEWS-guardian_api-01bf77bf8c42,valid_full_text,ready_full_text,c2804c2e97a6cde9,c3a811303e9cf5ff,8cfac3cc256c0824,unique,,1,,,exact-dup-v1.0-2026-07-27
NEWS-guardian_api-01d122f69f38,valid_full_text,ready_full_text,4f2c484f652013e0,246126e30e4b6f90,6190517a265d863b,unique,,1,,,exact-dup-v1.0-2026-07-27
NEWS-guardian_api-01e94420bef3,valid_full_text,ready_full_text,bc84ab453e52b038,ec20b977d459aa58,24bb5821f5a5b7ef,unique,,1,,,exact-dup-v1.0-2026-07-27
NEWS-guardian_api-0240a09cb3df,valid_full_text,ready_full_text,a1d05b2e6774c703,e3d33db7aabafb3e,e31c9c2e8544ae41,unique,,1,,,exact-dup-v1.0-2026-07-27
NEWS-guardian_api-02446cbafe3e,valid_full_text,ready_full_text,766169e6aefe1cdf,1a60d705d41cea10,09327b6329f64836,unique,,1,,,exact-dup-v1.0-2026-07-27
NEWS-guardian_api-02506f16d90e,valid_full_text,ready_full_text,f21fc7374206fdf8,d6d03458ae14b1b6,97034ec64cbe6f9c,unique,,1,,,exact-dup-v1.0-2026-07-27
NEWS-guardian_api-026581f3004e,valid_full_text,ready_full_text,149ad0ac2b849775,f0cd4cb1ddc09ee7,78af80d33dd68687,unique,,1,,,exact-dup-v1.0-2026-07-27
NEWS-guardian_api-029d5b08f16b,valid_full_text,ready_full_text,3fc318c379c30a8e,9911518d94c9f30d,f352df1e2bb608bc,unique,,1,,,exact-dup-v1.0-2026-07-27
NEWS-guardian_api-02a6bfc3ed95,valid_full_text,ready_full_text,f4531cb46b0f689d,498e815e2bb8d7bc,6714ed22516355e9,unique,,1,,,exact-dup-v1.0-2026-07-27
NEWS-guardian_api-02e695dcdd6b,valid_full_text,ready_full_text,a98d936cc1ed557e,84f7cfde284b6025,12ca5c46ec4d5341,unique,,1,,,exact-dup-v1.0-2026-07-27
NEWS-guardian_api-02ed065b77d9,valid_full_text,ready_full_text,9fa12cde820f084d,77bb5c35f89ff6b2,8459c226a7b0fcc1,unique,,1,,,exact-dup-v1.0-2026-07-27
NEWS-guardian_api-030cf52b689b,valid_full_text,ready_full_text,527b52daaa740071,21414ed8132f12f1,2d6c1f6c40b65e43,unique,,1,,,exact-dup-v1.0-2026-07-27
NEWS-guardian_api-037ff6103d50,valid_full_text,ready_full_text,fcf1e778c4053ef1,fed7d7b754dd61a3,2c2caf0b66b20f15,unique,,1,,,exact-dup-v1.0-2026-07-27
NEWS-guardian_api-0385f955b317,valid_full_text,ready_full_text,00961ee782f1e291,3d19993a5224ed54,48878bfb8a217b3d,unique,,1,,,exact-dup-v1.0-2026-07-27
NEWS-guardian_api-03ca3855bc23,valid_full_text,ready_full_text,f7360cfb3cc04e8b,3f4c217cfa3a733b,f9eab140aee8b5c9,unique,,1,,,exact-dup-v1.0-2026-07-27
NEWS-guardian_api-0458f64bfff8,valid_full_text,ready_full_text,a55c0d3e3c722636,0cdc11102f42ea5a,8c20da66656ca763,unique,,1,,,exact-dup-v1.0-2026-07-27
NEWS-guardian_api-046c55e93349,valid_full_text,ready_full_text,0dc0528c7c6dd042,1c47cceea835104d,8bb1e32de463781b,unique,,1,,,exact-dup-v1.0-2026-07-27
NEWS-guardian_api-04791e69a76d,valid_full_text,ready_full_text,4a7e9489f9f2354a,52c66cdad82278bb,548c6084bf59239d,unique,,1,,,exact-dup-v1.0-2026-07-27
NEWS-guardian_api-048973de164d,valid_full_text,ready_full_text,5e288c68bbf9ba09,2119bf2bf7c813bc,1f6829d0096b66d0,unique,,1,,,exact-dup-v1.0-2026-07-27
NEWS-guardian_api-049a475004ff,valid_full_text,ready_full_text,a64a479e3c3b1b8b,d17ab982a018d355,da8be404fc24948e,unique,,1,,,exact-dup-v1.0-2026-07-27
NEWS-guardian_api-049ea67e6b5d,valid_full_text,ready_full_text,4ec011422d1f7a8b,67cff701d2e017ae,d19967c66b0ef799,unique,,1,,,exact-dup-v1.0-2026-07-27
NEWS-guardian_api-0542986e54ba,valid_full_text,ready_full_text,e43cc491ae642795,8a72a2601c9ba1c0,f0cfbd2bfa55598e,unique,,1,,,exact-dup-v1.0-2026-07-27
NEWS-guardian_api-057d61617404,valid_full_text,ready_full_text,61481e62a4b3ce4e,ce457794ad02c364,a4ad53456fe69afa,unique,,1,,,exact-dup-v1.0-2026-07-27
NEWS-guardian_api-05b0e5f6422a,valid_full_text,ready_full_text,0aa7dbf3118d4c22,9e62c2026604f5e4,32ed0a5de3b57340,unique,,1,,,exact-dup-v1.0-2026-07-27
NEWS-guardian_api-064ee2dd744d,valid_full_text,ready_full_text,638136a0e4537473,4f7bdd44bc0c479a,973251136c92cbe4,unique,,1,,,exact-dup-v1.0-2026-07-27
NEWS-guardian_api-065cb090074c,valid_full_text,ready_full_text,100876d2498c48cc,fa8dc5fb8ec5ed00,2846e7805f442b3c,unique,,1,,,exact-dup-v1.0-2026-07-27
NEWS-guardian_api-06e9e7bbc392,valid_full_text,ready_full_text,35a688ae85c147e9,5fb9b006beca7b41,281a1bd1fb105261,unique,,1,,,exact-dup-v1.0-2026-07-27
NEWS-guardian_api-06ede00eecba,valid_full_text,ready_full_text,a7b26b3fd69a3aa2,8d3fa15168737145,492997c524d7f0e4,unique,,1,,,exact-dup-v1.0-2026-07-27
NEWS-guardian_api-06f315a8b222,valid_full_text,ready_full_text,56e817cd109dee83,99d38c13a1d6162a,2bdfa2af376ee8bb,unique,,1,,,exact-dup-v1.0-2026-07-27
NEWS-guardian_api-073f7f9f0d8f,valid_full_text,ready_full_text,71603aee57e1dc39,bd52d659a71b27b0,af0e471c542c6b34,unique,,1,,,exact-dup-v1.0-2026-07-27
NEWS-guardian_api-0745bbf082e5,valid_full_text,ready_full_text,7cdcc793e0beca4c,f5a196e3ddd305dd,c48c9cc5c48500e1,unique,,1,,,exact-dup-v1.0-2026-07-27
NEWS-guardian_api-07b32fe5103d,valid_full_text,ready_full_text,9578dbec42d4b83c,af87a95ce4b95485,1ec704ff5c8c3c7d,unique,,1,,,exact-dup-v1.0-2026-07-27
NEWS-guardian_api-07c050e08488,valid_full_text,ready_full_text,7199d18984cb800c,5fc9e56c5730e4da,e843865ae3c8cce9,unique,,1,,,exact-dup-v1.0-2026-07-27
NEWS-guardian_api-07c83d9e2ea6,valid_full_text,ready_full_text,7a3734b56c35ac02,2516a9a64af4d566,f710e6fe6a4bebc2,unique,,1,,,exact-dup-v1.0-2026-07-27
NEWS-guardian_api-07d8c984385b,valid_full_text,ready_full_text,515fa35b6697d7ce,dc9ff7e30a7d322a,e5f08337a05864c1,unique,,1,,,exact-dup-v1.0-2026-07-27
NEWS-guardian_api-0829eec7a370,valid_full_text,ready_full_text,a8456d9d71a7d26c,d5bb39cc77fd5de5,657eb80c822ad8a0,unique,,1,,,exact-dup-v1.0-2026-07-27
NEWS-guardian_api-0876578a2bc8,valid_full_text,ready_full_text,14b1c8c7e2be5064,305af3f101c9aed7,207016867448ec9d,unique,,1,,,exact-dup-v1.0-2026-07-27
NEWS-guardian_api-08bf8cb06faa,valid_full_text,ready_full_text,0914a0a151e968a5,d78e3e1942cb9140,300d1bded420fe84,unique,,1,,,exact-dup-v1.0-2026-07-27
NEWS-guardian_api-08e4aa68d5d2,valid_full_text,ready_full_text,ef27b1fc2e4aacb2,91c416ddea014278,8ef2c6849dc69903,unique,,1,,,exact-dup-v1.0-2026-07-27
NEWS-guardian_api-092b75fc4995,valid_full_text,ready_full_text,d04321bf1eeba123,652cd9c9573aa008,0e499fb08f1aa847,unique,,1,,,exact-dup-v1.0-2026-07-27
NEWS-guardian_api-097b30b5bdb0,valid_full_text,ready_full_text,a379208ab97a06c0,699173691107156e,c6b63b18bfea92c0,unique,,1,,,exact-dup-v1.0-2026-07-27
NEWS-guardian_api-099bbd6be4e7,valid_full_text,ready_full_text,071e04aef019de08,4cf91b9f2221e9e5,9dc2c9c009a0311f,unique,,1,,,exact-dup-v1.0-2026-07-27
NEWS-guardian_api-09a3562050d0,valid_full_text,ready_full_text,fe385fda093ae517,17ce2bf6a76deccc,1d1868e06456a23d,unique,,1,,,exact-dup-v1.0-2026-07-27
NEWS-guardian_api-09b09e25a870,valid_full_text,ready_full_text,8541636989056a20,4f897ea508cc6939,521ca9ea6d35c142,unique,,1,,,exact-dup-v1.0-2026-07-27
NEWS-guardian_api-09ef53d277ef,valid_full_text,ready_full_text,69476016647f6831,db761d91b58565b3,63adbfe44a1afe7d,unique,,1,,,exact-dup-v1.0-2026-07-27
NEWS-guardian_api-0a1e3435853c,valid_full_text,ready_full_text,bb478eaec7b4dcd9,fbf8169215fbeb3f,06071666f7d2c9a3,unique,,1,,,exact-dup-v1.0-2026-07-27
NEWS-guardian_api-0a8e89874ca9,valid_full_text,ready_full_text,b0cfbf0f4369185b,339e5efd16cf7bb2,9f47cdf5d8563079,unique,,1,,,exact-dup-v1.0-2026-07-27
NEWS-guardian_api-0ac84e86be7c,valid_full_text,ready_full_text,e708817a9bb1c340,5f65e39bde1d3f56,b47bc1eddba67017,unique,,1,,,exact-dup-v1.0-2026-07-27
NEWS-guardian_api-0b11943945c9,valid_full_text,ready_full_text,2fb9fc29eb6c66b4,73392212519159f8,3b9a066e13b86941,unique,,1,,,exact-dup-v1.0-2026-07-27
NEWS-guardian_api-0b52d02ff5ec,valid_full_text,ready_full_text,7d0c32128bf5adb3,a47b9a96f2ca457d,8d4d18dc455974c1,unique,,1,,,exact-dup-v1.0-2026-07-27
NEWS-guardian_api-0b634f4593ed,valid_full_text,ready_full_text,f8227c0f116128d3,bd6feb3c2e9aa01e,08912789992dedff,unique,,1,,,exact-dup-v1.0-2026-07-27
NEWS-guardian_api-0b7525252d1e,valid_full_text,ready_full_text,3a6aae36403b9060,15d4d97a6398beaa,0d0e20a2bddb1043,unique,,1,,,exact-dup-v1.0-2026-07-27
NEWS-guardian_api-0ba5704c8eb6,valid_full_text,ready_full_text,798033bde42abbeb,31d8bb5756e12621,3ee9d95d2de06978,unique,,1,,,exact-dup-v1.0-2026-07-27
NEWS-guardian_api-0bff875266df,valid_full_text,ready_full_text,9cbf54922513605a,7515fc6bbca5e22d,67f9e07ee03a1059,unique,,1,,,exact-dup-v1.0-2026-07-27
NEWS-guardian_api-0c3aeebde273,valid_full_text,ready_full_text,964bedf343c7d893,6b81a3b5a20672fa,9dbf8d27067bf71a,unique,,1,,,exact-dup-v1.0-2026-07-27
NEWS-guardian_api-0c8292a161ed,valid_full_text,ready_full_text,43dc4add398fa4d9,7834659ce295a17b,df6ca9506713c982,unique,,1,,,exact-dup-v1.0-2026-07-27
NEWS-guardian_api-0ca8aafa75f0,valid_full_text,ready_full_text,50aa9048c1260237,7c8ccddffd0eec88,855ad2d2eb94886a,unique,,1,,,exact-dup-v1.0-2026-07-27
NEWS-guardian_api-0cadb7445ab9,valid_full_text,ready_full_text,54f15f7a839aea3e,ceca952b0f46ace4,3d0470de6fcff335,unique,,1,,,exact-dup-v1.0-2026-07-27
NEWS-guardian_api-0ce58f83c030,valid_full_text,ready_full_text,3c7131d6456b8902,2bd62ad8f7f2bda4,89664fb6ce59f2e3,unique,,1,,,exact-dup-v1.0-2026-07-27
NEWS-guardian_api-0d0f78f598ff,valid_full_text,ready_full_text,d8538910e5181775,43a817d6dae68e89,8c76766ac304e95d,unique,,1,,,exact-dup-v1.0-2026-07-27
NEWS-guardian_api-0d4218015319,valid_full_text,ready_full_text,2aabbd6758350e52,bb3944716cd3c552,fe7b883274736b85,unique,,1,,,exact-dup-v1.0-2026-07-27
NEWS-guardian_api-0db4d3351eb5,valid_full_text,ready_full_text,939a5fb023da8d26,41faae29536864b9,f4e277cf3c4986d0,unique,,1,,,exact-dup-v1.0-2026-07-27
NEWS-guardian_api-0e0440629380,valid_full_text,ready_full_text,479450cce678ea85,9ee7c0804f03c0b9,d3187f7b777fcf51,unique,,1,,,exact-dup-v1.0-2026-07-27
NEWS-guardian_api-0e15eba67219,valid_full_text,ready_full_text,5495f10f81604413,cfaf9a9f5833be6e,c19afa307b350dc2,unique,,1,,,exact-dup-v1.0-2026-07-27
NEWS-guardian_api-0e3c32f7fb4b,valid_full_text,ready_full_text,1eb2c78456939f10,9157db8903a89d5b,52385c0c965eb2ea,unique,,1,,,exact-dup-v1.0-2026-07-27
NEWS-guardian_api-0e4b343e2ebd,valid_full_text,ready_full_text,dce56215d339e42e,d45d74eb6fa9ac70,cd887c5757cd9a36,unique,,1,,,exact-dup-v1.0-2026-07-27
NEWS-guardian_api-0e56f1ee2f84,valid_full_text,ready_full_text,3f552de4830da9a1,802cb67c478f3eea,71ebdf9971ee88f7,unique,,1,,,exact-dup-v1.0-2026-07-27
NEWS-guardian_api-0e8dee96ff49,valid_full_text,ready_full_text,0ad08b1b165a0889,9df58d77dd1c39a7,16daba786f9dbd9d,unique,,1,,,exact-dup-v1.0-2026-07-27
NEWS-guardian_api-0e95f9ffd3d0,valid_full_text,ready_full_text,769307c6b67367db,981994d6a7be16d7,b53c733277cc0d0c,unique,,1,,,exact-dup-v1.0-2026-07-27
NEWS-guardian_api-0e9cc2c3db19,valid_full_text,ready_full_text,42d201f11ca81b08,5b213be67570bc5d,0a9b65416f3dada4,unique,,1,,,exact-dup-v1.0-2026-07-27
NEWS-guardian_api-0eaf2e5fe70f,valid_full_text,ready_full_text,2014e45e8b4de62b,285011a9e97e0ac6,286dca713f73882a,unique,,1,,,exact-dup-v1.0-2026-07-27
NEWS-guardian_api-0eca1028d363,valid_full_text,ready_full_text,37fe0ef1776772b2,7872c433803b7a9b,0b0a3eaf7b451f15,unique,,1,,,exact-dup-v1.0-2026-07-27
NEWS-guardian_api-0f4380a6f846,valid_full_text,ready_full_text,113f9176a43167c3,772e865e9708cd67,6ef9c051cebaf8ef,unique,,1,,,exact-dup-v1.0-2026-07-27
NEWS-guardian_api-0f6427c7971c,valid_full_text,ready_full_text,a93d34e25b88e338,899710bb05bd0f2e,3b446d6e4f1c1a42,unique,,1,,,exact-dup-v1.0-2026-07-27
NEWS-guardian_api-0f663c4786a5,valid_full_text,ready_full_text,7a46d0ec0d930eb9,107d4283c50c9a2d,2d6694eaccc40dc7,unique,,1,,,exact-dup-v1.0-2026-07-27
NEWS-guardian_api-0f862602fb78,valid_full_text,ready_full_text,90839e1acc37af64,7311b0507e3db8b2,f3df038e7323a14d,unique,,1,,,exact-dup-v1.0-2026-07-27
NEWS-guardian_api-0fd0b5e78812,valid_full_text,ready_full_text,2aca944f892b368f,f7820368b2ebe8ed,0dd69b93f322c8d9,unique,,1,,,exact-dup-v1.0-2026-07-27
NEWS-guardian_api-0fd1f3a60f98,valid_full_text,ready_full_text,5da05e0a50ef0acb,903c980ab360201d,9d4f26059244ca66,unique,,1,,,exact-dup-v1.0-2026-07-27
NEWS-guardian_api-1018ef1273a6,valid_full_text,ready_full_text,7ba9f9212244a85e,ff4ae227dd2e27ac,df96e59dea849fc6,unique,,1,,,exact-dup-v1.0-2026-07-27
NEWS-guardian_api-101fffb53968,valid_full_text,ready_full_text,343896c98673e207,26b9bdf2290109ee,a6430c2607586350,unique,,1,,,exact-dup-v1.0-2026-07-27
NEWS-guardian_api-1079fc15f69b,valid_full_text,ready_full_text,fc1f2f195aa383fc,b7e217e40aa19ae2,5218b9678b2b3bd6,unique,,1,,,exact-dup-v1.0-2026-07-27
NEWS-guardian_api-1099a1d73765,valid_full_text,ready_full_text,ad1b43d9ed82fc3d,d187c3320c42aaa0,113d5a01b2275631,unique,,1,,,exact-dup-v1.0-2026-07-27
NEWS-guardian_api-10a03648e659,valid_full_text,ready_full_text,7d851649f661ab98,98e17d1e9c3ad8d7,0a3c3993c4b0ddc5,unique,,1,,,exact-dup-v1.0-2026-07-27
NEWS-guardian_api-10aab1e6d7cc,valid_full_text,ready_full_text,55296dd91530fd13,f105c2043641f6d4,afd285d9dae063a1,unique,,1,,,exact-dup-v1.0-2026-07-27
NEWS-guardian_api-10b1c8dbdd7e,valid_full_text,ready_full_text,5adba2c8537d5c81,d6cd573003c067d2,a2e4f627d4d736cf,unique,,1,,,exact-dup-v1.0-2026-07-27
NEWS-guardian_api-113d19ed788e,valid_full_text,ready_full_text,797f0314a74533a1,6550b0176f59d0f5,e021cf943299c12a,unique,,1,,,exact-dup-v1.0-2026-07-27
NEWS-guardian_api-1160d4bb9e2d,valid_full_text,ready_full_text,d1c344b72943d262,f1643780f4bd7336,7245e2c9999cb493,unique,,1,,,exact-dup-v1.0-2026-07-27
NEWS-guardian_api-1172b02ce504,valid_full_text,ready_full_text,ac217882c766e2bd,700b31b9e88965fc,3fa30b9e832e223d,unique,,1,,,exact-dup-v1.0-2026-07-27
NEWS-guardian_api-11c9f9d9e2b4,valid_full_text,ready_full_text,fafc3d1e40664d85,7844a45a2cb70e32,64d0a9ed1794589c,unique,,1,,,exact-dup-v1.0-2026-07-27
NEWS-guardian_api-124507a926cf,valid_full_text,ready_full_text,67f9bc033841857a,fc1f8cd525510749,db72854632344a78,unique,,1,,,exact-dup-v1.0-2026-07-27
NEWS-guardian_api-124eda8441fa,valid_full_text,ready_full_text,52fa856db3d6a4c3,fea1bf04aaa69337,71a9007b5722f594,unique,,1,,,exact-dup-v1.0-2026-07-27
NEWS-guardian_api-137d44e0e831,valid_full_text,ready_full_text,6637b33547d19349,1ecbf0a9fea068bc,14b48f7dc7f7b81f,unique,,1,,,exact-dup-v1.0-2026-07-27
NEWS-guardian_api-13aa76e8ef8f,valid_full_text,ready_full_text,df71fdc4203c0c07,f6a476b2b055afb0,ca8a827ff209f0c1,unique,,1,,,exact-dup-v1.0-2026-07-27
NEWS-guardian_api-13c48e6a3545,valid_full_text,ready_full_text,80b79146b0a57f85,396b08ff291850f1,ff428ad322411d71,unique,,1,,,exact-dup-v1.0-2026-07-27
NEWS-guardian_api-141f943cc91b,valid_full_text,ready_full_text,60c02ad49d58c27f,e671af6a3f2fe129,f73ebc81153b6afa,unique,,1,,,exact-dup-v1.0-2026-07-27
NEWS-guardian_api-1429257bc6d2,valid_full_text,ready_full_text,67c259a9e0b7bd6e,19838774e82e7beb,d26db9c3e8a31294,unique,,1,,,exact-dup-v1.0-2026-07-27
NEWS-guardian_api-144e1dac4ba0,valid_full_text,ready_full_text,9da880afb0121c05,72436078b04a5f71,7fcb1dd05793cb03,unique,,1,,,exact-dup-v1.0-2026-07-27
NEWS-guardian_api-149e4ff1faf0,valid_full_text,ready_full_text,86b50d84a0c19c9e,df4ab2cc658aaf05,b97de656e2ea2c20,unique,,1,,,exact-dup-v1.0-2026-07-27
NEWS-guardian_api-14dc711dc320,valid_full_text,ready_full_text,9b4a80e21808f681,8f8de70f4e1b68f2,7784ee4ae793511d,unique,,1,,,exact-dup-v1.0-2026-07-27
NEWS-guardian_api-14ec9eb3a0be,valid_full_text,ready_full_text,b0a351c80470757f,2b2049936a1b3635,e032a1a47201d8ca,unique,,1,,,exact-dup-v1.0-2026-07-27
NEWS-guardian_api-14f01c516f5a,valid_full_text,ready_full_text,0e3fbdd673383c21,4343671b1e8bb76b,5abccdd75539a808,unique,,1,,,exact-dup-v1.0-2026-07-27
NEWS-guardian_api-152fdafd6934,valid_full_text,ready_full_text,d8e19b734d9780f6,b37435643666f652,112aaea4d28acdc3,unique,,1,,,exact-dup-v1.0-2026-07-27
NEWS-guardian_api-153929a88888,valid_full_text,ready_full_text,e5974b20c6ec5223,7fc7759c6469b2f4,70fc78e8c71d47f4,unique,,1,,,exact-dup-v1.0-2026-07-27
NEWS-guardian_api-154978d8ee4f,valid_full_text,ready_full_text,71a2a68c99649ef6,ba7dcb06fc9611dd,4b44d400a19fa059,unique,,1,,,exact-dup-v1.0-2026-07-27
NEWS-guardian_api-15c78ab8a5e5,valid_full_text,ready_full_text,afe5d8f5fdf6ff61,c9093d06f4091ad8,c25556033f050b9b,unique,,1,,,exact-dup-v1.0-2026-07-27
NEWS-guardian_api-160dd24e8efe,valid_full_text,ready_full_text,3e2850e2f330656c,00ae19fe20c20b2f,cff9f93ffe915f7c,unique,,1,,,exact-dup-v1.0-2026-07-27
NEWS-guardian_api-16c832ae4a4b,valid_full_text,ready_full_text,ebcc4bd011bb1c2f,1adcf28ce2d0f986,a75a5e339e0e3c1e,unique,,1,,,exact-dup-v1.0-2026-07-27
NEWS-guardian_api-16ee2767239a,valid_full_text,ready_full_text,1db7dc3d313260e5,adb279d9925f0956,8895b06656c60f90,unique,,1,,,exact-dup-v1.0-2026-07-27
NEWS-guardian_api-1736a926c447,valid_full_text,ready_full_text,bbebfc30805bab92,9040b1f102965ccf,96ac8f8d1c9844e2,unique,,1,,,exact-dup-v1.0-2026-07-27
NEWS-guardian_api-177d0c42c4ba,valid_full_text,ready_full_text,0f6ecae96b0684bc,f46c0cc8d041db24,0abd864a0784e7fd,unique,,1,,,exact-dup-v1.0-2026-07-27
NEWS-guardian_api-17c2ad3c3093,valid_full_text,ready_full_text,abe500edad7330a2,11325288dfadde47,6b16d70eac29846f,unique,,1,,,exact-dup-v1.0-2026-07-27
NEWS-guardian_api-1813dd4fdd6b,valid_full_text,ready_full_text,8899527fea956ecb,ae56c373b51d828b,b91189b45c63c786,unique,,1,,,exact-dup-v1.0-2026-07-27
NEWS-guardian_api-183c3d1e4344,valid_full_text,ready_full_text,ff2db5bc1f00ed4f,4714665110c6ffea,003446267bc1554b,unique,,1,,,exact-dup-v1.0-2026-07-27
NEWS-guardian_api-184b3abc22c3,valid_full_text,ready_full_text,210a5612c2ae59b2,ad620e44783f4ef2,0634d94cedaf4f53,unique,,1,,,exact-dup-v1.0-2026-07-27
NEWS-guardian_api-184e1a96f3d4,valid_full_text,ready_full_text,5807b038ed63ad92,a0f86d0c683c9dff,151cca71f77289f9,unique,,1,,,exact-dup-v1.0-2026-07-27
NEWS-guardian_api-18651b87a63c,valid_full_text,ready_full_text,14b0e37c5cea2349,9ef1a40df336fc09,176de7974ff2b8ff,unique,,1,,,exact-dup-v1.0-2026-07-27
NEWS-guardian_api-18e410065c18,valid_full_text,ready_full_text,4e16a2836fe5517d,b63ea8e08e871cfb,50f8e3de0628e700,unique,,1,,,exact-dup-v1.0-2026-07-27
NEWS-guardian_api-196adb7e71be,valid_full_text,ready_full_text,68163e082596a2a9,9c31c9baf092c933,0b93b33213546d84,unique,,1,,,exact-dup-v1.0-2026-07-27
NEWS-guardian_api-19852a1c1c04,valid_full_text,ready_full_text,71a5bc704b3e4671,907b499c215c0b79,c2b27e98e8155080,unique,,1,,,exact-dup-v1.0-2026-07-27
NEWS-guardian_api-19b280ed5665,valid_full_text,ready_full_text,2bcb59f38d6908ac,c012828ed0bbf7f6,95a21c6328f6e797,unique,,1,,,exact-dup-v1.0-2026-07-27
NEWS-guardian_api-19b423d14b48,valid_full_text,ready_full_text,260f922081227725,e2989f10e6096e9e,6e7a921938d60141,unique,,1,,,exact-dup-v1.0-2026-07-27
NEWS-guardian_api-19c8e90b5d38,valid_full_text,ready_full_text,272721c86d40c15c,332ff4c194ae6bbf,7e8c6608edb872d8,unique,,1,,,exact-dup-v1.0-2026-07-27
NEWS-guardian_api-1a02df9dd425,valid_full_text,ready_full_text,bf366b3008e30bf0,08f40b3cf3477dc9,80e5ca7dd352a30a,unique,,1,,,exact-dup-v1.0-2026-07-27
NEWS-guardian_api-1a3e34e28c20,valid_full_text,ready_full_text,881c9e62d3e9be14,82e1c05d906ea770,fe4e449a84fbcc44,unique,,1,,,exact-dup-v1.0-2026-07-27
NEWS-guardian_api-1a41f71c116d,valid_full_text,ready_full_text,167409af04ce206b,48af832babc3ff1c,e8e4bdb606bec9b3,unique,,1,,,exact-dup-v1.0-2026-07-27
NEWS-guardian_api-1a988c9d687c,valid_full_text,ready_full_text,54406578fa19d766,e5f8c19e2f7d9b1c,f4654de81fd2a7ef,unique,,1,,,exact-dup-v1.0-2026-07-27
NEWS-guardian_api-1aa1e4170d3b,valid_full_text,ready_full_text,78d20b98755e9fc7,170364c8a8f15b2e,035aae95c5f2db68,unique,,1,,,exact-dup-v1.0-2026-07-27
NEWS-guardian_api-1b2d245a3846,valid_full_text,ready_full_text,384dab3056c62ae7,bee5659a2175f165,b82bbd0aa344c72b,unique,,1,,,exact-dup-v1.0-2026-07-27
NEWS-guardian_api-1b69f179e836,valid_full_text,ready_full_text,9842e3d8e283a68d,354c4be00668342a,706445068ee3ca2c,unique,,1,,,exact-dup-v1.0-2026-07-27
NEWS-guardian_api-1b87bb0c200f,valid_full_text,ready_full_text,82f870407e154f02,4e99aab648e8b1ab,2ab0afefa56ea62b,unique,,1,,,exact-dup-v1.0-2026-07-27
NEWS-guardian_api-1c1bc6bc43ea,valid_full_text,ready_full_text,17af356b0ca67978,4b55523bcb7c0030,eb47dcfb3135fbd9,unique,,1,,,exact-dup-v1.0-2026-07-27
NEWS-guardian_api-1c1e92d1c2f3,valid_full_text,ready_full_text,084d26965850b2d1,43c258d554e5870e,3f031f71dae3e13a,unique,,1,,,exact-dup-v1.0-2026-07-27
NEWS-guardian_api-1cc412a36731,valid_full_text,ready_full_text,41753fcddf6bfa4d,f3bd4c7920fd9b16,6a37d6e319a6dd8e,unique,,1,,,exact-dup-v1.0-2026-07-27
NEWS-guardian_api-1cc588f9d8fb,valid_full_text,ready_full_text,11b63fa92ec770fb,5b82144b964a5c0f,21ea1e1197a8ffbc,unique,,1,,,exact-dup-v1.0-2026-07-27
NEWS-guardian_api-1cdbe5d6b769,valid_full_text,ready_full_text,5864206bce8b7cd2,691e51145a2a400a,0c0e306983d0339c,unique,,1,,,exact-dup-v1.0-2026-07-27
NEWS-guardian_api-1d15f10ff9f1,valid_full_text,ready_full_text,282e8809e1b571c6,491c9ffe5cd025d2,a4bc03e69d1ea3ab,unique,,1,,,exact-dup-v1.0-2026-07-27
NEWS-guardian_api-1d5b71d751d8,valid_full_text,ready_full_text,b6d7d5ef0d66fed7,fa40bc5b070be072,6c15279f00b4d424,unique,,1,,,exact-dup-v1.0-2026-07-27
NEWS-guardian_api-1d67c0c9dc56,valid_full_text,ready_full_text,a1a63b0d2147876c,9641c54b5af3e777,2c67e249ff864a34,unique,,1,,,exact-dup-v1.0-2026-07-27
NEWS-guardian_api-1e477e4363ef,valid_full_text,ready_full_text,62d33a0b951d7235,0239711a86523c8e,4d5fdd1e3490b820,unique,,1,,,exact-dup-v1.0-2026-07-27
NEWS-guardian_api-1e6ca4b1a5c0,valid_full_text,ready_full_text,71db25bcffdd6f51,9f7e18300f3e1d6d,6d1715ba967a3de7,unique,,1,,,exact-dup-v1.0-2026-07-27
NEWS-guardian_api-1e8c075494ef,valid_full_text,ready_full_text,ef29a5399d485345,d98427a15c88b790,8af4a37a2a587569,unique,,1,,,exact-dup-v1.0-2026-07-27
NEWS-guardian_api-1ea299031644,valid_full_text,ready_full_text,b9565d9195182395,5b4602ebb67e6053,8d37484ba4ba8683,unique,,1,,,exact-dup-v1.0-2026-07-27
NEWS-guardian_api-1eb3984d408f,valid_full_text,ready_full_text,23332e87d5626ceb,26211ce735eaccd2,bf9f4a901e6eeb2e,unique,,1,,,exact-dup-v1.0-2026-07-27
NEWS-guardian_api-1eef019709a8,valid_full_text,ready_full_text,270b3e960558c613,1ed15e809f8f6446,9e159f669f956c7d,unique,,1,,,exact-dup-v1.0-2026-07-27
NEWS-guardian_api-1efd0842f3d0,valid_full_text,ready_full_text,61e58c648d6b1c4d,a351e5baaeef1b8f,8de026091756bca5,unique,,1,,,exact-dup-v1.0-2026-07-27
NEWS-guardian_api-1f00dd43542a,valid_full_text,ready_full_text,f674a9e8558ddaf2,6085bf38f5822a9c,b3922ec4c275e1a7,unique,,1,,,exact-dup-v1.0-2026-07-27
NEWS-guardian_api-1f1e54d87c5f,valid_full_text,ready_full_text,a4b520f08cff285e,c50e96e5dd758e2a,4d7b55a36fbd7807,unique,,1,,,exact-dup-v1.0-2026-07-27
NEWS-guardian_api-1f2d0f265b18,valid_full_text,ready_full_text,26396c6d5e999ddd,184e6b074afd3775,eb0ecff5f3e210e3,unique,,1,,,exact-dup-v1.0-2026-07-27
NEWS-guardian_api-1f51dd1b1f68,valid_full_text,ready_full_text,aa1ea0bb3940e08e,8e18722c24d23746,476b39c5aa78a64b,unique,,1,,,exact-dup-v1.0-2026-07-27
NEWS-guardian_api-1f7064aab6cc,valid_full_text,ready_full_text,9ab66aa015a5d55f,ce1ea0510ce439f0,36a8d50354a8e590,unique,,1,,,exact-dup-v1.0-2026-07-27
NEWS-guardian_api-2037e4eda9eb,valid_full_text,ready_full_text,9017b851f7c4034f,452ef1a49ac494c5,5018aed2857f8e84,unique,,1,,,exact-dup-v1.0-2026-07-27
NEWS-guardian_api-203c6fa0f667,valid_full_text,ready_full_text,8e68bcd34159e5e3,5399a45fcc2982c2,38b23c6823722944,unique,,1,,,exact-dup-v1.0-2026-07-27
NEWS-guardian_api-2069e57ab656,valid_full_text,ready_full_text,db7612701a080fa1,aa563092a9c07065,d12a0eedb354196d,unique,,1,,,exact-dup-v1.0-2026-07-27
NEWS-guardian_api-20f65fcb48fa,valid_full_text,ready_full_text,d11a3e723f5e2196,34f690896292d7f0,62b5972521aebb18,unique,,1,,,exact-dup-v1.0-2026-07-27
NEWS-guardian_api-2122c3c2fc5e,valid_full_text,ready_full_text,8cd4bbe860e297d2,3d64c1725d17738f,1a42a5eba5c1a340,unique,,1,,,exact-dup-v1.0-2026-07-27
NEWS-guardian_api-21ada8dc1789,valid_full_text,ready_full_text,907ea63ec92c4348,44f5725fae575a52,0e35f261ad882ece,unique,,1,,,exact-dup-v1.0-2026-07-27
NEWS-guardian_api-21cd40ee59a5,valid_full_text,ready_full_text,bd661e08bb0fe68f,0c6892c253a5c812,99740a6918aa5cc5,unique,,1,,,exact-dup-v1.0-2026-07-27
NEWS-guardian_api-21d90ed82e95,valid_full_text,ready_full_text,aafebc185fa1dfc8,d9c2534e3f8ab826,fe079cebacccef14,unique,,1,,,exact-dup-v1.0-2026-07-27
NEWS-guardian_api-2234768500a2,valid_full_text,ready_full_text,3d908ee7831631a3,6cae31c8810d4d31,8c7f2c01408d6f2d,unique,,1,,,exact-dup-v1.0-2026-07-27
NEWS-guardian_api-226ddfd2908e,valid_full_text,ready_full_text,669fa1c37c43f486,dfbb825b04e58d71,5f3be0b63dc3a480,unique,,1,,,exact-dup-v1.0-2026-07-27
NEWS-guardian_api-226e2bdc9287,valid_full_text,ready_full_text,dfc7a3a476f92a04,9a547da30ede7496,5444a0435f4398b1,unique,,1,,,exact-dup-v1.0-2026-07-27
NEWS-guardian_api-228a899a19ac,valid_full_text,ready_full_text,c65b84b278776a91,985b99f90db317f9,f136fd5857086faa,unique,,1,,,exact-dup-v1.0-2026-07-27
NEWS-guardian_api-228e6e8d4468,valid_full_text,ready_full_text,00b5f03f0db1517b,a2641fbfe7cd7202,3e98fde0709ee2c6,unique,,1,,,exact-dup-v1.0-2026-07-27
NEWS-guardian_api-22c00cc50856,valid_full_text,ready_full_text,69cb752496314c48,e25638f84fe7da40,a2f23745cd6e2624,unique,,1,,,exact-dup-v1.0-2026-07-27
NEWS-guardian_api-235d697071cc,valid_full_text,ready_full_text,170de17cbb2621b0,93ddda37f450b2d0,4e0d561efbba7fa5,unique,,1,,,exact-dup-v1.0-2026-07-27
NEWS-guardian_api-2365516a9fbc,valid_full_text,ready_full_text,583c41683e280367,3b78527fe44b19af,23b04644b4487ebb,unique,,1,,,exact-dup-v1.0-2026-07-27
NEWS-guardian_api-236e2c805256,valid_full_text,ready_full_text,1d844e34754daeea,b920eb0dd20e2792,b07fca6a8adb5e5b,unique,,1,,,exact-dup-v1.0-2026-07-27
NEWS-guardian_api-237d68337160,valid_full_text,ready_full_text,3dbfe839ac23476a,36391e9b34d9b3de,4d867310c8d91ac6,unique,,1,,,exact-dup-v1.0-2026-07-27
NEWS-guardian_api-23d3455fed9c,valid_full_text,ready_full_text,5486fbe7f5442c2c,c789b12f98c29157,adcba99348e3a8ef,unique,,1,,,exact-dup-v1.0-2026-07-27
NEWS-guardian_api-23d6acee2b6b,valid_full_text,ready_full_text,56690ab072782792,cc721e01e80088da,95785f49ee0e33e5,unique,,1,,,exact-dup-v1.0-2026-07-27
NEWS-guardian_api-23f4abe3b9f6,valid_full_text,ready_full_text,f04754564f7005f4,b90a06f3e0474dbc,143b1dec84240700,unique,,1,,,exact-dup-v1.0-2026-07-27
NEWS-guardian_api-243a46c85b7e,valid_full_text,ready_full_text,2912691443aa9ad7,08feb5265b125e1f,1d4ea5c29b6f3001,unique,,1,,,exact-dup-v1.0-2026-07-27
NEWS-guardian_api-246d6b4374ae,valid_full_text,ready_full_text,95957f716b4cd61e,51c92a01b7158ce6,c13e58468c943d67,unique,,1,,,exact-dup-v1.0-2026-07-27
NEWS-guardian_api-2476bfd9e6fe,valid_full_text,ready_full_text,2b14a1d9408a8f78,63e9f4b5211352c4,f9ce747b0d9eee04,unique,,1,,,exact-dup-v1.0-2026-07-27
NEWS-guardian_api-24827ef54ee9,valid_full_text,ready_full_text,1d8e91d60bfcffb9,785638ac79c30a7b,c23b20cae6f000ec,unique,,1,,,exact-dup-v1.0-2026-07-27
NEWS-guardian_api-24a6f6b370d7,valid_full_text,ready_full_text,65746f9bbc83c754,a9b32a34e77c268d,d70c65b8e2de2fb3,unique,,1,,,exact-dup-v1.0-2026-07-27
NEWS-guardian_api-24d2fd525d0a,valid_full_text,ready_full_text,590c686e7f2c12d4,6c98cdaed7354982,43319f4db1551f19,unique,,1,,,exact-dup-v1.0-2026-07-27
NEWS-guardian_api-24f48a444223,valid_full_text,ready_full_text,4e707bfc2dafcc60,f71b6b0f67a9af6f,393759ba215b2cf6,unique,,1,,,exact-dup-v1.0-2026-07-27
NEWS-guardian_api-24fc4bd4ab85,valid_full_text,ready_full_text,2cb256a279a1a105,4b0810b6158b5fb8,545169e394d8aa55,unique,,1,,,exact-dup-v1.0-2026-07-27
NEWS-guardian_api-250fb6c60196,valid_full_text,ready_full_text,ff5771dcbd2b93e2,560016af21c8333b,5dcdab4693cf8c3c,unique,,1,,,exact-dup-v1.0-2026-07-27
NEWS-guardian_api-251b92c0a54f,valid_full_text,ready_full_text,ed6f22821244879f,a378ab6f621957a0,69199d166ea92ea9,unique,,1,,,exact-dup-v1.0-2026-07-27
NEWS-guardian_api-25209b1483e1,valid_full_text,ready_full_text,b040bbb99798b0ae,2e8cf1fa71841928,a4ca462def45c6c8,unique,,1,,,exact-dup-v1.0-2026-07-27
NEWS-guardian_api-254a2ad9435b,valid_full_text,ready_full_text,fa415838040be649,a493e34680287c36,05d556795694c60f,unique,,1,,,exact-dup-v1.0-2026-07-27
NEWS-guardian_api-254fa4e5bd24,valid_full_text,ready_full_text,a8d649405e5cc1d7,82304cd78b2a2d26,430f738e3af12321,unique,,1,,,exact-dup-v1.0-2026-07-27
NEWS-guardian_api-25a8dee545c7,valid_full_text,ready_full_text,9b06fefeaa9cc910,2a466e99e6e6c5ba,6d3d043772f01330,unique,,1,,,exact-dup-v1.0-2026-07-27
NEWS-guardian_api-25cad385851f,valid_full_text,ready_full_text,c5ae59d0860d8e3b,f5c10fc1a48b8010,af21c9a733c0299e,unique,,1,,,exact-dup-v1.0-2026-07-27
NEWS-guardian_api-25d8bc3057bb,valid_full_text,ready_full_text,c500bfad7a8ae9eb,296f6ebfcf1fe021,532fbeafdacf7539,unique,,1,,,exact-dup-v1.0-2026-07-27
NEWS-guardian_api-25e4ba829f70,valid_full_text,ready_full_text,21fa610c1cadfa0b,9c2d8d73aeeececb,65157a2fe7ab4861,unique,,1,,,exact-dup-v1.0-2026-07-27
NEWS-guardian_api-262819560ba7,valid_full_text,ready_full_text,1e1465c2d05e9c5e,a19bf30b09b2ea44,81bb1ed3609949ca,unique,,1,,,exact-dup-v1.0-2026-07-27
NEWS-guardian_api-262d76e11580,valid_full_text,ready_full_text,8779b2b634ff83d0,cc63f6cc65d09db8,179c4a50090740ed,unique,,1,,,exact-dup-v1.0-2026-07-27
NEWS-guardian_api-2672adad2146,valid_full_text,ready_full_text,698597ed4a6d6e6f,b5cbc02cda3d57f0,eb26cb809fea4384,unique,,1,,,exact-dup-v1.0-2026-07-27
NEWS-guardian_api-2674a0517edb,valid_full_text,ready_full_text,a56dda3dd2c54ba1,58161c3bb41d2a66,ee20628e303a47f1,unique,,1,,,exact-dup-v1.0-2026-07-27
NEWS-guardian_api-26998343d44f,review_required,ready_full_text,cdee39b16ef41423,97d4206afcdcb783,e38f70e2207b0643,unique,,1,,,exact-dup-v1.0-2026-07-27
NEWS-guardian_api-26ba21e37cd1,valid_full_text,ready_full_text,d60bc79baa5ef922,b37620038eba942c,dc83d51a397ce63f,unique,,1,,,exact-dup-v1.0-2026-07-27
NEWS-guardian_api-26f2136b5e3c,valid_full_text,ready_full_text,00e1bb5c5f45f2c8,185c413446c31b04,6c1cac227788a969,unique,,1,,,exact-dup-v1.0-2026-07-27
NEWS-guardian_api-2749f83aafeb,valid_full_text,ready_full_text,7d4ada01e60302fc,65452d890c6089d9,627e7d0900883d69,unique,,1,,,exact-dup-v1.0-2026-07-27
NEWS-guardian_api-27a3613ea62e,valid_full_text,ready_full_text,358a3f9a6242a9e5,aa18a94d8c6a8e66,1c8193ee1d866a8b,unique,,1,,,exact-dup-v1.0-2026-07-27
NEWS-guardian_api-27a4726b48d1,valid_full_text,ready_full_text,7ee41455b8cea72b,a8d2a0d1e418a99e,8ecb525b2a7ee024,unique,,1,,,exact-dup-v1.0-2026-07-27
NEWS-guardian_api-280a8747dc0a,valid_full_text,ready_full_text,50ee503c5ce2b912,cad988d857e3a248,f265b9a2cf8cc701,unique,,1,,,exact-dup-v1.0-2026-07-27
NEWS-guardian_api-2866cc81872c,valid_full_text,ready_full_text,39118f4885f51a6b,e30779591a14f17d,40eb6dfa0f8318dc,unique,,1,,,exact-dup-v1.0-2026-07-27
NEWS-guardian_api-286f09732b28,valid_full_text,ready_full_text,9095e27ede61ae64,c76446372d463547,4fa42563ae3206eb,unique,,1,,,exact-dup-v1.0-2026-07-27
NEWS-guardian_api-28b10a634055,valid_full_text,ready_full_text,2d402078e647fde6,7e1f36e5152d037f,2dd87bef01c6012c,unique,,1,,,exact-dup-v1.0-2026-07-27
NEWS-guardian_api-28ccef161fc2,valid_full_text,ready_full_text,60b99dfc2db3c72b,a28284fb95359af6,e2f442bdf9591970,unique,,1,,,exact-dup-v1.0-2026-07-27
NEWS-guardian_api-28e78437bd7f,valid_full_text,ready_full_text,3c5493b2e4074d4f,225264a8e465b672,4c5fd8977fdeeabd,unique,,1,,,exact-dup-v1.0-2026-07-27
NEWS-guardian_api-28e7b49be99c,valid_full_text,ready_full_text,19d000e426707ca3,a2105bf4ff71a041,1949d012d0caf212,unique,,1,,,exact-dup-v1.0-2026-07-27
NEWS-guardian_api-29455b250974,valid_full_text,ready_full_text,bdbce53e45d1cd7f,2932ea89239b4d58,3a67e51521df1314,unique,,1,,,exact-dup-v1.0-2026-07-27
NEWS-guardian_api-295601e663e9,valid_full_text,ready_full_text,f59e21192533329a,20faaa18505c6a6a,598491b77565826b,unique,,1,,,exact-dup-v1.0-2026-07-27
NEWS-guardian_api-2956ed240e8c,valid_full_text,ready_full_text,9a097b0f5505c046,67742a7f9da7a7a0,b8948730deaa8823,unique,,1,,,exact-dup-v1.0-2026-07-27
NEWS-guardian_api-298232982f9f,valid_full_text,ready_full_text,6d9fd46644760115,fd7e2d583634bb67,e9f7685d08b8264d,unique,,1,,,exact-dup-v1.0-2026-07-27
NEWS-guardian_api-299f68788499,valid_full_text,ready_full_text,24048456cc192e40,f5d3f2e84b4d798e,d783917b7f6a4b72,unique,,1,,,exact-dup-v1.0-2026-07-27
NEWS-guardian_api-29c0d67ef558,valid_full_text,ready_full_text,1d1e0a7a1c512a00,0a73cdf4f68eef28,b4055dc222a679e7,unique,,1,,,exact-dup-v1.0-2026-07-27
NEWS-guardian_api-29eba5935c3b,valid_full_text,ready_full_text,350717a5ff05c7de,ae00e71d90a4377a,7ca7749e63cd1e41,unique,,1,,,exact-dup-v1.0-2026-07-27
NEWS-guardian_api-2a0f8bb8e199,valid_full_text,ready_full_text,4fa00a03af30266b,8d47187e431841b1,957025fb85001ab5,unique,,1,,,exact-dup-v1.0-2026-07-27
NEWS-guardian_api-2a12c8b546de,valid_full_text,ready_full_text,d772059e560474bc,8f7722f43cac6701,c6fa0f73a37c4116,unique,,1,,,exact-dup-v1.0-2026-07-27
NEWS-guardian_api-2a75b78a14ed,valid_full_text,ready_full_text,fb367a701c4171b6,0b66dc26ce94f003,d03ce117e59e0267,unique,,1,,,exact-dup-v1.0-2026-07-27
NEWS-guardian_api-2a816f72cc03,valid_full_text,ready_full_text,0c60fc1f1ff0601c,7cbf49a185e4d0a2,6d21bb05a19e19c9,unique,,1,,,exact-dup-v1.0-2026-07-27
NEWS-guardian_api-2b66e5eb654d,valid_full_text,ready_full_text,7d8df269ef2a2aae,0043a7b0585a23ae,8f0843df00663734,unique,,1,,,exact-dup-v1.0-2026-07-27
NEWS-guardian_api-2ba450e3935d,valid_full_text,ready_full_text,2dd3d99bb6a408cf,69179d45755175d8,c1b8ac57653ae39a,unique,,1,,,exact-dup-v1.0-2026-07-27
NEWS-guardian_api-2ba8b20149c1,valid_full_text,ready_full_text,e9185e34dcd8badd,65940307db26756e,41cbfb8405adadc0,unique,,1,,,exact-dup-v1.0-2026-07-27
NEWS-guardian_api-2baf2092fcf0,valid_full_text,ready_full_text,8fdab896e13f3f1f,3c4d5222249dd871,311002385823be36,unique,,1,,,exact-dup-v1.0-2026-07-27
NEWS-guardian_api-2bc26ae6b7ca,valid_full_text,ready_full_text,5b7172c2b6f798d6,23328904d8d64e43,9d4981e11b916c3d,unique,,1,,,exact-dup-v1.0-2026-07-27
NEWS-guardian_api-2bcf91562b68,valid_full_text,ready_full_text,9fd6e21b8cc77489,d2b16a03ee604ad1,dc56d5aac6f715d2,unique,,1,,,exact-dup-v1.0-2026-07-27
NEWS-guardian_api-2c1a1ecf0230,valid_full_text,ready_full_text,52159c335c41afd4,0048ba5e3d6aa61c,0b270bb12922c955,unique,,1,,,exact-dup-v1.0-2026-07-27
NEWS-guardian_api-2c41daf0fe57,valid_full_text,ready_full_text,2a295de75a271c67,af961a2692706acc,4d4207d19577060e,unique,,1,,,exact-dup-v1.0-2026-07-27
NEWS-guardian_api-2cbef3c6175a,valid_full_text,ready_full_text,a8bda5577fddac2d,12833dee66580e8c,9dafec481d563f2b,unique,,1,,,exact-dup-v1.0-2026-07-27
NEWS-guardian_api-2d1b9199b41b,valid_full_text,ready_full_text,7be2b2c79c65c9c1,a8fc9b3b4cf2966d,dc4e5f3e5833ab07,unique,,1,,,exact-dup-v1.0-2026-07-27
NEWS-guardian_api-2d4086e29e83,valid_full_text,ready_full_text,7b6de5011d029bd2,e87ffe05e03d80e3,7af20135ed2f8ecc,unique,,1,,,exact-dup-v1.0-2026-07-27
NEWS-guardian_api-2d5e86bbd2d5,valid_full_text,ready_full_text,0858a78d81f69633,df31b8ef29da8315,d3851a8e0bb803cd,unique,,1,,,exact-dup-v1.0-2026-07-27
NEWS-guardian_api-2d7dce773538,valid_full_text,ready_full_text,1e5c83d033062a52,ff8fb31b1f288419,1685bee4b9b5b57f,unique,,1,,,exact-dup-v1.0-2026-07-27
NEWS-guardian_api-2d8f5fbda969,valid_full_text,ready_full_text,1e6286d76762fb3a,f1961a082bcb1c91,a469b14991b928cb,unique,,1,,,exact-dup-v1.0-2026-07-27
NEWS-guardian_api-2e098bd757ab,valid_full_text,ready_full_text,071e2daa2e400e47,aaf2a6197b9ea502,2c69d5333dfce4d3,unique,,1,,,exact-dup-v1.0-2026-07-27
NEWS-guardian_api-2e10a5ea51e0,valid_full_text,ready_full_text,af5f8d067512c6e3,1208c6cc8d7dc4dd,a64bdb7b1b93a3b4,unique,,1,,,exact-dup-v1.0-2026-07-27
NEWS-guardian_api-2e1a52b71793,valid_full_text,ready_full_text,ed961f84ecd3c3a0,5b0afec797b81464,778520ac604c370d,unique,,1,,,exact-dup-v1.0-2026-07-27
NEWS-guardian_api-2e4e0c320051,valid_full_text,ready_full_text,869be88cf037f384,e9c10b99f833cd70,e9f0894050c9bd44,unique,,1,,,exact-dup-v1.0-2026-07-27
NEWS-guardian_api-2e56df5c1cdf,valid_full_text,ready_full_text,c3460f59a2821276,be67717b78cc1f7b,c7167478f996ae78,unique,,1,,,exact-dup-v1.0-2026-07-27
NEWS-guardian_api-2ee298926c46,valid_full_text,ready_full_text,61916322b2e5a8d2,a1524648c0bcaba6,fec9e6caf3d2f6f2,unique,,1,,,exact-dup-v1.0-2026-07-27
NEWS-guardian_api-2ef2c7bd5536,missing_body,not_usable_for_text_analysis,,,,not_clustered_unusable,,0,,,exact-dup-v1.0-2026-07-27
NEWS-guardian_api-2f592457e90e,valid_full_text,ready_full_text,c07db9c414a0fbcb,fc5098eb59c88135,61619f36dfe927a4,unique,,1,,,exact-dup-v1.0-2026-07-27
NEWS-guardian_api-2f63a9511e92,valid_full_text,ready_full_text,d1eb89a05c1ae10b,40c46c8c98002c3a,4b14bc140e1159b7,unique,,1,,,exact-dup-v1.0-2026-07-27
NEWS-guardian_api-2fbd80536e5a,valid_full_text,ready_full_text,1ad05f32d0d12808,55526da82ef25976,40920ba140741488,unique,,1,,,exact-dup-v1.0-2026-07-27
NEWS-guardian_api-2fcab156b766,valid_full_text,ready_full_text,cfdfe872f0153b62,343fe007c247579d,9589c551e5e24af6,unique,,1,,,exact-dup-v1.0-2026-07-27
NEWS-guardian_api-300b010663fc,valid_full_text,ready_full_text,360fb9633eef79c6,a3816e24430b9505,c7915347a02e2e9e,unique,,1,,,exact-dup-v1.0-2026-07-27
NEWS-guardian_api-301d786bbb5e,valid_full_text,ready_full_text,f93ab2b78927fffb,d70907ab2aace0f4,3e540e65b1326823,unique,,1,,,exact-dup-v1.0-2026-07-27
NEWS-guardian_api-309df5503535,valid_full_text,ready_full_text,b9bd1e27f029c29a,c748e5d57b1a0195,365dbf7e0cd2b4ab,unique,,1,,,exact-dup-v1.0-2026-07-27
NEWS-guardian_api-30ab66638ffd,valid_full_text,ready_full_text,4f6f96620d589fe2,0f435351f459dc55,dc6b271890d58814,unique,,1,,,exact-dup-v1.0-2026-07-27
NEWS-guardian_api-30fc29506855,valid_full_text,ready_full_text,0a1475de55f249dd,95f6159ae82ac79f,4e0014cac7e5fbc9,unique,,1,,,exact-dup-v1.0-2026-07-27
NEWS-guardian_api-310b27cfd9d9,valid_full_text,ready_full_text,49494dc052073145,6535a44abb5aef89,97b892d9ea1436a0,unique,,1,,,exact-dup-v1.0-2026-07-27
NEWS-guardian_api-311073705b44,valid_full_text,ready_full_text,58abb0fd3dcc6e0b,616b8bd6467e941f,207e52d32d98ddfb,unique,,1,,,exact-dup-v1.0-2026-07-27
NEWS-guardian_api-31747e44eca5,valid_full_text,ready_full_text,484f0073293c2a8e,3a5705df57c0fd07,dfdc597b7d479e4e,unique,,1,,,exact-dup-v1.0-2026-07-27
NEWS-guardian_api-3184c9c8b6cf,valid_full_text,ready_full_text,f993cfb2916d67fb,00e8e13ff696f4b9,cbcca3235aa6fa1f,unique,,1,,,exact-dup-v1.0-2026-07-27
NEWS-guardian_api-31acdffba469,valid_full_text,ready_full_text,6f4083bfc4b9eb07,08d989ffc060900a,452878358e66ec1a,unique,,1,,,exact-dup-v1.0-2026-07-27
NEWS-guardian_api-31fb4fa00a1f,valid_full_text,ready_full_text,9a804819c542d162,eb56d68c59f08593,3ecae8987255a301,unique,,1,,,exact-dup-v1.0-2026-07-27
NEWS-guardian_api-31fe0623c12d,valid_full_text,ready_full_text,d7b089206ab09b95,dd703b52fa2c3796,8c6aa4b004018569,unique,,1,,,exact-dup-v1.0-2026-07-27
NEWS-guardian_api-32033f7c83ff,valid_full_text,ready_full_text,d3ace33851a67ad9,98d1f92666e1d032,2e04aef14b375a5f,unique,,1,,,exact-dup-v1.0-2026-07-27
NEWS-guardian_api-321baf4efc05,valid_full_text,ready_full_text,b066e6cd4032101d,d35521d6755d55c1,38f8bda3b6f41312,unique,,1,,,exact-dup-v1.0-2026-07-27
NEWS-guardian_api-3262f2ae3333,valid_full_text,ready_full_text,cdf1a821908ffde1,145cbd681b1abb0f,ebe39a07ab039ea6,unique,,1,,,exact-dup-v1.0-2026-07-27
NEWS-guardian_api-32652e99bc22,valid_full_text,ready_full_text,aefc9801e4cf85a6,585cff337717069a,f427c1a9a3f8ba57,unique,,1,,,exact-dup-v1.0-2026-07-27
NEWS-guardian_api-333a7d5d8d79,valid_full_text,ready_full_text,2ae4de3774f69b10,abfc3a9d62b2819a,4ccdb65bf49831d6,unique,,1,,,exact-dup-v1.0-2026-07-27
NEWS-guardian_api-3340f088e697,valid_full_text,ready_full_text,e242282a51005f1c,dc45b5cd0743a475,efe66031be9f4ece,unique,,1,,,exact-dup-v1.0-2026-07-27
NEWS-guardian_api-3362c28f898a,valid_full_text,ready_full_text,8870f6636fa90864,2aa431a60f7d69ff,76f1e0771f54e208,unique,,1,,,exact-dup-v1.0-2026-07-27
NEWS-guardian_api-338b475ee86f,valid_full_text,ready_full_text,1e2858504857773d,98ce569c80f046d6,202c2a684faed7ef,unique,,1,,,exact-dup-v1.0-2026-07-27
NEWS-guardian_api-339b29620172,valid_full_text,ready_full_text,3e30ac2cbe061bd5,2cb4279ff3572025,f5f27d6bd02f9629,unique,,1,,,exact-dup-v1.0-2026-07-27
NEWS-guardian_api-33baff35952a,valid_full_text,ready_full_text,8ee2406fe60b9bbf,843497ba0336ae44,36b886ae7f0f95dc,unique,,1,,,exact-dup-v1.0-2026-07-27
NEWS-guardian_api-33fde8b6d2bc,valid_full_text,ready_full_text,4542c00748de7ca5,6f9c08a237d10bba,f250fd50c3aaf438,unique,,1,,,exact-dup-v1.0-2026-07-27
NEWS-guardian_api-341410ade315,valid_full_text,ready_full_text,98833b5696766130,a2192fccd4d6dca4,b78d7039f1150d47,unique,,1,,,exact-dup-v1.0-2026-07-27
NEWS-guardian_api-341686647e9a,valid_full_text,ready_full_text,f17e89cde3aca45c,d1c9cb3edbabd3f6,e59596255999c8d6,unique,,1,,,exact-dup-v1.0-2026-07-27
NEWS-guardian_api-3424740f5477,valid_full_text,ready_full_text,ab9e9688bdafa079,5276301852507141,a77192bfbccf09f5,unique,,1,,,exact-dup-v1.0-2026-07-27
NEWS-guardian_api-34881ec267e4,valid_full_text,ready_full_text,7dbfc14e5484c8bd,53324d9a3bcb6ec7,90521b69f7d41f72,unique,,1,,,exact-dup-v1.0-2026-07-27
NEWS-guardian_api-34913bb9ed19,valid_full_text,ready_full_text,3fce528d688705e1,3d7a3405dcb2c4a6,e77d7a4cde08c67b,unique,,1,,,exact-dup-v1.0-2026-07-27
NEWS-guardian_api-34e77f9bede6,valid_full_text,ready_full_text,ca214ab0d26486d8,79f796c0fd194319,53fafdef43de7381,unique,,1,,,exact-dup-v1.0-2026-07-27
NEWS-guardian_api-34f37e7bd1a8,valid_full_text,ready_full_text,8d7a672a8f36206c,d93ba789376ba1c5,e612ac8418cc3331,unique,,1,,,exact-dup-v1.0-2026-07-27
NEWS-guardian_api-3535eec8d783,valid_full_text,ready_full_text,f48905baef0ed0aa,60bc9f4cbe741f0c,703ac26d46eddad7,unique,,1,,,exact-dup-v1.0-2026-07-27
NEWS-guardian_api-357923286b1a,valid_full_text,ready_full_text,4bb06bbd6d7644bc,91be410ded3bb6e8,44fa988f177fc72e,unique,,1,,,exact-dup-v1.0-2026-07-27
NEWS-guardian_api-357a822f274d,valid_full_text,ready_full_text,bf644cf429d7889e,ecea5523682f783f,df981696105ac48e,unique,,1,,,exact-dup-v1.0-2026-07-27
NEWS-guardian_api-358b654e9c81,valid_full_text,ready_full_text,692c53265b95e950,20c2a052c1dd740c,55957218e1760d1b,unique,,1,,,exact-dup-v1.0-2026-07-27
NEWS-guardian_api-35a126c12be4,valid_full_text,ready_full_text,b57675984e757629,b345f347df0300bf,44384daa2fca94a0,unique,,1,,,exact-dup-v1.0-2026-07-27
NEWS-guardian_api-35d19ccbeb01,valid_full_text,ready_full_text,3926c817b80c38cf,48268a9b4804a9c6,b48521962419a4b8,unique,,1,,,exact-dup-v1.0-2026-07-27
NEWS-guardian_api-368517c6a73b,valid_full_text,ready_full_text,57b4f532e4943db3,e3e495553317f33b,f59647d86bd34337,unique,,1,,,exact-dup-v1.0-2026-07-27
NEWS-guardian_api-36a07f240978,valid_full_text,ready_full_text,af10d9519dc68daa,b7e77fdcc6ca4cfb,5647b27d7425d309,unique,,1,,,exact-dup-v1.0-2026-07-27
NEWS-guardian_api-36d8a3e34cbd,valid_full_text,ready_full_text,cebbb0289de4a109,15d01c43504e8300,24e37af0dfe5140c,unique,,1,,,exact-dup-v1.0-2026-07-27
NEWS-guardian_api-3712f18c1326,valid_full_text,ready_full_text,d03cda0ae2151594,1d98ffeed707b5c3,3179486e1672f1d8,unique,,1,,,exact-dup-v1.0-2026-07-27
NEWS-guardian_api-3727201e401d,valid_full_text,ready_full_text,d64a9325972471a0,c7961dea66fa5c76,7133f2ad89eda5d5,unique,,1,,,exact-dup-v1.0-2026-07-27
NEWS-guardian_api-372ef82ba457,valid_full_text,ready_full_text,8381080f5a01f691,bf339010dcaaff57,3af35038c59390d6,unique,,1,,,exact-dup-v1.0-2026-07-27
NEWS-guardian_api-376aa69077dc,valid_full_text,ready_full_text,25c2de6318673d6c,5928e895a5f0e382,dfb82cce2fc7006b,unique,,1,,,exact-dup-v1.0-2026-07-27
NEWS-guardian_api-377315c6cf92,valid_full_text,ready_full_text,5b0e8215baeeb207,25a20fe7aa8999a3,d2f3e12455a2680b,unique,,1,,,exact-dup-v1.0-2026-07-27
NEWS-guardian_api-377f76995658,valid_full_text,ready_full_text,f5a9a374dd081ed6,cef6dad9771c107c,c0184d19606db332,unique,,1,,,exact-dup-v1.0-2026-07-27
NEWS-guardian_api-37a39c8abd69,valid_full_text,ready_full_text,b52d1c962f33d6d3,28c1495c034269ba,fa395fac8a773c6c,unique,,1,,,exact-dup-v1.0-2026-07-27
NEWS-guardian_api-37ab03dc4c57,valid_full_text,ready_full_text,0005c14a9f5c91e2,faae64d2acc46e8a,e4badef3c90bef9b,unique,,1,,,exact-dup-v1.0-2026-07-27
NEWS-guardian_api-37ace77c08c5,valid_full_text,ready_full_text,e312a56429a5d0b9,84b81c0e0e60d1ee,6642c3cba8c01a7b,unique,,1,,,exact-dup-v1.0-2026-07-27
NEWS-guardian_api-37cfe8321abf,valid_full_text,ready_full_text,88c2884aa4f81322,355dc592e789e1c6,75654ff37afcc3ed,unique,,1,,,exact-dup-v1.0-2026-07-27
NEWS-guardian_api-37e5eedfd12a,valid_full_text,ready_full_text,1d399e3f23f62243,7a47da27fe3964f6,e7fcf4bac329661b,unique,,1,,,exact-dup-v1.0-2026-07-27
NEWS-guardian_api-383ec59c0b44,valid_full_text,ready_full_text,2a0521ff26ca2073,4724a35731cabad7,b986980bd7fd3651,unique,,1,,,exact-dup-v1.0-2026-07-27
NEWS-guardian_api-383fdf4ab4cd,valid_full_text,ready_full_text,c3c07b21ee0a6818,c37a9f45db5d6f5e,0385f4a88a706279,unique,,1,,,exact-dup-v1.0-2026-07-27
NEWS-guardian_api-3867309607e1,valid_full_text,ready_full_text,b8c528ff2122a4f5,ac8547f550ce2fa7,cc080501f20dc3ce,unique,,1,,,exact-dup-v1.0-2026-07-27
NEWS-guardian_api-38d31583c336,valid_full_text,ready_full_text,78906c17b735d345,f7aa29870d586a77,979ece0b8d5209c5,unique,,1,,,exact-dup-v1.0-2026-07-27
NEWS-guardian_api-38e04d2f2eb4,valid_full_text,ready_full_text,50f35598f08359d2,7b437a689d6c3ad5,5f0a42c2321da9bc,unique,,1,,,exact-dup-v1.0-2026-07-27
NEWS-guardian_api-38fc35a87eb4,valid_full_text,ready_full_text,5e520b4608acc6e5,d5cc6f9b725ccf65,2bb148e8c36abce2,unique,,1,,,exact-dup-v1.0-2026-07-27
NEWS-guardian_api-39029f24df3f,valid_full_text,ready_full_text,9bc5a32616aab128,e566485e152ae363,bae6afc6c65d76d9,unique,,1,,,exact-dup-v1.0-2026-07-27
NEWS-guardian_api-390aea9d2e18,valid_full_text,ready_full_text,3b557039ba26c246,0e05bed475e5f9fa,25b97fccbc3f3622,unique,,1,,,exact-dup-v1.0-2026-07-27
NEWS-guardian_api-39273f0b5760,valid_full_text,ready_full_text,808bed881a2fded0,8d669c94de911a57,94e4023c539292f5,unique,,1,,,exact-dup-v1.0-2026-07-27
NEWS-guardian_api-3928f93cb899,valid_full_text,ready_full_text,4c321c3cad97dfe8,04daa4da79db4709,c22adeafccc72a2f,unique,,1,,,exact-dup-v1.0-2026-07-27
NEWS-guardian_api-392eccf560d8,valid_full_text,ready_full_text,3dedb2febcdf4b0a,6b095112444e62bf,16edfe964583f833,unique,,1,,,exact-dup-v1.0-2026-07-27
NEWS-guardian_api-392fea82da7e,valid_full_text,ready_full_text,6f5ea90df98a318a,c3a884639f59c62c,0207a7fd87d4f9fa,unique,,1,,,exact-dup-v1.0-2026-07-27
NEWS-guardian_api-39422cc4f188,valid_full_text,ready_full_text,6c9accf4e9f616b5,5acc932f81d3eceb,61969eb5b77dea11,unique,,1,,,exact-dup-v1.0-2026-07-27
NEWS-guardian_api-3944c12a9d43,valid_full_text,ready_full_text,fd5c92a3059f2cdf,ec45abe415861916,277226fea4d36fa3,unique,,1,,,exact-dup-v1.0-2026-07-27
NEWS-guardian_api-39af9934303e,valid_full_text,ready_full_text,77f1d33c0d8072e7,05ce09ae88d7575f,d074ec6f50edb992,unique,,1,,,exact-dup-v1.0-2026-07-27
NEWS-guardian_api-3a3b267cfcbe,valid_full_text,ready_full_text,5d1317ad4aec1830,2adb2da74380c1d7,778a701c3edb6758,unique,,1,,,exact-dup-v1.0-2026-07-27
NEWS-guardian_api-3a5d4bb005e4,valid_full_text,ready_full_text,1c28d1fb9b856eec,420186df4f910ad7,d6c6c0d50204a29f,unique,,1,,,exact-dup-v1.0-2026-07-27
NEWS-guardian_api-3a940a5c546b,valid_full_text,ready_full_text,908aeacba3b5c095,3be81e3e2e22ef70,c87a94b5f8c68be6,unique,,1,,,exact-dup-v1.0-2026-07-27
NEWS-guardian_api-3a9be3f68624,valid_full_text,ready_full_text,16444407015bfa4e,b42212bd80b1b870,cef543a73948a03b,unique,,1,,,exact-dup-v1.0-2026-07-27
NEWS-guardian_api-3afa1e7402bc,valid_full_text,ready_full_text,df2c442181929fda,8c0a64a53705e5ca,cb84960cf0c35b2b,unique,,1,,,exact-dup-v1.0-2026-07-27
NEWS-guardian_api-3afe616db4f9,valid_full_text,ready_full_text,aa267fe818161640,c54a5c78d68ed393,b6390765d2fff224,unique,,1,,,exact-dup-v1.0-2026-07-27
NEWS-guardian_api-3b027b28e3bc,valid_full_text,ready_full_text,95670b93d1f37988,cab9886cdfaf6991,18abb4afc59db512,unique,,1,,,exact-dup-v1.0-2026-07-27
NEWS-guardian_api-3b08b8bb12b4,valid_full_text,ready_full_text,e99002d4a6a9103f,0f6066b6c25ac931,8023a82029107838,unique,,1,,,exact-dup-v1.0-2026-07-27
NEWS-guardian_api-3b3920028545,valid_full_text,ready_full_text,5168a11096f6be82,18a2cf1a5a411981,a1115444054a1fb8,unique,,1,,,exact-dup-v1.0-2026-07-27
NEWS-guardian_api-3b650ad22c49,valid_full_text,ready_full_text,f7bea7c9d9748f1c,d821ea1747d38661,0e6415129b5edfd7,unique,,1,,,exact-dup-v1.0-2026-07-27
NEWS-guardian_api-3b77fdfa2b7f,valid_full_text,ready_full_text,b6aa391c38b76c3c,a2d1fb6211af4cd4,cb8c91f9e430d5c9,unique,,1,,,exact-dup-v1.0-2026-07-27
NEWS-guardian_api-3be2c99d0c1e,valid_full_text,ready_full_text,73af2d611716d68c,6e6a5afa3c6e3d40,099abda43ac15d31,unique,,1,,,exact-dup-v1.0-2026-07-27
NEWS-guardian_api-3bf042e68a35,valid_full_text,ready_full_text,5267153091716642,5c84b1ef2e4e481c,eedddfc41198ec08,unique,,1,,,exact-dup-v1.0-2026-07-27
NEWS-guardian_api-3c0f144058d9,valid_full_text,ready_full_text,4412127fbd86ad57,650a75cab50d3be1,9e9ba2198f02afa1,unique,,1,,,exact-dup-v1.0-2026-07-27
NEWS-guardian_api-3c8e6508090f,valid_full_text,ready_full_text,2372238c7d32c1a6,500c31c74137e113,031feb03eed3441a,unique,,1,,,exact-dup-v1.0-2026-07-27
NEWS-guardian_api-3cf8ec3e92f8,valid_full_text,ready_full_text,ebe27456ab1aff68,89202a1e8e24d5c7,cf328ce01710cd29,unique,,1,,,exact-dup-v1.0-2026-07-27
NEWS-guardian_api-3d04f6631a50,valid_full_text,ready_full_text,bcedf0a4dba55684,dbf9fb05c5378fcc,8477889711b886ef,unique,,1,,,exact-dup-v1.0-2026-07-27
NEWS-guardian_api-3d6716d32b71,valid_full_text,ready_full_text,4dcda8dda937302e,7830bb01be47eb28,1460b0190b98b9b0,unique,,1,,,exact-dup-v1.0-2026-07-27
NEWS-guardian_api-3d8894d2fb44,valid_full_text,ready_full_text,b74cee1fda7dcf4e,aaa0164b0eee1678,8f831d71cceb27ac,unique,,1,,,exact-dup-v1.0-2026-07-27
NEWS-guardian_api-3d9aece0e8e9,valid_full_text,ready_full_text,d98a1c0e471a5953,e7501d1fed0570ae,54750dcf61c27483,unique,,1,,,exact-dup-v1.0-2026-07-27
NEWS-guardian_api-3dc1632a8616,valid_full_text,ready_full_text,ec595fa028283f0f,53f0f8177dc4797e,85bb4ece90683fcb,unique,,1,,,exact-dup-v1.0-2026-07-27
NEWS-guardian_api-3dcea268e2a3,valid_full_text,ready_full_text,c779be57bac67a25,7449c49fc7550024,26861822ec6bc8fa,unique,,1,,,exact-dup-v1.0-2026-07-27
NEWS-guardian_api-3dd2ab7556e7,valid_full_text,ready_full_text,166e6e020cf68349,2a435e4acd94ea31,0c27fd4b895c64e0,unique,,1,,,exact-dup-v1.0-2026-07-27
NEWS-guardian_api-3df530d115fe,valid_full_text,ready_full_text,abcee0769c82bfe0,b833d4a21101ad78,e51a4fdf91320fa1,unique,,1,,,exact-dup-v1.0-2026-07-27
NEWS-guardian_api-3e1a289be627,valid_full_text,ready_full_text,797aa53dfc06297a,08f02707880720d5,7bca53f632c8868e,unique,,1,,,exact-dup-v1.0-2026-07-27
NEWS-guardian_api-3e2c2c57377e,valid_full_text,ready_full_text,ea3c31c5c769b88f,5e7efd300a4a4c94,e86fb1394b189025,unique,,1,,,exact-dup-v1.0-2026-07-27
NEWS-guardian_api-3e9786643e5d,valid_full_text,ready_full_text,ce7902c23e2229e0,777b918177ffb5e0,48fc7ffbfafa2cc1,unique,,1,,,exact-dup-v1.0-2026-07-27
NEWS-guardian_api-3eac7109f377,valid_full_text,ready_full_text,812cd7ff91c19e7d,f28420c9afde4d8a,98556c67481e981b,unique,,1,,,exact-dup-v1.0-2026-07-27
NEWS-guardian_api-3ec03bc6d466,valid_full_text,ready_full_text,278ed77662e0b7a0,cf96cdd153d2254d,a451ada4408f5d3f,unique,,1,,,exact-dup-v1.0-2026-07-27
NEWS-guardian_api-3edf84cf8042,valid_full_text,ready_full_text,b701aecf31d60e23,06c27b7992a9d940,80aab60faaff5f2c,unique,,1,,,exact-dup-v1.0-2026-07-27
NEWS-guardian_api-3eef34d2449e,valid_full_text,ready_full_text,40a2e8d71cd92836,281334ec15bb78aa,e48b496bec593449,unique,,1,,,exact-dup-v1.0-2026-07-27
NEWS-guardian_api-3f1e1c1fa703,valid_full_text,ready_full_text,1521e30d8fbba637,bf0d31f7fe3c171f,9577d99eb0909d04,unique,,1,,,exact-dup-v1.0-2026-07-27
NEWS-guardian_api-3f63a6c944da,valid_full_text,ready_full_text,e12b0905c559911f,545d0edba355f3d0,6e55f5abfe9b74fe,unique,,1,,,exact-dup-v1.0-2026-07-27
NEWS-guardian_api-3f991c6b2dae,valid_full_text,ready_full_text,3293bd059bb350f7,25c8041fa9c4a0d6,3ca58e3ffb4ffd61,unique,,1,,,exact-dup-v1.0-2026-07-27
NEWS-guardian_api-3fb3665c2697,valid_full_text,ready_full_text,0d07a9a0b729ae74,65f8bdaf903cf2fb,94f2f67f66becf5f,unique,,1,,,exact-dup-v1.0-2026-07-27
NEWS-guardian_api-3fb4c64154f8,valid_full_text,ready_full_text,84af2d95f9e79e46,206130526ca38d91,886064718bc05000,unique,,1,,,exact-dup-v1.0-2026-07-27
NEWS-guardian_api-3fc024a1d5ed,valid_full_text,ready_full_text,3cd63058615782e6,d0ef8bf59cbacaad,88b0b970517ca8bb,unique,,1,,,exact-dup-v1.0-2026-07-27
NEWS-guardian_api-3fd9b2cae636,valid_full_text,ready_full_text,9818fcdbed58a6a8,610a67c4022071b2,aacd95ad564084c6,unique,,1,,,exact-dup-v1.0-2026-07-27
NEWS-guardian_api-4005b9ec374e,valid_full_text,ready_full_text,11e4f94e298f70d5,a7505b419342b58a,6e31b3d20741834e,unique,,1,,,exact-dup-v1.0-2026-07-27
NEWS-guardian_api-403495210dad,valid_full_text,ready_full_text,617d6b39f8942c13,0d5b15e62a3b2289,c9ef9a7ef2695eec,unique,,1,,,exact-dup-v1.0-2026-07-27
NEWS-guardian_api-403ebc48480a,valid_full_text,ready_full_text,67954c601590b3e4,e7ceeae2273c179e,7b4730c68d6d6281,unique,,1,,,exact-dup-v1.0-2026-07-27
NEWS-guardian_api-40a138ca9105,valid_full_text,ready_full_text,6af385ec594b5127,44874f60856bb54d,291953813c9ad97c,unique,,1,,,exact-dup-v1.0-2026-07-27
NEWS-guardian_api-40ad41828be0,valid_full_text,ready_full_text,cc9b4ff795509a34,b7c19b052ccd5ecb,cfe82001367e4aba,unique,,1,,,exact-dup-v1.0-2026-07-27
NEWS-guardian_api-40f53800afa9,valid_full_text,ready_full_text,490200b8fbdbb76d,617ce7c04274db69,ad8a06d01f34320a,unique,,1,,,exact-dup-v1.0-2026-07-27
NEWS-guardian_api-4161d1ab48fe,valid_full_text,ready_full_text,0cc6ff6073092595,a320fd01971ab223,3ff62a535c57ad18,unique,,1,,,exact-dup-v1.0-2026-07-27
NEWS-guardian_api-416f428aeec3,valid_full_text,ready_full_text,68b8489b764acc68,2357828b58da6304,db359155abaa1885,unique,,1,,,exact-dup-v1.0-2026-07-27
NEWS-guardian_api-41d04d850229,valid_full_text,ready_full_text,c4494850784c350b,38040188d5d08b57,a264037da84c4e40,unique,,1,,,exact-dup-v1.0-2026-07-27
NEWS-guardian_api-41d2f7ecd8ae,valid_full_text,ready_full_text,9794d94cd9820661,525b9f21aef853a3,54ea53416cf97577,unique,,1,,,exact-dup-v1.0-2026-07-27
NEWS-guardian_api-41dd52533780,valid_full_text,ready_full_text,fe2359cb99e4d5b9,94d50ba6bf90c646,4344807c87303ae3,unique,,1,,,exact-dup-v1.0-2026-07-27
NEWS-guardian_api-425056701bc1,valid_full_text,ready_full_text,2ad855d8c4bae01e,5c55465efeb884e9,0b36ffd14f4ce8a5,unique,,1,,,exact-dup-v1.0-2026-07-27
NEWS-guardian_api-427c3522d154,valid_full_text,ready_full_text,a7d8b908440f3958,9e43f0ce30181c70,05e94ee7e29e5088,unique,,1,,,exact-dup-v1.0-2026-07-27
NEWS-guardian_api-42af519e503c,valid_full_text,ready_full_text,f314abc23d7493a2,e386f35ef7e5c4fb,24ca68a07a1c7a74,unique,,1,,,exact-dup-v1.0-2026-07-27
NEWS-guardian_api-42b967094bf9,valid_full_text,ready_full_text,2bc53fd97cb5f871,c751a93693f5c42d,c8ffc9b7865039b7,unique,,1,,,exact-dup-v1.0-2026-07-27
NEWS-guardian_api-42e20bbf03aa,valid_full_text,ready_full_text,df08eb9b17a010b0,e6cf5cceeabdcc6a,0eec6de6b7460c53,unique,,1,,,exact-dup-v1.0-2026-07-27
NEWS-guardian_api-4383d2d2984e,valid_full_text,ready_full_text,bc7dd00d6040482b,3768479ae71804f5,9404bfabca9cfe40,unique,,1,,,exact-dup-v1.0-2026-07-27
NEWS-guardian_api-43ce3adf66d3,valid_full_text,ready_full_text,a21dc571d4ddafb9,a47635412b2349b1,24b3bd0716674f7b,unique,,1,,,exact-dup-v1.0-2026-07-27
NEWS-guardian_api-43f35a2d47fa,valid_full_text,ready_full_text,811c6351baca0fe0,65e5a9db45c86842,272b8bfbc3f39002,unique,,1,,,exact-dup-v1.0-2026-07-27
NEWS-guardian_api-442d5e98000b,valid_full_text,ready_full_text,e0936b8389d73efe,0e8c8db6c6d2be41,113bc2d7e846c593,unique,,1,,,exact-dup-v1.0-2026-07-27
NEWS-guardian_api-4494203acb80,valid_full_text,ready_full_text,63d862cc4ca5e798,b8b43d3de7781de3,54810af7ccbaaee8,unique,,1,,,exact-dup-v1.0-2026-07-27
NEWS-guardian_api-44cbb952c1d6,valid_full_text,ready_full_text,b22cdcc50fade561,e3ea95894c808a71,0a7e518b4cc11dd6,unique,,1,,,exact-dup-v1.0-2026-07-27
NEWS-guardian_api-44efdb2d30c8,valid_full_text,ready_full_text,392070f1e6593c0d,037ba48a35479588,c8fd4e4258539cb7,unique,,1,,,exact-dup-v1.0-2026-07-27
NEWS-guardian_api-44f8ab87091f,valid_full_text,ready_full_text,3b832a55d3745d02,12402b6498e1d22c,69f7221df1b5a6d7,unique,,1,,,exact-dup-v1.0-2026-07-27
NEWS-guardian_api-450488ff31d0,valid_full_text,ready_full_text,d2786feff01e3a7f,6fee8859e3bb46a1,404664a778b4a4ce,unique,,1,,,exact-dup-v1.0-2026-07-27
NEWS-guardian_api-4573447824dd,valid_full_text,ready_full_text,274adf4197d96261,7e24d0bbc300e4ea,cb7c5f77cf980e36,unique,,1,,,exact-dup-v1.0-2026-07-27
NEWS-guardian_api-45dba2dd797e,valid_full_text,ready_full_text,3f54d64a87e12883,b927f88223bfbe95,a6ba1381c8532382,unique,,1,,,exact-dup-v1.0-2026-07-27
NEWS-guardian_api-45fe1f268384,valid_full_text,ready_full_text,64ac0386c1b93a59,93837196c9da593a,4ddf6585a2a9998b,unique,,1,,,exact-dup-v1.0-2026-07-27
NEWS-guardian_api-4603a0026a3b,valid_full_text,ready_full_text,24cf89f84e13b76f,7ed45cc2be99294f,b8e7f51ff81fcdc3,unique,,1,,,exact-dup-v1.0-2026-07-27
NEWS-guardian_api-460d65e7e842,valid_full_text,ready_full_text,add46ee5e90fe0f4,97347c9d13169150,5c5bb8b1bf28d64f,unique,,1,,,exact-dup-v1.0-2026-07-27
NEWS-guardian_api-4622fa1d7d1d,valid_full_text,ready_full_text,c786e3267398f869,fc462412e101b679,7d40945df621f0a4,unique,,1,,,exact-dup-v1.0-2026-07-27
NEWS-guardian_api-466ec0700a1f,valid_full_text,ready_full_text,386d611bc7d74a8d,21b714bdf40abce4,eb99dea9aafceef9,unique,,1,,,exact-dup-v1.0-2026-07-27
NEWS-guardian_api-4682d1f0fa60,valid_full_text,ready_full_text,51651a2caa55afc2,27b78998028d7f2b,c10008e7b45cd708,unique,,1,,,exact-dup-v1.0-2026-07-27
NEWS-guardian_api-46b16ebe64ce,valid_full_text,ready_full_text,8a4a17a17da06684,92c6d555ecbdbc08,a3d9f02ff195636c,unique,,1,,,exact-dup-v1.0-2026-07-27
NEWS-guardian_api-46ea0045bb1f,valid_full_text,ready_full_text,65c984ca2a1a2860,8192c3baa17ad896,ea059256beb48e2c,unique,,1,,,exact-dup-v1.0-2026-07-27
NEWS-guardian_api-47056d14258d,valid_full_text,ready_full_text,f8d68daa409cbbb7,1df4bc5e4573fca8,c637bb48ef9ccf4f,unique,,1,,,exact-dup-v1.0-2026-07-27
NEWS-guardian_api-47083f1ac36d,valid_full_text,ready_full_text,b71102339f41dd95,6fc52082848de5b0,4e3f29b2d177d1d0,unique,,1,,,exact-dup-v1.0-2026-07-27
NEWS-guardian_api-4744e7bd8298,valid_full_text,ready_full_text,23098c5791a0f50f,49240a621736393e,4bbd1549fad265f5,unique,,1,,,exact-dup-v1.0-2026-07-27
NEWS-guardian_api-4758fb4be13e,missing_body,not_usable_for_text_analysis,,,,not_clustered_unusable,,0,,,exact-dup-v1.0-2026-07-27
NEWS-guardian_api-4771f90485f5,valid_full_text,ready_full_text,a801308f3e612bfc,4f14f1fa33017edd,b646bd35d826f375,unique,,1,,,exact-dup-v1.0-2026-07-27
NEWS-guardian_api-47870a1eeca3,valid_full_text,ready_full_text,38817f8412839f69,c706b717b60103eb,2cccf975f8271b49,unique,,1,,,exact-dup-v1.0-2026-07-27
NEWS-guardian_api-47e875309c89,valid_full_text,ready_full_text,e577a6351257bb95,34a5120d33af6ef6,121105dc6f27ee60,unique,,1,,,exact-dup-v1.0-2026-07-27
NEWS-guardian_api-4821da4437d6,valid_full_text,ready_full_text,da6a94d09917193c,86b10ed6d17ec823,d09acdae753aed92,unique,,1,,,exact-dup-v1.0-2026-07-27
NEWS-guardian_api-483e065ddb73,valid_full_text,ready_full_text,8009b49d83ee50bf,a2b56f927b68d75a,07394f0887f2d103,unique,,1,,,exact-dup-v1.0-2026-07-27
NEWS-guardian_api-485ec4888da0,valid_full_text,ready_full_text,a1becc4b4dfd84c8,cc06f96d4f45fc21,c537b3a639724357,unique,,1,,,exact-dup-v1.0-2026-07-27
NEWS-guardian_api-4865dc171fcb,valid_full_text,ready_full_text,dd19f71d9cd0b13c,5933a16e587146b9,be61c47bd462d35a,unique,,1,,,exact-dup-v1.0-2026-07-27
NEWS-guardian_api-48840c844799,valid_full_text,ready_full_text,1ccb4f524c321dfd,31349e66766e8a69,562ccee302f7c37f,unique,,1,,,exact-dup-v1.0-2026-07-27
NEWS-guardian_api-488ab1a37d39,valid_full_text,ready_full_text,ef1dd6f37872bf37,98c467f4929ea4f6,6fa6056abf894c5c,unique,,1,,,exact-dup-v1.0-2026-07-27
NEWS-guardian_api-488bda8664f0,valid_full_text,ready_full_text,4340b3c685ac075a,e809bac3329b27e3,00bad82033bec0e0,unique,,1,,,exact-dup-v1.0-2026-07-27
NEWS-guardian_api-48ed6cd1c4e8,valid_full_text,ready_full_text,8b44c23b192d2ed9,26653f3fb6fa0687,412ca75b59ba834e,unique,,1,,,exact-dup-v1.0-2026-07-27
NEWS-guardian_api-48fa99049bf7,valid_full_text,ready_full_text,5455c531e36e9e8c,6e6b8a82572b0671,c06ee6b386f5782c,unique,,1,,,exact-dup-v1.0-2026-07-27
NEWS-guardian_api-490f49b17990,valid_full_text,ready_full_text,1d398a686e687331,ce173475ef18f8bd,ccb81da508bc2178,unique,,1,,,exact-dup-v1.0-2026-07-27
NEWS-guardian_api-491b9de4e07b,valid_full_text,ready_full_text,88bf47f2e0de3520,b8ad9a90a86ee596,34cdaffe96fcb09c,unique,,1,,,exact-dup-v1.0-2026-07-27
NEWS-guardian_api-4925d9ac4e1d,valid_full_text,ready_full_text,600cfe6221b302a3,bf77d596dff48b5e,c5b306bc295f879a,unique,,1,,,exact-dup-v1.0-2026-07-27
NEWS-guardian_api-49403b4fa96e,valid_full_text,ready_full_text,e26966394927182b,9e66e9d768885859,a284d532f7d71e2f,unique,,1,,,exact-dup-v1.0-2026-07-27
NEWS-guardian_api-49c82c948c70,valid_full_text,ready_full_text,214220778f867b4a,c9d6bda38996d3ac,1f58e5379b9592a0,unique,,1,,,exact-dup-v1.0-2026-07-27
NEWS-guardian_api-49f1829afe2e,valid_full_text,ready_full_text,982e7d01f0448f05,81067ac0e57d5658,589aa20248e8c37c,unique,,1,,,exact-dup-v1.0-2026-07-27
NEWS-guardian_api-49fa71ce48f3,valid_full_text,ready_full_text,a5162e849d39fa9b,683856e3b988730b,9ad5d196acca3340,unique,,1,,,exact-dup-v1.0-2026-07-27
NEWS-guardian_api-4a04a7319e81,valid_full_text,ready_full_text,117a2bc7f75ece90,bcbaa430b06b520b,a8588e19892d09de,unique,,1,,,exact-dup-v1.0-2026-07-27
NEWS-guardian_api-4a327d6c0af6,valid_full_text,ready_full_text,9245ddf53e8fea3b,0ca40985da1f2a22,1f7c24c271364595,unique,,1,,,exact-dup-v1.0-2026-07-27
NEWS-guardian_api-4a5a0c1cebb9,valid_full_text,ready_full_text,579306fd6b3626b4,cdda5671dcb98422,a75137dd8b934845,unique,,1,,,exact-dup-v1.0-2026-07-27
NEWS-guardian_api-4a63fe21b341,valid_full_text,ready_full_text,db439ac0c2854088,9c73002ea0758057,7dc166725a5e1999,unique,,1,,,exact-dup-v1.0-2026-07-27
NEWS-guardian_api-4a8ca7fea2f3,valid_full_text,ready_full_text,07921218011dc8bd,80f2aee582beff59,82a53cdeeef91cdc,unique,,1,,,exact-dup-v1.0-2026-07-27
NEWS-guardian_api-4aa41b87052c,valid_full_text,ready_full_text,74b92041345ad77f,58eb1c517406b2c9,1f16958695dc9e9d,unique,,1,,,exact-dup-v1.0-2026-07-27
NEWS-guardian_api-4ab501c5218b,valid_full_text,ready_full_text,c718e62f1094bc0a,ec32081be7c96c87,21e87bd5cb8f7f27,unique,,1,,,exact-dup-v1.0-2026-07-27
NEWS-guardian_api-4b978c0369c4,valid_full_text,ready_full_text,5eff8ddf63d49eb0,0de3e5fc5ae5d2ad,c7a7bcbfc627411d,unique,,1,,,exact-dup-v1.0-2026-07-27
NEWS-guardian_api-4b9b4407a133,valid_full_text,ready_full_text,cac8681cceff99bc,1723dfd96c990f78,7231c8aa1ce77b37,unique,,1,,,exact-dup-v1.0-2026-07-27
NEWS-guardian_api-4b9c3dee8714,valid_full_text,ready_full_text,7d0f265d65be2134,e7a2475a32b0e068,247e2034599590dc,unique,,1,,,exact-dup-v1.0-2026-07-27
NEWS-guardian_api-4bcf8566e6eb,valid_full_text,ready_full_text,ba1e2a2c1230e325,1a5d05cf45960b9a,4e2d2e103b355394,unique,,1,,,exact-dup-v1.0-2026-07-27
NEWS-guardian_api-4c09594faed5,valid_full_text,ready_full_text,bce8a7d973742b06,e831482ae439b173,ab094a3688d59867,unique,,1,,,exact-dup-v1.0-2026-07-27
NEWS-guardian_api-4c92da7e9813,valid_full_text,ready_full_text,4abd4ff977d414a3,e0ced110a39d4feb,3b42e53f9a56bb0a,unique,,1,,,exact-dup-v1.0-2026-07-27
NEWS-guardian_api-4cd04152ec0e,valid_full_text,ready_full_text,0d42bffbac71251f,ae3f19900feb4d41,d3ef83103f0fd0d6,unique,,1,,,exact-dup-v1.0-2026-07-27
NEWS-guardian_api-4d1d713aaf4a,valid_full_text,ready_full_text,566bd4adfe3963ca,262027c12f1f6292,ea749213881e0a80,unique,,1,,,exact-dup-v1.0-2026-07-27
NEWS-guardian_api-4d33f68020c8,valid_full_text,ready_full_text,13d8fb09404a95e1,2655588a7218e49b,b48dd05bbd198adc,unique,,1,,,exact-dup-v1.0-2026-07-27
NEWS-guardian_api-4d70f2703864,valid_full_text,ready_full_text,a19cad211976d544,6d7d32c31e4dd63f,0ce73275ec8b184b,unique,,1,,,exact-dup-v1.0-2026-07-27
NEWS-guardian_api-4d7156b4be7d,valid_full_text,ready_full_text,ab53b2007f5aac51,f0bb9751bd957945,ba3c1bc490bbe83a,unique,,1,,,exact-dup-v1.0-2026-07-27
NEWS-guardian_api-4dc219ddb1f2,valid_full_text,ready_full_text,ca623dd264ec18ea,6a636c667279ef0d,f8c392de52e8c59e,unique,,1,,,exact-dup-v1.0-2026-07-27
NEWS-guardian_api-4e3d4385d689,valid_full_text,ready_full_text,84bf7fd149fd3018,1f742c73178c27c2,0e3ab6e84413f0bc,unique,,1,,,exact-dup-v1.0-2026-07-27
NEWS-guardian_api-4e4b6aecfe62,valid_full_text,ready_full_text,d50eb73f91207f2e,e7b48f66b18f6ffa,4ca6a4d3755853ef,unique,,1,,,exact-dup-v1.0-2026-07-27
NEWS-guardian_api-4e4d5c158aee,valid_full_text,ready_full_text,6155d6440190655e,8f41986bf4e4ac1a,b7e194256c153592,unique,,1,,,exact-dup-v1.0-2026-07-27
NEWS-guardian_api-4e806ff40142,valid_full_text,ready_full_text,a53da91eed4a3459,2b45abc094625968,84e800d8603e59d4,unique,,1,,,exact-dup-v1.0-2026-07-27
NEWS-guardian_api-4f025a972a20,valid_full_text,ready_full_text,549e8930e76f3923,c84dee99ac3dcb05,25b7fccfa90315c4,unique,,1,,,exact-dup-v1.0-2026-07-27
NEWS-guardian_api-4f0bd20943f7,valid_full_text,ready_full_text,e9e555f16fc92456,355fa23777932fb1,3d08ab386e4ccc0d,unique,,1,,,exact-dup-v1.0-2026-07-27
NEWS-guardian_api-4f1e20a83b5f,valid_full_text,ready_full_text,71d543108764e5be,7fa6599f1e731fc8,16054ecec2e1af6c,unique,,1,,,exact-dup-v1.0-2026-07-27
NEWS-guardian_api-4f24b86e094e,valid_full_text,ready_full_text,d468763ec4041d23,863f8f61743119a4,6ace6d3300b90215,unique,,1,,,exact-dup-v1.0-2026-07-27
NEWS-guardian_api-4f38e2fac227,valid_full_text,ready_full_text,0b99cff7558072a2,b206e3116a3a5035,f53921f0e031ce86,unique,,1,,,exact-dup-v1.0-2026-07-27
NEWS-guardian_api-4f72de952114,valid_full_text,ready_full_text,b98cc71483cdaacf,a3c62e6564216917,10556cc0155edaf8,unique,,1,,,exact-dup-v1.0-2026-07-27
NEWS-guardian_api-4f87f44ad338,valid_full_text,ready_full_text,33745563ac330e94,ad26b7a122b568d6,fb359e96224d4782,unique,,1,,,exact-dup-v1.0-2026-07-27
NEWS-guardian_api-4fa2b1e31ccd,valid_full_text,ready_full_text,a0d2a88ee5e72921,93ecf2af210ba338,8925f5f3f9b308af,unique,,1,,,exact-dup-v1.0-2026-07-27
NEWS-guardian_api-4fa8c2522a89,valid_full_text,ready_full_text,3e22f702594aa249,dc80ff373f7af12b,1c58efc7db3a453c,unique,,1,,,exact-dup-v1.0-2026-07-27
NEWS-guardian_api-4fc41ad01b24,valid_full_text,ready_full_text,250dbfe7be85ab92,e56242670e1b5aff,6f0f3a42b68540ad,unique,,1,,,exact-dup-v1.0-2026-07-27
NEWS-guardian_api-4fc5c3232fab,valid_full_text,ready_full_text,f314b2360105a248,7896f252ff355194,9ab80b7268cf3a17,unique,,1,,,exact-dup-v1.0-2026-07-27
NEWS-guardian_api-4fd3e017bfee,valid_full_text,ready_full_text,e314f9b22485a109,97ccbf87dc05e137,cd3fdf8ba559945d,unique,,1,,,exact-dup-v1.0-2026-07-27
NEWS-guardian_api-4fd83ae381b3,valid_full_text,ready_full_text,a2f5beab3a8e207a,1dc7386b3d37f5ba,55caf65648b48fc3,unique,,1,,,exact-dup-v1.0-2026-07-27
NEWS-guardian_api-4fdc0a27389e,valid_full_text,ready_full_text,3f6b9589685f01f8,168a8c9f17a7f05e,f0f74da500740f7f,unique,,1,,,exact-dup-v1.0-2026-07-27
NEWS-guardian_api-4fdcedc44082,valid_full_text,ready_full_text,091257488ce36d46,8078cf1b8efb3f31,b62c1a1160c27f9d,unique,,1,,,exact-dup-v1.0-2026-07-27
NEWS-guardian_api-50058ed6637e,valid_full_text,ready_full_text,e481031771e899bf,3e5424e05847830a,c4a6d643497cefd1,unique,,1,,,exact-dup-v1.0-2026-07-27
NEWS-guardian_api-50225d7c761f,valid_full_text,ready_full_text,71f78c0e85322337,54da822812070207,e5a37ea567eaaf49,unique,,1,,,exact-dup-v1.0-2026-07-27
NEWS-guardian_api-5038006b1cf4,valid_full_text,ready_full_text,7bbe3feac950ea4d,eb913e10cecdb334,40e94698afbd5efd,unique,,1,,,exact-dup-v1.0-2026-07-27
NEWS-guardian_api-5042a06f1561,valid_full_text,ready_full_text,547e3d6aba6587f8,43f5fefe3556510d,e57f0ae925974750,unique,,1,,,exact-dup-v1.0-2026-07-27
NEWS-guardian_api-509eed0bc25b,valid_full_text,ready_full_text,d3575e8dae9e1423,f279444967bd0fe9,57b919a49de16f1f,unique,,1,,,exact-dup-v1.0-2026-07-27
NEWS-guardian_api-50ba12f92601,valid_full_text,ready_full_text,659f92aba974c5e7,104b1b830074e862,9665fdc372805a63,unique,,1,,,exact-dup-v1.0-2026-07-27
NEWS-guardian_api-50e146d7d3fb,valid_full_text,ready_full_text,ae1a7435f31ae167,5a1aac79f96ce9c2,6f6a55982cfcb5c1,unique,,1,,,exact-dup-v1.0-2026-07-27
NEWS-guardian_api-50e559d91a54,valid_full_text,ready_full_text,59a5c604d822b67a,a52533805aeb289a,c404be693d8cf001,unique,,1,,,exact-dup-v1.0-2026-07-27
NEWS-guardian_api-50eac30b7288,valid_full_text,ready_full_text,21938b95554ab2e9,67b67bda9a2259fd,6e98200e79c54b52,unique,,1,,,exact-dup-v1.0-2026-07-27
NEWS-guardian_api-50f78250a0ee,valid_full_text,ready_full_text,52c1b777e9cee639,83b2ed1ebd0fb3ec,1d6acd279d49e518,unique,,1,,,exact-dup-v1.0-2026-07-27
NEWS-guardian_api-51058cb75a5e,valid_full_text,ready_full_text,4c1772c43e70847a,204543e6ed0598e9,e6ea5f2e233ed4fa,unique,,1,,,exact-dup-v1.0-2026-07-27
NEWS-guardian_api-5143cbbed027,valid_full_text,ready_full_text,3a8ebc567d87807b,06c76d1a07db6de5,9ad9c1b1b9978c04,unique,,1,,,exact-dup-v1.0-2026-07-27
NEWS-guardian_api-5155ba13661a,valid_full_text,ready_full_text,9dde49cbd211c243,4105d6ee7fa775c9,d06e873b84591505,unique,,1,,,exact-dup-v1.0-2026-07-27
NEWS-guardian_api-5220d7ac7d32,valid_full_text,ready_full_text,0ebffc58aab1b65d,dd7e4ad791cbf06b,f77d84ddaca4e53a,unique,,1,,,exact-dup-v1.0-2026-07-27
NEWS-guardian_api-522aca5b15c3,valid_full_text,ready_full_text,5e741bfcfc7cc48b,a4ac244b6d70f987,9cdcec41f3139a89,unique,,1,,,exact-dup-v1.0-2026-07-27
NEWS-guardian_api-523b1af1aa2d,valid_full_text,ready_full_text,4f5f3413e85d74b1,4a135ec0988169db,7966c8aa08827cd8,unique,,1,,,exact-dup-v1.0-2026-07-27
NEWS-guardian_api-525729cd0085,valid_full_text,ready_full_text,2f660b90cd0d9ca4,bac270779320502b,5238a286b5479892,unique,,1,,,exact-dup-v1.0-2026-07-27
NEWS-guardian_api-527f865ed20f,valid_full_text,ready_full_text,a70803565991b7c7,38ee2dbb4d7db0c2,aab30b58c3020b0c,unique,,1,,,exact-dup-v1.0-2026-07-27
NEWS-guardian_api-533089b869ba,valid_full_text,ready_full_text,d915a670435809d5,89e033eb1b294885,0ff9a00419d1a354,unique,,1,,,exact-dup-v1.0-2026-07-27
NEWS-guardian_api-538368f05114,valid_full_text,ready_full_text,4601f8899b50ded7,92afa340883d8ccf,34f4a3b6d71342c7,unique,,1,,,exact-dup-v1.0-2026-07-27
NEWS-guardian_api-53c1b2e92cf3,valid_full_text,ready_full_text,fbff330a20d2de6f,d6b25aa0a9e15fb9,c6809b6271c29772,unique,,1,,,exact-dup-v1.0-2026-07-27
NEWS-guardian_api-54142e438e85,valid_full_text,ready_full_text,8d0455cce9bba6e1,25f3462ef91246c3,fb29dee820f0f4e7,unique,,1,,,exact-dup-v1.0-2026-07-27
NEWS-guardian_api-5416e2e0559b,valid_full_text,ready_full_text,73c74780c2b7e6fc,f3565bba2e6ea4c9,b74f91be4c1c4c4e,unique,,1,,,exact-dup-v1.0-2026-07-27
NEWS-guardian_api-5455f698692b,valid_full_text,ready_full_text,06dc93d6acd243f5,1c9fd906a9e4222f,0df13c1144046259,unique,,1,,,exact-dup-v1.0-2026-07-27
NEWS-guardian_api-545b16a2504c,valid_full_text,ready_full_text,bf5ca52b9fcd1692,231a6012aa969a52,c4fef44ade0b8c25,unique,,1,,,exact-dup-v1.0-2026-07-27
NEWS-guardian_api-547733625e70,valid_full_text,ready_full_text,794fe32e8420f060,fa8d6f41b6439361,2dfe184b6df53c2d,unique,,1,,,exact-dup-v1.0-2026-07-27
NEWS-guardian_api-547c38869b97,valid_full_text,ready_full_text,d8ba7a37ec425b20,667aa693c43a9f56,8ae031c26b2dc56f,unique,,1,,,exact-dup-v1.0-2026-07-27
NEWS-guardian_api-54b634207ec1,valid_full_text,ready_full_text,4b8accf999c93a36,d076ed54d21d5193,c1e43559aeae1937,unique,,1,,,exact-dup-v1.0-2026-07-27
NEWS-guardian_api-54d2e445af62,valid_full_text,ready_full_text,58b9168ba45b1ef0,cac2b0962e6a8cdf,56f2abb227453ad1,unique,,1,,,exact-dup-v1.0-2026-07-27
NEWS-guardian_api-54e79de5adc5,valid_full_text,ready_full_text,9991e8d177b81250,d2623bcec9ffe068,896b0b575e4540e7,unique,,1,,,exact-dup-v1.0-2026-07-27
NEWS-guardian_api-54eb9c520613,valid_full_text,ready_full_text,568e1101e9dae83a,1a88133886c647f1,f359f1555ee9bd9d,unique,,1,,,exact-dup-v1.0-2026-07-27
NEWS-guardian_api-550de1899f87,valid_full_text,ready_full_text,6b0afecc50ad1e2e,9c1c617e50c75814,a320bf772bdda383,unique,,1,,,exact-dup-v1.0-2026-07-27
NEWS-guardian_api-552479ba11c1,valid_full_text,ready_full_text,e5a9ee8dfe04adc2,a5132d06c127d536,322db170c41d8e02,unique,,1,,,exact-dup-v1.0-2026-07-27
NEWS-guardian_api-55807051022a,valid_full_text,ready_full_text,fc82535fe7644e3f,d85c03935368ad28,94784f4102852f3e,unique,,1,,,exact-dup-v1.0-2026-07-27
NEWS-guardian_api-559703f11a6e,valid_full_text,ready_full_text,b8c1e19ca2f5d4b0,1ed010a1b43ac0de,48867fd0e4aeddd8,unique,,1,,,exact-dup-v1.0-2026-07-27
NEWS-guardian_api-559ad7989298,valid_full_text,ready_full_text,57a748f8051add89,349039d2c1babafc,28a5cc61c70bce8d,unique,,1,,,exact-dup-v1.0-2026-07-27
NEWS-guardian_api-55bf4ada2013,valid_full_text,ready_full_text,8a2cbb78e31d5dc6,4d5f4fa4a29165b8,c41a1de86d027629,unique,,1,,,exact-dup-v1.0-2026-07-27
NEWS-guardian_api-56b3fcbf3153,valid_full_text,ready_full_text,c00b207336bd3f5e,91acc7b214f654db,e5929b1606468be1,unique,,1,,,exact-dup-v1.0-2026-07-27
NEWS-guardian_api-56d8ab048ee9,valid_full_text,ready_full_text,49483341f95236df,7748e9024066e168,ffa8f04f79e689b7,unique,,1,,,exact-dup-v1.0-2026-07-27
NEWS-guardian_api-56f69bf5bfe1,valid_full_text,ready_full_text,470e45a0d23445e4,14a77595f4aae623,1cd73a87e689c2cb,unique,,1,,,exact-dup-v1.0-2026-07-27
NEWS-guardian_api-56f868d95bde,valid_full_text,ready_full_text,32f7a48fa1f4d05d,75a893bdc33c3238,4d38a2c37f08972b,unique,,1,,,exact-dup-v1.0-2026-07-27
NEWS-guardian_api-56f9b56ac8f6,valid_full_text,ready_full_text,521d257b027f3323,e1acf16ca843c903,fa2a0f94299d6859,unique,,1,,,exact-dup-v1.0-2026-07-27
NEWS-guardian_api-56fc633fc4f2,valid_full_text,ready_full_text,c6f6d97d87ffa894,683daaea2989cf7f,2a21e6dce6bec12c,unique,,1,,,exact-dup-v1.0-2026-07-27
NEWS-guardian_api-575489083a9e,valid_full_text,ready_full_text,8eb064ece690a185,709fd96acfdd49ae,eb8fc431c591058c,unique,,1,,,exact-dup-v1.0-2026-07-27
NEWS-guardian_api-5769c0d8315d,valid_full_text,ready_full_text,131e86403e06a50f,57f5532842a45a32,91a041c363543a74,unique,,1,,,exact-dup-v1.0-2026-07-27
NEWS-guardian_api-5787b6b36ebb,valid_full_text,ready_full_text,c1843ca4a042b860,812d4fecc143cad2,8b9191ca09e18884,unique,,1,,,exact-dup-v1.0-2026-07-27
NEWS-guardian_api-579b8e3a5ff1,valid_full_text,ready_full_text,49aab81f0a44b27d,d80a929b013aa453,0a5a71226e7592db,unique,,1,,,exact-dup-v1.0-2026-07-27
NEWS-guardian_api-58412860bba6,valid_full_text,ready_full_text,803eebcf42f2f3a3,8fdee6f477c582d0,51e8858bead68f0b,unique,,1,,,exact-dup-v1.0-2026-07-27
NEWS-guardian_api-586f092cae36,valid_full_text,ready_full_text,089a3e8e577cc2c6,093597e9259d024e,14f6e57ffc1a4272,unique,,1,,,exact-dup-v1.0-2026-07-27
NEWS-guardian_api-587c235007dc,valid_full_text,ready_full_text,08379a45317b84b1,02a2dc081ce60f4b,7e643ead8e06189e,unique,,1,,,exact-dup-v1.0-2026-07-27
NEWS-guardian_api-58b16d406dbf,valid_full_text,ready_full_text,55e6eaee071db2f1,c4c87275b58d78f9,8b5a47f6977e6328,unique,,1,,,exact-dup-v1.0-2026-07-27
NEWS-guardian_api-58d9987dfadc,valid_full_text,ready_full_text,ad2ddc5a06ec106f,3fe3cae49e5fc719,a12505353cf93465,unique,,1,,,exact-dup-v1.0-2026-07-27
NEWS-guardian_api-58dc714f9401,valid_full_text,ready_full_text,16dd24921b3c3e70,3369c3b2ca3c9acb,a62edbe5b3cfef2f,unique,,1,,,exact-dup-v1.0-2026-07-27
NEWS-guardian_api-58f99f62b1a8,valid_full_text,ready_full_text,ff072cd595fbd66d,c0496f4575db4928,331695f2a847e6e1,unique,,1,,,exact-dup-v1.0-2026-07-27
NEWS-guardian_api-58fc1b4d7b3d,valid_full_text,ready_full_text,275adec48fe8f31d,bfbc4461c2faae2e,844ce16faacfa57f,unique,,1,,,exact-dup-v1.0-2026-07-27
NEWS-guardian_api-592b519ecc2e,valid_full_text,ready_full_text,be08263627e2f191,860bc4dfcafe8008,dd2ae2b3a47ef672,unique,,1,,,exact-dup-v1.0-2026-07-27
NEWS-guardian_api-593915f1d78c,valid_full_text,ready_full_text,cce1097aa4613e85,ecc07edf5262b520,2d95cfac4f347ed7,unique,,1,,,exact-dup-v1.0-2026-07-27
NEWS-guardian_api-59572490ce50,valid_full_text,ready_full_text,ee04e29ff4bd7fb0,ef573c80fb468871,5e1ac90c527114b5,unique,,1,,,exact-dup-v1.0-2026-07-27
NEWS-guardian_api-5984aef24161,valid_full_text,ready_full_text,298552cfcbdbd3f4,974f20615f8ee76b,a23bb45459e8c5d4,unique,,1,,,exact-dup-v1.0-2026-07-27
NEWS-guardian_api-59d68bc1c15c,valid_full_text,ready_full_text,d509f329e00d07de,7abf6477884e8cf1,e353d8c1ac81f994,unique,,1,,,exact-dup-v1.0-2026-07-27
NEWS-guardian_api-5a074d4b9424,valid_full_text,ready_full_text,a367e85efbbf8730,ef368482fdaaec87,b01a2aec2498c4a4,unique,,1,,,exact-dup-v1.0-2026-07-27
NEWS-guardian_api-5a2ae51deb50,valid_full_text,ready_full_text,f37095b4f0cdb226,e1b47868d6ef83b0,dcf6e1e8676fd2cf,unique,,1,,,exact-dup-v1.0-2026-07-27
NEWS-guardian_api-5a35ee94392a,valid_full_text,ready_full_text,a833eb53999d8f22,db03b2d0b084b0c6,597c07e50c1af048,unique,,1,,,exact-dup-v1.0-2026-07-27
NEWS-guardian_api-5a6b7410a68d,valid_full_text,ready_full_text,87bc0c98f96ed6a0,11d4d6ebbf2207b3,079cf26ea09a8337,unique,,1,,,exact-dup-v1.0-2026-07-27
NEWS-guardian_api-5ab37cac2221,valid_full_text,ready_full_text,8ade9a4f9b638021,6b7e83970bcae79a,f08ae5cce440f080,unique,,1,,,exact-dup-v1.0-2026-07-27
NEWS-guardian_api-5b21afea3cf7,valid_full_text,ready_full_text,5758e223f88c96bc,a9ee2513834a0969,82172065095e9cd7,unique,,1,,,exact-dup-v1.0-2026-07-27
NEWS-guardian_api-5b3512178edc,valid_full_text,ready_full_text,a559c63040e8a430,9f446d371358cdc5,3ba73195f26c8841,unique,,1,,,exact-dup-v1.0-2026-07-27
NEWS-guardian_api-5b59710407dc,valid_full_text,ready_full_text,d25803720a4bb4ae,66015de6cea93a4c,fd54cb7279b0e2f7,unique,,1,,,exact-dup-v1.0-2026-07-27
NEWS-guardian_api-5b66ef37e445,valid_full_text,ready_full_text,a93d4524d9483b01,ca2a920a9d26a767,41b29298c8cab9d8,unique,,1,,,exact-dup-v1.0-2026-07-27
NEWS-guardian_api-5b7b67a9c0e7,valid_full_text,ready_full_text,1d4f8e99c0dcfd7e,1d0691f542496e5b,422f2fa9a154fa2b,unique,,1,,,exact-dup-v1.0-2026-07-27
NEWS-guardian_api-5b7cd206948f,valid_full_text,ready_full_text,2d7e56b89f267455,c8f49851a33aef90,cfe6077bd0918657,unique,,1,,,exact-dup-v1.0-2026-07-27
NEWS-guardian_api-5be366e8cfbc,valid_full_text,ready_full_text,1eb2a2c0d5ccd8aa,b894c2e840a082d5,8463d337a2bcfe65,unique,,1,,,exact-dup-v1.0-2026-07-27
NEWS-guardian_api-5bf7eee4317c,valid_full_text,ready_full_text,da79b6b17a64e9fe,4ac12ffc91384b94,1191e7aca9d58a08,unique,,1,,,exact-dup-v1.0-2026-07-27
NEWS-guardian_api-5c2716c5e779,valid_full_text,ready_full_text,52da922588c2d1bd,a87ac91b6dfe502f,90bec5704c342b27,unique,,1,,,exact-dup-v1.0-2026-07-27
NEWS-guardian_api-5c47b30edf87,valid_full_text,ready_full_text,aceebaf1a3e39fa2,088d2ff2c81e0376,cff38ddaf79b7f8a,unique,,1,,,exact-dup-v1.0-2026-07-27
NEWS-guardian_api-5c7eab23b8d7,valid_full_text,ready_full_text,60139f72c1607e3c,d585c70b2247c218,7550792fa52e2fcf,unique,,1,,,exact-dup-v1.0-2026-07-27
NEWS-guardian_api-5c878d80def8,valid_full_text,ready_full_text,6e069c9e7c28e2c4,cea28e1bfc9e095a,7108c0de2895c259,unique,,1,,,exact-dup-v1.0-2026-07-27
NEWS-guardian_api-5c9e4bbe1ba1,valid_full_text,ready_full_text,647ba9ffd073a652,e465560a2f58f19c,f0f80f44f359df78,unique,,1,,,exact-dup-v1.0-2026-07-27
NEWS-guardian_api-5ce140b45966,valid_full_text,ready_full_text,c9e80a023a4f9c61,6274561b106c613c,d0a69e4b5ef6f4c3,unique,,1,,,exact-dup-v1.0-2026-07-27
NEWS-guardian_api-5cf3d2d69103,valid_full_text,ready_full_text,2500d261aa3a7072,b51119ed0795566e,cbfc269709accc12,unique,,1,,,exact-dup-v1.0-2026-07-27
NEWS-guardian_api-5d14b9f44b30,valid_full_text,ready_full_text,5e715c91f7c9da32,fb06d2839aa0347d,c34008a1986bc15f,unique,,1,,,exact-dup-v1.0-2026-07-27
NEWS-guardian_api-5d5ab240bf39,valid_full_text,ready_full_text,f1b0ee6ab2ff9f95,9c4848d743f6649c,9b0ba50ee879708f,unique,,1,,,exact-dup-v1.0-2026-07-27
NEWS-guardian_api-5d716fd544d0,valid_full_text,ready_full_text,822f358884183267,d98d66cb7ff1690c,23ad8a65f9766bb4,unique,,1,,,exact-dup-v1.0-2026-07-27
NEWS-guardian_api-5d8354d6f359,valid_full_text,ready_full_text,50e76c0c1e05a3fc,e2c603a60c709799,1e2655fe4bdf0cdb,unique,,1,,,exact-dup-v1.0-2026-07-27
NEWS-guardian_api-5decf15099b2,valid_full_text,ready_full_text,2b0e09b856480abd,03ef4f86d9b0439a,49291bbae2173d08,unique,,1,,,exact-dup-v1.0-2026-07-27
NEWS-guardian_api-5e03a78aad9d,valid_full_text,ready_full_text,22cf13ca2e36b7f8,8ec521ca2e1e6a10,5b63e93ba4c36a46,unique,,1,,,exact-dup-v1.0-2026-07-27
NEWS-guardian_api-5e8e90f7e5eb,valid_full_text,ready_full_text,c14709937ebb668c,25cd03a48882494f,9f7a8822b77bcc29,unique,,1,,,exact-dup-v1.0-2026-07-27
NEWS-guardian_api-5eaaac7203a3,valid_full_text,ready_full_text,65eced273601eb00,4905be1571ee4f05,e1d95a792cdb8f4b,unique,,1,,,exact-dup-v1.0-2026-07-27
NEWS-guardian_api-5ee7164849c5,valid_full_text,ready_full_text,a5d32e62ce3eb972,ff6ec03af647eda3,ed15a061a8846151,unique,,1,,,exact-dup-v1.0-2026-07-27
NEWS-guardian_api-5ef12cf9fcde,valid_full_text,ready_full_text,452cbfa18d0c9902,ff26311c7aebc4f3,757156625a7a46eb,unique,,1,,,exact-dup-v1.0-2026-07-27
NEWS-guardian_api-5f1595eebd4d,valid_full_text,ready_full_text,ed6256cb3c05335f,023566913a1e36d2,d3b9789ea55399a9,unique,,1,,,exact-dup-v1.0-2026-07-27
NEWS-guardian_api-5f21ee44cc5a,valid_full_text,ready_full_text,c21f076831cf07e9,1ec402de58a5e924,84dcaaa7e9e57dc3,unique,,1,,,exact-dup-v1.0-2026-07-27
NEWS-guardian_api-5f24971d0827,valid_full_text,ready_full_text,8707c593a667e582,a5dd9cd870f7ca4b,109713bc7222ed80,unique,,1,,,exact-dup-v1.0-2026-07-27
NEWS-guardian_api-5f24cf83da96,valid_full_text,ready_full_text,41812f9a7448b2a2,8987080fe86c819a,2d9d6d6d4853a9f9,unique,,1,,,exact-dup-v1.0-2026-07-27
NEWS-guardian_api-5f386627b792,valid_full_text,ready_full_text,35f0c816a772b5e9,96985e92c19584db,ccb5a2b692497717,unique,,1,,,exact-dup-v1.0-2026-07-27
NEWS-guardian_api-5f4fe3515060,valid_full_text,ready_full_text,9086519e81006aeb,18987b66b2cca869,c2edce913f3215f1,unique,,1,,,exact-dup-v1.0-2026-07-27
NEWS-guardian_api-5fab8abf39f9,valid_full_text,ready_full_text,98fbe5abaf61ad2b,940a5f0e63e233e4,aaaba3a5b281f621,unique,,1,,,exact-dup-v1.0-2026-07-27
NEWS-guardian_api-5fff03450392,valid_full_text,ready_full_text,a76efc585ebeb4ba,17701d14dc044d63,c86d194e7b3e3b58,unique,,1,,,exact-dup-v1.0-2026-07-27
NEWS-guardian_api-6061977b41da,valid_full_text,ready_full_text,3ca1029f18952746,d32131896c69b954,b91aa0e8f0045926,unique,,1,,,exact-dup-v1.0-2026-07-27
NEWS-guardian_api-60f9fc746824,valid_full_text,ready_full_text,593696bace3ea018,e57b6f624982413b,a2b54ede550606b9,unique,,1,,,exact-dup-v1.0-2026-07-27
NEWS-guardian_api-60fe73947b5c,valid_full_text,ready_full_text,e8825266a0da1ce5,844f9d7441b5f8b9,20dcb7434e84fe81,unique,,1,,,exact-dup-v1.0-2026-07-27
NEWS-guardian_api-617eb67c74fc,valid_full_text,ready_full_text,fd3edc1e784d6770,7a5c33dea99b8130,750f4c6a8f1ff8eb,unique,,1,,,exact-dup-v1.0-2026-07-27
NEWS-guardian_api-618f23b6319d,valid_full_text,ready_full_text,91abf1533392c4ad,c84a85bfdbcf018f,0c14e9b96d244016,unique,,1,,,exact-dup-v1.0-2026-07-27
NEWS-guardian_api-61d1f7ea6f97,valid_full_text,ready_full_text,b08891d77791f8f6,687962a7d2f0c5c1,a83350d035e111c0,unique,,1,,,exact-dup-v1.0-2026-07-27
NEWS-guardian_api-6204dac49076,valid_full_text,ready_full_text,477dd12c5f0582ee,5bb3651d94da5a19,28b599da4e54f4b5,unique,,1,,,exact-dup-v1.0-2026-07-27
NEWS-guardian_api-62141cd0f425,valid_full_text,ready_full_text,81364ef5a585f9b4,d6632ba883cc50ae,6a2e005944b16883,unique,,1,,,exact-dup-v1.0-2026-07-27
NEWS-guardian_api-6289435e4680,valid_full_text,ready_full_text,cd0ee9d9b785bca7,9195999f6497743b,d4c6044ae165628c,unique,,1,,,exact-dup-v1.0-2026-07-27
NEWS-guardian_api-62a5806dd716,valid_full_text,ready_full_text,b662aa106d4b0e09,a8bcebb9db43b1f1,9711b8917c73ad75,unique,,1,,,exact-dup-v1.0-2026-07-27
NEWS-guardian_api-62aee842a370,valid_full_text,ready_full_text,4cdb632a7cf1e962,d49fa5e3918fb279,b40cc75db795dea8,unique,,1,,,exact-dup-v1.0-2026-07-27
NEWS-guardian_api-62d961a87f30,valid_full_text,ready_full_text,422a54e598ca1617,b11540112be09573,db4d4c62989513b5,unique,,1,,,exact-dup-v1.0-2026-07-27
NEWS-guardian_api-62f7537dd0ca,valid_full_text,ready_full_text,b837084e50323a91,65e11f4af0994d6a,d8c7c6f735ea2310,unique,,1,,,exact-dup-v1.0-2026-07-27
NEWS-guardian_api-62fe4a09a8bc,valid_full_text,ready_full_text,d5020cd5c9874e13,e39eb75d5e9bac10,bc53ece4f80b6f9e,unique,,1,,,exact-dup-v1.0-2026-07-27
NEWS-guardian_api-631ad152b42e,valid_full_text,ready_full_text,81f715836a80cea3,fe4430d61a168efa,b2681897eceae9b8,unique,,1,,,exact-dup-v1.0-2026-07-27
NEWS-guardian_api-63249280657e,valid_full_text,ready_full_text,d81604853116d704,63c199986a64cf72,98584afc44506616,unique,,1,,,exact-dup-v1.0-2026-07-27
NEWS-guardian_api-636742cb02ad,valid_full_text,ready_full_text,8e0fdb19e590afdf,92a173777c3185e3,a7f10265c96f4ffd,unique,,1,,,exact-dup-v1.0-2026-07-27
NEWS-guardian_api-63ca9b1b4b0f,valid_full_text,ready_full_text,9b7cf24f87347a42,8ee95b924e9910d9,66a87a65e787b980,unique,,1,,,exact-dup-v1.0-2026-07-27
NEWS-guardian_api-63cd462e0de3,valid_full_text,ready_full_text,bd86495aceccb869,1e07a464d8086cae,ba077d18e88d9654,unique,,1,,,exact-dup-v1.0-2026-07-27
NEWS-guardian_api-63e900bb0602,valid_full_text,ready_full_text,da982b5d6180e013,991fe2d1fe8144d1,e604897c7644a908,unique,,1,,,exact-dup-v1.0-2026-07-27
NEWS-guardian_api-6421f301f273,valid_full_text,ready_full_text,9e89c026bf211fd2,8da4eb44319a7669,7f1f3436222559ca,unique,,1,,,exact-dup-v1.0-2026-07-27
NEWS-guardian_api-6461572860a1,valid_full_text,ready_full_text,8d41421549e4d012,2744ddc7006a2eca,13c5da62cee17c81,unique,,1,,,exact-dup-v1.0-2026-07-27
NEWS-guardian_api-6469ce186488,valid_full_text,ready_full_text,ac186b243ed1776a,917dae3d699eb624,3913cb45e1dce29f,unique,,1,,,exact-dup-v1.0-2026-07-27
NEWS-guardian_api-64bae2898f6b,valid_full_text,ready_full_text,db251ad408d9c97e,c088258ed55d638a,5081ef02567de020,unique,,1,,,exact-dup-v1.0-2026-07-27
NEWS-guardian_api-64bdac8c5221,valid_full_text,ready_full_text,e2493a23da95bc2d,acd632fb2bbe9565,5f62c6cc3b33053b,unique,,1,,,exact-dup-v1.0-2026-07-27
NEWS-guardian_api-64d0584b57fa,valid_full_text,ready_full_text,763903186ad11aab,7cec796f56ed1fbe,f6b5ebc2c88756d7,unique,,1,,,exact-dup-v1.0-2026-07-27
NEWS-guardian_api-64ea38ced8bd,valid_full_text,ready_full_text,fbdeecdc724ca67c,396e940ae3fa2925,1acae45065e1b19e,unique,,1,,,exact-dup-v1.0-2026-07-27
NEWS-guardian_api-64f85aafa865,valid_full_text,ready_full_text,aa8da22087a42149,f27c5260329d0bb8,a5c7ab440ee70436,unique,,1,,,exact-dup-v1.0-2026-07-27
NEWS-guardian_api-6533fc1560ed,valid_full_text,ready_full_text,10786668e3b726de,f5ec0155c9cd9b68,f031f00a355bd999,unique,,1,,,exact-dup-v1.0-2026-07-27
NEWS-guardian_api-653d77c519fa,valid_full_text,ready_full_text,20e61d9e4cdd2a0b,c030dd52d2fc1ae6,6cb917fc2bb35bf5,unique,,1,,,exact-dup-v1.0-2026-07-27
NEWS-guardian_api-65435bf1ccdc,valid_full_text,ready_full_text,677881e5351fc451,c3a66e7fdd8b9710,dafcb6b10f17a633,unique,,1,,,exact-dup-v1.0-2026-07-27
NEWS-guardian_api-656a147b1b36,valid_full_text,ready_full_text,5fce801a330e8314,0bee99553dc58c2b,5348d9e6cf7a1a98,unique,,1,,,exact-dup-v1.0-2026-07-27
NEWS-guardian_api-65c48a759434,valid_full_text,ready_full_text,e4628e887916fd90,591bf3776c414466,459529219888b35a,unique,,1,,,exact-dup-v1.0-2026-07-27
NEWS-guardian_api-65d028edfda0,valid_full_text,ready_full_text,887a96d10908b728,b916149ccd3e29cb,099523b3061c4b76,unique,,1,,,exact-dup-v1.0-2026-07-27
NEWS-guardian_api-65e068da20e9,valid_full_text,ready_full_text,ea734b6bb8281ff5,50ac4b4c3660002b,0754aab22a514f29,unique,,1,,,exact-dup-v1.0-2026-07-27
NEWS-guardian_api-662b7d7df5a1,valid_full_text,ready_full_text,3287f210dd6576dd,87474cd2c8115a1c,1d01da0742eb6d54,unique,,1,,,exact-dup-v1.0-2026-07-27
NEWS-guardian_api-66ef2f0626da,valid_full_text,ready_full_text,49b0295ca451193f,d0ff7eec39b83fa4,cfd2a9d804f21cdf,unique,,1,,,exact-dup-v1.0-2026-07-27
NEWS-guardian_api-6727d27634a9,valid_full_text,ready_full_text,99749cfd8fb58c7f,01ec07316def2f21,63869dbe5edd2f89,unique,,1,,,exact-dup-v1.0-2026-07-27
NEWS-guardian_api-67561b426ca6,valid_full_text,ready_full_text,12514b0aaea32f4b,fd95a17b8b7d677b,cbfbf24a5708d120,unique,,1,,,exact-dup-v1.0-2026-07-27
NEWS-guardian_api-6771e88873f0,valid_full_text,ready_full_text,576c32e123f04209,6b7a4a658841ae49,93ac22be8f5ad644,unique,,1,,,exact-dup-v1.0-2026-07-27
NEWS-guardian_api-67bef115d97a,valid_full_text,ready_full_text,79d5419aeb0e461f,466a8b4a8f6a2061,873213db5180f4e6,unique,,1,,,exact-dup-v1.0-2026-07-27
NEWS-guardian_api-67d6b70539a0,valid_full_text,ready_full_text,079545d167cdd32d,d6953f5a87be7d5a,8beeb43bcf738ab7,unique,,1,,,exact-dup-v1.0-2026-07-27
NEWS-guardian_api-683826a1b2cf,valid_full_text,ready_full_text,378cbfc3ec397f3d,aad82c228a9f0118,e37c3b9656581be1,unique,,1,,,exact-dup-v1.0-2026-07-27
NEWS-guardian_api-687a70d77798,valid_full_text,ready_full_text,ad568d166f1e0c48,4eb42dc80fcb7daf,365b158953ef63f3,unique,,1,,,exact-dup-v1.0-2026-07-27
NEWS-guardian_api-6881aee1fdce,valid_full_text,ready_full_text,70a1724d7ae57ede,561d3ed134497fd1,43d7d38add1c36a4,unique,,1,,,exact-dup-v1.0-2026-07-27
NEWS-guardian_api-68844d3b5480,valid_full_text,ready_full_text,9bf5146fbff4c3aa,3e199bad7e095c06,77df045d677b264f,unique,,1,,,exact-dup-v1.0-2026-07-27
NEWS-guardian_api-68d8ba5d7b5a,valid_full_text,ready_full_text,4acfe50b7856f552,b6f0e381d36d88bd,91165f3007a05019,unique,,1,,,exact-dup-v1.0-2026-07-27
NEWS-guardian_api-68e20af25616,valid_full_text,ready_full_text,22f017e024c898e6,8c5b9a5e39496ede,65e9c10152017001,unique,,1,,,exact-dup-v1.0-2026-07-27
NEWS-guardian_api-6923c3754cf7,valid_full_text,ready_full_text,05ded95c35ceab11,a7498f1e2dbd95f8,7d9501f898921a3c,unique,,1,,,exact-dup-v1.0-2026-07-27
NEWS-guardian_api-694d54e9c420,valid_full_text,ready_full_text,d4d288c45841dd9c,7c3f5dcf7612c5b7,1d96191b3dc1b133,unique,,1,,,exact-dup-v1.0-2026-07-27
NEWS-guardian_api-6956474b3b82,valid_full_text,ready_full_text,d5ee2fd4f444e1d9,27a5b87ac2743bd1,4ee662e3522bfdbd,unique,,1,,,exact-dup-v1.0-2026-07-27
NEWS-guardian_api-6968eee4537b,valid_full_text,ready_full_text,fe79b1c8bae30a43,e01952cb18cfc1ec,506ced4eb92e6f24,unique,,1,,,exact-dup-v1.0-2026-07-27
NEWS-guardian_api-6971295f5237,valid_full_text,ready_full_text,e052784440c2a454,7b7896f9a8089a55,8af4226a49487fe2,unique,,1,,,exact-dup-v1.0-2026-07-27
NEWS-guardian_api-69a5abd89c4c,valid_full_text,ready_full_text,b0697fe0012bfbf8,4eeb48229d478f6d,e13d8c314bfbbf47,unique,,1,,,exact-dup-v1.0-2026-07-27
NEWS-guardian_api-69c1c2aa60e5,valid_full_text,ready_full_text,38380c9806e710ff,4dc5ef28165c27e4,2650d5cdc5d98877,unique,,1,,,exact-dup-v1.0-2026-07-27
NEWS-guardian_api-69c628af74f1,valid_full_text,ready_full_text,abb32a129818fa45,3dbe3e2f8343d195,8a25e55e5d73b3a1,unique,,1,,,exact-dup-v1.0-2026-07-27
NEWS-guardian_api-69f0ea4b734c,valid_full_text,ready_full_text,ec4e1bfcdaaaf336,f6d661b3dd315782,dba8674ab7ac1559,unique,,1,,,exact-dup-v1.0-2026-07-27
NEWS-guardian_api-6a0bc28bad7c,valid_full_text,ready_full_text,642f636a92c60f35,1b11e2bdd493db16,0b00b116758973d5,unique,,1,,,exact-dup-v1.0-2026-07-27
NEWS-guardian_api-6a1d41c8bf86,valid_full_text,ready_full_text,f135e78e90a4fd47,4dd7b0ca1c86fa63,8b8e7a5961eaa18e,unique,,1,,,exact-dup-v1.0-2026-07-27
NEWS-guardian_api-6a2dde88b57c,valid_full_text,ready_full_text,b63c57dde609e374,de655cd8c347a4b5,e1123a2c404c8df9,unique,,1,,,exact-dup-v1.0-2026-07-27
NEWS-guardian_api-6a718a68a9e4,valid_full_text,ready_full_text,e47034d481df868c,6e43be6332fbb8ce,336752fca8f17434,unique,,1,,,exact-dup-v1.0-2026-07-27
NEWS-guardian_api-6ab082717baf,valid_full_text,ready_full_text,102b1616c2c1a5c5,f8cfdc8904ff4a71,8657c57a1302a325,unique,,1,,,exact-dup-v1.0-2026-07-27
NEWS-guardian_api-6abc0767f39c,valid_full_text,ready_full_text,9a3ceccaf089f302,6432a37aa712a7bb,368347da3e5770da,unique,,1,,,exact-dup-v1.0-2026-07-27
NEWS-guardian_api-6ac4237905f0,valid_full_text,ready_full_text,0294b0a8dd888cde,4d494d2d717afcf4,9d3f3f72b4c337e7,unique,,1,,,exact-dup-v1.0-2026-07-27
NEWS-guardian_api-6afc512b523d,valid_full_text,ready_full_text,cfce86fc9a5f27c9,5043654317ceba72,7b57d2956044e1b0,unique,,1,,,exact-dup-v1.0-2026-07-27
NEWS-guardian_api-6b0972675fa2,valid_full_text,ready_full_text,25b21b241d4cbb30,faeb7e48c9b3b8e5,d8800e5c784d122a,unique,,1,,,exact-dup-v1.0-2026-07-27
NEWS-guardian_api-6b23797a3a5c,valid_full_text,ready_full_text,4a31dea8d850efb9,b74acd339c901307,48789dbfd4871f17,unique,,1,,,exact-dup-v1.0-2026-07-27
NEWS-guardian_api-6b29f3ae679e,valid_full_text,ready_full_text,a29a32fccd571d99,b9441e32c3df4ec1,b0aeea4be58868ff,unique,,1,,,exact-dup-v1.0-2026-07-27
NEWS-guardian_api-6b3902c12fb7,valid_full_text,ready_full_text,eea132a9b964fb28,10373ab6c4bd92c4,b53ce2a0c235b5b8,unique,,1,,,exact-dup-v1.0-2026-07-27
NEWS-guardian_api-6baa365c3fbb,valid_full_text,ready_full_text,1ae9d972990aaaa2,ead495d1f57ae5c8,e041901967d90cb9,unique,,1,,,exact-dup-v1.0-2026-07-27
NEWS-guardian_api-6bcef84bbf82,valid_full_text,ready_full_text,1da2c9efdbd98aa8,5af1791725464463,ed9161a05a18e866,unique,,1,,,exact-dup-v1.0-2026-07-27
NEWS-guardian_api-6c997e3ce7e9,valid_full_text,ready_full_text,5a0c07b0b30df506,d81fa3e0dea4071b,039a129c070adc9a,unique,,1,,,exact-dup-v1.0-2026-07-27
NEWS-guardian_api-6cc41d9d21eb,valid_full_text,ready_full_text,449c20539b11c310,f560e4d6dee6c4e7,068dd48774bbfa22,unique,,1,,,exact-dup-v1.0-2026-07-27
NEWS-guardian_api-6ceeeb0f0c07,valid_full_text,ready_full_text,225752b4a83191fd,df726bfefb86b998,176fdc1cd3e98eb0,unique,,1,,,exact-dup-v1.0-2026-07-27
NEWS-guardian_api-6cf3ac03bd95,valid_full_text,ready_full_text,3058fe7b4f49a3eb,51226db775550de9,2f4d8a2d82bbd2e8,unique,,1,,,exact-dup-v1.0-2026-07-27
NEWS-guardian_api-6d9cb3bbbaf4,valid_full_text,ready_full_text,8c790df5196b6606,8e60466fc750982f,c78fce298bfbca14,unique,,1,,,exact-dup-v1.0-2026-07-27
NEWS-guardian_api-6da11a8e8977,valid_full_text,ready_full_text,f640930dc9079100,6d4c106fc8e42b38,d7533e280d8d77d6,unique,,1,,,exact-dup-v1.0-2026-07-27
NEWS-guardian_api-6daed2478fe8,valid_full_text,ready_full_text,c93954327562308c,b7240a79be9cc953,3dac3d303f835eb3,unique,,1,,,exact-dup-v1.0-2026-07-27
NEWS-guardian_api-6de367518f69,valid_full_text,ready_full_text,d3aa51a127151f5a,cf75ea1fdec5feb9,5d0e0a54877e9df2,unique,,1,,,exact-dup-v1.0-2026-07-27
NEWS-guardian_api-6de8c1a76c06,valid_full_text,ready_full_text,3341483dc2d6680c,b1e081afc7d8c345,115ff8e9fb3680ce,unique,,1,,,exact-dup-v1.0-2026-07-27
NEWS-guardian_api-6e661c4c5fdf,valid_full_text,ready_full_text,23dfac86bcd1de59,19a2583c7a7f645b,608e83d52fcd94d2,unique,,1,,,exact-dup-v1.0-2026-07-27
NEWS-guardian_api-6e815cf94ffb,valid_full_text,ready_full_text,caed81e64de67482,fc0551c4a34d7404,71a98fd996d5fff3,unique,,1,,,exact-dup-v1.0-2026-07-27
NEWS-guardian_api-6edb0939f2cd,valid_full_text,ready_full_text,e466690442aa2f7e,9a6d7d65d69ac26a,e9843ce2b54a482a,unique,,1,,,exact-dup-v1.0-2026-07-27
NEWS-guardian_api-6eddca9d5ecc,valid_full_text,ready_full_text,2d51613dd14eb7ff,e268f98890c3748b,164c5809c4e71cc6,unique,,1,,,exact-dup-v1.0-2026-07-27
NEWS-guardian_api-6f3e24795ced,valid_full_text,ready_full_text,85d607821cca0576,f4103a15e05895ac,25c1a3225cf3a4a8,unique,,1,,,exact-dup-v1.0-2026-07-27
NEWS-guardian_api-6f47fc867544,valid_full_text,ready_full_text,2dfa6d80c7a743c8,7bb5a478e55c55c8,b58a6d4c99804ab1,unique,,1,,,exact-dup-v1.0-2026-07-27
NEWS-guardian_api-6f601fb9fb8d,valid_full_text,ready_full_text,4ed7a3d953b3080a,cccf645841b13410,19ed99233f123381,unique,,1,,,exact-dup-v1.0-2026-07-27
NEWS-guardian_api-6f7dc9b27427,valid_full_text,ready_full_text,d060a8380a6da34d,c71c1b0683aa06f6,1579532cc42481cc,unique,,1,,,exact-dup-v1.0-2026-07-27
NEWS-guardian_api-6f8a444c5aa4,valid_full_text,ready_full_text,d845607035697bef,6f607c28bc81e5a6,ac52b353910603a7,unique,,1,,,exact-dup-v1.0-2026-07-27
NEWS-guardian_api-6f97aae48937,valid_full_text,ready_full_text,74efb38b553703b3,483748973e89d3e7,0dea6336025c6ecb,unique,,1,,,exact-dup-v1.0-2026-07-27
NEWS-guardian_api-6fba19b0b0c5,valid_full_text,ready_full_text,421d85f13e869258,07b3a7fbd820c641,ec2135d0ca8c9b45,unique,,1,,,exact-dup-v1.0-2026-07-27
NEWS-guardian_api-6fcd0f935b56,valid_full_text,ready_full_text,481c2440bdb0233f,77204a4b39bdbdc3,46bc9b56e767e8ca,unique,,1,,,exact-dup-v1.0-2026-07-27
NEWS-guardian_api-6ff3089e09d2,valid_full_text,ready_full_text,2341b579d4a12541,bdbd5407efec61d5,b0d41c0e23d318a0,unique,,1,,,exact-dup-v1.0-2026-07-27
NEWS-guardian_api-6ff37f53e24b,valid_full_text,ready_full_text,c87c4d285657f68f,152994374a466f6d,7c26fd87870bd2ca,unique,,1,,,exact-dup-v1.0-2026-07-27
NEWS-guardian_api-7001fd0d6ded,valid_full_text,ready_full_text,d7913474e566a98c,7089536bf252c6bb,f205e29a917aa86f,unique,,1,,,exact-dup-v1.0-2026-07-27
NEWS-guardian_api-70077e90b400,valid_full_text,ready_full_text,644bb99c4f2ccdbd,94c58a3de4fca088,ae765f4c65c0d1e2,unique,,1,,,exact-dup-v1.0-2026-07-27
NEWS-guardian_api-70414cf7d1e2,valid_full_text,ready_full_text,ab7cc0874123c727,a4fde30875ca07a9,0ef5a9be0a6badb3,unique,,1,,,exact-dup-v1.0-2026-07-27
NEWS-guardian_api-70454d75b731,valid_full_text,ready_full_text,773be2233d362eff,b221642f9b779cd1,f49af40d1bdef159,unique,,1,,,exact-dup-v1.0-2026-07-27
NEWS-guardian_api-710cf40911df,valid_full_text,ready_full_text,0882d0d3c3837d21,473bf893e63390ed,54541f284c5b1127,unique,,1,,,exact-dup-v1.0-2026-07-27
NEWS-guardian_api-71658910c072,valid_full_text,ready_full_text,7455ee87cab1bd67,56cab1e1c3ce56a1,31af35a75aebb66b,unique,,1,,,exact-dup-v1.0-2026-07-27
NEWS-guardian_api-716b81c69ce8,valid_full_text,ready_full_text,4ed8d175fa6ccb7e,1bf76b9d0709a3b8,05f5096d7128510b,unique,,1,,,exact-dup-v1.0-2026-07-27
NEWS-guardian_api-71b4c8345a90,valid_full_text,ready_full_text,65b1bce8681317e5,da0a23594c0838a1,b09ee0a51b766ebb,unique,,1,,,exact-dup-v1.0-2026-07-27
NEWS-guardian_api-725f2447c941,valid_full_text,ready_full_text,78b258b3e81fd0f4,90016be964786244,8ee7a878543f5865,unique,,1,,,exact-dup-v1.0-2026-07-27
NEWS-guardian_api-726181339b1d,valid_full_text,ready_full_text,c616bd06aed09db0,95d0d22c09a9d186,e7a8f045f982415e,unique,,1,,,exact-dup-v1.0-2026-07-27
NEWS-guardian_api-72770f6e1ecd,valid_full_text,ready_full_text,acdf42e3465df102,f722bb91a4f07b8f,6b337a767032b316,unique,,1,,,exact-dup-v1.0-2026-07-27
NEWS-guardian_api-729173d4ed1e,valid_full_text,ready_full_text,4aa5d8584128ea88,aeeb38af33654009,cb3e1c0434e27fb3,unique,,1,,,exact-dup-v1.0-2026-07-27
NEWS-guardian_api-729ca587fa50,valid_full_text,ready_full_text,dd65fe6a2fc0e958,3bfc756b98fbc5bb,7529bec98a72576a,unique,,1,,,exact-dup-v1.0-2026-07-27
NEWS-guardian_api-72a422e0272e,valid_full_text,ready_full_text,e3c2f55d79c620ef,4b871620ab5d8efa,1231bc7f3c6005b2,unique,,1,,,exact-dup-v1.0-2026-07-27
NEWS-guardian_api-72ac295c00a6,valid_full_text,ready_full_text,86412884cc0d103c,9952d0eef63f46f0,3e60f6ba5bdab9d9,unique,,1,,,exact-dup-v1.0-2026-07-27
NEWS-guardian_api-72bac896d872,valid_full_text,ready_full_text,a922b75e1c442579,a94ccf55e095d940,0e3b5dca957e93bb,unique,,1,,,exact-dup-v1.0-2026-07-27
NEWS-guardian_api-72bc73d0d65b,valid_full_text,ready_full_text,8c1e3c6b429d0adc,ec17f70f684bea90,6dcbf67d1faa9a6d,unique,,1,,,exact-dup-v1.0-2026-07-27
NEWS-guardian_api-72da926fc9db,valid_full_text,ready_full_text,3663cb2b94f716bb,d5b93d4ea51c3a54,7b2f9d26837d9e78,unique,,1,,,exact-dup-v1.0-2026-07-27
NEWS-guardian_api-72f0ae321dc5,valid_full_text,ready_full_text,dd25aea026f7bcea,dfb13e25b5f8de05,3e7f41809a7e5a20,unique,,1,,,exact-dup-v1.0-2026-07-27
NEWS-guardian_api-7320f9433f18,valid_full_text,ready_full_text,ea0190b5fcb4295a,80039547ebdd4b7f,9c6c2f48e019ddc0,unique,,1,,,exact-dup-v1.0-2026-07-27
NEWS-guardian_api-73c3e0ac1388,valid_full_text,ready_full_text,ec48ef4b7fe7f7b2,b5702953be22928e,bec38dcf88d2bc3d,unique,,1,,,exact-dup-v1.0-2026-07-27
NEWS-guardian_api-73cbb42e6427,valid_full_text,ready_full_text,8ede17881dd7f6b2,af253477cea597d3,602f203bd677eb0e,unique,,1,,,exact-dup-v1.0-2026-07-27
NEWS-guardian_api-73e3f30ddd08,valid_full_text,ready_full_text,b2cbd2b9d0b0bee4,fbc2a9e81cf8be01,523b1b6d33602e44,unique,,1,,,exact-dup-v1.0-2026-07-27
NEWS-guardian_api-73e81f6f1558,valid_full_text,ready_full_text,1bb25ab6f32e7d40,d41c45632bcaca1d,338a9adf9bb7aae6,unique,,1,,,exact-dup-v1.0-2026-07-27
NEWS-guardian_api-7435374144a7,valid_full_text,ready_full_text,aae0589f40c5a2a5,16284cab50540480,e6dda75ac66e1a6b,unique,,1,,,exact-dup-v1.0-2026-07-27
NEWS-guardian_api-743aa7ad9b8b,valid_full_text,ready_full_text,d9fa2493c818fe87,6e39893981c5780c,0d085ddfc96b5c45,unique,,1,,,exact-dup-v1.0-2026-07-27
NEWS-guardian_api-744120222a52,valid_full_text,ready_full_text,956909ea497bd0eb,67ec46034d63c98e,20b730ebd119f564,unique,,1,,,exact-dup-v1.0-2026-07-27
NEWS-guardian_api-74667f2f65a1,valid_full_text,ready_full_text,06cd0b357a177964,269999af9e5ffd6b,c987d5373c8c8b4b,unique,,1,,,exact-dup-v1.0-2026-07-27
NEWS-guardian_api-746a62416bce,valid_full_text,ready_full_text,c9000fb89dd2f943,9d06301796fdf95b,43d5106ef1d53778,unique,,1,,,exact-dup-v1.0-2026-07-27
NEWS-guardian_api-746ea8af0532,valid_full_text,ready_full_text,4d1f3baf78e7c8a4,8ee7cfded61b23bc,b4ff27407db583f2,unique,,1,,,exact-dup-v1.0-2026-07-27
NEWS-guardian_api-74bbc7c62cd4,valid_full_text,ready_full_text,d525b169f40d68db,e5b0ccc4e334d65f,bad2e7a422edd225,unique,,1,,,exact-dup-v1.0-2026-07-27
NEWS-guardian_api-74ed5b2d65fc,valid_full_text,ready_full_text,0917e4491c7cb418,5ff6fd6c194f7a46,34733c1d2683ef68,unique,,1,,,exact-dup-v1.0-2026-07-27
NEWS-guardian_api-7500f66e845f,valid_full_text,ready_full_text,6892df9067771b68,5dcd8a5f13470432,806b7a13400e1dc9,unique,,1,,,exact-dup-v1.0-2026-07-27
NEWS-guardian_api-7553c7a871b6,valid_full_text,ready_full_text,0c08af02d0e77a45,4ef808d56a052fda,01dc412d2bbf2ccb,unique,,1,,,exact-dup-v1.0-2026-07-27
NEWS-guardian_api-755893ae1e20,valid_full_text,ready_full_text,373327b1a86e01d6,e0ca02bd21e5214c,79a2c0ee6b58c497,unique,,1,,,exact-dup-v1.0-2026-07-27
NEWS-guardian_api-7571845e9649,valid_full_text,ready_full_text,27a91c76571902bc,b231c738afbf54a3,906bc2fda784b496,unique,,1,,,exact-dup-v1.0-2026-07-27
NEWS-guardian_api-75d0407e7570,valid_full_text,ready_full_text,10c2aa54d83bfbfe,f6394e8faedb8378,f12125417fb1f599,unique,,1,,,exact-dup-v1.0-2026-07-27
NEWS-guardian_api-75f01eefc68b,valid_full_text,ready_full_text,113b96aa20d6da9d,4d3b196b623c43ee,a0c4bbacd54c81b7,unique,,1,,,exact-dup-v1.0-2026-07-27
NEWS-guardian_api-768104c2cc58,valid_full_text,ready_full_text,51a38a98ed0e52e7,c5e7d80ab9f399e9,0c2c79b752eef453,unique,,1,,,exact-dup-v1.0-2026-07-27
NEWS-guardian_api-76f5aed1e89e,valid_full_text,ready_full_text,21115f52f4de214a,f277990ea961ee38,b5ed63c03d43b9c3,unique,,1,,,exact-dup-v1.0-2026-07-27
NEWS-guardian_api-775f95b2aee7,valid_full_text,ready_full_text,fb9e2a40d8f3ffbc,dafec73e65a3cdd8,bc68821f8644426b,unique,,1,,,exact-dup-v1.0-2026-07-27
NEWS-guardian_api-77fac87581da,valid_full_text,ready_full_text,89b27c20f5efe7e0,d4f1730aa1c37c1c,94e77a94b4a5bbdd,unique,,1,,,exact-dup-v1.0-2026-07-27
NEWS-guardian_api-7855e3fa4f40,valid_full_text,ready_full_text,d1244f301fa79534,665a0cd3d41da91c,cf649ec7964e7ddf,unique,,1,,,exact-dup-v1.0-2026-07-27
NEWS-guardian_api-786f21b78646,valid_full_text,ready_full_text,af2bffc382d8a59b,eecc548f055fc336,9cefabec610d31d6,unique,,1,,,exact-dup-v1.0-2026-07-27
NEWS-guardian_api-787f2c32a217,valid_full_text,ready_full_text,81b152228347ce8a,209a07f8c13b71bb,38246ea87a7a81cc,unique,,1,,,exact-dup-v1.0-2026-07-27
NEWS-guardian_api-78a80ce36fb8,valid_full_text,ready_full_text,8a9d3bd38bd6dfe5,7e45e94e2b4c13c7,e398d40ec6ea3fda,unique,,1,,,exact-dup-v1.0-2026-07-27
NEWS-guardian_api-78c1b7d75cf3,valid_full_text,ready_full_text,8c3ac1e3b8eccb14,dac7cf9cb9a0378f,976f272d70e0a227,unique,,1,,,exact-dup-v1.0-2026-07-27
NEWS-guardian_api-791575c1c5f9,valid_full_text,ready_full_text,64064c1adcc153e8,aaab495cac3bed15,f611c573d9a735d2,unique,,1,,,exact-dup-v1.0-2026-07-27
NEWS-guardian_api-79344a4f3603,valid_full_text,ready_full_text,148a3ebcb7d30cd6,d668edaffaf8673b,7df2359ec65c6488,unique,,1,,,exact-dup-v1.0-2026-07-27
NEWS-guardian_api-797167399f12,valid_full_text,ready_full_text,8a445602164ec06a,af0a80d1e3a2d424,19a332fed2452049,unique,,1,,,exact-dup-v1.0-2026-07-27
NEWS-guardian_api-79746de7f7ee,valid_full_text,ready_full_text,2005b5e116075a99,92408fcad02d3c95,286cfcecd9988c9f,unique,,1,,,exact-dup-v1.0-2026-07-27
NEWS-guardian_api-798e3f4ed3de,valid_full_text,ready_full_text,a5c1b9107fa17a4c,7e2a53ab363d0776,dbd5e19436432e16,unique,,1,,,exact-dup-v1.0-2026-07-27
NEWS-guardian_api-79aabe52ce20,valid_full_text,ready_full_text,802b7cc161caea4f,59fe980c6141a1a3,b0e2eb37d4b769fa,unique,,1,,,exact-dup-v1.0-2026-07-27
NEWS-guardian_api-79d42a4c95fb,valid_full_text,ready_full_text,949bd294e7396b6a,16d66d5a601bea53,a4482a5f2bbe6c38,unique,,1,,,exact-dup-v1.0-2026-07-27
NEWS-guardian_api-79e4454dcd61,valid_full_text,ready_full_text,188d7f541c74e5a8,7f44ab77eae6a505,f2681236a0997fa9,unique,,1,,,exact-dup-v1.0-2026-07-27
NEWS-guardian_api-7a40e6d634a4,valid_full_text,ready_full_text,3167d1e6cfd58ef0,5af6c19c5e8e0387,a0bfcbb57db0833b,unique,,1,,,exact-dup-v1.0-2026-07-27
NEWS-guardian_api-7aad34d8017e,valid_full_text,ready_full_text,44f5aa823a10da5f,d16730183fa34715,fd4d7c1945c96550,unique,,1,,,exact-dup-v1.0-2026-07-27
NEWS-guardian_api-7ac5be3b79ce,valid_full_text,ready_full_text,a89a68c751ca7220,65e1e62e384a278b,e11c03c4bc4df3f6,unique,,1,,,exact-dup-v1.0-2026-07-27
NEWS-guardian_api-7ac64738f70c,valid_full_text,ready_full_text,6e66a232cd2f5aa1,d5029bce54f0b09b,9c599cf780218c3c,unique,,1,,,exact-dup-v1.0-2026-07-27
NEWS-guardian_api-7ac7e566cbf6,valid_full_text,ready_full_text,dbb65a059bbe5284,1a34e09f5fbdb51d,c49453a096deb1cd,unique,,1,,,exact-dup-v1.0-2026-07-27
NEWS-guardian_api-7ae473813b7a,valid_full_text,ready_full_text,9ad2f922bc2f8ef3,8d6de2e04f7e013e,cf4733b093497489,unique,,1,,,exact-dup-v1.0-2026-07-27
NEWS-guardian_api-7b33009ac742,valid_full_text,ready_full_text,f0209fff5887b507,461884c39528f20e,4d67040e04fb8e9c,unique,,1,,,exact-dup-v1.0-2026-07-27
NEWS-guardian_api-7b8655fb30a1,valid_full_text,ready_full_text,ce09f2e6690c2eaf,fd7307428a07dee5,894ec7b53efd9c1c,unique,,1,,,exact-dup-v1.0-2026-07-27
NEWS-guardian_api-7bb82af70286,valid_full_text,ready_full_text,055e2a181cbf551c,c2e506a536e1cfa7,5b6ec2f721699cd2,unique,,1,,,exact-dup-v1.0-2026-07-27
NEWS-guardian_api-7bcdc36e04eb,valid_full_text,ready_full_text,02dac95f21938774,8a20d32ef7f6950d,0e1d9c902b0a2772,unique,,1,,,exact-dup-v1.0-2026-07-27
NEWS-guardian_api-7bcfe62e18d6,valid_full_text,ready_full_text,80e1d8a73eaf959f,1b4701d90d73051c,66b74ed71ac69eb5,unique,,1,,,exact-dup-v1.0-2026-07-27
NEWS-guardian_api-7c0365f0da3a,valid_full_text,ready_full_text,fa0c3472c8d16b83,282aca0996514f49,f051beadd99b601e,unique,,1,,,exact-dup-v1.0-2026-07-27
NEWS-guardian_api-7c28a7c2c3a2,valid_full_text,ready_full_text,bef3bc2ea0dc8bf1,17e5d0870f6c3dd1,c1565882e801a82e,unique,,1,,,exact-dup-v1.0-2026-07-27
NEWS-guardian_api-7ccc5fc9089b,valid_full_text,ready_full_text,be06cda3e988e4f8,550d1ed9ba62e0d1,09f50e77ba035a42,unique,,1,,,exact-dup-v1.0-2026-07-27
NEWS-guardian_api-7cf057334d25,valid_full_text,ready_full_text,10bc58df349d7e3c,c733dacd08f1e1d7,8cb3212cb563ad36,unique,,1,,,exact-dup-v1.0-2026-07-27
NEWS-guardian_api-7d2c78a960b8,valid_full_text,ready_full_text,68b56fb0432695de,52e7200a66f7441d,7853a83e46158908,unique,,1,,,exact-dup-v1.0-2026-07-27
NEWS-guardian_api-7d33c1754124,valid_full_text,ready_full_text,ee646deb21ae0a41,59253a9ef2b8ec2a,d42ab57f6ca4d856,unique,,1,,,exact-dup-v1.0-2026-07-27
NEWS-guardian_api-7d463b309a54,valid_full_text,ready_full_text,5c48401b0efbe4e6,44d8d4a416aa734c,8d0e340b37e5f4e6,unique,,1,,,exact-dup-v1.0-2026-07-27
NEWS-guardian_api-7dd3f7d510fc,valid_full_text,ready_full_text,ec002919a4b56062,8501a5e88ecfbe57,5638acaef8c29791,unique,,1,,,exact-dup-v1.0-2026-07-27
NEWS-guardian_api-7de4908ee828,valid_full_text,ready_full_text,80fd32349cdce041,6c1a44f4bec03c57,7e0da97b111e62af,unique,,1,,,exact-dup-v1.0-2026-07-27
NEWS-guardian_api-7e1ec6b6e691,valid_full_text,ready_full_text,f05c59a16d63cf93,765e8b7f50432495,caed13c30d8f2c09,unique,,1,,,exact-dup-v1.0-2026-07-27
NEWS-guardian_api-7e2b1b7c4f92,valid_full_text,ready_full_text,7927cafeb9536e9a,8cfb36b3d291eabe,17e9562f72eb8656,unique,,1,,,exact-dup-v1.0-2026-07-27
NEWS-guardian_api-7e4d5606ab94,valid_full_text,ready_full_text,1c8bc685ebdab8f4,d748c4fd8e6214f1,ff5f539bc537379f,unique,,1,,,exact-dup-v1.0-2026-07-27
NEWS-guardian_api-7e566405b881,valid_full_text,ready_full_text,65b4e74cd7220645,bf30a71e2571f16a,783741844ebd5c81,unique,,1,,,exact-dup-v1.0-2026-07-27
NEWS-guardian_api-7eaafe7bc86f,valid_full_text,ready_full_text,6c6607212aadf8fe,02c12c29696fba54,b018cbb674a52c49,unique,,1,,,exact-dup-v1.0-2026-07-27
NEWS-guardian_api-7f680997cc49,valid_full_text,ready_full_text,7a3db9e82afba6c7,8458f08ceffe80c8,f6fa27b3ec945400,unique,,1,,,exact-dup-v1.0-2026-07-27
NEWS-guardian_api-7f7006410a6b,valid_full_text,ready_full_text,a130637d353115fe,7d68b120e4cfecb8,91a8dc3ac23a969c,unique,,1,,,exact-dup-v1.0-2026-07-27
NEWS-guardian_api-7f72cc0500f8,valid_full_text,ready_full_text,8556f1696e342292,ba13079039437567,5600ff186a3e3f70,unique,,1,,,exact-dup-v1.0-2026-07-27
NEWS-guardian_api-7fddfc2533b9,valid_full_text,ready_full_text,ebf3384b6b08d5cf,22450c35eff711bb,cfca7ff38f4c9e44,unique,,1,,,exact-dup-v1.0-2026-07-27
NEWS-guardian_api-8005f5820d69,valid_full_text,ready_full_text,49c60322a3fdb927,7cf4936a6a02b7ed,6907fc9f81e7ffc6,unique,,1,,,exact-dup-v1.0-2026-07-27
NEWS-guardian_api-801fab331e9d,valid_full_text,ready_full_text,a06cefa66a50acd2,15de12a1d7a346e8,d59c0ad3a967d330,unique,,1,,,exact-dup-v1.0-2026-07-27
NEWS-guardian_api-805bdc5aab3a,valid_full_text,ready_full_text,180e24744239c4b6,94f946def72ab5e5,11a80548fe7e1261,unique,,1,,,exact-dup-v1.0-2026-07-27
NEWS-guardian_api-809ad76e4d3b,valid_full_text,ready_full_text,5eaa2204dd95bd5b,3546653f29903eca,6337c81d05d387f4,unique,,1,,,exact-dup-v1.0-2026-07-27
NEWS-guardian_api-80b0c42503eb,valid_full_text,ready_full_text,4e6bbd75c9878a05,f3fe5905901afb15,5df4bb80f2547fa6,unique,,1,,,exact-dup-v1.0-2026-07-27
NEWS-guardian_api-80d5450b1426,valid_full_text,ready_full_text,d8e70d6ed1c8a748,1f7658efeb69f50d,1d510aa5c6217d53,unique,,1,,,exact-dup-v1.0-2026-07-27
NEWS-guardian_api-80e2397c5b60,valid_full_text,ready_full_text,ceebe5b186f94a1f,ad341b8a4c14f7db,773a25380424ea9c,unique,,1,,,exact-dup-v1.0-2026-07-27
NEWS-guardian_api-80edbe762b90,valid_full_text,ready_full_text,2453815e13c28661,4b99a10fb7c29770,89c8de1beffbd09d,unique,,1,,,exact-dup-v1.0-2026-07-27
NEWS-guardian_api-80f4d08f259e,valid_full_text,ready_full_text,75ce20b4e3eca784,3ce2357f543a31ee,92867122f4bb0c68,unique,,1,,,exact-dup-v1.0-2026-07-27
NEWS-guardian_api-812a25fc4636,valid_full_text,ready_full_text,cf2b6dd9bb459c1f,e87c1ec101e63b65,624775e5cf23b245,unique,,1,,,exact-dup-v1.0-2026-07-27
NEWS-guardian_api-814b88f00908,valid_full_text,ready_full_text,a3dba16158cc1230,bf6fabd67d17fc05,0ff3dfec20139114,unique,,1,,,exact-dup-v1.0-2026-07-27
NEWS-guardian_api-815206f48d16,valid_full_text,ready_full_text,7a724c3491701847,79d992c13fecc60b,5085ef93e7a445e9,unique,,1,,,exact-dup-v1.0-2026-07-27
NEWS-guardian_api-815b302017a0,valid_full_text,ready_full_text,f7ffbba6c84fca64,d664ed75c3f883b2,d2439489a7cff074,unique,,1,,,exact-dup-v1.0-2026-07-27
NEWS-guardian_api-816f71092d34,valid_full_text,ready_full_text,715ce4790957aadf,8c23d7e16de3a35e,e9b1cae278ec6e59,unique,,1,,,exact-dup-v1.0-2026-07-27
NEWS-guardian_api-8180a0acaa84,valid_full_text,ready_full_text,f1233aa71a28ee0c,94c64420b270dcac,e814e96ca28e10f5,unique,,1,,,exact-dup-v1.0-2026-07-27
NEWS-guardian_api-81a5f7d1d764,valid_full_text,ready_full_text,5f25648dce55ee86,c70f028c47d79b46,62e480425bf267b3,unique,,1,,,exact-dup-v1.0-2026-07-27
NEWS-guardian_api-81c52a2cdcb8,valid_full_text,ready_full_text,81bcb611e1a5a199,e8f9e4be48a14657,a92cca6f9d596edc,unique,,1,,,exact-dup-v1.0-2026-07-27
NEWS-guardian_api-81ec4f63466d,valid_full_text,ready_full_text,f9efd079c0d65926,e54e555b68b3fd3f,2fe5057f574e27dc,unique,,1,,,exact-dup-v1.0-2026-07-27
NEWS-guardian_api-820c71d7223e,valid_full_text,ready_full_text,0cea7216e92e29dd,9fbc9b175d2b500b,0010c48a517804f6,unique,,1,,,exact-dup-v1.0-2026-07-27
NEWS-guardian_api-8213ba591593,valid_full_text,ready_full_text,77ba2e80318f2471,843f205254780774,c7186391a2a558a3,unique,,1,,,exact-dup-v1.0-2026-07-27
NEWS-guardian_api-825d02c7b058,valid_full_text,ready_full_text,dd09f70f855f4fc1,6b3363c1981ef81c,db9013ef5c64c847,unique,,1,,,exact-dup-v1.0-2026-07-27
NEWS-guardian_api-826254789616,valid_full_text,ready_full_text,25d7e3ada4f0b91a,b8672dd983250e55,995f693befd41842,unique,,1,,,exact-dup-v1.0-2026-07-27
NEWS-guardian_api-82904b71d181,valid_full_text,ready_full_text,d5b605c47bea6785,a87dfe7de69d11d5,a888ca4f943c4b0a,unique,,1,,,exact-dup-v1.0-2026-07-27
NEWS-guardian_api-832ecffdc3ab,valid_full_text,ready_full_text,23682cf272c77e6a,50ca15bc81d50c59,ed10979a32858d2c,unique,,1,,,exact-dup-v1.0-2026-07-27
NEWS-guardian_api-8333180e7923,valid_full_text,ready_full_text,cbf4bb2b594d5d3b,16122ce4b372dcf7,6028be1bb730adc7,unique,,1,,,exact-dup-v1.0-2026-07-27
NEWS-guardian_api-833def95e09c,valid_full_text,ready_full_text,2a98b351c5d0d1d8,effbea68c758fc59,bc12f830491de5be,unique,,1,,,exact-dup-v1.0-2026-07-27
NEWS-guardian_api-834a06667985,valid_full_text,ready_full_text,64ebb1a24b3e4d08,1123efb5dd5ced79,e194d74828b55990,unique,,1,,,exact-dup-v1.0-2026-07-27
NEWS-guardian_api-836ab1f7bd05,valid_full_text,ready_full_text,b0820503650ae1bc,9740a9027ddf1abc,e44421a03e95378c,unique,,1,,,exact-dup-v1.0-2026-07-27
NEWS-guardian_api-8378fadc540d,valid_full_text,ready_full_text,6af860248e7a2986,3264c0f578c6b289,1a5b4d238163b5ae,unique,,1,,,exact-dup-v1.0-2026-07-27
NEWS-guardian_api-83ef92c038ec,valid_full_text,ready_full_text,06d6c44341ce86d3,1dc40d4aac56c161,172e8fa44cbf56ef,unique,,1,,,exact-dup-v1.0-2026-07-27
NEWS-guardian_api-840b36b35340,valid_full_text,ready_full_text,6afb5c108d137ed2,63d314289dfd0f23,9ab3a1a36f11cffd,unique,,1,,,exact-dup-v1.0-2026-07-27
NEWS-guardian_api-8450082906fd,valid_full_text,ready_full_text,ac37f4fb41b0bb98,ac87c7a2d9cf4218,2b1155d12dc0570c,unique,,1,,,exact-dup-v1.0-2026-07-27
NEWS-guardian_api-845cafda71ad,valid_full_text,ready_full_text,d9ce66a426968260,5833921f9cdb80fd,552dd256b76ae161,unique,,1,,,exact-dup-v1.0-2026-07-27
NEWS-guardian_api-84a775d4ad10,valid_full_text,ready_full_text,4acc7765199e4b56,161e40cf8e900bf1,25967e1c2a27fb6f,unique,,1,,,exact-dup-v1.0-2026-07-27
NEWS-guardian_api-84d7fee97b43,valid_full_text,ready_full_text,fcea8cea7894cf1a,d6e6a06953029032,546a075489fcc7ac,unique,,1,,,exact-dup-v1.0-2026-07-27
NEWS-guardian_api-85443f19374b,valid_full_text,ready_full_text,9d5e65256e7fe0e1,09005b8e4668596f,561584d007c7a2cd,unique,,1,,,exact-dup-v1.0-2026-07-27
NEWS-guardian_api-857b1aedd9a7,valid_full_text,ready_full_text,547f5e08b1d380c6,037a580594c7e955,2c913f81b80479ca,unique,,1,,,exact-dup-v1.0-2026-07-27
NEWS-guardian_api-85a3e1e1f416,valid_full_text,ready_full_text,0aec2163997ff1ca,94692319574a7a6b,d29b4258219c0f86,unique,,1,,same_title_different_body,exact-dup-v1.0-2026-07-27
NEWS-guardian_api-85aa2166b08c,valid_full_text,ready_full_text,3be498fee71c1bd6,3bfea408deb9a694,272b830a3653d6f1,unique,,1,,,exact-dup-v1.0-2026-07-27
NEWS-guardian_api-8605978f4fbe,valid_full_text,ready_full_text,4186eb803d821052,8e49b3a543db289c,153474563864a798,unique,,1,,,exact-dup-v1.0-2026-07-27
NEWS-guardian_api-861a72e5ab17,valid_full_text,ready_full_text,7dbdfa3c21894c3f,e2e0323830d7e950,0deef066988f9110,unique,,1,,,exact-dup-v1.0-2026-07-27
NEWS-guardian_api-86576d3b9078,valid_full_text,ready_full_text,341e033f838202df,c8a28406bae5fb8b,78e6d8b29448e0c5,unique,,1,,,exact-dup-v1.0-2026-07-27
NEWS-guardian_api-86721046a89c,valid_full_text,ready_full_text,97337635746a7e19,5f2b13a3d6613498,abc726b5663e1a5c,unique,,1,,,exact-dup-v1.0-2026-07-27
NEWS-guardian_api-8679bf0d0f52,valid_full_text,ready_full_text,6a38753bdd7e9e66,8601e89b02555f9a,46eda6f71544e403,unique,,1,,,exact-dup-v1.0-2026-07-27
NEWS-guardian_api-869aa24c5488,valid_full_text,ready_full_text,a0eb0c153829b08c,c1be74645d080e87,8b322543236b55bd,unique,,1,,,exact-dup-v1.0-2026-07-27
NEWS-guardian_api-86b8de3b78ae,valid_full_text,ready_full_text,449510f4a85d34f9,39a6998b3639bdbb,d9a220e00dac7d6d,unique,,1,,,exact-dup-v1.0-2026-07-27
NEWS-guardian_api-86c887caf4a2,valid_full_text,ready_full_text,3995793281b16e5f,00741a2c17161523,9dbe80ccd575e837,unique,,1,,,exact-dup-v1.0-2026-07-27
NEWS-guardian_api-86d2ace2724d,valid_full_text,ready_full_text,01a894af9fa5631d,510d46665a0c66fa,792cb70b491430ce,unique,,1,,,exact-dup-v1.0-2026-07-27
NEWS-guardian_api-86d4e160894e,valid_full_text,ready_full_text,9329ffc483716f94,be4b1d748e092165,af898eebb30b6af9,unique,,1,,,exact-dup-v1.0-2026-07-27
NEWS-guardian_api-871cb6ea0bb9,valid_full_text,ready_full_text,1d173e71cb13f709,7d5fbf48bdf3b257,b4f63866676c8457,unique,,1,,,exact-dup-v1.0-2026-07-27
NEWS-guardian_api-8725f001e36f,valid_full_text,ready_full_text,2369b64fd82879c6,4d9ff6e98e378480,aa10fc8cdf01019b,unique,,1,,,exact-dup-v1.0-2026-07-27
NEWS-guardian_api-8731ac96ccb7,valid_full_text,ready_full_text,78b95d21d8c7b051,7c10f9c6883273db,0d6ae07d956d80eb,unique,,1,,,exact-dup-v1.0-2026-07-27
NEWS-guardian_api-873a456cf4f6,valid_full_text,ready_full_text,4c36087ab633aef7,74e24220d63d0cdd,62a645a37721b4f8,unique,,1,,,exact-dup-v1.0-2026-07-27
NEWS-guardian_api-874b523727d0,valid_full_text,ready_full_text,de2569e0ea8a37af,70eeb026c9a8f19a,eaf825e241de1569,unique,,1,,,exact-dup-v1.0-2026-07-27
NEWS-guardian_api-875900f6c6d3,valid_full_text,ready_full_text,92130dd8053bca0d,5c07355f54f4b3a1,1195f6a271feb399,unique,,1,,,exact-dup-v1.0-2026-07-27
NEWS-guardian_api-876c30fab903,valid_full_text,ready_full_text,32159b2ad36e67d8,27518fd3ad511f4b,0b6765c327eeceaa,unique,,1,,,exact-dup-v1.0-2026-07-27
NEWS-guardian_api-87b9f63366b4,valid_full_text,ready_full_text,a9f29fc7aa9367e7,ca9186b0d52a56c2,53c91fd4af2b5961,unique,,1,,,exact-dup-v1.0-2026-07-27
NEWS-guardian_api-87c983cdc10f,valid_full_text,ready_full_text,a4f093f1b7333e3f,482d0ffa3e0d4a12,335ece2aed8efc1c,unique,,1,,,exact-dup-v1.0-2026-07-27
NEWS-guardian_api-88381c9fc9c9,valid_full_text,ready_full_text,7ae9f5f3b8b572b2,e0b9352e5d01acc4,8742a2cf1d91c2e2,unique,,1,,,exact-dup-v1.0-2026-07-27
NEWS-guardian_api-88e751d96451,valid_full_text,ready_full_text,8caf82a5b8d8ad9a,2a5907db6f953833,88737b74dbdad941,unique,,1,,,exact-dup-v1.0-2026-07-27
NEWS-guardian_api-890673bc61c4,valid_full_text,ready_full_text,8f0a7da2a4c3549c,3d28f239c5c0f1fa,40a3c652ff04b06f,unique,,1,,,exact-dup-v1.0-2026-07-27
NEWS-guardian_api-894657e4477c,valid_full_text,ready_full_text,e3a3232626d1e192,5b2fed7601c0c4a4,b7a8e1a7b41f2ea0,unique,,1,,,exact-dup-v1.0-2026-07-27
NEWS-guardian_api-896faad4b594,valid_full_text,ready_full_text,bdabfe204e00b719,5ab32b25acc1fab0,6e475b16d4d3b7f6,unique,,1,,,exact-dup-v1.0-2026-07-27
NEWS-guardian_api-8984c2ad4f60,valid_full_text,ready_full_text,f99846548fbe1f80,24e24b2846b1c82d,1342d73e300c229f,unique,,1,,,exact-dup-v1.0-2026-07-27
NEWS-guardian_api-89983abcc5d1,valid_full_text,ready_full_text,a502563597cc88c6,bfb92dd969281458,ac1fe69f95dcf9e2,unique,,1,,,exact-dup-v1.0-2026-07-27
NEWS-guardian_api-8a292563638e,valid_full_text,ready_full_text,788e7b61aaeaed4b,3963621fbc8973eb,632e685bcd9fd6da,unique,,1,,,exact-dup-v1.0-2026-07-27
NEWS-guardian_api-8a3715512066,valid_full_text,ready_full_text,5e37431a363c2a89,fd038971ebbdf239,0da7f20d7b0c6967,unique,,1,,,exact-dup-v1.0-2026-07-27
NEWS-guardian_api-8a3b4436bfc3,valid_full_text,ready_full_text,d10823a55dc2b193,320de6039fc1c377,9bae21e9fe9acb7e,unique,,1,,,exact-dup-v1.0-2026-07-27
NEWS-guardian_api-8a3d2dbc1d20,valid_full_text,ready_full_text,5b01beb54c124981,9d6d54dd33820ef7,a75bebe42ef97f87,unique,,1,,,exact-dup-v1.0-2026-07-27
NEWS-guardian_api-8a4b9b7d2350,valid_full_text,ready_full_text,d6854c5ca4919620,97d70ea28dae72ce,c05a797ea66f34fc,unique,,1,,,exact-dup-v1.0-2026-07-27
NEWS-guardian_api-8a783705f74e,valid_full_text,ready_full_text,3de00218025620b9,772c90e219b81a49,5551edcf6f5902d2,unique,,1,,,exact-dup-v1.0-2026-07-27
NEWS-guardian_api-8a849cd56bab,valid_full_text,ready_full_text,39ec568a2a975016,e2e1e01bca8c5f28,1790ba7d1c666a21,unique,,1,,,exact-dup-v1.0-2026-07-27
NEWS-guardian_api-8aadc09fa9eb,missing_body,not_usable_for_text_analysis,,,,not_clustered_unusable,,0,,,exact-dup-v1.0-2026-07-27
NEWS-guardian_api-8abbf951fc56,valid_full_text,ready_full_text,75b19d658fa542f7,48dfae2497f525c6,ce7c5cdbef63045c,unique,,1,,,exact-dup-v1.0-2026-07-27
NEWS-guardian_api-8ae0aa97db90,valid_full_text,ready_full_text,b56297521f88f325,037f24417385bae4,8f6c6c0c18dde64e,unique,,1,,,exact-dup-v1.0-2026-07-27
NEWS-guardian_api-8bbaae33397b,valid_full_text,ready_full_text,2922a35104d24286,66daa6a239a4910e,8144b3dc147988f5,unique,,1,,,exact-dup-v1.0-2026-07-27
NEWS-guardian_api-8bd05c36376f,valid_full_text,ready_full_text,6fd4ba028c69fd20,6909cc8f46d02f52,cc09c08f61ddb042,unique,,1,,,exact-dup-v1.0-2026-07-27
NEWS-guardian_api-8c159b6f23f1,valid_full_text,ready_full_text,84833e33c38222de,ace6e8f6eab144d6,898314cf3dd8f209,unique,,1,,,exact-dup-v1.0-2026-07-27
NEWS-guardian_api-8c9b7a4a8233,valid_full_text,ready_full_text,f10f056ad80ff1b5,41f6c6690b415691,1b9f62b3ad1f34aa,unique,,1,,,exact-dup-v1.0-2026-07-27
NEWS-guardian_api-8c9e69c4971f,valid_full_text,ready_full_text,6f04e3325a49d6e3,9fde5ac36396c97a,f6270a4e42d949d5,unique,,1,,,exact-dup-v1.0-2026-07-27
NEWS-guardian_api-8cadf818edfa,valid_full_text,ready_full_text,ce3f1b84e3be67a1,374be8ea8c9fb807,f470f259012057f3,unique,,1,,,exact-dup-v1.0-2026-07-27
NEWS-guardian_api-8cc6ccd647a7,valid_full_text,ready_full_text,5cf843621d8ec9e5,0b3237cf0ff5b5b4,dd7cfe434ff4c904,unique,,1,,,exact-dup-v1.0-2026-07-27
NEWS-guardian_api-8cfc048a5781,valid_full_text,ready_full_text,4f9747587cc74dc1,c7b04dca5fb90241,082cd1dd10af9a56,unique,,1,,,exact-dup-v1.0-2026-07-27
NEWS-guardian_api-8d6d54880aba,valid_full_text,ready_full_text,389b6cf3f0a0ceed,972428d226203810,27f62688a839b586,unique,,1,,,exact-dup-v1.0-2026-07-27
NEWS-guardian_api-8d7b00b2bf6a,valid_full_text,ready_full_text,d94fd7052c43dd0c,0b094276fd203eea,4a494a50bdb838db,unique,,1,,,exact-dup-v1.0-2026-07-27
NEWS-guardian_api-8d9e7faca022,valid_full_text,ready_full_text,c746601d9015df21,39bbde021372820f,89d90a36d85811ef,unique,,1,,,exact-dup-v1.0-2026-07-27
NEWS-guardian_api-8da67145bd33,valid_full_text,ready_full_text,ff304d8ec5d724ec,99fd502a4a3e47c4,08564db5cadf2b65,unique,,1,,,exact-dup-v1.0-2026-07-27
NEWS-guardian_api-8dac85dbd070,valid_full_text,ready_full_text,ac9b3a62817a879b,e40af57889decce9,efbf47432a21ee50,unique,,1,,,exact-dup-v1.0-2026-07-27
NEWS-guardian_api-8db482333bf9,valid_full_text,ready_full_text,a8a77bd0b8c7db72,eae3cb7d55ea33d2,4df714fa818dc31c,unique,,1,,,exact-dup-v1.0-2026-07-27
NEWS-guardian_api-8db50a066dea,valid_full_text,ready_full_text,7a5fd4ff342090f3,e5022551fb2d2377,01ad002f64f6aadb,unique,,1,,,exact-dup-v1.0-2026-07-27
NEWS-guardian_api-8dfa46907902,valid_full_text,ready_full_text,9977a7a59453072b,9db296a15b3b47a8,c2ef76ede79e0db9,unique,,1,,,exact-dup-v1.0-2026-07-27
NEWS-guardian_api-8e1685d245eb,valid_full_text,ready_full_text,9e38246b556bd656,a2e7a980096e590d,728e27ec463d3def,unique,,1,,,exact-dup-v1.0-2026-07-27
NEWS-guardian_api-8e17fedbf564,valid_full_text,ready_full_text,b12ce5a46c09617f,0081893d4ce43d51,d0d6a6714a4d51bb,unique,,1,,,exact-dup-v1.0-2026-07-27
NEWS-guardian_api-8e1e12c67285,valid_full_text,ready_full_text,1b1970cf1e5a502a,593d9a2471dbc33c,04c2d7c2970c0d7d,unique,,1,,,exact-dup-v1.0-2026-07-27
NEWS-guardian_api-8e258579bb6e,valid_full_text,ready_full_text,f003134e1e0fd550,bcf0ddfdfadef6ca,9cf0c51c439f5d88,unique,,1,,,exact-dup-v1.0-2026-07-27
NEWS-guardian_api-8e4d013ec8a4,valid_full_text,ready_full_text,ed05e27d1dcfab37,e750fed62a45931f,5ebc25bbe86ad5da,unique,,1,,,exact-dup-v1.0-2026-07-27
NEWS-guardian_api-8e6ffc19551a,valid_full_text,ready_full_text,be0916856073052d,20a1ad4f4b58befd,beea18038e5d0ddd,unique,,1,,,exact-dup-v1.0-2026-07-27
NEWS-guardian_api-8e9cf350d76d,valid_full_text,ready_full_text,7df60a04f2fb583c,f27cb754b39ff647,02bf8c23d5ee240e,unique,,1,,,exact-dup-v1.0-2026-07-27
NEWS-guardian_api-8ef0471b6af8,valid_full_text,ready_full_text,37649ae9a2e0c185,421b69ba6fd81ea0,b2c1f309235e19b8,unique,,1,,,exact-dup-v1.0-2026-07-27
NEWS-guardian_api-8f0b18943090,valid_full_text,ready_full_text,352d60aea58d444b,cf87b7dd53ed0cd6,d35632f9a8be6e1d,unique,,1,,,exact-dup-v1.0-2026-07-27
NEWS-guardian_api-8f0f8c974200,valid_full_text,ready_full_text,109043d52f804b40,464436a383c05fa4,4f98159967571bd5,unique,,1,,,exact-dup-v1.0-2026-07-27
NEWS-guardian_api-8f21ed1fa60a,valid_full_text,ready_full_text,784ba37fce032088,6f74780a53a8f190,3252d4a319543160,unique,,1,,,exact-dup-v1.0-2026-07-27
NEWS-guardian_api-8f3d3ae0d2d4,valid_full_text,ready_full_text,c435542858e0c5f9,0328a3fb0b311e2a,25453c82f3caab38,unique,,1,,,exact-dup-v1.0-2026-07-27
NEWS-guardian_api-8f8bb614b9a0,valid_full_text,ready_full_text,8db35fc39dd0b45a,3a4cfeb18c57276a,12ab7f6a928ccad2,unique,,1,,,exact-dup-v1.0-2026-07-27
NEWS-guardian_api-8f98ab604ef4,valid_full_text,ready_full_text,441e65805195bbf1,ae971cba8dfef70c,c9162c31ec150674,unique,,1,,,exact-dup-v1.0-2026-07-27
NEWS-guardian_api-8fbd749e189f,valid_full_text,ready_full_text,5abd32fa3b4d02e9,1fe26981000f522f,fd22b619b0a7dd21,unique,,1,,,exact-dup-v1.0-2026-07-27
NEWS-guardian_api-8fe9e26be587,valid_full_text,ready_full_text,d4db5cacf59f9b33,e796a485fe0153f6,743c7df8ff2df7dd,unique,,1,,,exact-dup-v1.0-2026-07-27
NEWS-guardian_api-8ff323b1e22d,valid_full_text,ready_full_text,4fa51ff0e3cafff7,16a9127b2298ae12,fb5d63dbc1ed650b,unique,,1,,,exact-dup-v1.0-2026-07-27
NEWS-guardian_api-8ffd47655aec,valid_full_text,ready_full_text,608a760158ec6074,f31ff189544ee124,1549da52992d56f8,unique,,1,,,exact-dup-v1.0-2026-07-27
NEWS-guardian_api-90177cc9bab6,valid_full_text,ready_full_text,2513d42cae6f3710,99a7d725c20f6fd0,de35b7315eab4f6d,unique,,1,,,exact-dup-v1.0-2026-07-27
NEWS-guardian_api-9037b4d37882,valid_full_text,ready_full_text,6c351e2ece9d7d03,d3393f3729115622,e3fb2722ec57b505,unique,,1,,,exact-dup-v1.0-2026-07-27
NEWS-guardian_api-90a2a79b04a2,valid_full_text,ready_full_text,0af12045810fded0,e512bd98f1c13516,12522db05e84c60b,unique,,1,,,exact-dup-v1.0-2026-07-27
NEWS-guardian_api-90d756d9b37a,valid_full_text,ready_full_text,c8dfdf0565842341,d6909aed98258c06,458e4874db407555,unique,,1,,,exact-dup-v1.0-2026-07-27
NEWS-guardian_api-90e2798071e0,valid_full_text,ready_full_text,74f16866b38e04d5,20cc73d1a7ebbf12,003e2b8809564d1b,unique,,1,,,exact-dup-v1.0-2026-07-27
NEWS-guardian_api-90e3441d06cf,valid_full_text,ready_full_text,d80e0a214ccc333f,eb2a4d4a0925a847,84f5b0c222cb46f4,unique,,1,,,exact-dup-v1.0-2026-07-27
NEWS-guardian_api-90fcfd779edf,valid_full_text,ready_full_text,5429de41b3ffed0c,13daec61f7ca91ff,467e678cd3701cac,unique,,1,,,exact-dup-v1.0-2026-07-27
NEWS-guardian_api-9129479d7816,valid_full_text,ready_full_text,d2f1bf5238aca121,29b4868461c693ed,8aff9fe4b141d3f5,unique,,1,,,exact-dup-v1.0-2026-07-27
NEWS-guardian_api-9134b8067593,valid_full_text,ready_full_text,f4bb2f2645c7756b,ee049df83c8117d7,ecea0d7d3e4a3440,unique,,1,,,exact-dup-v1.0-2026-07-27
NEWS-guardian_api-9137f1f539c1,valid_full_text,ready_full_text,b7c8d99f89649197,a36607f87068a833,4291cfd4826c61c7,unique,,1,,,exact-dup-v1.0-2026-07-27
NEWS-guardian_api-913a7fda6f88,valid_full_text,ready_full_text,6e03758590617239,cbf4b3b21133d2e7,0eb3e8134169cd3a,unique,,1,,,exact-dup-v1.0-2026-07-27
NEWS-guardian_api-91431c6c7940,valid_full_text,ready_full_text,bd251a6bdfa80684,6d72e28385678e8a,ac5f0d0d28cedd2b,unique,,1,,,exact-dup-v1.0-2026-07-27
NEWS-guardian_api-91453703a00d,valid_full_text,ready_full_text,3d8a562593bdfdf9,26ff0467fe7772cc,199392e7ffdac50d,unique,,1,,,exact-dup-v1.0-2026-07-27
NEWS-guardian_api-9181caa4dc4b,valid_full_text,ready_full_text,98bc00b45e6c2386,c1d40c8a176d282a,9eb9042d5556fa78,unique,,1,,,exact-dup-v1.0-2026-07-27
NEWS-guardian_api-91fd53146cc0,valid_full_text,ready_full_text,46f32f61c0edd263,7271d891501c67f3,75989fc603609e6f,unique,,1,,,exact-dup-v1.0-2026-07-27
NEWS-guardian_api-9230cf58b627,valid_full_text,ready_full_text,c38b6b3c97bd7390,3e5ab370e5eee20a,9024e9a35fddd338,unique,,1,,,exact-dup-v1.0-2026-07-27
NEWS-guardian_api-92326a242c77,valid_full_text,ready_full_text,55010666e918030b,91e8a4545093dab0,1dace2860229f271,unique,,1,,,exact-dup-v1.0-2026-07-27
NEWS-guardian_api-92577cec4ad0,valid_full_text,ready_full_text,04aa8080db731bf5,afa0aadcc77d109e,5771faf6b192c516,unique,,1,,,exact-dup-v1.0-2026-07-27
NEWS-guardian_api-928d8692a596,valid_full_text,ready_full_text,b56f61440bd3a864,ece1951ac99931d4,157cc5384a36285e,unique,,1,,,exact-dup-v1.0-2026-07-27
NEWS-guardian_api-929b1fa9d130,valid_full_text,ready_full_text,f587493a0fe5bf03,7cec802bf88aa696,6a2d2bd5f06c4287,unique,,1,,,exact-dup-v1.0-2026-07-27
NEWS-guardian_api-92b23a3531c5,valid_full_text,ready_full_text,ef1631eacbd0d970,760b11cb21dce57d,01025f3f270efa48,unique,,1,,,exact-dup-v1.0-2026-07-27
NEWS-guardian_api-92f831d50e12,valid_full_text,ready_full_text,f004ad0aa858c5d9,288b428b43dabf5d,085a9bd5369f71f3,unique,,1,,,exact-dup-v1.0-2026-07-27
NEWS-guardian_api-930b508b6d9f,valid_full_text,ready_full_text,1e50aaa08a6b55c6,1c138484b8a022d5,27bd1ef0b9a8b7a3,unique,,1,,,exact-dup-v1.0-2026-07-27
NEWS-guardian_api-9346eadeaaca,valid_full_text,ready_full_text,ba5c42b00cfbd46f,a8779bca79df8134,5037bc4da74d2358,unique,,1,,,exact-dup-v1.0-2026-07-27
NEWS-guardian_api-9429632d0a41,valid_full_text,ready_full_text,20f4e1749a6df543,6b2623fc1ff67492,8af1908382d5610b,unique,,1,,,exact-dup-v1.0-2026-07-27
NEWS-guardian_api-94559906b006,valid_full_text,ready_full_text,b84e7b4a6ac314ac,cbcc9de7baf1a615,28d1147915dcc2fd,unique,,1,,,exact-dup-v1.0-2026-07-27
NEWS-guardian_api-945ab560fa81,valid_full_text,ready_full_text,51b95429fdfa93db,df5bdd4f030be81f,70a5f208d11b2b8c,unique,,1,,,exact-dup-v1.0-2026-07-27
NEWS-guardian_api-9475bcc5eee1,valid_full_text,ready_full_text,ee1cc6a5f4e09d2a,3bb2c7abecf45db6,67a3446424985581,unique,,1,,,exact-dup-v1.0-2026-07-27
NEWS-guardian_api-94b17d2875cf,valid_full_text,ready_full_text,95b3f34d2a23b75c,b5803eac0ffe79aa,c781d6ede7765868,unique,,1,,,exact-dup-v1.0-2026-07-27
NEWS-guardian_api-955916c75837,valid_full_text,ready_full_text,a5b3ae6161048353,776d5dbacc8e1a0c,bd08640650645758,unique,,1,,,exact-dup-v1.0-2026-07-27
NEWS-guardian_api-95a348c0ca98,valid_full_text,ready_full_text,7de6da413b28ad2b,647b6aab3a8e68db,15972bf46b51217b,unique,,1,,,exact-dup-v1.0-2026-07-27
NEWS-guardian_api-95d73413bd9b,valid_full_text,ready_full_text,be4559f7a163ad16,3847f4debf39a0fc,d86d731069ae3ab2,unique,,1,,,exact-dup-v1.0-2026-07-27
NEWS-guardian_api-960704f300dc,valid_full_text,ready_full_text,72dd3e90455ef70e,ceb11a6b9520bc17,5713419bdee4f5dd,unique,,1,,,exact-dup-v1.0-2026-07-27
NEWS-guardian_api-96128d1df7cb,valid_full_text,ready_full_text,d1bc4fbbc3493bc3,7fe30a034e072f42,952178654a1ccd2c,unique,,1,,,exact-dup-v1.0-2026-07-27
NEWS-guardian_api-962fa010968e,valid_full_text,ready_full_text,4e8554277f8209f4,37298ff98fc7d246,0e2cab9adb48d319,unique,,1,,,exact-dup-v1.0-2026-07-27
NEWS-guardian_api-968f78bea44e,valid_full_text,ready_full_text,d1debefd5e2b7e0e,c76cee182e8b5304,505aa29cdbf3cdd3,unique,,1,,,exact-dup-v1.0-2026-07-27
NEWS-guardian_api-96b3e4035938,valid_full_text,ready_full_text,8e0e5013bb640289,389c65b71bc9ffb3,6e6c15293ceae0cc,unique,,1,,,exact-dup-v1.0-2026-07-27
NEWS-guardian_api-97a412d724ee,valid_full_text,ready_full_text,625651a049b43ab8,dd85fe383c47cdfa,5c3f4440a7bcb7f8,unique,,1,,,exact-dup-v1.0-2026-07-27
NEWS-guardian_api-97ab421a883b,valid_full_text,ready_full_text,757ae0ebb82d729a,6b067617697bef52,690cbd5150921422,unique,,1,,,exact-dup-v1.0-2026-07-27
NEWS-guardian_api-97afb69083f2,valid_full_text,ready_full_text,018dac528c0ac879,620d19e697533192,c7e67591a9cfacce,unique,,1,,,exact-dup-v1.0-2026-07-27
NEWS-guardian_api-97b3a5489c02,valid_full_text,ready_full_text,6381edb6fe14662f,89d3f88324962e68,48d6a622cecb5683,unique,,1,,,exact-dup-v1.0-2026-07-27
NEWS-guardian_api-97dcf0d72091,valid_full_text,ready_full_text,1d46c6e4f19df5f1,546771300de224c0,3fc765f521a94594,unique,,1,,,exact-dup-v1.0-2026-07-27
NEWS-guardian_api-97e10857c0e0,valid_full_text,ready_full_text,4aa07eb9ab48f2cd,63beb9ea51cde1dc,246c27a939167068,unique,,1,,,exact-dup-v1.0-2026-07-27
NEWS-guardian_api-97eff15e7f72,valid_full_text,ready_full_text,3d03b276206b9af9,7ce4e42331a6d5a2,57734c1bc58eed05,unique,,1,,,exact-dup-v1.0-2026-07-27
NEWS-guardian_api-9828b51cdedf,valid_full_text,ready_full_text,1bf9ab914b6de858,b666f7f5b129423f,e2c6860c4a14349b,unique,,1,,,exact-dup-v1.0-2026-07-27
NEWS-guardian_api-989c88ce03bd,valid_full_text,ready_full_text,64b89d8e756adde2,c32444406087aad3,1acbfcb86a9648cf,unique,,1,,,exact-dup-v1.0-2026-07-27
NEWS-guardian_api-98a91361b682,valid_full_text,ready_full_text,3de829ce8cf787e6,acec214ee65c4d7d,be2ae55f3c0fbacd,unique,,1,,,exact-dup-v1.0-2026-07-27
NEWS-guardian_api-98b0c703a9cf,valid_full_text,ready_full_text,37e879430019a587,b8fe25776e485ce5,0f187e8a5762965f,unique,,1,,,exact-dup-v1.0-2026-07-27
NEWS-guardian_api-98e49f238542,valid_full_text,ready_full_text,33c5ed9e29a0bc32,f9bf8773623b78e6,b80378f3619de2ee,unique,,1,,,exact-dup-v1.0-2026-07-27
NEWS-guardian_api-98f8377fc89b,valid_full_text,ready_full_text,16d0c745654316a3,9ac727b7a78619ae,11567c2cdfcaef58,unique,,1,,,exact-dup-v1.0-2026-07-27
NEWS-guardian_api-990b63e28504,valid_full_text,ready_full_text,aa01e19a4cf9ed5f,08000d51acb6af69,e4bcca02b2d4080b,unique,,1,,,exact-dup-v1.0-2026-07-27
NEWS-guardian_api-991f8d5613ca,valid_full_text,ready_full_text,5461c058171a0ce4,4558b030f0bbfe29,5817c59d9c071ba9,unique,,1,,,exact-dup-v1.0-2026-07-27
NEWS-guardian_api-992d73bb1ded,valid_full_text,ready_full_text,03de95a355b92d36,328ece234df0178b,0979ca45baaa3918,unique,,1,,,exact-dup-v1.0-2026-07-27
NEWS-guardian_api-9932c3dbc144,valid_full_text,ready_full_text,3b7bac040831e624,711049930750bd12,7e07a2409f9f9c8b,unique,,1,,,exact-dup-v1.0-2026-07-27
NEWS-guardian_api-99477371d0ca,valid_full_text,ready_full_text,e708e5c13fc4db70,edd995a4a277b7c2,dcdce68413796f72,unique,,1,,,exact-dup-v1.0-2026-07-27
NEWS-guardian_api-995cc8d64dc8,valid_full_text,ready_full_text,6adcaaf215869efa,afefc443abac5724,351b0197d2a26fa5,unique,,1,,,exact-dup-v1.0-2026-07-27
NEWS-guardian_api-996b3e45374b,valid_full_text,ready_full_text,b85ae27e860d5ccf,8b99d9480d3f9964,75c28b0a0da847df,unique,,1,,,exact-dup-v1.0-2026-07-27
NEWS-guardian_api-996d92277db6,valid_full_text,ready_full_text,30d61d952a89d630,29dc5cb7b32fd159,34770604e51b97be,unique,,1,,,exact-dup-v1.0-2026-07-27
NEWS-guardian_api-998d8eeeceb7,valid_full_text,ready_full_text,f688465113ee83bc,12469791308eadf0,1f42e574123f2eb1,unique,,1,,,exact-dup-v1.0-2026-07-27
NEWS-guardian_api-99afe59d909f,valid_full_text,ready_full_text,30d4df7c538c7b2e,18e992345cdffd64,b4857126d33729a8,unique,,1,,,exact-dup-v1.0-2026-07-27
NEWS-guardian_api-99c2fa43dc02,valid_full_text,ready_full_text,b9cf14b862cede77,a91bacda3e287ec7,840e70e5b630e41d,unique,,1,,,exact-dup-v1.0-2026-07-27
NEWS-guardian_api-99d9f6ee8e3a,valid_full_text,ready_full_text,3b2b3c7854ad970b,0e667046b23c17a0,318e4cfa975b126c,unique,,1,,,exact-dup-v1.0-2026-07-27
NEWS-guardian_api-99ffe3ff25dc,valid_full_text,ready_full_text,fc4b31509b11fcea,29c207b74a65a567,bf762f5061f2a16b,unique,,1,,,exact-dup-v1.0-2026-07-27
NEWS-guardian_api-9a051552e382,valid_full_text,ready_full_text,06bed6b8bf987323,48ab2cdb896b38df,c1724f6c4045910e,unique,,1,,,exact-dup-v1.0-2026-07-27
NEWS-guardian_api-9a37aff949d7,valid_full_text,ready_full_text,9757026b87e0882c,65815272ff7f0dc4,4101f67533498760,unique,,1,,,exact-dup-v1.0-2026-07-27
NEWS-guardian_api-9a63006306bd,valid_full_text,ready_full_text,129e51834a006909,6d91310dbdf4b8b0,585b0fea3af08ce6,unique,,1,,,exact-dup-v1.0-2026-07-27
NEWS-guardian_api-9a6323004f63,valid_full_text,ready_full_text,39d7ba7d39ee58bc,6eca3e8419ef41de,38c91a1d3d7bb813,unique,,1,,,exact-dup-v1.0-2026-07-27
NEWS-guardian_api-9a841421ad12,valid_full_text,ready_full_text,9546d9235ec81401,ffac86a79cdb5de1,cc73ef9780780b83,unique,,1,,,exact-dup-v1.0-2026-07-27
NEWS-guardian_api-9a94481c9af6,valid_full_text,ready_full_text,6642921dcacd6f53,56bfe43858df8043,55759f7aeed03cfe,unique,,1,,,exact-dup-v1.0-2026-07-27
NEWS-guardian_api-9a9e6a803055,valid_full_text,ready_full_text,12e8f9a946368d48,c09e63bcb7e657b5,d7b4be2ccd532627,unique,,1,,,exact-dup-v1.0-2026-07-27
NEWS-guardian_api-9ac34d1dfd4c,valid_full_text,ready_full_text,8ec735290583abb9,1bbbbd202aaabe03,e42feb048aaf62c7,unique,,1,,,exact-dup-v1.0-2026-07-27
NEWS-guardian_api-9b221d667027,valid_full_text,ready_full_text,d73bd7eb2c6b9bef,f75a08e45c6ed02e,84bda5972b3b79fd,unique,,1,,,exact-dup-v1.0-2026-07-27
NEWS-guardian_api-9b3c0d62f64f,valid_full_text,ready_full_text,8d5fb249bc869fdb,2ae93d1646c6aafd,ff26be12fd5cd34a,unique,,1,,,exact-dup-v1.0-2026-07-27
NEWS-guardian_api-9b5f0691509c,valid_full_text,ready_full_text,0cc7c13596c4d43b,4f4f43e2838817b2,c7d834ee0dd7bd0c,unique,,1,,,exact-dup-v1.0-2026-07-27
NEWS-guardian_api-9b7c2dc00eaa,valid_full_text,ready_full_text,8472f0a6fdd25b68,e597656588c7668b,7e1c9b5b8d43dc4e,unique,,1,,,exact-dup-v1.0-2026-07-27
NEWS-guardian_api-9b8fd5ddfb07,valid_full_text,ready_full_text,594b525dd8a0f926,abc6d0c2b696a363,7ace1734c66b9768,unique,,1,,,exact-dup-v1.0-2026-07-27
NEWS-guardian_api-9babbdea3d59,valid_full_text,ready_full_text,db0be9963f3b62e4,e9622f2a88a561cb,844520a77e9f18c5,unique,,1,,,exact-dup-v1.0-2026-07-27
NEWS-guardian_api-9bb88c1df86c,valid_full_text,ready_full_text,df71a71af7256011,c4183c0fd75c4e92,5374391055cb01fe,unique,,1,,,exact-dup-v1.0-2026-07-27
NEWS-guardian_api-9bbc488fef97,valid_full_text,ready_full_text,6d4c43f363520971,39042eda3476a88c,636022e1681919bc,unique,,1,,,exact-dup-v1.0-2026-07-27
NEWS-guardian_api-9be4f391a784,valid_full_text,ready_full_text,19074378babe2302,20fe5f9294c1cd9c,0a74727199e25a42,unique,,1,,,exact-dup-v1.0-2026-07-27
NEWS-guardian_api-9beb4ba71288,valid_full_text,ready_full_text,d18804595aa6bfe2,b746c2d40d2d25fb,e54087e12963a59e,unique,,1,,,exact-dup-v1.0-2026-07-27
NEWS-guardian_api-9bfe243fd61c,valid_full_text,ready_full_text,0e4523ac0c6ffaa0,be7c27f0f9ebdc97,13f995ce674115be,unique,,1,,,exact-dup-v1.0-2026-07-27
NEWS-guardian_api-9c0cd6e96736,valid_full_text,ready_full_text,de1499b7df393c79,75853e1edbfff2b2,0cdb4f525fb13c70,unique,,1,,,exact-dup-v1.0-2026-07-27
NEWS-guardian_api-9c0f4ec0ccfb,valid_full_text,ready_full_text,ac7cd16ea80db84d,cc56c8c2f04b6ee9,0c4cb4a7a638fd5f,unique,,1,,,exact-dup-v1.0-2026-07-27
NEWS-guardian_api-9c414281645b,valid_full_text,ready_full_text,e5fb6432945ecac6,7361d9334ef2a25d,587352708f2d3f85,unique,,1,,,exact-dup-v1.0-2026-07-27
NEWS-guardian_api-9c64ec2d6f54,valid_full_text,ready_full_text,73b22dc09df66b06,8fa9fe06002b2995,d6dd5783dfb7aabd,unique,,1,,,exact-dup-v1.0-2026-07-27
NEWS-guardian_api-9cb531d892e7,valid_full_text,ready_full_text,6672aca61412067f,317c8d7780c0198c,04964784ba617db7,unique,,1,,,exact-dup-v1.0-2026-07-27
NEWS-guardian_api-9cd7757d7618,valid_full_text,ready_full_text,7adbd2e7c6319dd1,0f2b15f6cea43da7,e611ac8b8d2d5d90,unique,,1,,,exact-dup-v1.0-2026-07-27
NEWS-guardian_api-9d877a6710cf,valid_full_text,ready_full_text,b83039e8a5541c4b,62a6afff0be9759e,4d20c4a1fabedea1,unique,,1,,,exact-dup-v1.0-2026-07-27
NEWS-guardian_api-9d878eaf6734,valid_full_text,ready_full_text,190576a586a23200,3702410d6c816b23,756b8ebad639b954,unique,,1,,,exact-dup-v1.0-2026-07-27
NEWS-guardian_api-9d8b1d2d6e1c,valid_full_text,ready_full_text,2d113c4c3fb14895,b39fe1b13a254ab1,73ebad09af00f643,unique,,1,,,exact-dup-v1.0-2026-07-27
NEWS-guardian_api-9d96a21d22cf,valid_full_text,ready_full_text,bd83e3b7ed6ef85e,13bff3001fbba21f,024703e9ed0c3351,unique,,1,,,exact-dup-v1.0-2026-07-27
NEWS-guardian_api-9dea17fa1487,valid_full_text,ready_full_text,475d2583437b08c5,3593bd52269cda87,ec59a47a14ba1c80,unique,,1,,,exact-dup-v1.0-2026-07-27
NEWS-guardian_api-9df3712946c6,valid_full_text,ready_full_text,01d1ad1d7a73eda5,3dcd4b794a23053b,8b899eae24d6ad63,unique,,1,,,exact-dup-v1.0-2026-07-27
NEWS-guardian_api-9e291825f8a4,valid_full_text,ready_full_text,395aa9f37d7402e6,7d346030a65d8ab6,b99ca115fdb744dc,unique,,1,,,exact-dup-v1.0-2026-07-27
NEWS-guardian_api-9e65f7b3ed6d,valid_full_text,ready_full_text,036808166d7656e8,607c75e8ca8655e6,4d51509cf0e910df,unique,,1,,,exact-dup-v1.0-2026-07-27
NEWS-guardian_api-9ec4bcb84a91,valid_full_text,ready_full_text,0ab387a9134e5475,e90d33f81e26f6fe,9d55e0ee514bb7d8,unique,,1,,,exact-dup-v1.0-2026-07-27
NEWS-guardian_api-9efd49e01acc,valid_full_text,ready_full_text,5bd53f66e739ea6a,844e052073dad543,c46b07d6adfdba3b,unique,,1,,,exact-dup-v1.0-2026-07-27
NEWS-guardian_api-9f47203960c4,valid_full_text,ready_full_text,663e57698061b6c7,16228343cee3faad,cd034313fa6b8b0c,unique,,1,,,exact-dup-v1.0-2026-07-27
NEWS-guardian_api-9f5d941bc5b2,valid_full_text,ready_full_text,a4268c012513dfeb,5bd71f7b79edef49,f864cab960400feb,unique,,1,,,exact-dup-v1.0-2026-07-27
NEWS-guardian_api-9f7fef5677d6,valid_full_text,ready_full_text,c1c76398ddbecbcb,1062ce33712c2149,a2957fa4c36da4a6,unique,,1,,,exact-dup-v1.0-2026-07-27
NEWS-guardian_api-9f8de059d739,valid_full_text,ready_full_text,bd18defdcf97ceb0,e11e10bdc5880e60,4eb77f9b305d589b,unique,,1,,,exact-dup-v1.0-2026-07-27
NEWS-guardian_api-9f906b2ed08e,valid_full_text,ready_full_text,395376c4b06355b8,e3c4fd807bfd02ba,a09de0448f15dda3,unique,,1,,,exact-dup-v1.0-2026-07-27
NEWS-guardian_api-9fc08541dbc1,valid_full_text,ready_full_text,29b462949b2fdf37,6308a04bccd0ab83,069011a08310df1a,unique,,1,,,exact-dup-v1.0-2026-07-27
NEWS-guardian_api-a062362a13da,valid_full_text,ready_full_text,3cf4bc1d5d0ad2b8,f7f319a27dd89992,3b9cf1fdb6fc5e53,unique,,1,,,exact-dup-v1.0-2026-07-27
NEWS-guardian_api-a097c8edcfb8,valid_full_text,ready_full_text,07c6d5801b306bdd,aff45312a8c4f35a,2a0bad5cf358141d,unique,,1,,,exact-dup-v1.0-2026-07-27
NEWS-guardian_api-a0c034f3f7e4,valid_full_text,ready_full_text,70121e9d1fd4edfb,db91ab44cdf76e17,e99b0147b785ce5e,unique,,1,,,exact-dup-v1.0-2026-07-27
NEWS-guardian_api-a160b7854d18,valid_full_text,ready_full_text,2556aed4ac264433,48ddb1a8db2e32ee,83214ff23727398f,unique,,1,,,exact-dup-v1.0-2026-07-27
NEWS-guardian_api-a1800d20c4be,valid_full_text,ready_full_text,99a91efdce9969c0,144221714d4dc900,c2cc233e4617fe3c,unique,,1,,,exact-dup-v1.0-2026-07-27
NEWS-guardian_api-a1af1b6135a1,valid_full_text,ready_full_text,834b5bec92ee31d4,91e5520d6cc5014d,a3ab9f2497054d5c,unique,,1,,,exact-dup-v1.0-2026-07-27
NEWS-guardian_api-a1bcade4c62d,valid_full_text,ready_full_text,d7edea758d84044c,3b5997dbb20e5e9e,5721a8ffc214455e,unique,,1,,,exact-dup-v1.0-2026-07-27
NEWS-guardian_api-a1d448911e18,valid_full_text,ready_full_text,fe4eff8a2d9531dc,62d1fe68a373b41b,876e429c70ed016f,unique,,1,,,exact-dup-v1.0-2026-07-27
NEWS-guardian_api-a25d7b01d031,valid_full_text,ready_full_text,ffbb97017f3e8550,65813b663a0cbd3b,addec2b1cd8b5206,unique,,1,,,exact-dup-v1.0-2026-07-27
NEWS-guardian_api-a29310502a51,valid_full_text,ready_full_text,6a445a1e3235b873,e26b8c8bad59b4a7,9edbfa8f3fc97a4c,unique,,1,,,exact-dup-v1.0-2026-07-27
NEWS-guardian_api-a2b89eb4e351,valid_full_text,ready_full_text,608e9de841092b4e,258224785c9506e0,5c2d860f4221e138,unique,,1,,,exact-dup-v1.0-2026-07-27
NEWS-guardian_api-a2f2dacf9a68,valid_full_text,ready_full_text,5b376eb7cf347730,eee07790d26f4ea2,8dc3fd0c66cdc4e2,unique,,1,,,exact-dup-v1.0-2026-07-27
NEWS-guardian_api-a3577fa415ba,valid_full_text,ready_full_text,7b399eef083238e1,d0496f9dd2501cb6,677dfedc58974141,unique,,1,,,exact-dup-v1.0-2026-07-27
NEWS-guardian_api-a35f26140bb2,valid_full_text,ready_full_text,f15334793dd6929c,4585c2aa0047d420,03bd913c708a1a29,unique,,1,,,exact-dup-v1.0-2026-07-27
NEWS-guardian_api-a4219bda4679,valid_full_text,ready_full_text,ad0a63f2666710bb,909f04e34391a5b0,d6cd29c8d993c7af,unique,,1,,,exact-dup-v1.0-2026-07-27
NEWS-guardian_api-a4439b78711f,valid_full_text,ready_full_text,85f830360072857f,62d34d87b5a75078,4f01967eff44da4a,unique,,1,,,exact-dup-v1.0-2026-07-27
NEWS-guardian_api-a44a37b3b283,valid_full_text,ready_full_text,6fbf82b73c57d112,85a70d814f4d1e51,bed13400212f3c98,unique,,1,,,exact-dup-v1.0-2026-07-27
NEWS-guardian_api-a4674f1776ed,valid_full_text,ready_full_text,054edfb1575cc887,0f46fe871e003cb3,baefed14aea66fa5,unique,,1,,,exact-dup-v1.0-2026-07-27
NEWS-guardian_api-a48b3d0d3f89,valid_full_text,ready_full_text,d9cb3a227a99358b,58c0184303746a8e,7bb39c7a2cd8a461,unique,,1,,,exact-dup-v1.0-2026-07-27
NEWS-guardian_api-a4af35c0a94d,valid_full_text,ready_full_text,1e17c95ce51129ac,e4f0180c06969027,8620eb75fc7aeec3,unique,,1,,,exact-dup-v1.0-2026-07-27
NEWS-guardian_api-a4bead9c2b69,valid_full_text,ready_full_text,6f75b5096ca50a46,462f82d96d4055a7,7ec7eaa1b389d523,unique,,1,,,exact-dup-v1.0-2026-07-27
NEWS-guardian_api-a5331bdd8760,valid_full_text,ready_full_text,6eeef0a8487c51c3,f91aea65ec3ca388,f2d73941afff9ee7,unique,,1,,,exact-dup-v1.0-2026-07-27
NEWS-guardian_api-a53c2ee2c9c6,valid_full_text,ready_full_text,bd742b1a8f5f4eb4,d8bf18baf89491e9,b26678ffceac3c97,unique,,1,,,exact-dup-v1.0-2026-07-27
NEWS-guardian_api-a5417b0cdeb9,valid_full_text,ready_full_text,5ab885e40ea61021,ae1c40ee4b479989,745f1e6108d83b27,unique,,1,,,exact-dup-v1.0-2026-07-27
NEWS-guardian_api-a560d9f8cf2b,valid_full_text,ready_full_text,9ffc63c367d8a66d,0b63b02593c53f6c,bde21414378ea780,unique,,1,,,exact-dup-v1.0-2026-07-27
NEWS-guardian_api-a579d2ff7743,valid_full_text,ready_full_text,4dead6d6bd6d4c51,de9b352015b9ee64,ca429362a1acc0ec,unique,,1,,,exact-dup-v1.0-2026-07-27
NEWS-guardian_api-a5b892916f80,valid_full_text,ready_full_text,c67c893becbec494,e5a211007f8d1e45,2efa985ccf84ca96,unique,,1,,,exact-dup-v1.0-2026-07-27
NEWS-guardian_api-a5b90c061570,valid_full_text,ready_full_text,b26f2227698f6f5a,de281a39227f8eeb,ceb4ea83f1b2ecb6,unique,,1,,,exact-dup-v1.0-2026-07-27
NEWS-guardian_api-a5c5724f9f23,valid_full_text,ready_full_text,4e005297bc0e3bae,e1441ce6cf27d549,03bfbe3ea41e78eb,unique,,1,,,exact-dup-v1.0-2026-07-27
NEWS-guardian_api-a65190cf1025,valid_full_text,ready_full_text,3f7c8b5e2cccbad0,d31a0b679239c591,2c2157d2cf86c09f,unique,,1,,,exact-dup-v1.0-2026-07-27
NEWS-guardian_api-a6536d41127f,valid_full_text,ready_full_text,6af5c0080ede22d8,75c24cf74ee61a1b,c1be42d5cd28a778,unique,,1,,,exact-dup-v1.0-2026-07-27
NEWS-guardian_api-a66652bc8a47,valid_full_text,ready_full_text,987136c4b4c277c3,51958fa48f4af8ce,46890b25ddfca5b3,unique,,1,,,exact-dup-v1.0-2026-07-27
NEWS-guardian_api-a6f49eb23ff3,valid_full_text,ready_full_text,8af87bbf5a396647,20cd394135a2e6c7,13b106dbbead9604,unique,,1,,,exact-dup-v1.0-2026-07-27
NEWS-guardian_api-a729d85f83ad,valid_full_text,ready_full_text,8e8f3eb42067385e,c92d57480deab7f8,16d57989c5fd2386,unique,,1,,,exact-dup-v1.0-2026-07-27
NEWS-guardian_api-a763cb454f46,valid_full_text,ready_full_text,ff140b059783514c,5f9f8c980241569d,d7422c323c7c07e2,unique,,1,,,exact-dup-v1.0-2026-07-27
NEWS-guardian_api-a77f3798216e,valid_full_text,ready_full_text,d137f9cdc644ed99,f5e053e5b09b4cfb,10120f9072221c93,unique,,1,,,exact-dup-v1.0-2026-07-27
NEWS-guardian_api-a7db6852f796,valid_full_text,ready_full_text,1cd975fa7f607dc0,c9687464dce90a19,e8b93e792f9c8ad9,unique,,1,,,exact-dup-v1.0-2026-07-27
NEWS-guardian_api-a8146c7d1b03,valid_full_text,ready_full_text,b936bf58bcc1eb22,17dc67903f1e1867,c6d8167ec807526c,unique,,1,,,exact-dup-v1.0-2026-07-27
NEWS-guardian_api-a84c1bf5c451,valid_full_text,ready_full_text,dba0bf3c198a5722,80966005a6f49bb5,825f03d6421b7bb2,unique,,1,,,exact-dup-v1.0-2026-07-27
NEWS-guardian_api-a8687574c3f9,valid_full_text,ready_full_text,0843b5a1e5dab0f3,ca32ee797aa21ed3,7b211e451db812cd,unique,,1,,,exact-dup-v1.0-2026-07-27
NEWS-guardian_api-a94408b405be,valid_full_text,ready_full_text,1b1cb4cb59e2ba95,83af0ce9ca066dcd,2470dbcc314a0388,unique,,1,,,exact-dup-v1.0-2026-07-27
NEWS-guardian_api-a9d809687d42,valid_full_text,ready_full_text,40f00ee74d78cd68,e812bca273130be4,3ebd3fcb5bb10cfe,unique,,1,,,exact-dup-v1.0-2026-07-27
NEWS-guardian_api-aa23e1a9fb65,valid_full_text,ready_full_text,24e8b158c638655b,5d195b77aa80eacf,883ae23a378484e9,unique,,1,,,exact-dup-v1.0-2026-07-27
NEWS-guardian_api-aa4e72df8f6b,valid_full_text,ready_full_text,105011b1501efe2c,3b0a93ff881093c0,9077fa484f9ec5e4,unique,,1,,,exact-dup-v1.0-2026-07-27
NEWS-guardian_api-aa5df3a6ec8c,valid_full_text,ready_full_text,cc4e30110b3ed691,5712691a7cb8e69a,dd917cf14e5d2ff4,unique,,1,,,exact-dup-v1.0-2026-07-27
NEWS-guardian_api-aa7aa062bb23,valid_full_text,ready_full_text,21411e363e9a9bbf,3ca8788b3eddb7b9,9c68134e3be41802,unique,,1,,,exact-dup-v1.0-2026-07-27
NEWS-guardian_api-aa8a04b696ea,valid_full_text,ready_full_text,8aecc3dbd44b8d6d,9c63d7b1aaae63bf,20aab40ba5aa0cd6,unique,,1,,,exact-dup-v1.0-2026-07-27
NEWS-guardian_api-aae0d552d3f5,missing_body,not_usable_for_text_analysis,,,,not_clustered_unusable,,0,,,exact-dup-v1.0-2026-07-27
NEWS-guardian_api-aaf71274576d,valid_full_text,ready_full_text,d5140f33a21bfe1b,ac1574c573a23e26,f1492240c30c7a29,unique,,1,,,exact-dup-v1.0-2026-07-27
NEWS-guardian_api-ab2b483c433e,valid_full_text,ready_full_text,affae0d5781a0f23,f281e90e5ebff1c7,8677b65a61e95e51,unique,,1,,,exact-dup-v1.0-2026-07-27
NEWS-guardian_api-ab6e562290c5,valid_full_text,ready_full_text,df477431a3231762,4e1cd25d9690bf46,b7e2bbe34f439ed0,unique,,1,,,exact-dup-v1.0-2026-07-27
NEWS-guardian_api-ab70e67e9d1f,valid_full_text,ready_full_text,d4269634f3601971,3a2319c125e20f96,1872ac36142668da,unique,,1,,,exact-dup-v1.0-2026-07-27
NEWS-guardian_api-abb2097edd47,valid_full_text,ready_full_text,82119011c46c93a3,e227ead119b717c6,e1786456c25e5a60,unique,,1,,,exact-dup-v1.0-2026-07-27
NEWS-guardian_api-abb6fb8ca3ba,valid_full_text,ready_full_text,43ce0d24d697c307,851b00206cb16443,7312b30e9558aebe,unique,,1,,,exact-dup-v1.0-2026-07-27
NEWS-guardian_api-ac071eb6ccd1,valid_full_text,ready_full_text,f3a820656a7018b8,7db27395a6776a3f,3a882c3d96b20581,unique,,1,,,exact-dup-v1.0-2026-07-27
NEWS-guardian_api-ac4bfab7e055,valid_full_text,ready_full_text,860ca288a0cffe52,32c8cc9c7f6118c5,ad34aa4eb78215f7,unique,,1,,,exact-dup-v1.0-2026-07-27
NEWS-guardian_api-ac4d9b6218c2,valid_full_text,ready_full_text,6a5344a69f49fee6,19263149fc4dcd70,9455ea49eaa5c0a8,unique,,1,,,exact-dup-v1.0-2026-07-27
NEWS-guardian_api-ac54978f4427,valid_full_text,ready_full_text,48d2968badd232d9,2dddb17a0046f025,5e585abe5f3bf783,unique,,1,,,exact-dup-v1.0-2026-07-27
NEWS-guardian_api-ac6654dfc1d2,valid_full_text,ready_full_text,19e2a161eb108661,eb11317bac7eced8,94a71f82a07fdd0d,unique,,1,,,exact-dup-v1.0-2026-07-27
NEWS-guardian_api-ac73fbd39c4a,valid_full_text,ready_full_text,eeac49f43a2e4a64,f31b41185e41e0bb,b8b47b7d099378cc,unique,,1,,,exact-dup-v1.0-2026-07-27
NEWS-guardian_api-ac7963ab6758,valid_full_text,ready_full_text,a7776aac8fdf6a44,d84805045db52413,9606cf4f10603708,unique,,1,,,exact-dup-v1.0-2026-07-27
NEWS-guardian_api-ac9ce3ab1439,valid_full_text,ready_full_text,4996dd57a8c52109,cd372796ff8f3587,9cb5d0e74b92bd57,unique,,1,,,exact-dup-v1.0-2026-07-27
NEWS-guardian_api-acb9b43b90a3,valid_full_text,ready_full_text,5c1ec02c4851d924,3ff7adf7b3c9d979,207b6265248dbacd,unique,,1,,,exact-dup-v1.0-2026-07-27
NEWS-guardian_api-acea947ab662,valid_full_text,ready_full_text,39343aba0116cbf8,0dbd8be73fc94613,d0717d528995b763,unique,,1,,,exact-dup-v1.0-2026-07-27
NEWS-guardian_api-ad460bd44472,valid_full_text,ready_full_text,1ae141212773acd3,6247acbb41a50fbc,345c68eb98d9d3b0,unique,,1,,,exact-dup-v1.0-2026-07-27
NEWS-guardian_api-ae151a9e6b78,valid_full_text,ready_full_text,de91e4d41348b34c,2bec2c25854e8241,7538e82dcc28ec00,unique,,1,,,exact-dup-v1.0-2026-07-27
NEWS-guardian_api-ae2a9d32e60c,valid_full_text,ready_full_text,d28df90c7f11ca3b,72bbaddc70ce0309,f1b7bd17b2844571,unique,,1,,,exact-dup-v1.0-2026-07-27
NEWS-guardian_api-ae8d528a0868,valid_full_text,ready_full_text,2afd1a956d0013ba,dff2c8f17884da8a,257a0e97a0454493,unique,,1,,,exact-dup-v1.0-2026-07-27
NEWS-guardian_api-aec1424fae27,valid_full_text,ready_full_text,a4018b9322a3ce39,695cb449015f28e4,0095fec46c14c1d8,unique,,1,,,exact-dup-v1.0-2026-07-27
NEWS-guardian_api-aec7f785b2e4,valid_full_text,ready_full_text,b58cb07856ad323b,774bf9c4905d8335,6284c964555f48de,unique,,1,,,exact-dup-v1.0-2026-07-27
NEWS-guardian_api-aed22ca1ec42,valid_full_text,ready_full_text,b50d895b8ca65e27,51da815cf3d21b6f,7009a3105bf01e5f,unique,,1,,,exact-dup-v1.0-2026-07-27
NEWS-guardian_api-af443b63928e,valid_full_text,ready_full_text,f9eb28a18e2198b4,85b90027220dada1,c056e16ce69c2fa1,unique,,1,,,exact-dup-v1.0-2026-07-27
NEWS-guardian_api-af5720e50b3a,valid_full_text,ready_full_text,4d947cf1a0d02385,04bf7de2850af135,4dfceba4261c08de,unique,,1,,,exact-dup-v1.0-2026-07-27
NEWS-guardian_api-afdeacd4a377,valid_full_text,ready_full_text,abe6a001cd8caea3,ab085906d99e0a0d,5964f596be520127,unique,,1,,,exact-dup-v1.0-2026-07-27
NEWS-guardian_api-afe6843cf8f0,valid_full_text,ready_full_text,aca53cb2f83f3f90,3933adb9f5d86a0c,aa5a5d460ab4d2af,unique,,1,,,exact-dup-v1.0-2026-07-27
NEWS-guardian_api-b038452a9ef5,valid_full_text,ready_full_text,f253950894827b2b,b61120ecadb68c6a,87682f237a753740,unique,,1,,,exact-dup-v1.0-2026-07-27
NEWS-guardian_api-b06e280013c4,valid_full_text,ready_full_text,b06ed90332d1953c,6a880d6afd4c4394,8197a20308d3ec41,unique,,1,,,exact-dup-v1.0-2026-07-27
NEWS-guardian_api-b0790b0382a4,valid_full_text,ready_full_text,cd144584b132b000,360600798e70f7bf,f88b0824e9345293,unique,,1,,,exact-dup-v1.0-2026-07-27
NEWS-guardian_api-b083390c72d2,valid_full_text,ready_full_text,e387bd38547ccf18,fd44f11754db5b94,f2b2f728517c2b56,unique,,1,,,exact-dup-v1.0-2026-07-27
NEWS-guardian_api-b0b39f3474ab,valid_full_text,ready_full_text,04d4a9e007467745,8c26c4bcfd6fb046,d6260646f5973617,unique,,1,,,exact-dup-v1.0-2026-07-27
NEWS-guardian_api-b0bd6fc9c322,valid_full_text,ready_full_text,501c4c00280368f1,709f375f0443c2d3,7118d3bfca14a4d8,unique,,1,,,exact-dup-v1.0-2026-07-27
NEWS-guardian_api-b0df746edc1c,valid_full_text,ready_full_text,0646381f815011ba,ed64f94a93a0eff7,7b278385c2769e5a,unique,,1,,,exact-dup-v1.0-2026-07-27
NEWS-guardian_api-b11d686d1daf,valid_full_text,ready_full_text,fec1bb178142479d,ebc8555ff87ca7e9,b35e89b1ca4e00d9,unique,,1,,,exact-dup-v1.0-2026-07-27
NEWS-guardian_api-b13464c89042,valid_full_text,ready_full_text,b1a40705f0a932da,ca8b0b609f16b537,cb995c0eb75ab32e,unique,,1,,,exact-dup-v1.0-2026-07-27
NEWS-guardian_api-b138fad0d570,valid_full_text,ready_full_text,d13bdf60334a391f,ebb1477e82c8f4b5,02f32ae93a7be118,unique,,1,,,exact-dup-v1.0-2026-07-27
NEWS-guardian_api-b14821938693,missing_body,not_usable_for_text_analysis,,,,not_clustered_unusable,,0,,,exact-dup-v1.0-2026-07-27
NEWS-guardian_api-b17f87d44d51,valid_full_text,ready_full_text,d6f1fb432079957b,6419d3485c6a2bb0,15393aca7ff28508,unique,,1,,,exact-dup-v1.0-2026-07-27
NEWS-guardian_api-b1903606c16c,valid_full_text,ready_full_text,6bcf1d64c93ecc89,6c510a46e0e07e2c,baee33c0e4dd9bb6,unique,,1,,,exact-dup-v1.0-2026-07-27
NEWS-guardian_api-b1aaa8c855fe,valid_full_text,ready_full_text,7c627285fece4942,232e11b057d2a55d,b4fae4a7c23df77d,unique,,1,,,exact-dup-v1.0-2026-07-27
NEWS-guardian_api-b1d8e00ef5c5,valid_full_text,ready_full_text,5bd5bd65984dbfe7,5b3ca3f47cca7645,3b7c25932c175b4a,unique,,1,,,exact-dup-v1.0-2026-07-27
NEWS-guardian_api-b1dfc6b35e85,valid_full_text,ready_full_text,8b2a53d869e1daf0,fb72163893a08b8e,209fd9e84ceab3a5,unique,,1,,,exact-dup-v1.0-2026-07-27
NEWS-guardian_api-b2a5bbd9725b,valid_full_text,ready_full_text,c4ef0982c7010207,bef8e47379a7bdaf,23b01adcfc7c8b7c,unique,,1,,,exact-dup-v1.0-2026-07-27
NEWS-guardian_api-b321e0fcb83d,valid_full_text,ready_full_text,c0e84c65532da8af,14eb772e28a1b258,8360775d4fc6b070,unique,,1,,,exact-dup-v1.0-2026-07-27
NEWS-guardian_api-b3225d7214f4,valid_full_text,ready_full_text,ccafd975bf2d5dc6,dac20d4a980d9d23,69ee3f0491501891,unique,,1,,,exact-dup-v1.0-2026-07-27
NEWS-guardian_api-b33a8f5c200e,valid_full_text,ready_full_text,71779b3dac29cd9d,a140904fb6cf0fc3,636c2d78a51bd719,unique,,1,,,exact-dup-v1.0-2026-07-27
NEWS-guardian_api-b374579f5c34,valid_full_text,ready_full_text,44ca026d63369716,06f3b102c9291dba,164bfd9a3ecc9c20,unique,,1,,,exact-dup-v1.0-2026-07-27
NEWS-guardian_api-b3845a91402d,valid_full_text,ready_full_text,82dc1e481c28a545,8e111b1b95cbd7f5,1c2337787cdea36a,unique,,1,,,exact-dup-v1.0-2026-07-27
NEWS-guardian_api-b38bbc775a00,valid_full_text,ready_full_text,f9a221aa6aa1b08b,f080de11ab9bde97,08b3f3960f8689f5,unique,,1,,,exact-dup-v1.0-2026-07-27
NEWS-guardian_api-b391a2167988,valid_full_text,ready_full_text,a2534b46021816cf,8ddd16fd551c792f,327e30716aee59a8,unique,,1,,,exact-dup-v1.0-2026-07-27
NEWS-guardian_api-b3a2a26ceed1,valid_full_text,ready_full_text,73a22d106adbafb2,bf6e693aa98a1e77,612f5f6059c831c1,unique,,1,,,exact-dup-v1.0-2026-07-27
NEWS-guardian_api-b40684ca1627,valid_full_text,ready_full_text,45b3770650f35f5b,1b20c7433febafb6,71bcd6eec9ed84e2,unique,,1,,,exact-dup-v1.0-2026-07-27
NEWS-guardian_api-b4214c9c9abf,valid_full_text,ready_full_text,63722bf8efc231a3,1b5118ca5631490c,fbaa9d69d6a3cbb2,unique,,1,,,exact-dup-v1.0-2026-07-27
NEWS-guardian_api-b45cfb217554,valid_full_text,ready_full_text,3534df6e445031c9,b22cfeb240a84ba3,de385241790adb85,unique,,1,,,exact-dup-v1.0-2026-07-27
NEWS-guardian_api-b48d01a86b76,valid_full_text,ready_full_text,0077166674c266f3,f0022c2021e5c8b2,ac176beed167668c,unique,,1,,,exact-dup-v1.0-2026-07-27
NEWS-guardian_api-b4926290de19,valid_full_text,ready_full_text,ed3c0cc7fbbc22cb,bdad15299aef281e,d0320aa5d7b59925,unique,,1,,,exact-dup-v1.0-2026-07-27
NEWS-guardian_api-b4a51dbcbb79,valid_full_text,ready_full_text,a8680851d320230e,16e5d3b2f0ad7dbf,3cdb05a1d82e6fdf,unique,,1,,,exact-dup-v1.0-2026-07-27
NEWS-guardian_api-b4a9b14f1d0c,valid_full_text,ready_full_text,1fc1586908aa8b42,26b3b9c476cd8086,d00029d28aff1dd9,unique,,1,,,exact-dup-v1.0-2026-07-27
NEWS-guardian_api-b4b0e5153d01,valid_full_text,ready_full_text,d6d976728071ccbf,946306457b43e4b3,d4804de7712cf3d8,unique,,1,,,exact-dup-v1.0-2026-07-27
NEWS-guardian_api-b4f850de5a26,valid_full_text,ready_full_text,877a519b3ef37cbf,ccf815deb3e51ccf,e15cec2a6ff1041f,unique,,1,,,exact-dup-v1.0-2026-07-27
NEWS-guardian_api-b4ffc643185d,valid_full_text,ready_full_text,6c44b3deaca89413,95818445b81c82da,55b9ffb4b81b4679,unique,,1,,,exact-dup-v1.0-2026-07-27
NEWS-guardian_api-b534784a0521,valid_full_text,ready_full_text,b34a0d2cdbc2dbca,7b0bcc9049155766,f1d53cf2564467dc,unique,,1,,,exact-dup-v1.0-2026-07-27
NEWS-guardian_api-b56da745b23a,valid_full_text,ready_full_text,5545714ad26fb0ef,db8e3036f4057840,a2835ff6a5821aff,unique,,1,,,exact-dup-v1.0-2026-07-27
NEWS-guardian_api-b57e55e593b0,valid_full_text,ready_full_text,bdf8fdc0098692db,470b45bff83b21ab,d7dde1ec7656d9db,unique,,1,,,exact-dup-v1.0-2026-07-27
NEWS-guardian_api-b5885257c870,valid_full_text,ready_full_text,a759704e70750e74,c6d57a0bfd6425cd,5c2d745a59210799,unique,,1,,,exact-dup-v1.0-2026-07-27
NEWS-guardian_api-b59c4aa0fc64,valid_full_text,ready_full_text,27bfa0c1c73c68d7,769ff53ab95aec4d,6986485c1d07a513,unique,,1,,,exact-dup-v1.0-2026-07-27
NEWS-guardian_api-b5b69dac2b8b,valid_full_text,ready_full_text,d190b3e90d5313d6,4758f7a3b58c397f,a44dfe3f5c5e6e28,unique,,1,,,exact-dup-v1.0-2026-07-27
NEWS-guardian_api-b5e1e600a70e,valid_full_text,ready_full_text,d490437167090215,c0888da33e8bcbe2,7caafc72edb4c9dd,unique,,1,,,exact-dup-v1.0-2026-07-27
NEWS-guardian_api-b614b6d88348,valid_full_text,ready_full_text,6e2e19e5ac2df36c,58c402b5c94afea7,4736010570af7ce7,unique,,1,,,exact-dup-v1.0-2026-07-27
NEWS-guardian_api-b67a68a0e79e,valid_full_text,ready_full_text,15e74c68a635f499,f3d58e49c67834c7,cc46827d58448c19,unique,,1,,,exact-dup-v1.0-2026-07-27
NEWS-guardian_api-b6f44ecaabd6,valid_full_text,ready_full_text,0acf48a3b75a0225,78559bd207189db1,389dbfd29f57ad56,unique,,1,,,exact-dup-v1.0-2026-07-27
NEWS-guardian_api-b6f995c8bac1,valid_full_text,ready_full_text,a170e1c414175bb1,28e073614f60a66f,dd9075923de12a14,unique,,1,,,exact-dup-v1.0-2026-07-27
NEWS-guardian_api-b70618ca390f,valid_full_text,ready_full_text,858a763b4a9c62d5,d1318f1c2d5ddea5,76c11c7b763512c9,unique,,1,,,exact-dup-v1.0-2026-07-27
NEWS-guardian_api-b71e9bb23b30,valid_full_text,ready_full_text,0b55ec1887b88ead,ecee63272aeaf11a,45b4b46cfa1325fa,unique,,1,,,exact-dup-v1.0-2026-07-27
NEWS-guardian_api-b722a5151c87,valid_full_text,ready_full_text,4c6d57ac8416148c,8fffeb51b9c69595,7ef69166bc7e4735,unique,,1,,,exact-dup-v1.0-2026-07-27
NEWS-guardian_api-b746c5ddaf42,valid_full_text,ready_full_text,fd8ccd611ee66c78,31b1e87f0185fa68,bedd900d95a05a03,unique,,1,,,exact-dup-v1.0-2026-07-27
NEWS-guardian_api-b770c5591478,valid_full_text,ready_full_text,cf98447bec3f7079,510747cebd21125e,aa1a7db3aab05fb4,unique,,1,,,exact-dup-v1.0-2026-07-27
NEWS-guardian_api-b7885b0b4682,valid_full_text,ready_full_text,27e1ca082e6a276f,e8a8030dbca02c16,876abe3ab1c36316,unique,,1,,,exact-dup-v1.0-2026-07-27
NEWS-guardian_api-b7bbfc44b664,valid_full_text,ready_full_text,05e01b58b017200b,d7afee3018b92fd8,135af2f385364a61,unique,,1,,,exact-dup-v1.0-2026-07-27
NEWS-guardian_api-b88e521c3d0b,valid_full_text,ready_full_text,54e2a827d6133e73,f0f8d82d8edca0fe,36c8005562c1b89c,unique,,1,,,exact-dup-v1.0-2026-07-27
NEWS-guardian_api-b8c5ba78882e,valid_full_text,ready_full_text,409b4b2f8c9bec6d,682217064dbd7968,718dc9acdb8a5ba8,unique,,1,,,exact-dup-v1.0-2026-07-27
NEWS-guardian_api-b92f923b14d5,valid_full_text,ready_full_text,d6cb67d1a8acbf2c,bcdb609346106831,3465691f924e9655,unique,,1,,,exact-dup-v1.0-2026-07-27
NEWS-guardian_api-b95171a27d19,valid_full_text,ready_full_text,ea15d3678fd6f166,27f9cea8f8ebe72d,bbe4ca69dbac4ad5,unique,,1,,,exact-dup-v1.0-2026-07-27
NEWS-guardian_api-b9b485cd23c0,valid_full_text,ready_full_text,7ac8b54444feaf39,623f041f6d7eb0ba,227e19b2eaa311cb,unique,,1,,,exact-dup-v1.0-2026-07-27
NEWS-guardian_api-b9ca7cf4cf72,valid_full_text,ready_full_text,22727cc1f6518caa,4bda33efab238d28,1c7b4a28231f15a2,unique,,1,,,exact-dup-v1.0-2026-07-27
NEWS-guardian_api-b9d1f9711a7c,valid_full_text,ready_full_text,c5d02f2efef5ef8d,6db0cdea628df071,8b0629d0b5f3d2c6,unique,,1,,,exact-dup-v1.0-2026-07-27
NEWS-guardian_api-b9d210492f43,valid_full_text,ready_full_text,dd2838ce83cca336,a15a9ce98cf178a5,46bb025729de4218,unique,,1,,,exact-dup-v1.0-2026-07-27
NEWS-guardian_api-b9d32ab9391c,valid_full_text,ready_full_text,c7d033a1040408d2,23269836181e6c9f,081d7b56571ca50e,unique,,1,,,exact-dup-v1.0-2026-07-27
NEWS-guardian_api-ba0c9e3273dd,valid_full_text,ready_full_text,449e4da24761ff64,ef30a8d7e6e667a2,c8dc52d00ffb6504,unique,,1,,,exact-dup-v1.0-2026-07-27
NEWS-guardian_api-ba3a61353696,valid_full_text,ready_full_text,0240fe13b55ba8b7,1f91767b7de5fc35,75427d0698c077b0,unique,,1,,,exact-dup-v1.0-2026-07-27
NEWS-guardian_api-baa91e0d9e61,valid_full_text,ready_full_text,9268dea98a22748e,2f68e36326ad8e75,9ac23dc951f0d373,unique,,1,,,exact-dup-v1.0-2026-07-27
NEWS-guardian_api-bac223e42622,valid_full_text,ready_full_text,dbd2db9b209bb548,ea753d5db08298ea,d04cca6f2deb6f5a,unique,,1,,,exact-dup-v1.0-2026-07-27
NEWS-guardian_api-baf8f3c7a02d,valid_full_text,ready_full_text,16509b12ab025f85,d91153578203eff0,9a1cd0f6b3f17e52,unique,,1,,,exact-dup-v1.0-2026-07-27
NEWS-guardian_api-bb20adee0f3a,valid_full_text,ready_full_text,35e8e3caca4e63ee,064eca525f144c07,4a0ed3192154a4e7,unique,,1,,,exact-dup-v1.0-2026-07-27
NEWS-guardian_api-bb3a56e9bcc5,valid_full_text,ready_full_text,d0000d78e5dad8d2,1f6605f60474bb69,2afd6cdea9538c33,unique,,1,,,exact-dup-v1.0-2026-07-27
NEWS-guardian_api-bbbb401ce3ee,valid_full_text,ready_full_text,fe80d31f468bff8b,2877e21f4e890f0e,007d428fe769784c,unique,,1,,,exact-dup-v1.0-2026-07-27
NEWS-guardian_api-bbbf0e7bd860,valid_full_text,ready_full_text,94b4c8e9011ed747,5b78164654d6f110,768e8918b3da25cb,unique,,1,,,exact-dup-v1.0-2026-07-27
NEWS-guardian_api-bbc04760baba,valid_full_text,ready_full_text,8298fef561592052,0ee482004a04bfbe,6823149c4154f94b,unique,,1,,,exact-dup-v1.0-2026-07-27
NEWS-guardian_api-bc4422ee9f45,valid_full_text,ready_full_text,030812a050cc5a4f,1bde00b8516d06de,469e6d7c94309d3c,unique,,1,,,exact-dup-v1.0-2026-07-27
NEWS-guardian_api-bc671211ec14,valid_full_text,ready_full_text,173c6c0390d09b0a,972b88e919d399a9,7c1fdf95285cbeea,unique,,1,,,exact-dup-v1.0-2026-07-27
NEWS-guardian_api-bca0537f5817,valid_full_text,ready_full_text,c5413c69dafea7ec,93b2136bf98ca768,bf1809a56baa9d58,unique,,1,,,exact-dup-v1.0-2026-07-27
NEWS-guardian_api-bcbb942073ad,valid_full_text,ready_full_text,32fc6bca1b711cbc,29b03a0163a7684e,be1170bf68a34f96,unique,,1,,,exact-dup-v1.0-2026-07-27
NEWS-guardian_api-bd112d73749b,valid_full_text,ready_full_text,19b2a49e735e5982,bb44edbf23b09e3c,2a80f18f9aab642a,unique,,1,,,exact-dup-v1.0-2026-07-27
NEWS-guardian_api-bd8471fab19f,valid_full_text,ready_full_text,469abf878aceebf3,8db0b4408ad686ce,91af55235ec0eda3,unique,,1,,,exact-dup-v1.0-2026-07-27
NEWS-guardian_api-bd8d1fd0fc89,valid_full_text,ready_full_text,85d6c7d310f1263d,b924506ec65eebf9,d70f34ec03c99d59,unique,,1,,,exact-dup-v1.0-2026-07-27
NEWS-guardian_api-bdeb49468b86,valid_full_text,ready_full_text,ed20322899e9c231,c62402ec0dbd95b9,e4ed6d4d9790458f,unique,,1,,,exact-dup-v1.0-2026-07-27
NEWS-guardian_api-bdf65e536b64,valid_full_text,ready_full_text,ec7f13c9f52e2d22,15014851ed457906,c7cfdb38c825e29d,unique,,1,,,exact-dup-v1.0-2026-07-27
NEWS-guardian_api-be07c17c0c58,valid_full_text,ready_full_text,875a20f8f4eba2c7,739a83895fedc2f1,c97ea095eb346687,unique,,1,,,exact-dup-v1.0-2026-07-27
NEWS-guardian_api-be485bdc3b41,valid_full_text,ready_full_text,08600301947d1889,9656ea947833cc84,a9d3a408115f8096,unique,,1,,,exact-dup-v1.0-2026-07-27
NEWS-guardian_api-be4ba59f8b87,valid_full_text,ready_full_text,d82650d31f136676,b320db5aff5e1076,ad9c655c1c699917,unique,,1,,,exact-dup-v1.0-2026-07-27
NEWS-guardian_api-be5b11434a57,valid_full_text,ready_full_text,1c97689a1b8cfdc3,e545e36b77c21532,15c7f3aee339fc07,unique,,1,,,exact-dup-v1.0-2026-07-27
NEWS-guardian_api-be9885253cb9,valid_full_text,ready_full_text,800d58b4c2231ed3,8e3787884f1c85b9,52367e303882564f,unique,,1,,,exact-dup-v1.0-2026-07-27
NEWS-guardian_api-bee780289b00,valid_full_text,ready_full_text,86d3b22dbcc8cdaf,a10a086a98927d0a,5835c25f690d56e7,unique,,1,,,exact-dup-v1.0-2026-07-27
NEWS-guardian_api-bf26d97344d9,valid_full_text,ready_full_text,44869ad6fb20ca30,bd9a92d8b0968e3b,5f603ad2333dcaa7,unique,,1,,,exact-dup-v1.0-2026-07-27
NEWS-guardian_api-bf409353afa9,valid_full_text,ready_full_text,ca682d0453a4be87,5355d324b6b8ef54,7ae09e23f23233fa,unique,,1,,,exact-dup-v1.0-2026-07-27
NEWS-guardian_api-bf63b96cf7ab,valid_full_text,ready_full_text,49a695ccbf16bec3,1c0f5141656bea3b,e1bb43be6090dbcb,unique,,1,,,exact-dup-v1.0-2026-07-27
NEWS-guardian_api-bf71a36fc359,valid_full_text,ready_full_text,aea4e8394153383a,f73843d5747d4850,066170018932c900,unique,,1,,,exact-dup-v1.0-2026-07-27
NEWS-guardian_api-bf9b85b690df,valid_full_text,ready_full_text,dc9d32a9a983156e,a4c7452b1d86a1ca,7a1273a6b650178b,unique,,1,,,exact-dup-v1.0-2026-07-27
NEWS-guardian_api-bfd3434e7d03,valid_full_text,ready_full_text,b6ff3c826f75fd67,c57abcf4bb1c9380,163af1b0f2fbe277,unique,,1,,,exact-dup-v1.0-2026-07-27
NEWS-guardian_api-bff61e15eff5,valid_full_text,ready_full_text,4604db73a558aa68,0c0a89a0f5c8c7f2,b01af62f85ad8267,unique,,1,,,exact-dup-v1.0-2026-07-27
NEWS-guardian_api-bff7b2710165,valid_full_text,ready_full_text,545ba04d88220b93,112ca9dc9364aa25,fe077d31ea38962c,unique,,1,,,exact-dup-v1.0-2026-07-27
NEWS-guardian_api-bffbd0d2c159,valid_full_text,ready_full_text,08339c44dd0a1bb4,fefcf8c7644f7697,55c9a3638b471a3d,unique,,1,,,exact-dup-v1.0-2026-07-27
NEWS-guardian_api-c009854b0f8f,valid_full_text,ready_full_text,a363aa39021fb3bd,cf578b3f8c123515,17e0e4d25cfddc2a,unique,,1,,,exact-dup-v1.0-2026-07-27
NEWS-guardian_api-c063f37ad2cb,valid_full_text,ready_full_text,8c9abeab178f70f2,bda63f9d94f44224,9c480d5f970e28e2,unique,,1,,,exact-dup-v1.0-2026-07-27
NEWS-guardian_api-c06ac8209ebb,valid_full_text,ready_full_text,408a321a95026c46,0c37ed0a9a4271ab,e08937de02f76853,unique,,1,,,exact-dup-v1.0-2026-07-27
NEWS-guardian_api-c0e874a7c919,valid_full_text,ready_full_text,b76d6dcb2009418a,b64f34fee50d8f1d,6a814081c70eb39e,unique,,1,,,exact-dup-v1.0-2026-07-27
NEWS-guardian_api-c10af7ba9e3b,valid_full_text,ready_full_text,9c193e4388f7ab5f,260c99e494f3bf45,8fb1eb5afd884e08,unique,,1,,,exact-dup-v1.0-2026-07-27
NEWS-guardian_api-c11f41411228,valid_full_text,ready_full_text,dc5b8329eb94d7dc,d58ffa5f2dbfa73c,0cf45768cd2aa0ab,unique,,1,,,exact-dup-v1.0-2026-07-27
NEWS-guardian_api-c1613ad8175e,valid_full_text,ready_full_text,d6290f36e4fd8441,18a8164ee63e6ec9,b61ae33427db8664,unique,,1,,,exact-dup-v1.0-2026-07-27
NEWS-guardian_api-c196d9cc2fcf,valid_full_text,ready_full_text,d8dc0697fcfeee35,539a3dda94445174,01ddbd30ce4e3116,unique,,1,,,exact-dup-v1.0-2026-07-27
NEWS-guardian_api-c19b7efd857e,valid_full_text,ready_full_text,576df7f6eae6802c,dac0a3fbe34f0c57,25a92fa8e2d26b31,unique,,1,,,exact-dup-v1.0-2026-07-27
NEWS-guardian_api-c1c41f2146e5,valid_full_text,ready_full_text,990cd6488e6e5040,376c8733eef0cf0e,f031e0ab443e5117,unique,,1,,,exact-dup-v1.0-2026-07-27
NEWS-guardian_api-c1e218cf6593,valid_full_text,ready_full_text,4c5314d2b2bea5f5,224a22fdf99d1f16,7e2946e4536b48d4,unique,,1,,,exact-dup-v1.0-2026-07-27
NEWS-guardian_api-c21e8e8fa23b,valid_full_text,ready_full_text,0900a4afc4cc5222,517b9bcec87d102d,af4d110c026688a0,unique,,1,,,exact-dup-v1.0-2026-07-27
NEWS-guardian_api-c22069457b1b,valid_full_text,ready_full_text,e72b7d9272dfbf75,faa79a2f8d8d0c85,b2a3e41cd177a9a9,unique,,1,,,exact-dup-v1.0-2026-07-27
NEWS-guardian_api-c23b270ae40d,valid_full_text,ready_full_text,5579af319d792d11,4f12931b3910e7cd,192a99eac8891586,unique,,1,,,exact-dup-v1.0-2026-07-27
NEWS-guardian_api-c286b3618e54,valid_full_text,ready_full_text,2d66ec1f2dd3b879,7da2e210081a6e62,738a6820aaf98d1b,unique,,1,,,exact-dup-v1.0-2026-07-27
NEWS-guardian_api-c2935bc45647,valid_full_text,ready_full_text,279643a2a6b07f45,eda6f5d31203f066,00ae982fe0ded64b,unique,,1,,,exact-dup-v1.0-2026-07-27
NEWS-guardian_api-c2cf501b7164,valid_full_text,ready_full_text,ee488d9dc79a2abc,1926460bc3325191,9054f9402ccce2cc,unique,,1,,,exact-dup-v1.0-2026-07-27
NEWS-guardian_api-c2e45865c612,valid_full_text,ready_full_text,7c71778e3ee67c1d,06daaf7ab3bb5d9e,0d12a256d5bb0c57,unique,,1,,,exact-dup-v1.0-2026-07-27
NEWS-guardian_api-c2ff79a03d60,valid_full_text,ready_full_text,d2797633c2e04a3b,5db8fc5290174c6f,6e04ca93997d1011,unique,,1,,,exact-dup-v1.0-2026-07-27
NEWS-guardian_api-c31f44f17ea5,valid_full_text,ready_full_text,406afb6358a046cf,ab4acd52559d2303,561b7d82e57db50a,unique,,1,,,exact-dup-v1.0-2026-07-27
NEWS-guardian_api-c366ed6b1910,valid_full_text,ready_full_text,28f4558f859b30b6,bab0ddcba034e1df,5e6914d1c1ff2e33,unique,,1,,,exact-dup-v1.0-2026-07-27
NEWS-guardian_api-c3f9e86e48b4,valid_full_text,ready_full_text,811d8b1ea92f06e1,513de327484daee5,5a1ec46a0758a262,unique,,1,,,exact-dup-v1.0-2026-07-27
NEWS-guardian_api-c3fd77048910,valid_full_text,ready_full_text,0d5f294a24660ad5,db39570c682fc850,fd94701b17206cf9,unique,,1,,,exact-dup-v1.0-2026-07-27
NEWS-guardian_api-c42c2f624f08,valid_full_text,ready_full_text,56522b027c3c1b68,10bdc186694abb2b,4b00304074cee8a1,unique,,1,,,exact-dup-v1.0-2026-07-27
NEWS-guardian_api-c47644311898,valid_full_text,ready_full_text,5778a1f46bc9192e,1d68286f149569c9,8a19aaac22625bd4,unique,,1,,,exact-dup-v1.0-2026-07-27
NEWS-guardian_api-c4a49b22c46c,valid_full_text,ready_full_text,0aec2163997ff1ca,023bb65d84230a71,c968d45221631be3,unique,,1,,same_title_different_body,exact-dup-v1.0-2026-07-27
NEWS-guardian_api-c4ed1a2f4744,valid_full_text,ready_full_text,3031c2db6ba35e28,55916a9b1d963213,5f13cb6e505de4d3,unique,,1,,,exact-dup-v1.0-2026-07-27
NEWS-guardian_api-c5113a8e36b9,valid_full_text,ready_full_text,31e200c84192c887,adc725d30c5eaea9,f6082b1a617165a0,unique,,1,,,exact-dup-v1.0-2026-07-27
NEWS-guardian_api-c522f7862e23,valid_full_text,ready_full_text,d3328e210bc7d18e,9bbcebffeb30a813,f38c144c720dfda7,unique,,1,,,exact-dup-v1.0-2026-07-27
NEWS-guardian_api-c5274d93663e,valid_full_text,ready_full_text,4531aa9bcdb51a7f,fb4600b4a701235e,7d2ce37704d8ff5e,unique,,1,,,exact-dup-v1.0-2026-07-27
NEWS-guardian_api-c596a61c8246,valid_full_text,ready_full_text,3e785b2bf345cb80,057a6a1650955e41,05bfa4ee0de6860d,unique,,1,,,exact-dup-v1.0-2026-07-27
NEWS-guardian_api-c5c274899b3b,valid_full_text,ready_full_text,80dc74fcb75aa575,1924bb808e29faf6,225e0efb3a1cd206,unique,,1,,,exact-dup-v1.0-2026-07-27
NEWS-guardian_api-c62d5c10e288,valid_full_text,ready_full_text,be9bdf040483762e,f6b26bb6fc10f6b8,f7003c78dea5498b,unique,,1,,,exact-dup-v1.0-2026-07-27
NEWS-guardian_api-c63a4934183c,valid_full_text,ready_full_text,5e53baec6c14c689,52956ec3378977cf,858910d430aac440,unique,,1,,,exact-dup-v1.0-2026-07-27
NEWS-guardian_api-c655a70793b7,valid_full_text,ready_full_text,04c0b57b4091639d,ef001f8520d2c79e,c52c2658af270c03,unique,,1,,,exact-dup-v1.0-2026-07-27
NEWS-guardian_api-c68fbc5203d1,valid_full_text,ready_full_text,1157d46b6b2bebfc,eb25c61ade4e8a62,671b5deaf795148f,unique,,1,,,exact-dup-v1.0-2026-07-27
NEWS-guardian_api-c6d39bf3fa39,valid_full_text,ready_full_text,a5596b4ce6881959,4ac4dd1837e9f05e,c6b22e278212a96f,unique,,1,,,exact-dup-v1.0-2026-07-27
NEWS-guardian_api-c726af230abd,valid_full_text,ready_full_text,4f940ca150156078,5451c85bf9ff9b26,82a35e3bed911aed,unique,,1,,,exact-dup-v1.0-2026-07-27
NEWS-guardian_api-c77c46a9a286,valid_full_text,ready_full_text,e6e6b8cbf6258c15,301213fbb20d5dac,e4cd824597314f82,unique,,1,,,exact-dup-v1.0-2026-07-27
NEWS-guardian_api-c7a72cd1a9ed,valid_full_text,ready_full_text,003ede09f38ab7f3,ece5603b93a0fd99,5503fb2afc716fa0,unique,,1,,,exact-dup-v1.0-2026-07-27
NEWS-guardian_api-c7cddedf66ef,valid_full_text,ready_full_text,6bec903f980e1a59,1a048683ebdaf0e5,6e10e308687463a2,unique,,1,,,exact-dup-v1.0-2026-07-27
NEWS-guardian_api-c81ed460ef10,valid_full_text,ready_full_text,7a54a04c7c6b1975,1f8c7bf3c4711780,2d894cf3c7a06d02,unique,,1,,,exact-dup-v1.0-2026-07-27
NEWS-guardian_api-c83f69d19c40,valid_full_text,ready_full_text,1a97211e255c93cb,3452beb615321c93,782d2a7d660e3d31,unique,,1,,,exact-dup-v1.0-2026-07-27
NEWS-guardian_api-c87b31a82452,valid_full_text,ready_full_text,29cd068e1c77d775,6041d9446a457c4b,08928663df6b29d9,unique,,1,,,exact-dup-v1.0-2026-07-27
NEWS-guardian_api-c88a525879ca,valid_full_text,ready_full_text,698cad7e78e81e70,7e26cdf45bfbb303,d16b4b831624323e,unique,,1,,,exact-dup-v1.0-2026-07-27
NEWS-guardian_api-c8fa36209be8,valid_full_text,ready_full_text,260ead6b38799f3c,903aec40256b299b,801eea5251614d54,unique,,1,,,exact-dup-v1.0-2026-07-27
NEWS-guardian_api-c90a5501afa5,valid_full_text,ready_full_text,2d0e94c8476ab143,46eb6ef5cb2fe582,42dbb76c25fdc6bc,unique,,1,,,exact-dup-v1.0-2026-07-27
NEWS-guardian_api-c91e43ff9b34,valid_full_text,ready_full_text,482e26410a4e4ebd,a3af08771846981a,c2925f910476b17b,unique,,1,,,exact-dup-v1.0-2026-07-27
NEWS-guardian_api-c9503ef51808,valid_full_text,ready_full_text,132fd83fc0d1e36c,96d3d88bcc956d56,d6b60e917bfe8c4e,unique,,1,,,exact-dup-v1.0-2026-07-27
NEWS-guardian_api-c97a3cbcccfd,valid_full_text,ready_full_text,a13244ad18b338bd,0283c6841ae0db9a,07ac127c68a3f6e2,unique,,1,,,exact-dup-v1.0-2026-07-27
NEWS-guardian_api-c97c0ac2b079,valid_full_text,ready_full_text,a7c028598b5a8305,82790a825475647d,6d1dbad6bb42bd09,unique,,1,,,exact-dup-v1.0-2026-07-27
NEWS-guardian_api-c9b546b05954,valid_full_text,ready_full_text,5fe477c3fe616d53,09c4bbb0d5d7b199,c6e49e2de2551c29,unique,,1,,,exact-dup-v1.0-2026-07-27
NEWS-guardian_api-c9b5afece9af,valid_full_text,ready_full_text,93d21f3ac68216ca,811da45fda96b4c5,6a5de089f80039ef,unique,,1,,,exact-dup-v1.0-2026-07-27
NEWS-guardian_api-cad005d506ba,valid_full_text,ready_full_text,3621c9790761ed16,ba0c2f3cee14668d,914ffd94b06828c0,unique,,1,,,exact-dup-v1.0-2026-07-27
NEWS-guardian_api-cad124aa89df,valid_full_text,ready_full_text,ca98d037af96ae40,b16295cf675fdabd,1458c82839b246b6,unique,,1,,,exact-dup-v1.0-2026-07-27
NEWS-guardian_api-cbc77fbf3c9a,valid_full_text,ready_full_text,ea4f8920ba2ae3a4,73f5958b59dfd6e4,ebcfc968e9bd24d9,unique,,1,,,exact-dup-v1.0-2026-07-27
NEWS-guardian_api-cc346cf5f614,valid_full_text,ready_full_text,a138f15f744ded02,80c7f8fffce2b621,8c9337bbaaab92a9,unique,,1,,,exact-dup-v1.0-2026-07-27
NEWS-guardian_api-cc48151f2747,valid_full_text,ready_full_text,dcdaa7f1831fef13,6583c6d41254f84c,4383cfac46cede3c,unique,,1,,,exact-dup-v1.0-2026-07-27
NEWS-guardian_api-cc5eafac860d,valid_full_text,ready_full_text,414f93fdee1790d7,fa4472061576dcbe,6d120c7bab6a9ae5,unique,,1,,,exact-dup-v1.0-2026-07-27
NEWS-guardian_api-ccbca17daefd,valid_full_text,ready_full_text,74f3f20ec0b51750,896108a17c8e3fb2,37100304793ca768,unique,,1,,,exact-dup-v1.0-2026-07-27
NEWS-guardian_api-cccb13dc0ef5,valid_full_text,ready_full_text,0fbeda28ed269e82,2967674d697091d7,f4458b5145eeb5d8,unique,,1,,,exact-dup-v1.0-2026-07-27
NEWS-guardian_api-cd075eb41fa8,valid_full_text,ready_full_text,1d05f5088e0292e1,3235b683ca8482d0,58b1247d1d61d6c3,unique,,1,,,exact-dup-v1.0-2026-07-27
NEWS-guardian_api-cd3ce95d3f19,valid_full_text,ready_full_text,5e48d5bc8b42efe8,1b445fba68020399,5d3fa777773f1f28,unique,,1,,,exact-dup-v1.0-2026-07-27
NEWS-guardian_api-cd3cf8112921,valid_full_text,ready_full_text,8814757153a3219f,b194a81a0f3ced0d,744cff3d7ec23353,unique,,1,,,exact-dup-v1.0-2026-07-27
NEWS-guardian_api-cd60111470b6,valid_full_text,ready_full_text,33ef19e92940414b,7f397cd34bd31b8b,10eca38461ce425f,unique,,1,,,exact-dup-v1.0-2026-07-27
NEWS-guardian_api-cd6ec2a877bc,valid_full_text,ready_full_text,40faa9ae53cee8f6,97e7f201fb2542f4,7b1a398bb6485a98,unique,,1,,,exact-dup-v1.0-2026-07-27
NEWS-guardian_api-cdf7220256f8,valid_full_text,ready_full_text,efabd7305f55c56d,07308eced55a799a,68bb66c8abe6d018,unique,,1,,,exact-dup-v1.0-2026-07-27
NEWS-guardian_api-ce08be473068,valid_full_text,ready_full_text,c74498d6b59d4a86,c006f9ffacabb2de,161a85ecf5ef31b6,unique,,1,,,exact-dup-v1.0-2026-07-27
NEWS-guardian_api-ce586d2402c9,valid_full_text,ready_full_text,9e70cfcb8f08b338,0abd201d73ef7160,247f594320ddbc05,unique,,1,,,exact-dup-v1.0-2026-07-27
NEWS-guardian_api-ce614f0fffc6,missing_body,not_usable_for_text_analysis,,,,not_clustered_unusable,,0,,,exact-dup-v1.0-2026-07-27
NEWS-guardian_api-ce6cd571b152,valid_full_text,ready_full_text,2287e1330542ea8f,34274d8f03b5e9fb,aea12d0aa78267d4,unique,,1,,,exact-dup-v1.0-2026-07-27
NEWS-guardian_api-cf142eed0094,valid_full_text,ready_full_text,36a2f681f66e6c1e,8b018ca3f9de0d65,99b408e69c80b796,unique,,1,,,exact-dup-v1.0-2026-07-27
NEWS-guardian_api-cf70a80fe42a,valid_full_text,ready_full_text,3dd446dc182e7c98,bdf156f04bd45d8f,3dfa670a47cbc04e,unique,,1,,,exact-dup-v1.0-2026-07-27
NEWS-guardian_api-cfc56033ac3b,valid_full_text,ready_full_text,b66dd5308a8cdae8,543ba03254b5305f,c456916eceb0c2a9,unique,,1,,,exact-dup-v1.0-2026-07-27
NEWS-guardian_api-cfe35b255bb5,valid_full_text,ready_full_text,b0b00ac5e874ac3f,744aa2b7d6571125,2e47f90fea84d5f6,unique,,1,,,exact-dup-v1.0-2026-07-27
NEWS-guardian_api-d0144242e603,valid_full_text,ready_full_text,aae309bfa81b6b5e,18e7fdd69b054665,3e3568e1eb4aec8f,unique,,1,,,exact-dup-v1.0-2026-07-27
NEWS-guardian_api-d03a3689db9b,valid_full_text,ready_full_text,ccf1cc13ac6a41b2,486cc4ccdd23c7f1,78f4df714893523e,unique,,1,,,exact-dup-v1.0-2026-07-27
NEWS-guardian_api-d071d5574daa,valid_full_text,ready_full_text,67e86f46781b23da,768a6881e73b0c7d,db97c3f6cce1eeae,unique,,1,,,exact-dup-v1.0-2026-07-27
NEWS-guardian_api-d09f4defdb06,valid_full_text,ready_full_text,29f4dc0ae85da036,880d0cef223ba891,89f278ed9b74eefb,unique,,1,,,exact-dup-v1.0-2026-07-27
NEWS-guardian_api-d0ad8d2565d0,valid_full_text,ready_full_text,f3f0132854d452ed,55a0c282d775e480,b686656aadf60c91,unique,,1,,,exact-dup-v1.0-2026-07-27
NEWS-guardian_api-d0b9fb865bca,valid_full_text,ready_full_text,5fd976c900921715,1c3c00d6ffea2633,0e5efa81d08eed44,unique,,1,,,exact-dup-v1.0-2026-07-27
NEWS-guardian_api-d0e43475efd8,valid_full_text,ready_full_text,5a4be72d831b6a70,0fc5da8445557369,c09524a7281c9ca5,unique,,1,,,exact-dup-v1.0-2026-07-27
NEWS-guardian_api-d0e677e5bc64,valid_full_text,ready_full_text,5a8da1e73e2a2f6e,e3bf86d32c7948fd,0509a25efed4b74e,unique,,1,,,exact-dup-v1.0-2026-07-27
NEWS-guardian_api-d0f9c6b12713,valid_full_text,ready_full_text,7f16ff66e1b7b69e,89c9ea15c2833f60,cea550ca014125b1,unique,,1,,,exact-dup-v1.0-2026-07-27
NEWS-guardian_api-d105b02300f3,valid_full_text,ready_full_text,960aae54eb14031f,cb87817e1687311e,624440b9aefe68fb,unique,,1,,,exact-dup-v1.0-2026-07-27
NEWS-guardian_api-d11095338b5c,valid_full_text,ready_full_text,a9a38ecf98cbc01f,83fb0745af45b6ce,d4cd30356710d407,unique,,1,,,exact-dup-v1.0-2026-07-27
NEWS-guardian_api-d11c2225305c,valid_full_text,ready_full_text,2c20c46eacdce2cc,c32c03fd5da7074a,fc8653c6e6d4e681,unique,,1,,,exact-dup-v1.0-2026-07-27
NEWS-guardian_api-d15e025f540b,valid_full_text,ready_full_text,417a42cbbb2f585f,4185a704f85ecb40,b46a6c2155a6efb6,unique,,1,,,exact-dup-v1.0-2026-07-27
NEWS-guardian_api-d205dc347b92,valid_full_text,ready_full_text,46e551fdad24322c,29f97cc8977e3383,c5e82cdfa1387b4d,unique,,1,,,exact-dup-v1.0-2026-07-27
NEWS-guardian_api-d21d167eeeae,valid_full_text,ready_full_text,0ffc551e6accb4a1,fb07975755f5533b,e5e1fd0aa8e534f2,unique,,1,,,exact-dup-v1.0-2026-07-27
NEWS-guardian_api-d23b4b9bfe24,valid_full_text,ready_full_text,e229d03510aabc38,f03f5c8c68bfd3cc,5765e7cc8bcb1e2b,unique,,1,,,exact-dup-v1.0-2026-07-27
NEWS-guardian_api-d26123047d53,valid_full_text,ready_full_text,e9652c2c6303ef01,005a75ca83ce044f,8e147633d3d053df,unique,,1,,,exact-dup-v1.0-2026-07-27
NEWS-guardian_api-d27cc05720ea,valid_full_text,ready_full_text,1a8bb126fe66142c,f2156f0f267ca3dd,68d638c5f48c6a17,unique,,1,,,exact-dup-v1.0-2026-07-27
NEWS-guardian_api-d2ab9e3a4023,valid_full_text,ready_full_text,a00cba4cb723aca5,2b17e37ab823e5db,78b4a6113d421550,unique,,1,,,exact-dup-v1.0-2026-07-27
NEWS-guardian_api-d2ec7a17776d,valid_full_text,ready_full_text,9613da94016c0783,8b44978930d854dc,a7834776b7bd1729,unique,,1,,,exact-dup-v1.0-2026-07-27
NEWS-guardian_api-d323a620796c,valid_full_text,ready_full_text,d2e084af3de182d5,c60395879ffeb215,ea828c41e94d4142,unique,,1,,,exact-dup-v1.0-2026-07-27
NEWS-guardian_api-d32a0a6f89dd,valid_full_text,ready_full_text,3e2b0081d7310e1d,86f607f26f0e2711,c2893af247591a5d,unique,,1,,,exact-dup-v1.0-2026-07-27
NEWS-guardian_api-d332f7f996a3,valid_full_text,ready_full_text,39166a8a33e53c25,6e8db6a76af2892a,c1d76fc24bfdfdc1,unique,,1,,,exact-dup-v1.0-2026-07-27
NEWS-guardian_api-d348cdf6a1be,valid_full_text,ready_full_text,ab5a86deefd857ba,5eaead400f52274e,004d25c7899b7e2f,unique,,1,,,exact-dup-v1.0-2026-07-27
NEWS-guardian_api-d364204d783f,valid_full_text,ready_full_text,b6339ae3aa591a5c,fa05dab92f98e741,974fb707e2f31158,unique,,1,,,exact-dup-v1.0-2026-07-27
NEWS-guardian_api-d3b4ce9a0f6b,valid_full_text,ready_full_text,d3301870173d7746,a3334761333c5287,bd4f6ed0b150e9f0,unique,,1,,,exact-dup-v1.0-2026-07-27
NEWS-guardian_api-d3cde60e6448,valid_full_text,ready_full_text,e169cae7c1900c83,21d8fafd8a4f84dc,53c0d4505794b8af,unique,,1,,,exact-dup-v1.0-2026-07-27
NEWS-guardian_api-d3d76f7d8406,valid_full_text,ready_full_text,81ae4e8fa386e953,98028aaa414de6a9,e0662dd038addd18,unique,,1,,,exact-dup-v1.0-2026-07-27
NEWS-guardian_api-d3de5e2c071e,valid_full_text,ready_full_text,c62e1354bf199d76,63beeec6a683bded,664bf627be64d85c,unique,,1,,,exact-dup-v1.0-2026-07-27
NEWS-guardian_api-d3f50d1cbd8d,valid_full_text,ready_full_text,f39cf18131d33807,18ac6148127d1290,c6c034a59709101c,unique,,1,,,exact-dup-v1.0-2026-07-27
NEWS-guardian_api-d40151e92172,valid_full_text,ready_full_text,f53a183076de2cd8,186b4d4cc568ce95,bcacf0a6f55fd70c,unique,,1,,,exact-dup-v1.0-2026-07-27
NEWS-guardian_api-d415c9fede44,valid_full_text,ready_full_text,4497df09f86c9b4e,d8f88f28c7b0c97d,c7737accc019269a,unique,,1,,,exact-dup-v1.0-2026-07-27
NEWS-guardian_api-d419c9c4b0d0,valid_full_text,ready_full_text,131ca425e9a22234,8355ced89f220606,579b86f8fb0b6e7c,unique,,1,,,exact-dup-v1.0-2026-07-27
NEWS-guardian_api-d42b50d26ef0,valid_full_text,ready_full_text,6f4cc10dabe0cca4,827aa44e465c2af8,fae23397e86b3f84,unique,,1,,,exact-dup-v1.0-2026-07-27
NEWS-guardian_api-d457f14c8167,valid_full_text,ready_full_text,34020ce6ef73cd00,059c3d81e9751316,bf5a8630b6194f14,unique,,1,,,exact-dup-v1.0-2026-07-27
NEWS-guardian_api-d494f5e36567,valid_full_text,ready_full_text,09c8d92441bbee4c,3f4db0810cc94796,d11daa71332bcfe5,unique,,1,,,exact-dup-v1.0-2026-07-27
NEWS-guardian_api-d4a4d7e56edb,valid_full_text,ready_full_text,cd0d3350be168046,212c4f92f7516834,06a65f57e24a7add,unique,,1,,,exact-dup-v1.0-2026-07-27
NEWS-guardian_api-d4f4cabda9cf,valid_full_text,ready_full_text,6ae353d1a150bc09,8c77c2e426dc1df5,891213c304d9d473,unique,,1,,,exact-dup-v1.0-2026-07-27
NEWS-guardian_api-d52a697edfaa,valid_full_text,ready_full_text,27c4993e8f6244e8,9c75a3d8ebc1507d,302a57582d7517af,unique,,1,,,exact-dup-v1.0-2026-07-27
NEWS-guardian_api-d53b89c45266,valid_full_text,ready_full_text,af2e97530259dc30,6e70ee98beb36854,ab67543df214975e,unique,,1,,,exact-dup-v1.0-2026-07-27
NEWS-guardian_api-d59de44747f0,valid_full_text,ready_full_text,a8b3c9284abefb5a,a25c5bdb357df7db,be9f1311c4378687,unique,,1,,,exact-dup-v1.0-2026-07-27
NEWS-guardian_api-d5b220610ad5,valid_full_text,ready_full_text,23ed8f4c690c77e7,46e4eff88599a066,3f804a1fbfdeb905,unique,,1,,,exact-dup-v1.0-2026-07-27
NEWS-guardian_api-d5c5cede0d78,valid_full_text,ready_full_text,2df0649128f55653,91b577c22e1acfbe,b594959b82dbda05,unique,,1,,,exact-dup-v1.0-2026-07-27
NEWS-guardian_api-d68a3aaa87f0,valid_full_text,ready_full_text,47182a9c7fa1814c,242436c1ccbfc38f,103abe9bbd234ad5,unique,,1,,,exact-dup-v1.0-2026-07-27
NEWS-guardian_api-d68b69c55d4e,valid_full_text,ready_full_text,df9912f3ef61f62b,40f13627c844a09a,b48f8c30fe8a27a7,unique,,1,,,exact-dup-v1.0-2026-07-27
NEWS-guardian_api-d69521c2b342,valid_full_text,ready_full_text,c4050f1983b822b5,dcc253f2dd8fedac,df36dd83b166934e,unique,,1,,,exact-dup-v1.0-2026-07-27
NEWS-guardian_api-d6b325201d22,valid_full_text,ready_full_text,3fd21233e58aba8c,6cc55e1ec096c3b3,8b1869461b3007d2,unique,,1,,,exact-dup-v1.0-2026-07-27
NEWS-guardian_api-d6f00ce6f1b0,valid_full_text,ready_full_text,04d2f2ae1f68c6d0,43a16484f3a2d977,2848bdaca1c13284,unique,,1,,,exact-dup-v1.0-2026-07-27
NEWS-guardian_api-d74f5e4509df,valid_full_text,ready_full_text,884dde6760c6a4b8,489a3a5437bd14c9,c9e88d659260bb58,unique,,1,,,exact-dup-v1.0-2026-07-27
NEWS-guardian_api-d79bb4ef9b8b,valid_full_text,ready_full_text,b873ecd8fab6732b,4654f2bdd6205c0e,907843926f96f0c4,unique,,1,,,exact-dup-v1.0-2026-07-27
NEWS-guardian_api-d7f9040b6ee6,valid_full_text,ready_full_text,4549892875ad908c,d521a1b18245d466,96a13296e1db21d8,unique,,1,,,exact-dup-v1.0-2026-07-27
NEWS-guardian_api-d80c75f6a32b,valid_full_text,ready_full_text,ee69c5b421430d3d,56e8bc686bba14ed,a0391dce9ed67c2f,unique,,1,,,exact-dup-v1.0-2026-07-27
NEWS-guardian_api-d8c8f5695952,valid_full_text,ready_full_text,9a8338a43d1a20b7,7cdb459ea1374b95,662298b63a49950a,unique,,1,,,exact-dup-v1.0-2026-07-27
NEWS-guardian_api-d8cd60dc846b,valid_full_text,ready_full_text,003feeb54eabb230,2e717739a7d44504,ca48176d4d86cfdd,unique,,1,,,exact-dup-v1.0-2026-07-27
NEWS-guardian_api-d954dd985731,valid_full_text,ready_full_text,37ba1d39c9c9de3a,c7140a36e0aec504,ab59814b082ca174,unique,,1,,,exact-dup-v1.0-2026-07-27
NEWS-guardian_api-d97c1db412e5,valid_full_text,ready_full_text,e484fe10f35d5541,ad42b54705c900df,5cebe9906dbd0c89,unique,,1,,,exact-dup-v1.0-2026-07-27
NEWS-guardian_api-d985f98c3b34,valid_full_text,ready_full_text,ff4b735612727683,e0598c6f0a76d4e4,ca09438dd1b450a2,unique,,1,,,exact-dup-v1.0-2026-07-27
NEWS-guardian_api-d9a934d0dcbf,valid_full_text,ready_full_text,97c6df4674f65ab9,cddfa7b057547506,9652a958a058e777,unique,,1,,,exact-dup-v1.0-2026-07-27
NEWS-guardian_api-d9bf2566ae10,valid_full_text,ready_full_text,5dd624f1398bcc0d,009d1757a28d0280,329cf22a3573e026,unique,,1,,,exact-dup-v1.0-2026-07-27
NEWS-guardian_api-d9dc0af8f38d,valid_full_text,ready_full_text,9b6d0dd10c267bca,076e65b87923560f,34a86b595bfcba5a,unique,,1,,,exact-dup-v1.0-2026-07-27
NEWS-guardian_api-da076b205c66,valid_full_text,ready_full_text,2fb7f850a15e1fc6,9654fee9153ab20c,a0b896e0d748fe2c,unique,,1,,,exact-dup-v1.0-2026-07-27
NEWS-guardian_api-da696af4ddae,valid_full_text,ready_full_text,0f9c79eea57fe595,2241b7ad434c7dfa,d8e1f5dc7c01cc4a,unique,,1,,,exact-dup-v1.0-2026-07-27
NEWS-guardian_api-da6cd5d790cf,valid_full_text,ready_full_text,412edc5d4a2ad452,ede913ccf4fb99f6,c5d96e4caded7278,unique,,1,,,exact-dup-v1.0-2026-07-27
NEWS-guardian_api-daf630730606,valid_full_text,ready_full_text,4fe8a88f343ffa66,e39afe9696c4dedb,fcf50cd6aef4a476,unique,,1,,,exact-dup-v1.0-2026-07-27
NEWS-guardian_api-db8e86d23fa5,valid_full_text,ready_full_text,b211777530ca93bd,e205a93abe5edae4,f868bfabf37890d4,unique,,1,,,exact-dup-v1.0-2026-07-27
NEWS-guardian_api-dba9b708664b,valid_full_text,ready_full_text,f0134cfbbfe194c0,c910073430c9c00e,4c3023c1a95194b0,unique,,1,,,exact-dup-v1.0-2026-07-27
NEWS-guardian_api-dbee489006a9,valid_full_text,ready_full_text,7d9054c95a48d51a,0e1c76452cb7a259,e2926ecf2ff526ed,unique,,1,,,exact-dup-v1.0-2026-07-27
NEWS-guardian_api-dbffe59c2a37,valid_full_text,ready_full_text,b1fcd6bb02de2d6d,fe539205a4f5a065,8f6aef1edc5fd4af,unique,,1,,,exact-dup-v1.0-2026-07-27
NEWS-guardian_api-dc9c6505fe49,valid_full_text,ready_full_text,75e22a95767fa671,eb0673a8a57fb012,ad42636749029dc5,unique,,1,,,exact-dup-v1.0-2026-07-27
NEWS-guardian_api-dca3632efdcd,valid_full_text,ready_full_text,c3841a2bda5bea89,f7b4e9d75b99f83c,bda911160f8b9254,unique,,1,,,exact-dup-v1.0-2026-07-27
NEWS-guardian_api-dca45bd4c7eb,valid_full_text,ready_full_text,932eeee832d115bf,c6003bb189b2a0bc,7d1da55eeef75cce,unique,,1,,,exact-dup-v1.0-2026-07-27
NEWS-guardian_api-dcb62e199e24,valid_full_text,ready_full_text,d3ddaba1a485fb01,8a3493d622e01b1c,d6e8a43865788574,unique,,1,,,exact-dup-v1.0-2026-07-27
NEWS-guardian_api-dcdc30d05f30,valid_full_text,ready_full_text,49471ea1f7694c5e,a92296c9488ca0cf,75d44c8413d8ea34,unique,,1,,,exact-dup-v1.0-2026-07-27
NEWS-guardian_api-dcfb7477da1a,valid_full_text,ready_full_text,e3d3855a3af04580,dca9e417243736ae,8a9eb7ce8771c4e2,unique,,1,,,exact-dup-v1.0-2026-07-27
NEWS-guardian_api-dd450c4add06,valid_full_text,ready_full_text,adc3be1714e2ce2e,0a9ca8cc7ce999f2,1b67cc2bbf8da124,unique,,1,,,exact-dup-v1.0-2026-07-27
NEWS-guardian_api-dd670ddc6928,valid_full_text,ready_full_text,a6b6d2eb91ebb989,9c32301132be15fb,6c6c53078346a84b,unique,,1,,,exact-dup-v1.0-2026-07-27
NEWS-guardian_api-dd93a3003147,valid_full_text,ready_full_text,1b80a732e422a04f,2b293f50620ef895,7193ef9e24b4e825,unique,,1,,,exact-dup-v1.0-2026-07-27
NEWS-guardian_api-dd97a3812d92,valid_full_text,ready_full_text,941de15d7ed9d7bc,ca6a149eba383012,a40ccc90ebfa75c7,unique,,1,,,exact-dup-v1.0-2026-07-27
NEWS-guardian_api-ddf1c73612b6,valid_full_text,ready_full_text,0dd133739d59b6e7,644c3c5c966d7f74,d80220171aef64eb,unique,,1,,,exact-dup-v1.0-2026-07-27
NEWS-guardian_api-de0ad7cc7c30,valid_full_text,ready_full_text,a7421336ea2f686d,3317f61a6d80739b,866a726e34d0db54,unique,,1,,,exact-dup-v1.0-2026-07-27
NEWS-guardian_api-de14fda465d9,valid_full_text,ready_full_text,de1f15fb75dde2e5,09944c98b14fdb16,42ffd1a125f5a70c,unique,,1,,,exact-dup-v1.0-2026-07-27
NEWS-guardian_api-de35fe4ba424,valid_full_text,ready_full_text,2800243eb3830421,a1fd34bdd653c9b8,0cfc5b2f4e23887c,unique,,1,,,exact-dup-v1.0-2026-07-27
NEWS-guardian_api-de6ba365a393,valid_full_text,ready_full_text,337d1d4595e1a80b,9cc97829a7f4a69d,92593bb2148900cf,unique,,1,,,exact-dup-v1.0-2026-07-27
NEWS-guardian_api-de7da753ebc5,valid_full_text,ready_full_text,cf7c8a8c72e819f2,c3405d573e6fc9f7,da5a8997bdfc6205,unique,,1,,,exact-dup-v1.0-2026-07-27
NEWS-guardian_api-dec4512273f6,valid_full_text,ready_full_text,bcd75c031a4474c3,36a4880bbf7910d1,8ae15238cd5f2f38,unique,,1,,,exact-dup-v1.0-2026-07-27
NEWS-guardian_api-def738cf0e47,valid_full_text,ready_full_text,3f72734b9bce1c82,670f394c5e1d1779,49c8b70c19151c44,unique,,1,,,exact-dup-v1.0-2026-07-27
NEWS-guardian_api-df15c0169af6,valid_full_text,ready_full_text,3d271356f879aff3,e2e3164a45953d15,f161f9cc20eda585,unique,,1,,,exact-dup-v1.0-2026-07-27
NEWS-guardian_api-df30c5680f7c,valid_full_text,ready_full_text,90b14ebe555d8560,11f15da6a1a94126,e99a7505c608265a,unique,,1,,,exact-dup-v1.0-2026-07-27
NEWS-guardian_api-df4d905fca2a,valid_full_text,ready_full_text,53780a208b24df79,01de20d05b8ab29f,c09e991925a14174,unique,,1,,,exact-dup-v1.0-2026-07-27
NEWS-guardian_api-df6125750933,valid_full_text,ready_full_text,d861742cce09cd6a,384f7c4e93df3223,6f56fa675a07792b,unique,,1,,,exact-dup-v1.0-2026-07-27
NEWS-guardian_api-df7b4024db83,valid_full_text,ready_full_text,4fe2f01952908f6f,5e94077f0650af9a,fa4047c9959374ce,unique,,1,,,exact-dup-v1.0-2026-07-27
NEWS-guardian_api-dfc615684617,valid_full_text,ready_full_text,5cda6edf14f4838f,874be5da6e5d69bf,70d562cfec4b0388,unique,,1,,,exact-dup-v1.0-2026-07-27
NEWS-guardian_api-dfd06c891e64,valid_full_text,ready_full_text,b9f7f53c29ce1ac4,f50cf5c8efd3093b,6d51bcd8d711c1b8,unique,,1,,,exact-dup-v1.0-2026-07-27
NEWS-guardian_api-e055a3a82316,valid_full_text,ready_full_text,b86a2fa001cbad3f,38cbd3449ab3dbdf,21263f11e832d0c7,unique,,1,,,exact-dup-v1.0-2026-07-27
NEWS-guardian_api-e07fe85d62f4,valid_full_text,ready_full_text,a5a0ddc5e3498026,95ec50696be416dc,a1ce8167d11bedfd,unique,,1,,,exact-dup-v1.0-2026-07-27
NEWS-guardian_api-e0a9a9a4b97f,valid_full_text,ready_full_text,62c3ece496f11c18,f8f45e24aa34e1d7,25626d7b94987f17,unique,,1,,,exact-dup-v1.0-2026-07-27
NEWS-guardian_api-e0ca3011d653,valid_full_text,ready_full_text,a316f7e8fd103e3d,2114212592accf5d,9d26ffbe8fa1b3cb,unique,,1,,,exact-dup-v1.0-2026-07-27
NEWS-guardian_api-e0d9206fb5b9,valid_full_text,ready_full_text,35e53b54b6b98bc3,53a40e6caa8734b2,f7ee01991b065c55,unique,,1,,,exact-dup-v1.0-2026-07-27
NEWS-guardian_api-e0f17ffc5ed1,valid_full_text,ready_full_text,b2c23c7bdd2535fb,4093fbe3e2ba240c,cf22535b48423b9a,unique,,1,,,exact-dup-v1.0-2026-07-27
NEWS-guardian_api-e1223e426b02,valid_full_text,ready_full_text,ae7b9702eb447ac5,d859b2dfcd1f7a86,8a2d6b873704f749,unique,,1,,,exact-dup-v1.0-2026-07-27
NEWS-guardian_api-e127d2625c6c,valid_full_text,ready_full_text,4e353597db06c34e,37d16c8362ba9f28,e5eaad27e3317a1c,unique,,1,,,exact-dup-v1.0-2026-07-27
NEWS-guardian_api-e14b67ba8d11,valid_full_text,ready_full_text,9d336dc4a73cc03e,71e66ecb9d227dd5,895a58856ae21b0b,unique,,1,,,exact-dup-v1.0-2026-07-27
NEWS-guardian_api-e1741c44a60f,valid_full_text,ready_full_text,6ec4e3bf4ed1e9d5,53f4c09e6f8c8c6e,f6931e6f8a1b2e68,unique,,1,,,exact-dup-v1.0-2026-07-27
NEWS-guardian_api-e18cc51b3c46,valid_full_text,ready_full_text,a3a7cb916b2dd646,dc547234e09a66f7,a433201dfddd85c2,unique,,1,,,exact-dup-v1.0-2026-07-27
NEWS-guardian_api-e2001566d58a,valid_full_text,ready_full_text,57958b75dcd98ee7,5ce65eacad4b7c97,eebfc93b2461182b,unique,,1,,,exact-dup-v1.0-2026-07-27
NEWS-guardian_api-e2097df72479,valid_full_text,ready_full_text,14557f7ad6e0f7d7,c808087ada5b3fc2,9ea27fc523f8ad03,unique,,1,,,exact-dup-v1.0-2026-07-27
NEWS-guardian_api-e245af725ad1,valid_full_text,ready_full_text,b90a5f9c59f3cca1,b1ea6d71dda2ddc2,e9b5f2bce96d98d6,unique,,1,,,exact-dup-v1.0-2026-07-27
NEWS-guardian_api-e24d358aad5e,valid_full_text,ready_full_text,1c0f0869967309f2,3c082644ff247ecf,457235894f2c9d1c,unique,,1,,,exact-dup-v1.0-2026-07-27
NEWS-guardian_api-e27041541080,valid_full_text,ready_full_text,2cef86c6dd275a72,023c4d357759313e,41caca1147ee5b00,unique,,1,,,exact-dup-v1.0-2026-07-27
NEWS-guardian_api-e29d8afa3d40,valid_full_text,ready_full_text,12cac525a28a53a7,5be15d8757d00853,865456e9a940810a,unique,,1,,,exact-dup-v1.0-2026-07-27
NEWS-guardian_api-e2dfbebe74f3,valid_full_text,ready_full_text,282f52f3d96ed925,e76bf74d538e2c2d,57ecf28372d14233,unique,,1,,,exact-dup-v1.0-2026-07-27
NEWS-guardian_api-e2e572470c8c,valid_full_text,ready_full_text,c9a8c9b0d528fbea,f4fbf32f1b2195b7,a4856946c2c779e2,unique,,1,,,exact-dup-v1.0-2026-07-27
NEWS-guardian_api-e3d7085348ca,valid_full_text,ready_full_text,6d04bd6f8376003a,fe78a4bfca1922e4,a7b3bb68aa43f09b,unique,,1,,,exact-dup-v1.0-2026-07-27
NEWS-guardian_api-e3d93c1b16f2,valid_full_text,ready_full_text,8b7df0c751c0c25e,8b872c8d02bea0c9,f7fc283b5368c9d3,unique,,1,,,exact-dup-v1.0-2026-07-27
NEWS-guardian_api-e3eab3eae9ee,valid_full_text,ready_full_text,42979144a5021d28,b104b8c78c871011,9704fb4edf0f135d,unique,,1,,,exact-dup-v1.0-2026-07-27
NEWS-guardian_api-e3f61b6a4b4f,valid_full_text,ready_full_text,6884db5e4eed6d7c,9205dafeefa25e31,b42e7442a6c22a22,unique,,1,,,exact-dup-v1.0-2026-07-27
NEWS-guardian_api-e4143fc63ae4,valid_full_text,ready_full_text,cd0608802fef3cfe,0c4e81113667595f,de44872baecb8a65,unique,,1,,,exact-dup-v1.0-2026-07-27
NEWS-guardian_api-e43188efd3e7,valid_full_text,ready_full_text,b20b002650712978,ecc8aec0483fca52,603fd94b1df191f8,unique,,1,,,exact-dup-v1.0-2026-07-27
NEWS-guardian_api-e453f5dce06c,valid_full_text,ready_full_text,3d56d5d724736c91,3f41f65b0f63061c,6dc3dbedef2cc1cd,unique,,1,,,exact-dup-v1.0-2026-07-27
NEWS-guardian_api-e486eed78770,valid_full_text,ready_full_text,8b737461ce11c041,db09b03a68323ee6,2376f2451fef4cf2,unique,,1,,,exact-dup-v1.0-2026-07-27
NEWS-guardian_api-e533fffa17bf,valid_full_text,ready_full_text,2b9f5e762d1dcf8a,8b0f331f843dff67,e621a34e9162ef24,unique,,1,,,exact-dup-v1.0-2026-07-27
NEWS-guardian_api-e53a1a0c7ab9,valid_full_text,ready_full_text,404ca10cd1916d87,4bc7431d6cce3320,f1bdfbc15329e1b6,unique,,1,,,exact-dup-v1.0-2026-07-27
NEWS-guardian_api-e586b4419ec1,valid_full_text,ready_full_text,7183629a3325af37,12c8d7ff6385ee1e,0ed9bf9e4e443fac,unique,,1,,,exact-dup-v1.0-2026-07-27
NEWS-guardian_api-e5a21a7dd1b1,valid_full_text,ready_full_text,71c57bb4868919c9,7623b3ada3286731,bbd4703f25abe683,unique,,1,,,exact-dup-v1.0-2026-07-27
NEWS-guardian_api-e5aa0496951b,valid_full_text,ready_full_text,9552d921728e24fa,dae6c90d17af12f0,a86faf3cdedbc27d,unique,,1,,,exact-dup-v1.0-2026-07-27
NEWS-guardian_api-e5e3fe88a9dd,valid_full_text,ready_full_text,30c6cd8dfca8feb7,c6fe8d74f33457d4,0cb48dc295536f22,unique,,1,,,exact-dup-v1.0-2026-07-27
NEWS-guardian_api-e5e8fa5a5b3c,valid_full_text,ready_full_text,b7ebcfa0d28eaa3a,804437da11699399,23d405e006496317,unique,,1,,,exact-dup-v1.0-2026-07-27
NEWS-guardian_api-e60e8558523d,valid_full_text,ready_full_text,014f2d38caaee834,fe693a8127f113c8,4fa2867989d990b9,unique,,1,,,exact-dup-v1.0-2026-07-27
NEWS-guardian_api-e64bd6b44e30,valid_full_text,ready_full_text,3cb11ad2789543bd,c0d4554cfa40a169,bd2f4ebbba1f582d,unique,,1,,,exact-dup-v1.0-2026-07-27
NEWS-guardian_api-e6a82ddf040a,valid_full_text,ready_full_text,b128e05dfb1b2459,4b32120915a6acf5,39a860a708596038,unique,,1,,,exact-dup-v1.0-2026-07-27
NEWS-guardian_api-e6e2d3386082,valid_full_text,ready_full_text,f86cf818648ccf93,28624705bc78081c,98c416fab86ea2ff,unique,,1,,,exact-dup-v1.0-2026-07-27
NEWS-guardian_api-e751700cdf28,valid_full_text,ready_full_text,0aefc6eb7461ed2e,03622c0935cf0183,9841aa8d286aa013,unique,,1,,,exact-dup-v1.0-2026-07-27
NEWS-guardian_api-e76f9df2c5bb,valid_full_text,ready_full_text,5667603ad0fb6c7a,53a4b31b4acca29e,c0c2b876afb3a7f4,unique,,1,,,exact-dup-v1.0-2026-07-27
NEWS-guardian_api-e77d5f8dbcbc,valid_full_text,ready_full_text,4d2301e069466245,7a4602ccd849e17e,09e93e537a4b613c,unique,,1,,,exact-dup-v1.0-2026-07-27
NEWS-guardian_api-e7b18b12c59d,valid_full_text,ready_full_text,45b8c34fa9e0cb39,bce3c44e7552cdd9,547392888be3b6bc,unique,,1,,,exact-dup-v1.0-2026-07-27
NEWS-guardian_api-e8036604b42a,valid_full_text,ready_full_text,c71efa2a3a9206f5,3537377dea59bbf8,e5a7c593c557936d,unique,,1,,,exact-dup-v1.0-2026-07-27
NEWS-guardian_api-e845351e1f37,valid_full_text,ready_full_text,5eb7e21357a04abf,f1257edee7fd6a2b,6ba1a8fd5c776c81,unique,,1,,,exact-dup-v1.0-2026-07-27
NEWS-guardian_api-e84f209773c3,valid_full_text,ready_full_text,8e7e1880f85830af,288c96f0503a9d8b,3e2bda7d7d83d549,unique,,1,,,exact-dup-v1.0-2026-07-27
NEWS-guardian_api-e881223a242d,valid_full_text,ready_full_text,c768fc6d99797b83,f4a4eb87649be7e0,10338a60c01ef0a0,unique,,1,,,exact-dup-v1.0-2026-07-27
NEWS-guardian_api-e8d543987e25,valid_full_text,ready_full_text,e97e0ab24a02d354,2bb7ab5fed9dcc30,5f6baff281ef67fd,unique,,1,,,exact-dup-v1.0-2026-07-27
NEWS-guardian_api-e8d7ecd0dd71,valid_full_text,ready_full_text,310fe857b8662605,520e8c192210be2d,6dcc6ee3e340f3c7,unique,,1,,,exact-dup-v1.0-2026-07-27
NEWS-guardian_api-e952f181ef5d,valid_full_text,ready_full_text,d4923536d780bb5b,4170b1d5703d9327,6e4ddc575849222f,unique,,1,,,exact-dup-v1.0-2026-07-27
NEWS-guardian_api-e95da1c1f91e,valid_full_text,ready_full_text,496cc2a103b858a2,d3c671573cd4f9b2,cd64ce8d8f763a2c,unique,,1,,,exact-dup-v1.0-2026-07-27
NEWS-guardian_api-e99627f30d11,valid_full_text,ready_full_text,56c41fbf931721b1,761dfc9ab5a65d1c,2ed7e8428a44f0b8,unique,,1,,,exact-dup-v1.0-2026-07-27
NEWS-guardian_api-e99ee2966d2a,valid_full_text,ready_full_text,26732ce32615ed7e,d9bbdedafa90e238,a53d2acc03f4c56c,unique,,1,,,exact-dup-v1.0-2026-07-27
NEWS-guardian_api-e9c758899767,valid_full_text,ready_full_text,90464be4700db885,357b7471022fa7d8,a55848a4cdf13b8a,unique,,1,,,exact-dup-v1.0-2026-07-27
NEWS-guardian_api-e9e888a7dc65,valid_full_text,ready_full_text,a86bc8d60dabafce,53130fb1b53af037,a35f77cc5bbe6661,unique,,1,,,exact-dup-v1.0-2026-07-27
NEWS-guardian_api-e9fa991e2ee6,valid_full_text,ready_full_text,3d60cce689e2c9ec,0d04eb7b9bdd50d5,223ef2dedfcfadbb,unique,,1,,,exact-dup-v1.0-2026-07-27
NEWS-guardian_api-ea32482298e3,valid_full_text,ready_full_text,6c00fe673c426392,1b879bcc1a85e4f4,b9e263c7c5ed3113,unique,,1,,,exact-dup-v1.0-2026-07-27
NEWS-guardian_api-ea5e0eca89a9,valid_full_text,ready_full_text,4ac2bc35b4a1c9ed,e7de2d4c7857da89,ed06df2e0e3d0979,unique,,1,,,exact-dup-v1.0-2026-07-27
NEWS-guardian_api-eab94a9b77ce,valid_full_text,ready_full_text,2b7da0092baf8983,d04883e31c13faaf,486ab68dee63cde0,unique,,1,,,exact-dup-v1.0-2026-07-27
NEWS-guardian_api-eaee87086d07,valid_full_text,ready_full_text,1c109396c86d0e44,0fb22c9ba040cbbb,aeff6d3a7f26bb5e,unique,,1,,,exact-dup-v1.0-2026-07-27
NEWS-guardian_api-eb473469589d,valid_full_text,ready_full_text,7a82f73479ce96f0,bf02007d9bf83959,d3b388cace645e7d,unique,,1,,,exact-dup-v1.0-2026-07-27
NEWS-guardian_api-eb50ceac2df1,valid_full_text,ready_full_text,4cd509048ce826b7,c3de339fa152de7d,bae21f4926fcaf04,unique,,1,,,exact-dup-v1.0-2026-07-27
NEWS-guardian_api-eb6f7ee02d0d,valid_full_text,ready_full_text,f9473475ee7411a0,d8562d14bfdb9f5f,bcdc6f320eed62a8,unique,,1,,,exact-dup-v1.0-2026-07-27
NEWS-guardian_api-ebe1cc7b26d5,valid_full_text,ready_full_text,c3ae4647a4987d70,f50f40bed4c979fa,8301b74ad3e31519,unique,,1,,,exact-dup-v1.0-2026-07-27
NEWS-guardian_api-ebf77d538269,valid_full_text,ready_full_text,d971a668fe0738b2,39909ed9546cf5c4,a58fe654a0e9fd3d,unique,,1,,,exact-dup-v1.0-2026-07-27
NEWS-guardian_api-ec712ce67f1c,valid_full_text,ready_full_text,749fde7875609656,0dd49914cfdee9e6,2ec9301e65dfb7e1,unique,,1,,,exact-dup-v1.0-2026-07-27
NEWS-guardian_api-ec933d862412,valid_full_text,ready_full_text,508009fd00ec677c,319812248dd18b6b,3449c3de053b3003,unique,,1,,,exact-dup-v1.0-2026-07-27
NEWS-guardian_api-ed30e80d6da9,valid_full_text,ready_full_text,8360a278375f9414,0cdf786c79f0c97b,81b0fa174c9adea5,unique,,1,,,exact-dup-v1.0-2026-07-27
NEWS-guardian_api-ed65e9ea315f,valid_full_text,ready_full_text,97afeca233b56886,2f7320b4ac866d2f,a02a491f2b20b481,unique,,1,,,exact-dup-v1.0-2026-07-27
NEWS-guardian_api-ed80536b929e,valid_full_text,ready_full_text,b452a90d5f11af34,d8712a35d849480f,b46677b1d759bdbc,unique,,1,,,exact-dup-v1.0-2026-07-27
NEWS-guardian_api-edd64b50d64b,valid_full_text,ready_full_text,81215f4a9aa8cd89,a48f78cf746d620a,99efb8c1d4e3e08a,unique,,1,,,exact-dup-v1.0-2026-07-27
NEWS-guardian_api-edf7a0e04a57,valid_full_text,ready_full_text,db50c974705d45fc,8df3e9251de32b7a,51a960d92d64ca8f,unique,,1,,,exact-dup-v1.0-2026-07-27
NEWS-guardian_api-ee0e74bb87d4,valid_full_text,ready_full_text,725782801e1b3655,0c87e93f7af635cc,914149b474f6d2fb,unique,,1,,,exact-dup-v1.0-2026-07-27
NEWS-guardian_api-eee96e087161,valid_full_text,ready_full_text,764742cdeb847d2b,dc91e563129c8b95,b10ec5af6f65297f,unique,,1,,,exact-dup-v1.0-2026-07-27
NEWS-guardian_api-eee99ba739e6,valid_full_text,ready_full_text,eb9ba75db58958ed,c7c936933de97c39,d5670c7e9105761c,unique,,1,,,exact-dup-v1.0-2026-07-27
NEWS-guardian_api-eefda122af39,valid_full_text,ready_full_text,f105e1c6cafd6cb5,5fa7f54bd39b4067,d2c7d36bc0f7d75d,unique,,1,,,exact-dup-v1.0-2026-07-27
NEWS-guardian_api-ef26989191c7,valid_full_text,ready_full_text,5ea7cd11a19d77f1,b3394e798eb39f13,8cc5744d72f365e6,unique,,1,,,exact-dup-v1.0-2026-07-27
NEWS-guardian_api-efba48be975b,valid_full_text,ready_full_text,4af5a1e7992328cb,c79841e4fa76ff7a,aa00b9783b0f0983,unique,,1,,,exact-dup-v1.0-2026-07-27
NEWS-guardian_api-efbd8ee86ac5,valid_full_text,ready_full_text,127436aff40ca359,65e46e2ef2f9e1a6,cafe2db82124dd41,unique,,1,,,exact-dup-v1.0-2026-07-27
NEWS-guardian_api-f029021ae3b0,valid_full_text,ready_full_text,95966b64f765715b,1dc9a15425a9dbb3,4132667fa0c2e8e0,unique,,1,,,exact-dup-v1.0-2026-07-27
NEWS-guardian_api-f03b11174e43,valid_full_text,ready_full_text,559cc03e32b77c86,b92252feaafa04f7,8eb4de57a428029b,unique,,1,,,exact-dup-v1.0-2026-07-27
NEWS-guardian_api-f0619eb82d54,valid_full_text,ready_full_text,d46ed38117df282a,04020d476626e6c6,2b197c33c7ee0ed4,unique,,1,,,exact-dup-v1.0-2026-07-27
NEWS-guardian_api-f0a1608f580f,valid_full_text,ready_full_text,2ab1542061c80466,0643d1de48cda3ec,40413c0791f55238,unique,,1,,,exact-dup-v1.0-2026-07-27
NEWS-guardian_api-f0a68b031390,valid_full_text,ready_full_text,7920c72b2e80633b,d9ee192bf789712b,de50cbeccec8bfe1,unique,,1,,,exact-dup-v1.0-2026-07-27
NEWS-guardian_api-f0bf3f647f76,valid_full_text,ready_full_text,3d4e42fdd4297538,351b14e1a34bff30,316bb69d1e251f76,unique,,1,,,exact-dup-v1.0-2026-07-27
NEWS-guardian_api-f0e1fbfa261a,valid_full_text,ready_full_text,afd8014f2821c139,2a3db36dac12b62b,b7a4766def348f91,unique,,1,,,exact-dup-v1.0-2026-07-27
NEWS-guardian_api-f1253002ecf1,valid_full_text,ready_full_text,957cf020d6fb4b2f,fb4985f04da8f20b,d566c0112592828f,unique,,1,,,exact-dup-v1.0-2026-07-27
NEWS-guardian_api-f15a5afe3963,valid_full_text,ready_full_text,05024447d34cd4b2,ad157958562a33fd,274825d15a3214d3,unique,,1,,,exact-dup-v1.0-2026-07-27
NEWS-guardian_api-f179eb8f1ab9,valid_full_text,ready_full_text,63d34613903b4993,b7932cb722c3c73a,416e057968829139,unique,,1,,,exact-dup-v1.0-2026-07-27
NEWS-guardian_api-f198f258e879,valid_full_text,ready_full_text,a14b80f5cc563b3c,7e0f44ffcafacf7a,9e57c0c18578d16c,unique,,1,,,exact-dup-v1.0-2026-07-27
NEWS-guardian_api-f1a8eba5ae8c,valid_full_text,ready_full_text,9e296b736df09672,f4e33190bba159b6,fb8f1233b1e79372,unique,,1,,,exact-dup-v1.0-2026-07-27
NEWS-guardian_api-f1be9e3dc792,valid_full_text,ready_full_text,69d31948e9637397,e37470b9ca820961,5134f2f8d5432e1c,unique,,1,,,exact-dup-v1.0-2026-07-27
NEWS-guardian_api-f1edb08d1f32,valid_full_text,ready_full_text,edbd3c35f66db08e,35e2ad07b6d82c9a,5c5625ff9c8dff7a,unique,,1,,,exact-dup-v1.0-2026-07-27
NEWS-guardian_api-f1ee8a546380,valid_full_text,ready_full_text,71b7fc4f26c4ca4a,4232d95742352c0e,0575b40350e3f75c,unique,,1,,,exact-dup-v1.0-2026-07-27
NEWS-guardian_api-f23baa72ace0,valid_full_text,ready_full_text,5233e3c7e39d8d4f,3804901de313730e,303a0855de557e20,unique,,1,,,exact-dup-v1.0-2026-07-27
NEWS-guardian_api-f2502a01aab5,valid_full_text,ready_full_text,7d7ddbcf94f088f7,d9accb86e7edee34,68382092fd0a5f03,unique,,1,,,exact-dup-v1.0-2026-07-27
NEWS-guardian_api-f26e627cf62e,valid_full_text,ready_full_text,78bbdb5876d94391,7ff79ca368cbfca8,8798965699a1423f,unique,,1,,,exact-dup-v1.0-2026-07-27
NEWS-guardian_api-f271e0725a4c,valid_full_text,ready_full_text,1c596e1659fc83f6,4caed08aa78d7405,d29af0bb14e5f472,unique,,1,,,exact-dup-v1.0-2026-07-27
NEWS-guardian_api-f29ea7e88d71,valid_full_text,ready_full_text,2881e3c544f83842,058f83e6db1c40c2,4d425febfbd320b0,unique,,1,,,exact-dup-v1.0-2026-07-27
NEWS-guardian_api-f331230e4a69,valid_full_text,ready_full_text,78044dbfff01fe47,f6c13b80a2a8f906,440e932f8b0e8904,unique,,1,,,exact-dup-v1.0-2026-07-27
NEWS-guardian_api-f349e341dd2d,valid_full_text,ready_full_text,4707e5f23c0fb58b,1d4dcb699db453e5,34cf96a38c54930d,unique,,1,,,exact-dup-v1.0-2026-07-27
NEWS-guardian_api-f352158feeaa,valid_full_text,ready_full_text,ff6bdbba71e5b68b,aaee6d01c2fa7bf4,38a067a53f81414f,unique,,1,,,exact-dup-v1.0-2026-07-27
NEWS-guardian_api-f36fb22b99ba,valid_full_text,ready_full_text,c197dfd1e890d6e1,00eeff5801eca00b,3adefe1c1a229efe,unique,,1,,,exact-dup-v1.0-2026-07-27
NEWS-guardian_api-f37b15fd49c5,valid_full_text,ready_full_text,2d39945d44ea7862,3d61c4381d84a790,1b23691c6d0d6885,unique,,1,,,exact-dup-v1.0-2026-07-27
NEWS-guardian_api-f3b3af7c0808,valid_full_text,ready_full_text,d0f04e1b9f8ad779,b4ef92413a9206ed,c2e3c24f3d0e6ae2,unique,,1,,,exact-dup-v1.0-2026-07-27
NEWS-guardian_api-f3d58325a0f4,valid_full_text,ready_full_text,1cf97e0d7ada1e61,67d1f19ac0f7fe3d,73da1f119ec81dfb,unique,,1,,,exact-dup-v1.0-2026-07-27
NEWS-guardian_api-f3ff9a9831f1,valid_full_text,ready_full_text,5245177368fdd66d,cb577e4c17bf6a72,3064449b226d585b,unique,,1,,,exact-dup-v1.0-2026-07-27
NEWS-guardian_api-f48abe173d25,valid_full_text,ready_full_text,231289d1ecadbca4,00131c93e0360c0f,604d38c3cf0824be,unique,,1,,,exact-dup-v1.0-2026-07-27
NEWS-guardian_api-f4c770d5cb74,valid_full_text,ready_full_text,cfd80a7939ec9fdd,4da8970220132520,8c0b0a2ed729bc2c,unique,,1,,,exact-dup-v1.0-2026-07-27
NEWS-guardian_api-f4fe6a62d68d,valid_full_text,ready_full_text,767768519004a5ac,cdd945a3d3241a83,a4d7e646f38dee9c,unique,,1,,,exact-dup-v1.0-2026-07-27
NEWS-guardian_api-f51b7e399edd,valid_full_text,ready_full_text,d59e8dcdc010ebd1,fe2f968194fc8679,03ae421218c1c21b,unique,,1,,,exact-dup-v1.0-2026-07-27
NEWS-guardian_api-f54be252ce05,valid_full_text,ready_full_text,bee4bbec0a8c6755,e28a27e8c813413a,3191129bee82d213,unique,,1,,,exact-dup-v1.0-2026-07-27
NEWS-guardian_api-f5604aea27bc,valid_full_text,ready_full_text,b021203d20123f1b,112537c0b40c4f9b,ea6d7fd4f3dbcbd1,unique,,1,,,exact-dup-v1.0-2026-07-27
NEWS-guardian_api-f58d9240dff9,valid_full_text,ready_full_text,eb562ab2f39a6f9c,5979c7226c1bc804,e3b5a725bf720edd,unique,,1,,,exact-dup-v1.0-2026-07-27
NEWS-guardian_api-f5b4a573a9fc,valid_full_text,ready_full_text,5abe8c52918dcec6,4a60d44f7b1b300d,4d4bfa11f8459387,unique,,1,,,exact-dup-v1.0-2026-07-27
NEWS-guardian_api-f5cc9e550817,valid_full_text,ready_full_text,f2e71f370c3261e7,9b1cb830537157fa,1b00fbbc4eececca,unique,,1,,,exact-dup-v1.0-2026-07-27
NEWS-guardian_api-f5d4d66ec35a,valid_full_text,ready_full_text,6eefe8bf91743287,d7d40e676d4c9e1b,57710b16bbf52c46,unique,,1,,,exact-dup-v1.0-2026-07-27
NEWS-guardian_api-f603109bee47,valid_full_text,ready_full_text,4f52f3aa6a40a436,c59bc695b35c9df0,69ab5841bef8a08a,unique,,1,,,exact-dup-v1.0-2026-07-27
NEWS-guardian_api-f6282807186d,valid_full_text,ready_full_text,6dc4c6d588ccb432,10fdd207da4348c1,333c9fc0f01fb607,unique,,1,,,exact-dup-v1.0-2026-07-27
NEWS-guardian_api-f62cf723e3b3,valid_full_text,ready_full_text,56e9df462faf3a2c,61586deefabea7f7,648ede30cdf058cc,unique,,1,,,exact-dup-v1.0-2026-07-27
NEWS-guardian_api-f63a80d1742e,valid_full_text,ready_full_text,14954011fe509ba5,feed8842f594a057,945b995eac7443ce,unique,,1,,,exact-dup-v1.0-2026-07-27
NEWS-guardian_api-f69f6b561824,valid_full_text,ready_full_text,16b936b9c01c1291,f864b2dc11020f5e,4d501d14f62d7c33,unique,,1,,,exact-dup-v1.0-2026-07-27
NEWS-guardian_api-f6b37f18b32a,valid_full_text,ready_full_text,fa903bbcacb2d0f6,2e78d5475489cac2,ae995687d2eec6a5,unique,,1,,,exact-dup-v1.0-2026-07-27
NEWS-guardian_api-f79050822815,valid_full_text,ready_full_text,320486ebf6ad4e47,61b26a689441530a,25663b00dcd7f5e2,unique,,1,,,exact-dup-v1.0-2026-07-27
NEWS-guardian_api-f79d9ad0be32,valid_full_text,ready_full_text,7e9be6f2a3c311dc,b52d15874e44c9b8,08672d1351703b4e,unique,,1,,,exact-dup-v1.0-2026-07-27
NEWS-guardian_api-f7a7a3a15568,valid_full_text,ready_full_text,fdd12831a2d7d35d,cf082952cb23cb2b,acb292df77645730,unique,,1,,,exact-dup-v1.0-2026-07-27
NEWS-guardian_api-f7b65218f9b2,valid_full_text,ready_full_text,f6709e47afe18852,0df4c0875125465d,665377e320c4aa3b,unique,,1,,,exact-dup-v1.0-2026-07-27
NEWS-guardian_api-f7f67efe332c,valid_full_text,ready_full_text,fa4d531da3e2c84f,a3fd75708b2cb71d,cae46c8b60000a67,unique,,1,,,exact-dup-v1.0-2026-07-27
NEWS-guardian_api-f806005f741a,valid_full_text,ready_full_text,7fc6a926990b447e,197e48e78fc0824a,fe8059f4d4188070,unique,,1,,,exact-dup-v1.0-2026-07-27
NEWS-guardian_api-f82442ef14a3,valid_full_text,ready_full_text,5288d761fbbfa283,2b5811ef42c24553,9dc2701f62858064,unique,,1,,,exact-dup-v1.0-2026-07-27
NEWS-guardian_api-f831c0579e89,valid_full_text,ready_full_text,444d6e23bfeb709c,281e2b89e60ab211,b2167e86eaa0728f,unique,,1,,,exact-dup-v1.0-2026-07-27
NEWS-guardian_api-f83574e71536,valid_full_text,ready_full_text,28e263fd393c22ad,1e9ea49d4c0ffc08,89b857cca2ed1bc2,unique,,1,,,exact-dup-v1.0-2026-07-27
NEWS-guardian_api-f840250c048f,valid_full_text,ready_full_text,e2bff000dd3f123b,ae0328469c096db3,f762d79349ab128d,unique,,1,,,exact-dup-v1.0-2026-07-27
NEWS-guardian_api-f8e4538c74f2,valid_full_text,ready_full_text,ffdedc74cddee7b5,8417f60e1a669730,aea257b971e1cc12,unique,,1,,,exact-dup-v1.0-2026-07-27
NEWS-guardian_api-f8f810dd8258,valid_full_text,ready_full_text,e937bf9a08ba2ced,05828999b43db1e0,9cb80c8436d02b30,unique,,1,,,exact-dup-v1.0-2026-07-27
NEWS-guardian_api-f913d79128a5,valid_full_text,ready_full_text,b19e54808c210873,a74af144b6ad6ae1,a45cb5f613191a38,unique,,1,,,exact-dup-v1.0-2026-07-27
NEWS-guardian_api-f92c61f81a2a,valid_full_text,ready_full_text,f709fcd103873972,2d1d4674778132fd,ff175d66b5044333,unique,,1,,,exact-dup-v1.0-2026-07-27
NEWS-guardian_api-f961ed89b4fe,valid_full_text,ready_full_text,80def52a3656912f,01023f0b3607dcc5,81e33f4a07f6c933,unique,,1,,,exact-dup-v1.0-2026-07-27
NEWS-guardian_api-f9675c88c056,valid_full_text,ready_full_text,53f467c753ee8422,9f053b520ebff08b,cc5c9b357bad0281,unique,,1,,,exact-dup-v1.0-2026-07-27
NEWS-guardian_api-f9c82f1235c8,valid_full_text,ready_full_text,93c807b0037ddf63,70ef4a84ddab99f4,da141442a3d975d4,unique,,1,,,exact-dup-v1.0-2026-07-27
NEWS-guardian_api-f9fc47b07150,valid_full_text,ready_full_text,62a72474e1b03e29,e01fe609a3e131e6,b9c9f6a38276058b,unique,,1,,,exact-dup-v1.0-2026-07-27
NEWS-guardian_api-fa1c3fc9840d,valid_full_text,ready_full_text,a7b9e6acd10b10c4,c042e71588ab0270,f4a71674c81a280f,unique,,1,,,exact-dup-v1.0-2026-07-27
NEWS-guardian_api-fa39e97acb6a,valid_full_text,ready_full_text,431900611c8d4aa8,1a4b600716edca6b,77e656794cab7c80,unique,,1,,,exact-dup-v1.0-2026-07-27
NEWS-guardian_api-fa7c65831a5e,valid_full_text,ready_full_text,382e4d6c7249d23a,3704509835b23598,e0bf7ebebc6ace5c,unique,,1,,,exact-dup-v1.0-2026-07-27
NEWS-guardian_api-fa7e9b5dec27,valid_full_text,ready_full_text,f62f33bee6d123fb,cb56e5f77e255d6a,b85fb12f884a208d,unique,,1,,,exact-dup-v1.0-2026-07-27
NEWS-guardian_api-fabc17859d75,valid_full_text,ready_full_text,ecf427d81df4cebe,496d2547cb53a14d,d882bdcb0074ed42,unique,,1,,,exact-dup-v1.0-2026-07-27
NEWS-guardian_api-fae76634b019,valid_full_text,ready_full_text,e86d079648132691,137a6936b2b6fa21,7bd7c7618c5fd5f3,unique,,1,,,exact-dup-v1.0-2026-07-27
NEWS-guardian_api-faeedb239b96,valid_full_text,ready_full_text,0dfb400c562e55f5,af8de67354b59710,2152275536650fa4,unique,,1,,,exact-dup-v1.0-2026-07-27
NEWS-guardian_api-faff6a8d78fe,valid_full_text,ready_full_text,53d1ec51e2bdf5a0,e479447fd825f7ed,b7363b44fe2e317f,unique,,1,,,exact-dup-v1.0-2026-07-27
NEWS-guardian_api-fb33092c3182,valid_full_text,ready_full_text,bdf3f63187a592ac,8a1b983971f1523b,aaef76f59e9aaba3,unique,,1,,,exact-dup-v1.0-2026-07-27
NEWS-guardian_api-fb3609bd4965,valid_full_text,ready_full_text,e3d8953104f59a89,0b57b5f3efa09b1f,9b22aee0a1b815c1,unique,,1,,,exact-dup-v1.0-2026-07-27
NEWS-guardian_api-fb5e74f41b2d,valid_full_text,ready_full_text,08a76cbc460ce9fe,412da6a8d4cc8ccc,771742c2e9d9dd6b,unique,,1,,,exact-dup-v1.0-2026-07-27
NEWS-guardian_api-fb77f5f08d32,valid_full_text,ready_full_text,3852da2eab9bdcba,e6adf6b4731761d8,39afd402772085f5,unique,,1,,,exact-dup-v1.0-2026-07-27
NEWS-guardian_api-fbabbe049f1e,valid_full_text,ready_full_text,fd92c9839861e28f,5420a6bb03f67279,4a459976fb8d540d,unique,,1,,,exact-dup-v1.0-2026-07-27
NEWS-guardian_api-fc266c6fe730,valid_full_text,ready_full_text,fa8fdaecb6454bc4,51b28a7d2c0b44d8,7ffdeede53938ec8,unique,,1,,,exact-dup-v1.0-2026-07-27
NEWS-guardian_api-fc42fa870ddc,valid_full_text,ready_full_text,8a307cad7bb016af,5eac1e3647c95923,cc0eb05bebc6f549,unique,,1,,,exact-dup-v1.0-2026-07-27
NEWS-guardian_api-fc4550411128,valid_full_text,ready_full_text,479c02ae8eda76c4,10c2b7db93abecea,f277be64acecfac7,unique,,1,,,exact-dup-v1.0-2026-07-27
NEWS-guardian_api-fc602e3eb10c,valid_full_text,ready_full_text,70075bc91317e196,804c6c0e44d5457e,aaddb8c9dd8b79c2,unique,,1,,,exact-dup-v1.0-2026-07-27
NEWS-guardian_api-fc801bb2c90c,valid_full_text,ready_full_text,8692e111909c816f,1d181c96a0ddb524,541c14cde1f2f33e,unique,,1,,,exact-dup-v1.0-2026-07-27
NEWS-guardian_api-fcb1dac29fa8,valid_full_text,ready_full_text,26a227563ff5126f,b56753d17eef23c5,c854b34eec6c4359,unique,,1,,,exact-dup-v1.0-2026-07-27
NEWS-guardian_api-fcc24916d456,valid_full_text,ready_full_text,7e394c75fef26d59,3a4a32129ace4678,6b0a93b0d62f3e0f,unique,,1,,,exact-dup-v1.0-2026-07-27
NEWS-guardian_api-fcd52f1b0282,valid_full_text,ready_full_text,e2beabea0ba028a3,b99fe795e710342f,3159a23523b0c087,unique,,1,,,exact-dup-v1.0-2026-07-27
NEWS-guardian_api-fcfb81b2dc09,valid_full_text,ready_full_text,1b15e8379fbe55b9,e2395168c1bcaa4b,aa121f6d1263b752,unique,,1,,,exact-dup-v1.0-2026-07-27
NEWS-guardian_api-fd51ea9a80c7,valid_full_text,ready_full_text,e832387a68919fbe,d76474855f985e86,6bc2760d35253022,unique,,1,,,exact-dup-v1.0-2026-07-27
NEWS-guardian_api-fd7a5bb23ab3,valid_full_text,ready_full_text,0fee7cd6a255513e,b8099b9fb8ed7b1c,380c2cb9ff756a28,unique,,1,,,exact-dup-v1.0-2026-07-27
NEWS-guardian_api-fd7ce34f4e6c,valid_full_text,ready_full_text,dc18e1075876c8a8,6840fa8c3c7c1ebf,704d06d2cb29f91e,unique,,1,,,exact-dup-v1.0-2026-07-27
NEWS-guardian_api-fd9d6be0d90e,valid_full_text,ready_full_text,a32119ade3d9df95,a38a4b995669a0ad,27961e4a795fb47a,unique,,1,,,exact-dup-v1.0-2026-07-27
NEWS-guardian_api-fe0ec6ec6e01,valid_full_text,ready_full_text,8063e1aee3cc71f1,e9918bb959abb075,90ed71d7df968e23,unique,,1,,,exact-dup-v1.0-2026-07-27
NEWS-guardian_api-fe329a10135c,valid_full_text,ready_full_text,7380857e89f72a68,5160a0cb8b4e8e4e,fa4e5d2ed8155307,unique,,1,,,exact-dup-v1.0-2026-07-27
NEWS-guardian_api-fe74fd7fb270,valid_full_text,ready_full_text,84195d7edded4a83,4a428f55d0d5f08a,a7fd89bb60839e4b,unique,,1,,,exact-dup-v1.0-2026-07-27
NEWS-guardian_api-fea2606b93aa,valid_full_text,ready_full_text,3ba9963a1c0ff23b,9bc694da3d7b5afb,ea3035b13e432da6,unique,,1,,,exact-dup-v1.0-2026-07-27
NEWS-guardian_api-fec05cfe0e6a,valid_full_text,ready_full_text,f156793bcbf14631,4d51e038c4ddb7a9,0984e9755c83ae81,unique,,1,,,exact-dup-v1.0-2026-07-27
NEWS-guardian_api-fecf1125e39a,valid_full_text,ready_full_text,63048b5e412b11c2,32449f480e0daf20,e3943611a5999d77,unique,,1,,,exact-dup-v1.0-2026-07-27
NEWS-guardian_api-fef2db1295c4,valid_full_text,ready_full_text,97db62cc69c37df1,afe12b2061da12a2,72645094673b6abb,unique,,1,,,exact-dup-v1.0-2026-07-27
NEWS-guardian_api-ffa46ec41993,valid_full_text,ready_full_text,aebb8c128b812eeb,4b56e67516f79acf,83e2bc6252d373fe,unique,,1,,,exact-dup-v1.0-2026-07-27
NEWS-guardian_api-ffd5e292a2bc,valid_full_text,ready_full_text,2cbae6d405202cb1,bfafc3d6439da15a,c2199fff01336d20,unique,,1,,,exact-dup-v1.0-2026-07-27
NEWS-guardian_api-fffa6b608391,valid_full_text,ready_full_text,94e86b2a62281383,6837ca2457549327,d489000cd72174a4,unique,,1,,,exact-dup-v1.0-2026-07-27
NEWS-guildford_dragon-1c38b966faf4,valid_full_text,ready_full_text,ca061b15eb6c0650,7c3f2d41b31dbcd7,e7d33e7eb4c644af,unique,,1,,same_title_different_body,exact-dup-v1.0-2026-07-27
NEWS-guildford_dragon-343b8ded2e2a,valid_full_text,ready_full_text,ca061b15eb6c0650,0696e80756ba5e71,831f0fac8222d305,unique,,1,,same_title_different_body,exact-dup-v1.0-2026-07-27
NEWS-guildford_dragon-388d5b733d68,valid_full_text,ready_full_text,ca061b15eb6c0650,962477c0d539e487,6c237f1edd9a46a4,unique,,1,,same_title_different_body,exact-dup-v1.0-2026-07-27
NEWS-guildford_dragon-40ac34fceac8,valid_full_text,ready_full_text,ca061b15eb6c0650,82e24bea63f59a8c,2e242cdb53153d12,unique,,1,,same_title_different_body,exact-dup-v1.0-2026-07-27
NEWS-guildford_dragon-4c0a30842861,valid_full_text,ready_full_text,ca061b15eb6c0650,797a58965e4e9f65,bbf89ba1cdfe1a25,unique,,1,,same_title_different_body,exact-dup-v1.0-2026-07-27
NEWS-guildford_dragon-66c8415ee5a7,valid_full_text,ready_full_text,ca061b15eb6c0650,034191d3534d65d8,14d95300c9996209,unique,,1,,same_title_different_body,exact-dup-v1.0-2026-07-27
NEWS-guildford_dragon-8131c9199780,valid_full_text,ready_full_text,ca061b15eb6c0650,1499966fe7b494be,5b862b27575fbf17,unique,,1,,same_title_different_body,exact-dup-v1.0-2026-07-27
NEWS-guildford_dragon-8f5b302d0bbf,valid_full_text,ready_full_text,ca061b15eb6c0650,faf5cdde8a90839e,e00b1371e8acaad0,unique,,1,,same_title_different_body,exact-dup-v1.0-2026-07-27
NEWS-guildford_dragon-b5de1719712d,valid_full_text,ready_full_text,ca061b15eb6c0650,4ece6ca895ddcdf9,79e1d2e34771a979,unique,,1,,same_title_different_body,exact-dup-v1.0-2026-07-27
NEWS-guildford_dragon-bd8991767823,valid_full_text,ready_full_text,ca061b15eb6c0650,cf9a656d8557e367,575672804d23c83f,unique,,1,,same_title_different_body,exact-dup-v1.0-2026-07-27
NEWS-guildford_dragon-c4c267f5f96d,valid_full_text,ready_full_text,ca061b15eb6c0650,2c0d41da18cb5762,d1f9b5378e74f943,unique,,1,,same_title_different_body,exact-dup-v1.0-2026-07-27
NEWS-guildford_dragon-cfab18cda9bf,valid_full_text,ready_full_text,ca061b15eb6c0650,74021ad9326076a1,0ee40e2218b5f137,unique,,1,,same_title_different_body,exact-dup-v1.0-2026-07-27
NEWS-guildford_dragon-d8c0187430a0,valid_full_text,ready_full_text,ca061b15eb6c0650,fae2d1bc4f140b1e,cd90b6b8a879efce,unique,,1,,same_title_different_body,exact-dup-v1.0-2026-07-27
NEWS-guildford_dragon-e541cb662b89,valid_full_text,ready_full_text,ca061b15eb6c0650,5e52f7de87fdab05,1ff2526dcd0f0dca,unique,,1,,same_title_different_body,exact-dup-v1.0-2026-07-27
NEWS-surreylive-0a0e8c2a1016,valid_full_text,ready_full_text,a0fd5371e9e2d8f8,8ec532c2fc6cbef1,ace8ff5387127362,unique,,1,,,exact-dup-v1.0-2026-07-27
NEWS-surreylive-0e36e5a49dfd,valid_full_text,ready_full_text,df76f0f315774a0c,f6819b1d0c011cf6,71e7594b846adaed,unique,,1,,,exact-dup-v1.0-2026-07-27
NEWS-surreylive-0facb544d283,valid_full_text,ready_full_text,c17767749d92080f,f9100bb50fba3b1e,ba2283e5ab8aea10,unique,,1,,,exact-dup-v1.0-2026-07-27
NEWS-surreylive-1351f85c19fc,valid_full_text,ready_full_text,5ec0423c694489e3,d5b7b53c51c1efd2,381b688671c7e636,unique,,1,,,exact-dup-v1.0-2026-07-27
NEWS-surreylive-15853fa74661,valid_full_text,ready_full_text,d16fa94ba3f1bb62,2041345c494cbf23,904e35b794102b27,unique,,1,,,exact-dup-v1.0-2026-07-27
NEWS-surreylive-1751a8550ef0,valid_full_text,ready_full_text,b562cbdf0b94e82d,811e88638cd30902,08063e6b6362619a,unique,,1,,,exact-dup-v1.0-2026-07-27
NEWS-surreylive-19952195c4f1,valid_full_text,ready_full_text,d301dd41f4596772,a5e1eeeb98c9478c,57769a5b07398a24,unique,,1,,,exact-dup-v1.0-2026-07-27
NEWS-surreylive-1d71be81f2ae,valid_full_text,ready_full_text,ff82842eaad56809,1b67563ed3422dc2,8c5767930f4d45ac,unique,,1,,,exact-dup-v1.0-2026-07-27
NEWS-surreylive-2360b288b189,valid_full_text,ready_full_text,b3ddffc15a5c16fc,952c0b37fce84eed,a2a675c38bd4d8b2,unique,,1,,same_title_different_body,exact-dup-v1.0-2026-07-27
NEWS-surreylive-238bb5a742d3,valid_full_text,ready_full_text,812b78d6c40b5010,7f338321e4194391,f5e27b9cc039a8d8,unique,,1,,same_title_different_body,exact-dup-v1.0-2026-07-27
NEWS-surreylive-28c2619c9143,valid_full_text,ready_full_text,c3ecd7116b5cca3c,ae217abdca6cfca2,25e0e3a1590a24f6,unique,,1,,,exact-dup-v1.0-2026-07-27
NEWS-surreylive-2a7a9746000c,valid_full_text,ready_full_text,0cc040341b832fd9,eeab8e7f7067b37e,98bbbfe6ce0f4252,unique,,1,,,exact-dup-v1.0-2026-07-27
NEWS-surreylive-31dc715da600,valid_full_text,ready_full_text,6ef9a60036cf19da,e3b1f50c4123665a,ca92d28c56579d37,unique,,1,,,exact-dup-v1.0-2026-07-27
NEWS-surreylive-324ea61b57c1,valid_full_text,ready_full_text,bda6b50472301c04,1e1c1fad0d03e02f,93270eb6a09c05c5,unique,,1,,,exact-dup-v1.0-2026-07-27
NEWS-surreylive-363897b95052,valid_full_text,ready_full_text,f2afeb5e1dbac78f,ed8df159d2948679,1efec3808502c227,unique,,1,,,exact-dup-v1.0-2026-07-27
NEWS-surreylive-39affecd8be2,valid_full_text,ready_full_text,71003af187d91c2e,a8300aeef0bee271,f11135e5a28fc59d,unique,,1,,,exact-dup-v1.0-2026-07-27
NEWS-surreylive-3ba3c873216d,valid_full_text,ready_full_text,93bbd711b8ca2e49,9dc5e49ea2540ede,ac555f8f0d8eac4a,unique,,1,,,exact-dup-v1.0-2026-07-27
NEWS-surreylive-40aed1a13f2f,valid_full_text,ready_full_text,92529effc772169f,d96e9c7c3c3a9502,25f88f87829152ce,unique,,1,,,exact-dup-v1.0-2026-07-27
NEWS-surreylive-4a0c5b29bbd0,valid_full_text,ready_full_text,e0a897f36ea2e6cc,70093951f85079af,7997d68ad9274c16,unique,,1,,,exact-dup-v1.0-2026-07-27
NEWS-surreylive-4d362b433d57,valid_full_text,ready_full_text,9e20f6ae65063e26,5a59f8fa93d87554,f93d553e14e0af55,unique,,1,,,exact-dup-v1.0-2026-07-27
NEWS-surreylive-4dd8ff0e6f7a,valid_full_text,ready_full_text,a71935bfdc1c7ac3,9d6735e63a3904b2,78ceda8455047527,unique,,1,,,exact-dup-v1.0-2026-07-27
NEWS-surreylive-5377e37e19b3,valid_full_text,ready_full_text,f965e2c2a43aa4c0,121448f1583df26b,83249fa9ed06ec41,unique,,1,,,exact-dup-v1.0-2026-07-27
NEWS-surreylive-5dd48b5e7d46,valid_full_text,ready_full_text,df112460c135b979,6b19a1ed796e3ab3,ed689dbd39911ce5,unique,,1,,,exact-dup-v1.0-2026-07-27
NEWS-surreylive-635da7b45cf7,valid_full_text,ready_full_text,53d0aa648b8eb006,e038f15b223e4c2d,f0cb5250c8ed097d,unique,,1,,,exact-dup-v1.0-2026-07-27
NEWS-surreylive-65935ea5be4c,valid_full_text,ready_full_text,87c2c61a03b8fcb1,8f0b1c134d6ba408,2378d0fee6782fc3,unique,,1,,,exact-dup-v1.0-2026-07-27
NEWS-surreylive-6eff5123960f,valid_full_text,ready_full_text,fe5dccf68c72cbea,90f093122183001e,5e50434d07044dbc,unique,,1,,,exact-dup-v1.0-2026-07-27
NEWS-surreylive-70e1f2a713d6,valid_full_text,ready_full_text,780b9c9c17adc589,8534178f64c17cb0,586027e732bc23c0,unique,,1,,,exact-dup-v1.0-2026-07-27
NEWS-surreylive-73f3e60cb4f6,valid_full_text,ready_full_text,569016ccc8f65f37,6d6f3175bed074c3,677bcb6b636ec0df,unique,,1,,same_title_different_body,exact-dup-v1.0-2026-07-27
NEWS-surreylive-740cdbc61d50,valid_full_text,ready_full_text,274c790efff3f2dd,4b0dfd2c6cb1dd1c,a8e86e6c4b60dfb9,unique,,1,,,exact-dup-v1.0-2026-07-27
NEWS-surreylive-79ca9b8d86d9,valid_full_text,ready_full_text,2560616e5368c1c2,124bcd86d4b1a183,afa79fb15117248e,unique,,1,,,exact-dup-v1.0-2026-07-27
NEWS-surreylive-7a29d15d8401,valid_full_text,ready_full_text,af21e04c51d5ec59,42f66d0106eba022,3b13f1e6028d68d1,unique,,1,,,exact-dup-v1.0-2026-07-27
NEWS-surreylive-7a5d9378d086,valid_full_text,ready_full_text,8a4c2d58a658ec44,ccef3daf090e89d1,d83977ae23879a97,unique,,1,,,exact-dup-v1.0-2026-07-27
NEWS-surreylive-80c40c269d60,valid_full_text,ready_full_text,7508dadcb7a4739a,ffa61d25c8a483cc,d7c70a1145649f2f,unique,,1,,,exact-dup-v1.0-2026-07-27
NEWS-surreylive-881fffe231de,valid_full_text,ready_full_text,1ff86755afcd884c,e7c35718ef23e583,81120b8fc8972909,unique,,1,,,exact-dup-v1.0-2026-07-27
NEWS-surreylive-8992d7a6d812,valid_full_text,ready_full_text,3b0b620b359a044e,ec897efc1d409550,ed9eb5dc5861c54e,unique,,1,,,exact-dup-v1.0-2026-07-27
NEWS-surreylive-938b4b38443f,valid_full_text,ready_full_text,96170e7f276210e4,8531c287fa7708a6,6b921ef538ae45a0,unique,,1,,,exact-dup-v1.0-2026-07-27
NEWS-surreylive-947b8d167aa2,valid_full_text,ready_full_text,d9c218806047b78f,fabab8e15816fd67,e358abb6f185c5fa,unique,,1,,,exact-dup-v1.0-2026-07-27
NEWS-surreylive-9acba38b7713,valid_full_text,ready_full_text,4c73003ca72e3070,15650a7462b05f68,518004101d0cc223,unique,,1,,,exact-dup-v1.0-2026-07-27
NEWS-surreylive-9f80db7dd6d3,valid_full_text,ready_full_text,52d5d0bacf13e03e,be10ab41ca64b932,aab7f53944e417b6,unique,,1,,,exact-dup-v1.0-2026-07-27
NEWS-surreylive-a2280e59c566,valid_full_text,ready_full_text,ba3080a29aaaa47d,afeba4691298d5ee,31341ca3487d7ac8,unique,,1,,,exact-dup-v1.0-2026-07-27
NEWS-surreylive-a6406ac817f8,valid_full_text,ready_full_text,a44312985feab2f8,053ab3b78e524489,ace5878001f3827a,unique,,1,,,exact-dup-v1.0-2026-07-27
NEWS-surreylive-a6c6c8234913,valid_full_text,ready_full_text,812b78d6c40b5010,8d9d6a94fac2d49c,1d2da17f85f39e7d,unique,,1,,same_title_different_body,exact-dup-v1.0-2026-07-27
NEWS-surreylive-a7508a84b847,valid_full_text,ready_full_text,e0e54643af41cdaf,3cd5169a3d629703,ab6e5a4a0e4df2ac,unique,,1,,,exact-dup-v1.0-2026-07-27
NEWS-surreylive-b17b25e099ea,valid_full_text,ready_full_text,f1e78dc18bac555b,500afeceadccadc7,45e5569a3dc1ea44,unique,,1,,,exact-dup-v1.0-2026-07-27
NEWS-surreylive-b1eaf77d795f,valid_full_text,ready_full_text,7551bc9df678799b,998400c13506cf44,739bd55801bc30c4,unique,,1,,,exact-dup-v1.0-2026-07-27
NEWS-surreylive-b1f737e52256,valid_full_text,ready_full_text,569016ccc8f65f37,048697622e294ee4,2539dfc85255e224,unique,,1,,same_title_different_body,exact-dup-v1.0-2026-07-27
NEWS-surreylive-b6967f5376d3,valid_full_text,ready_full_text,f3c62396e0a4a5d4,c733518ba9a16256,d4913299b07a829c,unique,,1,,,exact-dup-v1.0-2026-07-27
NEWS-surreylive-b75c6e16094e,valid_full_text,ready_full_text,756a118b34b0adc2,ee6e7d143d4b3283,a623bf444760754c,unique,,1,,,exact-dup-v1.0-2026-07-27
NEWS-surreylive-bac443acaaa5,valid_full_text,ready_full_text,b3ddffc15a5c16fc,caeeb32f9b29a7f5,db7f8588556fe972,unique,,1,,same_title_different_body,exact-dup-v1.0-2026-07-27
NEWS-surreylive-c2e8248a07db,valid_full_text,ready_full_text,cb3f3b54f6e7ca32,06ec1fc1d556973d,e77366b431bde7db,unique,,1,,,exact-dup-v1.0-2026-07-27
NEWS-surreylive-ca033efc5b75,valid_full_text,ready_full_text,cb24aff1a5e73019,017dfafa76129897,2047c42a37be8df2,unique,,1,,,exact-dup-v1.0-2026-07-27
NEWS-surreylive-d05e30e901e5,valid_full_text,ready_full_text,de5b9f84c59c5d5b,1552d90c39f610d5,bdafac1fcc03325c,unique,,1,,,exact-dup-v1.0-2026-07-27
NEWS-surreylive-d11dfe8a4c58,valid_full_text,ready_full_text,5cace7dc7208b39b,b42cbeaf2b8c5e05,286043b72d9e50f0,unique,,1,,,exact-dup-v1.0-2026-07-27
NEWS-surreylive-e724583d3c91,valid_full_text,ready_full_text,7f061511bd90c299,5d7a818ca8b49145,a36727bd9f73a3ff,unique,,1,,,exact-dup-v1.0-2026-07-27
NEWS-surreylive-e94d8358f003,valid_full_text,ready_full_text,e8f4e1d89e5b5f41,a48912564cfcbcfb,1f27283c02fec39d,unique,,1,,,exact-dup-v1.0-2026-07-27
NEWS-surreylive-eeea7bca3fc7,valid_full_text,ready_full_text,28994c2b2ea6f658,d34d491a806a5b2b,b379a81ff27f4e10,unique,,1,,,exact-dup-v1.0-2026-07-27
NEWS-surreylive-f97da7ded240,valid_full_text,ready_full_text,e9793b36219a676f,5d3963c32d7451f1,7a2c245a69eef7e7,unique,,1,,,exact-dup-v1.0-2026-07-27
NEWS-surreylive-fb11d4a7d847,valid_full_text,ready_full_text,2414a922eb16f65c,0321efc7cb30df34,8776139021a22daf,unique,,1,,,exact-dup-v1.0-2026-07-27
NEWS-surreylive-fd4a7b389d0c,valid_full_text,ready_full_text,569245c114919e18,2e5c80fb2fdfb0d0,e0cb6435bc3ab93e,unique,,1,,,exact-dup-v1.0-2026-07-27
