article_id,election_id,arm,queue_reason,e4_decision,e4_reason_code,e4_source,e5_decision,e5_reason_code,e5_source,e6_decision,e6_reason_code,e6_source,e8_decision,e8_reason_code,e8_source,final_decision,final_reason_code,reviewer_note,headline,article_text_excerpt,article_text_path
NEWS-bbc_surrey-977a0d0a4f74,SCC-2017-05,local,llm_failed_twice_manual_all_rules,,,,include,E5-L1-PLACE,human,,,,,,,,,,Three gun smugglers jailed including a Godalming paedophile,"Martin Beard, Mark Richards and Aaron Bishop have all been jailed over firearms offences
Three gun smugglers, including one who admitted being ""a bit of a paedophile"", have been jailed for importing illegal firearms through the post.
Aaron Bishop and Martin Beard were convicted by a jury of taking delivery of guns ordered by Mark Richards via the dark web.
The National Crime Agency (NCA) also found a memory stick with 59 serious child abuse images buried in the garden at Bishop's property in Hampshire.
In 2013 the NCA began working with United States authorities to investigate a dark web trafficking group sending guns to the UK.
After Bishop signed for one delivery a warrant was executed. A live shotgun cartridge was found, and an ex-housemate reported 30 9mm live Luger Geco rounds being delivered two weeks before.
During his interview with NCA officers Bishop claimed he thought the delivery was cannabis, but admitted he was ""a bit of a paedophile"" in relation to the images.
The NCA also intercepted a parcel sent to Beard containing a Glock with two magazines of ammunition.
Analysis of the defendants' phones and computers showed they discussed the purchases and identified Richards as the organiser.
Father-of-two Richards, of Chapel Lane, Godalming, pleaded guilty at the first opportunity to conspiring to import prohibited Glock handguns and ammunition.
Bishop, of Milford, Godalming, pleaded guilty to possessing indecent images but not guilty to conspiring to import weapons.
B... [truncated, 1922 chars total - full text at data/raw/news/text/NEWS-bbc_surrey-977a0d0a4f74.txt]",data/raw/news/text/NEWS-bbc_surrey-977a0d0a4f74.txt
NEWS-guardian_api-03fabbd32712,SCC-2021-05,national,llm_failed_twice_manual_all_rules,,,,,,,,,,,,,,,,"Francesco Molinari on his Masters return: 'I want closure, to move on'","As Francesco Molinari exited stage left, skirting round scenes of joy engulfing Tiger Woods at the 2019 Masters, little did the Italian know he was to endure the longest of waits. Almost 600 days have passed since Molinari’s painful implosion as Woods, the resurgent hero, seized the chance to claim a 15th major title. This week, Molinari will relish putting some demons to rest as Augusta National stages a Masters like no other. “It would have been good to go back after a year and get that closure, to move on,” Molinari admits. “It has been harder not to have been back there yet. Hopefully this brings that sense of closure and it will be easier to move on. It has been so long. “When I look back, I think that I actually played very well but obviously some small details made a difference. In the immediate aftermath I didn’t give myself enough credit for how I played for four days.” Molinari’s costly wobble, which started with a ball hit into Rae’s Creek on the 12th hole of the final round, was uncharacteristic. At that juncture – April 2019 – he was the reigning Open champion. Just a month earlier, he had won on the PGA Tour. “Unfortunately my natural tendency is to think more about defeats and the ones I don’t win,” admits the 38-year-old. “That’s just how my brain has always worked. It gives me motivation.” There is broader cause to relish Molinari’s appearance in Georgia. This weekend’s Houston Open marked just his second tournament start post-lockdown. The impact of Covid-19... [truncated, 3784 chars total - full text at data/raw/news/text/NEWS-guardian_api-03fabbd32712.txt]",data/raw/news/text/NEWS-guardian_api-03fabbd32712.txt
NEWS-guardian_api-08de475e0940,SCC-2021-05,national,llm_failed_twice_manual_all_rules,,,,,,,,,,,,,,,,'Mine is a proper Labour story': from free school meals to shadow schools minister,"Born to teenage parents and brought up in poverty, Wes Streeting, the new shadow schools minister, sees himself as a “proper Labour story”, of how a working-class lad from a council estate can get to one of the finest universities in the world (he studied history at Cambridge) and become an MP. He intends to throw every atom of his energy into making sure that under a future Labour government, the system will offer the same opportunities to every child, including those from poor homes, like his, and those with special educational needs that are not being met under the present government. To underline the point, he chose to conduct his first major interview at Westminster City school, the boys’ state school in London he attended in the 90s. With his background, and a known interest in education, he seems an obvious choice for the schools portfolio. But his appointment will not necessarily please those in the Labour party who champion the key ideas of the 2019 election manifesto, in particular its promise to bring free schools and academies under the control of parents, teachers and local communities and allow councils to run admissions and open new schools. This is not something its new shadow minister is prepared to promise. Jeremy Corbyn, the former leader, did not actively pursue that policy anyway, says Streeting. “Jeremy is passionate about education and no fan of free schools or academies, but it was also very clear that he wasn’t going to try to unscramble the system. I... [truncated, 8394 chars total - full text at data/raw/news/text/NEWS-guardian_api-08de475e0940.txt]",data/raw/news/text/NEWS-guardian_api-08de475e0940.txt
NEWS-guardian_api-12a566893e6e,SCC-2017-05,national,llm_failed_twice_manual_all_rules,,,,,,,,,,,,,,,,Sleaford byelection: Caroline Johnson holds seat for Conservatives,"The Conservatives have held the seat of Sleaford and North Hykeham in Lincolnshire in a byelection triggered by the resignation of Stephen Phillips over “irreconcilable policy differences” with Theresa May. Caroline Johnson, a children’s doctor and local Conservative, won the seat with 17,570 votes. Ukip’s Victoria Ayling came second with 4,426. The Conservatives had been widely expected to keep the long-held seat but in an embarrassment to Labour the party was beaten into fourth place by Ukip and the Liberal Democrats. The former chancellor George Osborne tweeted that Labour’s performance was “not good for democracy”. Turnout was only 37%, remarkably low even for a byelection. Labour slipped from second place at the 2015 general election to receive 3,363 votes, 10.2% of the total, down from 17.3%. The Lib Dems received 3,606 votes, 11% of the total, up from 5.7%. Ukip, which had been hoping to do well in an area that voted heavily to leave the European Union in the referendum, saw its share slip by more than two percentage points, to 13.5%. Ukip’s Ayling had accused the Conservatives of being “Brexit backsliders” and Labour’s candidate of having wanted to stay in the EU. Ukip’s new leader, Paul Nuttall, claimed the party’s byelection was a “good, solid result”. Speaking to BBC News from North Hykeham, he said: “If somebody had said to me at the beginning of this campaign that we would have finished second, I would have bitten their hands off. Ukip has been in the middle of a... [truncated, 4698 chars total - full text at data/raw/news/text/NEWS-guardian_api-12a566893e6e.txt]",data/raw/news/text/NEWS-guardian_api-12a566893e6e.txt
NEWS-guardian_api-1937eaa3e8cb,SCC-2017-05,national,llm_failed_twice_manual_all_rules,,,,,,,,,,,,,,,,Tips on staying healthy in the workplace – live chat,"In recent years the perils of our increasingly sedentary lifestyles have been widely accepted – but the link between sitting and health problems was first made in 1949. Scientist Jerry Morris discovered London bus drivers were twice as likely to suffer heart attacks than bus conductors who were on their feet all day. In the following decades, mounting evidence has shown that office work poses a threat to public health, increasing the risk of heart disease, obesity and early death. Meanwhile long hours spent staring at computer screens can cause eye strain, headaches and migraines. Physical inactivity costs the global economy $67.5bn (£54.3bn) per year, comprising $58.8bn in healthcare and $13.7bn in lost productivity, according to a major report published in the Lancet in July. The study found that people need at least an hour of physical activity a day to counter the ill effects of every eight hours spent sitting. With work becoming increasingly desk-bound – and people spending more hours chained to their desks – it can be hard to find the time to integrate physical activity into the working day. Lead author of the Lancet report Prof Ulf Ekelund acknowledges that taking breaks during the working day is not easy for some people. “It’s OK doing some brisk walking, maybe in the morning, during lunchtime, after dinner in the evening. You can split it up over the day, but you need to do at least one hour,” he says. Ahead of Self Care Week – a UK awareness event promoting personal... [truncated, 4179 chars total - full text at data/raw/news/text/NEWS-guardian_api-1937eaa3e8cb.txt]",data/raw/news/text/NEWS-guardian_api-1937eaa3e8cb.txt
NEWS-guardian_api-2fd3bc18416b,SCC-2021-05,national,llm_failed_twice_manual_all_rules,,,,,,,,,,,,,,,,China tightens curbs as cases surge; Denmark restricts all travel – as it happened,"A quick recap of what has happened in the past few hours: The United States has recorded its highest daily increase in coronavirus cases, with 290,000 cases and 3,676 deaths reported in 24 hours. Mexico has reported 14,362 new confirmed cases of coronavirus and 1,038 deaths. In Australia, New South Wales has recorded one new case of Covid-19 in connection to the Berala cluster and five in hotel quarantine; Victoria has recorded no new locally acquired cases and one in hotel quarantine; and Queensland has recorded no new cases on the first day of a three-day lockdown of greater Brisbane. Health officials in Australia have changed the rules for releasing people who test positive to Covid-19 from hotel quarantine. It comes as a Queensland woman, who completed quarantine in Victoria and caught a domestic flight to Brisbane, was revealed to have the UK variant of the virus and to still be returning a positive test. States will now do rapid genomic testing of everyone who tests positive to Covid-19, extend the isolation period to 14 days, and require exit testing of positive cases. In the UK, all NHS health and social care staff will be offered a Covid vaccine as an “immediate” and “critical” priority, with most to receive their first jab by early February. The US Food and Drug Administration has said genetic variants of the Sars-CoV-2 virus, including the one first detected in the UK, could lead to false negative coronavirus test results. Spain has recorded its biggest one-day jum... [truncated, 139490 chars total - full text at data/raw/news/text/NEWS-guardian_api-2fd3bc18416b.txt]",data/raw/news/text/NEWS-guardian_api-2fd3bc18416b.txt
NEWS-guardian_api-35217a70adcf,SCC-2021-05,national,llm_failed_twice_manual_all_rules,,,,,,,,,,,,,,,,England's Anthony Watson to miss start of Autumn Nations Cup campaign,"England will start their Autumn Nations Cup campaign against Georgia next Saturday without the wing Anthony Watson, whose ankle injury is only expected to keep him out for a week, but Elliot Daly, Joe Marler and George Ford are back in training. Asked whether Georgia, the Six Nations aspirants who are taking part because Japan pulled out, provided an opportunity to give players outside his top 23 a run at Twickenham, Eddie Jones said: “Everyone has to earn their spot. We are picking players for Test rugby, not giving out caps willy-nilly. One of the most fascinating parts of the job is to see how newcomers adapt to training with us. Some are growing and some are shrinking.” The England head coach revealed he was considering using the game to experiment tactically, pointing out that when he was in charge of Japan he once picked nine forwards against Georgia. “Tradition said eight forwards and sevens backs, but there is no reason why we cannot look at that,” he said. “Barcelona won the Champions League with a false nine and there is no reason why you could not have a false 10 or wing in rugby. We have to keep looking for an edge to become the team we want to be and maybe the Georgia game gives us the opportunity to play a different way.” The Autumn Nations Cup starts on Friday when Ireland host Wales in Dublin and offers a glimpse of the future. As unions look at ways of recovering from the impact of the pandemic, free-to-air television will become a casualty with the profile o... [truncated, 3917 chars total - full text at data/raw/news/text/NEWS-guardian_api-35217a70adcf.txt]",data/raw/news/text/NEWS-guardian_api-35217a70adcf.txt
NEWS-guardian_api-3a028c00e0d0,SCC-2013-05,national,llm_failed_twice_manual_all_rules,,,,,,,,,,,,,,,,"Tottenham are too anxious, admits André Villas-Boas after Wigan shock","Someone needs to remind Tottenham's players that the club's motto is: ""To Dare Is To Do"". Because too often already this season Spurs' attitude could instead be captured in one word: anxious. André Villas-Boas invoked it again following this deserved defeat by Wigan. ""Sometimes we're just not clear in our decision-making, it can happen because of anxiety,"" he said. ""We try to do everything right and we end up doing everything wrong."" Only goal difference is keeping Tottenham out of the top four but the fear in much of their play suggests they feel they should be lower. Keep playing like this and they soon will be. Wigan could have scored three goals in the first half, as the front trio of Shaun Maloney, Franco Di Santo and the outstanding Arouna Koné cut through the home defence with the slickness and boldness that Tottenham lacked. Ben Watson eventually fired them into the lead in the 56th minute and after that the visitors continued to look the more likely scorers, as Tottenham mustered only a few long shots and failed to find any cutting edge or fluency. ""You find yourself on the back foot and this raises the anxiety because you ask yourself: 'why don't you do things properly?'"" said Villas-Boas. Good question: why don't Spurs do things properly? Roberto Martínez rightly explained that Wigan's formation and diligence denied space to Gareth Bale and Aaron Lennon and was perhaps too diplomatic to add that when Tottenham's wingers are subdued, the rest of the team poses littl... [truncated, 4258 chars total - full text at data/raw/news/text/NEWS-guardian_api-3a028c00e0d0.txt]",data/raw/news/text/NEWS-guardian_api-3a028c00e0d0.txt
NEWS-guardian_api-639c63b67c36,SCC-2013-05,national,llm_failed_twice_manual_all_rules,,,,,,,,,,,,,,,,"As M&S and Experian look to foreign climes, the experts are all at sea (again)","There's an old joke, currently being aimed at Marks &amp; Spencer's platitude-loving boss Marc Bolland, that he could talk in clichés until the cows come home. To be fair to the Dutchman, he is hardly the only culprit in a sector riddled with soundbites that get more outings than Twiggy in an M&amp;S commercial, and one particular favourite goes: ""Top line is vanity, bottom line is sanity."" If that piece of advice were ever true, then it would be fair to say that the chasing of revenues from overseas is viewed as very vainglorious – which might be the only explanation for why the retailer's alighted on it. Bolland – who has acquired the nickname of ""five minutes late"", on account of his schedule frequently being thrown by pauses to perfect his coiffure – plans to more than double the pace of M&amp;S's overseas openings. This eyecatching strategy comes despite his struggles to reverse woes at home – and this week the group is expected to report a drop in first-half profits following the biggest decline in non-food revenue since 2008. So with that backdrop, can a plan to sell lingerie to Parisians – the equivalent of a French merchant peddling towelling pyjamas here – be the clever answer? Sanity it may not prove to be. Economists – right on the money again Our nation's clairvoyant economists have been telling us for months how November's gathering of the Bank of England's monetary policy committee would be the moment when the printing presses belched magic money once more. ""Th... [truncated, 4721 chars total - full text at data/raw/news/text/NEWS-guardian_api-639c63b67c36.txt]",data/raw/news/text/NEWS-guardian_api-639c63b67c36.txt
NEWS-guardian_api-6c7fd5e0c899,SCC-2013-05,local,llm_failed_twice_manual_all_rules,,,,exclude,E5-NO-L-OR-N-RULE-MET,human,,,,,,,,,,Top tips: council tax benefit reform,"Hannah Aldridge is a researcher for the New Policy Institute thinktank Local authorities have been put in a really difficult situation: Given the timescale and having the possibility of grant funding added in at such a late stage – and the uncertainty over if any additional funding will be available next year – its a very difficult balancing act. Is a postcode lottery unavoidable? Until very recently you could assume that a job seeker's disposable income was at least the value of Job Seekers' Allowance (JSA), no matter where they lived, as they would be entitled to full housing benefit and council tax benefit as well. But we can't assume that any more; they can now be asked to use some of their JSA, intended for basic living costs, on council tax – and this will vary from place to place. Matthew Kelly is responsible for the housing and council tax benefit service at Dacorum borough council We need to look at debts that are economical to chase: Many council officers will have been advising elected members not to expect the previously excellent collection figures for council tax, and if the advice is heeded the reduced collection will have been built into council budgets. Debt collection agencies are always our last resort: Council tax payers always have numerous opportunities to resolve the outstanding debt with the council before it gets sent to a debt collection agency. Most councils would be much more receptive to a council tax payer phoning them up and making a mutually ag... [truncated, 5273 chars total - full text at data/raw/news/text/NEWS-guardian_api-6c7fd5e0c899.txt]",data/raw/news/text/NEWS-guardian_api-6c7fd5e0c899.txt
NEWS-guardian_api-6e81e01eac83,SCC-2021-05,national,llm_failed_twice_manual_all_rules,,,,,,,,,,,,,,,,How western travel influencers got tangled up in Pakistan's politics,"Long before she became headline news in Pakistan, Cynthia Dawn Ritchie was simply a tourist. In 2009, Ritchie, an American woman living in Houston, Texas, took a trip to Karachi, the sprawling megacity in southern Pakistan. At the time, Pakistan was beset by terrorist violence, and the travel advice of most western countries could be summarised as “don’t go”. But Ritchie had been persuaded by friends who knew the city. “My Pakistani friends said: ‘Cynthia, you’ve travelled much of the world, but you haven’t been to Pakistan, why not come?’ I was like: ‘Sure, why not?’,” Ritchie told me. After a couple of weeks eating seafood and sightseeing, Ritchie went back to Houston, where she worked in communications and other roles for local government. The next year, she made a few more trips to Pakistan, funded by various Pakistani-American organisations. Houston is twinned with Karachi, and Ritchie told me that back then she “represented the city as an informal goodwill ambassador”. As foreigners in Pakistan often are, she was immediately offered exciting opportunities – working with local NGOs, advising the health department about social media, giving lectures. That year, she decided to move to Pakistan permanently. “I just felt a kinship here, that I belonged here and had a sense of purpose,” she said when we first spoke earlier this year. She settled in the leafy, relatively secure capital city, Islamabad, where most westerners in Pakistan – diplomats, journalists, aid workers – a... [truncated, 39398 chars total - full text at data/raw/news/text/NEWS-guardian_api-6e81e01eac83.txt]",data/raw/news/text/NEWS-guardian_api-6e81e01eac83.txt
NEWS-guardian_api-83a19d59ea4a,SCC-2017-05,national,llm_failed_twice_manual_all_rules,,,,,,,,,,,,,,,,Self-help works for us as individuals – but as a society we’re failing | Gaby Hinsliff,"How clean is your sleeping? And, no, this has nothing to do with changing the sheets more often. Actor and queen of dubious wellness fads Gwyneth Paltrow is now seeking to do for the previously straightforward and cost-free business of going to sleep what annoying green-juice gurus have done for eating: turn it into yet another manic form of self-improvement. “Clean sleeping”, according to a new book from her lifestyle website Goop, turns out to be remarkably like the boring old sleeping you’ve been doing all your life, only more time-consuming and expensive. First, download and learn some special yoga techniques. Then massage your feet for three minutes every night with special cream. And, finally, why not splash out £50 on a special pillowcase “infused with fine strands of copper oxide”, which supposedly reduces wrinkles through the power of – and I’m paraphrasing a lot here – metal ions and witchcraft? Because sleep, according to Gwynnie, who claims at least seven or eight hours of it a night, is going to be 2017’s “biggest health trend”. Heaven only knows how the increasingly preposterous clean movement is going to top this. Clean breathing, maybe, using special fresh air bottled and sold at £70 a pop? Or are they finally clean out of ideas? Don’t get me wrong; I’m as tempted as anyone, right now, just to shut out the big bad world and contemplate my navel for a while. Why not forget about the scary things nobody can change, and concentrate on those you can, such as losin... [truncated, 6330 chars total - full text at data/raw/news/text/NEWS-guardian_api-83a19d59ea4a.txt]",data/raw/news/text/NEWS-guardian_api-83a19d59ea4a.txt
NEWS-guardian_api-8db025842b37,SCC-2017-05,national,llm_failed_twice_manual_all_rules,,,,,,,,,,,,,,,,Liverpool v Watford: Premier League – as it happened,"Well that was impressive. Sure, Watford were abysmal, but Liverpool were the finest cheese wire, slicing through their static opponents with ruthless efficiency. That’s them top of the Premier League for the first time since May 2014 - that was the Crystal Palace collapse in the title race, which did technically take them back top of the league. Makes you wonder why they were so upset afterwards, really. Peeeeeeeeeeeeep-peeeeeeeep-peeeeeeeeeeeeeeeeeeeeep. 90 mins + 1: From the corner, Sturridge plays short, the ball finds its way to the kid Ejaria in the area, he plays a beautiful flick back to Sturridge. The England man has another shot, again it’s saved by Pantilimon, but Wijnaldum is there and has time to control it on the edge of the box before slotting home. That’s his first goal for Liverpool. And there’s another. 90 mins: The home fans are singing Jurgen Klopp’s name, which he asked them not to do (before the game was won) the other week. They’re probably safe this time, mind. Meanwhile, Sturridge has another shot from the right, but it’s saved by Pantilimon. 88 mins: My chuffing days, what a save. Sturridge lines a big one up from the edge of the area, to the right, it’s heading for the top corner(ish) and a flying Pantilimon gets a fingernail to it, thus taking the ball away from net and onto crossbar. Firmino’s follow-up is saved by Pantilimon. It’s weird, but Watford’s two goalkeepers today have let in five goals and haven’t done a massive amount wrong. 87 mins: An... [truncated, 23449 chars total - full text at data/raw/news/text/NEWS-guardian_api-8db025842b37.txt]",data/raw/news/text/NEWS-guardian_api-8db025842b37.txt
NEWS-guardian_api-8deb7f0157b4,ESWS-2026-05,national,llm_failed_twice_manual_all_rules,,,,,,,,,,,,,,,,Can you solve it? Two dead at the drink-off – a brilliant new lateral thinking puzzle,"Today’s puzzle is credited to Michael Rabin, the legendary computer scientist, who in the late 1980s posted it to an electronic bulletin board at Carnegie Mellon University. It has recently been brought to light by a puzzle enthusiast who thinks it deserves to be better known. I agree – it’s an all time classic. There are no tricks, but you need to think laterally. The solution involves basic game theory – the two participants are acting in their own interests based on what they think the other one will do. Two dead at the drink-off In a far away land, the following facts are true and known to everyone: 1) A person who ingests a poison will die within the hour UNLESS that person ingests a stronger poison, which acts as an antidote and restores complete health. 2) Smith and Jones are the only manufacturers of poison. 3) Each makes several types of poison. 4) All poisons have different strengths. 5) Smith and Jones do not have access to each other’s poisons. No one knows whether Smith or Jones makes the strongest poison. One day the Queen decides to find out. She summons Smith and Jones to her palace and says: “In one week from now, you will both return here. Bring a vial of your own poison. There will be a ceremony. First, both of you will take a swig from the other one’s vial. Next, you will both take a swig from your own vials. You will then be watched for one hour. “It is in your own interests to bring your strongest poison. The person who brings the strongest poison will o... [truncated, 2948 chars total - full text at data/raw/news/text/NEWS-guardian_api-8deb7f0157b4.txt]",data/raw/news/text/NEWS-guardian_api-8deb7f0157b4.txt
NEWS-guardian_api-a1eabcbbb2dc,SCC-2017-05,national,llm_failed_twice_manual_all_rules,,,,,,,,,,,,,,,,Brexit chaos could change the political map of Britain,"Good news had been in short supply for Lib Dems over the previous 18 months, so when some hugely encouraging data arrived at their byelection headquarters in Richmond last Wednesday morning, the reaction was one of excitement coupled with scepticism. Party strategists had just received the results of internal polling showing they had pulled ahead of Zac Goldsmith, the former Tory MP turned independent, with 24 hours to go until voting began. Goldsmith, a hardline pro-Brexiter who had quit the Conservatives over the decision to expand Heathrow airport, had won a 23,000 majority at last year’s general election and was still a popular figure locally. But if this data was correct his reputation would count for nothing and a party that came close to being obliterated at last year’s general election was on course for a byelection sensation to rival any in British political history. The small Lib Dem team led by campaign manager James Lillis studied the figures and wondered how to respond. One of the first rules of campaigning is never to appear too confident. Releasing them might give the impression that the party thought it had victory in the bag. But this was not proving to be an ordinary byelection in any sense and did not necessarily require stock responses. It had already broken all the rules. Over previous days Lillis’s team had amassed solid evidence that many thousands of voters were shunning traditional party loyalties and deciding their votes not according to their views ... [truncated, 11336 chars total - full text at data/raw/news/text/NEWS-guardian_api-a1eabcbbb2dc.txt]",data/raw/news/text/NEWS-guardian_api-a1eabcbbb2dc.txt
NEWS-guardian_api-d88d102b0c14,ESWS-2026-05,national,llm_failed_twice_manual_all_rules,,,,,,,,,,,,,,,,Middlesbrough stand Edwards down from game; Spurs v Manchester United Q&A – matchday live ,"And that’ll do from me today. Thanks for your comments and emails. Tim de Lisle is at the controls for Tottenham v Manchester United. Enjoy! We’re under way at the Emirates: Arsenal host Chelsea in the WSL. Rob Smyth is on hand to bring you minute-by-minute updates over the next couple of hours: Gary Martinson asks: “Spurs have taken something like 13 points from their past 19 home games, an utterly dismal record in front of their fans. Why are they so poor there? Is the Tottenham Stadium too easy to play in for away teams? Is this even a thing?” Interesting question – I think at the moment their reactiveness, and maybe overreliance on set pieces, doesn’t really feed a feisty atmosphere. There is a sense of being browbeaten by last season’s low finish too and the vibe definitely has been great here in recent weeks. I think there’s the wider issue here of high prices and altered demographics too. But this stadium has hosted some classic atmospheres too: Bodø/Glimt in the Europa League semi-final a few months back was genuinely hair-raising, for example. It can turn the noise up but perhaps just needs the encouragement. MademoiselleK asks: “I don’t think the corner has been turned just yet. This game is a key benchmark. If United win then I think belief will start to grow that the manager’s much criticised approach to the game can bear fruit. Spurs are above United in the table and had a very comfortable win in the Champions League midweek so the big question is what version of... [truncated, 21247 chars total - full text at data/raw/news/text/NEWS-guardian_api-d88d102b0c14.txt]",data/raw/news/text/NEWS-guardian_api-d88d102b0c14.txt
NEWS-guardian_api-e3be193ad394,SCC-2021-05,national,llm_failed_twice_manual_all_rules,,,,,,,,,,,,,,,,Ryanair expects air passenger numbers to bounce back in 2021,"Ryanair expects air passenger numbers to bounce back to near normal levels by next summer, defying industry predictions that it could take years for growth to return after the pandemic. The airline’s chief executive, Michael O’Leary, said passenger volumes should reach 75-80% of pre-Covid levels in 2021, especially if a vaccine was developed by the spring. While he admitted winter was a “write-off”, he claimed Ryanair was poised “at the dawn of an extraordinary era of growth” with a fleet of new planes arriving, and was emerging from the pandemic with a strong balance sheet, in a position to offer low fares to stimulate travel. Speaking at the World Travel Market conference, O’Leary said he was optimistic that Covid vaccines would be rolled out before the peak summer season in 2021. “There’s going to be an enormous snapback on travel demand … Mrs O’Leary is very keen to go back to the Algarve and I suspect she’d be there in 2.5 nanoseconds after the coronavirus restrictions are lifted. I think she’s reflective of the overwhelming majority of Europe’s population, and they will go back,” O’Leary said. “We’re going to see a surge of that intra-European tourism next year, and we need to be there to provide the capacity at low prices.” Ryanair has cut capacity for winter, but not yet as drastically as its rival easyJet. O’Leary added: “I’ve heard a lot of rubbish coming from legacy airlines that it’ll be 2035 till the volumes come back. Rubbish. Volumes will go back in 2021 or 202... [truncated, 3903 chars total - full text at data/raw/news/text/NEWS-guardian_api-e3be193ad394.txt]",data/raw/news/text/NEWS-guardian_api-e3be193ad394.txt
NEWS-guardian_api-e7e1a5e4bd3c,SCC-2017-05,national,llm_failed_twice_manual_all_rules,,,,,,,,,,,,,,,,"As climate disaster looms, Malcolm Turnbull needs to stop appeasing and start leading","As the Chicago Cubs finally won the baseball World Series, Twitter was awash with comments on things that had happened since 1908 – the last time the Cubs won. For example, since then there had been two world wars, the beginning and end of the Soviet Union and media had moved from a time when baseball wasn’t even broadcast on radio to when you could watch the game in HD on your phone on the other side of the world. And also, in the time since, the planet has warmed by around 1.5C. I throw in this little nugget of information because it’s always worth reminding ourselves that while the flotsam and jetsam of daily news and politics flies by, so too are the temperature records. Nasa recently announced that September was the warmest September on record. There’s nothing too surprising about that – 11 of the past 12 months have been the warmest of each month. Only July did not set a record – it had to be content with being the third-warmest July on record. The 12 months to September set a new high for the warmest 12-month period recorded (breaking the old record set in August) of 1.04C above the average of the 1951-1980. The same period in 1908 was 0.42C below the average. So things have changed. Back in 1908 there was also a US presidential election. There were no debates then but, ironically, the same number of questions on climate change were asked in this year’s debates as back then – zero. We now have the prospect of a US president who either believes climate change is a hoax ... [truncated, 4460 chars total - full text at data/raw/news/text/NEWS-guardian_api-e7e1a5e4bd3c.txt]",data/raw/news/text/NEWS-guardian_api-e7e1a5e4bd3c.txt
NEWS-guardian_api-ef8aa360bc8d,SCC-2013-05,national,llm_failed_twice_manual_all_rules,,,,,,,,,,,,,,,,Champions League: make way for the Euro gatecrashers,"Is Europe getting bigger? Forget the map, look at the Champions League tables. With all group opponents having played each other once and readying themselves for the return fixtures this week, clubs from 10 different countries are on course to reach the knockout stages. That would be the most since the introduction of the last 16 in 2003‑04 (the average, since you ask, has been 7.7), suggesting, superficially at least, that Europe's elite competition is becoming more egalitarian. Chelsea put a new name on the cup last season but perhaps a more significant change is afoot. Roman Abramovich's team are, of course, lavish spenders from one of Europe's big four leagues, so their success was hardly evidence of a seismic shift. You have to go back to 2004, when José Mourinho's Porto beat Monaco, to find a final that did not feature a team from England, Spain, Italy or Germany. But the chances of that cosy quartet being gatecrashed this season, and regularly thereafter, appear to be growing. Ukraine's Shakhtar Donetsk, for instance, deservedly head a group featuring Chelsea, the holders, and Juventus, the Italian champions, who in their last match were held by the Danish novices Nordsjaelland. Last year's beaten finalists, Bayern Munich, are lagging behind Bate Borisov of Belarus, no less. Paris Saint-German, back in the Champions League after an eight-year absence, are also looking formidable. This is approaching the sort of diversity that Michel Platini vowed to cultivate when he a... [truncated, 7492 chars total - full text at data/raw/news/text/NEWS-guardian_api-ef8aa360bc8d.txt]",data/raw/news/text/NEWS-guardian_api-ef8aa360bc8d.txt
NEWS-guardian_api-fc5d0b1a9bdb,SCC-2017-05,national,llm_failed_twice_manual_all_rules,,,,,,,,,,,,,,,,Facts will calm the fever of Trump’s triumph,"So, what happens to candle carriers through four coming years of darkness? Some distraught warriors – say Owen Jones in the Guardian – call for a “non-violent war of political attrition” against this “would-be tyrant … this billionaire plutocrat charlatan” called Donald. But if that seems a touch hyperactive, you can always use cash to underwrite truth. Manhattan’s favourite Brummie comedian, John Oliver, made that precise connection as he contemplated the Trump hegemony last week. Fight back against fake news by subscribing (and boosting) real news sources. Donate to ProPublica, the investigative unit of American first choice. Pay good money for the New York Times, Washington Post and other key barriers along Breitbart Way. Don’t just sit there and moan. Put your hands in your pockets. And – very happily – many readers and viewers seem to have heeded Oliver’s call. ProPublica donations suddenly multiplied 10 times over. “The Oliver show took us to a different level,” said its president. The New York Times has added a stonking 41,000 subs since election day. The Atlantic, Mother Jones and the Guardian in the US felt the same surge. If Trump’s election, in a perverse way, is good for the media as a whole, because fascination-cum-obsession drives audiences, so hard questioning of the Trump phenomenon may carry an added bonus. But pause for a second, before the long march gathers too much speed. The numbers telling pollsters they didn’t trust Trump before polling day included ma... [truncated, 5411 chars total - full text at data/raw/news/text/NEWS-guardian_api-fc5d0b1a9bdb.txt]",data/raw/news/text/NEWS-guardian_api-fc5d0b1a9bdb.txt
NEWS-bbc_surrey-37e92d1768ea,SCC-2017-05,local,needs_second_review,include,E4-CLEAR,llm_v2,needs_second_review,E5-BORDERLINE-PLACE-MENTION,human,not_applicable,E6-NOT-REFORM-FLAGGED,llm_v2,include,E8-EDITORIAL-CONFIRMED,llm_v2,,,,Surrey mother battles 'drug-dealer family' for son's custody,"A High Court judge said he feared the boy may be at risk of ingesting drugs and becoming involved with ""bad people""
A judge has ordered an investigation into whether a six-year-old living with the family of convicted drug dealers should be returned to his mother.
His mother agreed for relatives of her ex-boyfriend to become her son's guardians when she gave birth aged 17.
The man who the boy now looks on as his father is currently serving a lengthy prison sentence for drugs trafficking, the High Court heard.
Two of the man's sons have also been jailed for drug dealing.
The boy's mother, who is 23 and from Surrey, told the hearing she was worried about the lifestyles of her son's new family and wanted to have him living back with her.
She began her legal fight in 2013 and has represented herself at a series of family court hearings because she cannot afford lawyers and is not eligible for legal aid.
On Wednesday Mr Justice Jackson ordered a new investigation into the boy's circumstances.
He said a family court judge must oversee a new trial and said ""hard questions"" had to be asked to find out whether the boy was being harmed.
Speaking outside the court, the boy's mother said: ""He's living with drug dealers. That just can't be right.
""I agreed to him living with this family after he was born. I was 16 when I got pregnant and 17 when I gave birth.
""I've grown up since then. I can look after him now and I want him back,"" she said.",data/raw/news/text/NEWS-bbc_surrey-37e92d1768ea.txt
NEWS-bbc_surrey-43a7dda47522,SCC-2021-05,local,needs_second_review,include,E4-CLEAR,llm_v2,needs_second_review,E5-BORDERLINE-PLACE-MENTION,human,not_applicable,E6-NOT-REFORM-FLAGGED,llm_v2,include,E8-EDITORIAL-CONFIRMED,llm_v2,,,,"Surrey cyclist's 5,000-mile challenge inspired by barefoot walk","Josh Garman will be towing his self-made camper around the British coastline
A man is taking on a 5,000-mile (8,000km) cycle challenge after being inspired by a father's barefoot walk.
Josh Garman, 22, from Milford near Guildford, is planning on cycling the coast of Great Britain starting in Berwick-upon-Tweed.
He will be pulling a self-made camper weighing about eight stone (50kg) which he will be sleeping in throughout.
Mr Garman said he was inspired by Maj Chris Brannigan's 700-mile (1,126km) walk in aid of his daughter's charity.
The Hope for Hasti charity is named after Maj Brannigan's eight-year-old daughter who has the rare genetic condition Cornelia de Lange Syndrome (CdLS).
Mr Garman said his aim was to raise Â£50,000 for the charity which funds research and provides treatment for those with CdLS and other rare genetic conditions.
Mr Garman described himself as an ""amateur bikepacker""
Maj Brannigan, based at Tidworth Barracks in Wiltshire, arrived at Edinburgh Castle on 12 August having started his shoeless challenge at Land's End on 6 July.
Mr Garman said he had watched one of Maj Brannigan's videos, in which his feet were ""torn to pieces"".
Maj Brannigan did his barefoot walk to raise money for the charity set up in his daughter Hasti's name
He said: ""I am young, and with the potential to follow in Chris' footsteps, have vowed to do whatever I can to help this charity and the many children with rare diseases that are so often overlooked.
""The idea of a child like Ha... [truncated, 3544 chars total - full text at data/raw/news/text/NEWS-bbc_surrey-43a7dda47522.txt]",data/raw/news/text/NEWS-bbc_surrey-43a7dda47522.txt
NEWS-guardian_api-0533c4e7d1b7,SCC-2021-05,national,needs_second_review,include,E4-CLEAR,llm_v2,needs_second_review,E5-BORDERLINE-POLICY-RELEVANCE,llm_v2,not_applicable,E6-NOT-REFORM-FLAGGED,llm_v2,include,E8-EDITORIAL-CONFIRMED,llm_v2,,,,Tens of thousands made homeless despite UK ban on evictions during pandemic,"Tens of thousands of people have been made homeless since the start of the pandemic despite a ban on evictions, the Guardian has found, with charities warning that younger people are falling through the gaps. Since April this year at least 90,063 people in the UK have been threatened with homelessness – and more than half of these have already lost their accommodation. Charities say data shows a new cohort of homeless people who have slipped through the cracks despite protections such as the ban on evictions and a government scheme to house the homeless during the coronavirus crisis. These include young people, many of whom work in hospitality, who have lost their jobs and are struggling to support themselves financially. Many have precarious living arrangements meaning they were not protected from the evictions ban. Ministers recently announced that renters would be protected during the new national restrictions, with no bailiff enforcement action. While the government said it had almost eradicated rough sleeping through its Everyone In scheme, the Guardian has found tens of thousands of newly homeless people presenting for support. Paul Noblet, head of public affairs for the homeless charity Centrepoint, said: “Through our helpline, we have been hearing about lots of people losing their homes despite a ban on evictions – some of the calls are from young people who work in the hospitality industry whose home may have been linked to their job, so someone living at a hotel or ... [truncated, 5330 chars total - full text at data/raw/news/text/NEWS-guardian_api-0533c4e7d1b7.txt]",data/raw/news/text/NEWS-guardian_api-0533c4e7d1b7.txt
NEWS-guardian_api-05c7ca7f9277,SCC-2021-05,local,needs_second_review,include,E4-CLEAR,llm_v2,needs_second_review,E5-BORDERLINE-PLACE-MENTION,human,not_applicable,E6-NOT-REFORM-FLAGGED,llm_v2,include,E8-EDITORIAL-CONFIRMED,llm_v2,,,,Roy Douglas obituary,"My father, Roy Douglas. who has died aged 95, was an academic specialising in modern history, law and politics who wrote or contributed to more than 20 books, including titles such as Law for Technologists (1964) and Land, People &amp; Politics: A History of the Land Question in the United Kingdom, 1878-1952 (1976). Roy was born in Hampstead, north London, the only child of Percy Douglas, who was company secretary at the Lady magazine, and his wife, Lilian (nee Bowley). After attending Mitcham County grammar school he went to King’s College London, where he got a degree in zoology. He then completed his PhD in zoology at Edinburgh University and was appointed by Battersea Polytechnic in London to run a biology course. After a time, however, he decided to become a barrister, hoping eventually to make use of his scientific background to work in patents. He was called to the bar in 1956 as a member of Gray’s Inn and was just starting to practise when changes at Battersea Polytechnic (by then Battersea College of Technology) led him to return as an emeritus reader in general studies. He taught there, and at Surrey University, which it became, for more than 50 years, giving his final lecture at Guildford Institute in 2017. A political activist, Roy joined the Liberal party when he was 16 and stood unsuccessfully as a parliamentary candidate five times in the 1950s and 60s. He chaired national meetings, spoke at events and contributed to many party publications, including the Journ... [truncated, 2340 chars total - full text at data/raw/news/text/NEWS-guardian_api-05c7ca7f9277.txt]",data/raw/news/text/NEWS-guardian_api-05c7ca7f9277.txt
NEWS-guardian_api-067e4d6c20e7,SCC-2017-05,national,needs_second_review,include,E4-CLEAR,llm_v2,needs_second_review,E5-BORDERLINE-POLICY-RELEVANCE,llm_v2,not_applicable,E6-NOT-REFORM-FLAGGED,llm_v2,include,E8-EDITORIAL-CONFIRMED,llm_v2,,,,British campaigners warn of emergency over online child sexual abuse,"Child exploitation campaigners have warned of a looming “social emergency” after a report by the NSPCC suggested more than half a million men in the UK may have viewed child sexual abuse images on the internet. The new figures, based on a large-scale German study this year, are far higher than previous estimates. In 2013 it was suggested that around 50,000 UK-based individuals were involved in downloading and sharing abusive images of children. Last month police chiefs said they feared the number may have risen significantly since then, with one report putting it at up to 100,000. The German study, which surveyed more than 8,700 men, found that 2.4% of respondents admitted looking at online images of child sexual abuse. Applying the figures to the male UK population, the NSPCC said, “would equate to an estimate that there may be between 450,000 and 590,000 males aged 18-89 in the UK who have at some point viewed and used child sexual abuse images.” Peter Wanless, the NSPCC’s chief executive, said: “The sheer numbers of people viewing child sexual abuse images online must be addressed as a social emergency. It is two years since the government made it a national priority to rid the internet of these vile crimes against children, but today’s report reveals how horrifyingly prolific the problem remains.” In the past five years, the charity notes, the number of police-recorded offences under obscene publications laws has more than doubled in all four of the UK nations, with a tot... [truncated, 4311 chars total - full text at data/raw/news/text/NEWS-guardian_api-067e4d6c20e7.txt]",data/raw/news/text/NEWS-guardian_api-067e4d6c20e7.txt
NEWS-guardian_api-0b0ccb28a904,SCC-2021-05,national,needs_second_review,include,E4-CLEAR,llm_v2,needs_second_review,E5-BORDERLINE-POLICY-RELEVANCE,llm_v2,not_applicable,E6-NOT-REFORM-FLAGGED,llm_v2,include,E8-EDITORIAL-CONFIRMED,llm_v2,,,,"Anger, fortitude and fear: the workers left homeless by the UK's Covid pandemic","The second wave of the Covid-19 pandemic in the UK is bringing a new tide of homelessness to a small square outside Charing Cross police station in London. “There’s a lot of new faces” said Jas Bhogal, a volunteer, while he handed out free gloves, hats and face masks to a long queue of rough sleepers as temperatures dropped last week. “Employees that worked in the hospitality businesses, those that didn’t get furloughed, ended up on the street and came to use this service,” he said. The demand is so high that three other charity food drops are operating at the same time as Bhogal’s Sikh Welfare and Awareness Team. It is a national phenomenon, as the government itself has acknowledged. At dusk on the first night of England’s second national lockdown last week, the housing secretary, Robert Jenrick, announced a £15m emergency fund to help house the most vulnerable rough sleepers. He named Birmingham, Bournemouth, Brighton, Bristol, Cornwall, Leicester, London, Manchester, Oxford and Salford as priority areas. The newcomers in Westminster stood out in the hubbub of more than 100 people gathering provisions for the night. Fresher faced and with tidier luggage, they are the pandemic homeless, facing a first winter on the streets with a mix of anger, bewilderment, fear and fortitude. Passersby might easily have mistaken Dirk Gallacher, 35, and Claire Knibbs, 33, for a couple on a romantic city break with their neat backpacks. In fact, they were on their way to bed down again in a d... [truncated, 5739 chars total - full text at data/raw/news/text/NEWS-guardian_api-0b0ccb28a904.txt]",data/raw/news/text/NEWS-guardian_api-0b0ccb28a904.txt
NEWS-guardian_api-0bb19da5a1aa,ESWS-2026-05,national,needs_second_review,include,E4-CLEAR,llm_v2,needs_second_review,E5-BORDERLINE-POLICY-RELEVANCE,llm_v2,not_applicable,E6-NOT-REFORM-FLAGGED,llm_v2,include,E8-EDITORIAL-CONFIRMED,llm_v2,,,,‘Absurd’: decent homes standard for England’s private renters will not be enforced until 2035,"Labour’s promise to make private rented homes in England fit for habitation will not be enforced for almost a decade, a decision campaigners have described as “absurd”. The timeline means landlords will have until 2035 to implement a new decent homes standard (DHS) in their properties, which will include “robust standards” to combat disrepair, damp and energy inefficiency. On Wednesday, the government published its plans for a reformed DHS for social rented homes, as well as a DHS for the private rented sector for the first time, confirming that both will need to be implemented by 2035 at the latest. The housing minister, Matthew Pennycook, said the timeline would give “social landlords in particular the time and the certainty they need to boost housing supply as well as drive up the quality of the homes they manage”. Ben Twomey, the chief executive of Generation Rent, said: “It is absurd to let landlords drag their feet for an entire decade, denying renters the most basic standards in our homes. It will mean millions of renters, including children, trapped living in poor-quality homes with nowhere to turn.” The campaign group had pushed for a deadline of 2030 for implementation of the new standard, which was promised as part of the Renters’ Rights Act. Paula Barker, the Labour MP for Liverpool Wavertree, said the decision was a “disgrace”, adding: “This means families, individuals and children will remain stuck in dangerous, substandard housing, that very well may be having ... [truncated, 4470 chars total - full text at data/raw/news/text/NEWS-guardian_api-0bb19da5a1aa.txt]",data/raw/news/text/NEWS-guardian_api-0bb19da5a1aa.txt
NEWS-guardian_api-0bc54e3c7a72,SCC-2021-05,national,needs_second_review,include,E4-CLEAR,llm_v2,needs_second_review,E5-BORDERLINE-POLICY-RELEVANCE,llm_v2,not_applicable,E6-NOT-REFORM-FLAGGED,llm_v2,include,E8-EDITORIAL-CONFIRMED,llm_v2,,,,Covid-19 prompts UK call for statutory paid bereavement leave,"People who lose a close relative or partner should be entitled to two weeks’ statutory paid bereavement leave, the Sue Ryder charity has said. The coronavirus pandemic has brought into focus the current rules, under which employers are only obliged to grant bereavement leave to parents who have lost a child. Sue Ryder says that extending the requirement would give people space to grieve and alleviate some of the pressure they feel, particularly benefitting those in low-income jobs. People in low-income jobs often are less likely to be offered bereavement leave, and research has found they are at higher risk of experiencing ongoing grief because of the higher relative impact of financial losses and the fact that they face more barriers in accessing services to help them cope. Economic research commissioned by Sue Ryder calculates that grief experienced by employees who have lost a loved one costs the UK economy £23bn a year through reduced productivity, and the Treasury nearly £8bn as a result of reduced tax revenues and increased use of NHS and social care resources. The bereavement charity believes initial short-term costs would be far outweighed by long-term savings and is urging people to contact their local MP to ensure the government includes statutory paid bereavement leave in the upcoming employment bill. Heidi Travis, Sue Ryder’s chief executive, said: “This will allow people a crucial period of time to start processing their grief. Not only would this improve how, as... [truncated, 2684 chars total - full text at data/raw/news/text/NEWS-guardian_api-0bc54e3c7a72.txt]",data/raw/news/text/NEWS-guardian_api-0bc54e3c7a72.txt
NEWS-guardian_api-0c813f30e2b0,SCC-2013-05,national,needs_second_review,include,E4-CLEAR,llm_v2,needs_second_review,E5-BORDERLINE-POLICY-RELEVANCE,llm_v2,not_applicable,E6-NOT-REFORM-FLAGGED,llm_v2,include,E8-EDITORIAL-CONFIRMED,llm_v2,,,,Can London's Tech City ever rival Silicon Valley?,"Is east London's digital revolution really happening or is it just a PR exercise? There is certainly a large news flow. One of the big stories in the last few weeks has been the appointment of Joanna Shields as head of the Tech City Investment Organisation (TCIO), backed by UK Trade and Investment (UKTI), the government department tasked with promoting UK business. Shields, a former president of AOL, chief executive of Bebo, and managing director of Google in Europe, Russia, the Middle East and Africa, was recruited as ambassador of Tech City, in much the same way as Sebastian Coe acted as the face of the London 2012 Olympic Games. The government will be hoping for a similar level of PR and organisational success in order to rebalance the service sector and guarantee long-term economic growth for the UK. There is no doubt that London has been on the global digital map for some time. The term Silicon Roundabout was coined a few years ago by software designer Matt Biddulph to capture some of the cluster and spirit of predominantly small digital firms that had established themselves in the Shoreditch area from the mid-1990s onwards. Over the last few years the number of firms – 4,800 companies according to one recent estimate – operating in the digital sector has grown in inner east London. Bigger operators such as Cisco, Intel, Google and Facebook either already have or are set to establish a significant presence in or around this zone as the government rebrands it Tech City. T... [truncated, 5154 chars total - full text at data/raw/news/text/NEWS-guardian_api-0c813f30e2b0.txt]",data/raw/news/text/NEWS-guardian_api-0c813f30e2b0.txt
NEWS-guardian_api-0fad91e8e446,SCC-2017-05,national,needs_second_review,include,E4-CLEAR,llm_v2,needs_second_review,E5-BORDERLINE-POLICY-RELEVANCE,llm_v2,not_applicable,E6-NOT-REFORM-FLAGGED,llm_v2,include,E8-EDITORIAL-CONFIRMED,llm_v2,,,,"Brexit camp tried to toxify debate before referendum, MPs hear","The way elements of the campaign to leave the EU sought to “toxify the debate” before the referendum is likely to have contributed to an increase in reported hate crimes, MPs have heard. Taking evidence on the subject from groups which deal with hate crimes, the home affairs committee was told that interventions by Boris Johnson and by Leave.EU, co-founded by the Ukip donor Arron Banks, had been particularly worrying. “I do think that there was a deliberate strategy. Not to encourage attacks on the street, but in a sense, that was one of the consequences,” said Nick Lowles from Hope Not Hate, which investigates the actions of those who follow extremist groups. “There was a deliberate strategy by Arron Banks’s group to use emotion, to deliberately highlight immigration, sovereignty, nationality as a tool to wind people up,” he said. “Now, obviously, for the vast majority of people, that was just about voting in the referendum. But I think that there was a deliberate attempt to toxify the debate and in a way polarise the debate as well.” Lowles also highlighted interventions by Johnson, then part of the official Vote Leave campaign, over the supposed prospect of Turkish EU membership and his criticism over apparent anti-British sentiment by the “part-Kenyan” Barack Obama. “It all contributed to an atmosphere where, in a way, fact and reality didn’t matter,” Lowles said. “It was all about emotion, about trying to polarise the public identity.” Nick Antjoule from Galop, a charity... [truncated, 3553 chars total - full text at data/raw/news/text/NEWS-guardian_api-0fad91e8e446.txt]",data/raw/news/text/NEWS-guardian_api-0fad91e8e446.txt
NEWS-guardian_api-1147e1cb48af,SCC-2017-05,national,needs_second_review,include,E4-CLEAR,llm_v2,needs_second_review,E5-BORDERLINE-POLICY-RELEVANCE,llm_v2,not_applicable,E6-NOT-REFORM-FLAGGED,llm_v2,include,E8-EDITORIAL-CONFIRMED,llm_v2,,,,Can Welsh schools make up for ‘lost decade’ to climb in Pisa league?,"Heather Nicholas, headteacher of Ferndale community school, is matter of fact about the difficulties her pupils face growing up in a deprived part of Wales. “I think every child should own a book,” she says. One book may not sound like much but it is in Maerdy, a former coalmining village along the main road that snakes up the Rhondda Fach valley, where a good house can be had for less than £30,000. Ferndale has a lot riding on it. Local government spending cuts saw the school take over running the local library and swimming pool, to keep them open. And Nicholas is about to meet officials to discuss what more the school can do when the area’s generous EU funding disappears, post-Brexit. But right now Ferndale carries even more weight for Wales’s educational reputation, as one of the schools chosen to take part in the Organisation for Economic Co-operation and Development’s triennial Programme for International Student Assessment (Pisa), which tests core skills in maths, literacy and science. Last year Ferndale’s 15-year-olds sat the Pisa exams alongside half a million of their peers in 72 countries. The results will be published on 6 December. Governments worldwide use Pisa as the litmus test for their schools. It was Pisa that highlighted Finland’s remarkable success within Europe, and then Shanghai’s table-topping performance as a sign of China’s development. In Wales there is concern about the latest set of results. While England’s and Scotland’s scores have been largely s... [truncated, 10360 chars total - full text at data/raw/news/text/NEWS-guardian_api-1147e1cb48af.txt]",data/raw/news/text/NEWS-guardian_api-1147e1cb48af.txt
NEWS-guardian_api-140e20a42126,SCC-2021-05,national,needs_second_review,include,E4-CLEAR,llm_v2,needs_second_review,E5-BORDERLINE-POLICY-RELEVANCE,llm_v2,not_applicable,E6-NOT-REFORM-FLAGGED,llm_v2,include,E8-EDITORIAL-CONFIRMED,llm_v2,,,,Sweden limits public gatherings to eight people – as it happened,"We’ve launched a new blog at the link below – head there for the latest: California will dramatically roll back its reopening efforts, the state’s governor, Gavin Newsom, announced on Monday, saying he was pulling the “emergency brake” amid a troubling surge in cases. The changes, which take effect Tuesday, will see more than 94% of California’s population and most businesses across the state return to the most restrictive tier of rules aimed at slowing the spread of the virus. The state is also strengthening its guidance on masks; Newsom announced face coverings would now be required outside people’s homes with limited exceptions. You can read the full report, by Lois Beckett and Vivian Ho, here. South Africa has recorded 1,245 new coronavirus cases and 73 further deaths. The caseload stands at 752,269 , while 20,314 people have died. The Australian state of Victoria has recorded its 18th day without a new coronavirus case or death. You can read more about the coronavirus situation in Australia at our dedicated blog here. Health authorities in South Korea are expected to tighten coronavirus restrictions as the number of new Covid-19 infections has risen by more than 200 for three consecutive days, according to a report in the Korea Times. The Korea Disease Control and Prevention Agency (KDCA) said on Monday that 223 new virus cases were confirmed on Sunday, bringing the country’s cumulative total to 28,769. This was the ninth consecutive day that South Korea has seen triple-... [truncated, 80605 chars total - full text at data/raw/news/text/NEWS-guardian_api-140e20a42126.txt]",data/raw/news/text/NEWS-guardian_api-140e20a42126.txt
NEWS-guardian_api-1698913cf660,SCC-2017-05,national,needs_second_review,include,E4-CLEAR,llm_v2,needs_second_review,E5-BORDERLINE-POLICY-RELEVANCE,llm_v2,not_applicable,E6-NOT-REFORM-FLAGGED,llm_v2,include,E8-EDITORIAL-CONFIRMED,llm_v2,,,,Can a new drive change the fortunes of schools in one of Britain’s most deprived areas?,"The headteacher at Prescot school in Knowsley, Judy Walker, looked on as pupils in a maths class gleefully high-fived each other after correctly answering tricky questions. “It might not sound like much to you,” Walker says, “but to celebrate success, openly, publicly? This is a huge change. “That joy of learning had gone. Children were embarrassed to achieve, they wouldn’t come to an awards ceremony or take a certificate. It wasn’t cool.” Walker catches herself, and giggles. “Sorry, ‘cool’ is so old, I’m not down with the kids. But they now want too achieve,” she adds. “Their parents want them to achieve, and they are pushing and pushing.” Knowsley is a borough in Merseyside, made up of 1950s and 1960s housing estates that once provided manpower to local heavy industry, now long gone. After years of under-achievement, a new pushiness is significant, Walker suggests. Last year, secondary schools in the borough, where more than 95% of residents are white British, recorded the lowest GCSE pass rate in England. Just 37.4% of pupils achieved five or more GCSEs grades A* to C including English and maths, compared with 53.8% nationally. The most disadvantaged pupils, eligible for free school meals, fared even worse, with just 20% attaining the government benchmark compared with 33% across England. This is one of the most deprived authorities, with high levels of economic inactivity and low skill levels: more than 15% of the working population have no qualifications, compared with t... [truncated, 8997 chars total - full text at data/raw/news/text/NEWS-guardian_api-1698913cf660.txt]",data/raw/news/text/NEWS-guardian_api-1698913cf660.txt
NEWS-guardian_api-17ed4751a863,SCC-2013-05,national,needs_second_review,include,E4-CLEAR,llm_v2,include,E5-N2-POLICY-ISSUE,llm_v2,not_applicable,E6-NOT-REFORM-FLAGGED,llm_v2,needs_second_review,E8-UNCLEAR-FORMAT,llm_v2,,,,Society daily 24.01.13,"Sign up to Society daily email briefing Today's top SocietyGuardian stories • Speed up adoption or lose it, councils told • NHS maternity units to share £25m fund to improve childbirth experience • Antibiotic-resistant diseases pose 'apocalyptic' threat, top expert says • Bird flu researchers get green light to continue work on engineered virus • Tower blocks should be demolished, says Tory thinktank • Treasury aims to widen payroll-giving schemes • Private health contractor's staff told to cut 999 calls to meet targets • Public health minister links obesity to poverty: what does the data show? • Zoe Williams: Our children's enemy is sexism, not sexualisation • Andrew Brown: How can faith bodies provide welfare when their own cupboards are bare? • Jon Robins: Jeopardising legal advice services is reckless All today's SocietyGuardian stories Jobs of the week • Director, Crisis Skylight South Yorkshire: ""You will be responsible for ensuring a high quality service is offered to our clients and that it offers an appropriate range of engagement, education and employment activities."" • Head of fundraising, Capability Scotland • Head of property development and capital projects, Kent county council • Director of children's and young people's services, Liverpool city council The Guardian's public and voluntary sector careers page Hundreds of public and voluntary sector jobs On the Guardian Professional Networks • High land costs, vocal nimbyism and a politically charged allocations s... [truncated, 6540 chars total - full text at data/raw/news/text/NEWS-guardian_api-17ed4751a863.txt]",data/raw/news/text/NEWS-guardian_api-17ed4751a863.txt
NEWS-guardian_api-1819a668f9b3,SCC-2021-05,national,needs_second_review,include,E4-CLEAR,llm_v2,needs_second_review,E5-BORDERLINE-POLICY-RELEVANCE,llm_v2,not_applicable,E6-NOT-REFORM-FLAGGED,llm_v2,include,E8-EDITORIAL-CONFIRMED,llm_v2,,,,Firms fear losing access to top-up loans after lender Tide runs dry,"Nearly 100 British businesses could be blocked from securing promised top-ups on government-backed Covid loans after their lender ran out of cash. The Guardian understands that small firms that successfully received a bounce back loan (BBLS) from non-bank lender Tide are struggling to secure further loans to cope with the second lockdown after the finance company ran out of funds this summer. Unless Tide can secure private investment or cheap funding that is only available to licensed banks, the small firms affected could be locked out of the loan system as most accredited lenders are shut to new customers. The Treasury’s bounce back loans scheme (BBLS), which has so far doled out £40bn to 1.3m firms, has already come under fire from an all-party parliamentary group after it found that around 250,000 small and medium-sized businesses could have been locked out of the first scheme because they do not bank with any of the 28 accredited lenders. Business groups said they were concerned that if the number of accredited lenders shrinks, as seems likely, the number of businesses unable to access funds from the second round will be even higher. British Chambers of Commerce co-executive director, Hannah Essex, said: “Banks, regulators and the government must work together to ensure firms who previously applied to non-bank lenders are not denied the cash they need to get through a difficult winter.” Mike Cherry, chair of the Federation of Small Businesses, said it was important that s... [truncated, 3765 chars total - full text at data/raw/news/text/NEWS-guardian_api-1819a668f9b3.txt]",data/raw/news/text/NEWS-guardian_api-1819a668f9b3.txt
NEWS-guardian_api-18bb83e5cc98,SCC-2017-05,national,needs_second_review,include,E4-CLEAR,llm_v2,needs_second_review,E5-BORDERLINE-POLICY-RELEVANCE,llm_v2,not_applicable,E6-NOT-REFORM-FLAGGED,llm_v2,include,E8-EDITORIAL-CONFIRMED,llm_v2,,,,"Schools must focus on struggling white working-class pupils, says UK charity","Schools are being urged to focus improvement efforts on struggling white working-class pupils who get the worst GCSE results of all the main ethnic groups, amid growing concern about stark disparities in attainment. A study by the Sutton Trust education charity found that disadvantaged pupils from Chinese backgrounds were almost three times as likely to get the benchmark five good GCSEs as their white working-class peers. While poverty continues to play a major role in educational outcomes, attainment among pupils from Bangladeshi, black African and Chinese backgrounds who are on free school meals (FSM) has improved dramatically in the past decade. Among poorer white children, meanwhile, just a quarter of boys (24%) and a third of girls (32%) achieve the benchmark of five good GCSEs, leading to calls for schools to target those pupils at risk of falling behind. Attainment at GCSE among disadvantaged pupils from Bangladeshi, black African and Chinese pupils has improved by more than 20 percentage points since 2006, while the national average has improved by 13.5 percentage points. Performance among white working-class children over the same period has remained stubbornly low. “Several explanations have been proposed for this shift,” says the report. “The popularity of private tutors among ethnic groups and the latter’s concentration in large urban areas such as London (where average results have improved in recent years, with some suggesting that ethnic minorities have driven ... [truncated, 4564 chars total - full text at data/raw/news/text/NEWS-guardian_api-18bb83e5cc98.txt]",data/raw/news/text/NEWS-guardian_api-18bb83e5cc98.txt
NEWS-guardian_api-1b5f7401e29e,SCC-2017-05,local,needs_second_review,include,E4-CLEAR,llm_v2,needs_second_review,E5-BORDERLINE-PLACE-MENTION,human,not_applicable,E6-NOT-REFORM-FLAGGED,llm_v2,include,E8-EDITORIAL-CONFIRMED,llm_v2,,,,Child trafficking victims disappearing from UK care at 'alarming' rate,"Child trafficking victims and unaccompanied children are going missing from local authority care at an “alarming” rate according to a new report, which reveals that in one year, nearly 30% of all UK child trafficking victims and 13% of unaccompanied children disappeared from care services. New research by child trafficking NGO Ecpat UK and the charity Missing People has found that 167 of the 590 children suspected or identified as child trafficking victims in the year from September 2014 to 2015 vanished from foster and care homes across the country. An additional 593 of the 4,744 unaccompanied children placed under the protection of local authorities also went missing at least once in the same time period. Of the 760 trafficked or unaccompanied children who disappeared from care, 207 have never been found. The new data, drawn largely from freedom of information requests to 217 local authorities across the UK, shows that Thurrock, Hillingdon, Croydon, Kent County Council and Surrey had the highest numbers of trafficked and unaccompanied children who were unaccounted for. One local authority reported that 22 child trafficking victims had gone missing in the recorded time period. The majority of child trafficking victims who vanished from care are from Vietnam, Albania and the UK. Most of the unaccompanied children who went missing are from Afghanistan, Eritrea, Albania and Vietnam. Despite the high numbers, Ecpat says that the real scale of the UK’s missing child trafficking v... [truncated, 4993 chars total - full text at data/raw/news/text/NEWS-guardian_api-1b5f7401e29e.txt]",data/raw/news/text/NEWS-guardian_api-1b5f7401e29e.txt
NEWS-guardian_api-1cf870c096c9,SCC-2017-05,national,needs_second_review,include,E4-CLEAR,llm_v2,needs_second_review,E5-BORDERLINE-POLICY-RELEVANCE,llm_v2,not_applicable,E6-NOT-REFORM-FLAGGED,llm_v2,include,E8-EDITORIAL-CONFIRMED,llm_v2,,,,UK house price growth at slowest rate in four years,"Asking prices in Britain’s housing market rose at the slowest annual rate in almost four years in February as buyers become wary about paying too much, according to the latest survey from Rightmove. Annual price growth fell from 3.2% in January to 2.3%, the weakest since April 2013. On a monthly basis, average asking prices rose 2% t0 £306,213, the slowest rate of growth in the month of February in eight years. Miles Shipside, Rightmove director and housing market analyst, said sellers would be taking a risk by overpricing their properties. He said a number of factors were making buyers more cautious, including inflation, which hit a two-year high of 1.8% in January and is expected to reach about 3% in early 2018, putting more pressure on household finances. “Property prices are still 2.3% higher than a year ago, but perhaps we’re approaching the territory where many buyers are unable or unwilling to pay what sellers are asking, given the negative combination of rises in the cost of living, tighter lending criteria and a dose of Brexit uncertainty.” Rightmove said the housing market was boosted in early 2016 by “frenzied” buy-to-let investors who rushed to complete transactions before new stamp duty rules were introduced in April, making this year look subdued by comparison. However, it added that demand was holding up, with more than 131m visits to its website in January, up 3% compared with a year earlier. “While seller pricing power appears to be on the wane overall, the n... [truncated, 3381 chars total - full text at data/raw/news/text/NEWS-guardian_api-1cf870c096c9.txt]",data/raw/news/text/NEWS-guardian_api-1cf870c096c9.txt
NEWS-guardian_api-21f1653f6d6c,SCC-2021-05,national,needs_second_review,include,E4-CLEAR,llm_v2,needs_second_review,E5-BORDERLINE-POLICY-RELEVANCE,llm_v2,not_applicable,E6-NOT-REFORM-FLAGGED,llm_v2,include,E8-EDITORIAL-CONFIRMED,llm_v2,,,,Global experts question UK’s commitment to tackle climate crisis,"Boris Johnson’s government is investing only 12% of the funds needed to tackle the climate emergency and the growing threat to nature, according to a new report that will raise fresh international concerns about the UK’s commitment to the green agenda. The study – released before an expected major speech on the environment by Johnson – says ministers need to commit £33bn each year of this parliament to green causes. So far only £4bn a year has been pledged. The report by the IPPR thinktank comes as Johnson faces increasing global pressure to act, most notably from the next US president Joe Biden, who is committed to green causes. Donald Trump took the US out of the Paris agreement on climate change, but Biden has promised to rejoin iton 20 January, the day he takes power. Next year the UK will chair the Glasgow COP26 climate change summit. It is seen by Biden and other leaders as a critical test of the world’s determination to limit global warming. However, experts are concerned by what they see as the UK’s lack of preparation, particularly since the Covid-19 pandemic, which has placed huge financial burdens on governments. Carsten Jung, IPPR’s senior economist, said: “So far only about a 10th of funds needed for the clean investment revolution has been made available. Scaling up investment and following the 10-point action plan can create up to 1.6 million jobs and bring economic opportunity to every corner of the country while lowering emissions and restoring nature and tac... [truncated, 4985 chars total - full text at data/raw/news/text/NEWS-guardian_api-21f1653f6d6c.txt]",data/raw/news/text/NEWS-guardian_api-21f1653f6d6c.txt
NEWS-guardian_api-2273c756b650,ESWS-2026-05,local,needs_second_review,include,E4-CLEAR,llm_v2,needs_second_review,E5-BORDERLINE-PLACE-MENTION,human,not_applicable,E6-NOT-REFORM-FLAGGED,llm_v2,include,E8-EDITORIAL-CONFIRMED,llm_v2,,,,Council funding deal: who are the winners and losers – and will tax bills rise? ,"English councils have received a new three-year financial settlement. But is it fair? Who are the winners and losers? Will your council tax bill go up, and will it stop councils from declaring effective bankruptcy? What is the English local government finance settlement, and why is it important? The government announced a three-year funding settlement for English councils on Wednesday. This sets out each local authority’s core finance allocation, enabling them to set local council tax bills for next April and finalise an overall budget. For the first time, government funding for councils was distributed using a new Fair Funding formula that gives higher weighting (and thus a greater relative share of overall resources) to local authorities with high “deprivation” scores (relative deprivation is measured by factors such as income, employment, health, housing costs and crime). Are there winners and losers from the new funding formula? Middlesbrough, Manchester and Birmingham were among the most deprived local authority areas according to the latest indices of deprivation – and they will see some of the biggest increases in spending power from April. Outer London boroughs such as Haringey and Newham also benefit. The “losers” include wealthier central London boroughs including Kensington and Chelsea, and affluent home counties commuter belt councils such as Surrey. Ministers say the new formula is fairer because it directs a bigger share of overall funding to areas that need the... [truncated, 3911 chars total - full text at data/raw/news/text/NEWS-guardian_api-2273c756b650.txt]",data/raw/news/text/NEWS-guardian_api-2273c756b650.txt
NEWS-guardian_api-26a6c6fb67d4,SCC-2013-05,national,needs_second_review,include,E4-CLEAR,llm_v2,include,E5-N2-POLICY-ISSUE,llm_v2,not_applicable,E6-NOT-REFORM-FLAGGED,llm_v2,needs_second_review,E8-UNCLEAR-FORMAT,llm_v2,,,,Society daily 15.02.13,"Please note: there will be no Society daily next week. The bulletin will return on Monday 25 February Sign up to Society daily email briefing Today's top SocietyGuardian stories • MPs ask former hospital trust boss to back up allegations against NHS chiefs • Churches stepping in to fill gap left by welfare cuts • Call to force four payday lenders to stop trading • Women of the world unite to oppose violence through One Billion Rising • Immigrants too often taking advantage of UK public services, says Cameron • Government to blackball tax avoidance firms from major contracts • Tories put women in spotlight in attempt to harness female vote All today's SocietyGuardian stories Jobs of the week • Chief executive, the College of Social Work • Assistant director – operations, the National Trust • Environmental health and scientific services manager, Edinburgh council • Head of service, Leeds city council The Guardian's public and voluntary sector careers page Hundreds of public and voluntary sector jobs On the Guardian Professional Networks • Live chat from noon: the raid on early intervention budgets • Boris Johnson's stamp duty plan offers a solution to affordable housing supply, says Stephen Howlett • If the government won't let go, councils will fail to prosper, warns Leeds city council leader Keith Wakefield • Jeremy Hunt's proposed cap on social care costs is disappointing, says Melanie Henwood On my radar ... • Child poverty. A group of senior academics warn in a letter to t... [truncated, 7832 chars total - full text at data/raw/news/text/NEWS-guardian_api-26a6c6fb67d4.txt]",data/raw/news/text/NEWS-guardian_api-26a6c6fb67d4.txt
NEWS-guardian_api-2700987a34df,SCC-2017-05,national,needs_second_review,include,E4-CLEAR,llm_v2,needs_second_review,E5-BORDERLINE-POLICY-RELEVANCE,llm_v2,not_applicable,E6-NOT-REFORM-FLAGGED,llm_v2,include,E8-EDITORIAL-CONFIRMED,llm_v2,,,,Smart energy technology 'stymied by current policy',"Smart technology that could shave £90 off household energy bills and curb carbon emissions is being stymied by government policy, a leading thinktank has said. In a wide-ranging report, Policy Exchange also claimed that current energy policy offered too many incentives to build polluting diesel generator farms at the expense of cleaner technology. The thinktank pointed to an estimate by the government’s National Infrastructure Commission that a smarter, more flexible power grid – which would allow businesses to store power and shift usage to less busy times of day – could reduce energy costs by £8bn by 2030. “Making the power system smarter will mean it can provide cheaper and cleaner electricity,” said the report’s author, Richard Howard. “The current set of policies is encouraging a growth in dirty diesel generators – exacerbating air pollution in UK cities and towns. The government needs to level the playing field to encourage the use of cleaner technologies such as demand response and storage.” Demand response involves large energy users, such as factories, using power at times when there is less strain on the National Grid. This reduces the need for the Grid to ask fossil fuel energy firms to turn up the power at times when the risk of blackouts is increasing. Firms that provide demand response technology to large companies are unable to bid for Grid contracts lasting more than one year in the annual capacity market auction, because they do not fit the current criteria. ... [truncated, 4872 chars total - full text at data/raw/news/text/NEWS-guardian_api-2700987a34df.txt]",data/raw/news/text/NEWS-guardian_api-2700987a34df.txt
NEWS-guardian_api-27681370c4af,SCC-2021-05,national,needs_second_review,include,E4-CLEAR,llm_v2,needs_second_review,E5-BORDERLINE-POLICY-RELEVANCE,llm_v2,not_applicable,E6-NOT-REFORM-FLAGGED,llm_v2,include,E8-EDITORIAL-CONFIRMED,llm_v2,,,,Female leaders make a real difference. Covid has proved it | Jane Dudman,"What do Erna Solberg, Sanna Marin, Katrín Jakobsdóttir and Mette Frederiksen have in common apart from all four being female prime ministers (of Norway, Finland, Iceland and Denmark, respectively)? The answer is that their countries have much lower rates of Covid-19 infection than male-led neighbouring nations such as Ireland, Sweden and the UK. Are those facts connected? There’s a growing body of evidence to suggest they may be. Alongside an overview of gender parity in 100 countries by digital bank N26, it has also noted that Finland, with a population of 5.5 million, has had just over 370 deaths, a rate of around 60 deaths per million people. The UK death rate is more than 10 times that. Of course they are very different countries, but there have been similarly low Covid death rates in the other female-led northern European nations. Norway has seen 57 deaths per 1 million, Iceland 73 and Denmark 135 compared to 412 in Ireland, 626 in Sweden and 820 per 1 million in the UK. Other countries with a female leader, notably Germany and New Zealand, have also kept Covid infections low. Analysis earlier this year, published by the Centre for Economic Policy Research and the World Economic Forum, suggests the difference is real and may be explained by the “proactive and coordinated policy responses” adopted by female leaders. If there is a correlation between managing Covid and having a woman at the helm, the world would be a better place for knowing that and for other leaders bein... [truncated, 5131 chars total - full text at data/raw/news/text/NEWS-guardian_api-27681370c4af.txt]",data/raw/news/text/NEWS-guardian_api-27681370c4af.txt
NEWS-guardian_api-27ef01feb0b4,SCC-2021-05,national,needs_second_review,include,E4-CLEAR,llm_v2,needs_second_review,E5-BORDERLINE-POLICY-RELEVANCE,llm_v2,not_applicable,E6-NOT-REFORM-FLAGGED,llm_v2,include,E8-EDITORIAL-CONFIRMED,llm_v2,,,,"Brazil death toll passes 195,000 in world's third worst outbreak; Turkey bans arrivals from UK - as it happened","That’s all from us for tonight. Thanks to all of you for reading along and to everybody who got in touch, especially those thanking the Guardian for its coverage. You can continue to follow all the latest updates on the coronavirus pandemic over on the Australian live blog. It’s here: Pfizer Inc and BioNTech Se plan to give volunteers who received a placebo in its Covid-19 vaccine trial an option to receive a first dose of the vaccine by 1 March 2021, while staying within the study, Reuters reports. The trial’s Vaccine Transition Option allows all participants aged 16 or older the choice to discover whether they were given the placebo, “and for participants who learn they received the placebo, to have the option to receive the investigational vaccine while staying in the study,” the companies said on their website. The US Food and Drug Administration (FDA) and a panel of its outside advisers have expressed concerns over Pfizer’s “unblinding” plan, saying it could make it harder to continue collecting data on safety and effectiveness needed to win full FDA approval of the vaccine. Trial participants who received the placebo will have two doses of the investigational vaccine reserved for them within the study, the companies said on the website. “The study doctor will follow the latest guidance from the US Centers for Disease Control and Prevention and their local health authorities to offer the Vaccine Transition Option to participants in a prioritized manner,” the companies sa... [truncated, 60500 chars total - full text at data/raw/news/text/NEWS-guardian_api-27ef01feb0b4.txt]",data/raw/news/text/NEWS-guardian_api-27ef01feb0b4.txt
NEWS-guardian_api-27efe33e9176,SCC-2017-05,national,needs_second_review,include,E4-CLEAR,llm_v2,needs_second_review,E5-BORDERLINE-POLICY-RELEVANCE,llm_v2,not_applicable,E6-NOT-REFORM-FLAGGED,llm_v2,include,E8-EDITORIAL-CONFIRMED,llm_v2,,,,"Triple-lock pension should be scrapped, say MPs","Guaranteed rises in the state pension should be scrapped according to a damning report by an all-party committee of MPs, which claims the British economy has become “heavily skewed” towards well-off baby boomers. Following an inquiry into intergenerational fairness, the Commons work and pensions committee, chaired by influential welfare reformer Frank Field, said the “triple lock” guarantee on the state pension should be axed as it is “unfair and unsustainable”. Under the triple lock, pensions have risen every year since 2010 by – whichever is the higher figure – the rate of inflation, average earnings or a minimum of 2.5%. This has lifted many pensioners out of poverty but the committee said it has resulted in the over-65s taking an “ever greater share of national income”. After housing costs, average pensioner household incomes now exceed those of working-age people, said the report. “The millennial generation, born between 1981 and 2000, faces being the first in modern times to be financially worse off than its predecessors,” it added. The committee also calls for a review of the winter fuel payment, worth at least £100 and up to £300 to pensioner households. It costs the Treasury £2bn a year and the MPs said it should “not be off limits” when the government seeks budget savings. But ministers immediately rejected any suggestion that the triple lock, hugely popular among older voters, should be abandoned. In a statement, the Department for Work and Pensions said: “We want ... [truncated, 4327 chars total - full text at data/raw/news/text/NEWS-guardian_api-27efe33e9176.txt]",data/raw/news/text/NEWS-guardian_api-27efe33e9176.txt
NEWS-guardian_api-28ba7ac35bd7,SCC-2013-05,national,needs_second_review,include,E4-CLEAR,llm_v2,needs_second_review,E5-BORDERLINE-POLICY-RELEVANCE,llm_v2,not_applicable,E6-NOT-REFORM-FLAGGED,llm_v2,include,E8-EDITORIAL-CONFIRMED,llm_v2,,,,Live discussion: How can voluntary organisations demonstrate their value?,"Many of us feel that voluntary and community organisations offer something distinctive from the private or statutory sector. But the sector's 'added value' can be hard to evidence. Attempts to measure impact may help organisations to demonstrate their effectiveness and value. But it can be hard to capture everything the sector offers through measurement tools, such as SROI, that use financial language to ascribe social value. Can social justice or belonging, for example, be described in financial terms? Voluntary and community organisations are extremely varied – from small community arts groups, to large service delivery charities – they offer very different things. Rather than asking how 'the sector' is special, we may need to think about the functions and characteristics of different organisations, and how they are special in different ways. The challenge for voluntary organisations is to show they have value beyond a monetary one. What are they worth, and to whom - to commissioners and policy makers, to the sector itself, and to users and communities? This Q&amp;A asks: • Do charities and voluntary organisations have special or distinctive characteristics? • Do informal grassroots associations form the heart of the sector? • Is the sectors 'uniqueness' being threatened by professionalization, contracting with the state or the development of market-like features? • How can the contribution of diverse third sector activities be measured and valued? • How can we demonstrate ... [truncated, 6279 chars total - full text at data/raw/news/text/NEWS-guardian_api-28ba7ac35bd7.txt]",data/raw/news/text/NEWS-guardian_api-28ba7ac35bd7.txt
NEWS-guardian_api-29fbd39d50de,SCC-2021-05,local,needs_second_review,include,E4-CLEAR,llm_v2,needs_second_review,E5-BORDERLINE-PLACE-MENTION,human,not_applicable,E6-NOT-REFORM-FLAGGED,llm_v2,include,E8-EDITORIAL-CONFIRMED,llm_v2,,,,Caring for a loved one with Parkinson’s and Lewy body dementia | Letter,"I could barely read the extract of Katherine Heiny’s book about her mother’s descent into Lewy body dementia (Weekend, 17 April). It is such a tragic condition; my wife has Parkinson’s and Lewy body dementia, and has been in a care home for the past three years. She is looked after with great compassion by dedicated, professional staff, but despite 24-hour attention, she only weighs 42kg and is immobile. Some days she is chatty and recognises me, but her speech is so distorted now that I can no longer understand her. The care staff have covered the walls in her room with photos of our four children and six grandchildren, and with cards and drawings, and most of the time she just sits and looks at them. I tell her what I have been doing and she lets me feed her – chocolate is her favourite – but it takes about half an hour for her to eat a small tub of chocolate yoghurt. There is no cure for either Parkinson’s or this type of dementia. Our family is deeply indebted to our local council for its financial support, to her carers who work long hours for not much money and to the managerial staff who have had such a difficult job for the past few years, not really helped by government “advice”. I miss, and grieve for, my wife of 58 years, but at least now I am able to sit with her and hold her hand. David Weaver Cranleigh, Surrey • Have an opinion on anything you’ve read in the Guardian today? Please email us your letter and it will be considered for publication.",data/raw/news/text/NEWS-guardian_api-29fbd39d50de.txt
NEWS-guardian_api-2a28c24385a1,SCC-2021-05,national,needs_second_review,include,E4-CLEAR,llm_v2,needs_second_review,E5-BORDERLINE-POLICY-RELEVANCE,llm_v2,not_applicable,E6-NOT-REFORM-FLAGGED,llm_v2,include,E8-EDITORIAL-CONFIRMED,llm_v2,,,,Doorstep vigils take place across UK – as it happened,"We’ve launched a new blog at the link below – head there for the latest: Brazil suffered a record 3,251 Covid-19 deaths on Tuesday, as the president Jair Bolsonaro prepared to address the nation after swearing in his fourth health minister since the country’s snowballing coronavirus pandemic began last year. Reuters reports that the new record number of daily deaths underlines the scale of Brazil’s outbreak, which is spiralling out of control thanks to a lumpy vaccine rollout and a messy patchwork of public health restrictions that are pushing the country’s hospitals to breaking point. Bolsonaro is under mounting pressure to control the outbreak, after repeatedly playing down the virus, sowing doubts about vaccines and fighting state and local lockdown measures. On Tuesday, ahead of a televised national address, he swore in cardiologist Marcelo Queiroga in a closed ceremony, the Health Ministry said in a statement. Tapped by Bolsonaro on 15 March, Queiroga replaces Eduardo Pazuello, an active-duty army general who has overseen most of the pandemic response. It remains to be seen what path Queiroga will chart as health minister. Pazuello’s two predecessors both left government after clashing with Bolsonaro’s views on Covid-19. Bolsonaro has gained international notoriety for his efforts to fight lockdowns, dismiss mask mandates and advocate unproven remedies such as hydroxychloroquine. On Tuesday, he received a fresh setback when Brazil’s Supreme Court refused to hear his appe... [truncated, 95514 chars total - full text at data/raw/news/text/NEWS-guardian_api-2a28c24385a1.txt]",data/raw/news/text/NEWS-guardian_api-2a28c24385a1.txt
NEWS-guardian_api-2b8d8f7fcb5a,SCC-2013-05,national,needs_second_review,include,E4-CLEAR,llm_v2,needs_second_review,E5-BORDERLINE-POLICY-RELEVANCE,llm_v2,not_applicable,E6-NOT-REFORM-FLAGGED,llm_v2,include,E8-EDITORIAL-CONFIRMED,llm_v2,,,,Five minutes with ... Jolanta Lasota,"The Guardian and Observer's Christmas charity appeal supports eight charities that work to help people with a disability or long-term illness. We talked to Jolanta Lasota, of Ambitious about Autism, about what her organisation does and what motivates her. Tell us what's unique about your organisation We help children and young people with autism get high-quality education. The average age for a diagnosis of autism in the UK is six-and-a-half-years, which is too late. We have to get better at spotting the signs and putting the right support in place. At TreeHouse school we offer children as young as three a curriculum that is tailored to their needs, as it is this kind of early intervention that makes a difference. In the past we had a four-year-old pupil described as 'un-teachable' ... now he is preparing to leave school and is doing work experience at PAUL Bakery in central London. Thirteen of our students leave TreeHouse this year and there is a chronic lack of college places, a problem that we are trying to change. How has your organisation fared in the past 12 months? The last year has been difficult for many voluntary sector organisations because of spending cuts, but, despite the challenges, Ambitious about Autism has launched a new service called Ambitious Support. It supports young people with complex autism to access learning, training and leisure opportunities in their local community. Many of these young people will spend the rest of their lives in residential soci... [truncated, 5491 chars total - full text at data/raw/news/text/NEWS-guardian_api-2b8d8f7fcb5a.txt]",data/raw/news/text/NEWS-guardian_api-2b8d8f7fcb5a.txt
NEWS-guardian_api-2c424e381b79,SCC-2017-05,national,needs_second_review,include,E4-CLEAR,llm_v2,needs_second_review,E5-BORDERLINE-POLICY-RELEVANCE,llm_v2,not_applicable,E6-NOT-REFORM-FLAGGED,llm_v2,include,E8-EDITORIAL-CONFIRMED,llm_v2,,,,'It terrifies me': Britons in Europe on how Brexit is going to affect them,"British citizens who have chosen to work or spend their retirement years elsewhere in Europe fear their pensions, healthcare and right to remain will disappear post-Brexit. “We were not even allowed to vote in the referendum that could turn our lives upside down,” said Denise Hope, a retired translator living in Italy. “I feel very bitter about it, as do other expats.” Hope is one of 1.2 million Britons living elsewhere in the EU whose lives have been thrown into disarray by the prospect of Brexit. Rights to property and to own a business are protected under international law, but automatic reciprocal rights to pensions, education grants and healthcare are not. Up to 20 groups have now sprung up across Europe to campaign for those rights to be protected. Some individuals have considered changing nationality but, as Jane Golding, a British lawyer living in Germany, said, that too could have unforeseen consequences. Countries such as Spain do not recognise dual nationality, so if any of the 300,000 British people registered in the country opt to swap their passports will they deny themselves the future right to return to Britain? Others worry about the value of the state pension, guaranteed under EU law, but not post-Brexit, such as Sue Wilson, a leader of the Bremain in Spain campaign. The estimated 450,000 retirees drawing a British state pension from elsewhere in the EU have already seen a drop in their income because of the collapse of sterling and fear that it could fall f... [truncated, 18437 chars total - full text at data/raw/news/text/NEWS-guardian_api-2c424e381b79.txt]",data/raw/news/text/NEWS-guardian_api-2c424e381b79.txt
NEWS-guardian_api-2dd0c8e3344e,SCC-2021-05,national,needs_second_review,include,E4-CLEAR,llm_v2,needs_second_review,E5-BORDERLINE-POLICY-RELEVANCE,llm_v2,not_applicable,E6-NOT-REFORM-FLAGGED,llm_v2,include,E8-EDITORIAL-CONFIRMED,llm_v2,,,,UK homebuyers told to act fast to beat stamp duty holiday deadline,"Homebuyers who want to take advantage of the stamp duty holiday have been warned to act quickly as high demand for mortgages and coronavirus restrictions are creating delays in the process. David Hollingworth of brokers L&amp;C said getting a mortgage was taking about double the usual time as lenders struggled with the volume of business, and needed longer to review some applications. “To get a mortgage offer in normal times you are usually looking at a couple of weeks from the application,” he said, “Now you could be expecting it to take at least a month, or possibly longer.” For self-employed borrowers, for instance, most lenders are looking closely at recent bank statements, instead of two years’ business accounts as previously. “They are essentially underwriting individual cases and they only have so many staff to do that,” he said. In England and Northern Ireland there is currently a stamp duty holiday on homes costing up to £500,000, while in Scotland and Wales the tax-break is for properties costing up to £250,000. The holiday has helped fuel a housing market that was already thriving after it came out of lockdown in the spring. This high demand is one factor in the delays, but dealing with the coronavirus crisis is having an impact on other parts of the homebuying process. “The conveyancing process is also taking longer,” Hollingworth said. “Local searches are taking longer because in some councils staff have been redeployed – the new lockdown could have an impact too... [truncated, 2082 chars total - full text at data/raw/news/text/NEWS-guardian_api-2dd0c8e3344e.txt]",data/raw/news/text/NEWS-guardian_api-2dd0c8e3344e.txt
NEWS-guardian_api-2dea7ffd348c,ESWS-2026-05,national,needs_second_review,include,E4-CLEAR,llm_v2,needs_second_review,E5-BORDERLINE-POLICY-RELEVANCE,llm_v2,not_applicable,E6-NOT-REFORM-FLAGGED,llm_v2,include,E8-EDITORIAL-CONFIRMED,llm_v2,,,,ICO promises legal action over ‘traumatic’ UK care-record access,"The UK’s information commissioner has raised alarm over the “lengthy, traumatic and often demoralising process” people face when trying to access their care records, writing to local authority leaders to say his office will take action over legal breaches. The data protection regulator said people who grew up in the care system were waiting up to 16 years for access to their records, and in some cases found their files had been destroyed, lost or were provided only with extensive redaction. The commissioner, John Edwards, said requests were “too often met with cold bureaucracy, long delays and pages of unexplained redactions, which can have devastating consequences”. “For people in care, these files are an important part of understanding their personhood and their development. It’s restoring to them the insights into how they have become who they are,” he said. “But there’s a lack of compassion. Local authorities are stretched and the humanity can disappear. But this is a product of really bad record-keeping systems that have not been upgraded over generations.” On Tuesday, Edwards wrote to all UK local authority leaders calling for change in how councils respond to requests for records, and warning that his office would take action when they fail to comply with guidance. The Information Commissioner’s Office (ICO) has recently served Bristol city council with an enforcement notice for delays involving child social care data, and it fined the Scottish charity Birthlink £18,00... [truncated, 4580 chars total - full text at data/raw/news/text/NEWS-guardian_api-2dea7ffd348c.txt]",data/raw/news/text/NEWS-guardian_api-2dea7ffd348c.txt
NEWS-guardian_api-3083d95dff38,SCC-2013-05,local,needs_second_review,include,E4-CLEAR,llm_v2,needs_second_review,E5-BORDERLINE-PLACE-MENTION,human,not_applicable,E6-NOT-REFORM-FLAGGED,llm_v2,include,E8-EDITORIAL-CONFIRMED,llm_v2,,,,Barrie Scopes obituary,"My brother, Barrie Scopes, has died aged 80. He was a talented mathematician, schoolteacher, missionary and mission leader, a man of prayer, an assiduous correspondent and a fun-loving family man. Born in south India, Barrie was the third of four sons in a missionary family stretching back, on his mother's side, to 1838. After attending schools in India and England (Eltham college, south-east London), in 1950 he went to Peterhouse, Cambridge, where he gained a first in mathematics. After teacher training, and marriage in 1954 to Elizabeth (Betty) Robertson, whom he had met in Cambridge, he taught at Sir William Borlase's grammar school in Marlow, Buckinghamshire. The boys loved the way he taught maths: he was engaging, stimulating and induced curiosity in his subject. He and Betty went with the London Missionary Society to teach in a school at Bishnupur, West Bengal, where he served from 1957 to 1970, during which time he acquired a bachelor of divinity degree from Serampore College and his four children were born. Returning to the UK in 1970, he served the Congregational Council for World Mission (now the Council for World Mission) in secretarial posts from 1971 to 1976. After a spell teaching at Crown Woods school, south-east London, and Caterham school, Surrey, he served the Council for World Mission from 1980 to 1990, first as general secretary and then as secretary for administration. He worked long and hard as research officer and then administrator for the publication ... [truncated, 2551 chars total - full text at data/raw/news/text/NEWS-guardian_api-3083d95dff38.txt]",data/raw/news/text/NEWS-guardian_api-3083d95dff38.txt
NEWS-guardian_api-315c6f54f2e3,SCC-2017-05,national,needs_second_review,include,E4-CLEAR,llm_v2,needs_second_review,E5-BORDERLINE-POLICY-RELEVANCE,llm_v2,not_applicable,E6-NOT-REFORM-FLAGGED,llm_v2,include,E8-EDITORIAL-CONFIRMED,llm_v2,,,,The ground rent scandal that is engulfing new home buyers,"Following a special report in last week’s Guardian Money, there has been a huge response from readers caught out by leases with sky-rocketing ground rents. ‘We paid £101,000 for our Taylor Wimpey home in 2010 – now it’s valued at zero’ Can a newly built apartment from Taylor Wimpey effectively be worth nothing after just six years? Sean Greenwood’s wife paid £101,000 for a flat in a new development in Gornal, on the edge of Dudley, which she was told would be a great way to get on to the property ladder. But he claims that some banks and building societies are refusing to give mortgages to prospective buyers because a clause in the original leasehold agreement means owners are liable to pay ground rent to the freeholder that will spiral to £8,000 a year. “We are now trapped with an apartment we cannot sell,” says Greenwood. “Our neighbour, hoping to move as well, told us that their intended buyer’s mortgage company had refused to lend on the property and deemed that it had a zero value. On further investigation we found out that the ground rent review clause in our lease is preventing lenders approving a mortgage.” Ground rents are the crux of the problem. These are the annual payments leaseholders have to make to a freeholder which, in the past, were little more than a “peppercorn” rate, sometimes so low they were not even collected. But as Guardian Money highlighted last week, developers have begun selling houses as leasehold that would traditionally have been freehold, wit... [truncated, 17509 chars total - full text at data/raw/news/text/NEWS-guardian_api-315c6f54f2e3.txt]",data/raw/news/text/NEWS-guardian_api-315c6f54f2e3.txt
NEWS-guardian_api-351db380e072,SCC-2021-05,local,needs_second_review,include,E4-CLEAR,llm_v2,needs_second_review,E5-BORDERLINE-PLACE-MENTION,human,not_applicable,E6-NOT-REFORM-FLAGGED,llm_v2,include,E8-EDITORIAL-CONFIRMED,llm_v2,,,,Trixie Chandler obituary,"My mother, Trixie Chandler, who has died aged 93, was a psychiatric nurse who became a vicar’s wife and then, after our father’s untimely death, retrained to become a teacher. Born in Camberwell, south London, Trixie (born Beatrice) was the second of four children to May (nee White) and her husband, Alfred Kilsby, who were school caretakers. She was educated at St Saviour’s and St Olave’s grammar school, where she met her lifelong friend Joy Evans. When the two teenage girls were evacuated to Sussex during the second world war, Joy’s family were killed in a bomb raid in London, and Trixie supported Joy through that difficult time. After leaving school Trixie trained to be a psychiatric nurse, and then worked at the Maudsley psychiatric hospital in Camberwell. At her local church, St George’s in Camberwell, she met Ernest Chandler, an ordained priest, and they married in 1951. Thereafter Trixie fulfilled the role of a curate and vicar’s wife, first at St Wulfram’s Church in Grantham, Lincolnshire, then in 1955 at St Dunstan’s Church in Cheam, Surrey (where she ran the Young Wives’ group as well as looking after her two young daughters), and in 1958 at St Luke’s Church in Whyteleafe, Surrey, where she established a successful Mother’s Union. However, that part of her life came to an abrupt end in 1962 when Ernest died of a heart attack at the age of 38. Showing great strength of character, Trixie not only continued to look after her family but learned to drive, bought a house i... [truncated, 2820 chars total - full text at data/raw/news/text/NEWS-guardian_api-351db380e072.txt]",data/raw/news/text/NEWS-guardian_api-351db380e072.txt
NEWS-guardian_api-39a0d6a8c0ff,ESWS-2026-05,national,needs_second_review,include,E4-CLEAR,llm_v2,needs_second_review,E5-BORDERLINE-POLICY-RELEVANCE,llm_v2,not_applicable,E6-NOT-REFORM-FLAGGED,llm_v2,include,E8-EDITORIAL-CONFIRMED,llm_v2,,,,‘It’s about quality of life’: Can Birmingham’s Retrofit House help fix the UK’s terrible housing?,"Link Road is home to an unassuming row of Victorian terrace houses in Edgbaston, but inside one of these two up, two downs, a domestic revolution is happening. At No 33 Link Road, a property bought by community group Civic Square and named Retrofit House, it’s open week. Events include a series of talks, classes and performances – there’s a timetable pinned by the front door so you know when to head to the back bedroom to learn about biomaterials or into the garden for a workshop on mending doors. It’s also a chance for curious visitors to see the work that researchers and designers have produced through collaboration with locals. From top to bottom, the house is full of examples of retrofit ideas, often using ecologically sound materials such as lime, clay and straw. There are adaptations on show that improve energy efficiency and air quality, protect against flooding and encourage wildlife in an effort to combat climate change. Of course, few visitors would put it like that. The local community are here to learn DIY skills, check out the finish on clay paint (breathable, nontoxic, locally made) and attend talks on doughnut economics and “freehouse governance”. They want to lower their fuel bills and make their homes more comfy. As Immy Kaur, co-founder and director of Civic Square, says, “A lot of people here think net zero is a waste of time, or they’ve lived through previous government-run home improvement schemes that were failures and don’t want the disruption. When we ... [truncated, 5031 chars total - full text at data/raw/news/text/NEWS-guardian_api-39a0d6a8c0ff.txt]",data/raw/news/text/NEWS-guardian_api-39a0d6a8c0ff.txt
NEWS-guardian_api-3aa227967a6d,ESWS-2026-05,national,needs_second_review,include,E4-CLEAR,llm_v2,needs_second_review,E5-BORDERLINE-POLICY-RELEVANCE,llm_v2,not_applicable,E6-NOT-REFORM-FLAGGED,llm_v2,include,E8-EDITORIAL-CONFIRMED,llm_v2,,,,It pays to support women’s health in the workplace | Letter,"The Keep Britain Working review has shed valuable light on the number of working-age adults in the UK falling out of work due to ill health (Fixing Britain’s worklessness crisis will cost employers £6bn a year, report says, 5 November). As part of this, we should also specifically acknowledge the impact of women’s health issues and the role of employers in addressing these. In a report by the NHS Confederation in partnership with our foundation, we found that an estimated £11bn is lost annually due to absenteeism for gynaecological conditions alone. And earlier this year, our research found that 15% of women report having to change to part-time work and 14% have had to quit work due to women’s health conditions. Furthermore, 32% of women reported that they aren’t receiving enough support for their health issues from their employers. It is therefore essential that employers take action as a matter of urgency. For too long, women have faced persistent inequalities in their career aspirations, and a lack of support for reproductive health issues is one such barrier. It is positive to see that the review has highlighted the impact of ill health of the UK’s workforce, and its recommended investment from employers could prove transformational. We also welcome the government’s plans to renew the women’s health strategy, which could provide employers with the guidelines they need to better support women’s health in the workplace. These two commitments together could truly boost the U... [truncated, 1724 chars total - full text at data/raw/news/text/NEWS-guardian_api-3aa227967a6d.txt]",data/raw/news/text/NEWS-guardian_api-3aa227967a6d.txt
NEWS-guardian_api-3b7ae7b3a012,SCC-2013-05,national,needs_second_review,include,E4-CLEAR,llm_v2,include,E5-N2-POLICY-ISSUE,llm_v2,not_applicable,E6-NOT-REFORM-FLAGGED,llm_v2,needs_second_review,E8-UNCLEAR-FORMAT,llm_v2,,,,Society daily 5.11.12,"Sign up to Society daily email briefing Today's top SocietyGuardian stories • Homeless families to be expelled from London by councils • Family split by rehousing decision • NHS constitution reform to include new end-of-life care commitments • Children's commissioner for Wales urges inquiry into abuse allegations • Boris Johnson announces rise in London living wage • Mother of man with cerebral palsy sues hospital over son's DNR order • Geoff Mulgan: The UK economy can still create jobs • Hugh Muir: What's going on at the Equality Commission? All today's SocietyGuardian stories The pick of the weekend's SocietyGuardian news and features • Milibands unite to urge 'living wage' for millions • Drinks industry refuses to swallow government line on alcohol pricing • Postnatal depression: the pressures new mothers face, now more than ever All Sunday's SocietyGuardian news and features All Saturday's SocietyGuardian news and features Jobs of the week • Director – children, schools &amp; families, Camden: ""We are not looking to merely maintain a well-established and strong children's services department. We are looking to change the face of the how we deliver social outcomes to our children and families, using the whole council and our partners to do so."" • Assistant director fundraising and marketing, the Scout Association • Chief executive, Age UK Scotland The Guardian's public and voluntary sector careers page Hundreds of public and voluntary sector jobs On the Guardian Profession... [truncated, 7987 chars total - full text at data/raw/news/text/NEWS-guardian_api-3b7ae7b3a012.txt]",data/raw/news/text/NEWS-guardian_api-3b7ae7b3a012.txt
NEWS-guardian_api-3c40d74081a5,SCC-2013-05,national,needs_second_review,include,E4-CLEAR,llm_v2,include,E5-N2-POLICY-ISSUE,llm_v2,not_applicable,E6-NOT-REFORM-FLAGGED,llm_v2,needs_second_review,E8-UNCLEAR-FORMAT,llm_v2,,,,Today in healthcare: Thursday 24 January,"Claire Burke writes Thousands of people are expected to march through the streets of south-east London on Saturday in protest at plans to close the A&amp;E and maternity units at Lewisham hospital, the Guardian reports. Heather Fairhead writes for Comment is Free that antibiotic-resistant bacteria are a genuine threat we must all fight. Five NHS trusts are warned over high death rates, reports the Independent The accident and emergency department is to close at Trafford General Hospital, writes the BBC And increasing numbers of British workers claim they're so worried about losing their jobs that many are trudging into work even when sick with a cold or flu, according to a survey. The research, commissioned by Fisherman’s Friends, found six out of 10 workers didn’t take a single day off from work due to a cold or flu during 2012. That's all from us today, we'll be back tomorrow. Claire Burke writes Vijaya Nath, assistant director in leadership at the King's Fund, considers what we have learnt so far about revalidation. She writes: ... for doctors who have always prepared carefully for appraisal – as one doctor commented, taking it ’reasonably seriously’ – revalidation appraisal has been ‘business as usual’. More challenging has been the response by some staff grade and associate specialist staff for whom one medical director remarked that ‘revalidation has been a huge wake-up call. Clare Horton writes Telegraph assistant comment editor Tom Chivers has blogged about chief medi... [truncated, 12883 chars total - full text at data/raw/news/text/NEWS-guardian_api-3c40d74081a5.txt]",data/raw/news/text/NEWS-guardian_api-3c40d74081a5.txt
NEWS-guardian_api-3d84f4ed6588,ESWS-2026-05,national,needs_second_review,include,E4-CLEAR,llm_v2,needs_second_review,E5-BORDERLINE-POLICY-RELEVANCE,llm_v2,not_applicable,E6-NOT-REFORM-FLAGGED,llm_v2,include,E8-EDITORIAL-CONFIRMED,llm_v2,,,,"Wessex Water must pay £11m over wastewater failures, says regulator","Wessex Water has been ordered to pay £11m over wastewater failures and told to spend it on improvements to reduce sewage spills and other measures. Ofwat, the industry regulator for England and Wales, said that Wessex Water and its shareholders would fund a total enforcement package of £11m, none of which will be paid for by customers through bills. The watchdog found that Wessex Water failed to operate, maintain and upgrade its wastewater network adequately to ensure that it could cope with the flows of sewage and wastewater. The company, which this year increased its bills by an average of 20%, or £113, serves households across Bristol, Dorset and Somerset, as well as most of Wiltshire and parts of Gloucestershire and Hampshire. The measures Wessex Water has been ordered to take include helping private landowners to seal their sewer pipes, reducing spills at specific storm overflows by bringing forward investment, installing additional monitoring equipment and helping customers to sustainably manage rainwater at their properties. It is the sixth case in Ofwat’s “largest and most complex set of investigations” into all companies in the sector and their management of water treatment works and networks. The regulator has already this year imposed total penalties of more than £240m on Yorkshire Water, Thames Water, Northumbrian Water, Anglian Water and South West Water. Lynn Parker, the senior director for enforcement at Ofwat, said: “Our investigation has found that Wessex Wat... [truncated, 3729 chars total - full text at data/raw/news/text/NEWS-guardian_api-3d84f4ed6588.txt]",data/raw/news/text/NEWS-guardian_api-3d84f4ed6588.txt
NEWS-guardian_api-40f4357eb547,SCC-2013-05,national,needs_second_review,include,E4-CLEAR,llm_v2,include,E5-N2-POLICY-ISSUE,llm_v2,not_applicable,E6-NOT-REFORM-FLAGGED,llm_v2,needs_second_review,E8-UNCLEAR-FORMAT,llm_v2,,,,Society daily 08.01.13,"Sign up to Society daily email briefing Today's top SocietyGuardian stories • South London NHS trust should be dissolved, says administrator • Nick Clegg joins protests over 'shirkers' tag • Calls for expansion of scheme providing free breakfasts to hungry children • Newcastle leader accuses ministers of north-south bias over cuts • Bristol mayor sets out cuts to cover £35m 'growing budget hole' • Children's role in Belfast flag riots 'deeply worrying' • Sentamu calls for action to help rough sleepers in York • Matthew Oakley: Welfare reform must be based on the principle of 'something for something' • David Laws: coalition policies will help families - video • Phillip Inman: Child benefit changes - why the critics are on solid ground All today's SocietyGuardian stories In tomorrow's SocietyGuardian section • Newcastle council is making horrendous cuts but, its leader Nick Forbes tells Patrick Butler, it is central government that's causing the damage • Kate Belgrave visits people in north-east England whose lives are affected by the cuts in public services • To deliver the services their communities need in a climate of cuts, local authorities must look at the whole range, and different combinations, of delivery options, says Anne Torry • People living with serious mental health problems deserve New Year honours, says Clare Allan • The biggest challenge for the NHS in 2013 is to change its culture of secrecy, cover-up and authoritarian management, writes Jeremy Taylor • The ... [truncated, 9253 chars total - full text at data/raw/news/text/NEWS-guardian_api-40f4357eb547.txt]",data/raw/news/text/NEWS-guardian_api-40f4357eb547.txt
NEWS-guardian_api-42a6dda85b9e,SCC-2021-05,national,needs_second_review,include,E4-CLEAR,llm_v2,needs_second_review,E5-BORDERLINE-POLICY-RELEVANCE,llm_v2,not_applicable,E6-NOT-REFORM-FLAGGED,llm_v2,include,E8-EDITORIAL-CONFIRMED,llm_v2,,,,"Cladding scandal: flat owners fear bills of up to £45,000 for safety failings","Homeowners are receiving new bills for fire safety measures, three-and-a-half years after the Grenfell Tower tragedy. Leaseholders in flats around the country are learning that their buildings have failed inspections and that they face huge bills to put things right. Many have seen hundreds of pounds added to their monthly service charges to cover short-term safety measures, or been told that work to make their buildings safe could cost them tens of thousands of pounds. “Our financial and mental health is being seriously impacted on a daily basis, and this has only been intensified by our being locked down in our unsafe flats,” says Giles Grover of Manchester Cladiators, a co-founder of the national End Our Cladding Scandal campaign. While some of the buildings have external cladding of the type used at Grenfell, at many the concerns involve missing fire breaks, potentially dangerous insulation or internal issues. Some homeowners were unaware that there could be a problem until they were landed with a bill. Some are paying for “waking watch” services, where security guards are employed to keep an eye on buildings and alert residents in case of a fire. Others have seen their service charges double to meet increased insurance premiums. Over the past two years, the government has announced a series of measures to help fix the problem, including a £1bn building safety fund to help with the cost of removing cladding and £30m to pay for alarm systems. One of its advisers recently r... [truncated, 9094 chars total - full text at data/raw/news/text/NEWS-guardian_api-42a6dda85b9e.txt]",data/raw/news/text/NEWS-guardian_api-42a6dda85b9e.txt
NEWS-guardian_api-42bd1d43c5ea,SCC-2013-05,national,needs_second_review,include,E4-CLEAR,llm_v2,include,E5-N1-PARTY-POLITICS,llm_v2,not_applicable,E6-NOT-REFORM-FLAGGED,llm_v2,needs_second_review,E8-UNCLEAR-FORMAT,llm_v2,,,,Society daily 26.11.12,"Sign up to Society daily email briefing Today's top SocietyGuardian stories • Ukip fostering row: couple call for public apology • Increasing numbers of working people live in poverty, report finds • Housing crisis: minister announces plan to refurbish empty homes • Alcohol at 40p, 45p or 50p a unit to be Cameron choices for minimum price • Kickstart transport projects to boost economy by billions, ministers told • Princes William and Harry continue Diana's battle to end Aids stigma • Mark Solms: As the Savile scandal shows, ignorance of paedophilia harms efforts to tackle it All today's SocietyGuardian stories The pick of the weekend's SocietyGuardian news and features • George Osborne's hidden cuts will take away 30% of income for poorest families • Has the drive towards sexual equality gone into reverse? • Does prisoner mentoring really help with rehabilitation? All Sunday's SocietyGuardian news and features All Saturday's SocietyGuardian news and features Jobs of the week • Head of national cyber crime unit, national crime agency: ""The National Cyber Crime Unit will lead the UK's operational response to cyber crime, with a strong emphasis on delivering visible operational success against serious cyber criminals both in the UK and internationally, working both reactively and proactively to protect the public. It will support wider law enforcement in tackling the range of cyber-enabled crime to protect UK citizens, commerce and national infrastructure."" • Director, corporat... [truncated, 7404 chars total - full text at data/raw/news/text/NEWS-guardian_api-42bd1d43c5ea.txt]",data/raw/news/text/NEWS-guardian_api-42bd1d43c5ea.txt
NEWS-guardian_api-465a28991d10,SCC-2013-05,national,needs_second_review,include,E4-CLEAR,llm_v2,needs_second_review,E5-BORDERLINE-POLICY-RELEVANCE,llm_v2,not_applicable,E6-NOT-REFORM-FLAGGED,llm_v2,include,E8-EDITORIAL-CONFIRMED,llm_v2,,,,Bank of England set to brush off calls to pump more funds into economy,"The Bank of England will resist calls this week to pump extra funds into the economy despite concerns that a recent decline in manufacturing production and the weak construction sector could force the UK into a triple dip-recession. Policymakers at the central bank will debate how to generate growth after more than three years of falling living standards. With inflation consistently outstripping wages and a raft of cuts to benefits due in 2013, household incomes are likely to worsen, according to economists. The bank's monetary policy committee (MPC) is likely to keep its powder dry after the economy briefly sprang back to life in the third quarter when gross domestic product (GDP) grew 1%. A fall in unemployment in autumn and a modest rise in consumer spending have also offset worse-than-forecast manufacturing output, which has shrunk as the government's austerity policies and the euro crisis hit demand for UK goods. While some MPC members could vote to boost quantitative easing (QE) by £50bn to £425bn, most economists expect a committee majority to keep interest rates at a record low of 0.5% and QE at £375bn. Both the BoE Governor and deputy governor, Sir Mervyn King and Paul Tucker, have suggested in recent speeches that the impact of QE is reaching its limit. Howard Archer, chief UK economist at IHS Global Insight, said: ""While it still looks to be a close call, we believe the 1% quarter-on-quarter spike in GDP in the third quarter makes it more likely than not that the B... [truncated, 3963 chars total - full text at data/raw/news/text/NEWS-guardian_api-465a28991d10.txt]",data/raw/news/text/NEWS-guardian_api-465a28991d10.txt
NEWS-guardian_api-4897558cec72,ESWS-2026-05,national,needs_second_review,include,E4-CLEAR,llm_v2,needs_second_review,E5-BORDERLINE-POLICY-RELEVANCE,llm_v2,not_applicable,E6-NOT-REFORM-FLAGGED,llm_v2,include,E8-EDITORIAL-CONFIRMED,llm_v2,,,,"Juries make baffling, flawed, human decisions. That's why we must keep them | Gaby Hinsliff","For the sake of justice, something has to give. Everyone knows that the courts are in crisis, that we can’t go on like this. Traumatised victims can’t keep being told that the earliest available date for a trial is 2029, so they’re either going to have to live with it hanging over them for another four years or drop out. (And nor can defendants put their lives endlessly on hold, worrying that witnesses’ memories will only fade with time.) Something obviously needs to change. But the idea that the only solution is to scrap jury trials in all but the most serious cases of rape, murder and other offences with sentences longer than five years – as a leaked letter from the justice secretary, David Lammy, suggests will happen in England and Wales – should ring alarm bells nonetheless. Anyone who has sat in a courtroom for long enough, never mind on a jury, will know that it isn’t exactly 12 Angry Men out there. Members of the public obliged to dispense amateur justice have the same flaws, limitations and tendency to fall asleep in the boring bits – or, as on one memorable occasion at the Old Bailey, repeatedly ask if the hot witness is single – as the rest of us, and unlike judges they aren’t obliged to give their reasons for sometimes baffling decisions. Juries are notoriously resistant to convicting in all but the most straightforward rape trials, and expert doubts raised over Lucy Letby’s murder conviction make a strong case for removing them from cases with very complex medical... [truncated, 5548 chars total - full text at data/raw/news/text/NEWS-guardian_api-4897558cec72.txt]",data/raw/news/text/NEWS-guardian_api-4897558cec72.txt
NEWS-guardian_api-4ae1d825f248,SCC-2021-05,local,needs_second_review,include,E4-CLEAR,llm_v2,needs_second_review,E5-BORDERLINE-PLACE-MENTION,human,not_applicable,E6-NOT-REFORM-FLAGGED,llm_v2,include,E8-EDITORIAL-CONFIRMED,llm_v2,,,,Drones used by police to monitor political protests in England,"Police have used unmanned drones to monitor political protests, including those held by the non-violent Black Lives Matter movement, research shows. Police also used drones in 2020 at animal rights protests, Extinction Rebellion and anti-HS2 demonstrations, and in one instance, an extreme-right protest. Campaigners say the police’s expanded use of drones is happening with the rules not clear and next to no debate. Police say that is not the case. The campaign group Drone watch used freedom of information requests to ask police forces to detail their use of drones at protests from January to October 2020. The Surrey, Cleveland, Staffordshire, Gloucestershire and West Midlands forces said they had used drones at BLM protests. Cleveland at three BLM events, Gloucestershire at two BLM protests and one lockdown protest, and West Midlands at three BLM protests. In south-west England, the Devon and Cornwall force and Avon and Somerset police used drones at 15 events including protests and public disorder incidents. Both forces declined to say at which protests drones had been used. Police were criticised for using drones during the first coronavirus lockdown, when they were used to monitor walkers in the Peak District in Derbyshire. Polling for Drone watch by Yonder claims to show public concern about drone use when they fly beyond where a human can see them. Of 2,000 people questioned, 60% were worried about the effects on privacy and civil liberties, and 67% said they were concern... [truncated, 3353 chars total - full text at data/raw/news/text/NEWS-guardian_api-4ae1d825f248.txt]",data/raw/news/text/NEWS-guardian_api-4ae1d825f248.txt
NEWS-guardian_api-4c17236af193,SCC-2021-05,national,needs_second_review,include,E4-CLEAR,llm_v2,needs_second_review,E5-BORDERLINE-POLICY-RELEVANCE,llm_v2,not_applicable,E6-NOT-REFORM-FLAGGED,llm_v2,include,E8-EDITORIAL-CONFIRMED,llm_v2,,,,Marcus Rashford ‘overwhelmed’ as government pledges £170m to help families,"The footballer Marcus Rashford has described being “overwhelmed with pride” at the progress of his campaign to fight child food poverty as ministers announced a £170m winter grant scheme aimed at helping low-income families struggling as a result of Covid-19. Rashford said he had talked with Boris Johnson after his Manchester United team played Everton on Saturday, and was told of the latest plans. While he said many of the campaign’s objectives had yet to be met, he was proud and grateful for the positive steps taken. “Following the game today, I had a good conversation with the prime minister to better understand the proposed plan, and I very much welcome the steps that have been taken to combat child food poverty in the UK,” the England striker said. “There is still so much more to do, and my immediate concern is the approximate 1.7 million children who miss out on free school meals, holiday provision and Healthy Start vouchers because their family income isn’t quite low enough. But the intent the government have shown today is nothing but positive and they should be recognised for that. The steps made today will improve the lives of near 1.7 million children in the UK over the next 12 months.” Ministers had faced fierce criticism for refusing to extend free school meals to children from low-income families during the half-term holiday, as demanded by Rashford. But the government now says it is providing better-targeted support in a package that will cost more than four ti... [truncated, 2302 chars total - full text at data/raw/news/text/NEWS-guardian_api-4c17236af193.txt]",data/raw/news/text/NEWS-guardian_api-4c17236af193.txt
NEWS-guardian_api-4d2bdd0ff61f,SCC-2013-05,national,needs_second_review,include,E4-CLEAR,llm_v2,include,E5-N2-POLICY-ISSUE,llm_v2,not_applicable,E6-NOT-REFORM-FLAGGED,llm_v2,needs_second_review,E8-UNCLEAR-FORMAT,llm_v2,,,,Society daily 30.01.13,"Sign up to Society daily email briefing Today's top SocietyGuardian stories • One in eight councils risks missing savings target, finds NAO • NHS cuts 'bad for sexual health' • Fears over school meal standards as children's food charity loses funding • New consumer bodies for healthcare are far behind schedule, claims Labour • Theresa May proposes fast track promotion for young police officers • Asylum-support system is pushing families into severe poverty, say MPs • Culture clash as threat of 100% cut in arts funding divides Newcastle • Soldier injured in Iraq grenade attack wins benefit battle • Childcare changes will cut play and inhibit learning, say carers • Ally Fogg: The dubious benefits of welfare payment cards All today's SocietyGuardian stories In today's SocietyGuardian section • 'We need to change the culture in the NHS' • 'Welfare cash cards' are much more than a tool of state control • Bipolar support service under threat of closure just when it is needed most • Public debate of sexual abuse is long overdue • Mental health patients are being 'detained in all but name' • Has Wales found the winning formula for healthcare? Jobs of the week • Director, Crisis Skylight South Yorkshire: ""You will be responsible for ensuring a high quality service is offered to our clients and that it offers an appropriate range of engagement, education and employment activities."" • Head of fundraising, Capability Scotland • Head of property development and capital projects, Kent Coun... [truncated, 5744 chars total - full text at data/raw/news/text/NEWS-guardian_api-4d2bdd0ff61f.txt]",data/raw/news/text/NEWS-guardian_api-4d2bdd0ff61f.txt
NEWS-guardian_api-4e3de696de78,SCC-2021-05,national,needs_second_review,include,E4-CLEAR,llm_v2,needs_second_review,E5-BORDERLINE-POLICY-RELEVANCE,llm_v2,not_applicable,E6-NOT-REFORM-FLAGGED,llm_v2,include,E8-EDITORIAL-CONFIRMED,llm_v2,,,,UK faces pre-Christmas slump on back of new Covid restrictions,"Britain’s economy is set for a pre-Christmas slump with further job losses and shop closures, despite government measures to protect businesses during the latest Covid-19 restrictions. Surveys of business activity reveal a sharp decline as tough new restrictions were launched across the UK amid the second coronavirus wave, setting the stage for a difficult winter ahead as the economy plunges into reverse. While the damage to many industries will be less severe than during the first lockdown, the accountancy firm BDO said measures of business confidence and output fell in October for the first time since April. A separate study by the Chartered Institute of Personnel and Development and the recruitment firm Adecco showed almost a third of UK companies plan to make redundancies over the final months of the year. Gerwyn Davies, the senior labour market adviser for the CIPD, said: “The best that can be said is that the situation is getting worse more slowly. Employment looks set to keep falling and the relatively weak demand for labour means that it is going to be a long and hard winter, affecting young jobseekers in particular.” Although job losses are expected to rise, the survey of more than 1,000 human resources managers suggested the economy outlook was more resilient than during the first wave of Covid-19. With more companies expected to remain open and after firms have already cut significant numbers of jobs, the CIPD and Adecco said 30% of firms expected to make redundanc... [truncated, 4155 chars total - full text at data/raw/news/text/NEWS-guardian_api-4e3de696de78.txt]",data/raw/news/text/NEWS-guardian_api-4e3de696de78.txt
NEWS-guardian_api-4e4a9cb5701e,SCC-2013-05,national,needs_second_review,include,E4-CLEAR,llm_v2,include,E5-N2-POLICY-ISSUE,llm_v2,not_applicable,E6-NOT-REFORM-FLAGGED,llm_v2,needs_second_review,E8-UNCLEAR-FORMAT,llm_v2,,,,Society daily 06.02.13,"Sign up to Society daily email briefing Today's top SocietyGuardian stories • Gay marriage: MPs vote in favour leaves Cameron adrift from Tories • Public sector cuts hit judges' pensions • School of hard knocks: MPs seek to boost young people's 'resilience' • Pensioner starved to death after being left alone for nine days • Children and families bill: our panel responds • Michael Gove: Labour think poor children should stick to their station • Martin Narey: Race matters but it should not be a bar to adoption • Government cancels survey on nutritional content of school meals • Library campaigners save Friern Barnet branch for community • Prisons ombudsman: dying inmates 'inappropriately' handcuffed or chained All today's SocietyGuardian stories In today's SocietyGuardian section • Were James Bulger's killers too young to stand trial? • Youth justice system is 'failing vulnerable young offenders' • The Social Value Act has the power to transform spending on public services • Mid Staffs NHS trust's day of reckoning is here • Legal aid cuts threaten Shelter's advice services • There are no gods in mental health • David Halpern: 'We try to avoid legislation and ordering' • Sweden proves that private profit improves services and influences policy Jobs of the week • Head of regional fundraising, Macmillan Cancer Support: ""You will lead, manage and develop a strong, experienced regional fundraising team and will drive the recruitment and development of our volunteer network across Le... [truncated, 6097 chars total - full text at data/raw/news/text/NEWS-guardian_api-4e4a9cb5701e.txt]",data/raw/news/text/NEWS-guardian_api-4e4a9cb5701e.txt
NEWS-guardian_api-51cdaf852fc9,SCC-2013-05,national,needs_second_review,include,E4-CLEAR,llm_v2,needs_second_review,E5-BORDERLINE-POLICY-RELEVANCE,llm_v2,not_applicable,E6-NOT-REFORM-FLAGGED,llm_v2,include,E8-EDITORIAL-CONFIRMED,llm_v2,,,,London Underground at 150: its past and future,"We Londoners moan about the Tube as freely as we breathe, but with the underground railway fast approaching 150 years of age we should take a break from carping and reflect on how lucky we are. Though service delays are annoying and the upgrade programme can seem like an unending plague, these inconveniences are trivial compared with what we'd be enduring had the drift of earlier decades gone on. Playing catch up may be trying, but it sure beats grinding to a halt. A short trip through post-war history makes the point. Starved of investment, a network seen as the best in the world was allowed to atrophy and decline, with only the creation of the Victoria Line bucking the trend. The advent of the Greater London Council brought improvement. Its first Conservative leader Desmond Plummer demanded that old debts be written off and London Transport freed to pump funds into new trains, escalators and lifts, but the consensus view was that public transport as a whole was a fading force as car ownership grew. It required a shrewd iconoclast, Labour's Ken Livingstone, to recognize the vital importance of the Tube to London. Despite losing a convoluted struggle in the courts he eventually slashed fares and saw passenger numbers soar before Margaret Thatcher, stupid with arrogance, punished London for Red Ken's insubordination by abolishing the GLC in 1986. It took a tragedy, the Kings Cross fire, to bring home the need for more public money and a major organizational overhaul, but the r... [truncated, 5028 chars total - full text at data/raw/news/text/NEWS-guardian_api-51cdaf852fc9.txt]",data/raw/news/text/NEWS-guardian_api-51cdaf852fc9.txt
NEWS-guardian_api-531a710dbb45,SCC-2017-05,national,needs_second_review,include,E4-CLEAR,llm_v2,needs_second_review,E5-BORDERLINE-POLICY-RELEVANCE,llm_v2,not_applicable,E6-NOT-REFORM-FLAGGED,llm_v2,include,E8-EDITORIAL-CONFIRMED,llm_v2,,,,"UK manufacturers putting off investment plans, poll shows","British manufacturers have fanned fears that the economy is heading for a slowdown in 2017 after a survey showed a rise in factory bosses putting off plans to increase investment. Since the EU referendum there has been a sharp rise in the proportion of executives saying political uncertainty is putting them off raising spending, according to a poll by the manufacturers’ organisation the EEF. It found a quarter of manufacturers cited this as a reason when asked in the wake of the vote, up sharply from 6% when the referendum campaign was getting under way in March. The report comes days after the Bank of England renewed warnings that the British economy would slow next year, although it was forced to admit that its earlier fears of a severe near-term slowdown had proved unfounded. It also warned that slower corporate spending and a squeeze on household incomes would hit growth further out. The EEF’s report found manufacturers would be likely to pare back their investment in plant and machinery over the next two years in response to growing worries about the prospects for demand as well as the spike in political uncertainty. According to the survey, 60% of manufacturers planned to spend the same or less over the next two years, up from 54% in 2015. The poll of 306 companies was conducted in August. Since then, the Conservative party signalled at its October conference that the government would go for a hard Brexit deal that leaves the UK shut out of Europe’s single market. The E... [truncated, 4990 chars total - full text at data/raw/news/text/NEWS-guardian_api-531a710dbb45.txt]",data/raw/news/text/NEWS-guardian_api-531a710dbb45.txt
NEWS-guardian_api-558c8c5b49b2,SCC-2013-05,national,needs_second_review,include,E4-CLEAR,llm_v2,needs_second_review,E5-BORDERLINE-POLICY-RELEVANCE,llm_v2,not_applicable,E6-NOT-REFORM-FLAGGED,llm_v2,include,E8-EDITORIAL-CONFIRMED,llm_v2,,,,Why we should provide social housing tenants with free broadband,"Not everything said in the House of Commons meets with popular acclaim. So when I recently asked the work and pensions secretary to look at making broadband available to social housing tenants at low – or even no – cost, I was pleasantly surprised by the positive reception my suggestion received. Yet when my local paper picked up on my comments, the response was markedly different. Sentiments such as ""What is this guy on?"" and ""I go to work so they can play on the computer all day"" flooded the paper's online message board. So it's not a vote winner; but we do need to recognise that tackling digital exclusion is now a key part of fighting deprivation by creating routes into work and out of poverty. The ICT revolution has opened up aspiration and opportunity to most, but those in social housing have been left behind. The facts are stark: half of all people without internet access in the UK live in social housing. Consumer Focus recently found that those on low incomes renting from a housing association or council were the least likely to agree that information on their energy bill about the lowest tariff available would be useful. This group could save £415 a year on their combined bill if they switched from a heavy user pre-payment account to an online one. They have the most to save, yet are digitally excluded from doing so. This group, whose children may face challenges at school, are often seeking work. For them, an internet connection could add a quarter of a GCSE grade pe... [truncated, 3658 chars total - full text at data/raw/news/text/NEWS-guardian_api-558c8c5b49b2.txt]",data/raw/news/text/NEWS-guardian_api-558c8c5b49b2.txt
NEWS-guardian_api-566f752d0952,SCC-2017-05,national,needs_second_review,include,E4-CLEAR,llm_v2,needs_second_review,E5-BORDERLINE-POLICY-RELEVANCE,llm_v2,not_applicable,E6-NOT-REFORM-FLAGGED,llm_v2,include,E8-EDITORIAL-CONFIRMED,llm_v2,,,,Your chance to go green with an energy Isa,"What’s been described as the UK’s first “green energy” Isa is set to go on sale this weekend, and has received an endorsement of sorts from a senior government minister. It is the result of a link-up between ethical investment platform Abundance and Swindon borough council, and will allow the public to invest directly in renewable energy projects, tax free. Those behind the scheme are holding out the prospect of a 6% return. This type of investment has been made possible following the government’s 2014 decision to create an “innovative finance Isa”. This went live in April and means interest and gains from peer-to-peer loans can, in theory, be earned free of tax. This month the rules were extended so that these Isas can also include debt-based crowdfunding, thereby allowing investors to lend money to alternative energy projects, among other things, in order to obtain a hopefully decent return. Earlier this year Abundance and Swindon BC teamed up to launch a solar bond product, which will fund the construction of a £4.8m solar farm on council-owned land, with £3m invested by the local authority and just under £1.8m by small investors. That bond sold out a month early, says Abundance, and now there is another Swindon solar bond which can be held in the company’s innovative finance Isa wrapper. A second solar farm is planned for a former landfill site in Blunsdon, north of Swindon, and is scheduled to start generating energy by spring next year. It will cost £5.4m to construct, ... [truncated, 3197 chars total - full text at data/raw/news/text/NEWS-guardian_api-566f752d0952.txt]",data/raw/news/text/NEWS-guardian_api-566f752d0952.txt
NEWS-guardian_api-5a3257a1c984,SCC-2013-05,national,needs_second_review,include,E4-CLEAR,llm_v2,needs_second_review,E5-BORDERLINE-POLICY-RELEVANCE,llm_v2,not_applicable,E6-NOT-REFORM-FLAGGED,llm_v2,include,E8-EDITORIAL-CONFIRMED,llm_v2,,,,How are Portugal's cuts affecting social workers?,"Ana's job involves ensuring that people who leave hospital after surgery or treatment have the support needed to recover at home or in another non-hospital setting. ""Some of the patients who have had major surgery need a lot of support and sometimes they are also depressed after losing a breast or some other part of the body"" she says. Ana's job has become significantly more difficult. There was a time before the austerity cuts when she could refer patients to specialised community-based units but cuts have significantly reduced such options or made them unaffordable for many people. ""We now have to try to get charities or family or friends to look after discharged patients, which is not easy as most people that live in cities are working and can't be at home to help,"" says Ana. She adds that it takes a lot more unpaid hours to find solutions of her clients. To Ana and her colleagues, the economic direction of their country has very worrying long-term consequences. Unemployment has increased from 9.6% before the crisis to 15.7% in 2012. Youth unemployment is 32.6 %, seriously affecting the confidence of the next generation. Portuguese citizens have not only had their wages cut and taxes increased, but they are also enduring a rise in the cost of living from 1.4% a year in 2010 to 3.6% in 2011. All this has pushed the poverty rate in Portugal to 24.4% and it is still climbing as the prime minister is proposing to cut employers' social security contributions with the likelihood... [truncated, 5402 chars total - full text at data/raw/news/text/NEWS-guardian_api-5a3257a1c984.txt]",data/raw/news/text/NEWS-guardian_api-5a3257a1c984.txt
NEWS-guardian_api-5e3328cf929c,SCC-2021-05,national,needs_second_review,include,E4-CLEAR,llm_v2,needs_second_review,E5-BORDERLINE-POLICY-RELEVANCE,llm_v2,not_applicable,E6-NOT-REFORM-FLAGGED,llm_v2,include,E8-EDITORIAL-CONFIRMED,llm_v2,,,,"Protect BAME people hit financially by Covid, says UK thinktank","A leading race equality thinktank has called on the government to do more to protect black, Asian and ethnic minority communities, after a poll added to the growing well of data suggesting their finances have suffered more than those of white Britons due to the coronavirus pandemic. The poll from YouGov found that BAME people are about a third more likely than the white British population to say that their finances have suffered as a result of Covid. BAME respondents to the survey were more likely than white people to say they had been negatively affected with respect to every financial metric they were asked about. While 45% of people from BAME communities said their personal finances had suffered as a result of the pandemic, the figure among white respondents was 34%. BAME people were also more likely to be worried about their job security (54% against 47%) and prospects for career progression (56% against 45%). Alba Kapoor, a policy Officer for the Runnymede Trust, said: “This data is yet more evidence that black, Asian and ethnic minority communities are being left defenceless whilst bearing the brunt of Covid-19. “We already know that black, Asian and ethnic minority people are more likely to work in low-paid, precarious jobs and to live in poverty. It is extremely alarming to see how the pandemic is worsening these pre-existing inequalities. “The government can’t turn a blind eye on this any longer. We urgently need more to protect black, Asian and ethnic minority commu... [truncated, 3749 chars total - full text at data/raw/news/text/NEWS-guardian_api-5e3328cf929c.txt]",data/raw/news/text/NEWS-guardian_api-5e3328cf929c.txt
NEWS-guardian_api-5e6e2170ee1e,ESWS-2026-05,national,needs_second_review,include,E4-CLEAR,llm_v2,needs_second_review,E5-BORDERLINE-POLICY-RELEVANCE,llm_v2,not_applicable,E6-NOT-REFORM-FLAGGED,llm_v2,include,E8-EDITORIAL-CONFIRMED,llm_v2,,,,UK divisions of ticket resale website Viagogo hit with £15m bill over tax shortfall ,"Two UK divisions of the ticket resale website Viagogo have been hit with a £15m tax bill after HMRC found they had not paid enough duty. Corporate filings for VGL Services and IFOT Services, both part of the US-listed StubHub group that includes Viagogo, reveal that both firms set aside money to cover costs arising from a “transfer pricing inquiry with HMRC” relating to the period between 2016 and 2018. Transfer pricing refers to the way in which separate entities within a larger corporate group charge each other for services or goods they provide to one another. Any such transactions should take place at market rates. Tax authorities are known to monitor whether companies are inflating prices artificially in order to move money from a division in a high-tax jurisdiction to one based in a low-tax area. The accounts did not go into detail about HMRC’s findings about Viagogo’s tax affairs and there is no suggestion the company deliberately sought to avoid or evade tax. The UK businesses do not directly sell tickets but both supplied group companies during the period in question, according to the accounts, including providing technology and customer services. The £15m combined sum set aside by the two companies, both of which are registered to an address on London’s Cannon Street, includes interest that HMRC would have earned on the tax receipts, had they been paid, as well as charges for late payment. In their filings, the businesses said they believe HMRC’s findings have resul... [truncated, 2728 chars total - full text at data/raw/news/text/NEWS-guardian_api-5e6e2170ee1e.txt]",data/raw/news/text/NEWS-guardian_api-5e6e2170ee1e.txt
NEWS-guardian_api-614ece76442e,ESWS-2026-05,national,needs_second_review,include,E4-CLEAR,llm_v2,needs_second_review,E5-BORDERLINE-POLICY-RELEVANCE,llm_v2,not_applicable,E6-NOT-REFORM-FLAGGED,llm_v2,include,E8-EDITORIAL-CONFIRMED,llm_v2,,,,Ticket touts’ worst nightmare has finally come true in the UK,"Last May, in a dimly lit basement beneath London’s South Bank, the UK’s most prolific ticket touts gathered to discuss Labour’s plan to effectively put them out of business. One seasoned ticket “trader” pleaded with colleagues to help fund a war chest to lobby against the party’s election manifesto pledge to ban reselling tickets for profit. If the policy went ahead, he warned in undercover footage filmed by the Guardian, the risk was stark. “Bottom line is, we are all fucked.” Eighteen months later, the worst nightmare for touts – and the resale platforms through which they ply their trade – has come to pass. On Wednesday, the government confirmed reporting by the Guardian and the Financial Times that reselling tickets above face value will be outlawed. After more than a decade of campaigning by music industry groups, consumer champions and MPs, the jigsaw finally fell into place just a week after Radiohead led UK artists including Coldplay, Dua Lipa and Mogwai in urging Keir Starmer to act. The decision, according to the Business Department minister Kate Dearden, was a “no-brainer”, particularly given intense pressure over the cost of living. “We all know someone who’s been ripped off,” she told the Guardian. “You work hard all week and you look forward to your favourite gig. When you see up to six times the price [being charged] on the resale market, people can’t afford that.” Over the past decade, the Guardian has repeatedly investigated and exposed the tactics that led t... [truncated, 5264 chars total - full text at data/raw/news/text/NEWS-guardian_api-614ece76442e.txt]",data/raw/news/text/NEWS-guardian_api-614ece76442e.txt
NEWS-guardian_api-6171e2fbedfb,SCC-2013-05,local,needs_second_review,include,E4-CLEAR,llm_v2,needs_second_review,E5-BORDERLINE-PLACE-MENTION,human,not_applicable,E6-NOT-REFORM-FLAGGED,llm_v2,include,E8-EDITORIAL-CONFIRMED,llm_v2,,,,Education in brief: school objects to 'dictatorial' instruction to become an academy,"Hostile takeover Education Guardian has seen a transcript of a meeting for parents at a Croydon primary school in which attendees were given an insight into what critics see as the dictatorial nature of the process of forcing some institutions into academy status. The school is Roke primary, in prosperous Kenley, Surrey, which, as the Guardian revealed two weeks ago, is at the centre of a new row over Michael Gove's move to turn more schools into sponsored academies. The previously ""outstanding"" school was identified for closure and re-opening as an academy under the Harris chain following weak test results in 2011 and a single ""notice to improve"" verdict from Ofsted the following May. The governors' meeting for parents was told that the school's head, Caroline Phillips, and chair of governors, Malcolm Farquharson, were summoned to the Department for Education in September, where they were told of the academy plan. Following better test results last summer and what it sees as a concerted improvement effort, the school reportedly asked the DfE to wait until a follow-up monitoring visit from the inspectorate, expected later in the autumn, had taken place. The transcript records Farquharson as telling parents: ""At the meeting [with the DfE], we said, 'Don't you think you should wait until the Ofsted monitoring visit takes place?' And they said, 'No, we want to move now … and if you do not agree we will get the local authority to fire you, all of you, all the governors. If the lo... [truncated, 4213 chars total - full text at data/raw/news/text/NEWS-guardian_api-6171e2fbedfb.txt]",data/raw/news/text/NEWS-guardian_api-6171e2fbedfb.txt
NEWS-guardian_api-65320f2bfbba,SCC-2013-05,local,needs_second_review,include,E4-CLEAR,llm_v2,needs_second_review,E5-BORDERLINE-PLACE-MENTION,human,not_applicable,E6-NOT-REFORM-FLAGGED,llm_v2,include,E8-EDITORIAL-CONFIRMED,llm_v2,,,,Christmas travel under threat from heavy rain and floods,"The millions of people embarking on the great Christmas getaway this weekend will have to contend with the threat of more rain and flooding, which could bring further disruption and delays to the roads and railways. Friday is expected to be the busiest travelling day of the festive period, with airports, sea ports and the rail and road networks braced to cope with a vast army of travellers. The exodus from Heathrow will be at its greatest, with 123,000 passengers set to depart from the west London airport, which will handle a further 114,000 departures on Sunday and 88,000 on Christmas Eve. But there are delays of up to an hour on First Great Western trains between London Paddington and Reading and Heathrow because of a signalling problem, and Heathrow Express and Heathrow Connect services are suspended. The busiest roads this weekend are likely to be the M25, the M6 in the West Midlands, the M1 near Milton Keynes in Buckinghamshire, the M5 near Bristol and the M62 near Warrington in Cheshire. The Highways Agency said roadworks were still under way on the M4 between junctions 10 and 11 at Reading, on the M25 at junctions five and six near Godstone in Surrey and on the M5 between junctions 19 and 21 near Bristol. The AA, which predicts Friday and Saturday will be the busiest days for motorists, is warning drivers against using flooded roads, having attended more than 320 breakdowns on Thursday as vehicles got stuck in water. A number of rail services have been cancelled becaus... [truncated, 4967 chars total - full text at data/raw/news/text/NEWS-guardian_api-65320f2bfbba.txt]",data/raw/news/text/NEWS-guardian_api-65320f2bfbba.txt
NEWS-guardian_api-65dea37a563d,SCC-2021-05,local,needs_second_review,include,E4-CLEAR,llm_v2,needs_second_review,E5-BORDERLINE-PLACE-MENTION,human,not_applicable,E6-NOT-REFORM-FLAGGED,llm_v2,include,E8-EDITORIAL-CONFIRMED,llm_v2,,,,Millions more join tier 4 Covid restrictions in England from Boxing Day,"Millions more people in England are to be plunged into the toughest tier 4 restrictions from Boxing Day, it has been confirmed, as the government grapples to contain the “dangerous” spread of the new Covid variant. After ministers met on Wednesday morning to hammer out plans to combat the rising number of infections, the health secretary, Matt Hancock, announced that a series of locations in tier 2 – including Oxfordshire, most of Hampshire, West Sussex, the remainder of East Sussex not already in tier 4, as well as Brighton and Hove, Suffolk, Norfolk and Cambridgeshire – would be placed under the toughest curbs on Saturday. Parts of Essex not already in tier 4 and Waverley, in Surrey, will join them. The 6 million people living in the areas join nearly 18 million people in London, the south-east and east of England who have endured tier 4 “stay at home” restrictions – including the closure of non-essential shops and strict one-on-one meeting limits outside between households – since Sunday. “Just as we’ve got a tiered system in place that was able to control this virus, we’ve discovered a new more contagious virus, a variant that is spreading at a dangerous rate,” Hancock told a Downing Street press conference, as he unveiled the latest moves and acknowledged that tier 3 measures were not enough to control the variant. Separately, Hancock revealed that two cases of another new variant of Covid-19 linked to South Africa have been identified in the UK. The health secretary, wh... [truncated, 4544 chars total - full text at data/raw/news/text/NEWS-guardian_api-65dea37a563d.txt]",data/raw/news/text/NEWS-guardian_api-65dea37a563d.txt
NEWS-guardian_api-6623f4b5f853,SCC-2017-05,national,needs_second_review,include,E4-CLEAR,llm_v2,needs_second_review,E5-BORDERLINE-POLICY-RELEVANCE,llm_v2,not_applicable,E6-NOT-REFORM-FLAGGED,llm_v2,include,E8-EDITORIAL-CONFIRMED,llm_v2,,,,Business leaders urge government to tackle UK housing crisis,"Business leaders have urged the government to tackle the housing shortage by expanding the rental sector and creating incentives for older homeowners to vacate large properties. The CBI set out 10 recommendations to get more people into suitable housing ahead of the publication of a white paper by the Department for Communities and Local Government on tackling the housing crisis. Warning that the status quo is “clearly unsustainable”, the employers’ lobby group called for a “step change” in housebuilding, including the creation of more rental homes, if the government is to meet its ambition of a million new homes by 2020. “Home ownership will remain an aspiration for many, but is not the only answer. While there is great value in giving those who aspire to buy their own home the opportunity to do so, it is important that government is also encouraging a wide range of new housing tenures to be delivered that will be of benefit for all,” the CBI said. The UK population is to increase by 10 million in the next 25 years, leading to an even greater scramble for homes as the government fails to meet a target of 250,000 properties built a year. “Furthermore, the nation’s vote to leave the European Union could serve to reinforce the sense of urgency with which this significant challenge must be met,” the CBI said in its report. The Brexit vote “shone a light on the divisions within our society and left us facing an uncertain economic future” and provided an opportunity to “get Britai... [truncated, 3113 chars total - full text at data/raw/news/text/NEWS-guardian_api-6623f4b5f853.txt]",data/raw/news/text/NEWS-guardian_api-6623f4b5f853.txt
NEWS-guardian_api-667cd549aced,ESWS-2026-05,national,needs_second_review,include,E4-CLEAR,llm_v2,needs_second_review,E5-BORDERLINE-POLICY-RELEVANCE,llm_v2,not_applicable,E6-NOT-REFORM-FLAGGED,llm_v2,include,E8-EDITORIAL-CONFIRMED,llm_v2,,,,Met police using AI tools supplied by Palantir to flag officer misconduct,"Scotland Yard is using AI tools supplied by the US tech company Palantir to monitor staff behaviour in an attempt to root out failing officers, the Guardian has learned. The Metropolitan police has previously declined to confirm or deny whether it used technology supplied by the company, which also works for the Israeli military and Donald Trump’s ICE operation. It has now confirmed that it is using Palantir’s AI to analyse internal data about sickness levels, absences from duty and overtime patterns in an effort to identify potential shortcomings in professional standards. The Police Federation, which represents rank-and-file officers, criticised the approach as “automated suspicion”. It said: “Officers must not be subjected to opaque or untested tools that risk misinterpreting unsustainable workload pressures, sickness or overtime as indicators of wrongdoing.” With 46,000 officers and staff, the Met is the UK’s largest police force and has faced a wave of controversies, ranging from failures to properly vet officers – highlighted by Wayne Couzens’ murder of Sarah Everard – to the toleration of discriminatory and misogynistic behaviour. The force said: “There is evidence to suggest a correlation between significant levels of sickness, increased absences or unusually high overtime, and failings in standards, culture and behaviour.” By bringing together data from multiple existing internal databases, the aim of the time-limited pilot of Palantir’s technology was to “help us id... [truncated, 4144 chars total - full text at data/raw/news/text/NEWS-guardian_api-667cd549aced.txt]",data/raw/news/text/NEWS-guardian_api-667cd549aced.txt
NEWS-guardian_api-679bc49bffd5,SCC-2013-05,national,needs_second_review,include,E4-CLEAR,llm_v2,needs_second_review,E5-BORDERLINE-POLICY-RELEVANCE,llm_v2,not_applicable,E6-NOT-REFORM-FLAGGED,llm_v2,include,E8-EDITORIAL-CONFIRMED,llm_v2,,,,Letters: Bradley Wiggins' crash and a £30m insult to endangered cyclists,"The government's response to increased coverage of cyclist fatalities has been to set aside £30m for improving safety at road junctions across the UK (If Wiggins can get hit … Safety campaigners fear effect of Tour de France winner's crash, 9 November). This is far too little – it's even less than the amount the mayor of London has already cut from the capital's annual road safety budget. We can't stop death and injury on our roads unless local authorities and the government understand the social and economic value of road safety budgets. They not only prevent avoidable tragedies for many families but also reduce NHS and emergency service costs. London used to have an exceptional record of reducing road casualties. By 2010 there were 685 fewer children a year killed or seriously injured on London's roads than in the late 1990s. As the previous mayor's road safety ambassador for seven years, I'm sure that if we hadn't spent the money we did and made the changes we did, many of those 685 would not be walking around today. Last year we had a 23% increase in cycling casualties and a significant jump in the number of pedestrians killed or seriously injured. This trend has quickened as the road safety budget has been squeezed down to less than a quarter of what it was. Put simply, austerity kills. Jenny Jones AM Green party group leader, London Assembly • The RTAs of two high-profile cyclists will hopefully lend the lie to Chris Peck's talk of ""an overinflated fear of cycling"". Roa... [truncated, 3076 chars total - full text at data/raw/news/text/NEWS-guardian_api-679bc49bffd5.txt]",data/raw/news/text/NEWS-guardian_api-679bc49bffd5.txt
NEWS-guardian_api-67bc0deccadd,SCC-2013-05,national,needs_second_review,include,E4-CLEAR,llm_v2,needs_second_review,E5-BORDERLINE-POLICY-RELEVANCE,llm_v2,not_applicable,E6-NOT-REFORM-FLAGGED,llm_v2,include,E8-EDITORIAL-CONFIRMED,llm_v2,,,,Small businesses optimistic despite economic slowdown,"A survey of Guardian Small Business Network readers has revealed SMEs are faring well despite a backdrop of economic uncertainty. Although more than half of respondents feel unstable economic conditions are a continuing challenge small businesses are having to contend with, the majority have seen their company grow in the past 12 months. Only 16% of those polled say their business has declined over this period. While around a third of Small Business Network readers agreed another challenge SMEs face is an uncertain future, entrepreneurs still appear to be optimistic about the continued success of their companies. More than 90% say they expect to be running their business in five years. But when it comes to the impact certain external factors are having on small businesses, well, it's a less positive picture. Business owners and those who work for them feel government input into the SME sector is lacking. A mere 9% of respondents agreed that the government has a clear plan for UK enterprises, and that they are feeling the benefits of it. The Games also appear to have failed to have made an impact on many readers. Half of those polled disagreed with this statement: ""The Olympics and Paralympics were a fantastic opportunity for UK SMEs to raise profile and revenue"". Staying on the theme of the wider business environment, we also asked those who answered the survey if they agreed Britain pulling further out of the EU would be bad for UK SMEs - over half did (53%). But when it com... [truncated, 3192 chars total - full text at data/raw/news/text/NEWS-guardian_api-67bc0deccadd.txt]",data/raw/news/text/NEWS-guardian_api-67bc0deccadd.txt
NEWS-guardian_api-680fa2b39d34,SCC-2021-05,local,needs_second_review,include,E4-CLEAR,llm_v2,needs_second_review,E5-BORDERLINE-PLACE-MENTION,human,not_applicable,E6-NOT-REFORM-FLAGGED,llm_v2,include,E8-EDITORIAL-CONFIRMED,llm_v2,,,,'A huge loss': tributes to victims of the UK's Covid second wave,"The number of lives lost with Covid-19 recorded on the death certificate in the UK has passed 100,000, an incalculable loss to the families and loved ones left behind. As the second wave of the pandemic shows no sign of abating and the daily death toll continues to climb, we pay tribute to some of the stories, lives and memories of those we have lost, many well before their time. Share your tributes and memories of lives lost during the second wave Sean Amey, 52 Sean died in hospital on 24 January at the age of 52 after testing positive for Covid-19. He spent more than 20 years with Surrey police as a detention officer at Staines, after serving in the navy in the early part of his career. In a Facebook post, the force wrote: “Sean was a cornerstone of the custody team, a larger-than-life character who made an impact on everyone he met. With an innate ability to defuse the most stressful situations, Sean’s friendship and big heart will be hugely missed and fondly remembered by so many of us.” He is survived by his wife, Dawn, and sons Callum and Euan. Christine Marshall, 68 Christine died with her husband and son at her side on 29 January. She had spent 18 days on a ventilator in intensive care at Southmead hospital. Her son, Andy, described his mum as an “an incredibly proud, independent, loving mum, wife and granny” and a “strong-minded lady”. Andy, his husband, their two sons and both of his parents all came down with the virus shortly after the new year. He told ITV News W... [truncated, 42654 chars total - full text at data/raw/news/text/NEWS-guardian_api-680fa2b39d34.txt]",data/raw/news/text/NEWS-guardian_api-680fa2b39d34.txt
NEWS-guardian_api-6995fa5d72b9,SCC-2021-05,local,needs_second_review,include,E4-CLEAR,llm_v2,needs_second_review,E5-BORDERLINE-PLACE-MENTION,human,not_applicable,E6-NOT-REFORM-FLAGGED,llm_v2,include,E8-EDITORIAL-CONFIRMED,llm_v2,,,,Dame Cheryl Gillan obituary,"Although the Conservative politician Cheryl Gillan, who has died aged 68 after suffering from cancer, served as Welsh secretary from 2010 to 2012, her further prospects of cabinet office may have been reduced by her opposition to the government’s plans to build the HS2 high speed rail link through the Chiltern hills of her Buckinghamshire constituency. She told her constituents in the safely Conservative suburban seat of Chesham and Amersham that she would defy the party whip – “be very, very sure of that” – during the 2010 general election that brought the Conservatives to power in coalition with the Liberal Democrats. Although in cabinet she abided by the principle of collective responsibility, she remained an opponent of the line. She insisted she had secured changes to the route, including a longer section of tunnelling, though she had to fend off criticism for selling her constituency home close to the planned line in order to move to Epsom, in Surrey, on account of her husband’s mobility problems. The sale prompted unsuccessful calls from Labour for an inquiry into whether she had breached the ministerial code by profiting from a transaction that was affected by government policy. When Gillan became Welsh secretary in 2010, she was the first woman to do so, having shadowed the post for five years in opposition. However, after only two years she was sacked in the prime minister David Cameron’s first reshuffle, as he came under pressure to appoint an MP from a Welsh const... [truncated, 6200 chars total - full text at data/raw/news/text/NEWS-guardian_api-6995fa5d72b9.txt]",data/raw/news/text/NEWS-guardian_api-6995fa5d72b9.txt
NEWS-guardian_api-6b3296babc6b,ESWS-2026-05,national,needs_second_review,include,E4-CLEAR,llm_v2,needs_second_review,E5-BORDERLINE-POLICY-RELEVANCE,llm_v2,not_applicable,E6-NOT-REFORM-FLAGGED,llm_v2,include,E8-EDITORIAL-CONFIRMED,llm_v2,,,,One of Britain’s biggest housebuilders urges government to support first-time buyers,"The boss of one of Britain’s biggest housebuilders has urged the government to announce more support for first-time buyers to revive a property market that has cooled in the “very long shadow” of the looming budget. Jennie Daly, the chief executive of Taylor Wimpey, also warned against an “accumulation of regulation”, arguing that a “perverse outcome” of green measures could be that it becomes unviable to build new homes in poorer areas of the country. The expiry of a stamp duty holiday in March marked the first time in 60 years that there was no direct support scheme targeted at first-time buyers, Daly said. She called for a similar property tax break, or the reintroduction of a help-to-buy equity loan scheme to aid first-time buyers, but said she had “limited expectations” that this would happen in the 26 November budget. David Thomas, who runs the rival housebuilder Barratt Redrow, has also called for practical support, particularly for first-time buyers. The government’s previous help-to-buy programme, which offered a 20% loan for new-build homes, assisted mostly first-time buyers to purchase 387,195 properties in the decade to March 2023, when it ended in England and Scotland. However, it was criticised for boosting housebuilders’ profits and causing house prices to rise, particularly in London. Daly said an equity loan that allows first-time buyers to take out a loan-to-value mortgage of 75%-80%, with a lower interest rate, would “really start to move the first-time buy... [truncated, 4731 chars total - full text at data/raw/news/text/NEWS-guardian_api-6b3296babc6b.txt]",data/raw/news/text/NEWS-guardian_api-6b3296babc6b.txt
NEWS-guardian_api-6caf73d79275,ESWS-2026-05,national,needs_second_review,include,E4-CLEAR,llm_v2,needs_second_review,E5-BORDERLINE-POLICY-RELEVANCE,llm_v2,not_applicable,E6-NOT-REFORM-FLAGGED,llm_v2,include,E8-EDITORIAL-CONFIRMED,llm_v2,,,,What has happened since the UK supreme court’s gender ruling?,"In April, the supreme court ruled in a long-running case against the Scottish government brought by gender critical campaigners For Women Scotland (FWS). The landmark judgment said that, for the purposes of the Equality Act, the legal definition of a woman was based on biological sex. We look at what has happened since the ruling. How has the supreme court judgment changed access to services since April? The judgment has significant ramifications for who can now access women-only services and spaces, such as refuges or toilets, but most public bodies, businesses and other service providers are still waiting for an updated code of practice from the Equality and Human Rights Commission (EHRC), which will offer practical guidance on how to apply the ruling. A few companies, such as Barclays, moved quickly to bar transgender people from using toilets of their lived gender, as did Virgin Active, after a legal threat this summer. But most are in limbo, worried about the costs and practicalities of providing extra toilets. Those that want to remain trans inclusive highlight a “minefield” of competing legal rights and staff concerns about policing toilets. What’s happened in the seven months since the ruling? After celebrating the ruling as “a victory for women’s rights”, For Women Scotland and other gender critical groups have expressed growing frustration that businesses and public services are still waiting to apply the judgment. Indeed, FWS is now suing the Scottish government ag... [truncated, 6152 chars total - full text at data/raw/news/text/NEWS-guardian_api-6caf73d79275.txt]",data/raw/news/text/NEWS-guardian_api-6caf73d79275.txt
NEWS-guardian_api-6cd725ad9c59,SCC-2017-05,local,needs_second_review,include,E4-CLEAR,llm_v2,needs_second_review,E5-BORDERLINE-PLACE-MENTION,human,not_applicable,E6-NOT-REFORM-FLAGGED,llm_v2,include,E8-EDITORIAL-CONFIRMED,llm_v2,,,,Electoral challenges for Labour and the left | Letters,"I was disappointed to read the article “Farron hits out at ‘lame and toxic’ Corbyn” (20 January). Tim Farron needs to stop playing political games. Here in Surrey, where Tories dominate local government at every level, Labour, Liberal Democrats, Greens and other progressive-minded people have been working closely together in our local Compass group for over a year. We do not agree on every issue, but we have built up trust and, as the right consolidates its hold on power both locally and nationally, we are building an alternative and seeking a different way of doing politics: working collaboratively to try and build a more equal, fairer and more sustainable future, focusing on areas of agreement rather than party tribalism. We find it difficult to empathise with Farron, clinging on to his 18% majority in Westmorland and Lonsdale, commanding his mighty army of nine MPs from his ivory tower in the Westminster bubble. The true progressive forces in the land are seeking ways of working together with others on the left and centre-left, rather than relying on the hope of a small group of highly compromised Lib Dem MPs propping up another Tory-led government after the next election. Is this really what Tim Farron wants? Steve Williams Chair, South West Surrey Compass • The fundamental problem in Britain is that a large section of the public believes it is possible to go back to the 1950s and recreate the industrial and social conditions that existed before Asian economies developed ... [truncated, 4999 chars total - full text at data/raw/news/text/NEWS-guardian_api-6cd725ad9c59.txt]",data/raw/news/text/NEWS-guardian_api-6cd725ad9c59.txt
NEWS-guardian_api-6cf479919c3a,SCC-2013-05,national,needs_second_review,include,E4-CLEAR,llm_v2,include,E5-N2-POLICY-ISSUE,llm_v2,not_applicable,E6-NOT-REFORM-FLAGGED,llm_v2,needs_second_review,E8-UNCLEAR-FORMAT,llm_v2,,,,Society daily 31.01.13,"Sign up to Society daily email briefing Today's top SocietyGuardian stories • Hospitals face new army of inspectors in wake of Mid Staffs scandal • Report likely to prove devastating for NHS • Poorest face council tax increase • Health spending could double by 2061 • Downing Street: high benefits mean food banks should not be needed • Rent rises trap generation who will never afford their own home • Ministers 'blocking youth unemployment initiatives' • Liam Byrne: Labour councils are helping young people into work • Helen Russell: Why the Danish childcare model won't work in the UK All today's SocietyGuardian stories Jobs of the week • Head of regional fundraising, Macmillan Cancer Support: ""You will lead, manage and develop a strong, experienced regional fundraising team and will drive the recruitment and development of our volunteer network across Leicestershire, Rutland, Lincolnshire, Nottinghamshire, Yorkshire and the North East to ensure that agreed income targets are delivered effectively and efficiently and that awareness is raised of Macmillan's work throughout the region."" • Head of strategy and regeneration, Kensington and Chelsea council • Senior head of fundraising &amp; Scottish donor development – private sector fundraising, Princes Trust • Executive director of children's services, Brighton and Hove city council The Guardian's public and voluntary sector careers page Hundreds of public and voluntary sector jobs On the Guardian Professional Networks • A report s... [truncated, 6634 chars total - full text at data/raw/news/text/NEWS-guardian_api-6cf479919c3a.txt]",data/raw/news/text/NEWS-guardian_api-6cf479919c3a.txt
NEWS-guardian_api-7254d73d8514,SCC-2017-05,local,needs_second_review,include,E4-CLEAR,llm_v2,needs_second_review,E5-BORDERLINE-PLACE-MENTION,human,not_applicable,E6-NOT-REFORM-FLAGGED,llm_v2,include,E8-EDITORIAL-CONFIRMED,llm_v2,,,,Cyber crime school will train experts | Letters,"I read your story about online theft from Tesco Bank accounts (Report, 8 November) with huge interest because in Surrey we’re planning a new cyber school where the next generation of security experts will be trained to thwart computer criminals. Working with Royal Holloway, University of London and global information technology and business services company CGI, among others, the college will equip hundreds of students with the expertise to combat the escalating threats posed by data theft, malware, online scams and cyber attacks. Not only will it arm young people with the skills needed to play a part in making cyberspace safe for our growing digital economy, it will also ease immense pressure on school places in Surrey, which has left the council with a funding gap of tens of millions of pounds. Linda Kemeny Surrey county council’s cabinet member for schools, skills and educational achievement • Join the debate – email guardian.letters@theguardian.com • Read more Guardian letters – click here to visit gu.com/letters",data/raw/news/text/NEWS-guardian_api-7254d73d8514.txt
NEWS-guardian_api-72a718d43164,SCC-2021-05,national,needs_second_review,include,E4-CLEAR,llm_v2,needs_second_review,E5-BORDERLINE-POLICY-RELEVANCE,llm_v2,not_applicable,E6-NOT-REFORM-FLAGGED,llm_v2,include,E8-EDITORIAL-CONFIRMED,llm_v2,,,,Inside the outbreak: photographing England during Covid pandemic,"Early on during the pandemic I’d seen a short film from the Philippines and read an extended blog from northern Italy, both featuring photographers dressed in hazmat suits, toting cameras housed beneath protective covers. Embedded with paramedics as they dealt with seriously ill patients, my fellow photojournalists sensitively showed doctors in sweltering emergency hospital pop-up units or portrayed intimate moments as spouses and other terrified family members bid farewell to their loved ones as they were stretchered from their homes, some for the last time. Over the following weeks I was drawn to the frequent updates of the legendary photographer Peter Turnley’s remarkable black-and-white street portraits from New York (and later Paris, his adopted home). They showed exhausted medical staff outside trauma centres, lonely subway travellers, homeless wanderers and an assortment of essential workers and normal residents who were just about holding things together. The biggest city in the US rapidly became one of the centres of the outbreak and suffered a correspondingly large death toll. Turnley showed immense bravery to walk the streets each day and his empathic approach towards subjects rewarded him as he witnessed tender moments which he skilfully captured for history. 16 March: Piccadilly in Manchester as some companies allow staff to work from home and some shops close for a few days while the coronavirus spreads across the country “City centres were hollowing out as many... [truncated, 15030 chars total - full text at data/raw/news/text/NEWS-guardian_api-72a718d43164.txt]",data/raw/news/text/NEWS-guardian_api-72a718d43164.txt
NEWS-guardian_api-7517d6aa34de,SCC-2017-05,national,needs_second_review,include,E4-CLEAR,llm_v2,needs_second_review,E5-BORDERLINE-POLICY-RELEVANCE,llm_v2,not_applicable,E6-NOT-REFORM-FLAGGED,llm_v2,include,E8-EDITORIAL-CONFIRMED,llm_v2,,,,European cities hope to attract UK entrepreneurs after Brexit vote,"An industry known for being open and liberal, the technology sector certainly didn’t want to wake up to a smug and delighted Nigel Farage on the morning of 23 June. But like many others, the vote to leave the EU left some startups questioning where their future lies, particularly if they’re confronted with issues around employing foreign staff. While there’s clearly been no mass exodus, more than six months later some startups have made the tough decision to leave, while others are still pondering whether or not to start afresh in Europe. With so many tech hubs springing up across Europe, we take a look at the cities attracting British startups: Berlin There’s no question over which European city has been most vocal in wooing British tech startups. Weeks after the vote, Germany’s Free Democratic party kicked off a charm offensive by running an ad on the side of a white truck travelling around east London reading, “Dear startups, keep calm and move to Berlin”. This was followed in November by Berlin Partner, the capital’s marketing agency, running a pop-up lab in Soho highlighting what the city offers startups. But even hours after the referendum, Berlin Partner was inundated with inquiries from disillusioned startups. “The messages came mostly from startups telling of their plans to relocate to Berlin,” says Dr. Stefan Franzke, CEO Berlin Partner. “I guess that this was the result of the initial shock.” But for many it wasn’t just a fleeting thought. Berlin Partner says five ... [truncated, 7243 chars total - full text at data/raw/news/text/NEWS-guardian_api-7517d6aa34de.txt]",data/raw/news/text/NEWS-guardian_api-7517d6aa34de.txt
NEWS-guardian_api-75526a4c46f7,SCC-2013-05,national,needs_second_review,include,E4-CLEAR,llm_v2,needs_second_review,E5-BORDERLINE-POLICY-RELEVANCE,llm_v2,not_applicable,E6-NOT-REFORM-FLAGGED,llm_v2,include,E8-EDITORIAL-CONFIRMED,llm_v2,,,,Open door: The readers' editor on… appending notes to stories if errors may have been made,"When a serious allegation is made to the readers' editor about a published article, it is often not possible to come to a quick decision as to whether the complaint has merit or not. If there is sufficient prima facie evidence that the Guardian has made a serious mistake we may take the article down from the website pending further investigation. Sometimes we leave the article up but append a note such as this one, applied to a blog by Patrick Butler, the Guardian's social policy editor, which rested in part on the assumption that Andy Gale, a homelessness adviser, was employed by the Department for Communities and Local Government (DCLG): ""This article is subject to a complaint from the DCLG, which says that Andy Gale is not employed by the department and that it has no contractual arrangements with him."" This device seems fair to both complainant and reader if the evidence is not conclusive but a strong case has been made by a reputable individual, or body. The background to the story is that Butler suggested in the blog, posted on 13 November 2012, that ministers were ""having it both ways"" on the politically charged issue of whether homeless families should be moved to cheaper temporary accommodation outside London. Butler pointed out that while ministers publicly disapproved of families being housed far from their home boroughs, the government's ""own"" homeless adviser, Andy Gale, was suggesting at private briefings that councils might want to do exactly this, using new po... [truncated, 4821 chars total - full text at data/raw/news/text/NEWS-guardian_api-75526a4c46f7.txt]",data/raw/news/text/NEWS-guardian_api-75526a4c46f7.txt
NEWS-guardian_api-7bb35d0bb58e,SCC-2013-05,national,needs_second_review,include,E4-CLEAR,llm_v2,needs_second_review,E5-BORDERLINE-POLICY-RELEVANCE,llm_v2,not_applicable,E6-NOT-REFORM-FLAGGED,llm_v2,include,E8-EDITORIAL-CONFIRMED,llm_v2,,,,What to watch for in the election of local police and crime commissioners,"As ministers know only too well, it is often the least heralded policy changes that have the biggest impact – for good or ill. I suspect the election of the first police and crime commissioners, just a few days away and set to take place amid a wave of public apathy, will confirm the truth of this sentiment. Whether the public gathers an interest or not, PCCs will be elected across England and Wales. Their reward will be chunky taxpayer-funded salaries ranging from £60,000 to £100,000, together with major powers to shape policing in communities up and down the country. It is surprising that predictions for voter turnout are so low. Crime and policing comes high on the public agenda; Ipsos Mori data shows it features consistently in the top five of voter concerns at both local and national level. Yet a combination of the winter weather, a narrow choice of candidates and the lack of interest in yet another political post seems likely to keep voters away from the ballot box on 15 November. At least some PCCs can expect to be elected on a turnout lower than 20%, compared with 60% for Westminster elections and 35% for local councillors. So what are we likely to see from the new PCCs? Their style will be populist and they will be in a hurry to make their mark. Both could spark conflict with those who held their responsibilities before them. Like MPs and councillors, PCCs are expected to hold regular surgeries where residents will be able to raise any concerns or share local problem... [truncated, 3541 chars total - full text at data/raw/news/text/NEWS-guardian_api-7bb35d0bb58e.txt]",data/raw/news/text/NEWS-guardian_api-7bb35d0bb58e.txt
NEWS-guardian_api-7c62bfb230ca,SCC-2017-05,national,needs_second_review,include,E4-CLEAR,llm_v2,needs_second_review,E5-BORDERLINE-POLICY-RELEVANCE,llm_v2,not_applicable,E6-NOT-REFORM-FLAGGED,llm_v2,include,E8-EDITORIAL-CONFIRMED,llm_v2,,,,What Shadows review – Enoch’s touch of terror,"I was brought up with such a visceral hatred of Enoch Powell that I still find it difficult to think about him. Which is why Chris Hannan’s play, examining the context and content of his 1968 “rivers of blood” anti-immigration speech, could have been written for me. He has not, after all, gone away. Powell himself called it his Birmingham speech: the precise phrase “rivers of blood” does not appear in it. He delivered it down the road from Birmingham Rep; it has more than geographical urgency. Birmingham was split 50/50 on the Brexit vote. What Shadows is overstuffed with notions and characters. Still, better that than understuffed. Powell’s idea of England – “not so much a place as a grief” – is vividly evoked in Roxana Silbert’s production: in the sound of vanishing lapwings, in lines of AE Housman, and in Ti Green’s dapple-shaded woodland set. All this wistfulness – alongside all that harshness. This is the springboard for questions about what gives anyone a sense of identity. Is it really to do with place? What happens when we begin to lose our minds? A fascinating hinterland is opened, but the central question slips out of focus. A crowd of different witnesses circle around Powell. A white woman – mentioned in the speech – who said she was yelled at and spat at by black children in her street. Two Pakistani men trying to establish careers and families in England. A white Quaker friend of Powell’s who breaks with him after the speech. And, most crucially, the daughter of ... [truncated, 2614 chars total - full text at data/raw/news/text/NEWS-guardian_api-7c62bfb230ca.txt]",data/raw/news/text/NEWS-guardian_api-7c62bfb230ca.txt
NEWS-guardian_api-7d31f318b078,SCC-2013-05,national,needs_second_review,include,E4-CLEAR,llm_v2,include,E5-N2-POLICY-ISSUE,llm_v2,not_applicable,E6-NOT-REFORM-FLAGGED,llm_v2,needs_second_review,E8-UNCLEAR-FORMAT,llm_v2,,,,Society daily 18.01.13,"Sign up to Society daily email briefing Today's top SocietyGuardian stories • NHS blueprint to shake up emergency care provisions, says director • Rent arrears at highest level for a year • Atos comes under attack in emotional Commons debate • Benefits and child credits squeeze pushes 200,000 children into poverty • How to survive being 13 • Richard Seymour: Why police officers are paid more than their firefighting counterparts All today's SocietyGuardian stories Jobs of the week Corporate fundraiser, London's Air Ambulance: ""With a mix of account management and new business experience you will have the skills and resources to influence the future of our corporate fundraising strategy, drive income growth and develop tactical delivery solutions."" • Head of development - student support, University of Oxford • Chief officer access and care, Leeds City Council • Head of communications, Ministry of Justice The Guardian's public and voluntary sector careers page Hundreds of public and voluntary sector jobs On the Guardian Professional Networks • What does Labour's 'one nation' mean for housing? • Live discussion: social enterprise and financial services • Jeremy Olver of the Royal Naval Reserve Media Operations Specialisation describes the varied life of a naval press officer • Live discussion: how to become a company's favourite charity On my radar ... • Homelessness. As winter weather bites, emergency shelters are opening up around the country. Charity St Mungo's says its outre... [truncated, 6562 chars total - full text at data/raw/news/text/NEWS-guardian_api-7d31f318b078.txt]",data/raw/news/text/NEWS-guardian_api-7d31f318b078.txt
NEWS-guardian_api-7f02e239afca,SCC-2013-05,national,needs_second_review,include,E4-CLEAR,llm_v2,needs_second_review,E5-BORDERLINE-POLICY-RELEVANCE,llm_v2,not_applicable,E6-NOT-REFORM-FLAGGED,llm_v2,include,E8-EDITORIAL-CONFIRMED,llm_v2,,,,New Bank of England governor Mark Carney mulls end of inflation targets | Larry Elliott,"Mark Carney is a smart guy. Far too smart not to realise that anything he says carries more import now he has been named as the next governor of the Bank of England. Speaking in Toronto on Tuesday night, Carney mused on the need for central banks to be creative in the post-crisis world. Growth has been so slow that the Bank of Canada governor said that in certain circumstances policymakers might need to ditch inflation targets and embrace nominal GDP targets instead. This sounds esoteric but would actually represent a big change in the way monetary policy is conducted. In the UK, it would have forced Threadneedle Street to adopt a much more activist stance over the past couple of years. Here's why. In most years, the value of all the goods and services produced in an economy goes up. This is the increase in nominal gross domestic product. Part of that increase is due to the fact things cost more than they did last year, and this is stripped out by statisticians to find how much the economy has really grown. In the UK and in many other countries, the job of the central bank is to prevent prices from rising too quickly. The Bank of England is obliged by law to try to hit a 2% inflation target, although the annual increase in the cost of living has tended to be higher in recent years thanks to rising global commodity prices, higher VAT and the depreciation of the pound. The assumption is that if inflation is under control, the economy will expand at something like its long-term ... [truncated, 4041 chars total - full text at data/raw/news/text/NEWS-guardian_api-7f02e239afca.txt]",data/raw/news/text/NEWS-guardian_api-7f02e239afca.txt
NEWS-guardian_api-7f20109f8857,ESWS-2026-05,national,needs_second_review,include,E4-CLEAR,llm_v2,needs_second_review,E5-BORDERLINE-POLICY-RELEVANCE,llm_v2,not_applicable,E6-NOT-REFORM-FLAGGED,llm_v2,include,E8-EDITORIAL-CONFIRMED,llm_v2,,,,Bar Council calls for legal aid for all family court cases involving domestic abuse,"The Bar Council has called for all family court cases involving domestic abuse to be brought within the scope of legal aid for both parties, and for means testing to be scrapped for alleged victims and survivors of domestic abuse. In a new policy paper, the body, which represents all 18,000 barristers in England and Wales, has set out a package of recommendations to improve the ability of the family justice system. Currently, only 15% of families are eligible for legal aid, which, when coupled with difficulties in recruiting and retaining skilled family solicitors, has led to huge swathes of the country becoming “legal advice deserts”, the body warned. It has led to many people being forced to represent themselves as “litigants in person”, which the Bar Council has said swallows scarce time and resources, and can often also be a retraumatising process for victims and survivors. The Bar Council said the family courts system plays a vital role in tackling violence against women and girls (VAWG), and that investment in and reform of the family justice system can help the government meet its target of halving this in a decade. According to government data, in the year ending March 2024, more than 1.2 million women and more than 550,000 men between the ages of 16 and 59 are estimated to have been victims of domestic abuse. A report from the domestic abuse commissioner published in October found that domestic abuse features in almost 90% of cases before the family court. Other sugg... [truncated, 3427 chars total - full text at data/raw/news/text/NEWS-guardian_api-7f20109f8857.txt]",data/raw/news/text/NEWS-guardian_api-7f20109f8857.txt
NEWS-guardian_api-7f84d3cf4c8f,SCC-2017-05,national,needs_second_review,include,E4-CLEAR,llm_v2,needs_second_review,E5-BORDERLINE-POLICY-RELEVANCE,llm_v2,not_applicable,E6-NOT-REFORM-FLAGGED,llm_v2,include,E8-EDITORIAL-CONFIRMED,llm_v2,,,,The devil is in the detail of post-Brexit trade deals | Letters,"As many people suspected, and as is becoming more and more obvious, the UK, with its sweatshop economy, weak productivity and huge trade deficit, is going to find itself in very chilly waters after we leave the EU (‘Unsettled’ Brexit will hit UK growth, 17 January). If we succeed in making trade treaties they will mostly be on very unfavourable terms, as we will be on the weak side in most cases (especially with China, the US and the EU). It also becomes more and more obvious that in order to achieve even unfavourable terms we will have to submit to being dominated by big international companies, which will lead to the reintroduction of TTIP-style disputes procedures, a bonfire of labour and environmental protections and policies only acceptable to the hard right of the Conservative party. Brexit is wrong and dangerous: the only way forward is to reverse it. Jeremy Cushing Exeter • I read with distress your article (Brexit rush for US trade deal could force tough concessions, say critics, theguardian.com, 16 January). I found the comments of the UK’s ambassador to Washington staggering. For such a senior official to imply that farming is a low priority is worrying. Theresa May said on Tuesday that no trade deal is better than a bad trade deal. It is clear to me that a deal that fundamentally damages a country’s ability to feed an urbanised population through short, secure, local supply chains should be firmly categorised as a truly bad deal and one the government should avoid... [truncated, 9944 chars total - full text at data/raw/news/text/NEWS-guardian_api-7f84d3cf4c8f.txt]",data/raw/news/text/NEWS-guardian_api-7f84d3cf4c8f.txt
NEWS-guardian_api-832d1a6f0762,SCC-2017-05,local,needs_second_review,include,E4-CLEAR,llm_v2,needs_second_review,E5-BORDERLINE-PLACE-MENTION,human,not_applicable,E6-NOT-REFORM-FLAGGED,llm_v2,include,E8-EDITORIAL-CONFIRMED,llm_v2,,,,Spending cuts are hurting – no matter where we live | The big issue,"In your editorial on local spending (18 December) you suggest that “those who live in Salford [will] have a radically different level of service provision compared to those who live in Surrey”. While I understand the general reasoning behind this, I’m not sure that it will be true of this particular county. Residents are reeling from news of a whole range of cuts, including: • The closure of the most heavily used fire station in the area. • The ending of key bus services. • Much reduced support for the elderly. It is reliably estimated that to keep existing services going, the county would have raise its council tax by 18%. So the north-south divide is not total. Rev Andrew McLuskey Stanwell, Staines Surrey Your leader presented a highly inaccurate view of their impact [local spending cuts] on Hampshire and of the public sector spending picture nationally. It claimed that between 2009/10 and 2016/17, Hampshire has only had to cut spending by 5% (£47m). The government has cut Hampshire county council’s revenue support grant funding between these years by £159m (73.5%), together with a specific grant cut of a further £34m. Like many other south coast counties, we have a high percentage of elderly residents, so our adult social care pressures are particularly high. We were already a “low council tax, low grant” authority before the spending cuts began and, consequently, the impact of reductions on our overall position is relatively greater. The leader also gave the impression th... [truncated, 4100 chars total - full text at data/raw/news/text/NEWS-guardian_api-832d1a6f0762.txt]",data/raw/news/text/NEWS-guardian_api-832d1a6f0762.txt
NEWS-guardian_api-863a566ab822,ESWS-2026-05,local,needs_second_review,include,E4-CLEAR,llm_v2,needs_second_review,E5-BORDERLINE-PLACE-MENTION,human,not_applicable,E6-NOT-REFORM-FLAGGED,llm_v2,include,E8-EDITORIAL-CONFIRMED,llm_v2,,,,"Lessons not learned after Georgia Barter driven to suicide by abuse, says her mother","The family of a woman judged to have been unlawfully killed by her partner after she took her own life following years of domestic abuse has said “lessons have still not been learnt” after the government indicated it would not make changes to how officers use the police national database. An inquest earlier this year found that Georgia Barter, 32, experienced years of abuse at the hands of Thomas Bignell. The inquest, in Walthamstow, London, heard that even though Bignell was known to at least four police forces, officers were not always able to access information about previous reports or arrests on the police national database (PND) when they were called out to attend to incidents involving Barter. When he was arrested in relation to alleged assaults on her, the inquest heard that officers did not appear to have either the capacity or the authorisation to check the database. The hearing was told that the Metropolitan police and Essex police received multiple reports about Bignell’s alleged abuse of Barter, including a report from a member of the public who told Essex police that Bignell had threatened to kill her. Bignell was arrested in 2012 after Surrey police received reports that he had hit and kicked Barter at a hotel. He was not charged in relation to the alleged assault. Inquests have a different burden of proof to criminal courts, finding on the balance of probabilities, rather than the criminal threshold of beyond reasonable doubt. There is no criminal due process ... [truncated, 4031 chars total - full text at data/raw/news/text/NEWS-guardian_api-863a566ab822.txt]",data/raw/news/text/NEWS-guardian_api-863a566ab822.txt
NEWS-guardian_api-89b46dad0b22,SCC-2021-05,national,needs_second_review,include,E4-CLEAR,llm_v2,needs_second_review,E5-BORDERLINE-POLICY-RELEVANCE,llm_v2,not_applicable,E6-NOT-REFORM-FLAGGED,llm_v2,include,E8-EDITORIAL-CONFIRMED,llm_v2,,,,Help to buy is only helping to push up the price of our flat,"I reserved a plot at Nu Living’s 360 Barking development in London 10 months ago. It cost £400,000 for a 71 sq metre flat which is expensive for the area and I used the government’s help to buy scheme to fund it. I also used Nu’s recommended mortgage broker and solicitor. However, my mortgage lender valued the property at only £330,000. Under help-to-buy rules, the developer can’t charge more than the bank valuation. Nu rejected this and asked me to get a valuation from another lender, which cost me an extra £400. This also valued it at £330,000. Nu took two months to reject this and insist I pay for yet another valuation. I have spent around £2,000 with nothing to show for it. RC, London Help to buy grants loans of up to 20% (40% in London) of the property’s value interest-free for five years. It was designed to help buyers on to the property ladder, but the unintended result has been to subsidise a housing bubble and inflate prices. One in seven homes bought under the scheme loses value despite booming local property markets, an investigation by consumer organisation Which? found last year. When I challenged Nu about its rejection of two independent valuations, it told me obliquely that it has “never exchanged nor completed on properties using help-to-buy funding higher than the mortgage valuation”. Of course it hasn’t. The scheme won’t allow it. What it evidently has done is required you to shop around for a valuation that reflects its asking price, so it can exchange and ... [truncated, 2991 chars total - full text at data/raw/news/text/NEWS-guardian_api-89b46dad0b22.txt]",data/raw/news/text/NEWS-guardian_api-89b46dad0b22.txt
NEWS-guardian_api-89f399021166,SCC-2013-05,national,needs_second_review,include,E4-CLEAR,llm_v2,needs_second_review,E5-BORDERLINE-POLICY-RELEVANCE,llm_v2,not_applicable,E6-NOT-REFORM-FLAGGED,llm_v2,needs_second_review,E8-UNCLEAR-FORMAT,llm_v2,,,,Society daily 21.11.12,"Sign up to Society daily email briefing Today's top SocietyGuardian stories • Newcastle council forced to slash jobs and close libraries • Liver disease deaths on rise in England • Vince Cable to announce 'earn or learn' scheme for school leavers • Work capability assessment reform too slow, says independent review • Unhappiest people in Britain not always the most deprived, says report • Mandatory post-release rehab courses for short-sentence prisoners unveiled • 'Scrounger' stigma puts poor people off applying for essential benefits • Plan to extend private sector role in prison leaver support All today's SocietyGuardian stories In today's SocietyGuardian section • The NHS is failing to supply coeliac patients with gluten-free prescriptions • Police and crime commissioners lack enough guidance to do their jobs • Better retirement housing would be more effective than a 'bedroom tax' • Nazir Afzal: how the CPS plans to bring more child abusers to justice • West Somerset council's financial woes may mean change from the bottom up • Rochdale child abuse case: exploited girls faced 'absolute disrespect' Jobs of the week • Head of national cyber crime unit, national crime agency: ""The National Cyber Crime Unit will lead the UK's operational response to cyber crime, with a strong emphasis on delivering visible operational success against serious cyber criminals both in the UK and internationally, working both reactively and proactively to protect the public. It will support wider ... [truncated, 6459 chars total - full text at data/raw/news/text/NEWS-guardian_api-89f399021166.txt]",data/raw/news/text/NEWS-guardian_api-89f399021166.txt
NEWS-guardian_api-8bfc275e686c,SCC-2017-05,local,needs_second_review,include,E4-CLEAR,llm_v2,needs_second_review,E5-BORDERLINE-PLACE-MENTION,human,not_applicable,E6-NOT-REFORM-FLAGGED,llm_v2,include,E8-EDITORIAL-CONFIRMED,llm_v2,,,,Amber Lloyd obituary,"My grandmother Amber Lloyd, who has died aged 95, was a founder member of the National Childbirth Trust and the creator of the charity Relaxation for Living. Amber and her brother, Aubrey, were born and brought up in London, the children of Sylvia and Sunny Wallace Barr. Her father, a former accountant, had made his fortune manufacturing the aeroplane varnish known as dope. The family spent summers at Seaview in the Isle of Wight, where, aged 17, Amber met Desmond Lloyd. His family disapproved, so the two married in secret in 1941 when Desmond was on leave from the navy in the second world war. Amber survived a bombing that killed her parents, and a fire that burned down the Devon farm to which she decamped. In 1946, she and Desmond settled in Walton-on-Thames, Surrey, where they brought up their six children in an atmosphere of eccentricity and love. Amber reared budgies and tortoises – she was one of the first in the UK to breed the latter successfully – and housed a motley assortment of beloved dogs. She was a member of the East and West Friendship Council, an organisation founded to offer hospitality to “colonial and eastern students”, and often had overseas guests at a time when it was rare to see non-white faces in Surrey. In 1956 she answered an advertisement in the Times inviting like-minded women to form an organisation to promote the work of Grantly Dick-Read, a British obstetrician who disagreed with the increased medicalisation of birth. It was the beginning of wh... [truncated, 2524 chars total - full text at data/raw/news/text/NEWS-guardian_api-8bfc275e686c.txt]",data/raw/news/text/NEWS-guardian_api-8bfc275e686c.txt
NEWS-guardian_api-8c7d89dbee24,SCC-2017-05,national,needs_second_review,include,E4-CLEAR,llm_v2,needs_second_review,E5-BORDERLINE-POLICY-RELEVANCE,llm_v2,not_applicable,E6-NOT-REFORM-FLAGGED,llm_v2,include,E8-EDITORIAL-CONFIRMED,llm_v2,,,,Guardian Public Service Awards 2016 digital winner: Baby Buddy,"Baby Buddy, an app that has been downloaded 95,000 times since its launch in 2014, provides mothers-to-be with a personalised buddy – what chief executive Alison Baum calls a “digital best friend” – to guide them through pregnancy and the first six months of their baby’s life. Baum describes the free app, which she planned for six years before receiving funding, as an “enormous labour of love”. She set up her charity, Best Beginnings, with the aim of reducing inequality in child health and giving every child the best start. “There’s a gaping hole between policy and practice, between what could or should be happening and what is happening,” she says. “Information, knowledge and confidence are key missing links in the chain.” The app is designed to deliver essential information about pregnancy and childbirth to a wider demographic than those who typically attend antenatal classes, with the aim of improving physical and mental health outcomes among groups such as younger mothers and those from more deprived backgrounds. “It is a public health intervention in the guise of a fun and funky app,” says Baum. The beauty of an app compared with a DVD or website, she explains, is that it can be personalised. “The Baby Buddy talks to you by name, mentions your baby by name and, if you have a partner, it mentions your partner by name.” If the mother doesn’t have a partner, she sees different content. Each user creates an avatar for their buddy from lots of permutations of hair colour, ear... [truncated, 3118 chars total - full text at data/raw/news/text/NEWS-guardian_api-8c7d89dbee24.txt]",data/raw/news/text/NEWS-guardian_api-8c7d89dbee24.txt
NEWS-guardian_api-8d9b916ba9d6,SCC-2013-05,national,needs_second_review,include,E4-CLEAR,llm_v2,include,E5-N2-POLICY-ISSUE,llm_v2,not_applicable,E6-NOT-REFORM-FLAGGED,llm_v2,needs_second_review,E8-UNCLEAR-FORMAT,llm_v2,,,,Society daily 12.11.12,"Sign up to Society daily email briefing Today's top SocietyGuardian stories • Cutting housing benefit for under-25s 'is unworkable and irresponsible' • NHS shakeup tackles disparity between mental and physical health services • London council pension schemes are 'ticking timebomb', says report • Newsnight furore 'may dissuade abuse victims from speaking out' • David Mellor criticised for calling abuse victim Steve Messham 'a weirdo' • Gag on police in commissioner elections frustrates senior officers • Clegg announces flexible hours plans • Lloyds may inherit troubled care homes • New film prize to curb use of 'club drugs' • Mastectomy: a very personal procedure All today's SocietyGuardian stories The pick of the weekend's SocietyGuardian news and features • He cleaned Nick Clegg's office – and was punished for wanting a living wage • Battle to halt the decline of Britain's shabby public parks • 'Deserving' families to get council housing priority • Healthcare sell-off makes GPs millions All Sunday's SocietyGuardian news and features All Saturday's SocietyGuardian news and features Jobs of the week • Director, East Sussex Community Voice: ""This is a high-profile, board-level role in a newly created social enterprise. Leading the implementation of new Healthwatch policy frameworks, you'll ensure vital representation for users of local health and social care services."" • Director, strategy &amp; investments (maternity cover), Virgin Unite • Chief executive officer, BYHP • Head ... [truncated, 9923 chars total - full text at data/raw/news/text/NEWS-guardian_api-8d9b916ba9d6.txt]",data/raw/news/text/NEWS-guardian_api-8d9b916ba9d6.txt
NEWS-guardian_api-8e81508fea26,SCC-2013-05,national,needs_second_review,include,E4-CLEAR,llm_v2,needs_second_review,E5-BORDERLINE-POLICY-RELEVANCE,llm_v2,not_applicable,E6-NOT-REFORM-FLAGGED,llm_v2,include,E8-EDITORIAL-CONFIRMED,llm_v2,,,,Public Services Awards public leader of the year runners-ups,"Charlie Adan, chief executive, Babergh and Mid-Suffolk district councils Charlie Adan's strength is setting precedents for shared services in local government. In May 2011, Adan started as joint chief executive of two district councils, Babergh and Mid Suffolk, with a mandate to create a single, new and transformed staffing structure that could save £1.5m a year by 2014. It is Adan's second joint role, having been interim assistant chief executive of Herefordshire Public Services partnership, working on the pioneering integration of Herefordshire council and NHS Herefordshire. Adan's mantra has remained clear throughout: ""Change can be challenging, but change can also be rewarding and I hope I will be a catalyst for positive outcomes in the years ahead,"" she says. The future shape of local government in Suffolk now includes a single management team that shares an agreed set of common priorities and a single staffing structure. ""It is quite a courageous step for our members to have taken and the progress we have made to date is due partly to this leadership and partly to the commitment and flexibility of staff,"" she says. Adan was previously an interim city solicitor at Liverpool city council and assistant director of transition when Boris Johnson took office as mayor of London in 2008. Peter Hay, strategic director, adults and communities, Birmingham city council, and outgoing president, Association of Directors of Adult Social Services (Adass) For Peter Hay, effective leader... [truncated, 5752 chars total - full text at data/raw/news/text/NEWS-guardian_api-8e81508fea26.txt]",data/raw/news/text/NEWS-guardian_api-8e81508fea26.txt
NEWS-guardian_api-950398033385,SCC-2013-05,national,needs_second_review,include,E4-CLEAR,llm_v2,include,E5-N2-POLICY-ISSUE,llm_v2,not_applicable,E6-NOT-REFORM-FLAGGED,llm_v2,needs_second_review,E8-UNCLEAR-FORMAT,llm_v2,,,,Society daily 11.12.12,"Sign up to Society daily email briefing Today's top SocietyGuardian stories • First GP-led clinical commissioning groups approved • Lincoln prison 'unsafe and filthy' • Hackney social services condemned over failures after mother kills children • Orkney islands have highest rate of multiple sclerosis in the world – study • Plan to give ministers final approval of senior civil servants • Whooping cough alert for pregnant women • UK library stats: falls in numbers of facilities, visits and books issued • Amanda Feilding: Let us break the taboo on drugs: the time for reform is now All today's SocietyGuardian stories In tomorrow's SocietyGuardian section • An experimental government 'social impact bond' aims to help 800 rough sleepers through private investors. Amelia Gentleman reports • Let's hope local democracy benefits from what appears to be George Osborne's support of Heseltine's proposal to boost local funding powers, says Peter Hetherington • David Brindle interviews Pete Calveley, boss of Britain's largest private care home chain • A helpline that allows the public to report rough sleepers in London is being rolled out nationwide • Despite the negative headlines, progress is being made on drugs, and investment in treatment must be maintained, says Paul Hayes • Primary care trusts are passing on work in the form of paid upfront contracts that fail to give the NHS full value for money, writes Zara Aziz Jobs of the week • Executive director, Real Life Options: ""Involved in ... [truncated, 9403 chars total - full text at data/raw/news/text/NEWS-guardian_api-950398033385.txt]",data/raw/news/text/NEWS-guardian_api-950398033385.txt
NEWS-guardian_api-96ae8ea70912,ESWS-2026-05,local,needs_second_review,include,E4-CLEAR,llm_v2,needs_second_review,E5-BORDERLINE-PLACE-MENTION,human,not_applicable,E6-NOT-REFORM-FLAGGED,llm_v2,include,E8-EDITORIAL-CONFIRMED,llm_v2,,,,Who will lose out when Labour cuts red tape? | Brief letters,"Keir Starmer wants to sweep away “unnecessary” regulation to promote growth, but fails to say how the government will decide what regulation is necessary (There are those on the left and right who offer only grievance: Labour is getting on with the job of economic renewal, 30 November). He is adopting the market viewpoint rather than that of the public. The cognitive linguist George Lakoff argues that regulations should be reframed as protections rather than burdens. The key question then becomes: “Who is being protected and from what?” Sally Bean Weybridge, Surrey • More than 62% of the members voted against calling the new party Your Party, and yet that is its name (Your Party members vote to make name permanent at charged first conference, 30 November). It reminds me of the general election, where more than 60% of voters voted for a party other than the one that won a massive majority. Funny old democracy. Deirdre Burrell Mortimer, Berkshire • “Pork is the ‘new beef’” you report (Chop and change: pork is ‘new beef’ for money-saving Britons, report finds, 3 December), without mentioning the real reason why pork trumps beef – crackling. A rack of slow-roasted pork loin is difficult to beat. Robert Howard Beeston, Nottinghamshire • Inaptly named places (Letters, 2 December)? Here in Norfolk there is a Nowhere Lane, which is a bit of a contradiction as it obviously is somewhere. Tony Meacock Norwich • On the outskirts of a nearby village was an abattoir whose address began “Ki... [truncated, 1747 chars total - full text at data/raw/news/text/NEWS-guardian_api-96ae8ea70912.txt]",data/raw/news/text/NEWS-guardian_api-96ae8ea70912.txt
NEWS-guardian_api-99abd7c6f036,SCC-2013-05,local,needs_second_review,include,E4-CLEAR,llm_v2,needs_second_review,E5-BORDERLINE-PLACE-MENTION,human,not_applicable,E6-NOT-REFORM-FLAGGED,llm_v2,include,E8-EDITORIAL-CONFIRMED,llm_v2,,,,Letters: Tory connections,"Robert Walter MP, leader of the UK delegation in the Council of Europe (Letters, December 11) refers to a recent report (Tory blushes deepen over activities of Conservative Friends of Russia, 1 December) as apparently saying that both Sergey Nalobin, a Russian diplomat in London, and I were instructed to build on the existing partnership between the Conservatives and Putin's United Russia party in the Council of Europe. Thankfully, the Russian government is in no position to instruct me because I am a Conservative activist, not a Russian diplomat. Neither am I a Russian citizen. In fact, I raised my concerns about Moscow's plans within the Conservative party, as your excellent article makes clear. Perhaps it's because of such failure to pay attention to detail and to distinguish between friend and foe that Conservatives still vote in the Council of Europe together with United Russia, a party at the centre of vote-rigging allegations in its own country. Sergei Cristo Royal Earlswood Park, Surrey",data/raw/news/text/NEWS-guardian_api-99abd7c6f036.txt
NEWS-guardian_api-99f14c3535fe,SCC-2021-05,local,needs_second_review,include,E4-CLEAR,llm_v2,needs_second_review,E5-BORDERLINE-PLACE-MENTION,human,not_applicable,E6-NOT-REFORM-FLAGGED,llm_v2,include,E8-EDITORIAL-CONFIRMED,llm_v2,,,,Large parts of south and east England move to Covid tier 3 as Bristol rules eased,"More than two-thirds of England faces winter under the toughest level of coronavirus restrictions after large sections of the south and east were put into tier 3, prompting anguish from local leaders. Mayors and MPs from the north expressed disappointment after none of their regions were moved down, with some complaining they were being unfairly treated. However, some public health chiefs took a different view, with one expressing dismay that Herefordshire had been shifted to the least stringent measures. Asked if she was pleased about the move to tier 1, Rebecca Howell-Jones, acting director of public health in Herefordshire, said: “From a public health perspective, I would have to say no, we are disappointed by this news.” Much of a recent decrease in infection rates was seemingly due to England’s four-week lockdown rather than the subsequent restrictions, she said, telling the BBC: “I would rather we weren’t yo-yoing out of different tiers and the likely impact of increased infections occurring over the Christmas period is a concern.” With weekly Public Health England data showing coronavirus case rates rising in all but one region of England, Matt Hancock told MPs that only a handful of areas were being moved down a tier. Instead, the health secretary said, another 3.7m people in parts of southern and eastern England were moved up to tier 3, covering Bedfordshire, Buckinghamshire, Berkshire, Peterborough, the whole of Hertfordshire, Surrey with the exception of Waverley, ... [truncated, 4362 chars total - full text at data/raw/news/text/NEWS-guardian_api-99f14c3535fe.txt]",data/raw/news/text/NEWS-guardian_api-99f14c3535fe.txt
NEWS-guardian_api-9dc1c1cce160,SCC-2013-05,national,needs_second_review,include,E4-CLEAR,llm_v2,needs_second_review,E5-BORDERLINE-POLICY-RELEVANCE,llm_v2,not_applicable,E6-NOT-REFORM-FLAGGED,llm_v2,include,E8-EDITORIAL-CONFIRMED,llm_v2,,,,Why the government shouldn't meddle with A-levels,"As a school student, I wasn't exactly the model pupil. While my friends occasionally got into trouble, for me it was a daily occurrence. I had a fair few temporary exclusions on my record and a file that was once described as ""bigger than the average student's"". Looking back, I can see why I played up – I was bored and frustrated with school work. I found most of the subjects I was studying at GCSE uninspiring, with English being the only exception. The more disengaged I became, the more my behaviour disintegrated. Luckily, my GCSEs results turned out okay and I was able to stay on at sixth form. And, after a few months studying English language, sociology and media studies at A-level, I began to realise that I did enjoy learning. As my marks steadily increased, my confidence went up. Eventually I decided to apply to university. But for those starting sixth form in the future, things may be very different. It was proposed last month that A-levels be replaced with a baccalaureate-style qualification. As part of this shake-up, students will be forced to take courses from contrasting disciplines – so an arts subject such as English literature would have to be studied alongside a Stem subject (science, technology, engineering and mathematics). There are also plans to phase out modules, replacing them with final exams that students will sit at the very end of the course. On paper, this sounds like a good idea. It could create more versatile school-leavers, something which both uni... [truncated, 2946 chars total - full text at data/raw/news/text/NEWS-guardian_api-9dc1c1cce160.txt]",data/raw/news/text/NEWS-guardian_api-9dc1c1cce160.txt
NEWS-guardian_api-9fd91a3be385,SCC-2017-05,local,needs_second_review,include,E4-CLEAR,llm_v2,needs_second_review,E5-BORDERLINE-PLACE-MENTION,human,not_applicable,E6-NOT-REFORM-FLAGGED,llm_v2,include,E8-EDITORIAL-CONFIRMED,llm_v2,,,,"Local government, fire and police chiefs honoured in 2017 New Year honours list","Senior officials and politicians in local government, as well as those in the fire and police services, receive honours in the 2017 New Year honours list. There is a CBE for Dr Jane Martin, who has been the local government ombudsman since 2010 and chair of the Commission for Local Administration in England since 2012. CBEs also go to Kim Bromley-Derry, who has been the chief executive of the London borough of Newham since November 2010; to Clare Chamberlain, the director of family services for the triboroughs Hammersmith and Fulham, Kensington and Chelsea, and Westminster; and to Chamberlain’s former colleague, Andrew Christie, who was executive director of children’s services for the triboroughs for five years before being appointed as commissioner for children’s social care in Birmingham. Rotherham’s former children’s social care commissioner, Malcolm Newsam, brought in by the government to oversee children’s services in the town following the damning Jay report, receives a CBE, as does Nigel Richardson, former director of children’s services at Leeds city council, who retired in August after seven years in the post. There is also a CBE for Paul Rowsell, the deputy director for democracy in the Department for Communities and Local Government. Local politicians feature in the honours list, including the Conservative leader of Wandsworth council, Ravi Govindia, who gets a CBE, as does David Hodge, the Conservative leader of Surrey county council and vice-chair of the Local G... [truncated, 6306 chars total - full text at data/raw/news/text/NEWS-guardian_api-9fd91a3be385.txt]",data/raw/news/text/NEWS-guardian_api-9fd91a3be385.txt
NEWS-guardian_api-a1c03d5a5392,SCC-2013-05,national,needs_second_review,include,E4-CLEAR,llm_v2,needs_second_review,E5-BORDERLINE-POLICY-RELEVANCE,llm_v2,not_applicable,E6-NOT-REFORM-FLAGGED,llm_v2,include,E8-EDITORIAL-CONFIRMED,llm_v2,,,,Census data released – Tuesday 11 December,"This could be the last census ever, so, to end the day, here are our top ten charts of top tens to come out of the census this release. To recap, here are the key points from today's release of data from the 2011 census for England and Wales: Population • Population of England and Wales was 56.1m in 2011. • Population up 7% since 2001. Population grew in all regions. • 23.4 million households; 2.4 residents per household. Religion • Christians down 13 percentage points to 59%. • Respondents with no religion up 10 points to 25%. • Muslim population up from 3% to 5%. Ethnicity • White ethnic group down five points to 86%. • Whites in London 59.8%. • 80% in England and Wales are white British, down seven points. • In London white British figure is 45%, down from 58% in 2001. • Other ethnic groups in England and Wales: Asian (Pakistani, Indian, Bangladeshi, other) 6.8% (2001: 4.4%), black 3.4% (2001: 2.2%), Chinese 0.7% (2001: 0.4%), Arab 0.4% (2001: not listed), other 0.6% (2001: 0.4%). • 2.2% in England and Wales are mixed race (up from 1.27% in 2001). • 12% of households had partners or household members of different ethnic groups, three points up from 2001. Nationality • 37% of Londoners born in foreign country. • Figure is 5% for north-east. • 13% in England and Wales born outside UK. • Just over half of these arrived in last 10 years. • India, Poland and Pakistan are top three countries foreign-born people in England and Wales come from. • 7.4% of people in England and Wale... [truncated, 35418 chars total - full text at data/raw/news/text/NEWS-guardian_api-a1c03d5a5392.txt]",data/raw/news/text/NEWS-guardian_api-a1c03d5a5392.txt
NEWS-guardian_api-a20ccef5e977,ESWS-2026-05,local,needs_second_review,include,E4-CLEAR,llm_v2,needs_second_review,E5-BORDERLINE-PLACE-MENTION,human,not_applicable,E6-NOT-REFORM-FLAGGED,llm_v2,include,E8-EDITORIAL-CONFIRMED,llm_v2,,,,John Lucas obituary,"My friend, the writer and publisher John Lucas, who has died aged 88, was the author of more than 50 books, not only in his own academic field with studies of writers as diverse as Charles Dickens, George Crabbe, John Clare and William Blake, but also poetry, novels and memoirs. His poetry collection Studying Grosz on the Bus won the Aldeburgh festival poetry prize in 1989, and John also wrote works of social history such as Closing Time at the Royal Oak (2021), the wonderfully idiosyncratic A Brief History of Whistling, with Allan Chatburn (2015), and The Trent Bridge Battery, a history of the Nottinghamshire Gunn dynasty, cricketers and bat manufacturers (1985, with Basil Haynes). His abiding legacy, however, is Shoestring Press, which he founded in 1994 and which aimed to publish “established but unfashionable” poets, in particular working-class and regional writers, and those whose work was little known in the UK. In recent years the remit was expanded to include plays – including five of mine – memoirs and essays. The output was tremendous for a one-man operation – John published more than 400 titles characterised by exceptional presentation and the highest editorial standards – somewhat surprisingly, as he refused to computerise and writers received his notes in barely decipherable longhand. Born in Exeter, he was the son of Leonard, an insurance inspector, and Phyllis (nee Kelly), an office worker. The family moved to Ashford, in Surrey, when John was 10, and he attend... [truncated, 3252 chars total - full text at data/raw/news/text/NEWS-guardian_api-a20ccef5e977.txt]",data/raw/news/text/NEWS-guardian_api-a20ccef5e977.txt
NEWS-guardian_api-a3b188b452cb,SCC-2017-05,local,needs_second_review,include,E4-CLEAR,llm_v2,needs_second_review,E5-BORDERLINE-PLACE-MENTION,human,not_applicable,E6-NOT-REFORM-FLAGGED,llm_v2,include,E8-EDITORIAL-CONFIRMED,llm_v2,,,,Court battle looms over priests’ right to pick pupils for Catholic schools,"The Catholic church is taking the government’s schools admissions watchdog to the high court to protect the rights of priests to determine whether pupils are eligible for a place on the basis of their faith. The schools adjudicator ruled earlier this month that a new policy across all Catholic schools under which priests certified on a pupil-by-pupil basis whether they were from a “practising [Catholic] family” was unfair. The ruling followed a complaint from a parent hoping to secure a place at the St Richard Reynolds Catholic college, in Twickenham, west London. The parent, and Surrey county council, complained that “the arrangements do not define what form or frequency of religious practice is required for a priest to do this. This academic year, the Catholic Education Service, which decides policy for the 2,300 Catholic schools in England and Wales, introduced a certificate of Catholic practice (CCP) to ensure all its schools followed the same admissions policy. The previous ad hoc arrangements had been found to be open to inconsistent application and abuse, with parents without any genuine faith seeking to game the system to secure a school place. Under the current law, faith schools can select on the basis of religious faith when they are oversubscribed. The government is proposing to lift a cap of 50% on the proportion of pupils selected by faith in free schools and academies. Voluntary-aided faith schools can select up to 100% of pupils on the basis of faith. Catholic... [truncated, 4773 chars total - full text at data/raw/news/text/NEWS-guardian_api-a3b188b452cb.txt]",data/raw/news/text/NEWS-guardian_api-a3b188b452cb.txt
NEWS-guardian_api-a5727ef98868,SCC-2013-05,national,needs_second_review,include,E4-CLEAR,llm_v2,include,E5-N2-POLICY-ISSUE,llm_v2,not_applicable,E6-NOT-REFORM-FLAGGED,llm_v2,needs_second_review,E8-UNCLEAR-FORMAT,llm_v2,,,,Society daily 03.12.12,"Sign up to Society daily email briefing Today's top SocietyGuardian stories • Jeremy Hunt: poor NHS care could lead to 'another Mid Staffs' • NHS budget freeze could lead to two-tier health service, says thinktank • Commission to examine effect of legal aid cuts as demand for service surges • Autumn statement: rich will bear fair share in cutting deficit, says Osborne • 2,000 under-12s arrested last year, says charity • Amnesty International staff battle management over restructuring • Certified causes of death inaccurate in fifth of cases, study suggests • Hideously diverse Britain: 10 years of civil partnerships • Max Daly: Mephedrone: the rise of heroin's cheap rival • Larry Elliott: Why more jobs may be bad news for British workers All today's SocietyGuardian stories The pick of the weekend's SocietyGuardian news and features • Emma Harrison nets £1.375m for her role in struggling jobseeker business • Funeral poverty campaigners urge ministers to boost cash help • Care homes watchdog could monitor firms' financial health • What's it like to grow up with a disabled sibling? All Sunday's SocietyGuardian news and features All Saturday's SocietyGuardian news and features Jobs of the week • Director, people, Southampton city council: ""We are creating a new directorate by bringing together our Children's and Adults' social services along with Housing, Public Health and Wellbeing. This is a key part of our ambitious plans to ensure that we are well-placed to develop sustainable ... [truncated, 12990 chars total - full text at data/raw/news/text/NEWS-guardian_api-a5727ef98868.txt]",data/raw/news/text/NEWS-guardian_api-a5727ef98868.txt
NEWS-guardian_api-a63e0d8e1a07,SCC-2013-05,national,needs_second_review,include,E4-CLEAR,llm_v2,needs_second_review,E5-BORDERLINE-POLICY-RELEVANCE,llm_v2,not_applicable,E6-NOT-REFORM-FLAGGED,llm_v2,include,E8-EDITORIAL-CONFIRMED,llm_v2,,,,Could the UK be the next Japan? There's no reason why not,"For all their differences, Japan and Britain are quite alike. Both have experienced severe financial downturns that left their banks severely impaired. Both have had double dip recessions. Both are operating at levels of national output 3% below their recent peak. Japan's recent performance has been wretched. The growth figures for the third quarter showed gross domestic product falling by 0.9%, largely as a result of weak demand for its exports. Again mirroring Britain, consumer spending and investment struggled, and without higher post-tsunami reconstruction investment from the government the drop in GDP would have been still greater. Japan's problems go deeper than the territorial spat with China, which only flared up in late September and had little impact on the third quarter growth figures. The country's export-dependent model has been suffering from an overvalued currency and a marked slowdown in global trade, and ministers have been urging the Bank of Japan (BoJ) to provide more monetary stimulus. But, as in the UK, banks that sell bonds to the BoJ tend to sit on the cash. A more aggressive strategy – buying foreign bonds to drive down the value of the yen – does not appear under consideration. Meanwhile, the dire state of Japan's public finances – it has the highest net debt to GDP ratio in the G7 – makes expansionary fiscal policy difficult. Could Britain become the next Japan? No reason why not. The concern in London should be that the difference between the two co... [truncated, 1555 chars total - full text at data/raw/news/text/NEWS-guardian_api-a63e0d8e1a07.txt]",data/raw/news/text/NEWS-guardian_api-a63e0d8e1a07.txt
NEWS-guardian_api-a7919c7b35aa,ESWS-2026-05,national,needs_second_review,include,E4-CLEAR,llm_v2,needs_second_review,E5-BORDERLINE-POLICY-RELEVANCE,llm_v2,not_applicable,E6-NOT-REFORM-FLAGGED,llm_v2,include,E8-EDITORIAL-CONFIRMED,llm_v2,,,,‘I’ve had death threats’: Jewish councillor faces backlash over plan for Salford’s bin problem,"On the surface, Broughton Park, in Salford, Greater Manchester, is a typical slice of British suburbia. Leafy streets wind off a hill, lined with period properties, in an area where house prices have risen fast in recent years as families move there from across the UK, and abroad, attracted by the local way of life. This neighbourhood is home to one of the fastest growing – and one of the largest – Orthodox Jewish and Haredi Orthodox communities in Europe, which makes some of its needs unique. It isn’t unusual for couples to have 10 children here, or for grandparents to live in the same household. Eating out here is rarer, as strict kosher rules mean families have fewer options, and what’s eaten at home is often imported. This means more nappies, more plastics and more demand for bins in a city where domestic waste – excluding food, garden waste and paper recycling – is typically collected only once every three weeks. But when a local councillor proposed a radical solution to the area’s bin problems, it sparked death threats, a backlash from rabbis across the country and antisemitic rumours of “a Jewish council taking over”. Earlier this year, Andrew Walters, the rapporteur for waste in Salford, proposed a breakaway town council for Broughton Park that he hoped would give local people more control over bins and public spending. On 19 November, councillors in Salford – a city of nearly 300,000 people – are expected to vote on the “Town of Broughton Park” plan, nicknamed BrePxi... [truncated, 5264 chars total - full text at data/raw/news/text/NEWS-guardian_api-a7919c7b35aa.txt]",data/raw/news/text/NEWS-guardian_api-a7919c7b35aa.txt
NEWS-guardian_api-a876f0e9998e,SCC-2021-05,local,needs_second_review,include,E4-CLEAR,llm_v2,needs_second_review,E5-BORDERLINE-PLACE-MENTION,human,not_applicable,E6-NOT-REFORM-FLAGGED,llm_v2,include,E8-EDITORIAL-CONFIRMED,llm_v2,,,,South African variant of Covid found in eight areas of England,"The South African variant of coronavirus has been discovered in eight different areas of England where people had no clear travel links to South Africa, sparking a “a two-week sprint to test everyone” in the affected postcodes, the Guardian has learned. Door-to-door testing is being launched after cases of the mutation were found in Hertfordshire, Surrey, Kent, Walsall, Sefton and in the London boroughs of Merton, Haringey and Ealing. In an effort to stop the variant spreading further, tests will start on Thursday in parts of Hertfordshire, where one case of the mutation was discovered, and in Surrey, where two people tested positive despite having no apparent links to other cases. A briefing on the response, seen by the Guardian, states that Matt Hancock, the health secretary, “has ordered an attempt at eradication of the new variant if at all possible”. Contact-tracing resources will be focused on areas where the testing is carried out. It states that all adults in affected postcode areas within those boroughs will be urged to get a PCR swab test and public health officials will start going door-to-door this week. The eight postcode areas are W7, N17 and CR4 in London, WS2 in Walsall, ME15 in Kent, EN10 in Hertfordshire, GU21 in Surrey and PR9 in Lancashire. It means public health officials will seek to test 80,000 adults either door-to-door or through additional mobile testing units that Public Health England said will be deployed. Positive tests will be sequenced for thei... [truncated, 5053 chars total - full text at data/raw/news/text/NEWS-guardian_api-a876f0e9998e.txt]",data/raw/news/text/NEWS-guardian_api-a876f0e9998e.txt
NEWS-guardian_api-aa3d323f987d,ESWS-2026-05,local,needs_second_review,include,E4-CLEAR,llm_v2,needs_second_review,E5-BORDERLINE-PLACE-MENTION,human,include,E6-PARTY-CONFIRMED,llm_v2,include,E8-EDITORIAL-CONFIRMED,llm_v2,,,,"‘Risky’ Tories, ‘drama queen’ Jenrick and Farage’s Trump problem: voters’ verdict on the battle for the right","Boris Johnson’s election victory in 2019 was so sweeping you could walk from Land’s End to Hadrian’s Wall without ever leaving a Tory constituency. You could also have walked between two constituencies where More in Common ran focus groups with 2019 Conservative voters this week – Warrington South and Godalming and Ash. These are two seats that tell the story of the breadth and collapse of the Conservatives’ 2019 coalition. Warrington South, a north-west marginal that has flipped between Labour and the Conservatives, sits just outside the “red wall”. It voted leave in 2016, backed Johnson in 2019 and swung to Labour in 2024. Today, More in Common’s MRP (multi-level regression and post-stratification) modelling suggests it would be won comfortably by Reform UK. Godalming and Ash, by contrast, is deep in the “blue wall”. An affluent commuter seat in Surrey, it voted remain, and in a rare bright spot for the Conservatives in 2024, Jeremy Hunt managed to fend off the Liberal Democrats to hold the seat. These very different seats are now central to the “battle for the right” that exploded back on to the political scene this week with Robert Jenrick’s defection/dismissal. How did voters in these seats react to the latest skirmish? It is fair to say that even 14 months into her leadership, views of Kemi Badenoch remain fuzzy. But when played a clip of the video Badenoch filmed announcing her dismissal of Jenrick, the groups were unusually approving. Sarah, an admin officer from Goda... [truncated, 6760 chars total - full text at data/raw/news/text/NEWS-guardian_api-aa3d323f987d.txt]",data/raw/news/text/NEWS-guardian_api-aa3d323f987d.txt
NEWS-guardian_api-ac8ef4922070,SCC-2013-05,national,needs_second_review,include,E4-CLEAR,llm_v2,needs_second_review,E5-BORDERLINE-POLICY-RELEVANCE,llm_v2,not_applicable,E6-NOT-REFORM-FLAGGED,llm_v2,include,E8-EDITORIAL-CONFIRMED,llm_v2,,,,"Looking back, looking forward: steady progress for social enterprise","A retrospective on the year just gone for social enterprise sector would probably read like one of my school reports from the 1980s: ""Solid, but not spectacular progress. Shows promise but performance is variable. Flatters to deceive at times. May achieve greatly – but could also fall by the wayside."" You get the idea. So, looking back on 2012, what are the highlights and lowlights – and what will the next 12 months hold? Positives of 2012 Starting with the positives, there is an increasing recognition in both the private sector and in government that we are no longer talking about two economic models – public versus private. The uncertainty in following the collapse of Southern Cross in 2011 plus the G4S Olympic debacle showed the limitations of profit-only businesses in public services. Interestingly, private corporations like Serco are keener now than ever to combine with social enterprises to deliver public services. They know it's the only thing that works. In the austerity-driven public sector, it is becoming more apparent that the best way to save valued public services is to involve, at industrial scale, a far greater diversity of providers, including social enterprises. Failures such as the bankruptcy of parts of NHS Trust and the desperate lack of affordable, state-led solutions to challenges such as dementia have indirectly helped to strengthen the case for new social ventures like Dementia Adventure CIC. All of this is being given a boost by a riptide of new finan... [truncated, 3323 chars total - full text at data/raw/news/text/NEWS-guardian_api-ac8ef4922070.txt]",data/raw/news/text/NEWS-guardian_api-ac8ef4922070.txt
NEWS-guardian_api-ae039df8df25,SCC-2013-05,national,needs_second_review,include,E4-CLEAR,llm_v2,needs_second_review,E5-BORDERLINE-POLICY-RELEVANCE,llm_v2,not_applicable,E6-NOT-REFORM-FLAGGED,llm_v2,include,E8-EDITORIAL-CONFIRMED,llm_v2,,,,Let poor pupils blow their own trumpet | Kevin McKenna,"If Scotland ever had its own national intelligence service, we know now with what gadget our agents would infiltrate Special Branch. It's called a spy pen and it was made famous last week by a mildly bumptious and self-important academic from one of those FE colleges that are the educational equivalent of Poundland. The chap had used this device covertly to record the comments of Mike Russell, the education secretary, at a private meeting with assorted other college heads. Not surprisingly, Russell was somewhat peeved at this and summoned the miscreant to a meeting and gave him a dressing-down of Alex Ferguson proportions. The poor fellow who, nevertheless looks like he could handle himself in a square-go, resigned and claimed that he had been intimidated and bullied by the first minister. Since then, he has been touring broadcasting stations to tell the nation how appallingly he's been treated. Such was the ubiquity of this tiresome man that by Thursday most of us were convinced that Russell had just waterboarded Scotland's answer to Mahatma Gandhi. It got worse for the education secretary. For, on the debate on cash for Scotland's colleges, which predictably followed on Thursday, Alex Salmond erroneously declared that funding for this sector had increased, when, in fact, it had not. The first minister was also forced to reveal that Russell would be making an apology for telling a Labour MSP that there would be no reduction in funding. What the education secretary should be ... [truncated, 6211 chars total - full text at data/raw/news/text/NEWS-guardian_api-ae039df8df25.txt]",data/raw/news/text/NEWS-guardian_api-ae039df8df25.txt
NEWS-guardian_api-b33967545f66,ESWS-2026-05,national,needs_second_review,include,E4-CLEAR,llm_v2,needs_second_review,E5-BORDERLINE-POLICY-RELEVANCE,llm_v2,not_applicable,E6-NOT-REFORM-FLAGGED,llm_v2,include,E8-EDITORIAL-CONFIRMED,llm_v2,,,,"Communities are our defence against hatred. Now, more than ever, we must invest in hope","It has been an unsettling year of social division, anger and unrest in the UK and beyond. Extremist violence and rhetoric are escalating, with the demonisation of migrants reaching a fever pitch. Far-right activists march in the streets. NHS nurses, care workers and charities face abuse amid a resurgence of “1970s-style racism”. Against this toxic backdrop, the Guardian is launching its 2025 charity appeal on Friday. This year’s theme, unapologetically, is hope. We are supporting grassroots charities, which, through their vital work at the heart of local neighbourhoods, nurture community pride and positive change, and provide a powerful antidote to polarisation, distrust and hate. Our partner charities – and the projects they support – are united in the belief that however loud the forces of hate and division, they will never drown out the values shared by the vast majority: tolerance, compassion and common humanity. Many local communities face huge challenges, as public services, communal spaces and civic infrastructure have been eroded. Rising inequality, driven by austerity and our broken economic model, has led to resentment. For too many, poverty is deep-rooted. For others, dreams of a better future – for themselves and their children – have been dashed. Trust in politicians and institutions is fragile. The spread of misinformation and conspiracy theories, enabled by social media and the rightwing press, has distorted and soured debate. Intimidation, harassment and viole... [truncated, 4370 chars total - full text at data/raw/news/text/NEWS-guardian_api-b33967545f66.txt]",data/raw/news/text/NEWS-guardian_api-b33967545f66.txt
NEWS-guardian_api-b42ee556e1a9,SCC-2013-05,national,needs_second_review,include,E4-CLEAR,llm_v2,needs_second_review,E5-BORDERLINE-POLICY-RELEVANCE,llm_v2,not_applicable,E6-NOT-REFORM-FLAGGED,llm_v2,include,E8-EDITORIAL-CONFIRMED,llm_v2,,,,Liam Maxwell: user need underpins the government's digital-by-default strategy,"In October, the government launched its new centralised portal for all its online services, Gov.uk, after two years in development. Citizens can now access any one of some 700 public services from one page. Gov.uk is the shop window for a digital revolution going on in Whitehall fuelled by the Government Digital Service, which aims to repurpose much of the government's digital estate to focus on user need and online transactions – and to cut costs through a reduction in administration and bureaucracy. The mantra that underpins the work of the GDS is: ""Digital services so good that people prefer to use them"". But, with its track record of delivering obscenely expensive websites that users hate, such as Businesslink.gov.uk, which cost £105m to run in its three-year lifespan, what makes the government think that it has now cracked the ""one site to rule them all"" ideal? Liam Maxwell, the deputy government chief information officer, says it's as simple as two words: user need. ""That's at the core of everything we do, and I have those words on the back of my phone,"" says Maxwell, one of the architects of the government's ""digital by default"" strategy. ""It's not a question of pushing or forcing anything on people. We're designing everything around the user need. That means driving people more towards the digital channel because it's easier for them. If you give people the ability to use your technology, it will be cheaper for you, they'll get it quicker, and your user experience wil... [truncated, 6208 chars total - full text at data/raw/news/text/NEWS-guardian_api-b42ee556e1a9.txt]",data/raw/news/text/NEWS-guardian_api-b42ee556e1a9.txt
NEWS-guardian_api-b434dec48e1c,SCC-2017-05,national,needs_second_review,include,E4-CLEAR,llm_v2,needs_second_review,E5-BORDERLINE-POLICY-RELEVANCE,llm_v2,not_applicable,E6-NOT-REFORM-FLAGGED,llm_v2,include,E8-EDITORIAL-CONFIRMED,llm_v2,,,,What does Brexit mean for business funding in Wales?,"Each year, more than 5,000 people in Wales are helped by The Wallich, a Cardiff-based limited company and charity that supports homeless and vulnerable people. It runs about 70 projects, which range from delivering coffee to homeless people to providing education courses, some supported by EU funding. Its services help homeless people back into work and to regain their independence. Will Atkinson, policy and research officer, says: “We build up their self-esteem, their soft skills, get them on training courses, and build up their CV to hopefully reduce their reliance on benefits. Our projects lead to reduced re-offending [among former prisoners] and [reduced] repeat homelessness, improving lives and preventing significant future costs to the public purse.” The Wallich is one of many social businesses in Wales which, according to a 2015 report [pdf] by the Wales Co-operative Centre, have a combined annual turnover of £1.7bn and support 38,000 jobs. Businesses and organisations with a social focus, such as The Wallich, will be eligible to receive support from the Social Business Growth Fund, one of two new funding schemes for businesses. Of the £4m fund, £2.3m is backed by the EU. The other, the Wales Business Fund, providing £136m backed by £76m of EU funds, will provide business loans and equity packages for small and medium-sized enterprises that are either based in Wales or willing to move there. However, following the Brexit vote there are concerns around what happens when... [truncated, 6811 chars total - full text at data/raw/news/text/NEWS-guardian_api-b434dec48e1c.txt]",data/raw/news/text/NEWS-guardian_api-b434dec48e1c.txt
NEWS-guardian_api-b4472dbf0579,SCC-2021-05,national,needs_second_review,include,E4-CLEAR,llm_v2,needs_second_review,E5-BORDERLINE-POLICY-RELEVANCE,llm_v2,not_applicable,E6-NOT-REFORM-FLAGGED,llm_v2,include,E8-EDITORIAL-CONFIRMED,llm_v2,,,,"Make oil firms install electric car chargers in petrol stations, says thinktank","Oil companies should be required to install rapid chargers for electric cars in all their petrol stations above a certain size by 2023 in order to speed up the rollout of vehicles with zero tailpipe emissions, according to thinktank Bright Blue. Bright Blue’s report also calls for a reversal in cuts to government grants for battery electric vehicles (BEVs), a new grant to help low income households buy secondhand BEVs, and for the lower lifetime costs of BEVs compared with those of petrol and diesel cars to be made clear at the point of sale. The transport sector is the UK’s largest emitter of carbon dioxide, responsible for almost 28% of emissions in 2018, but unlike other sectors has made minimal reductions in recent years. Cars cause over half of the emissions. The government has announced an end to sales of petrol and diesel cars in 2030 to help tackle the climate crisis. Ministers have committed to BEV grants until 2023 but Bright Blue said they should be front-loaded, rising to £5,000 from today’s £3,000. To encourage purchases, the grants would then taper down to zero in 2023, when the prices of BEVs are expected to match those of conventional cars due to falling battery costs. The grant for used BEVs should be £2,000, the thinktank said, and such schemes already exist in the Netherlands and France. People say upfront cost is the main barrier to buying BEVs, according to polling. A cut in the subsidy level was blamed in 2019 for a fall in sales. “In 2020, 6.6% of new U... [truncated, 3896 chars total - full text at data/raw/news/text/NEWS-guardian_api-b4472dbf0579.txt]",data/raw/news/text/NEWS-guardian_api-b4472dbf0579.txt
NEWS-guardian_api-b5a673644314,ESWS-2026-05,national,needs_second_review,include,E4-CLEAR,llm_v2,needs_second_review,E5-BORDERLINE-POLICY-RELEVANCE,llm_v2,not_applicable,E6-NOT-REFORM-FLAGGED,llm_v2,include,E8-EDITORIAL-CONFIRMED,llm_v2,,,,England facing drastic measures due to extreme drought next year,"Water companies and the government are drawing up emergency plans for a drought next year more extreme than we have seen in decades. Executives at one major water company told the Guardian they were extremely concerned about the prospect of a winter with lower than average rainfall, which the Met Office’s long-term forecast says is likely. They said if this happened, the water shortfall would mean taking drastic water use curtailment measures “going beyond hosepipe bans”. Droughts are usually multi-year events. While much of England went into drought this summer, with hosepipe bans across large swathes of the country, things were not as bad as they could have been because it had been a rainy autumn and winter the year before. This meant reservoirs were full and that groundwater – storage of water under the soil – was charged up. But months of record dry weather meant a lot of that water was used, and it has not been replaced, despite roughly average September and October rainfall. Average reservoir storage is at 63.3% compared with the average of 76% for this time of year. Ardingly, in West Sussex, and Clatworthy and Wimbleball in Somerset, are below 30%. Groundwater takes significantly longer than reservoirs to recharge, and the situation in England is still fragile despite recent rainfall; South East Water has applied for a local water restriction order, which would ban some businesses from using water for certain things, such as cleaning buildings and equipment or filling ... [truncated, 6370 chars total - full text at data/raw/news/text/NEWS-guardian_api-b5a673644314.txt]",data/raw/news/text/NEWS-guardian_api-b5a673644314.txt
NEWS-guardian_api-b6d6949df8a5,SCC-2017-05,national,needs_second_review,include,E4-CLEAR,llm_v2,needs_second_review,E5-BORDERLINE-POLICY-RELEVANCE,llm_v2,not_applicable,E6-NOT-REFORM-FLAGGED,llm_v2,include,E8-EDITORIAL-CONFIRMED,llm_v2,,,,"Rough sleepers face high levels of abuse by public, study finds","Rough sleepers are subjected to a “shocking and unacceptable” level of abuse by the public, including physical violence, sexual assault and theft, research has found. The study by the homelessness charity Crisis found that street sleepers were almost 17 times more likely than the average person to have been a victim of violence, and 15 times more likely to have suffered verbal abuse. Eight out of 10 rough sleepers reported being victims of a range of crimes and antisocial behaviours, from vandalism and intimidation to being hit, kicked, threatened or urinated on. One in 20 rough sleepers reported having been the victim of a sexual assault while homeless. The majority of the abuse was perpetrated by the public, and in more than half of instances the victims said they did not bother to report their experience to the police because they expected no action to be taken. “Violent and abusive experiences can cause not only physical harm but can also undermine people’s attempts to seek help and move on from homelessness. Too many rough sleepers are left living in fear and isolation,” said Jon Sparkes, the chief executive of Crisis. “The research shows that urgent action is needed by both the police and government. It is not acceptable that homeless people are put in harm’s way on a daily basis. The police must act to reassure homeless people that their safety is paramount and crimes against them will be fully investigated.” Street sleepers told researchers the abuse tended to be rand... [truncated, 3567 chars total - full text at data/raw/news/text/NEWS-guardian_api-b6d6949df8a5.txt]",data/raw/news/text/NEWS-guardian_api-b6d6949df8a5.txt
NEWS-guardian_api-ba4b8b1a9772,SCC-2013-05,national,needs_second_review,include,E4-CLEAR,llm_v2,needs_second_review,E5-BORDERLINE-POLICY-RELEVANCE,llm_v2,not_applicable,E6-NOT-REFORM-FLAGGED,llm_v2,include,E8-EDITORIAL-CONFIRMED,llm_v2,,,,Being an outstanding teacher relies on more than passing harder QTS test,"The government recently announced its latest change to the teacher training programme: in order to make entry into teaching more challenging they will make the QTS skills tests more difficult by raising the pass grade over the next three years. In order to pass, candidates will need to score the equivalent of a B at GCSE to pass. The government is also hoping to attract high achieving computer scientists into teaching by offering £20,000 scholarships. Yes we need high flying graduates if they have the correct skills to teach. However, a degree from a Russell Group university or an outstanding academic record isn't simply a passport to good teaching. When I took my GCSEs (nearly 20 years ago) I 'only' achieved a C in English and maths. Does this mean someone who achieved an A* or an A would be a better teacher? Of course not. Raising the minimum requirement to pass the QTS skills test to the equivalent of a B will not improve the quality of teaching, but only prevents potentially outstanding teachers from entering the profession. It seems like another misguided step from Michael Gove, the education secretary, and shows he understands little about what is required to teach. It is also very shortsighted to think that the standard of teaching will improve because these tests are harder to pass. In all honesty, why do we have a system that includes skills tests in the first place? If the prerequisite for entry onto a PGCE course includes GCSEs in both English and maths (and scienc... [truncated, 4746 chars total - full text at data/raw/news/text/NEWS-guardian_api-ba4b8b1a9772.txt]",data/raw/news/text/NEWS-guardian_api-ba4b8b1a9772.txt
NEWS-guardian_api-bc0f58fef470,SCC-2021-05,national,needs_second_review,include,E4-CLEAR,llm_v2,needs_second_review,E5-BORDERLINE-POLICY-RELEVANCE,llm_v2,not_applicable,E6-NOT-REFORM-FLAGGED,llm_v2,include,E8-EDITORIAL-CONFIRMED,llm_v2,,,,FTSE 100 records best week since April as Covid vaccine triggers hopes for economy,"The FTSE 100 has recorded its strongest week since April amid rising hopes that a coronavirus vaccine can trigger a faster economic revival from the pandemic than first anticipated. The index of leading UK company shares ended the week more than 300 points higher at 6,316, a rise of about 7%, despite a modest dip on Friday as City investors bet it would still take time to deploy the vaccine and for Britain’s economy to stage a full recovery. Financial markets around the world have soared since Pfizer/BioNTech announced earlier this week that its Covid vaccine was 90% effective in protecting people from transmission of the virus in global trials. Russia also said on Wednesday that its own candidate, Sputnik V, had shown in trials it could cut the likelihood of catching the disease by 92%. However, the continued rapid spread of the virus and the start of tougher lockdown restrictions has limited gains in stock markets as the second wave of Covid inflicts a heavy toll on the global economy. Shares in the blue-chip London index erased some of the earlier gains this week, falling by 0.4% on Friday, as optimism over the vaccine was tempered by a record number of new cases in many countries and the prospect of a difficult winter ahead before it becomes widely available. Official figures show the UK economy grew at a record quarterly rate of more than 15% in the third quarter as lockdown restrictions were eased but that the recovery was losing momentum even before new curbs came in. ... [truncated, 3564 chars total - full text at data/raw/news/text/NEWS-guardian_api-bc0f58fef470.txt]",data/raw/news/text/NEWS-guardian_api-bc0f58fef470.txt
NEWS-guardian_api-bf4cc697d1a1,SCC-2013-05,national,needs_second_review,include,E4-CLEAR,llm_v2,needs_second_review,E5-BORDERLINE-POLICY-RELEVANCE,llm_v2,not_applicable,E6-NOT-REFORM-FLAGGED,llm_v2,include,E8-EDITORIAL-CONFIRMED,llm_v2,,,,Security group G4S slumps after missing out on prison contracts in wake of Olympics fiasco,"Security business G4S has lost out on a number of UK prison contracts, following its chaotic performance with the London 2012 Olympics. The company had hoped a series of recent new deals - including the management of electronic tagging in Scotland and running security checks at Olso airport - would put it in line for further UK government business despite its Olympics embarrassment. Earlier in the week G4S's chief executive Nick Buckles - famously grilled by MPs over the company's failure to provide enough staff for the Games - told Reuters: We hope this track record this year of starting new business will hold us in good stead for winning further government business, but clearly that remains to be seen. Buckles can certainly see now. The government had previously indicated it would take a company's performance into account when awarding contracts. Now the ministry of justice has said three prisons would remain under public sector management and HMP Wolds - currently run by G4S - would be removed from the private sector next July. Four other prisons are still in to be transferred to private bidders, with Sodexo, Serco and MIC/Amey in the running. The news has sent G4S shares tumbling 3.5%, down 9.6p to 258p, making it the biggest faller in the FTSE 100. David Brockton at Espirito Santo said: As feared, G4S has failed to secure any new prisons and will not proceed to the next stage of bidding for any of the potential public sector prisons to be outsourced. Furthermore, G4S has... [truncated, 2177 chars total - full text at data/raw/news/text/NEWS-guardian_api-bf4cc697d1a1.txt]",data/raw/news/text/NEWS-guardian_api-bf4cc697d1a1.txt
NEWS-guardian_api-bfd3bb9405ce,SCC-2021-05,national,needs_second_review,include,E4-CLEAR,llm_v2,needs_second_review,E5-BORDERLINE-POLICY-RELEVANCE,llm_v2,not_applicable,E6-NOT-REFORM-FLAGGED,llm_v2,include,E8-EDITORIAL-CONFIRMED,llm_v2,,,,Subdued US core inflation cheers markets; Lego sales soar; Cathay Pacific's record loss – as it happened,"Time to recap Stock markets in the US and Europe have rallied again as investors grip onto hopes of a strong economic recovery this year. The Dow Jones industrial average hit a fresh all-time high over 32,000 points, and tech stocks continued to recover from their recent slide. The Nasdaq Composite has dipped a little, but is currently up 49 points or 0.4% at 13,123. The rally came after the latest US CPI report showed that core inflation dropped last month, to 1.3%. The headline measure of inflation rose to 1.7%, a one-year high, lifted by higher gasoline prices. But analysts said there was little sign that the US economy was overheating - an issue which had caused market ructions last month. The US housing market also saw weaker demand last week, with mortgage approvals dipping. But with the Biden White House pushing through a $1.9trn stimulus package, investors and economists expect US growth to recover strongly. The Bank of Canada left interest rates at record lows, and warned that there’s plenty of spare economic capacity to be utilised, despite recent signs of recovery. Toymaker Lego cemented its position as a pandemic winner, by reporting double-digit sales growth last year. A tie-up with Nintendo proved particularly successful.... while Lego also grew sales strongly in China. Video gaming platform Roblox, who also boomed last year, has made a successful debut on the New York stock exchange today - surging 43% over its reference price. But Hong Kong’s Cathay Pacific su... [truncated, 39291 chars total - full text at data/raw/news/text/NEWS-guardian_api-bfd3bb9405ce.txt]",data/raw/news/text/NEWS-guardian_api-bfd3bb9405ce.txt
NEWS-guardian_api-c00ba4d1855d,SCC-2017-05,local,needs_second_review,include,E4-CLEAR,llm_v2,needs_second_review,E5-BORDERLINE-PLACE-MENTION,human,not_applicable,E6-NOT-REFORM-FLAGGED,llm_v2,include,E8-EDITORIAL-CONFIRMED,llm_v2,,,,Have you ever sent a text or email to the wrong person?,"That message was really not intended for them. But once you’ve pressed send, there’s nothing you can do. It’s something Surrey county council’s leader, David Hodge, will be well aware of after messages meant for a government adviser called Nick instead went to someone else called Nick – who promptly leaked it to Jeremy Corbyn. The messages showed Hodge discussing a “memorandum of understanding” between the local authority and government. Corbyn has now accused Theresa May of offering a sweetheart deal to the Conservative-led council to avoid a local referendum on raising council tax to fund social care. Have you ever found yourself in a similar situation? We want to hear from readers about texts, emails or phone calls gone awry, where messages have ended up in the wrong hands (or inboxes). Submitting your story using the form below.",data/raw/news/text/NEWS-guardian_api-c00ba4d1855d.txt
NEWS-guardian_api-c03f7219f9b8,SCC-2013-05,national,needs_second_review,include,E4-CLEAR,llm_v2,needs_second_review,E5-BORDERLINE-POLICY-RELEVANCE,llm_v2,not_applicable,E6-NOT-REFORM-FLAGGED,llm_v2,include,E8-EDITORIAL-CONFIRMED,llm_v2,,,,Mark Carney: a Sven for Threadneedle Street?,"It's a familiar story. Years, if not decades, of underachievement. A string of catastrophic performances. A lack of enthusiasm for any of the homegrown candidates. For George Osborne, grappling with the replacement of Sir Mervyn King as governor of the Bank of England, read the Football Association in 2000 deciding who should follow Kevin Keegan as manager of the England football team. Let's hear it for Mark Carney, the Treasury's Sven-Göran Eriksson, named on Monday as the first non-Brit to run Threadneedle Street in its 318-year history. From the start of the process to recruit a new governor, Osborne identified Carney as the man for the job and refused to take no for an answer when the governor of the Bank of Canada rebuffed initial advances. The chancellor asked Carney to reconsider, believing that he was a better choice than any of the homegrown candidates. These include Paul Tucker, one of King's two deputies, and Lord Adair Turner, chairman of the Financial Services Authority. Tucker was as big a favourite with the bookies as Harry Redknapp was when Roy Hodgson got the nod from the FA earlier this year. No question, Carney is a brave and interesting choice. The assumption had been that Osborne, given all his other problems, would opt for the safe pair of hands and choose Tucker, the candidate the City would have chosen. Osborne wanted Carney for three reasons. Firstly, he has experience of running a big organisation, and this will be important now that the role of the ... [truncated, 5880 chars total - full text at data/raw/news/text/NEWS-guardian_api-c03f7219f9b8.txt]",data/raw/news/text/NEWS-guardian_api-c03f7219f9b8.txt
NEWS-guardian_api-c092794606ea,SCC-2013-05,national,needs_second_review,include,E4-CLEAR,llm_v2,needs_second_review,E5-BORDERLINE-POLICY-RELEVANCE,llm_v2,not_applicable,E6-NOT-REFORM-FLAGGED,llm_v2,include,E8-EDITORIAL-CONFIRMED,llm_v2,,,,Why David Cameron must commit to increasing the EU budget,"Earlier this year, mayors from across Europe and China signed an agreement on urbanisation, committing to the creation of ""harmonious societies based on sustainable and inclusive development"". It was a deal borne out of a shared view that the challenges of urbanisation are common to all; if we are to find sustainable ways to manage our cities, we need to pool experiences and co-operate. Three quarters of European citizens live in cities generating 85% of GDP, while China is experiencing unprecedented growth – the number of people living in its cities has doubled over two decades. But though the speed and rate of urbanisation may vary, the challenges and benefits it poses are often the same. The difficulties that urbanisation brings are well documented, from the pressure on infrastructure to overcrowding and social disintegration, but it can also spark innvoation and spearhead economic growth. The meeting of Chinese and European mayors in Brussels was an opportunity to share successful urban development projects in Europe. The Covenant of Mayors, for example, illustrates how cities can steer sustainable growth. Launched in 2008, the covenant offers local authorities in Europe the chance to voluntarily commit to meeting and exceeding the EU's objective of reducing 1990 levels of CO2 emissions by 20% by 2020. Already 34 local authorities in the UK have already signed up, representing 16 million British citizens. With structural funding making up almost a third of the EU budget, ... [truncated, 3234 chars total - full text at data/raw/news/text/NEWS-guardian_api-c092794606ea.txt]",data/raw/news/text/NEWS-guardian_api-c092794606ea.txt
NEWS-guardian_api-c3fdc6cb59eb,ESWS-2026-05,national,needs_second_review,include,E4-CLEAR,llm_v2,needs_second_review,E5-BORDERLINE-POLICY-RELEVANCE,llm_v2,not_applicable,E6-NOT-REFORM-FLAGGED,llm_v2,include,E8-EDITORIAL-CONFIRMED,llm_v2,,,,Bots and third parties to be banned from booking driving tests in DfT shake-up,"Bots and third parties will be banned from booking driving tests as part of a government shake-up to tackle a severe backlog of almost 670,000 learners booked in for a practical assessment. The Department for Transport (DfT), which recently consulted on how to crack down on touts reselling test slots at inflated prices, said that only learner drivers themselves and not their instructors would be able to make bookings. The government also said there would be a new limit on the number of changes a learner can make to a driving test booking – a maximum of two – including moves, swaps and location changes, before it must be cancelled and rebooked. Learners will also be restricted to a limited number of test centres that are located close to the original booking. “It is good to see steps being put in place to put a stop to those touting tests to frustrated learners,” said Steve Gooding, the director of driving organisation the RAC Foundation. “Candidates stuck in the queue should at least be reassured that they aren’t being elbowed aside by those simply seeking to make a quick buck.” In October the government moved to make more driving test slots available to tackle the backlog, with figures from the Driver and Vehicle Standards Agency showing that 668,128 people had a practical test booked at the end of September. This is up on the 579,138 a year earlier. Tests can be booked up to 24 weeks in advance, with new slots released on a rolling basis. The transport secretary, Heidi Alex... [truncated, 3399 chars total - full text at data/raw/news/text/NEWS-guardian_api-c3fdc6cb59eb.txt]",data/raw/news/text/NEWS-guardian_api-c3fdc6cb59eb.txt
NEWS-guardian_api-c44e681cfc60,SCC-2021-05,national,needs_second_review,include,E4-CLEAR,llm_v2,needs_second_review,E5-BORDERLINE-POLICY-RELEVANCE,llm_v2,not_applicable,E6-NOT-REFORM-FLAGGED,llm_v2,include,E8-EDITORIAL-CONFIRMED,llm_v2,,,,Hand sanitiser and dumbbells added to ONS 'inflation basket' as Covid changes habits,"Hand sanitiser, smart watches and hand weights for home exercise have been added to the basket of goods and services used to calculate the cost of living, in a sign of how spending habits have changed in Britain during a year of lockdown. In a snapshot of a country learning to live with Covid-19, the Office for National Statistics said there had been a surge in spending on products designed to keep people safe and fit. The ONS said turning bedrooms into workspaces had also had an impact on its choice of items. Reflecting the fact that suits have been left in the wardrobe as people have used their home as the office, the new basket includes men’s tracksuit bottoms and women’s sweatshirts. The closure of gyms had forced people to exercise at home, leading to the inclusion of dumbbells and smart watches (which track exercise), while hand sanitiser – a niche product at the end of 2019 – had become a household staple within weeks of Covid-19 arriving in the UK early last year. The ONS calculates inflation by monitoring monthly changes to the cost of an array of goods and services from pricing points across the UK, from online retailers and over the telephone. The basket is designed to represent spending habits and reflect change in consumer behaviour. Last year’s changes reflected the increased popularity of craft gins and self-tanning products. This year, 17 items have been added to the basket, 10 removed and 729 left unchanged. Announcing the annual update, the ONS said it had t... [truncated, 3241 chars total - full text at data/raw/news/text/NEWS-guardian_api-c44e681cfc60.txt]",data/raw/news/text/NEWS-guardian_api-c44e681cfc60.txt
NEWS-guardian_api-c4dcbaa0515e,SCC-2021-05,local,needs_second_review,include,E4-CLEAR,llm_v2,needs_second_review,E5-BORDERLINE-PLACE-MENTION,human,not_applicable,E6-NOT-REFORM-FLAGGED,llm_v2,include,E8-EDITORIAL-CONFIRMED,llm_v2,,,,"Empty offices must not become 'rabbit hutch' homes, say English councils","Councils have warned that offices left empty by the coronavirus pandemic must not be turned into sub-standard “rabbit hutch” homes, after a government climbdown indicated a shift in housebuilding targets away from the southern shires and toward towns and cities. Thousands more homes are set to be built in urban areas, particularly in the Midlands and north of England after the government said it would adjust a housing targets algorithm that had sparked a rebellion from MPs and council leaders representing Conservative heartlands. Targets in areas such as Hampshire and Surrey were increased significantly, and now the Ministry of Housing, Communities &amp; Local Government (MHCLG) reportedly wants to make the system “fairer”. The move has raised fresh fears about the standard of housing that may result. Officials plan to use the new strategy to reshape town and city centres hit hard by the pandemic, repurposing some vacant offices and shops as homes. “We have opposed the algorithm on the basis housing has to be built where it is needed and councils are best placed to decide,” said David Renard, the Local Government Association’s housing spokesman. “It is helpful to focus on towns and city centres as we know retail is shrinking and we need to repurpose these places. At a high level this could be a good policy, but converting offices into poor-quality housing isn’t something we want to see.” Planning rules currently allow builders to turn offices into homes without planning permi... [truncated, 3643 chars total - full text at data/raw/news/text/NEWS-guardian_api-c4dcbaa0515e.txt]",data/raw/news/text/NEWS-guardian_api-c4dcbaa0515e.txt
NEWS-guardian_api-c4e3d6f2426b,SCC-2013-05,national,needs_second_review,include,E4-CLEAR,llm_v2,needs_second_review,E5-BORDERLINE-POLICY-RELEVANCE,llm_v2,not_applicable,E6-NOT-REFORM-FLAGGED,llm_v2,include,E8-EDITORIAL-CONFIRMED,llm_v2,,,,Why should we save the houses of the rich and famous? | Catherine Bennett,"For the second time in two years, Sir Edward Heath's old house, the grade II listed Arundells, has been closed to the public, with the aim of selling it off. This is in complete defiance of his wishes. Although he lived in the place for no more than 20 of his 89 years, two decades out of the roughly four he dedicated to sulking, Heath's will was dedicated to keeping the place open, along with its outstanding collection of nautical doodads, as a personal shrine. A charitable trust was set up to do this. If some question the philanthropic benefits of a Heath memorial, the precedent may encourage all those who hope, for instance, to see John Prescott's famous downstairs lavatory, defiantly redecorated by Pauline during the couple's time of trouble, or to touch the actual elephant lamps that landed the Goves in so much grief. In Heath's case, there is neither the cash nor the visitors to keep going. The National Trust has said it would not take it on for less than £8m. Rather touchingly, given Heath's incredible unpopularity even within his own party, and his friendly associations with mass murderers and tyrants, the trust's decision to sell up and spend the remaining money on charitable activities has elicited some passionate defences of the Arundells legacy. On the Daily Telegraph letters page, one writer has called the closure a ""tragedy"". Wisely, Heath's supporters have accepted that the posthumous discomfiture of a widely detested man may not be the most persuasive argument ... [truncated, 7106 chars total - full text at data/raw/news/text/NEWS-guardian_api-c4e3d6f2426b.txt]",data/raw/news/text/NEWS-guardian_api-c4e3d6f2426b.txt
NEWS-guardian_api-c5e1cde8bee1,SCC-2017-05,national,needs_second_review,include,E4-CLEAR,llm_v2,needs_second_review,E5-BORDERLINE-POLICY-RELEVANCE,llm_v2,not_applicable,E6-NOT-REFORM-FLAGGED,llm_v2,include,E8-EDITORIAL-CONFIRMED,llm_v2,,,,"Fourteen garden villages to be built in England totalling 48,000 homes","Fourteen garden villages are to be built across England on sites including a former airfield and green belt land, ministers have said. The villages, totalling 48,000 homes, will not be extensions of existing small towns or villages, but “distinct new places with their own community facilities”, the government said. Sites from Cornwall to Cumbria have been identified in the first round of approved locations, making them eligible for a share of a £6m government technical and financial support fund. After completion, the villages may vary in size from 1,500 homes up to 10,000. The housing minister, Gavin Barwell, said the development of the villages would be locally led by communities rather than central government. “New communities not only deliver homes, they also bring new jobs and facilities and a big boost to local economies,” he said. The 600-acre former Deenethorpe airfield near Corby, Northamptonshire, is one of the sites that has been approved for a village. The plans include a village green, shops and community hall, as well as more than 1,000 homes. Dunton Hills, a garden village set to be built near Brentwood, Essex, will have at least 2,500 homes, as well as new Gypsy and Traveller pitches. West Carclaze in Cornwall is set to be an ecovillage with 1,500 new energy-efficient homes, space for self-build and custom-built housing, and a new primary school for more than 400 pupils. Developers say it will have a solar farm and 350 hectares of green space in a new china cl... [truncated, 5047 chars total - full text at data/raw/news/text/NEWS-guardian_api-c5e1cde8bee1.txt]",data/raw/news/text/NEWS-guardian_api-c5e1cde8bee1.txt
NEWS-guardian_api-c6a71fce90d2,SCC-2021-05,national,needs_second_review,include,E4-CLEAR,llm_v2,needs_second_review,E5-BORDERLINE-POLICY-RELEVANCE,llm_v2,not_applicable,E6-NOT-REFORM-FLAGGED,llm_v2,include,E8-EDITORIAL-CONFIRMED,llm_v2,,,,Poland bars AstraZeneca jab for over-65s – as it happened,"We’ve launched a new blog at the link below – head there for the latest: Brazil registered 1,210 Covid-19 deaths on Tuesday and 54,096 more infections from the coronavirus, according to data released by the health ministry. In total, the country has recorded 226,309 Covid-19 deaths and 9,283,418 confirmed cases, according to ministry data. Since November, Brazil has been fighting a steep second wave of infections, routinely recording over 1,000 deaths per day this year. As Australia wakes up, here is a recap of some of the main developments from the last few hours. Covid-19 vaccine nationalism is harmful for all, the World Health Organization director-general Tedros Adhanom Ghebreyesus said. He said weak cooperation between nations is a major barrier to achieving worldwide vaccination at the scale needed to end the pandemic. The number of patients in hospital with coronavirus in France is at its highest since November. The health ministry reported 28,029 people were in hospital with the virus and 3,270 in intensive care. Both numbers set new 2021 highs. Nicola Sturgeon announced a phased return to school for Scotland’s youngest children, with nurseries and all primary pupils from P1 to P3 planned to be back in the classroom from 22 February. The announcement will put pressure on the UK government to answer calls from Conservative MPs as to why England is operating on a slower timetable. Saudi Arabia suspended entry from 20 countries in a bid to curb a surge in coronavirus inf... [truncated, 101731 chars total - full text at data/raw/news/text/NEWS-guardian_api-c6a71fce90d2.txt]",data/raw/news/text/NEWS-guardian_api-c6a71fce90d2.txt
NEWS-guardian_api-cd194c8032b2,ESWS-2026-05,national,needs_second_review,include,E4-CLEAR,llm_v2,needs_second_review,E5-BORDERLINE-POLICY-RELEVANCE,llm_v2,not_applicable,E6-NOT-REFORM-FLAGGED,llm_v2,include,E8-EDITORIAL-CONFIRMED,llm_v2,,,,Crisis charity to become a landlord in attempt to rectify ‘catastrophic’ housing in UK,"The homelessness charity Crisis is going to become a landlord for the first time in its 60-year history, saying the housing crisis in the UK has reached a “catastrophic scenario”. Matt Downie, the charity’s chief executive, said it was preparing to launch a fundraising appeal to buy its own housing stock as it can longer get access to social housing to help homeless people. “We don’t want to do this, but if nobody else is going to provide housing, we’ll do it ourselves,” he said. “It’s something that would have been inconceivable for my predecessors 10, 30, 50 years ago, because people would have expected both councils and housing associations to provide the stock needed for people on low incomes. It’s just no longer available. “We wouldn’t be doing this unless the wheels had come off the homelessness and housing system.” A study from Crisis released on Monday revealed that almost 300,000 families and individuals across England are experiencing the worst forms of homelessness, including sleeping on the streets, in tents or squats, or stuck in unsuitable temporary accommodation such as B&amp;Bs and hostels. The study, led by Heriot-Watt University, showed that 299,100 households in England experienced acute homelessness in 2024, an increase of 21% since 2022 and 45% since 2012. Homelessness among people discharged from hospitals, prisons and other institutions increased by 22% in the last year, while homelessness from evictions from UK asylum accommodation was up 37%. Downie s... [truncated, 4313 chars total - full text at data/raw/news/text/NEWS-guardian_api-cd194c8032b2.txt]",data/raw/news/text/NEWS-guardian_api-cd194c8032b2.txt
NEWS-guardian_api-d040d7bc25c8,SCC-2013-05,national,needs_second_review,include,E4-CLEAR,llm_v2,needs_second_review,E5-BORDERLINE-POLICY-RELEVANCE,llm_v2,not_applicable,E6-NOT-REFORM-FLAGGED,llm_v2,include,E8-EDITORIAL-CONFIRMED,llm_v2,,,,The Guardian Public Leaders Summit 2013,"The Guardian has launched the Public Leaders Summit 2013 event, at which 80 of the most senior public managers will debate the big ideas shaping the future of public services in 2013. The event, which is being run by the Guardian Public Leaders Network, will enable leaders to challenge one another, cutting across the traditional divisions between Whitehall, central and local government and frontline services, which are too often considered a barrier to innovation. The aim of the one-day event is to generate practical ideas, and to discuss what works and where performance breaks down. Delegates should expect new thinking, provocative debates and powerful dialogue. The summit will be held at the Institute for Government on 6 February. Speakers include: • Michael Coughlin, executive director of the Local Government Association • Dame Moira Gibb, civil service commissioner and non-executive director, NHS Commissioning Board and UK Statistics Authority • Sir Bob Kerslake, head of the civil service and permanent secretary, Department for Communities and Local Government • Charlie Mayfield, chairman, John Lewis Partnership • Chris Sims, chief constable, West Midlands Police • Sharon White, director general, public spending, HM Treasury The keynote speaker is political journalist, policy adviser and author Karin Svanborg-Sjövall, who will be speaking as part of the Guardian Global Public Leaders series. Speaker sessions will focus on current issues such as dealing with long-term chal... [truncated, 2311 chars total - full text at data/raw/news/text/NEWS-guardian_api-d040d7bc25c8.txt]",data/raw/news/text/NEWS-guardian_api-d040d7bc25c8.txt
NEWS-guardian_api-d47443f90681,SCC-2013-05,local,needs_second_review,include,E4-CLEAR,llm_v2,needs_second_review,E5-BORDERLINE-PLACE-MENTION,human,not_applicable,E6-NOT-REFORM-FLAGGED,llm_v2,include,E8-EDITORIAL-CONFIRMED,llm_v2,,,,Alastair White obituary,"My friend Alastair White's childhood in Kenya set the arc of his life. Alastair was born during the second world war to Hilda, an art teacher, and Hugh, a science-fiction cartoonist, in Esher, Surrey; but after his parents divorced, Alastair's father took him to live in Nairobi. Placed in an all-white boarding school, he ran away frequently to the bush; it was on these escapes that he encountered the tribal people whose plight informed his view of the world as unfairly divided. Alastair, who has died aged 71, dedicated himself to improving the lives of the world's poorest and most socially deprived people. After returning to Britain, he went to Battersea grammar school, and at Jesus College, Cambridge, studying languages, he met Ljiljana; they married in 1962. Alastair's PhD was on urban poverty in El Salvador. His social and historical study turned into his first book, El Salvador (1973). When the civil war there finally ended in the 1990s, Alastair was part of a European Union mission to identify ways to help reconstruction of the country. He stressed the need to strengthen institutions to safeguard human rights and fair elections. Alastair was a lecturer in sociology at the universities of Belgrade, Stirling, Brighton and Liverpool, and a consultant in socio-economics for international development agencies. He was resolved that aid must be directed towards projects that are sustainable by local people and be part of a long-term process for reducing social inequality. This ... [truncated, 2647 chars total - full text at data/raw/news/text/NEWS-guardian_api-d47443f90681.txt]",data/raw/news/text/NEWS-guardian_api-d47443f90681.txt
NEWS-guardian_api-d5683e29dcea,ESWS-2026-05,national,needs_second_review,include,E4-CLEAR,llm_v2,needs_second_review,E5-BORDERLINE-POLICY-RELEVANCE,llm_v2,not_applicable,E6-NOT-REFORM-FLAGGED,llm_v2,include,E8-EDITORIAL-CONFIRMED,llm_v2,,,,Global markets struggle after tech sell-off and fears over Chinese economy,"Global markets suffered another day of volatile trading after a tech sell-off that fuelled Wall Street’s worst day in a month and weak economic data from China showed an unprecedented slump in investment. The FTSE 100 fell by 1.1% in London, closing down about 100 points at 9,698, as bellwether banking stocks tumbled. Barclays, Lloyds and NatWest slumped between 2.7% and 3.6%. On Wednesday, the UK blue-chip index had threatened to break through the landmark 10,000-point mark for the first time. Meanwhile, the pound fell against the dollar after the chancellor, Rachel Reeves, abandoned plans to raise income tax rates in the budget. US markets also came under fresh pressure on Friday, before pulling back. The benchmark S&amp;P 500 started the day lower in New York, but closed flat, while the Dow Jones industrial average declined 0.7%. The tech-focused Nasdaq Composite fell by as much as 1.8%, but then recovered its losses to break out of the red and climb 0.1%. Markets across Europe also fell on opening, with the pan-European Stoxx 600 falling 0.9%. France’s Cac 40 has so far fallen 0.54%, while Germany’s Dax dropped by almost 0.9%. Japan’s tech-heavy Nikkei fell 1.8% on Friday, South Korea’s Kospi plunged 2.6% and there was a 1.5% fall in Australia, after a torrid day on Wall Street as Nvidia and other tech companies tumbled over valuation concerns. Nvidia, the $4.5tn (£3.4tn) tech company, led a wider sector decline, falling 3.6% as investors reassessed the value of businesse... [truncated, 3884 chars total - full text at data/raw/news/text/NEWS-guardian_api-d5683e29dcea.txt]",data/raw/news/text/NEWS-guardian_api-d5683e29dcea.txt
NEWS-guardian_api-daf23a6ea7ab,SCC-2013-05,national,needs_second_review,include,E4-CLEAR,llm_v2,needs_second_review,E5-BORDERLINE-POLICY-RELEVANCE,llm_v2,not_applicable,E6-NOT-REFORM-FLAGGED,llm_v2,needs_second_review,E8-UNCLEAR-FORMAT,llm_v2,,,,Society daily 25.02.13,"Sign up to Society daily email briefing Today's top SocietyGuardian stories • Paralympics stars express concern over losing disability allowance • Ageing population will have huge impact on social services, Lords told • Britain's ageing population: the impact on families and services • Food banks surge leads to Defra inquiry • 'Bungled' police and crime commissioner election failed voters • European NHS doctors face tougher language checks before practising • UKBA's dispersal policy 'puts pregnant asylum seekers at risk' says report • Generic drug makers get green light to make Reckitt's heroin substitute • The Norwegian prison where inmates are treated like people • Jill Filipovic: Fight unhealthy food, not fat people All today's SocietyGuardian stories The pick of the weekend's SocietyGuardian news and comment • 'Living wage' Whitehall cleaner evicted days before giving birth • Will Hutton: Without affordable new homes, how do we build a better Britain? • How two gangs in Birmingham found common ground • Michele Hanson, Bamber Gascoigne, Diana Athill and others on going back to university after 60 All Sunday's SocietyGuardian news and comment All Saturday's SocietyGuardian news and comment Jobs of the week • Chief executive, the College of Social Work • Assistant director – operations, the National Trust • Environmental health and scientific services manager, Edinburgh council • Head of service, Leeds city council The Guardian's public and voluntary sector careers page Hund... [truncated, 6814 chars total - full text at data/raw/news/text/NEWS-guardian_api-daf23a6ea7ab.txt]",data/raw/news/text/NEWS-guardian_api-daf23a6ea7ab.txt
NEWS-guardian_api-dbbfa2ad0414,SCC-2017-05,local,needs_second_review,include,E4-CLEAR,llm_v2,needs_second_review,E5-BORDERLINE-PLACE-MENTION,human,not_applicable,E6-NOT-REFORM-FLAGGED,llm_v2,include,E8-EDITORIAL-CONFIRMED,llm_v2,,,,One in 10 crimes recorded by police are domestic abuse cases – ONS,"Incidents of domestic abuse, mostly involving violent attacks on women, make up one in 10 crimes recorded by the police and account for one-third of all reported violent crimes, according to the latest Office for National Statistics research. In the year to March, 1.2 million women and 651,000 men were victims of domestic abuse, according to the Crime Survey for England and Wales. The overwhelming majority of incidents (78%) involved violent attacks. The ONS figures confirm that domestic murders are overwhelmingly perpetrated by men against women – labelled by some women’s campaigners as femicide. The ONS said there were 432 domestic homicides recorded by police between April 2012 and March 2015, of which 315 victims (73%) were women and 117 were men. Domestic homicides represent a third of all murders in England and Wales. Overall, two-thirds of all murder victims are male. Among women murdered by a partner or ex-partner, 97% were killed by a man, while among male domestic homicide victims only a third were killed by a woman. The ONS figures also reveal that domestic abuse is most common in the West Midlands, at a rate of 7.33 cases per 100 adults, and Wales, at 7.07, and lowest in London, at 4.57. The highest rates by police force area are in Suffolk and Cleveland, and the lowest in Surrey and London. “An estimated 1.8 million adults aged 16 to 59 experienced domestic abuse in the last year, equating to a prevalence rate of six in 100 adults,” the ONS said. “Women were more... [truncated, 4069 chars total - full text at data/raw/news/text/NEWS-guardian_api-dbbfa2ad0414.txt]",data/raw/news/text/NEWS-guardian_api-dbbfa2ad0414.txt
NEWS-guardian_api-dc3be53be519,SCC-2013-05,national,needs_second_review,include,E4-CLEAR,llm_v2,needs_second_review,E5-BORDERLINE-POLICY-RELEVANCE,llm_v2,not_applicable,E6-NOT-REFORM-FLAGGED,llm_v2,include,E8-EDITORIAL-CONFIRMED,llm_v2,,,,"Retirees donate the most to charity, giving 0.49% of their annual income","Retirees donate the most to charity, giving £103 a year despite not working, a survey of over 3300 people conducted by Foresters has shown. The amount donated by those over 65 was more than double that of those aged under 30, who donated £43. When asked what they would give in 2013, over 65s were the most optimistic, predicting they would give 29% more than they do already. The under 30s were the only age group to predict a decrease in their annual donation by 8%. The North East and London are the most charitable regions in the UK, giving 0.38% of their annual income to charity in 2012. The North East, which has the lowest salary and the UK's highest unemployment rate, gave £60. However, London, which has the second highest salary, gave the most in monetary terms, at £100. The East Midlands and Scotland also gave more than the UK average of £77. The West Midlands and Yorkshire gave the smallest percentage of their salary, closely followed by the East. Stephen Dilworth, director of Foresters, said: ""Our findings show that it's not always the wealthiest parts of society which are the most generous. In spite of financial insecurity and the rising cost of living, the over 65s are still the most generous and charitable age group. Youth unemployment and increasing levels of debt are no doubt to blame for the low levels of charitable giving for the under 30s and the predicted low levels in 2013. ""While London has often been seen as one of the most charitable regions, it is surprisin... [truncated, 1786 chars total - full text at data/raw/news/text/NEWS-guardian_api-dc3be53be519.txt]",data/raw/news/text/NEWS-guardian_api-dc3be53be519.txt
NEWS-guardian_api-e080bde3c485,SCC-2017-05,national,needs_second_review,include,E4-CLEAR,llm_v2,needs_second_review,E5-BORDERLINE-POLICY-RELEVANCE,llm_v2,not_applicable,E6-NOT-REFORM-FLAGGED,llm_v2,include,E8-EDITORIAL-CONFIRMED,llm_v2,,,,"Federal Reserve leaves interest rates on hold, as global manufacturing picks up pace - as it happened","And finally, Wall Street has closed a little higher tonight. Shares were helped by the Fed’s upbeat view of the US economy, and its decision not to hike borrowing costs. The blowout ADP jobs figures, released earlier today, also boosted the mood among traders. The strong manufacturing data from January provided another lift. That’s all for today. Goodnight! GW There’s not much market reaction to the Fed decision. The Dow Jones industrial average has turned positive. up a modest 24 points at 19,888 points. Wall Street traders are encouraged that the Fed had an upbeat view of the US economy. “Confidence in the economy was reflected in the more emphatic statement with regard to inflation,” said Atul Lele, chief investment officer at Deltec International Group in Nassau, Bahamas (via Reuters) The next US interest rate hike might not come until June, argues Lee Ferridge, head of multi-asset strategy for North America at State Street Global Markets. The market is currently attaching around a 25 percent probability to a hike in March and that is unlikely to change substantially following the broadly neutral statement. Although recent Fed commenters have taken a more hawkish tone it seems that the uncertainty surrounding likely policy moves in the coming months means that the FOMC remains in wait and see mode. While a March move is still possible should headline inflation and inflation expectations rise materially in the coming weeks, it seems that the June meeting is now the most li... [truncated, 34519 chars total - full text at data/raw/news/text/NEWS-guardian_api-e080bde3c485.txt]",data/raw/news/text/NEWS-guardian_api-e080bde3c485.txt
NEWS-guardian_api-e284c42920f2,ESWS-2026-05,national,needs_second_review,include,E4-CLEAR,llm_v2,needs_second_review,E5-BORDERLINE-POLICY-RELEVANCE,llm_v2,not_applicable,E6-NOT-REFORM-FLAGGED,llm_v2,include,E8-EDITORIAL-CONFIRMED,llm_v2,,,,Home Office data in HMRC benefit fraud trial wrong in 46% of cases,"Home Office travel records used in a trial of a controversial anti-fraud crackdown under which thousands of parents lost their child benefit were so flawed that almost half of the families initially flagged as having emigrated were still living in the UK, it has emerged. The benefit is not payable if the claimant is abroad for more than eight weeks, unless there are exceptional circumstances. The pilot scheme saved HMRC £17m but 46% of families were initially incorrectly flagged as living abroad by Home Office travel data, a margin of error far in excess of the 1% to 5% scientifically acceptable. In Northern Ireland, 78% of cases were initially incorrectly identified as not having returned from trips abroad: 129 families were flagged during the pilot as having left the countrywhen only 28 had actually done so. Kim Johnson, the Labour MP for Liverpool Riverside, called for an urgent investigation after being contacted by several constituents who had their benefits stopped. The results of the pilot raise fundamental questions about using Home Office data to infer fraud, experts have said. “Relying on Home Office data for punitive purposes is always going to be problematic,” said Colin Yeo, an immigration barrister at Garden Court Chambers. The detailed background to the anti-fraud initiative is not yet known, but Yeo said it was “quite alarming” to see Home Office data used “when the data so obviously doesn’t bear the weight that they are placing on it.” The data has emerged tw... [truncated, 4910 chars total - full text at data/raw/news/text/NEWS-guardian_api-e284c42920f2.txt]",data/raw/news/text/NEWS-guardian_api-e284c42920f2.txt
NEWS-guardian_api-e56317990701,SCC-2017-05,national,needs_second_review,include,E4-CLEAR,llm_v2,needs_second_review,E5-BORDERLINE-POLICY-RELEVANCE,llm_v2,not_applicable,E6-NOT-REFORM-FLAGGED,llm_v2,include,E8-EDITORIAL-CONFIRMED,llm_v2,,,,The Guardian view on Yemen: stop helping the killing | Editorial,"It is becoming harder to turn a blind eye to the suffering in Yemen, though plenty of people in London and Washington are trying. In the last month alone, the bombing of a funeral, killing at least 140 people, the strike on a prison, taking 58 more lives, and photographs of skeletal teenagers have all testified to the devastating impact of an overlooked war. Since it broke out in March last year at least 10,000 have died, including 4,000 civilians. The impoverished country struggled even in peacetime. Now more than 3 million have been displaced; 14 million are going hungry. Four out of five Yemenis need aid. The Houthi rebels bear a good deal of blame for the devastation. They drove out the internationally recognised president Abed Rabbo Mansour Hadi, allying with his predecessor, Ali Abdullah Saleh, who had been ousted in the Arab spring. But heavy bombing by the Saudi Arabian-led coalition has claimed an inordinate number of civilian lives – including in the funeral and prison attacks – and it is done with arms and military support from the US, the UK and others. Some argue that this western involvement is moderating Saudi behaviour. That argument, never convincing, looks thinner by the day. The former business secretary Vince Cable has now told the Guardian that he was misled when he signed export licences for British-made missiles on the proviso that the UK would have oversight of potential targets, since the Ministry of Defence has said it has no military personnel in th... [truncated, 4688 chars total - full text at data/raw/news/text/NEWS-guardian_api-e56317990701.txt]",data/raw/news/text/NEWS-guardian_api-e56317990701.txt
NEWS-guardian_api-e9cb8b510777,SCC-2021-05,national,needs_second_review,include,E4-CLEAR,llm_v2,needs_second_review,E5-BORDERLINE-POLICY-RELEVANCE,llm_v2,not_applicable,E6-NOT-REFORM-FLAGGED,llm_v2,include,E8-EDITORIAL-CONFIRMED,llm_v2,,,,"Goodbye pizza, hello toast. Welcome to your Brexit diet | Rhiannon Lucy Cosslett","As we stare at the cliff-edge of a disastrous no-deal Brexit, following a nine-month state of emergency owing to a deadly pandemic, I know that I am not alone in wondering what food, exactly, will make its way to our tables this January. Reports that supermarkets have been told to stockpile in anticipation of food shortages are not reassuring, though we should take comfort in the fact that March’s panic-buying frenzy has limbered us all up somewhat. We are now a nation of preppers. As one shrewd commentator pointed out, you can now repurpose old Soviet jokes: “A man walks into a shop. He asks the clerk, ‘You don’t have any meat?’ The clerk says, ‘No, here we don’t have any fish. The shop that doesn’t have any meat is across the street.’” Let’s set aside the fact that, by this point in the year, we are all sick of cooking for ourselves. At first many of us, myself included, channelled our anxious energy/desperate fear of mortality into food. It was all sourdough and making your own pesto back then, but by this point it’s a Good Day if I can summon the energy to put a potato in the microwave. Is this what life is, just an endless cycle of meal preparation? I always thought my mother was a hero, but now I look at her (on a screen, obvs) with the kind of respect mafiosi afford family members who have done serious time. How many carrots has that hand chopped? If she had a ring, I’d kiss it. So what’s on the menu? Thankfully, MailOnline has provided us with a handy graphic predicti... [truncated, 5135 chars total - full text at data/raw/news/text/NEWS-guardian_api-e9cb8b510777.txt]",data/raw/news/text/NEWS-guardian_api-e9cb8b510777.txt
NEWS-guardian_api-ea7dd4642df3,SCC-2013-05,local,needs_second_review,include,E4-CLEAR,llm_v2,needs_second_review,E5-BORDERLINE-PLACE-MENTION,human,not_applicable,E6-NOT-REFORM-FLAGGED,llm_v2,include,E8-EDITORIAL-CONFIRMED,llm_v2,,,,How one CCG is using Facebook to improve communication,"GPs traditionally have a habit of working very separately from one another, each locked away in their own consultation room. But as we prepare to take on a host of new management responsibilities under the health reforms, we have suddenly found the need to do a lot more talking. As well as modernising services, a number of forward-thinking clinical commissioning groups (CCGs) are also bringing their methods of communication up to date. As part of this, I have been tasked by Esydoc, my East Surrey CCG, to develop its use of social media. These online platforms are already transforming the way we operate by allowing an instantaneous flow of information and suggestions on how best to manage local healthcare services. At the heart of our social media activity is a Facebook group that board members can use to speak to one another. Thanks to social media, we no longer need to rely on face-to-face meetings or long chains of emails to share ideas and hold discussions. It is like an online meeting with real-time minutes that can be easily accessed and updated at any time. The group also allows the CCG to communicate with the 'rank and file' GPs in the area. Take a recent example of one of our GPs who posted about a joint clinic and uploaded the referral form. Within seconds, members could download and print the form, refer patients and provide valuable feedback about the new service. The Facebook page is a huge, multifunctional electronic noticeboard for members. Commissioners can pub... [truncated, 4013 chars total - full text at data/raw/news/text/NEWS-guardian_api-ea7dd4642df3.txt]",data/raw/news/text/NEWS-guardian_api-ea7dd4642df3.txt
NEWS-guardian_api-ec199cb4bde1,ESWS-2026-05,national,needs_second_review,include,E4-CLEAR,llm_v2,needs_second_review,E5-BORDERLINE-POLICY-RELEVANCE,llm_v2,not_applicable,E6-NOT-REFORM-FLAGGED,llm_v2,include,E8-EDITORIAL-CONFIRMED,llm_v2,,,,England’s curriculum review needs to be more radical | Letters ,"It’s hard to disagree with any of the sensible proposals in the Francis review (England curriculum should focus less on exams and more on life skills, finds review, 4 November). My concern is with their modesty in such extreme times. Research has revealed that 80% of headteachers in England think their role has a negative impact on their quality of life, with many making plans to retire or leave the profession early. And 75% of 16- to 25-year-olds describe the future as “frightening”, with justified anxiety about climate breakdown prevalent. So why focus on trimming the sails rather than turning the wheel? The suggestion of 10% less GCSE exam time and slightly reduced content is welcome. But as education is now compulsory until 18, why do we need GCSEs at all? Our teens spend more time preparing for exams than engaging in depth with the topics they cover, with a relentless prioritisation of targeted performance over broad intellectual, social and emotional development. A little more time on PSHE (personal, social, health and economic education) and sports is great, but not a solution. Teaching more about climate change without giving young people the skills and opportunities to take thoughtful, substantive action is likely to backfire, making them feel both responsible and powerless. The review we truly need would start by breaking a taboo: acknowledging that schooling’s current structure aims to give individuals the chance to demonstrate their superior worth to others and be... [truncated, 4241 chars total - full text at data/raw/news/text/NEWS-guardian_api-ec199cb4bde1.txt]",data/raw/news/text/NEWS-guardian_api-ec199cb4bde1.txt
NEWS-guardian_api-ee19672c07a3,SCC-2013-05,national,needs_second_review,include,E4-CLEAR,llm_v2,needs_second_review,E5-BORDERLINE-POLICY-RELEVANCE,llm_v2,not_applicable,E6-NOT-REFORM-FLAGGED,llm_v2,include,E8-EDITORIAL-CONFIRMED,llm_v2,,,,'There probably isn't enough money to tackle long-term unemployment',"Jonty Olliff-Cooper has an ideology. As director of policy and strategy at the troubled Work Programme provider A4E, he believes the lines drawn between the public, private and voluntary sectors are becoming meaningless. Charities now provide services and are paid by their results; councils commission the private sector on matters of social value. Yet a recent attempt to re-brand A4e as a ""social purpose company"" was thwarted when the Advertising Standards Authority deemed the claim to be misleading, arguing it may indicate the company is not-for-profit. So why is the label so important? ""The idea of a [professional] sector doesn't mean much in reality,"" Olliff-Cooper claims. ""There are charities that have no voluntary donations at all; there are charities who do exactly the same contracts that we do. There is a difference between the NSPCC and Bethnal Green football club – and one isn't even a charity. There's a massive spectrum in between [these] and the touchiness that people feel is quite unevenly spread."" He says the organisation is trying to describe its work within this ""funny terrain that doesn't have a name"". ""If you're a business that wants to make social value everything you do, then we get into this really anxious territory. I want to understand why that is, and how we can change it."" A4E has faced criticism over the profit it makes getting unemployed people back into work – as much as £13,000 per successful case – as well as its relationship with smaller organisa... [truncated, 5632 chars total - full text at data/raw/news/text/NEWS-guardian_api-ee19672c07a3.txt]",data/raw/news/text/NEWS-guardian_api-ee19672c07a3.txt
NEWS-guardian_api-f10328c44a0b,ESWS-2026-05,local,needs_second_review,include,E4-CLEAR,llm_v2,needs_second_review,E5-BORDERLINE-PLACE-MENTION,human,not_applicable,E6-NOT-REFORM-FLAGGED,llm_v2,include,E8-EDITORIAL-CONFIRMED,llm_v2,,,,Police set up national group to deal with UK-related Epstein allegations,"British police have set up a new national group to deal with allegations that Jeffrey Epstein’s trafficking of women had ties to Britain, as well as claims against his associates, such as Andrew Mountbatten-Windsor. At least three British police forces are dealing with allegations triggered by the revelations about Epstein and his associates in documents released in the US, with more claims of wrongdoing expected by police officials. A national committee to coordinate the police operations met this week and is scheduled to meet again next week. The group includes police experts on sexual offending and is chaired by a gold commander, Louisa Rolfe, who was previously a Metropolitan police assistant commissioner. One senior policing source said a “tsunami” of allegations was expected as a result of the release of millions of papers relating to Jeffrey Epstein, the disgraced financier who trafficked women and had a network of powerful friends. The forces involved include Thames Valley police, which are assessing two separate claims against Mountbatten-Windsor and whether they merit a full criminal investigation, and Surrey police, which are assessing another allegation against the former prince. Mountbatten-Windsor has denied all wrongdoing. The Met, which is also part of the group, is criminally investigating Peter Mandelson for allegedly passing information to Epstein while a Labour government minister. Bedfordshire police were unable to say whether they were assessing claims t... [truncated, 4428 chars total - full text at data/raw/news/text/NEWS-guardian_api-f10328c44a0b.txt]",data/raw/news/text/NEWS-guardian_api-f10328c44a0b.txt
NEWS-guardian_api-f5a59e72dafd,SCC-2017-05,national,needs_second_review,include,E4-CLEAR,llm_v2,needs_second_review,E5-BORDERLINE-POLICY-RELEVANCE,llm_v2,not_applicable,E6-NOT-REFORM-FLAGGED,llm_v2,include,E8-EDITORIAL-CONFIRMED,llm_v2,,,,English baccalaureate 'creates problems for motivation and behaviour',"The government’s English baccalaureate is stifling pupils by forcing them to take subjects they do not enjoy, in some cases creating problems for motivation and behaviour, according to a survey of schools funded by the National Union of Teachers. The survey of 1,800 NUT members, carried out by researchers at King’s College London, found a large majority blamed the Ebacc – which is a school performance measure – for narrowing the range of subjects being taught for GCSE examinations, with creative and vocational subjects being squeezed out. First introduced in 2010, the Ebacc is a government-mandated suite of GCSE subjects that includes English, maths, sciences, foreign languages, history and geography. The Department for Education has previously said its aim is for 90% of pupils in England to be eligible for the Ebacc. But according to the NUT survey, teachers say the push towards the suite of more traditional, academic subjects has led to fewer schools offering subjects such as music, drama or design and technology, and giving pupils fewer options. “The government should take this report seriously. It uncovers significant problems with the Ebacc and shows the profession does not support the attempt to steer all schools towards a narrow range of subjects,” said Kevin Courtney, general secretary of the NUT. “The demands of Ebacc are driving creative and vocational subjects out of the curriculum and are harming students’ motivation, engagement and appetite for learning.” Around ... [truncated, 4507 chars total - full text at data/raw/news/text/NEWS-guardian_api-f5a59e72dafd.txt]",data/raw/news/text/NEWS-guardian_api-f5a59e72dafd.txt
NEWS-surreylive-e919bc460171,SCC-2021-05,local,needs_second_review,include,E4-CLEAR,llm_v2,needs_second_review,E5-BORDERLINE-PLACE-MENTION,human,not_applicable,E6-NOT-REFORM-FLAGGED,llm_v2,include,E8-EDITORIAL-CONFIRMED,llm_v2,,,,Your complete guide to the local elections 2021,"The UK goes to the polls again on Thursday - but what's up for grabs?
Get the latest email updates for Surrey with our FREE daily newsletter
As a result of pandemic delays, the UK is holding the largest number of polls ever outside of a general election on May 6. “Super Thursday” will see contests take place for the Scottish parliament, the Welsh Senedd, 143 English councils, 13 city or city region mayors, 39 police and crime commissioners, a Greater London Assembly and to elect an MP for Hartlepool. With some contests overdue from 2020, this is an electoral monster. Nearly 50 million people have a vote.
This is the first electoral test for the UK prime minister, Boris Johnson, since his 2019 general election victory. It’s also an initial verdict on Keir Starmer’s “under new management” Labour Party. Outcomes will shape the political agenda for the next year. So what should we expect and what does it all mean for the national picture?
The future of the UK is at stake in the battle for the Scottish parliament. If, as expected, the SNP gains an overall majority, the pressure on Boris Johnson to concede a second independence referendum would intensify. Johnson will refuse as it is far too risky. Expect first minister Nicola Sturgeon’s SNP to test that refusal in the courts – but after that, where does the independence campaign go, other than the streets? Could the SNP be at least temporarily satisfied by an offer of more powers for Scotland?
Even if the SNP falls slightly short,... [truncated, 5507 chars total - full text at data/raw/news/text/NEWS-surreylive-e919bc460171.txt]",data/raw/news/text/NEWS-surreylive-e919bc460171.txt
