article_id,original_url,canonical_url,transformations,wayback_capture_ts,retrieved_at,group_id,group_size,body_hash,relationship,flags,rule_version
NEWS-bbc_surrey-11115058393e,https://www.bbc.co.uk/news/uk-england-surrey-56962571,https://www.bbc.co.uk/news/uk-england-surrey-56962571,,,2026-07-23T13:10:00+00:00,URL-11115058393e,1,8b6828dfdf4ddad9,unique_url,,url-canon-v1.0-2026-07-27
NEWS-bbc_surrey-26a6658188d3,https://www.bbc.co.uk/news/uk-england-surrey-39744547,https://www.bbc.co.uk/news/uk-england-surrey-39744547,,,2026-07-23T12:58:40+00:00,URL-ac6d6d7dbbe2,1,e787470af0f2894f,unique_url,,url-canon-v1.0-2026-07-27
NEWS-bbc_surrey-2bc45058b1df,https://www.bbc.co.uk/news/uk-england-surrey-22305601,https://www.bbc.co.uk/news/uk-england-surrey-22305601,,,2026-07-23T12:53:59+00:00,URL-20f592c249cd,1,35b1459508ccb836,unique_url,,url-canon-v1.0-2026-07-27
NEWS-bbc_surrey-4739f8ec453a,https://www.bbc.co.uk/news/uk-england-surrey-22345538,https://www.bbc.co.uk/news/uk-england-surrey-22345538,,,2026-07-23T12:53:51+00:00,URL-ff9579ff669d,1,bff45b990809cfca,unique_url,,url-canon-v1.0-2026-07-27
NEWS-bbc_surrey-6ed4c884196b,https://www.bbc.co.uk/news/uk-england-surrey-56857797,https://www.bbc.co.uk/news/uk-england-surrey-56857797,,,2026-07-23T13:10:06+00:00,URL-6ed4c884196b,1,d5d1be70d3dea0a9,unique_url,,url-canon-v1.0-2026-07-27
NEWS-bbc_surrey-79d8baad386b,https://www.bbc.co.uk/news/uk-england-surrey-56693048,https://www.bbc.co.uk/news/uk-england-surrey-56693048,,,2026-07-23T13:10:12+00:00,URL-79d8baad386b,1,67167c093044afdf,unique_url,,url-canon-v1.0-2026-07-27
NEWS-bbc_surrey-7cfe84512895,https://www.bbc.co.uk/news/uk-england-surrey-39707475,https://www.bbc.co.uk/news/uk-england-surrey-39707475,,,2026-07-23T12:58:46+00:00,URL-8faac956abb7,1,9fa825bffc2df201,unique_url,,url-canon-v1.0-2026-07-27
NEWS-bbc_surrey-8cf8f699dc50,https://www.bbc.co.uk/news/uk-england-surrey-56846688,https://www.bbc.co.uk/news/uk-england-surrey-56846688,,,2026-07-23T13:10:08+00:00,URL-8cf8f699dc50,1,902bf2d2a8fbad98,unique_url,,url-canon-v1.0-2026-07-27
NEWS-bbc_surrey-9322d4431ec0,https://www.bbc.co.uk/news/uk-england-surrey-22334755,https://www.bbc.co.uk/news/uk-england-surrey-22334755,,,2026-07-23T12:53:55+00:00,URL-67c38659bed9,1,3de7a35de686ad94,unique_url,,url-canon-v1.0-2026-07-27
NEWS-bbc_surrey-956003a841b5,https://www.bbc.co.uk/news/uk-england-surrey-22298858,https://www.bbc.co.uk/news/uk-england-surrey-22298858,,,2026-07-23T12:54:01+00:00,URL-ada73534ae13,1,3727c15c185e825f,unique_url,,url-canon-v1.0-2026-07-27
NEWS-bbc_surrey-a7ba313dba3e,https://www.bbc.co.uk/news/uk-england-surrey-56668096,https://www.bbc.co.uk/news/uk-england-surrey-56668096,,,2026-07-23T13:10:14+00:00,URL-a7ba313dba3e,1,f59293737ffdfc59,unique_url,,url-canon-v1.0-2026-07-27
NEWS-bbc_surrey-b017a311220a,https://www.bbc.co.uk/news/uk-england-surrey-56884838,https://www.bbc.co.uk/news/uk-england-surrey-56884838,,,2026-07-23T13:10:02+00:00,URL-b017a311220a,1,273682c366cc32ab,unique_url,,url-canon-v1.0-2026-07-27
NEWS-bbc_surrey-e9f2afef0dfe,https://www.bbc.co.uk/news/uk-england-surrey-39684216,https://www.bbc.co.uk/news/uk-england-surrey-39684216,,,2026-07-23T12:58:48+00:00,URL-aa1d5227463a,1,952fffd050019cd4,unique_url,,url-canon-v1.0-2026-07-27
NEWS-bbc_surrey-ec4c7ab2a6e9,https://www.bbc.co.uk/news/uk-england-surrey-22306982,https://www.bbc.co.uk/news/uk-england-surrey-22306982,,,2026-07-23T12:53:57+00:00,URL-a626232fe9c9,1,0990d35b359ee8a5,unique_url,,url-canon-v1.0-2026-07-27
NEWS-bbc_surrey-efe6c71df344,https://www.bbc.co.uk/news/uk-england-surrey-56859675,https://www.bbc.co.uk/news/uk-england-surrey-56859675,,,2026-07-23T13:10:04+00:00,URL-efe6c71df344,1,120bc0bae5053137,unique_url,,url-canon-v1.0-2026-07-27
NEWS-google_dated_search-657960f1d419,https://www.farnhamherald.com/news/politics/greens-target-west-surrey-seats-in-may-elections-898354,https://www.farnhamherald.com/news/politics/greens-target-west-surrey-seats-in-may-elections-898354,,,2026-07-23T15:00:36+00:00,URL-657960f1d419,1,5d70181b32c0b5ef,unique_url,,url-canon-v1.0-2026-07-27
NEWS-google_dated_search-91dc1b60bc85,https://epsomandewelltimes.com/east-surrey-unitary-council-candidates-statements-epsom-and-ewell,https://epsomandewelltimes.com/east-surrey-unitary-council-candidates-statements-epsom-and-ewell,,,2026-07-23T14:27:04+00:00,URL-91dc1b60bc85,1,4bd382a50d306d0a,unique_url,,url-canon-v1.0-2026-07-27
NEWS-google_dated_search-9c76ea82d46d,https://www.bbc.com/news/articles/cwydrwp9x2wo,https://www.bbc.com/news/articles/cwydrwp9x2wo,,,2026-07-23T14:24:42+00:00,URL-9c76ea82d46d,1,5f0f11f505079769,unique_url,,url-canon-v1.0-2026-07-27
NEWS-google_dated_search-eef15524394a,https://reformpartydorkinghorley.uk/horley-west-salfords-sidlow-may-7th-election/,https://reformpartydorkinghorley.uk/horley-west-salfords-sidlow-may-7th-election,trailing_slash,,2026-07-23T14:31:05+00:00,URL-d4c209c407b5,1,99070445421eec07,unique_url,,url-canon-v1.0-2026-07-27
NEWS-guardian_api-0012a786cff5,https://www.theguardian.com/politics/live/2016/nov/23/autumn-statement-2016-philip-hammond-brexit-growth-deficit-housing-jams-universal-credit-minimum-wage-live,https://www.theguardian.com/politics/live/2016/nov/23/autumn-statement-2016-philip-hammond-brexit-growth-deficit-housing-jams-universal-credit-minimum-wage-live,,,2026-07-22T21:09:18+00:00,URL-0012a786cff5,1,f761e10a5fc8e80c,unique_url,,url-canon-v1.0-2026-07-27
NEWS-guardian_api-00490703e50c,https://www.theguardian.com/politics/2021/feb/17/david-frost-to-have-cabinet-role-as-eu-pact-enforcer,https://www.theguardian.com/politics/2021/feb/17/david-frost-to-have-cabinet-role-as-eu-pact-enforcer,,,2026-07-22T21:10:32+00:00,URL-00490703e50c,1,9969596007326e4e,unique_url,,url-canon-v1.0-2026-07-27
NEWS-guardian_api-008cb68bf384,https://www.theguardian.com/business/2016/nov/24/lidl-to-give-lowest-paid-staff-pay-rise-to-845-an-hour,https://www.theguardian.com/business/2016/nov/24/lidl-to-give-lowest-paid-staff-pay-rise-to-845-an-hour,,,2026-07-22T21:09:22+00:00,URL-008cb68bf384,1,1d1fbb911f26760a,unique_url,,url-canon-v1.0-2026-07-27
NEWS-guardian_api-00c92ff46985,https://www.theguardian.com/business/2016/nov/20/cbi-brexit-lengthy-transition-period,https://www.theguardian.com/business/2016/nov/20/cbi-brexit-lengthy-transition-period,,,2026-07-22T21:09:15+00:00,URL-00c92ff46985,1,6e3e97abab510d47,unique_url,,url-canon-v1.0-2026-07-27
NEWS-guardian_api-00d8f2af466c,https://www.theguardian.com/politics/blog/live/2017/apr/18/corbyn-cressida-dick-met-police-a-gun-may-not-have-saved-pc-killed-in-westminster-terror-attack-says-new-met-chief-politics-live,https://www.theguardian.com/politics/blog/live/2017/apr/18/corbyn-cressida-dick-met-police-a-gun-may-not-have-saved-pc-killed-in-westminster-terror-attack-says-new-met-chief-politics-live,,,2026-07-22T21:09:52+00:00,URL-00d8f2af466c,1,24bb714c4ad0d027,unique_url,,url-canon-v1.0-2026-07-27
NEWS-guardian_api-012a3330d78d,https://www.theguardian.com/business/live/2025/nov/14/reeves-income-tax-uk-budget-china-factory-output-retail-sales-bonds-stock-economy-business-live-news,https://www.theguardian.com/business/live/2025/nov/14/reeves-income-tax-uk-budget-china-factory-output-retail-sales-bonds-stock-economy-business-live-news,,,2026-07-22T21:07:52+00:00,URL-012a3330d78d,1,ae9831dd6cd4394e,unique_url,,url-canon-v1.0-2026-07-27
NEWS-guardian_api-013bc20a12cf,https://www.theguardian.com/commentisfree/2016/dec/16/dementia-social-care-alzheimers,https://www.theguardian.com/commentisfree/2016/dec/16/dementia-social-care-alzheimers,,,2026-07-22T21:09:40+00:00,URL-013bc20a12cf,1,cbef1d4cb9bddf5b,unique_url,,url-canon-v1.0-2026-07-27
NEWS-guardian_api-0146e9616127,https://www.theguardian.com/politics/2016/nov/30/what-do-you-make-of-the-richmond-byelection,https://www.theguardian.com/politics/2016/nov/30/what-do-you-make-of-the-richmond-byelection,,,2026-07-22T21:09:19+00:00,URL-0146e9616127,1,72be0e5408bff484,unique_url,,url-canon-v1.0-2026-07-27
NEWS-guardian_api-016348683435,https://www.theguardian.com/politics/live/2021/mar/25/uk-covid-coronavirus-live-news-updates-pubs-status,https://www.theguardian.com/politics/live/2021/mar/25/uk-covid-coronavirus-live-news-updates-pubs-status,,,2026-07-22T21:10:33+00:00,URL-016348683435,1,aaab1fcaa8e9c867,unique_url,,url-canon-v1.0-2026-07-27
NEWS-guardian_api-016d35d6838c,https://www.theguardian.com/commentisfree/2016/nov/16/gig-economy-recruitment-agencies-employment-rights,https://www.theguardian.com/commentisfree/2016/nov/16/gig-economy-recruitment-agencies-employment-rights,,,2026-07-22T21:09:47+00:00,URL-016d35d6838c,1,814bf4b73cf4423a,unique_url,,url-canon-v1.0-2026-07-27
NEWS-guardian_api-01bf77bf8c42,https://www.theguardian.com/politics/live/2026/jan/15/local-elections-delays-uk-politics-live-latest-news-keir-starmer,https://www.theguardian.com/politics/live/2026/jan/15/local-elections-delays-uk-politics-live-latest-news-keir-starmer,,,2026-07-22T21:08:18+00:00,URL-01bf77bf8c42,1,c3a811303e9cf5ff,unique_url,,url-canon-v1.0-2026-07-27
NEWS-guardian_api-01d122f69f38,https://www.theguardian.com/environment/2020/nov/13/council-efforts-to-tackle-climate-crisis-hampered-by-uk-government,https://www.theguardian.com/environment/2020/nov/13/council-efforts-to-tackle-climate-crisis-hampered-by-uk-government,,,2026-07-22T21:10:25+00:00,URL-01d122f69f38,1,246126e30e4b6f90,unique_url,,url-canon-v1.0-2026-07-27
NEWS-guardian_api-01e94420bef3,https://www.theguardian.com/public-leaders-network/2012/dec/12/private-sector-not-better-value-services-outsourcing,https://www.theguardian.com/public-leaders-network/2012/dec/12/private-sector-not-better-value-services-outsourcing,,,2026-07-22T21:09:02+00:00,URL-01e94420bef3,1,ec20b977d459aa58,unique_url,,url-canon-v1.0-2026-07-27
NEWS-guardian_api-0240a09cb3df,https://www.theguardian.com/politics/2020/nov/10/boris-johnson-phones-to-congratulate-joe-biden-and-discuss-close-relationship,https://www.theguardian.com/politics/2020/nov/10/boris-johnson-phones-to-congratulate-joe-biden-and-discuss-close-relationship,,,2026-07-22T21:10:17+00:00,URL-0240a09cb3df,1,e3d33db7aabafb3e,unique_url,,url-canon-v1.0-2026-07-27
NEWS-guardian_api-02446cbafe3e,https://www.theguardian.com/politics/2025/nov/12/labour-briefing-war-keir-starmer-morgan-mcsweeney-wes-streeting,https://www.theguardian.com/politics/2025/nov/12/labour-briefing-war-keir-starmer-morgan-mcsweeney-wes-streeting,,,2026-07-22T21:08:02+00:00,URL-02446cbafe3e,1,1a60d705d41cea10,unique_url,,url-canon-v1.0-2026-07-27
NEWS-guardian_api-02506f16d90e,https://www.theguardian.com/politics/blog/2012/nov/19/cameron-miliband-cbi-politics-live-blog,https://www.theguardian.com/politics/blog/2012/nov/19/cameron-miliband-cbi-politics-live-blog,,,2026-07-22T21:08:30+00:00,URL-02506f16d90e,1,d6d03458ae14b1b6,unique_url,,url-canon-v1.0-2026-07-27
NEWS-guardian_api-026581f3004e,https://www.theguardian.com/commentisfree/2021/jan/26/uk-covid-deaths-neglect-austerity-inequality,https://www.theguardian.com/commentisfree/2021/jan/26/uk-covid-deaths-neglect-austerity-inequality,,,2026-07-22T21:10:32+00:00,URL-026581f3004e,1,f0cd4cb1ddc09ee7,unique_url,,url-canon-v1.0-2026-07-27
NEWS-guardian_api-029d5b08f16b,https://www.theguardian.com/uk-news/2021/apr/08/chainsaw-massacre-surrey-police-hunt-phantom-lumberjack-along-river-thames,https://www.theguardian.com/uk-news/2021/apr/08/chainsaw-massacre-surrey-police-hunt-phantom-lumberjack-along-river-thames,,,2026-07-22T21:10:13+00:00,URL-029d5b08f16b,1,9911518d94c9f30d,unique_url,,url-canon-v1.0-2026-07-27
NEWS-guardian_api-02a6bfc3ed95,https://www.theguardian.com/commentisfree/2012/nov/04/uk-economy-create-jobs-sectors,https://www.theguardian.com/commentisfree/2012/nov/04/uk-economy-create-jobs-sectors,,,2026-07-22T21:08:58+00:00,URL-02a6bfc3ed95,1,498e815e2bb8d7bc,unique_url,,url-canon-v1.0-2026-07-27
NEWS-guardian_api-02e695dcdd6b,https://www.theguardian.com/uk-news/2025/nov/27/was-rachel-reeves-budget-really-that-bad,https://www.theguardian.com/uk-news/2025/nov/27/was-rachel-reeves-budget-really-that-bad,,,2026-07-22T21:08:18+00:00,URL-02e695dcdd6b,1,84f7cfde284b6025,unique_url,,url-canon-v1.0-2026-07-27
NEWS-guardian_api-02ed065b77d9,https://www.theguardian.com/world/2012/nov/07/eurozone-growth-next-year-ec,https://www.theguardian.com/world/2012/nov/07/eurozone-growth-next-year-ec,,,2026-07-22T21:08:47+00:00,URL-02ed065b77d9,1,77bb5c35f89ff6b2,unique_url,,url-canon-v1.0-2026-07-27
NEWS-guardian_api-030cf52b689b,https://www.theguardian.com/commentisfree/2017/jan/01/observer-view-on-2017,https://www.theguardian.com/commentisfree/2017/jan/01/observer-view-on-2017,,,2026-07-22T21:09:22+00:00,URL-030cf52b689b,1,21414ed8132f12f1,unique_url,,url-canon-v1.0-2026-07-27
NEWS-guardian_api-037ff6103d50,https://www.theguardian.com/uk-news/2016/dec/01/immigration-to-uk-hit-record-levels-in-run-up-to-brexit-vote-latest-figures-show,https://www.theguardian.com/uk-news/2016/dec/01/immigration-to-uk-hit-record-levels-in-run-up-to-brexit-vote-latest-figures-show,,,2026-07-22T21:09:47+00:00,URL-037ff6103d50,1,fed7d7b754dd61a3,unique_url,,url-canon-v1.0-2026-07-27
NEWS-guardian_api-0385f955b317,https://www.theguardian.com/commentisfree/2021/apr/03/northern-independence-party-electoral-british-politics,https://www.theguardian.com/commentisfree/2021/apr/03/northern-independence-party-electoral-british-politics,,,2026-07-22T21:09:58+00:00,URL-0385f955b317,1,3d19993a5224ed54,unique_url,,url-canon-v1.0-2026-07-27
NEWS-guardian_api-03ca3855bc23,https://www.theguardian.com/commentisfree/2012/dec/06/west-ham-olympic-stadium-legacy,https://www.theguardian.com/commentisfree/2012/dec/06/west-ham-olympic-stadium-legacy,,,2026-07-22T21:08:38+00:00,URL-03ca3855bc23,1,3f4c217cfa3a733b,unique_url,,url-canon-v1.0-2026-07-27
NEWS-guardian_api-0458f64bfff8,https://www.theguardian.com/politics/blog/2013/jan/22/mod-cuts-royal-succession-live-blog,https://www.theguardian.com/politics/blog/2013/jan/22/mod-cuts-royal-succession-live-blog,,,2026-07-22T21:08:34+00:00,URL-0458f64bfff8,1,0cdc11102f42ea5a,unique_url,,url-canon-v1.0-2026-07-27
NEWS-guardian_api-046c55e93349,https://www.theguardian.com/politics/2012/nov/17/europe-tory-rebels,https://www.theguardian.com/politics/2012/nov/17/europe-tory-rebels,,,2026-07-22T21:09:07+00:00,URL-046c55e93349,1,1c47cceea835104d,unique_url,,url-canon-v1.0-2026-07-27
NEWS-guardian_api-04791e69a76d,https://www.theguardian.com/society/2025/nov/19/nhs-failing-waiting-times-recovery-plan-pac-report,https://www.theguardian.com/society/2025/nov/19/nhs-failing-waiting-times-recovery-plan-pac-report,,,2026-07-22T21:07:44+00:00,URL-04791e69a76d,1,52c66cdad82278bb,unique_url,,url-canon-v1.0-2026-07-27
NEWS-guardian_api-048973de164d,https://www.theguardian.com/politics/live/2021/feb/04/uk-covid-live-matt-hancock-to-make-hotel-quarantine-announcement-today-says-pm,https://www.theguardian.com/politics/live/2021/feb/04/uk-covid-live-matt-hancock-to-make-hotel-quarantine-announcement-today-says-pm,,,2026-07-22T21:10:25+00:00,URL-048973de164d,1,2119bf2bf7c813bc,unique_url,,url-canon-v1.0-2026-07-27
NEWS-guardian_api-049a475004ff,https://www.theguardian.com/politics/2016/dec/14/scottish-auditors-to-investigate-9bn-private-finance-bill,https://www.theguardian.com/politics/2016/dec/14/scottish-auditors-to-investigate-9bn-private-finance-bill,,,2026-07-22T21:09:47+00:00,URL-049a475004ff,1,d17ab982a018d355,unique_url,,url-canon-v1.0-2026-07-27
NEWS-guardian_api-049ea67e6b5d,https://www.theguardian.com/local-government-network/2012/dec/07/richard-vize-local-government-recovery-role-ignored,https://www.theguardian.com/local-government-network/2012/dec/07/richard-vize-local-government-recovery-role-ignored,,,2026-07-22T21:08:55+00:00,URL-049ea67e6b5d,1,67cff701d2e017ae,unique_url,,url-canon-v1.0-2026-07-27
NEWS-guardian_api-0542986e54ba,https://www.theguardian.com/commentisfree/2016/nov/05/brexit-right-politics-speaking-for-the-people,https://www.theguardian.com/commentisfree/2016/nov/05/brexit-right-politics-speaking-for-the-people,,,2026-07-22T21:09:15+00:00,URL-0542986e54ba,1,8a72a2601c9ba1c0,unique_url,,url-canon-v1.0-2026-07-27
NEWS-guardian_api-057d61617404,https://www.theguardian.com/politics/blog/2012/nov/14/police-commissioner-contracts-privatisation-elections,https://www.theguardian.com/politics/blog/2012/nov/14/police-commissioner-contracts-privatisation-elections,,,2026-07-22T21:08:30+00:00,URL-057d61617404,1,ce457794ad02c364,unique_url,,url-canon-v1.0-2026-07-27
NEWS-guardian_api-05b0e5f6422a,https://www.theguardian.com/politics/2026/may/06/cameo-gold-bullion-nigel-farage-millions-reform-uk,https://www.theguardian.com/politics/2026/may/06/cameo-gold-bullion-nigel-farage-millions-reform-uk,,,2026-07-22T21:07:54+00:00,URL-05b0e5f6422a,1,9e62c2026604f5e4,unique_url,,url-canon-v1.0-2026-07-27
NEWS-guardian_api-064ee2dd744d,https://www.theguardian.com/commentisfree/2012/nov/27/bid-to-regulate-schools-end-in-failure,https://www.theguardian.com/commentisfree/2012/nov/27/bid-to-regulate-schools-end-in-failure,,,2026-07-22T21:09:02+00:00,URL-064ee2dd744d,1,4f7bdd44bc0c479a,unique_url,,url-canon-v1.0-2026-07-27
NEWS-guardian_api-065cb090074c,https://www.theguardian.com/business/live/2025/nov/25/sterling-volatility-the-budget-rachel-reeves-german-economy-stagnating-stock-markets-business-live-news,https://www.theguardian.com/business/live/2025/nov/25/sterling-volatility-the-budget-rachel-reeves-german-economy-stagnating-stock-markets-business-live-news,,,2026-07-22T21:08:10+00:00,URL-065cb090074c,1,fa8dc5fb8ec5ed00,unique_url,,url-canon-v1.0-2026-07-27
NEWS-guardian_api-06e9e7bbc392,https://www.theguardian.com/politics/2021/feb/07/keir-starmer-lack-of-drama-is-not-a-crisis-for-labour,https://www.theguardian.com/politics/2021/feb/07/keir-starmer-lack-of-drama-is-not-a-crisis-for-labour,,,2026-07-22T21:10:32+00:00,URL-06e9e7bbc392,1,5fb9b006beca7b41,unique_url,,url-canon-v1.0-2026-07-27
NEWS-guardian_api-06ede00eecba,https://www.theguardian.com/commentisfree/2012/nov/26/ukip-conservatives-electoral-pact,https://www.theguardian.com/commentisfree/2012/nov/26/ukip-conservatives-electoral-pact,,,2026-07-22T21:08:30+00:00,URL-06ede00eecba,1,8d3fa15168737145,unique_url,,url-canon-v1.0-2026-07-27
NEWS-guardian_api-06f315a8b222,https://www.theguardian.com/politics/2016/nov/13/smirking-nigel-farage-on-tv-too-much,https://www.theguardian.com/politics/2016/nov/13/smirking-nigel-farage-on-tv-too-much,,,2026-07-22T21:09:15+00:00,URL-06f315a8b222,1,99d38c13a1d6162a,unique_url,,url-canon-v1.0-2026-07-27
NEWS-guardian_api-073f7f9f0d8f,https://www.theguardian.com/environment/2021/jan/15/toxic-waste-lies-beneath-schools-and-homes-uk-landfill-map-shows,https://www.theguardian.com/environment/2021/jan/15/toxic-waste-lies-beneath-schools-and-homes-uk-landfill-map-shows,,,2026-07-22T21:10:25+00:00,URL-073f7f9f0d8f,1,bd52d659a71b27b0,unique_url,,url-canon-v1.0-2026-07-27
NEWS-guardian_api-0745bbf082e5,https://www.theguardian.com/politics/2025/nov/15/wes-streeting-accused-of-chaotic-and-incoherent-approach-to-nhs-reform,https://www.theguardian.com/politics/2025/nov/15/wes-streeting-accused-of-chaotic-and-incoherent-approach-to-nhs-reform,,,2026-07-22T21:08:02+00:00,URL-0745bbf082e5,1,f5a196e3ddd305dd,unique_url,,url-canon-v1.0-2026-07-27
NEWS-guardian_api-07b32fe5103d,https://www.theguardian.com/society/2013/feb/24/ageing-population-impact-families-services,https://www.theguardian.com/society/2013/feb/24/ageing-population-impact-families-services,,,2026-07-22T21:09:02+00:00,URL-07b32fe5103d,1,af87a95ce4b95485,unique_url,,url-canon-v1.0-2026-07-27
NEWS-guardian_api-07c050e08488,https://www.theguardian.com/politics/2012/dec/16/senior-tories-split-ukip-threat,https://www.theguardian.com/politics/2012/dec/16/senior-tories-split-ukip-threat,,,2026-07-22T21:08:34+00:00,URL-07c050e08488,1,5fc9e56c5730e4da,unique_url,,url-canon-v1.0-2026-07-27
NEWS-guardian_api-07c83d9e2ea6,https://www.theguardian.com/commentisfree/2026/mar/26/the-guardian-view-on-a-recovering-nhs-public-confidence-has-risen-but-not-enough,https://www.theguardian.com/commentisfree/2026/mar/26/the-guardian-view-on-a-recovering-nhs-public-confidence-has-risen-but-not-enough,,,2026-07-22T21:08:18+00:00,URL-07c83d9e2ea6,1,2516a9a64af4d566,unique_url,,url-canon-v1.0-2026-07-27
NEWS-guardian_api-07d8c984385b,https://www.theguardian.com/environment/2016/nov/06/nicholas-stern-climate-change-review-10-years-on-interview-decisive-years-humanity,https://www.theguardian.com/environment/2016/nov/06/nicholas-stern-climate-change-review-10-years-on-interview-decisive-years-humanity,,,2026-07-22T21:09:32+00:00,URL-07d8c984385b,1,dc9ff7e30a7d322a,unique_url,,url-canon-v1.0-2026-07-27
NEWS-guardian_api-0829eec7a370,https://www.theguardian.com/commentisfree/2017/jan/26/endured-domestic-violence-victims-austerity-sunderland,https://www.theguardian.com/commentisfree/2017/jan/26/endured-domestic-violence-victims-austerity-sunderland,,,2026-07-22T21:09:26+00:00,URL-0829eec7a370,1,d5bb39cc77fd5de5,unique_url,,url-canon-v1.0-2026-07-27
NEWS-guardian_api-0876578a2bc8,https://www.theguardian.com/commentisfree/2021/mar/22/the-guardian-view-on-public-sector-jobs-keep-gig-economics-out,https://www.theguardian.com/commentisfree/2021/mar/22/the-guardian-view-on-public-sector-jobs-keep-gig-economics-out,,,2026-07-22T21:10:33+00:00,URL-0876578a2bc8,1,305af3f101c9aed7,unique_url,,url-canon-v1.0-2026-07-27
NEWS-guardian_api-08bf8cb06faa,https://www.theguardian.com/society/2012/dec/18/local-government-cuts-jaws-doom-bite,https://www.theguardian.com/society/2012/dec/18/local-government-cuts-jaws-doom-bite,,,2026-07-22T21:08:55+00:00,URL-08bf8cb06faa,1,d78e3e1942cb9140,unique_url,,url-canon-v1.0-2026-07-27
NEWS-guardian_api-08e4aa68d5d2,https://www.theguardian.com/commentisfree/2016/nov/28/ukip-labour-paul-nuttall-douglas-carswell,https://www.theguardian.com/commentisfree/2016/nov/28/ukip-labour-paul-nuttall-douglas-carswell,,,2026-07-22T21:09:47+00:00,URL-08e4aa68d5d2,1,91c416ddea014278,unique_url,,url-canon-v1.0-2026-07-27
NEWS-guardian_api-092b75fc4995,https://www.theguardian.com/politics/2012/nov/27/ukip-candidate-gay-adoption-abuse,https://www.theguardian.com/politics/2012/nov/27/ukip-candidate-gay-adoption-abuse,,,2026-07-22T21:08:31+00:00,URL-092b75fc4995,1,652cd9c9573aa008,unique_url,,url-canon-v1.0-2026-07-27
NEWS-guardian_api-097b30b5bdb0,https://www.theguardian.com/politics/2012/nov/16/labour-wins-cardiff-byelection,https://www.theguardian.com/politics/2012/nov/16/labour-wins-cardiff-byelection,,,2026-07-22T21:08:30+00:00,URL-097b30b5bdb0,1,699173691107156e,unique_url,,url-canon-v1.0-2026-07-27
NEWS-guardian_api-099bbd6be4e7,https://www.theguardian.com/politics/2021/mar/30/do-people-honestly-think-this-is-the-easy-road-how-anas-sarwar-became-scottish-labour-leader,https://www.theguardian.com/politics/2021/mar/30/do-people-honestly-think-this-is-the-easy-road-how-anas-sarwar-became-scottish-labour-leader,,,2026-07-22T21:10:38+00:00,URL-099bbd6be4e7,1,4cf91b9f2221e9e5,unique_url,,url-canon-v1.0-2026-07-27
NEWS-guardian_api-09a3562050d0,https://www.theguardian.com/education/2025/nov/27/warning-of-20bn-timebomb-as-reeves-switches-send-funding-in-england-to-education-department,https://www.theguardian.com/education/2025/nov/27/warning-of-20bn-timebomb-as-reeves-switches-send-funding-in-england-to-education-department,,,2026-07-22T21:08:10+00:00,URL-09a3562050d0,1,17ce2bf6a76deccc,unique_url,,url-canon-v1.0-2026-07-27
NEWS-guardian_api-09b09e25a870,https://www.theguardian.com/uk/the-northerner/2012/dec/07/liberaldemocrats-nickclegg,https://www.theguardian.com/uk/the-northerner/2012/dec/07/liberaldemocrats-nickclegg,,,2026-07-22T21:08:34+00:00,URL-09b09e25a870,1,4f897ea508cc6939,unique_url,,url-canon-v1.0-2026-07-27
NEWS-guardian_api-09ef53d277ef,https://www.theguardian.com/commentisfree/2020/nov/07/tending-to-the-homeless-was-a-rare-covid-success-were-failing-again,https://www.theguardian.com/commentisfree/2020/nov/07/tending-to-the-homeless-was-a-rare-covid-success-were-failing-again,,,2026-07-22T21:10:17+00:00,URL-09ef53d277ef,1,db761d91b58565b3,unique_url,,url-canon-v1.0-2026-07-27
NEWS-guardian_api-0a1e3435853c,https://www.theguardian.com/commentisfree/2013/jan/09/child-benefit-cuts-not-attack-stay-home-mums,https://www.theguardian.com/commentisfree/2013/jan/09/child-benefit-cuts-not-attack-stay-home-mums,,,2026-07-22T21:08:38+00:00,URL-0a1e3435853c,1,fbf8169215fbeb3f,unique_url,,url-canon-v1.0-2026-07-27
NEWS-guardian_api-0a8e89874ca9,https://www.theguardian.com/society/2025/nov/11/councillors-in-england-face-suspensions-for-misconduct-as-part-of-government-overhaul,https://www.theguardian.com/society/2025/nov/11/councillors-in-england-face-suspensions-for-misconduct-as-part-of-government-overhaul,,,2026-07-22T21:08:02+00:00,URL-0a8e89874ca9,1,339e5efd16cf7bb2,unique_url,,url-canon-v1.0-2026-07-27
NEWS-guardian_api-0ac84e86be7c,https://www.theguardian.com/world/2020/dec/09/boris-johnson-uk-prime-minister-brussels-eu-talks,https://www.theguardian.com/world/2020/dec/09/boris-johnson-uk-prime-minister-brussels-eu-talks,,,2026-07-22T21:10:03+00:00,URL-0ac84e86be7c,1,5f65e39bde1d3f56,unique_url,,url-canon-v1.0-2026-07-27
NEWS-guardian_api-0b11943945c9,https://www.theguardian.com/politics/blog/2012/nov/08/andrew-mitchell-rwanda-aid-live-blog,https://www.theguardian.com/politics/blog/2012/nov/08/andrew-mitchell-rwanda-aid-live-blog,,,2026-07-22T21:08:47+00:00,URL-0b11943945c9,1,73392212519159f8,unique_url,,url-canon-v1.0-2026-07-27
NEWS-guardian_api-0b52d02ff5ec,https://www.theguardian.com/society/2026/mar/02/labour-council-minister-steve-reed-moral-bankruptcy-social-care-dispute,https://www.theguardian.com/society/2026/mar/02/labour-council-minister-steve-reed-moral-bankruptcy-social-care-dispute,,,2026-07-22T21:08:10+00:00,URL-0b52d02ff5ec,1,a47b9a96f2ca457d,unique_url,,url-canon-v1.0-2026-07-27
NEWS-guardian_api-0b634f4593ed,https://www.theguardian.com/commentisfree/2012/nov/26/rotherham-electioneering-local-activists,https://www.theguardian.com/commentisfree/2012/nov/26/rotherham-electioneering-local-activists,,,2026-07-22T21:08:31+00:00,URL-0b634f4593ed,1,bd6feb3c2e9aa01e,unique_url,,url-canon-v1.0-2026-07-27
NEWS-guardian_api-0b7525252d1e,https://www.theguardian.com/politics/2025/nov/13/wes-streeting-prime-minister-starmer-leadership-challenge,https://www.theguardian.com/politics/2025/nov/13/wes-streeting-prime-minister-starmer-leadership-challenge,,,2026-07-22T21:07:44+00:00,URL-0b7525252d1e,1,15d4d97a6398beaa,unique_url,,url-canon-v1.0-2026-07-27
NEWS-guardian_api-0ba5704c8eb6,https://www.theguardian.com/travel/shortcuts/2017/jan/11/will-bath-dare-to-become-the-first-uk-city-with-a-tourist-tax,https://www.theguardian.com/travel/shortcuts/2017/jan/11/will-bath-dare-to-become-the-first-uk-city-with-a-tourist-tax,,,2026-07-22T21:09:40+00:00,URL-0ba5704c8eb6,1,31d8bb5756e12621,unique_url,,url-canon-v1.0-2026-07-27
NEWS-guardian_api-0bff875266df,https://www.theguardian.com/uk-news/2025/nov/23/a-wealth-tax-would-be-simple-and-fair-whats-not-to-like,https://www.theguardian.com/uk-news/2025/nov/23/a-wealth-tax-would-be-simple-and-fair-whats-not-to-like,,,2026-07-22T21:07:45+00:00,URL-0bff875266df,1,7515fc6bbca5e22d,unique_url,,url-canon-v1.0-2026-07-27
NEWS-guardian_api-0c3aeebde273,https://www.theguardian.com/local-government-network/2012/nov/12/parish-town-councils-localism-inquiry,https://www.theguardian.com/local-government-network/2012/nov/12/parish-town-councils-localism-inquiry,,,2026-07-22T21:08:55+00:00,URL-0c3aeebde273,1,6b81a3b5a20672fa,unique_url,,url-canon-v1.0-2026-07-27
NEWS-guardian_api-0c8292a161ed,https://www.theguardian.com/society/2012/dec/05/george-osborne-autumn-statement,https://www.theguardian.com/society/2012/dec/05/george-osborne-autumn-statement,,,2026-07-22T21:08:38+00:00,URL-0c8292a161ed,1,7834659ce295a17b,unique_url,,url-canon-v1.0-2026-07-27
NEWS-guardian_api-0ca8aafa75f0,https://www.theguardian.com/commentisfree/2025/dec/05/labour-supporters-child-poverty-honest-about-brexit,https://www.theguardian.com/commentisfree/2025/dec/05/labour-supporters-child-poverty-honest-about-brexit,,,2026-07-22T21:08:10+00:00,URL-0ca8aafa75f0,1,7c8ccddffd0eec88,unique_url,,url-canon-v1.0-2026-07-27
NEWS-guardian_api-0cadb7445ab9,https://www.theguardian.com/commentisfree/2017/mar/29/article-50-remainers-accept-brexit-irreversible-defeat,https://www.theguardian.com/commentisfree/2017/mar/29/article-50-remainers-accept-brexit-irreversible-defeat,,,2026-07-22T21:09:52+00:00,URL-0cadb7445ab9,1,ceca952b0f46ace4,unique_url,,url-canon-v1.0-2026-07-27
NEWS-guardian_api-0ce58f83c030,https://www.theguardian.com/local-government-network/2013/feb/01/payment-results-staff-fictions,https://www.theguardian.com/local-government-network/2013/feb/01/payment-results-staff-fictions,,,2026-07-22T21:09:02+00:00,URL-0ce58f83c030,1,2bd62ad8f7f2bda4,unique_url,,url-canon-v1.0-2026-07-27
NEWS-guardian_api-0d0f78f598ff,https://www.theguardian.com/uk/2012/dec/01/tory-rural-raid-andrew-motion,https://www.theguardian.com/uk/2012/dec/01/tory-rural-raid-andrew-motion,,,2026-07-22T21:08:55+00:00,URL-0d0f78f598ff,1,43a817d6dae68e89,unique_url,,url-canon-v1.0-2026-07-27
NEWS-guardian_api-0d4218015319,https://www.theguardian.com/politics/2021/apr/27/independents-day-the-rise-of-hyperlocal-political-parties,https://www.theguardian.com/politics/2021/apr/27/independents-day-the-rise-of-hyperlocal-political-parties,,,2026-07-22T21:10:03+00:00,URL-0d4218015319,1,bb3944716cd3c552,unique_url,,url-canon-v1.0-2026-07-27
NEWS-guardian_api-0db4d3351eb5,https://www.theguardian.com/culture-professionals-network/culture-professionals-blog/2012/nov/22/newcastle-council-arts-cuts-response,https://www.theguardian.com/culture-professionals-network/culture-professionals-blog/2012/nov/22/newcastle-council-arts-cuts-response,,,2026-07-22T21:08:55+00:00,URL-0db4d3351eb5,1,41faae29536864b9,unique_url,,url-canon-v1.0-2026-07-27
NEWS-guardian_api-0e0440629380,https://www.theguardian.com/society/2017/feb/15/inflation-could-push-more-britons-below-poverty-line,https://www.theguardian.com/society/2017/feb/15/inflation-could-push-more-britons-below-poverty-line,,,2026-07-22T21:09:23+00:00,URL-0e0440629380,1,9ee7c0804f03c0b9,unique_url,,url-canon-v1.0-2026-07-27
NEWS-guardian_api-0e15eba67219,https://www.theguardian.com/uk-news/2021/feb/25/nicola-sturgeon-challenged-alleged-naming-alex-salmond-complainer,https://www.theguardian.com/uk-news/2021/feb/25/nicola-sturgeon-challenged-alleged-naming-alex-salmond-complainer,,,2026-07-22T21:10:38+00:00,URL-0e15eba67219,1,cfaf9a9f5833be6e,unique_url,,url-canon-v1.0-2026-07-27
NEWS-guardian_api-0e3c32f7fb4b,https://www.theguardian.com/politics/blog/live/2016/nov/10/may-hails-golden-era-in-relations-with-china-politics-live,https://www.theguardian.com/politics/blog/live/2016/nov/10/may-hails-golden-era-in-relations-with-china-politics-live,,,2026-07-22T21:09:15+00:00,URL-0e3c32f7fb4b,1,9157db8903a89d5b,unique_url,,url-canon-v1.0-2026-07-27
NEWS-guardian_api-0e4b343e2ebd,https://www.theguardian.com/world/live/2020/nov/12/coronavirus-live-news-new-york-reimposes-restrictions-as-us-sees-world-record-136000-cases-in-one-day,https://www.theguardian.com/world/live/2020/nov/12/coronavirus-live-news-new-york-reimposes-restrictions-as-us-sees-world-record-136000-cases-in-one-day,,,2026-07-22T21:10:17+00:00,URL-0e4b343e2ebd,1,d45d74eb6fa9ac70,unique_url,,url-canon-v1.0-2026-07-27
NEWS-guardian_api-0e56f1ee2f84,https://www.theguardian.com/society/2025/dec/17/some-of-england-most-deprived-councils-to-receive-funding-boost-in-new-deal,https://www.theguardian.com/society/2025/dec/17/some-of-england-most-deprived-councils-to-receive-funding-boost-in-new-deal,,,2026-07-22T21:08:10+00:00,URL-0e56f1ee2f84,1,802cb67c478f3eea,unique_url,,url-canon-v1.0-2026-07-27
NEWS-guardian_api-0e8dee96ff49,https://www.theguardian.com/business/2013/feb/13/cbi-george-osborne-infrastructure-budget,https://www.theguardian.com/business/2013/feb/13/cbi-george-osborne-infrastructure-budget,,,2026-07-22T21:08:38+00:00,URL-0e8dee96ff49,1,9df58d77dd1c39a7,unique_url,,url-canon-v1.0-2026-07-27
NEWS-guardian_api-0e95f9ffd3d0,https://www.theguardian.com/commentisfree/2025/nov/13/doctors-strike-wes-streeting-bma,https://www.theguardian.com/commentisfree/2025/nov/13/doctors-strike-wes-streeting-bma,,,2026-07-22T21:07:52+00:00,URL-0e95f9ffd3d0,1,981994d6a7be16d7,unique_url,,url-canon-v1.0-2026-07-27
NEWS-guardian_api-0e9cc2c3db19,https://www.theguardian.com/politics/2017/feb/01/liam-fox-dismisses-nhs-takeover-fears-as-us-trade-talks-begin,https://www.theguardian.com/politics/2017/feb/01/liam-fox-dismisses-nhs-takeover-fears-as-us-trade-talks-begin,,,2026-07-22T21:09:47+00:00,URL-0e9cc2c3db19,1,5b213be67570bc5d,unique_url,,url-canon-v1.0-2026-07-27
NEWS-guardian_api-0eaf2e5fe70f,https://www.theguardian.com/politics/2012/nov/22/nadine-dorries-im-a-celebrity,https://www.theguardian.com/politics/2012/nov/22/nadine-dorries-im-a-celebrity,,,2026-07-22T21:08:30+00:00,URL-0eaf2e5fe70f,1,285011a9e97e0ac6,unique_url,,url-canon-v1.0-2026-07-27
NEWS-guardian_api-0eca1028d363,https://www.theguardian.com/politics/blog/2012/nov/14/unemployment-growth-inflation-bank-england-live,https://www.theguardian.com/politics/blog/2012/nov/14/unemployment-growth-inflation-bank-england-live,,,2026-07-22T21:08:30+00:00,URL-0eca1028d363,1,7872c433803b7a9b,unique_url,,url-canon-v1.0-2026-07-27
NEWS-guardian_api-0f4380a6f846,https://www.theguardian.com/education/2021/mar/10/revisiting-the-rose-tinted-british-history-i-was-taught-60-years-ago,https://www.theguardian.com/education/2021/mar/10/revisiting-the-rose-tinted-british-history-i-was-taught-60-years-ago,,,2026-07-22T21:09:58+00:00,URL-0f4380a6f846,1,772e865e9708cd67,unique_url,,url-canon-v1.0-2026-07-27
NEWS-guardian_api-0f6427c7971c,https://www.theguardian.com/society/2020/nov/30/military-starts-work-on-covid-vaccination-centre-in-bristol-football-stadium,https://www.theguardian.com/society/2020/nov/30/military-starts-work-on-covid-vaccination-centre-in-bristol-football-stadium,,,2026-07-22T21:10:12+00:00,URL-0f6427c7971c,1,899710bb05bd0f2e,unique_url,,url-canon-v1.0-2026-07-27
NEWS-guardian_api-0f663c4786a5,https://www.theguardian.com/commentisfree/2020/nov/10/the-guardian-view-on-food-banks-put-them-out-of-business,https://www.theguardian.com/commentisfree/2020/nov/10/the-guardian-view-on-food-banks-put-them-out-of-business,,,2026-07-22T21:10:17+00:00,URL-0f663c4786a5,1,107d4283c50c9a2d,unique_url,,url-canon-v1.0-2026-07-27
NEWS-guardian_api-0f862602fb78,https://www.theguardian.com/politics/live/2025/nov/30/rachel-reeves-defend-budget-deficit-claims-keir-starmer-your-party-uk-politics-live,https://www.theguardian.com/politics/live/2025/nov/30/rachel-reeves-defend-budget-deficit-claims-keir-starmer-your-party-uk-politics-live,,,2026-07-22T21:07:48+00:00,URL-0f862602fb78,1,7311b0507e3db8b2,unique_url,,url-canon-v1.0-2026-07-27
NEWS-guardian_api-0fd0b5e78812,https://www.theguardian.com/commentisfree/2016/nov/22/nigel-farage-tories-trump-brexit,https://www.theguardian.com/commentisfree/2016/nov/22/nigel-farage-tories-trump-brexit,,,2026-07-22T21:09:15+00:00,URL-0fd0b5e78812,1,f7820368b2ebe8ed,unique_url,,url-canon-v1.0-2026-07-27
NEWS-guardian_api-0fd1f3a60f98,https://www.theguardian.com/politics/2020/nov/09/uk-vaccine-taskforce-chief-kate-bingham-expected-to-quit,https://www.theguardian.com/politics/2020/nov/09/uk-vaccine-taskforce-chief-kate-bingham-expected-to-quit,,,2026-07-22T21:10:17+00:00,URL-0fd1f3a60f98,1,903c980ab360201d,unique_url,,url-canon-v1.0-2026-07-27
NEWS-guardian_api-1018ef1273a6,https://www.theguardian.com/politics/2026/jan/13/wes-breaks-cover-to-challenge-keir-without-even-mentioning-him,https://www.theguardian.com/politics/2026/jan/13/wes-breaks-cover-to-challenge-keir-without-even-mentioning-him,,,2026-07-22T21:08:18+00:00,URL-1018ef1273a6,1,ff4ae227dd2e27ac,unique_url,,url-canon-v1.0-2026-07-27
NEWS-guardian_api-101fffb53968,https://www.theguardian.com/commentisfree/2013/jan/08/nhs-david-cameron-compassion,https://www.theguardian.com/commentisfree/2013/jan/08/nhs-david-cameron-compassion,,,2026-07-22T21:09:02+00:00,URL-101fffb53968,1,26b9bdf2290109ee,unique_url,,url-canon-v1.0-2026-07-27
NEWS-guardian_api-1079fc15f69b,https://www.theguardian.com/politics/live/2025/dec/03/nigel-farage-deal-tories-conservatives-pact-kemi-badenoch-labour-keir-starmer-pmqs-uk-politics-news-live,https://www.theguardian.com/politics/live/2025/dec/03/nigel-farage-deal-tories-conservatives-pact-kemi-badenoch-labour-keir-starmer-pmqs-uk-politics-news-live,,,2026-07-22T21:08:18+00:00,URL-1079fc15f69b,1,b7e217e40aa19ae2,unique_url,,url-canon-v1.0-2026-07-27
NEWS-guardian_api-1099a1d73765,https://www.theguardian.com/society/2012/dec/18/private-healthcare-lessons-from-sweden,https://www.theguardian.com/society/2012/dec/18/private-healthcare-lessons-from-sweden,,,2026-07-22T21:09:02+00:00,URL-1099a1d73765,1,d187c3320c42aaa0,unique_url,,url-canon-v1.0-2026-07-27
NEWS-guardian_api-10a03648e659,https://www.theguardian.com/politics/2020/nov/13/dominic-cummings-has-already-left-job-at-no-10-reports,https://www.theguardian.com/politics/2020/nov/13/dominic-cummings-has-already-left-job-at-no-10-reports,,,2026-07-22T21:10:17+00:00,URL-10a03648e659,1,98e17d1e9c3ad8d7,unique_url,,url-canon-v1.0-2026-07-27
NEWS-guardian_api-10aab1e6d7cc,https://www.theguardian.com/business/live/2020/dec/16/uk-inflation-black-friday-clothing-food-services-manufacturing-ftse-pound-federal-reserve-business-liver,https://www.theguardian.com/business/live/2020/dec/16/uk-inflation-black-friday-clothing-food-services-manufacturing-ftse-pound-federal-reserve-business-liver,,,2026-07-22T21:10:07+00:00,URL-10aab1e6d7cc,1,f105c2043641f6d4,unique_url,,url-canon-v1.0-2026-07-27
NEWS-guardian_api-10b1c8dbdd7e,https://www.theguardian.com/society/2012/nov/27/society-daily-email,https://www.theguardian.com/society/2012/nov/27/society-daily-email,,,2026-07-22T21:08:31+00:00,URL-10b1c8dbdd7e,1,d6cd573003c067d2,unique_url,,url-canon-v1.0-2026-07-27
NEWS-guardian_api-113d19ed788e,https://www.theguardian.com/politics/2016/nov/28/new-ukip-leader-paul-nuttall-poses-threat-to-labour-and-the-tories,https://www.theguardian.com/politics/2016/nov/28/new-ukip-leader-paul-nuttall-poses-threat-to-labour-and-the-tories,,,2026-07-22T21:09:19+00:00,URL-113d19ed788e,1,6550b0176f59d0f5,unique_url,,url-canon-v1.0-2026-07-27
NEWS-guardian_api-1160d4bb9e2d,https://www.theguardian.com/commentisfree/2026/mar/06/uk-death-healthy-life-expectancy-decline-state,https://www.theguardian.com/commentisfree/2026/mar/06/uk-death-healthy-life-expectancy-decline-state,,,2026-07-22T21:08:18+00:00,URL-1160d4bb9e2d,1,f1643780f4bd7336,unique_url,,url-canon-v1.0-2026-07-27
NEWS-guardian_api-1172b02ce504,https://www.theguardian.com/society/2016/dec/13/may-plans-social-care-shakeup-to-ease-pressure-on-councils,https://www.theguardian.com/society/2016/dec/13/may-plans-social-care-shakeup-to-ease-pressure-on-councils,,,2026-07-22T21:09:40+00:00,URL-1172b02ce504,1,700b31b9e88965fc,unique_url,,url-canon-v1.0-2026-07-27
NEWS-guardian_api-11c9f9d9e2b4,https://www.theguardian.com/commentisfree/2017/feb/08/the-guardian-view-on-social-care-all-councils-need-more-cash,https://www.theguardian.com/commentisfree/2017/feb/08/the-guardian-view-on-social-care-all-councils-need-more-cash,,,2026-07-22T21:09:26+00:00,URL-11c9f9d9e2b4,1,7844a45a2cb70e32,unique_url,,url-canon-v1.0-2026-07-27
NEWS-guardian_api-124507a926cf,https://www.theguardian.com/politics/2016/dec/12/end-brexit-uncertainty-for-eu-citizens-in-the-uk-report-urges,https://www.theguardian.com/politics/2016/dec/12/end-brexit-uncertainty-for-eu-citizens-in-the-uk-report-urges,,,2026-07-22T21:09:19+00:00,URL-124507a926cf,1,fc1f8cd525510749,unique_url,,url-canon-v1.0-2026-07-27
NEWS-guardian_api-124eda8441fa,https://www.theguardian.com/commentisfree/2026/feb/28/keir-starmer-response-gorton-denton-debacle,https://www.theguardian.com/commentisfree/2026/feb/28/keir-starmer-response-gorton-denton-debacle,,,2026-07-22T21:08:23+00:00,URL-124eda8441fa,1,fea1bf04aaa69337,unique_url,,url-canon-v1.0-2026-07-27
NEWS-guardian_api-137d44e0e831,https://www.theguardian.com/commentisfree/2021/mar/24/greed-covid-vaccine-success-state-finance-nhs-,https://www.theguardian.com/commentisfree/2021/mar/24/greed-covid-vaccine-success-state-finance-nhs-,,,2026-07-22T21:10:33+00:00,URL-137d44e0e831,1,1ecbf0a9fea068bc,unique_url,,url-canon-v1.0-2026-07-27
NEWS-guardian_api-13aa76e8ef8f,https://www.theguardian.com/artanddesign/2025/dec/02/larry-achiampong-art-queen-elizabeth-portrait-foreign-office,https://www.theguardian.com/artanddesign/2025/dec/02/larry-achiampong-art-queen-elizabeth-portrait-foreign-office,,,2026-07-22T21:07:48+00:00,URL-13aa76e8ef8f,1,f6a476b2b055afb0,unique_url,,url-canon-v1.0-2026-07-27
NEWS-guardian_api-13c48e6a3545,https://www.theguardian.com/politics/live/2026/mar/19/labour-eu-iran-covid-local-elections-meningitis-latest-news-updates,https://www.theguardian.com/politics/live/2026/mar/19/labour-eu-iran-covid-local-elections-meningitis-latest-news-updates,,,2026-07-22T21:08:18+00:00,URL-13c48e6a3545,1,396b08ff291850f1,unique_url,,url-canon-v1.0-2026-07-27
NEWS-guardian_api-141f943cc91b,https://www.theguardian.com/healthcare-network/2016/dec/16/social-care-crisis-nhs-trusts,https://www.theguardian.com/healthcare-network/2016/dec/16/social-care-crisis-nhs-trusts,,,2026-07-22T21:09:40+00:00,URL-141f943cc91b,1,e671af6a3f2fe129,unique_url,,url-canon-v1.0-2026-07-27
NEWS-guardian_api-1429257bc6d2,https://www.theguardian.com/business/live/2021/mar/31/uk-economy-gdp-2020-house-prices-lloyds-deliveroo-markets-ftse-gold-business-live,https://www.theguardian.com/business/live/2021/mar/31/uk-economy-gdp-2020-house-prices-lloyds-deliveroo-markets-ftse-gold-business-live,,,2026-07-22T21:10:07+00:00,URL-1429257bc6d2,1,19838774e82e7beb,unique_url,,url-canon-v1.0-2026-07-27
NEWS-guardian_api-144e1dac4ba0,https://www.theguardian.com/business/2017/jan/20/george-soros-theresa-may-wont-last-and-donald-trump-is-would-be-dictator,https://www.theguardian.com/business/2017/jan/20/george-soros-theresa-may-wont-last-and-donald-trump-is-would-be-dictator,,,2026-07-22T21:09:22+00:00,URL-144e1dac4ba0,1,72436078b04a5f71,unique_url,,url-canon-v1.0-2026-07-27
NEWS-guardian_api-149e4ff1faf0,https://www.theguardian.com/uk-news/2025/nov/16/refugees-established-in-uk-may-have-to-return-if-home-countries-become-safe,https://www.theguardian.com/uk-news/2025/nov/16/refugees-established-in-uk-may-have-to-return-if-home-countries-become-safe,,,2026-07-22T21:08:02+00:00,URL-149e4ff1faf0,1,df4ab2cc658aaf05,unique_url,,url-canon-v1.0-2026-07-27
NEWS-guardian_api-14dc711dc320,https://www.theguardian.com/commentisfree/2013/apr/19/editorial-labour-answers-anger,https://www.theguardian.com/commentisfree/2013/apr/19/editorial-labour-answers-anger,,,2026-07-22T21:09:08+00:00,URL-14dc711dc320,1,8f8de70f4e1b68f2,unique_url,,url-canon-v1.0-2026-07-27
NEWS-guardian_api-14ec9eb3a0be,https://www.theguardian.com/business/economics-blog/2012/nov/14/uk-long-winding-road-mervyn-king-beatles,https://www.theguardian.com/business/economics-blog/2012/nov/14/uk-long-winding-road-mervyn-king-beatles,,,2026-07-22T21:08:38+00:00,URL-14ec9eb3a0be,1,2b2049936a1b3635,unique_url,,url-canon-v1.0-2026-07-27
NEWS-guardian_api-14f01c516f5a,https://www.theguardian.com/commentisfree/2016/nov/13/donald-trump-nigel-farage-picture-trump-tower,https://www.theguardian.com/commentisfree/2016/nov/13/donald-trump-nigel-farage-picture-trump-tower,,,2026-07-22T21:09:15+00:00,URL-14f01c516f5a,1,4343671b1e8bb76b,unique_url,,url-canon-v1.0-2026-07-27
NEWS-guardian_api-152fdafd6934,https://www.theguardian.com/local-government-network/2012/nov/19/live-discussion-serco-social-care-council-partnerships,https://www.theguardian.com/local-government-network/2012/nov/19/live-discussion-serco-social-care-council-partnerships,,,2026-07-22T21:08:42+00:00,URL-152fdafd6934,1,b37435643666f652,unique_url,,url-canon-v1.0-2026-07-27
NEWS-guardian_api-153929a88888,https://www.theguardian.com/commentisfree/2021/feb/01/labour-immigration-keir-starmer,https://www.theguardian.com/commentisfree/2021/feb/01/labour-immigration-keir-starmer,,,2026-07-22T21:10:32+00:00,URL-153929a88888,1,7fc7759c6469b2f4,unique_url,,url-canon-v1.0-2026-07-27
NEWS-guardian_api-154978d8ee4f,https://www.theguardian.com/media/2025/nov/13/bbc-apologises-to-donald-trump-over-edit-of-speech-for-panorama,https://www.theguardian.com/media/2025/nov/13/bbc-apologises-to-donald-trump-over-edit-of-speech-for-panorama,,,2026-07-22T21:07:44+00:00,URL-154978d8ee4f,1,ba7dcb06fc9611dd,unique_url,,url-canon-v1.0-2026-07-27
NEWS-guardian_api-15c78ab8a5e5,https://www.theguardian.com/society/2017/jan/20/theresa-may-council-chief-others-will-follow-surrey-tax-rise-social-care,https://www.theguardian.com/society/2017/jan/20/theresa-may-council-chief-others-will-follow-surrey-tax-rise-social-care,,,2026-07-22T21:09:26+00:00,URL-15c78ab8a5e5,1,c9093d06f4091ad8,unique_url,,url-canon-v1.0-2026-07-27
NEWS-guardian_api-160dd24e8efe,https://www.theguardian.com/social-care-network/2012/dec/07/osborne-autumn-statement-disabled-people,https://www.theguardian.com/social-care-network/2012/dec/07/osborne-autumn-statement-disabled-people,,,2026-07-22T21:08:38+00:00,URL-160dd24e8efe,1,00ae19fe20c20b2f,unique_url,,url-canon-v1.0-2026-07-27
NEWS-guardian_api-16c832ae4a4b,https://www.theguardian.com/politics/blog/2012/nov/09/police-and-crime-commissioners-police,https://www.theguardian.com/politics/blog/2012/nov/09/police-and-crime-commissioners-police,,,2026-07-22T21:08:30+00:00,URL-16c832ae4a4b,1,1adcf28ce2d0f986,unique_url,,url-canon-v1.0-2026-07-27
NEWS-guardian_api-16ee2767239a,https://www.theguardian.com/business/2025/nov/15/how-cost-of-living-affect-britons-savings-pensions-economy,https://www.theguardian.com/business/2025/nov/15/how-cost-of-living-affect-britons-savings-pensions-economy,,,2026-07-22T21:07:52+00:00,URL-16ee2767239a,1,adb279d9925f0956,unique_url,,url-canon-v1.0-2026-07-27
NEWS-guardian_api-1736a926c447,https://www.theguardian.com/society/2020/nov/13/how-covid-19-pushed-croydon-over-the-edge-into-bankruptcy,https://www.theguardian.com/society/2020/nov/13/how-covid-19-pushed-croydon-over-the-edge-into-bankruptcy,,,2026-07-22T21:10:25+00:00,URL-1736a926c447,1,9040b1f102965ccf,unique_url,,url-canon-v1.0-2026-07-27
NEWS-guardian_api-177d0c42c4ba,https://www.theguardian.com/politics/live/2025/dec/16/donald-trump-bbc-lawsuit-keir-starmer-kemi-badenoch-reaction-latest-news-updates,https://www.theguardian.com/politics/live/2025/dec/16/donald-trump-bbc-lawsuit-keir-starmer-kemi-badenoch-reaction-latest-news-updates,,,2026-07-22T21:08:10+00:00,URL-177d0c42c4ba,1,f46c0cc8d041db24,unique_url,,url-canon-v1.0-2026-07-27
NEWS-guardian_api-17c2ad3c3093,https://www.theguardian.com/uk/2012/nov/30/ukip-row-many-reasons-children-removed,https://www.theguardian.com/uk/2012/nov/30/ukip-row-many-reasons-children-removed,,,2026-07-22T21:08:31+00:00,URL-17c2ad3c3093,1,11325288dfadde47,unique_url,,url-canon-v1.0-2026-07-27
NEWS-guardian_api-1813dd4fdd6b,https://www.theguardian.com/politics/2012/nov/11/britain-post-recession-economy-forecasting,https://www.theguardian.com/politics/2012/nov/11/britain-post-recession-economy-forecasting,,,2026-07-22T21:08:47+00:00,URL-1813dd4fdd6b,1,ae56c373b51d828b,unique_url,,url-canon-v1.0-2026-07-27
NEWS-guardian_api-183c3d1e4344,https://www.theguardian.com/society/2025/dec/06/london-councils-warning-structurally-dependent-on-private-firms-as-report-shows-500m-spend,https://www.theguardian.com/society/2025/dec/06/london-councils-warning-structurally-dependent-on-private-firms-as-report-shows-500m-spend,,,2026-07-22T21:08:10+00:00,URL-183c3d1e4344,1,4714665110c6ffea,unique_url,,url-canon-v1.0-2026-07-27
NEWS-guardian_api-184b3abc22c3,https://www.theguardian.com/society/2016/nov/18/care-providers-shunning-local-authorities-tory-councillor-claims,https://www.theguardian.com/society/2016/nov/18/care-providers-shunning-local-authorities-tory-councillor-claims,,,2026-07-22T21:09:39+00:00,URL-184b3abc22c3,1,ad620e44783f4ef2,unique_url,,url-canon-v1.0-2026-07-27
NEWS-guardian_api-184e1a96f3d4,https://www.theguardian.com/society/2025/nov/08/social-media-misinformation-driving-men-to-nhs-clinics-in-search-of-testosterone-they-dont-need,https://www.theguardian.com/society/2025/nov/08/social-media-misinformation-driving-men-to-nhs-clinics-in-search-of-testosterone-they-dont-need,,,2026-07-22T21:08:06+00:00,URL-184e1a96f3d4,1,a0f86d0c683c9dff,unique_url,,url-canon-v1.0-2026-07-27
NEWS-guardian_api-18651b87a63c,https://www.theguardian.com/world/2025/nov/12/first-edition-youth-unemployment,https://www.theguardian.com/world/2025/nov/12/first-edition-youth-unemployment,,,2026-07-22T21:07:52+00:00,URL-18651b87a63c,1,9ef1a40df336fc09,unique_url,,url-canon-v1.0-2026-07-27
NEWS-guardian_api-18e410065c18,https://www.theguardian.com/politics/live/2021/feb/23/uk-covid-live-public-backs-johnsons-plan-for-lockdown-easing-in-england-polls-suggest,https://www.theguardian.com/politics/live/2021/feb/23/uk-covid-live-public-backs-johnsons-plan-for-lockdown-easing-in-england-polls-suggest,,,2026-07-22T21:10:32+00:00,URL-18e410065c18,1,b63ea8e08e871cfb,unique_url,,url-canon-v1.0-2026-07-27
NEWS-guardian_api-196adb7e71be,https://www.theguardian.com/politics/2017/jan/13/jeremy-corbyn-vows-to-take-failed-care-homes-into-public-ownership,https://www.theguardian.com/politics/2017/jan/13/jeremy-corbyn-vows-to-take-failed-care-homes-into-public-ownership,,,2026-07-22T21:09:47+00:00,URL-196adb7e71be,1,9c31c9baf092c933,unique_url,,url-canon-v1.0-2026-07-27
NEWS-guardian_api-19852a1c1c04,https://www.theguardian.com/society/2020/nov/27/rishi-sunak-councils-funding-spending-review,https://www.theguardian.com/society/2020/nov/27/rishi-sunak-councils-funding-spending-review,,,2026-07-22T21:10:25+00:00,URL-19852a1c1c04,1,907b499c215c0b79,unique_url,,url-canon-v1.0-2026-07-27
NEWS-guardian_api-19b280ed5665,https://www.theguardian.com/social-care-network/2017/jan/06/equitable-sustainable-social-care-dedicated-tax,https://www.theguardian.com/social-care-network/2017/jan/06/equitable-sustainable-social-care-dedicated-tax,,,2026-07-22T21:09:40+00:00,URL-19b280ed5665,1,c012828ed0bbf7f6,unique_url,,url-canon-v1.0-2026-07-27
NEWS-guardian_api-19b423d14b48,https://www.theguardian.com/world/2025/nov/21/zelenskyy-says-ukraine-faces-most-difficult-moment-as-trump-pushes-plan-to-end-war,https://www.theguardian.com/world/2025/nov/21/zelenskyy-says-ukraine-faces-most-difficult-moment-as-trump-pushes-plan-to-end-war,,,2026-07-22T21:07:45+00:00,URL-19b423d14b48,1,e2989f10e6096e9e,unique_url,,url-canon-v1.0-2026-07-27
NEWS-guardian_api-19c8e90b5d38,https://www.theguardian.com/commentisfree/2021/feb/07/equality-is-a-cause-labour-must-fight,https://www.theguardian.com/commentisfree/2021/feb/07/equality-is-a-cause-labour-must-fight,,,2026-07-22T21:10:25+00:00,URL-19c8e90b5d38,1,332ff4c194ae6bbf,unique_url,,url-canon-v1.0-2026-07-27
NEWS-guardian_api-1a02df9dd425,https://www.theguardian.com/uk-news/2025/nov/17/anglican-bishop-home-secretary-shabana-mahmood-asylum-seeker-comments,https://www.theguardian.com/uk-news/2025/nov/17/anglican-bishop-home-secretary-shabana-mahmood-asylum-seeker-comments,,,2026-07-22T21:07:52+00:00,URL-1a02df9dd425,1,08f40b3cf3477dc9,unique_url,,url-canon-v1.0-2026-07-27
NEWS-guardian_api-1a3e34e28c20,https://www.theguardian.com/politics/2016/dec/21/corbyn-critic-jamie-reed-quits-labour-mp-byelection-copeland,https://www.theguardian.com/politics/2016/dec/21/corbyn-critic-jamie-reed-quits-labour-mp-byelection-copeland,,,2026-07-22T21:09:19+00:00,URL-1a3e34e28c20,1,82e1c05d906ea770,unique_url,,url-canon-v1.0-2026-07-27
NEWS-guardian_api-1a41f71c116d,https://www.theguardian.com/politics/2025/nov/25/three-more-ex-pupils-at-school-with-nigel-farage-reject-banter-claims,https://www.theguardian.com/politics/2025/nov/25/three-more-ex-pupils-at-school-with-nigel-farage-reject-banter-claims,,,2026-07-22T21:07:45+00:00,URL-1a41f71c116d,1,48af832babc3ff1c,unique_url,,url-canon-v1.0-2026-07-27
NEWS-guardian_api-1a988c9d687c,https://www.theguardian.com/world/live/2021/mar/10/coronavirus-live-news-brazil-sees-record-deaths-japan-may-stage-olympics-without-overseas-spectators,https://www.theguardian.com/world/live/2021/mar/10/coronavirus-live-news-brazil-sees-record-deaths-japan-may-stage-olympics-without-overseas-spectators,,,2026-07-22T21:10:38+00:00,URL-1a988c9d687c,1,e5f8c19e2f7d9b1c,unique_url,,url-canon-v1.0-2026-07-27
NEWS-guardian_api-1aa1e4170d3b,https://www.theguardian.com/money/2016/dec/15/council-tax-bills-can-rise-by-3-for-two-years-to-help-fund-social-care-says-javid,https://www.theguardian.com/money/2016/dec/15/council-tax-bills-can-rise-by-3-for-two-years-to-help-fund-social-care-says-javid,,,2026-07-22T21:09:40+00:00,URL-1aa1e4170d3b,1,170364c8a8f15b2e,unique_url,,url-canon-v1.0-2026-07-27
NEWS-guardian_api-1b2d245a3846,https://www.theguardian.com/politics/2016/nov/20/nigel-farage-stand-election-again-south-thanet,https://www.theguardian.com/politics/2016/nov/20/nigel-farage-stand-election-again-south-thanet,,,2026-07-22T21:09:15+00:00,URL-1b2d245a3846,1,bee5659a2175f165,unique_url,,url-canon-v1.0-2026-07-27
NEWS-guardian_api-1b69f179e836,https://www.theguardian.com/money/2012/nov/03/hold-on-child-benefits,https://www.theguardian.com/money/2012/nov/03/hold-on-child-benefits,,,2026-07-22T21:09:11+00:00,URL-1b69f179e836,1,354c4be00668342a,unique_url,,url-canon-v1.0-2026-07-27
NEWS-guardian_api-1b87bb0c200f,https://www.theguardian.com/world/live/2021/jan/15/coronavirus-live-news-hospitals-in-brazilian-state-at-breaking-point-amid-oxygen-shortage-global-deaths-near-2m,https://www.theguardian.com/world/live/2021/jan/15/coronavirus-live-news-hospitals-in-brazilian-state-at-breaking-point-amid-oxygen-shortage-global-deaths-near-2m,,,2026-07-22T21:10:38+00:00,URL-1b87bb0c200f,1,4e99aab648e8b1ab,unique_url,,url-canon-v1.0-2026-07-27
NEWS-guardian_api-1c1bc6bc43ea,https://www.theguardian.com/politics/2016/dec/03/hard-brexit-lose-tories-next-election-warn-top-mps,https://www.theguardian.com/politics/2016/dec/03/hard-brexit-lose-tories-next-election-warn-top-mps,,,2026-07-22T21:09:19+00:00,URL-1c1bc6bc43ea,1,4b55523bcb7c0030,unique_url,,url-canon-v1.0-2026-07-27
NEWS-guardian_api-1c1e92d1c2f3,https://www.theguardian.com/uk-news/2021/mar/03/sunak-goes-long-on-support-for-jobs-but-says-little-about-nhs-or-inequality,https://www.theguardian.com/uk-news/2021/mar/03/sunak-goes-long-on-support-for-jobs-but-says-little-about-nhs-or-inequality,,,2026-07-22T21:10:33+00:00,URL-1c1e92d1c2f3,1,43c258d554e5870e,unique_url,,url-canon-v1.0-2026-07-27
NEWS-guardian_api-1cc412a36731,https://www.theguardian.com/business/2021/mar/14/government-will-have-to-take-heed-if-covid-calls-time-on-more-uk-pubs,https://www.theguardian.com/business/2021/mar/14/government-will-have-to-take-heed-if-covid-calls-time-on-more-uk-pubs,,,2026-07-22T21:10:03+00:00,URL-1cc412a36731,1,f3bd4c7920fd9b16,unique_url,,url-canon-v1.0-2026-07-27
NEWS-guardian_api-1cc588f9d8fb,https://www.theguardian.com/environment/2025/nov/08/cutting-home-insulation-funding-imperil-uk-climate-goals-reeves-told,https://www.theguardian.com/environment/2025/nov/08/cutting-home-insulation-funding-imperil-uk-climate-goals-reeves-told,,,2026-07-22T21:07:52+00:00,URL-1cc588f9d8fb,1,5b82144b964a5c0f,unique_url,,url-canon-v1.0-2026-07-27
NEWS-guardian_api-1cdbe5d6b769,https://www.theguardian.com/world/2021/mar/21/vaccine-wars-the-week-that-rocked-the-uks-covid-jab-rollout,https://www.theguardian.com/world/2021/mar/21/vaccine-wars-the-week-that-rocked-the-uks-covid-jab-rollout,,,2026-07-22T21:10:33+00:00,URL-1cdbe5d6b769,1,691e51145a2a400a,unique_url,,url-canon-v1.0-2026-07-27
NEWS-guardian_api-1d15f10ff9f1,https://www.theguardian.com/commentisfree/2013/jan/06/coalition-plods-labour-chance-sorry-cameron,https://www.theguardian.com/commentisfree/2013/jan/06/coalition-plods-labour-chance-sorry-cameron,,,2026-07-22T21:08:34+00:00,URL-1d15f10ff9f1,1,491c9ffe5cd025d2,unique_url,,url-canon-v1.0-2026-07-27
NEWS-guardian_api-1d5b71d751d8,https://www.theguardian.com/commentisfree/2020/nov/25/boris-johnson-majority-parliament,https://www.theguardian.com/commentisfree/2020/nov/25/boris-johnson-majority-parliament,,,2026-07-22T21:10:38+00:00,URL-1d5b71d751d8,1,fa40bc5b070be072,unique_url,,url-canon-v1.0-2026-07-27
NEWS-guardian_api-1d67c0c9dc56,https://www.theguardian.com/uk-news/2016/nov/05/metropolitan-police-super-recognisers,https://www.theguardian.com/uk-news/2016/nov/05/metropolitan-police-super-recognisers,,,2026-07-22T21:09:36+00:00,URL-1d67c0c9dc56,1,9641c54b5af3e777,unique_url,,url-canon-v1.0-2026-07-27
NEWS-guardian_api-1e477e4363ef,https://www.theguardian.com/commentisfree/2012/nov/03/future-airports-editorial,https://www.theguardian.com/commentisfree/2012/nov/03/future-airports-editorial,,,2026-07-22T21:08:51+00:00,URL-1e477e4363ef,1,0239711a86523c8e,unique_url,,url-canon-v1.0-2026-07-27
NEWS-guardian_api-1e6ca4b1a5c0,https://www.theguardian.com/society/2021/feb/19/placing-vulnerable-children-unregulated-housing-outlawed-uk,https://www.theguardian.com/society/2021/feb/19/placing-vulnerable-children-unregulated-housing-outlawed-uk,,,2026-07-22T21:10:25+00:00,URL-1e6ca4b1a5c0,1,9f7e18300f3e1d6d,unique_url,,url-canon-v1.0-2026-07-27
NEWS-guardian_api-1e8c075494ef,https://www.theguardian.com/world/2020/dec/15/pre-existing-inequality-led-to-record-uk-covid-deaths-sir-michael-marmot-public-health-chief,https://www.theguardian.com/world/2020/dec/15/pre-existing-inequality-led-to-record-uk-covid-deaths-sir-michael-marmot-public-health-chief,,,2026-07-22T21:10:25+00:00,URL-1e8c075494ef,1,d98427a15c88b790,unique_url,,url-canon-v1.0-2026-07-27
NEWS-guardian_api-1ea299031644,https://www.theguardian.com/society/2020/dec/19/children-living-in-temporary-homes-increased-by-75-in-a-decade,https://www.theguardian.com/society/2020/dec/19/children-living-in-temporary-homes-increased-by-75-in-a-decade,,,2026-07-22T21:10:25+00:00,URL-1ea299031644,1,5b4602ebb67e6053,unique_url,,url-canon-v1.0-2026-07-27
NEWS-guardian_api-1eb3984d408f,https://www.theguardian.com/money/2016/dec/12/council-tax-hike-being-considered-to-cover-social-care-costs,https://www.theguardian.com/money/2016/dec/12/council-tax-hike-being-considered-to-cover-social-care-costs,,,2026-07-22T21:09:39+00:00,URL-1eb3984d408f,1,26211ce735eaccd2,unique_url,,url-canon-v1.0-2026-07-27
NEWS-guardian_api-1eef019709a8,https://www.theguardian.com/uk-news/2025/nov/17/starmer-facing-fresh-challenge-as-labour-mps-condemn-asylum-plans,https://www.theguardian.com/uk-news/2025/nov/17/starmer-facing-fresh-challenge-as-labour-mps-condemn-asylum-plans,,,2026-07-22T21:08:18+00:00,URL-1eef019709a8,1,1ed15e809f8f6446,unique_url,,url-canon-v1.0-2026-07-27
NEWS-guardian_api-1efd0842f3d0,https://www.theguardian.com/politics/2026/may/05/vote-lib-dem-or-regret-it-ed-davey-tells-voters-local-elections-reform-labour,https://www.theguardian.com/politics/2026/may/05/vote-lib-dem-or-regret-it-ed-davey-tells-voters-local-elections-reform-labour,,,2026-07-22T21:07:58+00:00,URL-1efd0842f3d0,1,a351e5baaeef1b8f,unique_url,,url-canon-v1.0-2026-07-27
NEWS-guardian_api-1f00dd43542a,https://www.theguardian.com/politics/live/2021/mar/04/rishi-sunak-budget-politics-news-uk-coronavirus-covid-live,https://www.theguardian.com/politics/live/2021/mar/04/rishi-sunak-budget-politics-news-uk-coronavirus-covid-live,,,2026-07-22T21:10:33+00:00,URL-1f00dd43542a,1,6085bf38f5822a9c,unique_url,,url-canon-v1.0-2026-07-27
NEWS-guardian_api-1f1e54d87c5f,https://www.theguardian.com/environment/2020/nov/11/five-post-trump-obstacles-to-a-global-green-recovery,https://www.theguardian.com/environment/2020/nov/11/five-post-trump-obstacles-to-a-global-green-recovery,,,2026-07-22T21:10:17+00:00,URL-1f1e54d87c5f,1,c50e96e5dd758e2a,unique_url,,url-canon-v1.0-2026-07-27
NEWS-guardian_api-1f2d0f265b18,https://www.theguardian.com/publicservicesawards/bringing-a-city-together,https://www.theguardian.com/publicservicesawards/bringing-a-city-together,,,2026-07-22T21:09:02+00:00,URL-1f2d0f265b18,1,184e6b074afd3775,unique_url,,url-canon-v1.0-2026-07-27
NEWS-guardian_api-1f51dd1b1f68,https://www.theguardian.com/politics/2016/nov/12/jeremy-corbyn-donald-trump-theresa-may-politics-marginalised,https://www.theguardian.com/politics/2016/nov/12/jeremy-corbyn-donald-trump-theresa-may-politics-marginalised,,,2026-07-22T21:09:15+00:00,URL-1f51dd1b1f68,1,8e18722c24d23746,unique_url,,url-canon-v1.0-2026-07-27
NEWS-guardian_api-1f7064aab6cc,https://www.theguardian.com/business/2012/nov/13/inflation-rises-again-tuition-fees-food,https://www.theguardian.com/business/2012/nov/13/inflation-rises-again-tuition-fees-food,,,2026-07-22T21:08:38+00:00,URL-1f7064aab6cc,1,ce1ea0510ce439f0,unique_url,,url-canon-v1.0-2026-07-27
NEWS-guardian_api-2037e4eda9eb,https://www.theguardian.com/commentisfree/2020/nov/11/the-covid-19-blunders-drive-home-a-harsh-truth-we-live-in-a-failed-state,https://www.theguardian.com/commentisfree/2020/nov/11/the-covid-19-blunders-drive-home-a-harsh-truth-we-live-in-a-failed-state,,,2026-07-22T21:10:32+00:00,URL-2037e4eda9eb,1,452ef1a49ac494c5,unique_url,,url-canon-v1.0-2026-07-27
NEWS-guardian_api-203c6fa0f667,https://www.theguardian.com/business/2012/nov/10/water-companies-tax,https://www.theguardian.com/business/2012/nov/10/water-companies-tax,,,2026-07-22T21:08:47+00:00,URL-203c6fa0f667,1,5399a45fcc2982c2,unique_url,,url-canon-v1.0-2026-07-27
NEWS-guardian_api-2069e57ab656,https://www.theguardian.com/business/2017/mar/05/budget-2017-philip-hammond-brexit-vote-uk-economy-inflation,https://www.theguardian.com/business/2017/mar/05/budget-2017-philip-hammond-brexit-vote-uk-economy-inflation,,,2026-07-22T21:09:23+00:00,URL-2069e57ab656,1,aa563092a9c07065,unique_url,,url-canon-v1.0-2026-07-27
NEWS-guardian_api-20f65fcb48fa,https://www.theguardian.com/politics/2025/nov/17/reform-would-cut-benefits-and-hike-nhs-surcharge-for-eu-nationals,https://www.theguardian.com/politics/2025/nov/17/reform-would-cut-benefits-and-hike-nhs-surcharge-for-eu-nationals,,,2026-07-22T21:07:44+00:00,URL-20f65fcb48fa,1,34f690896292d7f0,unique_url,,url-canon-v1.0-2026-07-27
NEWS-guardian_api-2122c3c2fc5e,https://www.theguardian.com/theobserver/2016/nov/06/letters-nice-cancer-drugs-immunotherapy-approval-costs,https://www.theguardian.com/theobserver/2016/nov/06/letters-nice-cancer-drugs-immunotherapy-approval-costs,,,2026-07-22T21:09:36+00:00,URL-2122c3c2fc5e,1,3d64c1725d17738f,unique_url,,url-canon-v1.0-2026-07-27
NEWS-guardian_api-21ada8dc1789,https://www.theguardian.com/commentisfree/2016/dec/02/liberal-democrat-byelection-sarah-olney-brexit-richmond-park,https://www.theguardian.com/commentisfree/2016/dec/02/liberal-democrat-byelection-sarah-olney-brexit-richmond-park,,,2026-07-22T21:09:19+00:00,URL-21ada8dc1789,1,44f5725fae575a52,unique_url,,url-canon-v1.0-2026-07-27
NEWS-guardian_api-21cd40ee59a5,https://www.theguardian.com/business/2012/nov/04/heseltine-cannot-change-economic-weather,https://www.theguardian.com/business/2012/nov/04/heseltine-cannot-change-economic-weather,,,2026-07-22T21:08:51+00:00,URL-21cd40ee59a5,1,0c6892c253a5c812,unique_url,,url-canon-v1.0-2026-07-27
NEWS-guardian_api-21d90ed82e95,https://www.theguardian.com/politics/2016/nov/05/they-feel-rejected-how-germans-in-britain-are-dealing-with-the-brexit-vote,https://www.theguardian.com/politics/2016/nov/05/they-feel-rejected-how-germans-in-britain-are-dealing-with-the-brexit-vote,,,2026-07-22T21:09:36+00:00,URL-21d90ed82e95,1,d9c2534e3f8ab826,unique_url,,url-canon-v1.0-2026-07-27
NEWS-guardian_api-2234768500a2,https://www.theguardian.com/commentisfree/2026/feb/02/epstein-files-expose-cheap-corruption-uk,https://www.theguardian.com/commentisfree/2026/feb/02/epstein-files-expose-cheap-corruption-uk,,,2026-07-22T21:08:18+00:00,URL-2234768500a2,1,6cae31c8810d4d31,unique_url,,url-canon-v1.0-2026-07-27
NEWS-guardian_api-226ddfd2908e,https://www.theguardian.com/business/2017/jan/02/chancellor-failing-cancel-tax-giveaway-banks-says-labour-john-mcdonnell,https://www.theguardian.com/business/2017/jan/02/chancellor-failing-cancel-tax-giveaway-banks-says-labour-john-mcdonnell,,,2026-07-22T21:09:47+00:00,URL-226ddfd2908e,1,dfbb825b04e58d71,unique_url,,url-canon-v1.0-2026-07-27
NEWS-guardian_api-226e2bdc9287,https://www.theguardian.com/world/live/2021/jan/19/coronavirus-live-news-independent-pandemic-panel-critical-of-china-and-who-california-urges-pause-to-moderna-vaccine,https://www.theguardian.com/world/live/2021/jan/19/coronavirus-live-news-independent-pandemic-panel-critical-of-china-and-who-california-urges-pause-to-moderna-vaccine,,,2026-07-22T21:10:25+00:00,URL-226e2bdc9287,1,9a547da30ede7496,unique_url,,url-canon-v1.0-2026-07-27
NEWS-guardian_api-228a899a19ac,https://www.theguardian.com/commentisfree/2021/mar/03/boris-johnson-tory-party-infighting-labour-government,https://www.theguardian.com/commentisfree/2021/mar/03/boris-johnson-tory-party-infighting-labour-government,,,2026-07-22T21:10:03+00:00,URL-228a899a19ac,1,985b99f90db317f9,unique_url,,url-canon-v1.0-2026-07-27
NEWS-guardian_api-228e6e8d4468,https://www.theguardian.com/society/2020/dec/03/surrey-party-with-one-councillor-registers-one-of-uks-biggest-political-donations,https://www.theguardian.com/society/2020/dec/03/surrey-party-with-one-councillor-registers-one-of-uks-biggest-political-donations,,,2026-07-22T21:10:12+00:00,URL-228e6e8d4468,1,a2641fbfe7cd7202,unique_url,,url-canon-v1.0-2026-07-27
NEWS-guardian_api-22c00cc50856,https://www.theguardian.com/news/datablog/2013/feb/05/benefits-debate-explained-skiver-striver,https://www.theguardian.com/news/datablog/2013/feb/05/benefits-debate-explained-skiver-striver,,,2026-07-22T21:08:38+00:00,URL-22c00cc50856,1,e25638f84fe7da40,unique_url,,url-canon-v1.0-2026-07-27
NEWS-guardian_api-235d697071cc,https://www.theguardian.com/commentisfree/2012/nov/30/ukip-surge-progressive-majority,https://www.theguardian.com/commentisfree/2012/nov/30/ukip-surge-progressive-majority,,,2026-07-22T21:08:31+00:00,URL-235d697071cc,1,93ddda37f450b2d0,unique_url,,url-canon-v1.0-2026-07-27
NEWS-guardian_api-2365516a9fbc,https://www.theguardian.com/politics/2013/feb/14/ed-miliband-speech-economy-tax-policies,https://www.theguardian.com/politics/2013/feb/14/ed-miliband-speech-economy-tax-policies,,,2026-07-22T21:09:07+00:00,URL-2365516a9fbc,1,3b78527fe44b19af,unique_url,,url-canon-v1.0-2026-07-27
NEWS-guardian_api-236e2c805256,https://www.theguardian.com/politics/2012/nov/26/tories-no-ukip-electoral-pact-europe,https://www.theguardian.com/politics/2012/nov/26/tories-no-ukip-electoral-pact-europe,,,2026-07-22T21:08:31+00:00,URL-236e2c805256,1,b920eb0dd20e2792,unique_url,,url-canon-v1.0-2026-07-27
NEWS-guardian_api-237d68337160,https://www.theguardian.com/uk/2012/dec/01/funeral-poverty-ministers-death,https://www.theguardian.com/uk/2012/dec/01/funeral-poverty-ministers-death,,,2026-07-22T21:08:55+00:00,URL-237d68337160,1,36391e9b34d9b3de,unique_url,,url-canon-v1.0-2026-07-27
NEWS-guardian_api-23d3455fed9c,https://www.theguardian.com/politics/blog/2013/feb/06/pmqs-cameron-gay-marriage-live-blog,https://www.theguardian.com/politics/blog/2013/feb/06/pmqs-cameron-gay-marriage-live-blog,,,2026-07-22T21:09:02+00:00,URL-23d3455fed9c,1,c789b12f98c29157,unique_url,,url-canon-v1.0-2026-07-27
NEWS-guardian_api-23d6acee2b6b,https://www.theguardian.com/politics/2012/nov/13/treasury-fuel-duty-rise-osborne,https://www.theguardian.com/politics/2012/nov/13/treasury-fuel-duty-rise-osborne,,,2026-07-22T21:08:38+00:00,URL-23d6acee2b6b,1,cc721e01e80088da,unique_url,,url-canon-v1.0-2026-07-27
NEWS-guardian_api-23f4abe3b9f6,https://www.theguardian.com/commentisfree/2021/feb/04/george-osborne-legacy-britain-helpless-covid-austerity,https://www.theguardian.com/commentisfree/2021/feb/04/george-osborne-legacy-britain-helpless-covid-austerity,,,2026-07-22T21:10:32+00:00,URL-23f4abe3b9f6,1,b90a06f3e0474dbc,unique_url,,url-canon-v1.0-2026-07-27
NEWS-guardian_api-243a46c85b7e,https://www.theguardian.com/business/2025/nov/16/watchdogs-need-to-step-in-on-rip-off-bills-which-are-bad-for-consumers-and-the-economy,https://www.theguardian.com/business/2025/nov/16/watchdogs-need-to-step-in-on-rip-off-bills-which-are-bad-for-consumers-and-the-economy,,,2026-07-22T21:07:52+00:00,URL-243a46c85b7e,1,08feb5265b125e1f,unique_url,,url-canon-v1.0-2026-07-27
NEWS-guardian_api-246d6b4374ae,https://www.theguardian.com/politics/live/2025/nov/24/budget-labour-rachel-reeves-criticism-conservatives-nigel-farage-latest-news-updates,https://www.theguardian.com/politics/live/2025/nov/24/budget-labour-rachel-reeves-criticism-conservatives-nigel-farage-latest-news-updates,,,2026-07-22T21:07:45+00:00,URL-246d6b4374ae,1,51c92a01b7158ce6,unique_url,,url-canon-v1.0-2026-07-27
NEWS-guardian_api-2476bfd9e6fe,https://www.theguardian.com/world/2025/nov/20/british-jews-turn-to-greens-and-reform-uk-as-support-for-main-parties-drops,https://www.theguardian.com/world/2025/nov/20/british-jews-turn-to-greens-and-reform-uk-as-support-for-main-parties-drops,,,2026-07-22T21:07:44+00:00,URL-2476bfd9e6fe,1,63e9f4b5211352c4,unique_url,,url-canon-v1.0-2026-07-27
NEWS-guardian_api-24827ef54ee9,https://www.theguardian.com/commentisfree/2017/apr/24/brexit-may-working-class-election,https://www.theguardian.com/commentisfree/2017/apr/24/brexit-may-working-class-election,,,2026-07-22T21:09:52+00:00,URL-24827ef54ee9,1,785638ac79c30a7b,unique_url,,url-canon-v1.0-2026-07-27
NEWS-guardian_api-24a6f6b370d7,https://www.theguardian.com/education/2025/nov/10/girl-17-joins-lawsuit-against-government-after-seeing-horrific-phone-videos-at-school,https://www.theguardian.com/education/2025/nov/10/girl-17-joins-lawsuit-against-government-after-seeing-horrific-phone-videos-at-school,,,2026-07-22T21:08:14+00:00,URL-24a6f6b370d7,1,a9b32a34e77c268d,unique_url,,url-canon-v1.0-2026-07-27
NEWS-guardian_api-24d2fd525d0a,https://www.theguardian.com/politics/blog/2012/nov/28/cameron-leveson-report-pmqs-live,https://www.theguardian.com/politics/blog/2012/nov/28/cameron-leveson-report-pmqs-live,,,2026-07-22T21:08:31+00:00,URL-24d2fd525d0a,1,6c98cdaed7354982,unique_url,,url-canon-v1.0-2026-07-27
NEWS-guardian_api-24f48a444223,https://www.theguardian.com/politics/2020/nov/25/rishi-sunak-covid-spending-review-uk-spending,https://www.theguardian.com/politics/2020/nov/25/rishi-sunak-covid-spending-review-uk-spending,,,2026-07-22T21:10:32+00:00,URL-24f48a444223,1,f71b6b0f67a9af6f,unique_url,,url-canon-v1.0-2026-07-27
NEWS-guardian_api-24fc4bd4ab85,https://www.theguardian.com/world/2025/nov/26/wednesday-briefing-what-may-be-in-and-out-of-rachel-reevess-hokey-cokey-budget,https://www.theguardian.com/world/2025/nov/26/wednesday-briefing-what-may-be-in-and-out-of-rachel-reevess-hokey-cokey-budget,,,2026-07-22T21:07:48+00:00,URL-24fc4bd4ab85,1,4b0810b6158b5fb8,unique_url,,url-canon-v1.0-2026-07-27
NEWS-guardian_api-250fb6c60196,https://www.theguardian.com/environment/2012/dec/05/autumn-statement-green-measures-at-a-glance,https://www.theguardian.com/environment/2012/dec/05/autumn-statement-green-measures-at-a-glance,,,2026-07-22T21:08:38+00:00,URL-250fb6c60196,1,560016af21c8333b,unique_url,,url-canon-v1.0-2026-07-27
NEWS-guardian_api-251b92c0a54f,https://www.theguardian.com/politics/2025/nov/13/who-votes-for-reform-and-why-charts-that-show-who-supports-farage-party,https://www.theguardian.com/politics/2025/nov/13/who-votes-for-reform-and-why-charts-that-show-who-supports-farage-party,,,2026-07-22T21:07:44+00:00,URL-251b92c0a54f,1,a378ab6f621957a0,unique_url,,url-canon-v1.0-2026-07-27
NEWS-guardian_api-25209b1483e1,https://www.theguardian.com/world/2025/nov/17/monday-briefing-how-trump-and-his-allies-flipped-and-flipped-again-on-the-epstein-files,https://www.theguardian.com/world/2025/nov/17/monday-briefing-how-trump-and-his-allies-flipped-and-flipped-again-on-the-epstein-files,,,2026-07-22T21:08:02+00:00,URL-25209b1483e1,1,2e8cf1fa71841928,unique_url,,url-canon-v1.0-2026-07-27
NEWS-guardian_api-254a2ad9435b,https://www.theguardian.com/technology/2012/nov/04/apple-paid-low-overseas-tax,https://www.theguardian.com/technology/2012/nov/04/apple-paid-low-overseas-tax,,,2026-07-22T21:08:51+00:00,URL-254a2ad9435b,1,a493e34680287c36,unique_url,,url-canon-v1.0-2026-07-27
NEWS-guardian_api-254fa4e5bd24,https://www.theguardian.com/politics/2026/jan/05/scottish-labour-poll-ratings-anas-sarwar-keir-starmer-holyrood-race,https://www.theguardian.com/politics/2026/jan/05/scottish-labour-poll-ratings-anas-sarwar-keir-starmer-holyrood-race,,,2026-07-22T21:08:18+00:00,URL-254fa4e5bd24,1,82304cd78b2a2d26,unique_url,,url-canon-v1.0-2026-07-27
NEWS-guardian_api-25a8dee545c7,https://www.theguardian.com/commentisfree/2021/mar/23/britain-post-covid-cuts-boris-johnson-budget-austerity,https://www.theguardian.com/commentisfree/2021/mar/23/britain-post-covid-cuts-boris-johnson-budget-austerity,,,2026-07-22T21:10:33+00:00,URL-25a8dee545c7,1,2a466e99e6e6c5ba,unique_url,,url-canon-v1.0-2026-07-27
NEWS-guardian_api-25cad385851f,https://www.theguardian.com/public-leaders-network/2012/nov/20/public-services-awards-public-servant,https://www.theguardian.com/public-leaders-network/2012/nov/20/public-services-awards-public-servant,,,2026-07-22T21:09:02+00:00,URL-25cad385851f,1,f5c10fc1a48b8010,unique_url,,url-canon-v1.0-2026-07-27
NEWS-guardian_api-25d8bc3057bb,https://www.theguardian.com/society/ng-interactive/2026/feb/15/domestic-abuse-katie-madden-family-justice,https://www.theguardian.com/society/ng-interactive/2026/feb/15/domestic-abuse-katie-madden-family-justice,,,2026-07-22T21:08:18+00:00,URL-25d8bc3057bb,1,296f6ebfcf1fe021,unique_url,,url-canon-v1.0-2026-07-27
NEWS-guardian_api-25e4ba829f70,https://www.theguardian.com/commentisfree/2025/nov/11/the-guardian-view-on-labours-fiscal-stance-its-time-to-lay-new-foundations,https://www.theguardian.com/commentisfree/2025/nov/11/the-guardian-view-on-labours-fiscal-stance-its-time-to-lay-new-foundations,,,2026-07-22T21:07:52+00:00,URL-25e4ba829f70,1,9c2d8d73aeeececb,unique_url,,url-canon-v1.0-2026-07-27
NEWS-guardian_api-262819560ba7,https://www.theguardian.com/healthcare-network/2012/nov/12/today-in-healthcare-12-november,https://www.theguardian.com/healthcare-network/2012/nov/12/today-in-healthcare-12-november,,,2026-07-22T21:08:47+00:00,URL-262819560ba7,1,a19bf30b09b2ea44,unique_url,,url-canon-v1.0-2026-07-27
NEWS-guardian_api-262d76e11580,https://www.theguardian.com/healthcare-network/2012/nov/20/local-government-nhs-common-language,https://www.theguardian.com/healthcare-network/2012/nov/20/local-government-nhs-common-language,,,2026-07-22T21:09:02+00:00,URL-262d76e11580,1,cc63f6cc65d09db8,unique_url,,url-canon-v1.0-2026-07-27
NEWS-guardian_api-2672adad2146,https://www.theguardian.com/politics/live/2021/jan/14/uk-covid-live-daily-death-figures-levels-vallance-coronavirus-vaccine-lockdown-latest-updates,https://www.theguardian.com/politics/live/2021/jan/14/uk-covid-live-daily-death-figures-levels-vallance-coronavirus-vaccine-lockdown-latest-updates,,,2026-07-22T21:10:32+00:00,URL-2672adad2146,1,b5cbc02cda3d57f0,unique_url,,url-canon-v1.0-2026-07-27
NEWS-guardian_api-2674a0517edb,https://www.theguardian.com/media/2012/nov/11/lord-patten-no-10-bbc-crisis,https://www.theguardian.com/media/2012/nov/11/lord-patten-no-10-bbc-crisis,,,2026-07-22T21:08:47+00:00,URL-2674a0517edb,1,58161c3bb41d2a66,unique_url,,url-canon-v1.0-2026-07-27
NEWS-guardian_api-26998343d44f,https://www.theguardian.com/commentisfree/2013/feb/03/capitalism-have-your-say,https://www.theguardian.com/commentisfree/2013/feb/03/capitalism-have-your-say,,,2026-07-22T21:08:38+00:00,URL-26998343d44f,1,97d4206afcdcb783,unique_url,,url-canon-v1.0-2026-07-27
NEWS-guardian_api-26ba21e37cd1,https://www.theguardian.com/politics/2012/nov/29/voting-middlesbrough-rotherham-croydon-byelections,https://www.theguardian.com/politics/2012/nov/29/voting-middlesbrough-rotherham-croydon-byelections,,,2026-07-22T21:08:31+00:00,URL-26ba21e37cd1,1,b37620038eba942c,unique_url,,url-canon-v1.0-2026-07-27
NEWS-guardian_api-26f2136b5e3c,https://www.theguardian.com/politics/blog/2013/jan/09/pmqs-cameron-miliband-pledge-audit-live,https://www.theguardian.com/politics/blog/2013/jan/09/pmqs-cameron-miliband-pledge-audit-live,,,2026-07-22T21:08:34+00:00,URL-26f2136b5e3c,1,185c413446c31b04,unique_url,,url-canon-v1.0-2026-07-27
NEWS-guardian_api-2749f83aafeb,https://www.theguardian.com/politics/live/2025/dec/09/labour-conservatives-reform-lib-dems-brexit-covid-uk-politics-latest-news-updates,https://www.theguardian.com/politics/live/2025/dec/09/labour-conservatives-reform-lib-dems-brexit-covid-uk-politics-latest-news-updates,,,2026-07-22T21:08:10+00:00,URL-2749f83aafeb,1,65452d890c6089d9,unique_url,,url-canon-v1.0-2026-07-27
NEWS-guardian_api-27a3613ea62e,https://www.theguardian.com/politics/blog/2012/dec/04/boris-johnson-europe-speech-live-blog,https://www.theguardian.com/politics/blog/2012/dec/04/boris-johnson-europe-speech-live-blog,,,2026-07-22T21:08:55+00:00,URL-27a3613ea62e,1,aa18a94d8c6a8e66,unique_url,,url-canon-v1.0-2026-07-27
NEWS-guardian_api-27a4726b48d1,https://www.theguardian.com/media/2025/nov/09/lisa-nandy-says-she-still-has-confidence-in-bbc-leaders-after-trump-speech-edit,https://www.theguardian.com/media/2025/nov/09/lisa-nandy-says-she-still-has-confidence-in-bbc-leaders-after-trump-speech-edit,,,2026-07-22T21:08:02+00:00,URL-27a4726b48d1,1,a8d2a0d1e418a99e,unique_url,,url-canon-v1.0-2026-07-27
NEWS-guardian_api-280a8747dc0a,https://www.theguardian.com/politics/2012/nov/15/labour-respect-bnp-rotherham,https://www.theguardian.com/politics/2012/nov/15/labour-respect-bnp-rotherham,,,2026-07-22T21:08:30+00:00,URL-280a8747dc0a,1,cad988d857e3a248,unique_url,,url-canon-v1.0-2026-07-27
NEWS-guardian_api-2866cc81872c,https://www.theguardian.com/politics/2016/nov/11/brexit-could-be-reversed-government-lawyers-may-argue,https://www.theguardian.com/politics/2016/nov/11/brexit-could-be-reversed-government-lawyers-may-argue,,,2026-07-22T21:09:32+00:00,URL-2866cc81872c,1,e30779591a14f17d,unique_url,,url-canon-v1.0-2026-07-27
NEWS-guardian_api-286f09732b28,https://www.theguardian.com/uk-news/2016/nov/09/operation-midland-lords-debate-alleged-vip-paedophile-ring,https://www.theguardian.com/uk-news/2016/nov/09/operation-midland-lords-debate-alleged-vip-paedophile-ring,,,2026-07-22T21:09:32+00:00,URL-286f09732b28,1,c76446372d463547,unique_url,,url-canon-v1.0-2026-07-27
NEWS-guardian_api-28b10a634055,https://www.theguardian.com/housing-network/2017/jan/20/theresa-may-brexit-migrants-housing-crisis,https://www.theguardian.com/housing-network/2017/jan/20/theresa-may-brexit-migrants-housing-crisis,,,2026-07-22T21:09:22+00:00,URL-28b10a634055,1,7e1f36e5152d037f,unique_url,,url-canon-v1.0-2026-07-27
NEWS-guardian_api-28ccef161fc2,https://www.theguardian.com/politics/2016/nov/22/electoral-commission-investigates-ukip-over-impermissible-donations,https://www.theguardian.com/politics/2016/nov/22/electoral-commission-investigates-ukip-over-impermissible-donations,,,2026-07-22T21:09:15+00:00,URL-28ccef161fc2,1,a28284fb95359af6,unique_url,,url-canon-v1.0-2026-07-27
NEWS-guardian_api-28e78437bd7f,https://www.theguardian.com/politics/2017/jan/25/make-the-economy-work-for-everyone-now,https://www.theguardian.com/politics/2017/jan/25/make-the-economy-work-for-everyone-now,,,2026-07-22T21:09:22+00:00,URL-28e78437bd7f,1,225264a8e465b672,unique_url,,url-canon-v1.0-2026-07-27
NEWS-guardian_api-28e7b49be99c,https://www.theguardian.com/healthcare-network/2012/dec/13/today-in-healthcare-13-december,https://www.theguardian.com/healthcare-network/2012/dec/13/today-in-healthcare-13-december,,,2026-07-22T21:09:02+00:00,URL-28e7b49be99c,1,a2105bf4ff71a041,unique_url,,url-canon-v1.0-2026-07-27
NEWS-guardian_api-29455b250974,https://www.theguardian.com/commentisfree/2025/nov/19/keir-starmer-labour-leadership,https://www.theguardian.com/commentisfree/2025/nov/19/keir-starmer-labour-leadership,,,2026-07-22T21:07:44+00:00,URL-29455b250974,1,2932ea89239b4d58,unique_url,,url-canon-v1.0-2026-07-27
NEWS-guardian_api-295601e663e9,https://www.theguardian.com/commentisfree/2021/jan/24/history-labour-keir-starmer-boris-johnson,https://www.theguardian.com/commentisfree/2021/jan/24/history-labour-keir-starmer-boris-johnson,,,2026-07-22T21:10:32+00:00,URL-295601e663e9,1,20faaa18505c6a6a,unique_url,,url-canon-v1.0-2026-07-27
NEWS-guardian_api-2956ed240e8c,https://www.theguardian.com/society/2012/nov/13/gp-quality-outcomes-framework-indicators,https://www.theguardian.com/society/2012/nov/13/gp-quality-outcomes-framework-indicators,,,2026-07-22T21:08:47+00:00,URL-2956ed240e8c,1,67742a7f9da7a7a0,unique_url,,url-canon-v1.0-2026-07-27
NEWS-guardian_api-298232982f9f,https://www.theguardian.com/politics/blog/2013/jan/28/hs2-high-speed-rail-reaction-live,https://www.theguardian.com/politics/blog/2013/jan/28/hs2-high-speed-rail-reaction-live,,,2026-07-22T21:09:02+00:00,URL-298232982f9f,1,fd7e2d583634bb67,unique_url,,url-canon-v1.0-2026-07-27
NEWS-guardian_api-299f68788499,https://www.theguardian.com/society/2012/dec/19/norovirus-winter-vomiting-stay-home,https://www.theguardian.com/society/2012/dec/19/norovirus-winter-vomiting-stay-home,,,2026-07-22T21:08:42+00:00,URL-299f68788499,1,f5d3f2e84b4d798e,unique_url,,url-canon-v1.0-2026-07-27
NEWS-guardian_api-29c0d67ef558,https://www.theguardian.com/politics/2016/nov/09/theresa-may-congratulates-us-election-win,https://www.theguardian.com/politics/2016/nov/09/theresa-may-congratulates-us-election-win,,,2026-07-22T21:09:15+00:00,URL-29c0d67ef558,1,0a73cdf4f68eef28,unique_url,,url-canon-v1.0-2026-07-27
NEWS-guardian_api-29eba5935c3b,https://www.theguardian.com/politics/2016/nov/17/eu-set-to-ask-ukip-group-to-repay-almost-150000-in-misspent-funds,https://www.theguardian.com/politics/2016/nov/17/eu-set-to-ask-ukip-group-to-repay-almost-150000-in-misspent-funds,,,2026-07-22T21:09:15+00:00,URL-29eba5935c3b,1,ae00e71d90a4377a,unique_url,,url-canon-v1.0-2026-07-27
NEWS-guardian_api-2a0f8bb8e199,https://www.theguardian.com/education/2026/apr/23/exam-obsessed-school-system-doesnt-make-the-grade,https://www.theguardian.com/education/2026/apr/23/exam-obsessed-school-system-doesnt-make-the-grade,,,2026-07-22T21:07:58+00:00,URL-2a0f8bb8e199,1,8d47187e431841b1,unique_url,,url-canon-v1.0-2026-07-27
NEWS-guardian_api-2a12c8b546de,https://www.theguardian.com/uk/2012/dec/05/george-osborne-autumn-statement-reaction,https://www.theguardian.com/uk/2012/dec/05/george-osborne-autumn-statement-reaction,,,2026-07-22T21:08:55+00:00,URL-2a12c8b546de,1,8f7722f43cac6701,unique_url,,url-canon-v1.0-2026-07-27
NEWS-guardian_api-2a75b78a14ed,https://www.theguardian.com/books/2016/dec/08/uk-library-budgets-fall-by-25m-in-a-year,https://www.theguardian.com/books/2016/dec/08/uk-library-budgets-fall-by-25m-in-a-year,,,2026-07-22T21:09:39+00:00,URL-2a75b78a14ed,1,0b66dc26ce94f003,unique_url,,url-canon-v1.0-2026-07-27
NEWS-guardian_api-2a816f72cc03,https://www.theguardian.com/commentisfree/2020/nov/13/dominic-cummings-barnard-castle-brexit,https://www.theguardian.com/commentisfree/2020/nov/13/dominic-cummings-barnard-castle-brexit,,,2026-07-22T21:10:17+00:00,URL-2a816f72cc03,1,7cbf49a185e4d0a2,unique_url,,url-canon-v1.0-2026-07-27
NEWS-guardian_api-2b66e5eb654d,https://www.theguardian.com/society/2013/jan/05/soldiers-nurses-teachers-benefit-curbs,https://www.theguardian.com/society/2013/jan/05/soldiers-nurses-teachers-benefit-curbs,,,2026-07-22T21:08:38+00:00,URL-2b66e5eb654d,1,0043a7b0585a23ae,unique_url,,url-canon-v1.0-2026-07-27
NEWS-guardian_api-2ba450e3935d,https://www.theguardian.com/uk-news/2017/feb/12/the-uks-inflation-foot-soldiers-how-the-ons-measures-the-cpi,https://www.theguardian.com/uk-news/2017/feb/12/the-uks-inflation-foot-soldiers-how-the-ons-measures-the-cpi,,,2026-07-22T21:09:23+00:00,URL-2ba450e3935d,1,69179d45755175d8,unique_url,,url-canon-v1.0-2026-07-27
NEWS-guardian_api-2ba8b20149c1,https://www.theguardian.com/uk-news/2021/feb/21/keep-out-of-bristols-slaver-street-names-debate-ministers-are-told,https://www.theguardian.com/uk-news/2021/feb/21/keep-out-of-bristols-slaver-street-names-debate-ministers-are-told,,,2026-07-22T21:10:25+00:00,URL-2ba8b20149c1,1,65940307db26756e,unique_url,,url-canon-v1.0-2026-07-27
NEWS-guardian_api-2baf2092fcf0,https://www.theguardian.com/politics/2020/dec/27/were-out-of-the-european-union-just-how-did-we-get-here,https://www.theguardian.com/politics/2020/dec/27/were-out-of-the-european-union-just-how-did-we-get-here,,,2026-07-22T21:10:03+00:00,URL-2baf2092fcf0,1,3c4d5222249dd871,unique_url,,url-canon-v1.0-2026-07-27
NEWS-guardian_api-2bc26ae6b7ca,https://www.theguardian.com/commentisfree/2016/nov/22/tony-blair-centre-left-politicians,https://www.theguardian.com/commentisfree/2016/nov/22/tony-blair-centre-left-politicians,,,2026-07-22T21:09:15+00:00,URL-2bc26ae6b7ca,1,23328904d8d64e43,unique_url,,url-canon-v1.0-2026-07-27
NEWS-guardian_api-2bcf91562b68,https://www.theguardian.com/uk/the-northerner/2012/nov/16/police-and-crime-commissioner-elections-northern-england-john-prescott,https://www.theguardian.com/uk/the-northerner/2012/nov/16/police-and-crime-commissioner-elections-northern-england-john-prescott,,,2026-07-22T21:08:30+00:00,URL-2bcf91562b68,1,d2b16a03ee604ad1,unique_url,,url-canon-v1.0-2026-07-27
NEWS-guardian_api-2c1a1ecf0230,https://www.theguardian.com/commentisfree/2020/dec/15/health-inequalities-covid-ucl-government-policymaking,https://www.theguardian.com/commentisfree/2020/dec/15/health-inequalities-covid-ucl-government-policymaking,,,2026-07-22T21:10:25+00:00,URL-2c1a1ecf0230,1,0048ba5e3d6aa61c,unique_url,,url-canon-v1.0-2026-07-27
NEWS-guardian_api-2c41daf0fe57,https://www.theguardian.com/world/2020/nov/11/wednesday-briefing-biden-to-trump-youre-embarrassing-us,https://www.theguardian.com/world/2020/nov/11/wednesday-briefing-biden-to-trump-youre-embarrassing-us,,,2026-07-22T21:10:17+00:00,URL-2c41daf0fe57,1,af961a2692706acc,unique_url,,url-canon-v1.0-2026-07-27
NEWS-guardian_api-2cbef3c6175a,https://www.theguardian.com/society/2017/jan/19/surrey-confirms-plans-to-raise-council-tax-by-15,https://www.theguardian.com/society/2017/jan/19/surrey-confirms-plans-to-raise-council-tax-by-15,,,2026-07-22T21:09:26+00:00,URL-2cbef3c6175a,1,12833dee66580e8c,unique_url,,url-canon-v1.0-2026-07-27
NEWS-guardian_api-2d1b9199b41b,https://www.theguardian.com/world/2020/nov/15/chumocracy-covid-revealed-shape-tory-establishment,https://www.theguardian.com/world/2020/nov/15/chumocracy-covid-revealed-shape-tory-establishment,,,2026-07-22T21:10:32+00:00,URL-2d1b9199b41b,1,a8fc9b3b4cf2966d,unique_url,,url-canon-v1.0-2026-07-27
NEWS-guardian_api-2d4086e29e83,https://www.theguardian.com/politics/2020/dec/10/it-has-hammered-us-2019s-election-voters-on-a-difficult-year,https://www.theguardian.com/politics/2020/dec/10/it-has-hammered-us-2019s-election-voters-on-a-difficult-year,,,2026-07-22T21:10:03+00:00,URL-2d4086e29e83,1,e87ffe05e03d80e3,unique_url,,url-canon-v1.0-2026-07-27
NEWS-guardian_api-2d5e86bbd2d5,https://www.theguardian.com/society/2012/dec/19/political-leaders-financial-crisis-councils,https://www.theguardian.com/society/2012/dec/19/political-leaders-financial-crisis-councils,,,2026-07-22T21:08:55+00:00,URL-2d5e86bbd2d5,1,df31b8ef29da8315,unique_url,,url-canon-v1.0-2026-07-27
NEWS-guardian_api-2d7dce773538,https://www.theguardian.com/politics/2025/nov/21/rachel-reeves-mansplaining-chancellor-budget,https://www.theguardian.com/politics/2025/nov/21/rachel-reeves-mansplaining-chancellor-budget,,,2026-07-22T21:08:18+00:00,URL-2d7dce773538,1,ff8fb31b1f288419,unique_url,,url-canon-v1.0-2026-07-27
NEWS-guardian_api-2d8f5fbda969,https://www.theguardian.com/commentisfree/2012/nov/16/labour-election-victory-lack-connection-voters,https://www.theguardian.com/commentisfree/2012/nov/16/labour-election-victory-lack-connection-voters,,,2026-07-22T21:08:30+00:00,URL-2d8f5fbda969,1,f1961a082bcb1c91,unique_url,,url-canon-v1.0-2026-07-27
NEWS-guardian_api-2e098bd757ab,https://www.theguardian.com/politics/blog/live/2017/jan/25/labour-threatens-hand-to-hand-combat-in-parliament-over-article-50-bill-politics-live,https://www.theguardian.com/politics/blog/live/2017/jan/25/labour-threatens-hand-to-hand-combat-in-parliament-over-article-50-bill-politics-live,,,2026-07-22T21:09:47+00:00,URL-2e098bd757ab,1,aaf2a6197b9ea502,unique_url,,url-canon-v1.0-2026-07-27
NEWS-guardian_api-2e10a5ea51e0,https://www.theguardian.com/society/2016/nov/15/jo-miller-doncaster-council-chief-executives-solace,https://www.theguardian.com/society/2016/nov/15/jo-miller-doncaster-council-chief-executives-solace,,,2026-07-22T21:09:39+00:00,URL-2e10a5ea51e0,1,1208c6cc8d7dc4dd,unique_url,,url-canon-v1.0-2026-07-27
NEWS-guardian_api-2e1a52b71793,https://www.theguardian.com/business/live/2021/jan/13/oil-rally-china-car-sales-ftse-pound-inflation-us-covid-19-business-live,https://www.theguardian.com/business/live/2021/jan/13/oil-rally-china-car-sales-ftse-pound-inflation-us-covid-19-business-live,,,2026-07-22T21:10:07+00:00,URL-2e1a52b71793,1,5b0afec797b81464,unique_url,,url-canon-v1.0-2026-07-27
NEWS-guardian_api-2e4e0c320051,https://www.theguardian.com/society/2012/dec/12/west-somerset-council-staff-redundant,https://www.theguardian.com/society/2012/dec/12/west-somerset-council-staff-redundant,,,2026-07-22T21:08:55+00:00,URL-2e4e0c320051,1,e9c10b99f833cd70,unique_url,,url-canon-v1.0-2026-07-27
NEWS-guardian_api-2e56df5c1cdf,https://www.theguardian.com/society/2013/feb/05/social-value-act-public-services,https://www.theguardian.com/society/2013/feb/05/social-value-act-public-services,,,2026-07-22T21:09:02+00:00,URL-2e56df5c1cdf,1,be67717b78cc1f7b,unique_url,,url-canon-v1.0-2026-07-27
NEWS-guardian_api-2ee298926c46,https://www.theguardian.com/politics/2012/dec/30/david-cameron-poll-finances,https://www.theguardian.com/politics/2012/dec/30/david-cameron-poll-finances,,,2026-07-22T21:08:34+00:00,URL-2ee298926c46,1,a1524648c0bcaba6,unique_url,,url-canon-v1.0-2026-07-27
NEWS-guardian_api-2ef2c7bd5536,https://www.theguardian.com/politics/video/2012/nov/30/labour-rotherham-byelection-video,https://www.theguardian.com/politics/video/2012/nov/30/labour-rotherham-byelection-video,,,2026-07-22T21:08:31+00:00,URL-2ef2c7bd5536,1,,unique_url,,url-canon-v1.0-2026-07-27
NEWS-guardian_api-2f592457e90e,https://www.theguardian.com/commentisfree/2025/nov/20/the-guardian-view-on-nigel-farages-youthful-views-the-past-still-matters,https://www.theguardian.com/commentisfree/2025/nov/20/the-guardian-view-on-nigel-farages-youthful-views-the-past-still-matters,,,2026-07-22T21:07:44+00:00,URL-2f592457e90e,1,fc5098eb59c88135,unique_url,,url-canon-v1.0-2026-07-27
NEWS-guardian_api-2f63a9511e92,https://www.theguardian.com/business/2017/feb/14/uk-inflation-rises-to-18-spurred-by-weak-pound-and-rising-fuel-costs,https://www.theguardian.com/business/2017/feb/14/uk-inflation-rises-to-18-spurred-by-weak-pound-and-rising-fuel-costs,,,2026-07-22T21:09:23+00:00,URL-2f63a9511e92,1,40c46c8c98002c3a,unique_url,,url-canon-v1.0-2026-07-27
NEWS-guardian_api-2fbd80536e5a,https://www.theguardian.com/commentisfree/2016/nov/19/philip-hammond-autumn-statement-brexit,https://www.theguardian.com/commentisfree/2016/nov/19/philip-hammond-autumn-statement-brexit,,,2026-07-22T21:09:47+00:00,URL-2fbd80536e5a,1,55526da82ef25976,unique_url,,url-canon-v1.0-2026-07-27
NEWS-guardian_api-2fcab156b766,https://www.theguardian.com/world/2012/nov/04/britain-could-thrive-outside-eu,https://www.theguardian.com/world/2012/nov/04/britain-could-thrive-outside-eu,,,2026-07-22T21:08:51+00:00,URL-2fcab156b766,1,343fe007c247579d,unique_url,,url-canon-v1.0-2026-07-27
NEWS-guardian_api-300b010663fc,https://www.theguardian.com/politics/blog/2012/nov/12/starbucks-tax-avoidance-controversy-live-blog,https://www.theguardian.com/politics/blog/2012/nov/12/starbucks-tax-avoidance-controversy-live-blog,,,2026-07-22T21:08:38+00:00,URL-300b010663fc,1,a3816e24430b9505,unique_url,,url-canon-v1.0-2026-07-27
NEWS-guardian_api-301d786bbb5e,https://www.theguardian.com/business/live/2017/feb/15/uk-unemployment-wages-brexit-greece-janet-yellen-business-live,https://www.theguardian.com/business/live/2017/feb/15/uk-unemployment-wages-brexit-greece-janet-yellen-business-live,,,2026-07-22T21:09:23+00:00,URL-301d786bbb5e,1,d70907ab2aace0f4,unique_url,,url-canon-v1.0-2026-07-27
NEWS-guardian_api-309df5503535,https://www.theguardian.com/technology/2026/apr/01/mp-palantir-claims-criticism-nhs-england-deal,https://www.theguardian.com/technology/2026/apr/01/mp-palantir-claims-criticism-nhs-england-deal,,,2026-07-22T21:08:18+00:00,URL-309df5503535,1,c748e5d57b1a0195,unique_url,,url-canon-v1.0-2026-07-27
NEWS-guardian_api-30ab66638ffd,https://www.theguardian.com/education/2017/jan/27/london-boroughs-bigger-classes-fewer-teachers-schools,https://www.theguardian.com/education/2017/jan/27/london-boroughs-bigger-classes-fewer-teachers-schools,,,2026-07-22T21:09:22+00:00,URL-30ab66638ffd,1,0f435351f459dc55,unique_url,,url-canon-v1.0-2026-07-27
NEWS-guardian_api-30fc29506855,https://www.theguardian.com/politics/2016/nov/20/nigel-farage-invitation-donald-trump-inauguration,https://www.theguardian.com/politics/2016/nov/20/nigel-farage-invitation-donald-trump-inauguration,,,2026-07-22T21:09:15+00:00,URL-30fc29506855,1,95f6159ae82ac79f,unique_url,,url-canon-v1.0-2026-07-27
NEWS-guardian_api-310b27cfd9d9,https://www.theguardian.com/uk-news/2025/nov/08/billion-pound-ppe-contractor-uniserve-tory-mp,https://www.theguardian.com/uk-news/2025/nov/08/billion-pound-ppe-contractor-uniserve-tory-mp,,,2026-07-22T21:08:02+00:00,URL-310b27cfd9d9,1,6535a44abb5aef89,unique_url,,url-canon-v1.0-2026-07-27
NEWS-guardian_api-311073705b44,https://www.theguardian.com/commentisfree/2012/nov/25/brief-glimpse-better-europe-reality,https://www.theguardian.com/commentisfree/2012/nov/25/brief-glimpse-better-europe-reality,,,2026-07-22T21:08:30+00:00,URL-311073705b44,1,616b8bd6467e941f,unique_url,,url-canon-v1.0-2026-07-27
NEWS-guardian_api-31747e44eca5,https://www.theguardian.com/commentisfree/2016/nov/16/brexit-britain-emperor-may-naked-strategy-eu-withdrawal,https://www.theguardian.com/commentisfree/2016/nov/16/brexit-britain-emperor-may-naked-strategy-eu-withdrawal,,,2026-07-22T21:09:15+00:00,URL-31747e44eca5,1,3a5705df57c0fd07,unique_url,,url-canon-v1.0-2026-07-27
NEWS-guardian_api-3184c9c8b6cf,https://www.theguardian.com/society/2017/jan/14/jeremy-corbyn-labour-decries-social-care-crisis-made-in-downing-street,https://www.theguardian.com/society/2017/jan/14/jeremy-corbyn-labour-decries-social-care-crisis-made-in-downing-street,,,2026-07-22T21:09:47+00:00,URL-3184c9c8b6cf,1,00e8e13ff696f4b9,unique_url,,url-canon-v1.0-2026-07-27
NEWS-guardian_api-31acdffba469,https://www.theguardian.com/healthcare-network/2012/nov/21/today-in-healthcare-21-november-sally-davies-report,https://www.theguardian.com/healthcare-network/2012/nov/21/today-in-healthcare-21-november-sally-davies-report,,,2026-07-22T21:09:02+00:00,URL-31acdffba469,1,08d989ffc060900a,unique_url,,url-canon-v1.0-2026-07-27
NEWS-guardian_api-31fb4fa00a1f,https://www.theguardian.com/business/2021/mar/10/sercos-top-two-executives-handed-74m-in-pay-for-2020,https://www.theguardian.com/business/2021/mar/10/sercos-top-two-executives-handed-74m-in-pay-for-2020,,,2026-07-22T21:10:33+00:00,URL-31fb4fa00a1f,1,eb56d68c59f08593,unique_url,,url-canon-v1.0-2026-07-27
NEWS-guardian_api-31fe0623c12d,https://www.theguardian.com/artanddesign/2026/feb/19/a-safe-space-to-come-and-just-be-the-longed-for-radical-utopian-return-of-britains-youth-clubs,https://www.theguardian.com/artanddesign/2026/feb/19/a-safe-space-to-come-and-just-be-the-longed-for-radical-utopian-return-of-britains-youth-clubs,,,2026-07-22T21:08:10+00:00,URL-31fe0623c12d,1,dd703b52fa2c3796,unique_url,,url-canon-v1.0-2026-07-27
NEWS-guardian_api-32033f7c83ff,https://www.theguardian.com/business/2013/jan/10/mps-pensioner-backlash-inflation-reform,https://www.theguardian.com/business/2013/jan/10/mps-pensioner-backlash-inflation-reform,,,2026-07-22T21:08:38+00:00,URL-32033f7c83ff,1,98d1f92666e1d032,unique_url,,url-canon-v1.0-2026-07-27
NEWS-guardian_api-321baf4efc05,https://www.theguardian.com/environment/blog/2012/nov/06/ukip-climate-environment-researcher-questions,https://www.theguardian.com/environment/blog/2012/nov/06/ukip-climate-environment-researcher-questions,,,2026-07-22T21:08:30+00:00,URL-321baf4efc05,1,d35521d6755d55c1,unique_url,,url-canon-v1.0-2026-07-27
NEWS-guardian_api-3262f2ae3333,https://www.theguardian.com/politics/2012/dec/17/nick-clegg-lib-dems-record,https://www.theguardian.com/politics/2012/dec/17/nick-clegg-lib-dems-record,,,2026-07-22T21:08:34+00:00,URL-3262f2ae3333,1,145cbd681b1abb0f,unique_url,,url-canon-v1.0-2026-07-27
NEWS-guardian_api-32652e99bc22,https://www.theguardian.com/politics/2025/nov/08/cutting-aid-for-disease-fund-would-be-moral-failure-labour-mps-tell-starmer,https://www.theguardian.com/politics/2025/nov/08/cutting-aid-for-disease-fund-would-be-moral-failure-labour-mps-tell-starmer,,,2026-07-22T21:08:06+00:00,URL-32652e99bc22,1,585cff337717069a,unique_url,,url-canon-v1.0-2026-07-27
NEWS-guardian_api-333a7d5d8d79,https://www.theguardian.com/politics/2017/jan/30/jeremy-corbyn-right-strategy-on-brexit-vote,https://www.theguardian.com/politics/2017/jan/30/jeremy-corbyn-right-strategy-on-brexit-vote,,,2026-07-22T21:09:47+00:00,URL-333a7d5d8d79,1,abfc3a9d62b2819a,unique_url,,url-canon-v1.0-2026-07-27
NEWS-guardian_api-3340f088e697,https://www.theguardian.com/healthcare-network/2016/nov/05/will-cultural-chasm-between-nhs-local-government-threaten-plans-stp,https://www.theguardian.com/healthcare-network/2016/nov/05/will-cultural-chasm-between-nhs-local-government-threaten-plans-stp,,,2026-07-22T21:09:39+00:00,URL-3340f088e697,1,dc45b5cd0743a475,unique_url,,url-canon-v1.0-2026-07-27
NEWS-guardian_api-3362c28f898a,https://www.theguardian.com/politics/live/2021/feb/11/uk-covid-news-updates-vaccine-variant-coronavirus,https://www.theguardian.com/politics/live/2021/feb/11/uk-covid-news-updates-vaccine-variant-coronavirus,,,2026-07-22T21:10:25+00:00,URL-3362c28f898a,1,2aa431a60f7d69ff,unique_url,,url-canon-v1.0-2026-07-27
NEWS-guardian_api-338b475ee86f,https://www.theguardian.com/business/2013/jan/10/inflation-index-to-stay-rpi-treasury-ons,https://www.theguardian.com/business/2013/jan/10/inflation-index-to-stay-rpi-treasury-ons,,,2026-07-22T21:08:38+00:00,URL-338b475ee86f,1,98ce569c80f046d6,unique_url,,url-canon-v1.0-2026-07-27
NEWS-guardian_api-339b29620172,https://www.theguardian.com/world/2020/nov/10/english-universities-seek-legal-and-funding-clarity-over-mass-covid-testing-plan,https://www.theguardian.com/world/2020/nov/10/english-universities-seek-legal-and-funding-clarity-over-mass-covid-testing-plan,,,2026-07-22T21:10:17+00:00,URL-339b29620172,1,2cb4279ff3572025,unique_url,,url-canon-v1.0-2026-07-27
NEWS-guardian_api-33baff35952a,https://www.theguardian.com/commentisfree/2012/nov/03/miliband-prentis-living-wage,https://www.theguardian.com/commentisfree/2012/nov/03/miliband-prentis-living-wage,,,2026-07-22T21:08:51+00:00,URL-33baff35952a,1,843497ba0336ae44,unique_url,,url-canon-v1.0-2026-07-27
NEWS-guardian_api-33fde8b6d2bc,https://www.theguardian.com/politics/2016/dec/09/stark-warning-for-labour-sleaford-byelection-eu-referendum,https://www.theguardian.com/politics/2016/dec/09/stark-warning-for-labour-sleaford-byelection-eu-referendum,,,2026-07-22T21:09:19+00:00,URL-33fde8b6d2bc,1,6f9c08a237d10bba,unique_url,,url-canon-v1.0-2026-07-27
NEWS-guardian_api-341410ade315,https://www.theguardian.com/politics/2016/dec/09/labour-mps-blame-brexit-lack-clarity-sleaford-north-hykeham-byelection-result,https://www.theguardian.com/politics/2016/dec/09/labour-mps-blame-brexit-lack-clarity-sleaford-north-hykeham-byelection-result,,,2026-07-22T21:09:19+00:00,URL-341410ade315,1,a2192fccd4d6dca4,unique_url,,url-canon-v1.0-2026-07-27
NEWS-guardian_api-341686647e9a,https://www.theguardian.com/politics/2016/nov/24/chancellors-looser-finance-targets-highlight-weaker-uk-economy,https://www.theguardian.com/politics/2016/nov/24/chancellors-looser-finance-targets-highlight-weaker-uk-economy,,,2026-07-22T21:09:39+00:00,URL-341686647e9a,1,d1c9cb3edbabd3f6,unique_url,,url-canon-v1.0-2026-07-27
NEWS-guardian_api-3424740f5477,https://www.theguardian.com/society/2017/jan/07/theresa-may-urged-to-get-grip-on-nhs-winter-crisis,https://www.theguardian.com/society/2017/jan/07/theresa-may-urged-to-get-grip-on-nhs-winter-crisis,,,2026-07-22T21:09:40+00:00,URL-3424740f5477,1,5276301852507141,unique_url,,url-canon-v1.0-2026-07-27
NEWS-guardian_api-34881ec267e4,https://www.theguardian.com/politics/live/2021/apr/06/uk-covid-live-labour-hardens-opposition-boris-johnson-digital-id-card-covid-passports-,https://www.theguardian.com/politics/live/2021/apr/06/uk-covid-live-labour-hardens-opposition-boris-johnson-digital-id-card-covid-passports-,,,2026-07-22T21:09:58+00:00,URL-34881ec267e4,1,53324d9a3bcb6ec7,unique_url,,url-canon-v1.0-2026-07-27
NEWS-guardian_api-34913bb9ed19,https://www.theguardian.com/commentisfree/2017/feb/24/the-guardian-view-on-byelections-as-much-about-labour-as-brexit,https://www.theguardian.com/commentisfree/2017/feb/24/the-guardian-view-on-byelections-as-much-about-labour-as-brexit,,,2026-07-22T21:09:52+00:00,URL-34913bb9ed19,1,3d7a3405dcb2c4a6,unique_url,,url-canon-v1.0-2026-07-27
NEWS-guardian_api-34e77f9bede6,https://www.theguardian.com/politics/2012/dec/21/david-davies-gay-marriage-interview,https://www.theguardian.com/politics/2012/dec/21/david-davies-gay-marriage-interview,,,2026-07-22T21:08:34+00:00,URL-34e77f9bede6,1,79f796c0fd194319,unique_url,,url-canon-v1.0-2026-07-27
NEWS-guardian_api-34f37e7bd1a8,https://www.theguardian.com/politics/2012/nov/30/labour-rotherham-byelection-ukip,https://www.theguardian.com/politics/2012/nov/30/labour-rotherham-byelection-ukip,,,2026-07-22T21:08:31+00:00,URL-34f37e7bd1a8,1,d93ba789376ba1c5,unique_url,,url-canon-v1.0-2026-07-27
NEWS-guardian_api-3535eec8d783,https://www.theguardian.com/commentisfree/2021/feb/12/health-service-shakeup-experts-view-conservatives-2012-nhs-reforms-doctors,https://www.theguardian.com/commentisfree/2021/feb/12/health-service-shakeup-experts-view-conservatives-2012-nhs-reforms-doctors,,,2026-07-22T21:10:25+00:00,URL-3535eec8d783,1,60bc9f4cbe741f0c,unique_url,,url-canon-v1.0-2026-07-27
NEWS-guardian_api-357923286b1a,https://www.theguardian.com/commentisfree/2025/nov/21/modern-britain-childrens-rights-royals-government,https://www.theguardian.com/commentisfree/2025/nov/21/modern-britain-childrens-rights-royals-government,,,2026-07-22T21:07:45+00:00,URL-357923286b1a,1,91be410ded3bb6e8,unique_url,,url-canon-v1.0-2026-07-27
NEWS-guardian_api-357a822f274d,https://www.theguardian.com/commentisfree/2016/nov/13/rexit-trumpism-donald-trump-nigel-farage,https://www.theguardian.com/commentisfree/2016/nov/13/rexit-trumpism-donald-trump-nigel-farage,,,2026-07-22T21:09:15+00:00,URL-357a822f274d,1,ecea5523682f783f,unique_url,,url-canon-v1.0-2026-07-27
NEWS-guardian_api-358b654e9c81,https://www.theguardian.com/politics/2013/jan/21/labour-tories-five-points-poll,https://www.theguardian.com/politics/2013/jan/21/labour-tories-five-points-poll,,,2026-07-22T21:08:34+00:00,URL-358b654e9c81,1,20c2a052c1dd740c,unique_url,,url-canon-v1.0-2026-07-27
NEWS-guardian_api-35a126c12be4,https://www.theguardian.com/commentisfree/2013/mar/01/lib-dems-won-focus-national-issues,https://www.theguardian.com/commentisfree/2013/mar/01/lib-dems-won-focus-national-issues,,,2026-07-22T21:09:07+00:00,URL-35a126c12be4,1,b345f347df0300bf,unique_url,,url-canon-v1.0-2026-07-27
NEWS-guardian_api-35d19ccbeb01,https://www.theguardian.com/politics/2012/nov/06/labour-mps-put-record-straight,https://www.theguardian.com/politics/2012/nov/06/labour-mps-put-record-straight,,,2026-07-22T21:08:47+00:00,URL-35d19ccbeb01,1,48268a9b4804a9c6,unique_url,,url-canon-v1.0-2026-07-27
NEWS-guardian_api-368517c6a73b,https://www.theguardian.com/politics/2012/nov/04/vince-cable-mansion-tax,https://www.theguardian.com/politics/2012/nov/04/vince-cable-mansion-tax,,,2026-07-22T21:08:51+00:00,URL-368517c6a73b,1,e3e495553317f33b,unique_url,,url-canon-v1.0-2026-07-27
NEWS-guardian_api-36a07f240978,https://www.theguardian.com/society/2020/dec/16/brownfield-sites-prioritised-in-plan-to-build-300000-homes-a-year-in-england,https://www.theguardian.com/society/2020/dec/16/brownfield-sites-prioritised-in-plan-to-build-300000-homes-a-year-in-england,,,2026-07-22T21:10:25+00:00,URL-36a07f240978,1,b7e77fdcc6ca4cfb,unique_url,,url-canon-v1.0-2026-07-27
NEWS-guardian_api-36d8a3e34cbd,https://www.theguardian.com/commentisfree/2020/nov/24/sunak-austerity-raising-taxes-tories,https://www.theguardian.com/commentisfree/2020/nov/24/sunak-austerity-raising-taxes-tories,,,2026-07-22T21:10:25+00:00,URL-36d8a3e34cbd,1,15d01c43504e8300,unique_url,,url-canon-v1.0-2026-07-27
NEWS-guardian_api-3712f18c1326,https://www.theguardian.com/uk-news/2021/mar/18/asylum-seekers-could-be-sent-abroad-by-uk-to-be-processed,https://www.theguardian.com/uk-news/2021/mar/18/asylum-seekers-could-be-sent-abroad-by-uk-to-be-processed,,,2026-07-22T21:10:03+00:00,URL-3712f18c1326,1,1d98ffeed707b5c3,unique_url,,url-canon-v1.0-2026-07-27
NEWS-guardian_api-3727201e401d,https://www.theguardian.com/politics/2025/nov/21/nigel-farage-urged-to-root-out-reform-links-to-russia-after-jailing-of-nathan-gill,https://www.theguardian.com/politics/2025/nov/21/nigel-farage-urged-to-root-out-reform-links-to-russia-after-jailing-of-nathan-gill,,,2026-07-22T21:07:45+00:00,URL-3727201e401d,1,c7961dea66fa5c76,unique_url,,url-canon-v1.0-2026-07-27
NEWS-guardian_api-372ef82ba457,https://www.theguardian.com/society/2020/nov/13/campaigners-criticise-senior-ehrc-appointment-david-goodhart,https://www.theguardian.com/society/2020/nov/13/campaigners-criticise-senior-ehrc-appointment-david-goodhart,,,2026-07-22T21:10:17+00:00,URL-372ef82ba457,1,bf339010dcaaff57,unique_url,,url-canon-v1.0-2026-07-27
NEWS-guardian_api-376aa69077dc,https://www.theguardian.com/news/ng-interactive/2025/nov/29/will-lord-rothermere-britain-most-powerful-media-mogul,https://www.theguardian.com/news/ng-interactive/2025/nov/29/will-lord-rothermere-britain-most-powerful-media-mogul,,,2026-07-22T21:07:48+00:00,URL-376aa69077dc,1,5928e895a5f0e382,unique_url,,url-canon-v1.0-2026-07-27
NEWS-guardian_api-377315c6cf92,https://www.theguardian.com/politics/2017/jan/07/labour-nuclear-test-copeland-byelection-cumbria,https://www.theguardian.com/politics/2017/jan/07/labour-nuclear-test-copeland-byelection-cumbria,,,2026-07-22T21:09:47+00:00,URL-377315c6cf92,1,25a20fe7aa8999a3,unique_url,,url-canon-v1.0-2026-07-27
NEWS-guardian_api-377f76995658,https://www.theguardian.com/society/2012/nov/04/london-boroughs-housing-families-outside-capital,https://www.theguardian.com/society/2012/nov/04/london-boroughs-housing-families-outside-capital,,,2026-07-22T21:08:51+00:00,URL-377f76995658,1,cef6dad9771c107c,unique_url,,url-canon-v1.0-2026-07-27
NEWS-guardian_api-37a39c8abd69,https://www.theguardian.com/uk-news/2025/nov/16/what-changes-to-the-uk-asylum-system-are-being-mooted-by-shabana-mahmood-labour,https://www.theguardian.com/uk-news/2025/nov/16/what-changes-to-the-uk-asylum-system-are-being-mooted-by-shabana-mahmood-labour,,,2026-07-22T21:07:44+00:00,URL-37a39c8abd69,1,28c1495c034269ba,unique_url,,url-canon-v1.0-2026-07-27
NEWS-guardian_api-37ab03dc4c57,https://www.theguardian.com/uk/the-northerner/2013/jan/23/david-cameron-europe-bruges-speech-eu-north,https://www.theguardian.com/uk/the-northerner/2013/jan/23/david-cameron-europe-bruges-speech-eu-north,,,2026-07-22T21:08:34+00:00,URL-37ab03dc4c57,1,faae64d2acc46e8a,unique_url,,url-canon-v1.0-2026-07-27
NEWS-guardian_api-37ace77c08c5,https://www.theguardian.com/social-care-network/2016/nov/08/meals-on-wheels-threat-council-cuts,https://www.theguardian.com/social-care-network/2016/nov/08/meals-on-wheels-threat-council-cuts,,,2026-07-22T21:09:39+00:00,URL-37ace77c08c5,1,84b81c0e0e60d1ee,unique_url,,url-canon-v1.0-2026-07-27
NEWS-guardian_api-37cfe8321abf,https://www.theguardian.com/uk-news/2016/nov/15/john-mcdonnell-speech-philip-hammond-extend-austerity-beyond-2020-autumn-statement,https://www.theguardian.com/uk-news/2016/nov/15/john-mcdonnell-speech-philip-hammond-extend-austerity-beyond-2020-autumn-statement,,,2026-07-22T21:09:47+00:00,URL-37cfe8321abf,1,355dc592e789e1c6,unique_url,,url-canon-v1.0-2026-07-27
NEWS-guardian_api-37e5eedfd12a,https://www.theguardian.com/politics/2017/jan/25/government-to-publish-brexit-white-paper-theresa-may-tells-mps,https://www.theguardian.com/politics/2017/jan/25/government-to-publish-brexit-white-paper-theresa-may-tells-mps,,,2026-07-22T21:09:47+00:00,URL-37e5eedfd12a,1,7a47da27fe3964f6,unique_url,,url-canon-v1.0-2026-07-27
NEWS-guardian_api-383ec59c0b44,https://www.theguardian.com/politics/2025/nov/22/nigel-farage-racist-past-who-is-telling-truth-schooldays,https://www.theguardian.com/politics/2025/nov/22/nigel-farage-racist-past-who-is-telling-truth-schooldays,,,2026-07-22T21:07:45+00:00,URL-383ec59c0b44,1,4724a35731cabad7,unique_url,,url-canon-v1.0-2026-07-27
NEWS-guardian_api-383fdf4ab4cd,https://www.theguardian.com/commentisfree/2025/nov/24/shabana-mahmood-open-britain-immigration-asylum-policies,https://www.theguardian.com/commentisfree/2025/nov/24/shabana-mahmood-open-britain-immigration-asylum-policies,,,2026-07-22T21:07:45+00:00,URL-383fdf4ab4cd,1,c37a9f45db5d6f5e,unique_url,,url-canon-v1.0-2026-07-27
NEWS-guardian_api-3867309607e1,https://www.theguardian.com/local-government-network/2013/feb/04/working-lives-podcasts-media-local-engagement,https://www.theguardian.com/local-government-network/2013/feb/04/working-lives-podcasts-media-local-engagement,,,2026-07-22T21:08:42+00:00,URL-3867309607e1,1,ac8547f550ce2fa7,unique_url,,url-canon-v1.0-2026-07-27
NEWS-guardian_api-38d31583c336,https://www.theguardian.com/society/2016/dec/02/rough-sleeping-on-rise-in-birmingham-after-cuts-to-homelessness-services,https://www.theguardian.com/society/2016/dec/02/rough-sleeping-on-rise-in-birmingham-after-cuts-to-homelessness-services,,,2026-07-22T21:09:39+00:00,URL-38d31583c336,1,f7aa29870d586a77,unique_url,,url-canon-v1.0-2026-07-27
NEWS-guardian_api-38e04d2f2eb4,https://www.theguardian.com/politics/2016/dec/25/sarah-olney-brexit-there-is-something-symbolic-about-this-victory,https://www.theguardian.com/politics/2016/dec/25/sarah-olney-brexit-there-is-something-symbolic-about-this-victory,,,2026-07-22T21:09:26+00:00,URL-38e04d2f2eb4,1,7b437a689d6c3ad5,unique_url,,url-canon-v1.0-2026-07-27
NEWS-guardian_api-38fc35a87eb4,https://www.theguardian.com/commentisfree/2016/dec/22/labour-copeland-byelection-jamie-reed-ukip-tories,https://www.theguardian.com/commentisfree/2016/dec/22/labour-copeland-byelection-jamie-reed-ukip-tories,,,2026-07-22T21:09:19+00:00,URL-38fc35a87eb4,1,d5cc6f9b725ccf65,unique_url,,url-canon-v1.0-2026-07-27
NEWS-guardian_api-39029f24df3f,https://www.theguardian.com/politics/live/2021/mar/24/uk-covid-live-news-updates-priti-patel-boris-johnson-vaccine-rollout,https://www.theguardian.com/politics/live/2021/mar/24/uk-covid-live-news-updates-priti-patel-boris-johnson-vaccine-rollout,,,2026-07-22T21:10:33+00:00,URL-39029f24df3f,1,e566485e152ae363,unique_url,,url-canon-v1.0-2026-07-27
NEWS-guardian_api-390aea9d2e18,https://www.theguardian.com/books/2016/nov/11/library-closures-cuts-and-false-economies,https://www.theguardian.com/books/2016/nov/11/library-closures-cuts-and-false-economies,,,2026-07-22T21:09:39+00:00,URL-390aea9d2e18,1,0e05bed475e5f9fa,unique_url,,url-canon-v1.0-2026-07-27
NEWS-guardian_api-39273f0b5760,https://www.theguardian.com/politics/blog/2012/dec/19/pleb-row-pmqs-mitchell-politics-live,https://www.theguardian.com/politics/blog/2012/dec/19/pleb-row-pmqs-mitchell-politics-live,,,2026-07-22T21:08:38+00:00,URL-39273f0b5760,1,8d669c94de911a57,unique_url,,url-canon-v1.0-2026-07-27
NEWS-guardian_api-3928f93cb899,https://www.theguardian.com/politics/2012/nov/16/labour-snatches-corby-tories,https://www.theguardian.com/politics/2012/nov/16/labour-snatches-corby-tories,,,2026-07-22T21:08:30+00:00,URL-3928f93cb899,1,04daa4da79db4709,unique_url,,url-canon-v1.0-2026-07-27
NEWS-guardian_api-392eccf560d8,https://www.theguardian.com/media/2025/nov/10/bbc-board-member-tory-links-led-charge-systemic-bias-claims,https://www.theguardian.com/media/2025/nov/10/bbc-board-member-tory-links-led-charge-systemic-bias-claims,,,2026-07-22T21:08:02+00:00,URL-392eccf560d8,1,6b095112444e62bf,unique_url,,url-canon-v1.0-2026-07-27
NEWS-guardian_api-392fea82da7e,https://www.theguardian.com/money/2025/nov/20/reeves-urged-to-grasp-the-nettle-with-wholesale-reset-of-council-tax,https://www.theguardian.com/money/2025/nov/20/reeves-urged-to-grasp-the-nettle-with-wholesale-reset-of-council-tax,,,2026-07-22T21:07:52+00:00,URL-392fea82da7e,1,c3a884639f59c62c,unique_url,,url-canon-v1.0-2026-07-27
NEWS-guardian_api-39422cc4f188,https://www.theguardian.com/politics/blog/2012/nov/29/leveson-cameron-statement-commons-live-blog,https://www.theguardian.com/politics/blog/2012/nov/29/leveson-cameron-statement-commons-live-blog,,,2026-07-22T21:08:31+00:00,URL-39422cc4f188,1,5acc932f81d3eceb,unique_url,,url-canon-v1.0-2026-07-27
NEWS-guardian_api-3944c12a9d43,https://www.theguardian.com/sport/2012/nov/22/shadow-health-secretary-post-olympic,https://www.theguardian.com/sport/2012/nov/22/shadow-health-secretary-post-olympic,,,2026-07-22T21:09:02+00:00,URL-3944c12a9d43,1,ec45abe415861916,unique_url,,url-canon-v1.0-2026-07-27
NEWS-guardian_api-39af9934303e,https://www.theguardian.com/politics/live/2026/mar/18/angela-rayner-andy-burnham-labour-keir-starmer-kemi-badenoch-pmqs-uk-politics-latest-news-updates,https://www.theguardian.com/politics/live/2026/mar/18/angela-rayner-andy-burnham-labour-keir-starmer-kemi-badenoch-pmqs-uk-politics-latest-news-updates,,,2026-07-22T21:08:18+00:00,URL-39af9934303e,1,05ce09ae88d7575f,unique_url,,url-canon-v1.0-2026-07-27
NEWS-guardian_api-3a3b267cfcbe,https://www.theguardian.com/politics/2016/dec/04/should-labour-campaign-to-curb-immigration,https://www.theguardian.com/politics/2016/dec/04/should-labour-campaign-to-curb-immigration,,,2026-07-22T21:09:47+00:00,URL-3a3b267cfcbe,1,2adb2da74380c1d7,unique_url,,url-canon-v1.0-2026-07-27
NEWS-guardian_api-3a5d4bb005e4,https://www.theguardian.com/society/2016/nov/22/social-care-system-needs-rescue-package-save-nhs,https://www.theguardian.com/society/2016/nov/22/social-care-system-needs-rescue-package-save-nhs,,,2026-07-22T21:09:39+00:00,URL-3a5d4bb005e4,1,420186df4f910ad7,unique_url,,url-canon-v1.0-2026-07-27
NEWS-guardian_api-3a940a5c546b,https://www.theguardian.com/society/2017/feb/08/jeremy-corbyn-accuses-may-of-sweetheart-deal-surrey-council-tax,https://www.theguardian.com/society/2017/feb/08/jeremy-corbyn-accuses-may-of-sweetheart-deal-surrey-council-tax,,,2026-07-22T21:09:26+00:00,URL-3a940a5c546b,1,3be81e3e2e22ef70,unique_url,,url-canon-v1.0-2026-07-27
NEWS-guardian_api-3a9be3f68624,https://www.theguardian.com/money/2021/mar/28/i-cant-sell-mums-retirement-flat-and-the-charges-are-mounting-up,https://www.theguardian.com/money/2021/mar/28/i-cant-sell-mums-retirement-flat-and-the-charges-are-mounting-up,,,2026-07-22T21:10:13+00:00,URL-3a9be3f68624,1,b42212bd80b1b870,unique_url,,url-canon-v1.0-2026-07-27
NEWS-guardian_api-3afa1e7402bc,https://www.theguardian.com/social-care-network/2016/nov/08/child-protection-children-and-social-work-bill-uk,https://www.theguardian.com/social-care-network/2016/nov/08/child-protection-children-and-social-work-bill-uk,,,2026-07-22T21:09:32+00:00,URL-3afa1e7402bc,1,8c0a64a53705e5ca,unique_url,,url-canon-v1.0-2026-07-27
NEWS-guardian_api-3afe616db4f9,https://www.theguardian.com/business/2025/nov/19/fall-uk-inflation-interest-rate-cut-rachel-reeves-bank-of-england,https://www.theguardian.com/business/2025/nov/19/fall-uk-inflation-interest-rate-cut-rachel-reeves-bank-of-england,,,2026-07-22T21:07:52+00:00,URL-3afe616db4f9,1,c54a5c78d68ed393,unique_url,,url-canon-v1.0-2026-07-27
NEWS-guardian_api-3b027b28e3bc,https://www.theguardian.com/business/2021/jan/19/most-non-food-pubs-england-still-awaiting-1000-covid-grants,https://www.theguardian.com/business/2021/jan/19/most-non-food-pubs-england-still-awaiting-1000-covid-grants,,,2026-07-22T21:10:25+00:00,URL-3b027b28e3bc,1,cab9886cdfaf6991,unique_url,,url-canon-v1.0-2026-07-27
NEWS-guardian_api-3b08b8bb12b4,https://www.theguardian.com/politics/2012/dec/08/ed-miliband-george-osborne-welfare,https://www.theguardian.com/politics/2012/dec/08/ed-miliband-george-osborne-welfare,,,2026-07-22T21:08:38+00:00,URL-3b08b8bb12b4,1,0f6066b6c25ac931,unique_url,,url-canon-v1.0-2026-07-27
NEWS-guardian_api-3b3920028545,https://www.theguardian.com/business/2012/nov/13/gas-prices-labour-transparent-whistleblower,https://www.theguardian.com/business/2012/nov/13/gas-prices-labour-transparent-whistleblower,,,2026-07-22T21:08:47+00:00,URL-3b3920028545,1,18a2cf1a5a411981,unique_url,,url-canon-v1.0-2026-07-27
NEWS-guardian_api-3b650ad22c49,https://www.theguardian.com/politics/2016/dec/02/what-richmond-park-vote-could-mean-for-general-election,https://www.theguardian.com/politics/2016/dec/02/what-richmond-park-vote-could-mean-for-general-election,,,2026-07-22T21:09:19+00:00,URL-3b650ad22c49,1,d821ea1747d38661,unique_url,,url-canon-v1.0-2026-07-27
NEWS-guardian_api-3b77fdfa2b7f,https://www.theguardian.com/politics/2017/jan/02/len-mccluskey-corbyn-should-consider-his-position-if-polls-dont-improve,https://www.theguardian.com/politics/2017/jan/02/len-mccluskey-corbyn-should-consider-his-position-if-polls-dont-improve,,,2026-07-22T21:09:19+00:00,URL-3b77fdfa2b7f,1,a2d1fb6211af4cd4,unique_url,,url-canon-v1.0-2026-07-27
NEWS-guardian_api-3be2c99d0c1e,https://www.theguardian.com/politics/2025/nov/20/keir-starmer-defends-south-africa-g20-budget,https://www.theguardian.com/politics/2025/nov/20/keir-starmer-defends-south-africa-g20-budget,,,2026-07-22T21:07:52+00:00,URL-3be2c99d0c1e,1,6e6a5afa3c6e3d40,unique_url,,url-canon-v1.0-2026-07-27
NEWS-guardian_api-3bf042e68a35,https://www.theguardian.com/public-leaders-network/2016/nov/12/assess-disability-benefits-esa-fit-to-work-dwp,https://www.theguardian.com/public-leaders-network/2016/nov/12/assess-disability-benefits-esa-fit-to-work-dwp,,,2026-07-22T21:09:47+00:00,URL-3bf042e68a35,1,5c84b1ef2e4e481c,unique_url,,url-canon-v1.0-2026-07-27
NEWS-guardian_api-3c0f144058d9,https://www.theguardian.com/society/2012/dec/18/if-only-local-government-decisions-easy,https://www.theguardian.com/society/2012/dec/18/if-only-local-government-decisions-easy,,,2026-07-22T21:08:55+00:00,URL-3c0f144058d9,1,650a75cab50d3be1,unique_url,,url-canon-v1.0-2026-07-27
NEWS-guardian_api-3c8e6508090f,https://www.theguardian.com/politics/2012/nov/05/david-cameron-gulf-typhoon-fighter-jets,https://www.theguardian.com/politics/2012/nov/05/david-cameron-gulf-typhoon-fighter-jets,,,2026-07-22T21:08:58+00:00,URL-3c8e6508090f,1,500c31c74137e113,unique_url,,url-canon-v1.0-2026-07-27
NEWS-guardian_api-3cf8ec3e92f8,https://www.theguardian.com/commentisfree/2012/nov/15/cut-deprived-cities-liverpool,https://www.theguardian.com/commentisfree/2012/nov/15/cut-deprived-cities-liverpool,,,2026-07-22T21:08:55+00:00,URL-3cf8ec3e92f8,1,89202a1e8e24d5c7,unique_url,,url-canon-v1.0-2026-07-27
NEWS-guardian_api-3d04f6631a50,https://www.theguardian.com/politics/blog/live/2016/dec/07/brexit-debate-plan-labour-pmqs-call-for-government-to-publish-its-brexit-plan-politics-live,https://www.theguardian.com/politics/blog/live/2016/dec/07/brexit-debate-plan-labour-pmqs-call-for-government-to-publish-its-brexit-plan-politics-live,,,2026-07-22T21:09:19+00:00,URL-3d04f6631a50,1,dbf9fb05c5378fcc,unique_url,,url-canon-v1.0-2026-07-27
NEWS-guardian_api-3d6716d32b71,https://www.theguardian.com/politics/2017/jan/15/brexit-poll-conservatives-labour-ukip,https://www.theguardian.com/politics/2017/jan/15/brexit-poll-conservatives-labour-ukip,,,2026-07-22T21:09:52+00:00,URL-3d6716d32b71,1,7830bb01be47eb28,unique_url,,url-canon-v1.0-2026-07-27
NEWS-guardian_api-3d8894d2fb44,https://www.theguardian.com/politics/2016/nov/12/donald-trump-election-global-wake-up-call-jeremy-corbyn,https://www.theguardian.com/politics/2016/nov/12/donald-trump-election-global-wake-up-call-jeremy-corbyn,,,2026-07-22T21:09:15+00:00,URL-3d8894d2fb44,1,aaa0164b0eee1678,unique_url,,url-canon-v1.0-2026-07-27
NEWS-guardian_api-3d9aece0e8e9,https://www.theguardian.com/politics/2016/dec/02/push-hard-brexit-richmond-park-win-says-lib-dem-mp-sarah-olney,https://www.theguardian.com/politics/2016/dec/02/push-hard-brexit-richmond-park-win-says-lib-dem-mp-sarah-olney,,,2026-07-22T21:09:19+00:00,URL-3d9aece0e8e9,1,e7501d1fed0570ae,unique_url,,url-canon-v1.0-2026-07-27
NEWS-guardian_api-3dc1632a8616,https://www.theguardian.com/business/2020/dec/26/high-streets-england-recovery-fund,https://www.theguardian.com/business/2020/dec/26/high-streets-england-recovery-fund,,,2026-07-22T21:10:25+00:00,URL-3dc1632a8616,1,53f0f8177dc4797e,unique_url,,url-canon-v1.0-2026-07-27
NEWS-guardian_api-3dcea268e2a3,https://www.theguardian.com/politics/live/2017/apr/25/general-election-2017-labour-pledge-to-wipe-brexit-slate-clean-politics-live,https://www.theguardian.com/politics/live/2017/apr/25/general-election-2017-labour-pledge-to-wipe-brexit-slate-clean-politics-live,,,2026-07-22T21:09:52+00:00,URL-3dcea268e2a3,1,7449c49fc7550024,unique_url,,url-canon-v1.0-2026-07-27
NEWS-guardian_api-3dd2ab7556e7,https://www.theguardian.com/business/live/2025/nov/11/pound-falls-uk-unemployment-four-year-high-stock-markets-ftse-100-business-live-news,https://www.theguardian.com/business/live/2025/nov/11/pound-falls-uk-unemployment-four-year-high-stock-markets-ftse-100-business-live-news,,,2026-07-22T21:08:02+00:00,URL-3dd2ab7556e7,1,2a435e4acd94ea31,unique_url,,url-canon-v1.0-2026-07-27
NEWS-guardian_api-3df530d115fe,https://www.theguardian.com/politics/2025/nov/28/keir-starmer-leadership-safe-may-elections-labour-mps,https://www.theguardian.com/politics/2025/nov/28/keir-starmer-leadership-safe-may-elections-labour-mps,,,2026-07-22T21:07:48+00:00,URL-3df530d115fe,1,b833d4a21101ad78,unique_url,,url-canon-v1.0-2026-07-27
NEWS-guardian_api-3e1a289be627,https://www.theguardian.com/politics/2025/nov/25/reform-trumpian-legal-threats-media-nigel-farage,https://www.theguardian.com/politics/2025/nov/25/reform-trumpian-legal-threats-media-nigel-farage,,,2026-07-22T21:07:45+00:00,URL-3e1a289be627,1,08f02707880720d5,unique_url,,url-canon-v1.0-2026-07-27
NEWS-guardian_api-3e2c2c57377e,https://www.theguardian.com/commentisfree/2012/nov/12/soap-operas-wash-hands-politics,https://www.theguardian.com/commentisfree/2012/nov/12/soap-operas-wash-hands-politics,,,2026-07-22T21:08:47+00:00,URL-3e2c2c57377e,1,5e7efd300a4a4c94,unique_url,,url-canon-v1.0-2026-07-27
NEWS-guardian_api-3e9786643e5d,https://www.theguardian.com/business/2021/apr/01/uk-lowest-paid-workers-household-bills-statutory-minimum-wages-inflation,https://www.theguardian.com/business/2021/apr/01/uk-lowest-paid-workers-household-bills-statutory-minimum-wages-inflation,,,2026-07-22T21:10:07+00:00,URL-3e9786643e5d,1,777b918177ffb5e0,unique_url,,url-canon-v1.0-2026-07-27
NEWS-guardian_api-3eac7109f377,https://www.theguardian.com/politics/blog/live/2017/jan/14/jeremy-corbyn-speech-fabian-society-promises-complete-break-with-this-rigged-system-in-speech-to-fabians-politics-live,https://www.theguardian.com/politics/blog/live/2017/jan/14/jeremy-corbyn-speech-fabian-society-promises-complete-break-with-this-rigged-system-in-speech-to-fabians-politics-live,,,2026-07-22T21:09:47+00:00,URL-3eac7109f377,1,f28420c9afde4d8a,unique_url,,url-canon-v1.0-2026-07-27
NEWS-guardian_api-3ec03bc6d466,https://www.theguardian.com/politics/2012/nov/30/kremlin-orders-diplomats-cooperation-conservatives,https://www.theguardian.com/politics/2012/nov/30/kremlin-orders-diplomats-cooperation-conservatives,,,2026-07-22T21:08:42+00:00,URL-3ec03bc6d466,1,cf96cdd153d2254d,unique_url,,url-canon-v1.0-2026-07-27
NEWS-guardian_api-3edf84cf8042,https://www.theguardian.com/politics/2016/nov/14/pm-betraying-national-interest-by-rejecting-my-trump-offer-says-farage,https://www.theguardian.com/politics/2016/nov/14/pm-betraying-national-interest-by-rejecting-my-trump-offer-says-farage,,,2026-07-22T21:09:15+00:00,URL-3edf84cf8042,1,06c27b7992a9d940,unique_url,,url-canon-v1.0-2026-07-27
NEWS-guardian_api-3eef34d2449e,https://www.theguardian.com/world/2025/nov/13/thursday-briefing-is-wes-streeting-a-traitor-or-a-faithful,https://www.theguardian.com/world/2025/nov/13/thursday-briefing-is-wes-streeting-a-traitor-or-a-faithful,,,2026-07-22T21:07:44+00:00,URL-3eef34d2449e,1,281334ec15bb78aa,unique_url,,url-canon-v1.0-2026-07-27
NEWS-guardian_api-3f1e1c1fa703,https://www.theguardian.com/politics/2013/jan/07/nigel-farage-party-eccentrics-ukip,https://www.theguardian.com/politics/2013/jan/07/nigel-farage-party-eccentrics-ukip,,,2026-07-22T21:08:34+00:00,URL-3f1e1c1fa703,1,bf0d31f7fe3c171f,unique_url,,url-canon-v1.0-2026-07-27
NEWS-guardian_api-3f63a6c944da,https://www.theguardian.com/commentisfree/2021/feb/09/young-voters-labour-opening-green-party,https://www.theguardian.com/commentisfree/2021/feb/09/young-voters-labour-opening-green-party,,,2026-07-22T21:10:03+00:00,URL-3f63a6c944da,1,545d0edba355f3d0,unique_url,,url-canon-v1.0-2026-07-27
NEWS-guardian_api-3f991c6b2dae,https://www.theguardian.com/politics/2012/nov/03/labour-tories-observer-opinion-poll,https://www.theguardian.com/politics/2012/nov/03/labour-tories-observer-opinion-poll,,,2026-07-22T21:08:30+00:00,URL-3f991c6b2dae,1,25c8041fa9c4a0d6,unique_url,,url-canon-v1.0-2026-07-27
NEWS-guardian_api-3fb3665c2697,https://www.theguardian.com/commentisfree/2025/nov/17/the-guardian-view-on-labours-asylum-plans-ministers-cannot-out-farage-the-far-right-and-should-stop-trying,https://www.theguardian.com/commentisfree/2025/nov/17/the-guardian-view-on-labours-asylum-plans-ministers-cannot-out-farage-the-far-right-and-should-stop-trying,,,2026-07-22T21:07:44+00:00,URL-3fb3665c2697,1,65f8bdaf903cf2fb,unique_url,,url-canon-v1.0-2026-07-27
NEWS-guardian_api-3fb4c64154f8,https://www.theguardian.com/social-care-network/2017/jan/04/for-change-in-social-care-to-bring-value-it-must-be-messy,https://www.theguardian.com/social-care-network/2017/jan/04/for-change-in-social-care-to-bring-value-it-must-be-messy,,,2026-07-22T21:09:47+00:00,URL-3fb4c64154f8,1,206130526ca38d91,unique_url,,url-canon-v1.0-2026-07-27
NEWS-guardian_api-3fc024a1d5ed,https://www.theguardian.com/politics/2025/nov/12/reform-uk-pulls-out-of-bbc-film-amid-trump-speech-edit-row,https://www.theguardian.com/politics/2025/nov/12/reform-uk-pulls-out-of-bbc-film-amid-trump-speech-edit-row,,,2026-07-22T21:07:44+00:00,URL-3fc024a1d5ed,1,d0ef8bf59cbacaad,unique_url,,url-canon-v1.0-2026-07-27
NEWS-guardian_api-3fd9b2cae636,https://www.theguardian.com/politics/blog/2013/feb/26/lib-dem-rennard-claims-politics-live,https://www.theguardian.com/politics/blog/2013/feb/26/lib-dem-rennard-claims-politics-live,,,2026-07-22T21:09:07+00:00,URL-3fd9b2cae636,1,610a67c4022071b2,unique_url,,url-canon-v1.0-2026-07-27
NEWS-guardian_api-4005b9ec374e,https://www.theguardian.com/politics/2026/jan/26/bravermans-predictable-defection-is-farages-biggest-political-gamble-yet,https://www.theguardian.com/politics/2026/jan/26/bravermans-predictable-defection-is-farages-biggest-political-gamble-yet,,,2026-07-22T21:08:23+00:00,URL-4005b9ec374e,1,a7505b419342b58a,unique_url,,url-canon-v1.0-2026-07-27
NEWS-guardian_api-403495210dad,https://www.theguardian.com/politics/live/2026/feb/24/peter-mandelson-ex-prince-andrew-labour-keir-starmer-uk-politics-latest-news-updates,https://www.theguardian.com/politics/live/2026/feb/24/peter-mandelson-ex-prince-andrew-labour-keir-starmer-uk-politics-latest-news-updates,,,2026-07-22T21:08:10+00:00,URL-403495210dad,1,0d5b15e62a3b2289,unique_url,,url-canon-v1.0-2026-07-27
NEWS-guardian_api-403ebc48480a,https://www.theguardian.com/politics/live/2025/nov/27/rachel-reeves-budget-2025-mansion-tax-labour-keir-starmer-conservatives-uk-politics-latest-news-updates,https://www.theguardian.com/politics/live/2025/nov/27/rachel-reeves-budget-2025-mansion-tax-labour-keir-starmer-conservatives-uk-politics-latest-news-updates,,,2026-07-22T21:08:18+00:00,URL-403ebc48480a,1,e7ceeae2273c179e,unique_url,,url-canon-v1.0-2026-07-27
NEWS-guardian_api-40a138ca9105,https://www.theguardian.com/politics/2012/dec/17/nick-clegg-lib-dem-tory-coalition,https://www.theguardian.com/politics/2012/dec/17/nick-clegg-lib-dem-tory-coalition,,,2026-07-22T21:08:34+00:00,URL-40a138ca9105,1,44874f60856bb54d,unique_url,,url-canon-v1.0-2026-07-27
NEWS-guardian_api-40ad41828be0,https://www.theguardian.com/politics/live/2025/dec/02/david-lammy-courts-law-starmer-labour-reeves-budget-obr-uk-politics-live-news-updates,https://www.theguardian.com/politics/live/2025/dec/02/david-lammy-courts-law-starmer-labour-reeves-budget-obr-uk-politics-live-news-updates,,,2026-07-22T21:08:10+00:00,URL-40ad41828be0,1,b7c19b052ccd5ecb,unique_url,,url-canon-v1.0-2026-07-27
NEWS-guardian_api-40f53800afa9,https://www.theguardian.com/commentisfree/2017/feb/01/article-50-trigger-parties-work-together-brexit-terms-cliff-edge,https://www.theguardian.com/commentisfree/2017/feb/01/article-50-trigger-parties-work-together-brexit-terms-cliff-edge,,,2026-07-22T21:09:47+00:00,URL-40f53800afa9,1,617ce7c04274db69,unique_url,,url-canon-v1.0-2026-07-27
NEWS-guardian_api-4161d1ab48fe,https://www.theguardian.com/politics/2020/nov/25/spending-review-2020-the-winners-and-losers-in-sunaks-statement,https://www.theguardian.com/politics/2020/nov/25/spending-review-2020-the-winners-and-losers-in-sunaks-statement,,,2026-07-22T21:10:25+00:00,URL-4161d1ab48fe,1,a320fd01971ab223,unique_url,,url-canon-v1.0-2026-07-27
NEWS-guardian_api-416f428aeec3,https://www.theguardian.com/politics/blog/2012/nov/22/prisoner-voting-echr-grayling-live-blog,https://www.theguardian.com/politics/blog/2012/nov/22/prisoner-voting-echr-grayling-live-blog,,,2026-07-22T21:08:30+00:00,URL-416f428aeec3,1,2357828b58da6304,unique_url,,url-canon-v1.0-2026-07-27
NEWS-guardian_api-41d04d850229,https://www.theguardian.com/society/2025/nov/23/food-banks-demand-prices-frontline-cost-of-living-crisis,https://www.theguardian.com/society/2025/nov/23/food-banks-demand-prices-frontline-cost-of-living-crisis,,,2026-07-22T21:07:45+00:00,URL-41d04d850229,1,38040188d5d08b57,unique_url,,url-canon-v1.0-2026-07-27
NEWS-guardian_api-41d2f7ecd8ae,https://www.theguardian.com/commentisfree/2013/jan/24/health-service-debate,https://www.theguardian.com/commentisfree/2013/jan/24/health-service-debate,,,2026-07-22T21:09:02+00:00,URL-41d2f7ecd8ae,1,525b9f21aef853a3,unique_url,,url-canon-v1.0-2026-07-27
NEWS-guardian_api-41dd52533780,https://www.theguardian.com/commentisfree/2012/nov/09/police-crime-commissioner-elections-politics,https://www.theguardian.com/commentisfree/2012/nov/09/police-crime-commissioner-elections-politics,,,2026-07-22T21:08:47+00:00,URL-41dd52533780,1,94d50ba6bf90c646,unique_url,,url-canon-v1.0-2026-07-27
NEWS-guardian_api-425056701bc1,https://www.theguardian.com/business/live/2017/feb/02/bank-of-england-interest-rates-quarterly-inflation-report-brexit-live,https://www.theguardian.com/business/live/2017/feb/02/bank-of-england-interest-rates-quarterly-inflation-report-brexit-live,,,2026-07-22T21:09:23+00:00,URL-425056701bc1,1,5c55465efeb884e9,unique_url,,url-canon-v1.0-2026-07-27
NEWS-guardian_api-427c3522d154,https://www.theguardian.com/society/2016/dec/14/theresa-may-pledges-to-seek-long-term-solution-to-social-care-squeeze,https://www.theguardian.com/society/2016/dec/14/theresa-may-pledges-to-seek-long-term-solution-to-social-care-squeeze,,,2026-07-22T21:09:40+00:00,URL-427c3522d154,1,9e43f0ce30181c70,unique_url,,url-canon-v1.0-2026-07-27
NEWS-guardian_api-42af519e503c,https://www.theguardian.com/society/2026/mar/26/labour-failing-to-live-up-to-ambition-to-reform-public-services-analysis-finds,https://www.theguardian.com/society/2026/mar/26/labour-failing-to-live-up-to-ambition-to-reform-public-services-analysis-finds,,,2026-07-22T21:08:18+00:00,URL-42af519e503c,1,e386f35ef7e5c4fb,unique_url,,url-canon-v1.0-2026-07-27
NEWS-guardian_api-42b967094bf9,https://www.theguardian.com/commentisfree/2013/jan/17/labour-must-leave-eu-schisms-to-tories,https://www.theguardian.com/commentisfree/2013/jan/17/labour-must-leave-eu-schisms-to-tories,,,2026-07-22T21:08:34+00:00,URL-42b967094bf9,1,c751a93693f5c42d,unique_url,,url-canon-v1.0-2026-07-27
NEWS-guardian_api-42e20bbf03aa,https://www.theguardian.com/commentisfree/2017/jan/31/labour-mps-duty-corbyn-whip-brexit,https://www.theguardian.com/commentisfree/2017/jan/31/labour-mps-duty-corbyn-whip-brexit,,,2026-07-22T21:09:47+00:00,URL-42e20bbf03aa,1,e6cf5cceeabdcc6a,unique_url,,url-canon-v1.0-2026-07-27
NEWS-guardian_api-4383d2d2984e,https://www.theguardian.com/uk/the-northerner/2012/nov/27/rotherham-respect-party,https://www.theguardian.com/uk/the-northerner/2012/nov/27/rotherham-respect-party,,,2026-07-22T21:08:31+00:00,URL-4383d2d2984e,1,3768479ae71804f5,unique_url,,url-canon-v1.0-2026-07-27
NEWS-guardian_api-43ce3adf66d3,https://www.theguardian.com/politics/2025/nov/13/hundreds-of-thousands-to-lose-heat-pump-subsidies-in-reevess-budget-plan,https://www.theguardian.com/politics/2025/nov/13/hundreds-of-thousands-to-lose-heat-pump-subsidies-in-reevess-budget-plan,,,2026-07-22T21:07:44+00:00,URL-43ce3adf66d3,1,a47635412b2349b1,unique_url,,url-canon-v1.0-2026-07-27
NEWS-guardian_api-43f35a2d47fa,https://www.theguardian.com/politics/blog/live/2016/nov/17/ministers-told-dropping-plan-to-curb-power-of-lords-is-big-mistake-politics-live,https://www.theguardian.com/politics/blog/live/2016/nov/17/ministers-told-dropping-plan-to-curb-power-of-lords-is-big-mistake-politics-live,,,2026-07-22T21:09:15+00:00,URL-43f35a2d47fa,1,65e5a9db45c86842,unique_url,,url-canon-v1.0-2026-07-27
NEWS-guardian_api-442d5e98000b,https://www.theguardian.com/uk/2012/dec/17/northern-stars-right-grim,https://www.theguardian.com/uk/2012/dec/17/northern-stars-right-grim,,,2026-07-22T21:08:55+00:00,URL-442d5e98000b,1,0e8c8db6c6d2be41,unique_url,,url-canon-v1.0-2026-07-27
NEWS-guardian_api-4494203acb80,https://www.theguardian.com/uk-news/2021/jan/11/bodies-stored-at-temporary-surrey-mortuary-after-hospitals-reach-capacity,https://www.theguardian.com/uk-news/2021/jan/11/bodies-stored-at-temporary-surrey-mortuary-after-hospitals-reach-capacity,,,2026-07-22T21:10:12+00:00,URL-4494203acb80,1,b8b43d3de7781de3,unique_url,,url-canon-v1.0-2026-07-27
NEWS-guardian_api-44cbb952c1d6,https://www.theguardian.com/commentisfree/2012/dec/17/coalition-liberal-democrats-step-away-tories,https://www.theguardian.com/commentisfree/2012/dec/17/coalition-liberal-democrats-step-away-tories,,,2026-07-22T21:09:02+00:00,URL-44cbb952c1d6,1,e3ea95894c808a71,unique_url,,url-canon-v1.0-2026-07-27
NEWS-guardian_api-44efdb2d30c8,https://www.theguardian.com/local-government-network/2012/nov/23/eric-pickles-council-finance-cuts,https://www.theguardian.com/local-government-network/2012/nov/23/eric-pickles-council-finance-cuts,,,2026-07-22T21:08:55+00:00,URL-44efdb2d30c8,1,037ba48a35479588,unique_url,,url-canon-v1.0-2026-07-27
NEWS-guardian_api-44f8ab87091f,https://www.theguardian.com/politics/blog/2013/jan/17/miliband-today-europe-speech-live-blog,https://www.theguardian.com/politics/blog/2013/jan/17/miliband-today-europe-speech-live-blog,,,2026-07-22T21:08:34+00:00,URL-44f8ab87091f,1,12402b6498e1d22c,unique_url,,url-canon-v1.0-2026-07-27
NEWS-guardian_api-450488ff31d0,https://www.theguardian.com/commentisfree/2026/jan/02/the-guardian-view-on-care-leavers-responsibility-for-looked-after-children-does-not-end-at-18,https://www.theguardian.com/commentisfree/2026/jan/02/the-guardian-view-on-care-leavers-responsibility-for-looked-after-children-does-not-end-at-18,,,2026-07-22T21:08:18+00:00,URL-450488ff31d0,1,6fee8859e3bb46a1,unique_url,,url-canon-v1.0-2026-07-27
NEWS-guardian_api-4573447824dd,https://www.theguardian.com/society/2026/mar/02/senior-council-officers-building-work-hit-by-delays,https://www.theguardian.com/society/2026/mar/02/senior-council-officers-building-work-hit-by-delays,,,2026-07-22T21:08:10+00:00,URL-4573447824dd,1,7e24d0bbc300e4ea,unique_url,,url-canon-v1.0-2026-07-27
NEWS-guardian_api-45dba2dd797e,https://www.theguardian.com/commentisfree/2012/dec/27/olympics-nero-orgasmic-hangover,https://www.theguardian.com/commentisfree/2012/dec/27/olympics-nero-orgasmic-hangover,,,2026-07-22T21:09:07+00:00,URL-45dba2dd797e,1,b927f88223bfbe95,unique_url,,url-canon-v1.0-2026-07-27
NEWS-guardian_api-45fe1f268384,https://www.theguardian.com/global-development/2013/jan/30/great-escape-european-migrants-fleeing-recession,https://www.theguardian.com/global-development/2013/jan/30/great-escape-european-migrants-fleeing-recession,,,2026-07-22T21:08:38+00:00,URL-45fe1f268384,1,93837196c9da593a,unique_url,,url-canon-v1.0-2026-07-27
NEWS-guardian_api-4603a0026a3b,https://www.theguardian.com/politics/blog/live/2016/dec/14/pmqs-may-corbyn-brexit-david-davis-and-jeremy-corbyn-prepare-for-last-pmqs-of-2016-politics-live,https://www.theguardian.com/politics/blog/live/2016/dec/14/pmqs-may-corbyn-brexit-david-davis-and-jeremy-corbyn-prepare-for-last-pmqs-of-2016-politics-live,,,2026-07-22T21:09:19+00:00,URL-4603a0026a3b,1,7ed45cc2be99294f,unique_url,,url-canon-v1.0-2026-07-27
NEWS-guardian_api-460d65e7e842,https://www.theguardian.com/commentisfree/2012/dec/19/mayhem-uk-bill-of-rights-ukip-cameron,https://www.theguardian.com/commentisfree/2012/dec/19/mayhem-uk-bill-of-rights-ukip-cameron,,,2026-07-22T21:08:34+00:00,URL-460d65e7e842,1,97347c9d13169150,unique_url,,url-canon-v1.0-2026-07-27
NEWS-guardian_api-4622fa1d7d1d,https://www.theguardian.com/politics/blog/live/2016/nov/22/no-10-rejects-trumps-call-for-farage-to-beuk-ambassador-to-the-us-politics-live,https://www.theguardian.com/politics/blog/live/2016/nov/22/no-10-rejects-trumps-call-for-farage-to-beuk-ambassador-to-the-us-politics-live,,,2026-07-22T21:09:15+00:00,URL-4622fa1d7d1d,1,fc462412e101b679,unique_url,,url-canon-v1.0-2026-07-27
NEWS-guardian_api-466ec0700a1f,https://www.theguardian.com/local-government-network/2012/nov/24/round-up-partnerships-social-care,https://www.theguardian.com/local-government-network/2012/nov/24/round-up-partnerships-social-care,,,2026-07-22T21:08:42+00:00,URL-466ec0700a1f,1,21b714bdf40abce4,unique_url,,url-canon-v1.0-2026-07-27
NEWS-guardian_api-4682d1f0fa60,https://www.theguardian.com/society/2025/nov/13/steve-reed-convenes-tower-hamlets-envoys-as-concerns-over-council-persist,https://www.theguardian.com/society/2025/nov/13/steve-reed-convenes-tower-hamlets-envoys-as-concerns-over-council-persist,,,2026-07-22T21:07:52+00:00,URL-4682d1f0fa60,1,27b78998028d7f2b,unique_url,,url-canon-v1.0-2026-07-27
NEWS-guardian_api-46b16ebe64ce,https://www.theguardian.com/society/2016/dec/28/third-of-councils-to-lose-cash-in-social-care-changes-says-burnham,https://www.theguardian.com/society/2016/dec/28/third-of-councils-to-lose-cash-in-social-care-changes-says-burnham,,,2026-07-22T21:09:40+00:00,URL-46b16ebe64ce,1,92c6d555ecbdbc08,unique_url,,url-canon-v1.0-2026-07-27
NEWS-guardian_api-46ea0045bb1f,https://www.theguardian.com/uk-news/2021/mar/03/nhs-social-care-and-most-vulnerable-betrayed-by-sunaks-budget,https://www.theguardian.com/uk-news/2021/mar/03/nhs-social-care-and-most-vulnerable-betrayed-by-sunaks-budget,,,2026-07-22T21:10:33+00:00,URL-46ea0045bb1f,1,8192c3baa17ad896,unique_url,,url-canon-v1.0-2026-07-27
NEWS-guardian_api-47056d14258d,https://www.theguardian.com/commentisfree/2016/dec/06/holidays-equal-pay-brexit-rights-union-iwgb,https://www.theguardian.com/commentisfree/2016/dec/06/holidays-equal-pay-brexit-rights-union-iwgb,,,2026-07-22T21:09:47+00:00,URL-47056d14258d,1,1df4bc5e4573fca8,unique_url,,url-canon-v1.0-2026-07-27
NEWS-guardian_api-47083f1ac36d,https://www.theguardian.com/politics/2013/jan/07/midterm-review-how-have-done,https://www.theguardian.com/politics/2013/jan/07/midterm-review-how-have-done,,,2026-07-22T21:09:02+00:00,URL-47083f1ac36d,1,6fc52082848de5b0,unique_url,,url-canon-v1.0-2026-07-27
NEWS-guardian_api-4744e7bd8298,https://www.theguardian.com/uk-news/2025/nov/08/rachel-reeves-increase-income-tax-budget-rises-salary-bands,https://www.theguardian.com/uk-news/2025/nov/08/rachel-reeves-increase-income-tax-budget-rises-salary-bands,,,2026-07-22T21:08:06+00:00,URL-4744e7bd8298,1,49240a621736393e,unique_url,,url-canon-v1.0-2026-07-27
NEWS-guardian_api-4758fb4be13e,https://www.theguardian.com/politics/video/2012/nov/05/david-cameron-dubai-arms-trade-video,https://www.theguardian.com/politics/video/2012/nov/05/david-cameron-dubai-arms-trade-video,,,2026-07-22T21:08:58+00:00,URL-4758fb4be13e,1,,unique_url,,url-canon-v1.0-2026-07-27
NEWS-guardian_api-4771f90485f5,https://www.theguardian.com/society/2016/dec/12/council-cuts-hitting-womens-contraceptive-services-data-shows,https://www.theguardian.com/society/2016/dec/12/council-cuts-hitting-womens-contraceptive-services-data-shows,,,2026-07-22T21:09:39+00:00,URL-4771f90485f5,1,4f14f1fa33017edd,unique_url,,url-canon-v1.0-2026-07-27
NEWS-guardian_api-47870a1eeca3,https://www.theguardian.com/commentisfree/2025/nov/12/the-guardian-view-on-labour-leadership-speculation-a-symptom-of-failure-to-define-a-governing-purpose,https://www.theguardian.com/commentisfree/2025/nov/12/the-guardian-view-on-labour-leadership-speculation-a-symptom-of-failure-to-define-a-governing-purpose,,,2026-07-22T21:08:23+00:00,URL-47870a1eeca3,1,c706b717b60103eb,unique_url,,url-canon-v1.0-2026-07-27
NEWS-guardian_api-47e875309c89,https://www.theguardian.com/world/2026/apr/05/british-father-son-dubai-fortune-wanted-men-prison-beaten-tortured,https://www.theguardian.com/world/2026/apr/05/british-father-son-dubai-fortune-wanted-men-prison-beaten-tortured,,,2026-07-22T21:07:54+00:00,URL-47e875309c89,1,34a5120d33af6ef6,unique_url,,url-canon-v1.0-2026-07-27
NEWS-guardian_api-4821da4437d6,https://www.theguardian.com/society/2016/dec/18/poor-not-pick-up-tab-social-care,https://www.theguardian.com/society/2016/dec/18/poor-not-pick-up-tab-social-care,,,2026-07-22T21:09:40+00:00,URL-4821da4437d6,1,86b10ed6d17ec823,unique_url,,url-canon-v1.0-2026-07-27
NEWS-guardian_api-483e065ddb73,https://www.theguardian.com/business/2012/nov/23/eurozone-crisis-eu-budget-summit-cameron,https://www.theguardian.com/business/2012/nov/23/eurozone-crisis-eu-budget-summit-cameron,,,2026-07-22T21:08:30+00:00,URL-483e065ddb73,1,a2b56f927b68d75a,unique_url,,url-canon-v1.0-2026-07-27
NEWS-guardian_api-485ec4888da0,https://www.theguardian.com/society/2020/nov/13/secretive-covid-contracts-town-funds-fiasco-government-culture-rotten,https://www.theguardian.com/society/2020/nov/13/secretive-covid-contracts-town-funds-fiasco-government-culture-rotten,,,2026-07-22T21:10:25+00:00,URL-485ec4888da0,1,cc06f96d4f45fc21,unique_url,,url-canon-v1.0-2026-07-27
NEWS-guardian_api-4865dc171fcb,https://www.theguardian.com/politics/2025/nov/13/housing-secretary-tells-labour-mps-to-vote-down-planning-bill-amendment,https://www.theguardian.com/politics/2025/nov/13/housing-secretary-tells-labour-mps-to-vote-down-planning-bill-amendment,,,2026-07-22T21:08:02+00:00,URL-4865dc171fcb,1,5933a16e587146b9,unique_url,,url-canon-v1.0-2026-07-27
NEWS-guardian_api-48840c844799,https://www.theguardian.com/society/2016/dec/26/care-funding-crisis-needs-national-debate,https://www.theguardian.com/society/2016/dec/26/care-funding-crisis-needs-national-debate,,,2026-07-22T21:09:40+00:00,URL-48840c844799,1,31349e66766e8a69,unique_url,,url-canon-v1.0-2026-07-27
NEWS-guardian_api-488ab1a37d39,https://www.theguardian.com/education/2016/nov/15/bright-tribe-academy-chain-warwick-mansell,https://www.theguardian.com/education/2016/nov/15/bright-tribe-academy-chain-warwick-mansell,,,2026-07-22T21:09:32+00:00,URL-488ab1a37d39,1,98c467f4929ea4f6,unique_url,,url-canon-v1.0-2026-07-27
NEWS-guardian_api-488bda8664f0,https://www.theguardian.com/politics/2020/nov/25/rishi-sunaks-48bn-levelling-up-uk-fund-met-with-scepticism,https://www.theguardian.com/politics/2020/nov/25/rishi-sunaks-48bn-levelling-up-uk-fund-met-with-scepticism,,,2026-07-22T21:10:25+00:00,URL-488bda8664f0,1,e809bac3329b27e3,unique_url,,url-canon-v1.0-2026-07-27
NEWS-guardian_api-48ed6cd1c4e8,https://www.theguardian.com/public-leaders-network/blog/2012/nov/26/public-sector-jobs-story-not-straightforward,https://www.theguardian.com/public-leaders-network/blog/2012/nov/26/public-sector-jobs-story-not-straightforward,,,2026-07-22T21:09:02+00:00,URL-48ed6cd1c4e8,1,26653f3fb6fa0687,unique_url,,url-canon-v1.0-2026-07-27
NEWS-guardian_api-48fa99049bf7,https://www.theguardian.com/politics/2026/jan/24/welsh-first-minister-senedd-election-not-referendum-starmer,https://www.theguardian.com/politics/2026/jan/24/welsh-first-minister-senedd-election-not-referendum-starmer,,,2026-07-22T21:08:18+00:00,URL-48fa99049bf7,1,6e6b8a82572b0671,unique_url,,url-canon-v1.0-2026-07-27
NEWS-guardian_api-490f49b17990,https://www.theguardian.com/politics/live/2026/apr/01/keir-starmer-rachel-reeves-iran-energy-bills-supermarket-cost-of-living-uk-politics-latest-news-updates,https://www.theguardian.com/politics/live/2026/apr/01/keir-starmer-rachel-reeves-iran-energy-bills-supermarket-cost-of-living-uk-politics-latest-news-updates,,,2026-07-22T21:08:18+00:00,URL-490f49b17990,1,ce173475ef18f8bd,unique_url,,url-canon-v1.0-2026-07-27
NEWS-guardian_api-491b9de4e07b,https://www.theguardian.com/local-government-network/2012/dec/05/autumn-statement-british-cities-infrastructure,https://www.theguardian.com/local-government-network/2012/dec/05/autumn-statement-british-cities-infrastructure,,,2026-07-22T21:08:55+00:00,URL-491b9de4e07b,1,b8ad9a90a86ee596,unique_url,,url-canon-v1.0-2026-07-27
NEWS-guardian_api-4925d9ac4e1d,https://www.theguardian.com/politics/2017/jan/03/uk-ambassador-to-eu-quits-amid-brexit-row,https://www.theguardian.com/politics/2017/jan/03/uk-ambassador-to-eu-quits-amid-brexit-row,,,2026-07-22T21:09:19+00:00,URL-4925d9ac4e1d,1,bf77d596dff48b5e,unique_url,,url-canon-v1.0-2026-07-27
NEWS-guardian_api-49403b4fa96e,https://www.theguardian.com/uk/2012/nov/15/police-crime-commissioners-election-turnout,https://www.theguardian.com/uk/2012/nov/15/police-crime-commissioners-election-turnout,,,2026-07-22T21:08:30+00:00,URL-49403b4fa96e,1,9e66e9d768885859,unique_url,,url-canon-v1.0-2026-07-27
NEWS-guardian_api-49c82c948c70,https://www.theguardian.com/commentisfree/2016/nov/08/liz-truss-defend-judges-article-50-stood-by,https://www.theguardian.com/commentisfree/2016/nov/08/liz-truss-defend-judges-article-50-stood-by,,,2026-07-22T21:09:32+00:00,URL-49c82c948c70,1,c9d6bda38996d3ac,unique_url,,url-canon-v1.0-2026-07-27
NEWS-guardian_api-49f1829afe2e,https://www.theguardian.com/politics/2026/feb/07/reform-run-kent-council-accused-of-fabricating-40m-net-zero-savings,https://www.theguardian.com/politics/2026/feb/07/reform-run-kent-council-accused-of-fabricating-40m-net-zero-savings,,,2026-07-22T21:08:10+00:00,URL-49f1829afe2e,1,81067ac0e57d5658,unique_url,,url-canon-v1.0-2026-07-27
NEWS-guardian_api-49fa71ce48f3,https://www.theguardian.com/commentisfree/2025/nov/10/palliative-care-end-life-death-crisis,https://www.theguardian.com/commentisfree/2025/nov/10/palliative-care-end-life-death-crisis,,,2026-07-22T21:08:14+00:00,URL-49fa71ce48f3,1,683856e3b988730b,unique_url,,url-canon-v1.0-2026-07-27
NEWS-guardian_api-4a04a7319e81,https://www.theguardian.com/money/2025/nov/18/energy-price-cap-great-britain-fall-january-higher-bills,https://www.theguardian.com/money/2025/nov/18/energy-price-cap-great-britain-fall-january-higher-bills,,,2026-07-22T21:07:52+00:00,URL-4a04a7319e81,1,bcbaa430b06b520b,unique_url,,url-canon-v1.0-2026-07-27
NEWS-guardian_api-4a327d6c0af6,https://www.theguardian.com/politics/2016/nov/06/brexit-this-is-what-sovereignty-looks-like,https://www.theguardian.com/politics/2016/nov/06/brexit-this-is-what-sovereignty-looks-like,,,2026-07-22T21:09:15+00:00,URL-4a327d6c0af6,1,0ca40985da1f2a22,unique_url,,url-canon-v1.0-2026-07-27
NEWS-guardian_api-4a5a0c1cebb9,https://www.theguardian.com/politics/2012/dec/02/ukip-can-win-europe-elections-farage,https://www.theguardian.com/politics/2012/dec/02/ukip-can-win-europe-elections-farage,,,2026-07-22T21:08:34+00:00,URL-4a5a0c1cebb9,1,cdda5671dcb98422,unique_url,,url-canon-v1.0-2026-07-27
NEWS-guardian_api-4a63fe21b341,https://www.theguardian.com/uk-news/2025/nov/26/labour-mps-celebrate-end-of-two-child-benefit-cap-in-rachel-reeves-budget,https://www.theguardian.com/uk-news/2025/nov/26/labour-mps-celebrate-end-of-two-child-benefit-cap-in-rachel-reeves-budget,,,2026-07-22T21:07:48+00:00,URL-4a63fe21b341,1,9c73002ea0758057,unique_url,,url-canon-v1.0-2026-07-27
NEWS-guardian_api-4a8ca7fea2f3,https://www.theguardian.com/politics/2021/feb/02/labour-urged-to-focus-on-flag-and-patriotism-to-win-voters-trust-leak-reveals,https://www.theguardian.com/politics/2021/feb/02/labour-urged-to-focus-on-flag-and-patriotism-to-win-voters-trust-leak-reveals,,,2026-07-22T21:10:03+00:00,URL-4a8ca7fea2f3,1,80f2aee582beff59,unique_url,,url-canon-v1.0-2026-07-27
NEWS-guardian_api-4aa41b87052c,https://www.theguardian.com/politics/blog/2013/jan/31/lewisham-hospital-politics-live-blog,https://www.theguardian.com/politics/blog/2013/jan/31/lewisham-hospital-politics-live-blog,,,2026-07-22T21:09:02+00:00,URL-4aa41b87052c,1,58eb1c517406b2c9,unique_url,,url-canon-v1.0-2026-07-27
NEWS-guardian_api-4ab501c5218b,https://www.theguardian.com/politics/2012/dec/01/tory-party-ukip-opinium-poll,https://www.theguardian.com/politics/2012/dec/01/tory-party-ukip-opinium-poll,,,2026-07-22T21:08:34+00:00,URL-4ab501c5218b,1,ec32081be7c96c87,unique_url,,url-canon-v1.0-2026-07-27
NEWS-guardian_api-4b978c0369c4,https://www.theguardian.com/money/2025/nov/16/two-thirds-of-english-councils-have-not-prosecuted-a-single-landlord-in-past-three-years,https://www.theguardian.com/money/2025/nov/16/two-thirds-of-english-councils-have-not-prosecuted-a-single-landlord-in-past-three-years,,,2026-07-22T21:08:10+00:00,URL-4b978c0369c4,1,0de3e5fc5ae5d2ad,unique_url,,url-canon-v1.0-2026-07-27
NEWS-guardian_api-4b9b4407a133,https://www.theguardian.com/politics/blog/live/2017/jan/18/theresa-may-brexit-speech-reaction-pmqs-david-davis-will-not-get-option-of-reversing-brexit-says-david-davis-politics-live,https://www.theguardian.com/politics/blog/live/2017/jan/18/theresa-may-brexit-speech-reaction-pmqs-david-davis-will-not-get-option-of-reversing-brexit-says-david-davis-politics-live,,,2026-07-22T21:09:47+00:00,URL-4b9b4407a133,1,1723dfd96c990f78,unique_url,,url-canon-v1.0-2026-07-27
NEWS-guardian_api-4b9c3dee8714,https://www.theguardian.com/housing-network/2013/jan/30/sheffield-council-understanding-households,https://www.theguardian.com/housing-network/2013/jan/30/sheffield-council-understanding-households,,,2026-07-22T21:09:02+00:00,URL-4b9c3dee8714,1,e7a2475a32b0e068,unique_url,,url-canon-v1.0-2026-07-27
NEWS-guardian_api-4bcf8566e6eb,https://www.theguardian.com/education/2012/nov/15/illegal-school-exclusions,https://www.theguardian.com/education/2012/nov/15/illegal-school-exclusions,,,2026-07-22T21:08:55+00:00,URL-4bcf8566e6eb,1,1a5d05cf45960b9a,unique_url,,url-canon-v1.0-2026-07-27
NEWS-guardian_api-4c09594faed5,https://www.theguardian.com/society/2025/nov/10/similar-pressure-to-london-the-housing-crisis-reaches-newcastle,https://www.theguardian.com/society/2025/nov/10/similar-pressure-to-london-the-housing-crisis-reaches-newcastle,,,2026-07-22T21:08:14+00:00,URL-4c09594faed5,1,e831482ae439b173,unique_url,,url-canon-v1.0-2026-07-27
NEWS-guardian_api-4c92da7e9813,https://www.theguardian.com/business/live/2021/mar/15/china-industrial-output-retail-sales-covid-19-markets-ftse-recovery-bank-of-england-business-live,https://www.theguardian.com/business/live/2021/mar/15/china-industrial-output-retail-sales-covid-19-markets-ftse-recovery-bank-of-england-business-live,,,2026-07-22T21:10:07+00:00,URL-4c92da7e9813,1,e0ced110a39d4feb,unique_url,,url-canon-v1.0-2026-07-27
NEWS-guardian_api-4cd04152ec0e,https://www.theguardian.com/society-professionals/2016/nov/30/guardian-public-service-awards-2016-overall-winner-sevenoaks-district-council,https://www.theguardian.com/society-professionals/2016/nov/30/guardian-public-service-awards-2016-overall-winner-sevenoaks-district-council,,,2026-07-22T21:09:39+00:00,URL-4cd04152ec0e,1,ae3f19900feb4d41,unique_url,,url-canon-v1.0-2026-07-27
NEWS-guardian_api-4d1d713aaf4a,https://www.theguardian.com/politics/2026/feb/10/uk-signed-deals-with-us-firms-that-were-clients-of-mandelson-lobbying-company,https://www.theguardian.com/politics/2026/feb/10/uk-signed-deals-with-us-firms-that-were-clients-of-mandelson-lobbying-company,,,2026-07-22T21:08:18+00:00,URL-4d1d713aaf4a,1,262027c12f1f6292,unique_url,,url-canon-v1.0-2026-07-27
NEWS-guardian_api-4d33f68020c8,https://www.theguardian.com/world/2025/nov/18/tuesday-briefing-what-labour-hopes-to-learn-from-denmarks-hardline-asylum-stance,https://www.theguardian.com/world/2025/nov/18/tuesday-briefing-what-labour-hopes-to-learn-from-denmarks-hardline-asylum-stance,,,2026-07-22T21:07:44+00:00,URL-4d33f68020c8,1,2655588a7218e49b,unique_url,,url-canon-v1.0-2026-07-27
NEWS-guardian_api-4d70f2703864,https://www.theguardian.com/commentisfree/2025/nov/26/rachel-reeves-labour-britain-finances-budget-tax-rises-fiscal-rules,https://www.theguardian.com/commentisfree/2025/nov/26/rachel-reeves-labour-britain-finances-budget-tax-rises-fiscal-rules,,,2026-07-22T21:08:18+00:00,URL-4d70f2703864,1,6d7d32c31e4dd63f,unique_url,,url-canon-v1.0-2026-07-27
NEWS-guardian_api-4d7156b4be7d,https://www.theguardian.com/politics/2016/dec/23/labour-mps-must-isolate-themselves-from-jeremy-corbyn-says-report,https://www.theguardian.com/politics/2016/dec/23/labour-mps-must-isolate-themselves-from-jeremy-corbyn-says-report,,,2026-07-22T21:09:19+00:00,URL-4d7156b4be7d,1,f0bb9751bd957945,unique_url,,url-canon-v1.0-2026-07-27
NEWS-guardian_api-4dc219ddb1f2,https://www.theguardian.com/politics/2016/nov/30/ukip-leader-paul-nuttall-is-game-changer-for-labour-says-frank-field,https://www.theguardian.com/politics/2016/nov/30/ukip-leader-paul-nuttall-is-game-changer-for-labour-says-frank-field,,,2026-07-22T21:09:19+00:00,URL-4dc219ddb1f2,1,6a636c667279ef0d,unique_url,,url-canon-v1.0-2026-07-27
NEWS-guardian_api-4e3d4385d689,https://www.theguardian.com/commentisfree/2016/nov/23/chancellor-failed-brexit-black-hole-public-finances,https://www.theguardian.com/commentisfree/2016/nov/23/chancellor-failed-brexit-black-hole-public-finances,,,2026-07-22T21:09:47+00:00,URL-4e3d4385d689,1,1f742c73178c27c2,unique_url,,url-canon-v1.0-2026-07-27
NEWS-guardian_api-4e4b6aecfe62,https://www.theguardian.com/politics/blog/2013/apr/13/margaret-thatcher-protests-cuts-live,https://www.theguardian.com/politics/blog/2013/apr/13/margaret-thatcher-protests-cuts-live,,,2026-07-22T21:09:08+00:00,URL-4e4b6aecfe62,1,e7b48f66b18f6ffa,unique_url,,url-canon-v1.0-2026-07-27
NEWS-guardian_api-4e4d5c158aee,https://www.theguardian.com/theobserver/2013/jan/05/cameron-new-year-message-what-best-for-children,https://www.theguardian.com/theobserver/2013/jan/05/cameron-new-year-message-what-best-for-children,,,2026-07-22T21:08:38+00:00,URL-4e4d5c158aee,1,8f41986bf4e4ac1a,unique_url,,url-canon-v1.0-2026-07-27
NEWS-guardian_api-4e806ff40142,https://www.theguardian.com/politics/2025/nov/19/reform-uk-councillor-suspended-over-whatsapp-group-featuring-extremist-posts,https://www.theguardian.com/politics/2025/nov/19/reform-uk-councillor-suspended-over-whatsapp-group-featuring-extremist-posts,,,2026-07-22T21:07:44+00:00,URL-4e806ff40142,1,2b45abc094625968,unique_url,,url-canon-v1.0-2026-07-27
NEWS-guardian_api-4f025a972a20,https://www.theguardian.com/politics/2016/nov/05/jeremy-corbyn-theresa-may-brexit-bottom-line-article-50-early-election,https://www.theguardian.com/politics/2016/nov/05/jeremy-corbyn-theresa-may-brexit-bottom-line-article-50-early-election,,,2026-07-22T21:09:36+00:00,URL-4f025a972a20,1,c84dee99ac3dcb05,unique_url,,url-canon-v1.0-2026-07-27
NEWS-guardian_api-4f0bd20943f7,https://www.theguardian.com/commentisfree/2016/dec/12/trump-brexit-cities-countryside-rural-voters,https://www.theguardian.com/commentisfree/2016/dec/12/trump-brexit-cities-countryside-rural-voters,,,2026-07-22T21:09:19+00:00,URL-4f0bd20943f7,1,355fa23777932fb1,unique_url,,url-canon-v1.0-2026-07-27
NEWS-guardian_api-4f1e20a83b5f,https://www.theguardian.com/world/2012/nov/19/ken-clarke-folly-britain-eu,https://www.theguardian.com/world/2012/nov/19/ken-clarke-folly-britain-eu,,,2026-07-22T21:08:30+00:00,URL-4f1e20a83b5f,1,7fa6599f1e731fc8,unique_url,,url-canon-v1.0-2026-07-27
NEWS-guardian_api-4f24b86e094e,https://www.theguardian.com/politics/2017/mar/29/theresa-may-article-50-burned-boats-divided-nation,https://www.theguardian.com/politics/2017/mar/29/theresa-may-article-50-burned-boats-divided-nation,,,2026-07-22T21:09:52+00:00,URL-4f24b86e094e,1,863f8f61743119a4,unique_url,,url-canon-v1.0-2026-07-27
NEWS-guardian_api-4f38e2fac227,https://www.theguardian.com/politics/blog/live/2016/dec/08/labours-failure-to-grasp-need-for-migration-controls-is-putting-people-at-risk-says-burnham-politics-live,https://www.theguardian.com/politics/blog/live/2016/dec/08/labours-failure-to-grasp-need-for-migration-controls-is-putting-people-at-risk-says-burnham-politics-live,,,2026-07-22T21:09:19+00:00,URL-4f38e2fac227,1,b206e3116a3a5035,unique_url,,url-canon-v1.0-2026-07-27
NEWS-guardian_api-4f72de952114,https://www.theguardian.com/commentisfree/2012/nov/12/police-commissioner-elections-really-matter,https://www.theguardian.com/commentisfree/2012/nov/12/police-commissioner-elections-really-matter,,,2026-07-22T21:08:42+00:00,URL-4f72de952114,1,a3c62e6564216917,unique_url,,url-canon-v1.0-2026-07-27
NEWS-guardian_api-4f87f44ad338,https://www.theguardian.com/business/live/2025/nov/12/softbank-shares-nvidia-sale-ai-valuations-ftse-100-yen-stock-markets-business-live-news,https://www.theguardian.com/business/live/2025/nov/12/softbank-shares-nvidia-sale-ai-valuations-ftse-100-yen-stock-markets-business-live-news,,,2026-07-22T21:07:52+00:00,URL-4f87f44ad338,1,ad26b7a122b568d6,unique_url,,url-canon-v1.0-2026-07-27
NEWS-guardian_api-4fa2b1e31ccd,https://www.theguardian.com/politics/live/2021/jan/27/uk-covid-live-boris-johnson-lives-lost-coronavirus-deaths-labour-latest-updates,https://www.theguardian.com/politics/live/2021/jan/27/uk-covid-live-boris-johnson-lives-lost-coronavirus-deaths-labour-latest-updates,,,2026-07-22T21:10:32+00:00,URL-4fa2b1e31ccd,1,93ecf2af210ba338,unique_url,,url-canon-v1.0-2026-07-27
NEWS-guardian_api-4fa8c2522a89,https://www.theguardian.com/world/2020/nov/09/uk-government-fails-to-publish-details-of-4bn-covid-contracts-with-private-firms,https://www.theguardian.com/world/2020/nov/09/uk-government-fails-to-publish-details-of-4bn-covid-contracts-with-private-firms,,,2026-07-22T21:10:28+00:00,URL-4fa8c2522a89,1,dc80ff373f7af12b,unique_url,,url-canon-v1.0-2026-07-27
NEWS-guardian_api-4fc41ad01b24,https://www.theguardian.com/teacher-network/2012/nov/03/global-awareness-teaching-learning-schools-live-chat,https://www.theguardian.com/teacher-network/2012/nov/03/global-awareness-teaching-learning-schools-live-chat,,,2026-07-22T21:08:51+00:00,URL-4fc41ad01b24,1,e56242670e1b5aff,unique_url,,url-canon-v1.0-2026-07-27
NEWS-guardian_api-4fc5c3232fab,https://www.theguardian.com/public-leaders-network/2016/dec/05/ombudsman-bill-complaints-public-services-chris-skidmore,https://www.theguardian.com/public-leaders-network/2016/dec/05/ombudsman-bill-complaints-public-services-chris-skidmore,,,2026-07-22T21:09:47+00:00,URL-4fc5c3232fab,1,7896f252ff355194,unique_url,,url-canon-v1.0-2026-07-27
NEWS-guardian_api-4fd3e017bfee,https://www.theguardian.com/society/2016/dec/21/cash-to-boost-childrens-mental-health-not-getting-through-says-charity,https://www.theguardian.com/society/2016/dec/21/cash-to-boost-childrens-mental-health-not-getting-through-says-charity,,,2026-07-22T21:09:40+00:00,URL-4fd3e017bfee,1,97ccbf87dc05e137,unique_url,,url-canon-v1.0-2026-07-27
NEWS-guardian_api-4fd83ae381b3,https://www.theguardian.com/society/2016/nov/12/tories-join-nhs-chiefs-to-call-for-increased-social-care-funding,https://www.theguardian.com/society/2016/nov/12/tories-join-nhs-chiefs-to-call-for-increased-social-care-funding,,,2026-07-22T21:09:39+00:00,URL-4fd83ae381b3,1,1dc7386b3d37f5ba,unique_url,,url-canon-v1.0-2026-07-27
NEWS-guardian_api-4fdc0a27389e,https://www.theguardian.com/society/2017/feb/05/modern-realities-make-caring-for-our-aging-parents-impossible,https://www.theguardian.com/society/2017/feb/05/modern-realities-make-caring-for-our-aging-parents-impossible,,,2026-07-22T21:09:26+00:00,URL-4fdc0a27389e,1,168a8c9f17a7f05e,unique_url,,url-canon-v1.0-2026-07-27
NEWS-guardian_api-4fdcedc44082,https://www.theguardian.com/business/live/2017/feb/14/german-growth-italy-uk-inflation-pound-greece-janet-yellen-live,https://www.theguardian.com/business/live/2017/feb/14/german-growth-italy-uk-inflation-pound-greece-janet-yellen-live,,,2026-07-22T21:09:23+00:00,URL-4fdcedc44082,1,8078cf1b8efb3f31,unique_url,,url-canon-v1.0-2026-07-27
NEWS-guardian_api-50058ed6637e,https://www.theguardian.com/politics/2016/nov/11/boris-johnson-doom-and-gloom-donald-trump-nigel-farage-theresa-may,https://www.theguardian.com/politics/2016/nov/11/boris-johnson-doom-and-gloom-donald-trump-nigel-farage-theresa-may,,,2026-07-22T21:09:15+00:00,URL-50058ed6637e,1,3e5424e05847830a,unique_url,,url-canon-v1.0-2026-07-27
NEWS-guardian_api-50225d7c761f,https://www.theguardian.com/commentisfree/2025/nov/13/reform-uk-voters-revealed-slapdash-coalition-nigel-farage-labour,https://www.theguardian.com/commentisfree/2025/nov/13/reform-uk-voters-revealed-slapdash-coalition-nigel-farage-labour,,,2026-07-22T21:07:44+00:00,URL-50225d7c761f,1,54da822812070207,unique_url,,url-canon-v1.0-2026-07-27
NEWS-guardian_api-5038006b1cf4,https://www.theguardian.com/public-leaders-network/blog/2013/feb/07/francis-report-public-bodies-transparency,https://www.theguardian.com/public-leaders-network/blog/2013/feb/07/francis-report-public-bodies-transparency,,,2026-07-22T21:09:02+00:00,URL-5038006b1cf4,1,eb913e10cecdb334,unique_url,,url-canon-v1.0-2026-07-27
NEWS-guardian_api-5042a06f1561,https://www.theguardian.com/uk-news/2026/feb/22/why-is-the-send-system-being-overhauled-and-what-might-change,https://www.theguardian.com/uk-news/2026/feb/22/why-is-the-send-system-being-overhauled-and-what-might-change,,,2026-07-22T21:08:10+00:00,URL-5042a06f1561,1,43f5fefe3556510d,unique_url,,url-canon-v1.0-2026-07-27
NEWS-guardian_api-509eed0bc25b,https://www.theguardian.com/money/2012/dec/14/cheaper-man-or-woman,https://www.theguardian.com/money/2012/dec/14/cheaper-man-or-woman,,,2026-07-22T21:08:38+00:00,URL-509eed0bc25b,1,f279444967bd0fe9,unique_url,,url-canon-v1.0-2026-07-27
NEWS-guardian_api-50ba12f92601,https://www.theguardian.com/politics/live/2021/feb/25/uk-covid-live-news-pm-should-drop-extravagant-spending-promises-due-to-pandemic-says-former-tory-chancellor,https://www.theguardian.com/politics/live/2021/feb/25/uk-covid-live-news-pm-should-drop-extravagant-spending-promises-due-to-pandemic-says-former-tory-chancellor,,,2026-07-22T21:10:03+00:00,URL-50ba12f92601,1,104b1b830074e862,unique_url,,url-canon-v1.0-2026-07-27
NEWS-guardian_api-50e146d7d3fb,https://www.theguardian.com/uk-news/2016/nov/08/hull-city-of-culture-hope-economic-business,https://www.theguardian.com/uk-news/2016/nov/08/hull-city-of-culture-hope-economic-business,,,2026-07-22T21:09:15+00:00,URL-50e146d7d3fb,1,5a1aac79f96ce9c2,unique_url,,url-canon-v1.0-2026-07-27
NEWS-guardian_api-50e559d91a54,https://www.theguardian.com/politics/2016/dec/27/balls-to-blair-2016-year-unpopular-politician-comebacks,https://www.theguardian.com/politics/2016/dec/27/balls-to-blair-2016-year-unpopular-politician-comebacks,,,2026-07-22T21:09:19+00:00,URL-50e559d91a54,1,a52533805aeb289a,unique_url,,url-canon-v1.0-2026-07-27
NEWS-guardian_api-50eac30b7288,https://www.theguardian.com/world/live/2021/feb/03/coronavirus-live-news-who-warns-vaccine-nationalism-will-spawn-new-covid-mutations,https://www.theguardian.com/world/live/2021/feb/03/coronavirus-live-news-who-warns-vaccine-nationalism-will-spawn-new-covid-mutations,,,2026-07-22T21:10:25+00:00,URL-50eac30b7288,1,67b67bda9a2259fd,unique_url,,url-canon-v1.0-2026-07-27
NEWS-guardian_api-50f78250a0ee,https://www.theguardian.com/commentisfree/2026/feb/08/the-guardian-view-on-student-loans-a-graduate-levy-by-stealth-is-no-way-to-fund-the-nhs,https://www.theguardian.com/commentisfree/2026/feb/08/the-guardian-view-on-student-loans-a-graduate-levy-by-stealth-is-no-way-to-fund-the-nhs,,,2026-07-22T21:08:18+00:00,URL-50f78250a0ee,1,83b2ed1ebd0fb3ec,unique_url,,url-canon-v1.0-2026-07-27
NEWS-guardian_api-51058cb75a5e,https://www.theguardian.com/world/2026/mar/26/eu-europe-healthcare-workers-deportation-plans,https://www.theguardian.com/world/2026/mar/26/eu-europe-healthcare-workers-deportation-plans,,,2026-07-22T21:08:18+00:00,URL-51058cb75a5e,1,204543e6ed0598e9,unique_url,,url-canon-v1.0-2026-07-27
NEWS-guardian_api-5143cbbed027,https://www.theguardian.com/society/2025/nov/08/daughter-death-mental-health-act-nhs-huntercombe,https://www.theguardian.com/society/2025/nov/08/daughter-death-mental-health-act-nhs-huntercombe,,,2026-07-22T21:08:06+00:00,URL-5143cbbed027,1,06c76d1a07db6de5,unique_url,,url-canon-v1.0-2026-07-27
NEWS-guardian_api-5155ba13661a,https://www.theguardian.com/society/2021/mar/07/widow-sues-nhs-over-deaf-husbands-diabolical-care,https://www.theguardian.com/society/2021/mar/07/widow-sues-nhs-over-deaf-husbands-diabolical-care,,,2026-07-22T21:10:33+00:00,URL-5155ba13661a,1,4105d6ee7fa775c9,unique_url,,url-canon-v1.0-2026-07-27
NEWS-guardian_api-5220d7ac7d32,https://www.theguardian.com/healthcare-network/2017/feb/01/lets-talk-about-cancer-the-manchester-project-that-aims-to-save-lives,https://www.theguardian.com/healthcare-network/2017/feb/01/lets-talk-about-cancer-the-manchester-project-that-aims-to-save-lives,,,2026-07-22T21:09:47+00:00,URL-5220d7ac7d32,1,dd7e4ad791cbf06b,unique_url,,url-canon-v1.0-2026-07-27
NEWS-guardian_api-522aca5b15c3,https://www.theguardian.com/politics/2016/nov/29/tory-mps-press-philip-hammond-over-nhs-and-social-care,https://www.theguardian.com/politics/2016/nov/29/tory-mps-press-philip-hammond-over-nhs-and-social-care,,,2026-07-22T21:09:39+00:00,URL-522aca5b15c3,1,a4ac244b6d70f987,unique_url,,url-canon-v1.0-2026-07-27
NEWS-guardian_api-523b1af1aa2d,https://www.theguardian.com/society/2017/jan/18/public-sector-pay-tuc-midwives-teachers,https://www.theguardian.com/society/2017/jan/18/public-sector-pay-tuc-midwives-teachers,,,2026-07-22T21:09:47+00:00,URL-523b1af1aa2d,1,4a135ec0988169db,unique_url,,url-canon-v1.0-2026-07-27
NEWS-guardian_api-525729cd0085,https://www.theguardian.com/commentisfree/2021/apr/11/full-pubs-are-a-sign-of-communities-that-work-lets-toast-their-return,https://www.theguardian.com/commentisfree/2021/apr/11/full-pubs-are-a-sign-of-communities-that-work-lets-toast-their-return,,,2026-07-22T21:10:03+00:00,URL-525729cd0085,1,bac270779320502b,unique_url,,url-canon-v1.0-2026-07-27
NEWS-guardian_api-527f865ed20f,https://www.theguardian.com/money/2017/jan/21/paying-for-care-at-home-cost-help-paying-for-it,https://www.theguardian.com/money/2017/jan/21/paying-for-care-at-home-cost-help-paying-for-it,,,2026-07-22T21:09:26+00:00,URL-527f865ed20f,1,38ee2dbb4d7db0c2,unique_url,,url-canon-v1.0-2026-07-27
NEWS-guardian_api-533089b869ba,https://www.theguardian.com/business/2016/nov/07/ryanair-boss-michael-oleary-says-air-fares-fall-brexit,https://www.theguardian.com/business/2016/nov/07/ryanair-boss-michael-oleary-says-air-fares-fall-brexit,,,2026-07-22T21:09:32+00:00,URL-533089b869ba,1,89e033eb1b294885,unique_url,,url-canon-v1.0-2026-07-27
NEWS-guardian_api-538368f05114,https://www.theguardian.com/politics/2025/nov/21/starmer-calls-farage-spineless-racism-reform-uk,https://www.theguardian.com/politics/2025/nov/21/starmer-calls-farage-spineless-racism-reform-uk,,,2026-07-22T21:07:45+00:00,URL-538368f05114,1,92afa340883d8ccf,unique_url,,url-canon-v1.0-2026-07-27
NEWS-guardian_api-53c1b2e92cf3,https://www.theguardian.com/society/2016/nov/27/philip-hammond-social-care-funding-mistake-stephen-dorrell,https://www.theguardian.com/society/2016/nov/27/philip-hammond-social-care-funding-mistake-stephen-dorrell,,,2026-07-22T21:09:39+00:00,URL-53c1b2e92cf3,1,d6b25aa0a9e15fb9,unique_url,,url-canon-v1.0-2026-07-27
NEWS-guardian_api-54142e438e85,https://www.theguardian.com/politics/2016/dec/06/sleaford-and-north-hykeham-voters-express-impatience-over-brexit-byelection-theresa-may-eu,https://www.theguardian.com/politics/2016/dec/06/sleaford-and-north-hykeham-voters-express-impatience-over-brexit-byelection-theresa-may-eu,,,2026-07-22T21:09:19+00:00,URL-54142e438e85,1,25f3462ef91246c3,unique_url,,url-canon-v1.0-2026-07-27
NEWS-guardian_api-5416e2e0559b,https://www.theguardian.com/society/2012/nov/13/clive-peedell-party-save-nhs,https://www.theguardian.com/society/2012/nov/13/clive-peedell-party-save-nhs,,,2026-07-22T21:08:47+00:00,URL-5416e2e0559b,1,f3565bba2e6ea4c9,unique_url,,url-canon-v1.0-2026-07-27
NEWS-guardian_api-5455f698692b,https://www.theguardian.com/uk/2013/feb/12/nick-boles-immigration-impact-housing,https://www.theguardian.com/uk/2013/feb/12/nick-boles-immigration-impact-housing,,,2026-07-22T21:09:02+00:00,URL-5455f698692b,1,1c9fd906a9e4222f,unique_url,,url-canon-v1.0-2026-07-27
NEWS-guardian_api-545b16a2504c,https://www.theguardian.com/uk-news/2016/nov/10/cardiff-teenager-afghanistan-bashir-naderi,https://www.theguardian.com/uk-news/2016/nov/10/cardiff-teenager-afghanistan-bashir-naderi,,,2026-07-22T21:09:15+00:00,URL-545b16a2504c,1,231a6012aa969a52,unique_url,,url-canon-v1.0-2026-07-27
NEWS-guardian_api-547733625e70,https://www.theguardian.com/politics/2026/feb/06/reform-police-investigation-letter-byelection-campaign-gorton-denton,https://www.theguardian.com/politics/2026/feb/06/reform-police-investigation-letter-byelection-campaign-gorton-denton,,,2026-07-22T21:08:18+00:00,URL-547733625e70,1,fa8d6f41b6439361,unique_url,,url-canon-v1.0-2026-07-27
NEWS-guardian_api-547c38869b97,https://www.theguardian.com/uk-news/2025/nov/23/guardians-budget-game-has-easy-answers-for-reeves,https://www.theguardian.com/uk-news/2025/nov/23/guardians-budget-game-has-easy-answers-for-reeves,,,2026-07-22T21:07:58+00:00,URL-547c38869b97,1,667aa693c43a9f56,unique_url,,url-canon-v1.0-2026-07-27
NEWS-guardian_api-54b634207ec1,https://www.theguardian.com/uk-news/2021/mar/01/a-strong-case-for-raising-taxes-on-the-wealthy,https://www.theguardian.com/uk-news/2021/mar/01/a-strong-case-for-raising-taxes-on-the-wealthy,,,2026-07-22T21:10:33+00:00,URL-54b634207ec1,1,d076ed54d21d5193,unique_url,,url-canon-v1.0-2026-07-27
NEWS-guardian_api-54d2e445af62,https://www.theguardian.com/commentisfree/2012/nov/27/elite-fear-vote-europe-populist-right,https://www.theguardian.com/commentisfree/2012/nov/27/elite-fear-vote-europe-populist-right,,,2026-07-22T21:08:31+00:00,URL-54d2e445af62,1,cac2b0962e6a8cdf,unique_url,,url-canon-v1.0-2026-07-27
NEWS-guardian_api-54e79de5adc5,https://www.theguardian.com/society/2013/jan/15/mid-staffs-robert-francis-report-accountability,https://www.theguardian.com/society/2013/jan/15/mid-staffs-robert-francis-report-accountability,,,2026-07-22T21:09:02+00:00,URL-54e79de5adc5,1,d2623bcec9ffe068,unique_url,,url-canon-v1.0-2026-07-27
NEWS-guardian_api-54eb9c520613,https://www.theguardian.com/commentisfree/2025/nov/14/scrapping-green-subsidies-short-termist-sabotage-consumer-pay,https://www.theguardian.com/commentisfree/2025/nov/14/scrapping-green-subsidies-short-termist-sabotage-consumer-pay,,,2026-07-22T21:07:52+00:00,URL-54eb9c520613,1,1a88133886c647f1,unique_url,,url-canon-v1.0-2026-07-27
NEWS-guardian_api-550de1899f87,https://www.theguardian.com/society/2012/dec/21/charity-insolvency-homeless-people-support,https://www.theguardian.com/society/2012/dec/21/charity-insolvency-homeless-people-support,,,2026-07-22T21:09:02+00:00,URL-550de1899f87,1,9c1c617e50c75814,unique_url,,url-canon-v1.0-2026-07-27
NEWS-guardian_api-552479ba11c1,https://www.theguardian.com/politics/blog/live/2016/nov/14/farage-tells-no-10-it-has-to-mend-fences-with-donald-trump-politics-live,https://www.theguardian.com/politics/blog/live/2016/nov/14/farage-tells-no-10-it-has-to-mend-fences-with-donald-trump-politics-live,,,2026-07-22T21:09:15+00:00,URL-552479ba11c1,1,a5132d06c127d536,unique_url,,url-canon-v1.0-2026-07-27
NEWS-guardian_api-55807051022a,https://www.theguardian.com/politics/live/2026/jan/16/uk-politics-live-robert-jenrick-defection-conservatives-labour-latest-news,https://www.theguardian.com/politics/live/2026/jan/16/uk-politics-live-robert-jenrick-defection-conservatives-labour-latest-news,,,2026-07-22T21:08:18+00:00,URL-55807051022a,1,d85c03935368ad28,unique_url,,url-canon-v1.0-2026-07-27
NEWS-guardian_api-559703f11a6e,https://www.theguardian.com/commentisfree/2017/jan/09/theresa-may-great-deceit-share-cuts,https://www.theguardian.com/commentisfree/2017/jan/09/theresa-may-great-deceit-share-cuts,,,2026-07-22T21:09:47+00:00,URL-559703f11a6e,1,1ed010a1b43ac0de,unique_url,,url-canon-v1.0-2026-07-27
NEWS-guardian_api-559ad7989298,https://www.theguardian.com/politics/live/2025/dec/04/reform-uk-nigel-farage-richard-tice-keir-starmer-kemi-badenoch-uk-politics-live-news-updates,https://www.theguardian.com/politics/live/2025/dec/04/reform-uk-nigel-farage-richard-tice-keir-starmer-kemi-badenoch-uk-politics-live-news-updates,,,2026-07-22T21:08:10+00:00,URL-559ad7989298,1,349039d2c1babafc,unique_url,,url-canon-v1.0-2026-07-27
NEWS-guardian_api-55bf4ada2013,https://www.theguardian.com/politics/2017/apr/19/nick-robinson-channels-mrs-merton-combative-theresa-may-interview,https://www.theguardian.com/politics/2017/apr/19/nick-robinson-channels-mrs-merton-combative-theresa-may-interview,,,2026-07-22T21:09:52+00:00,URL-55bf4ada2013,1,4d5f4fa4a29165b8,unique_url,,url-canon-v1.0-2026-07-27
NEWS-guardian_api-56b3fcbf3153,https://www.theguardian.com/world/2021/feb/02/tuesday-briefing-threats-halt-brexit-checks-at-northern-ireland-ports,https://www.theguardian.com/world/2021/feb/02/tuesday-briefing-threats-halt-brexit-checks-at-northern-ireland-ports,,,2026-07-22T21:10:13+00:00,URL-56b3fcbf3153,1,91acc7b214f654db,unique_url,,url-canon-v1.0-2026-07-27
NEWS-guardian_api-56d8ab048ee9,https://www.theguardian.com/society/2013/feb/12/social-care-proposals-no-peace-mind,https://www.theguardian.com/society/2013/feb/12/social-care-proposals-no-peace-mind,,,2026-07-22T21:09:02+00:00,URL-56d8ab048ee9,1,7748e9024066e168,unique_url,,url-canon-v1.0-2026-07-27
NEWS-guardian_api-56f69bf5bfe1,https://www.theguardian.com/society/2013/jan/08/newcastle-council-nick-forbes-cuts,https://www.theguardian.com/society/2013/jan/08/newcastle-council-nick-forbes-cuts,,,2026-07-22T21:09:02+00:00,URL-56f69bf5bfe1,1,14a77595f4aae623,unique_url,,url-canon-v1.0-2026-07-27
NEWS-guardian_api-56f868d95bde,https://www.theguardian.com/politics/2016/nov/26/richmond-park-lib-dems-hope-brexit-will-decide-byelection-,https://www.theguardian.com/politics/2016/nov/26/richmond-park-lib-dems-hope-brexit-will-decide-byelection-,,,2026-07-22T21:09:19+00:00,URL-56f868d95bde,1,75a893bdc33c3238,unique_url,,url-canon-v1.0-2026-07-27
NEWS-guardian_api-56f9b56ac8f6,https://www.theguardian.com/local-government-network/2012/nov/26/london-primary-school-places-shortage,https://www.theguardian.com/local-government-network/2012/nov/26/london-primary-school-places-shortage,,,2026-07-22T21:08:55+00:00,URL-56f9b56ac8f6,1,e1acf16ca843c903,unique_url,,url-canon-v1.0-2026-07-27
NEWS-guardian_api-56fc633fc4f2,https://www.theguardian.com/politics/blog/2012/dec/11/gay-marriage-commons-statement-live,https://www.theguardian.com/politics/blog/2012/dec/11/gay-marriage-commons-statement-live,,,2026-07-22T21:08:34+00:00,URL-56fc633fc4f2,1,683daaea2989cf7f,unique_url,,url-canon-v1.0-2026-07-27
NEWS-guardian_api-575489083a9e,https://www.theguardian.com/politics/2016/nov/21/diane-james-quits-ukip,https://www.theguardian.com/politics/2016/nov/21/diane-james-quits-ukip,,,2026-07-22T21:09:15+00:00,URL-575489083a9e,1,709fd96acfdd49ae,unique_url,,url-canon-v1.0-2026-07-27
NEWS-guardian_api-5769c0d8315d,https://www.theguardian.com/politics/2012/nov/16/electorate-david-cameron-police-polls,https://www.theguardian.com/politics/2012/nov/16/electorate-david-cameron-police-polls,,,2026-07-22T21:08:30+00:00,URL-5769c0d8315d,1,57f5532842a45a32,unique_url,,url-canon-v1.0-2026-07-27
NEWS-guardian_api-5787b6b36ebb,https://www.theguardian.com/politics/live/2021/mar/18/uk-covid-coronavirus-live-news-updates-vaccine-supply,https://www.theguardian.com/politics/live/2021/mar/18/uk-covid-coronavirus-live-news-updates-vaccine-supply,,,2026-07-22T21:10:33+00:00,URL-5787b6b36ebb,1,812d4fecc143cad2,unique_url,,url-canon-v1.0-2026-07-27
NEWS-guardian_api-579b8e3a5ff1,https://www.theguardian.com/uk/the-northerner/2012/nov/07/race-raceineducation,https://www.theguardian.com/uk/the-northerner/2012/nov/07/race-raceineducation,,,2026-07-22T21:08:47+00:00,URL-579b8e3a5ff1,1,d80a929b013aa453,unique_url,,url-canon-v1.0-2026-07-27
NEWS-guardian_api-58412860bba6,https://www.theguardian.com/society/patrick-butler-cuts-blog/2012/dec/13/housing-homelessness-politics-strange-tale-andy-gale,https://www.theguardian.com/society/patrick-butler-cuts-blog/2012/dec/13/housing-homelessness-politics-strange-tale-andy-gale,,,2026-07-22T21:08:55+00:00,URL-58412860bba6,1,8fdee6f477c582d0,unique_url,,url-canon-v1.0-2026-07-27
NEWS-guardian_api-586f092cae36,https://www.theguardian.com/society/2016/dec/18/cities-pay-price-of-austerity-selling-civic-heritage-sheffield-london-parks-libraries,https://www.theguardian.com/society/2016/dec/18/cities-pay-price-of-austerity-selling-civic-heritage-sheffield-london-parks-libraries,,,2026-07-22T21:09:40+00:00,URL-586f092cae36,1,093597e9259d024e,unique_url,,url-canon-v1.0-2026-07-27
NEWS-guardian_api-587c235007dc,https://www.theguardian.com/society/2017/jan/11/nhs-england-chief-executive-simon-stevens-funding-theresa-may-public-accounts-committee,https://www.theguardian.com/society/2017/jan/11/nhs-england-chief-executive-simon-stevens-funding-theresa-may-public-accounts-committee,,,2026-07-22T21:09:47+00:00,URL-587c235007dc,1,02a2dc081ce60f4b,unique_url,,url-canon-v1.0-2026-07-27
NEWS-guardian_api-58b16d406dbf,https://www.theguardian.com/commentisfree/2017/feb/05/the-guardian-view-on-the-digital-economy-bill-a-last-chance-to-get-it-right,https://www.theguardian.com/commentisfree/2017/feb/05/the-guardian-view-on-the-digital-economy-bill-a-last-chance-to-get-it-right,,,2026-07-22T21:09:47+00:00,URL-58b16d406dbf,1,c4c87275b58d78f9,unique_url,,url-canon-v1.0-2026-07-27
NEWS-guardian_api-58d9987dfadc,https://www.theguardian.com/science/the-lay-scientist/2012/nov/13/us-elections-2012-nate-silver,https://www.theguardian.com/science/the-lay-scientist/2012/nov/13/us-elections-2012-nate-silver,,,2026-07-22T21:08:30+00:00,URL-58d9987dfadc,1,3fe3cae49e5fc719,unique_url,,url-canon-v1.0-2026-07-27
NEWS-guardian_api-58dc714f9401,https://www.theguardian.com/uk/the-northerner/2012/nov/23/edmiliband-davidcameron,https://www.theguardian.com/uk/the-northerner/2012/nov/23/edmiliband-davidcameron,,,2026-07-22T21:08:30+00:00,URL-58dc714f9401,1,3369c3b2ca3c9acb,unique_url,,url-canon-v1.0-2026-07-27
NEWS-guardian_api-58f99f62b1a8,https://www.theguardian.com/uk/2012/dec/21/theresa-mays-christmas-message-police,https://www.theguardian.com/uk/2012/dec/21/theresa-mays-christmas-message-police,,,2026-07-22T21:08:34+00:00,URL-58f99f62b1a8,1,c0496f4575db4928,unique_url,,url-canon-v1.0-2026-07-27
NEWS-guardian_api-58fc1b4d7b3d,https://www.theguardian.com/commentisfree/2016/dec/12/councils-cuts-local-services-public-tax,https://www.theguardian.com/commentisfree/2016/dec/12/councils-cuts-local-services-public-tax,,,2026-07-22T21:09:39+00:00,URL-58fc1b4d7b3d,1,bfbc4461c2faae2e,unique_url,,url-canon-v1.0-2026-07-27
NEWS-guardian_api-592b519ecc2e,https://www.theguardian.com/society/2012/nov/21/councils-adopt-co-operative-approach,https://www.theguardian.com/society/2012/nov/21/councils-adopt-co-operative-approach,,,2026-07-22T21:08:55+00:00,URL-592b519ecc2e,1,860bc4dfcafe8008,unique_url,,url-canon-v1.0-2026-07-27
NEWS-guardian_api-593915f1d78c,https://www.theguardian.com/business/2016/dec/13/why-is-uk-inflation-rising-quickly-blame-brexit-oil-price,https://www.theguardian.com/business/2016/dec/13/why-is-uk-inflation-rising-quickly-blame-brexit-oil-price,,,2026-07-22T21:09:22+00:00,URL-593915f1d78c,1,ecc07edf5262b520,unique_url,,url-canon-v1.0-2026-07-27
NEWS-guardian_api-59572490ce50,https://www.theguardian.com/politics/2020/nov/12/boris-johnson-on-last-chance-say-tory-mps-after-lee-cain-row,https://www.theguardian.com/politics/2020/nov/12/boris-johnson-on-last-chance-say-tory-mps-after-lee-cain-row,,,2026-07-22T21:10:17+00:00,URL-59572490ce50,1,ef573c80fb468871,unique_url,,url-canon-v1.0-2026-07-27
NEWS-guardian_api-5984aef24161,https://www.theguardian.com/healthcare-network/2017/jan/11/our-nhs-trust-is-close-to-a-tipping-point-and-we-are-not-alone,https://www.theguardian.com/healthcare-network/2017/jan/11/our-nhs-trust-is-close-to-a-tipping-point-and-we-are-not-alone,,,2026-07-22T21:09:47+00:00,URL-5984aef24161,1,974f20615f8ee76b,unique_url,,url-canon-v1.0-2026-07-27
NEWS-guardian_api-59d68bc1c15c,https://www.theguardian.com/world/2021/jan/12/patel-says-covid-rules-tough-enough-despite-another-1243-deaths,https://www.theguardian.com/world/2021/jan/12/patel-says-covid-rules-tough-enough-despite-another-1243-deaths,,,2026-07-22T21:10:13+00:00,URL-59d68bc1c15c,1,7abf6477884e8cf1,unique_url,,url-canon-v1.0-2026-07-27
NEWS-guardian_api-5a074d4b9424,https://www.theguardian.com/commentisfree/2021/feb/17/budget-chancellor-rishi-sunak-covid-britain-normal,https://www.theguardian.com/commentisfree/2021/feb/17/budget-chancellor-rishi-sunak-covid-britain-normal,,,2026-07-22T21:10:32+00:00,URL-5a074d4b9424,1,ef368482fdaaec87,unique_url,,url-canon-v1.0-2026-07-27
NEWS-guardian_api-5a2ae51deb50,https://www.theguardian.com/commentisfree/2016/nov/21/theresa-may-hands-tied-autumn-statement-tories-nhs,https://www.theguardian.com/commentisfree/2016/nov/21/theresa-may-hands-tied-autumn-statement-tories-nhs,,,2026-07-22T21:09:47+00:00,URL-5a2ae51deb50,1,e1b47868d6ef83b0,unique_url,,url-canon-v1.0-2026-07-27
NEWS-guardian_api-5a35ee94392a,https://www.theguardian.com/commentisfree/2020/dec/24/covid-crisis-privatisation-democracy-outsourcing,https://www.theguardian.com/commentisfree/2020/dec/24/covid-crisis-privatisation-democracy-outsourcing,,,2026-07-22T21:10:32+00:00,URL-5a35ee94392a,1,db03b2d0b084b0c6,unique_url,,url-canon-v1.0-2026-07-27
NEWS-guardian_api-5a6b7410a68d,https://www.theguardian.com/theguardian/2012/nov/18/libdems-police-commissioners-eton-ash,https://www.theguardian.com/theguardian/2012/nov/18/libdems-police-commissioners-eton-ash,,,2026-07-22T21:08:30+00:00,URL-5a6b7410a68d,1,11d4d6ebbf2207b3,unique_url,,url-canon-v1.0-2026-07-27
NEWS-guardian_api-5ab37cac2221,https://www.theguardian.com/politics/2016/nov/07/david-davis-parliament-will-not-dictate-brexit-talks,https://www.theguardian.com/politics/2016/nov/07/david-davis-parliament-will-not-dictate-brexit-talks,,,2026-07-22T21:09:32+00:00,URL-5ab37cac2221,1,6b7e83970bcae79a,unique_url,,url-canon-v1.0-2026-07-27
NEWS-guardian_api-5b21afea3cf7,https://www.theguardian.com/uk-news/2025/nov/23/rachel-reeves-benefit-fraud-crackdown-two-child-limit-budget,https://www.theguardian.com/uk-news/2025/nov/23/rachel-reeves-benefit-fraud-crackdown-two-child-limit-budget,,,2026-07-22T21:08:18+00:00,URL-5b21afea3cf7,1,a9ee2513834a0969,unique_url,,url-canon-v1.0-2026-07-27
NEWS-guardian_api-5b3512178edc,https://www.theguardian.com/politics/2016/nov/06/india-warns-uk-immigration-policy-wreck-post-brexit-trade-deal,https://www.theguardian.com/politics/2016/nov/06/india-warns-uk-immigration-policy-wreck-post-brexit-trade-deal,,,2026-07-22T21:09:36+00:00,URL-5b3512178edc,1,9f446d371358cdc5,unique_url,,url-canon-v1.0-2026-07-27
NEWS-guardian_api-5b59710407dc,https://www.theguardian.com/society/2012/nov/12/equalities-chief-defends-record,https://www.theguardian.com/society/2012/nov/12/equalities-chief-defends-record,,,2026-07-22T21:08:47+00:00,URL-5b59710407dc,1,66015de6cea93a4c,unique_url,,url-canon-v1.0-2026-07-27
NEWS-guardian_api-5b66ef37e445,https://www.theguardian.com/society/2016/dec/12/social-care-crisis-funding-cuts-government-council-tax,https://www.theguardian.com/society/2016/dec/12/social-care-crisis-funding-cuts-government-council-tax,,,2026-07-22T21:09:39+00:00,URL-5b66ef37e445,1,ca2a920a9d26a767,unique_url,,url-canon-v1.0-2026-07-27
NEWS-guardian_api-5b7b67a9c0e7,https://www.theguardian.com/uk/the-northerner/2012/nov/06/firefighters-tradeunions-budget-cuts-public-spending-floods,https://www.theguardian.com/uk/the-northerner/2012/nov/06/firefighters-tradeunions-budget-cuts-public-spending-floods,,,2026-07-22T21:08:55+00:00,URL-5b7b67a9c0e7,1,1d0691f542496e5b,unique_url,,url-canon-v1.0-2026-07-27
NEWS-guardian_api-5b7cd206948f,https://www.theguardian.com/politics/2016/nov/07/damian-green-says-governments-benefits-cap-is-a-real-success,https://www.theguardian.com/politics/2016/nov/07/damian-green-says-governments-benefits-cap-is-a-real-success,,,2026-07-22T21:09:43+00:00,URL-5b7cd206948f,1,c8f49851a33aef90,unique_url,,url-canon-v1.0-2026-07-27
NEWS-guardian_api-5be366e8cfbc,https://www.theguardian.com/society/2013/feb/05/david-halpern-government-nudge-unit,https://www.theguardian.com/society/2013/feb/05/david-halpern-government-nudge-unit,,,2026-07-22T21:09:02+00:00,URL-5be366e8cfbc,1,b894c2e840a082d5,unique_url,,url-canon-v1.0-2026-07-27
NEWS-guardian_api-5bf7eee4317c,https://www.theguardian.com/commentisfree/2012/nov/20/ed-miliband-british-people-eu,https://www.theguardian.com/commentisfree/2012/nov/20/ed-miliband-british-people-eu,,,2026-07-22T21:09:07+00:00,URL-5bf7eee4317c,1,4ac12ffc91384b94,unique_url,,url-canon-v1.0-2026-07-27
NEWS-guardian_api-5c2716c5e779,https://www.theguardian.com/education/2025/nov/14/special-educational-needs-services-schools-england-collapse,https://www.theguardian.com/education/2025/nov/14/special-educational-needs-services-schools-england-collapse,,,2026-07-22T21:08:02+00:00,URL-5c2716c5e779,1,a87ac91b6dfe502f,unique_url,,url-canon-v1.0-2026-07-27
NEWS-guardian_api-5c47b30edf87,https://www.theguardian.com/politics/2025/nov/19/john-crace-on-how-labour-shattered-his-expectations,https://www.theguardian.com/politics/2025/nov/19/john-crace-on-how-labour-shattered-his-expectations,,,2026-07-22T21:07:52+00:00,URL-5c47b30edf87,1,088d2ff2c81e0376,unique_url,,url-canon-v1.0-2026-07-27
NEWS-guardian_api-5c7eab23b8d7,https://www.theguardian.com/politics/2021/apr/11/labour-sends-its-top-guns-to-defend-crucial-byelection-town,https://www.theguardian.com/politics/2021/apr/11/labour-sends-its-top-guns-to-defend-crucial-byelection-town,,,2026-07-22T21:09:58+00:00,URL-5c7eab23b8d7,1,d585c70b2247c218,unique_url,,url-canon-v1.0-2026-07-27
NEWS-guardian_api-5c878d80def8,https://www.theguardian.com/society/2020/nov/22/sunak-set-to-freeze-pay-for-public-sector-workers-in-england,https://www.theguardian.com/society/2020/nov/22/sunak-set-to-freeze-pay-for-public-sector-workers-in-england,,,2026-07-22T21:10:32+00:00,URL-5c878d80def8,1,cea28e1bfc9e095a,unique_url,,url-canon-v1.0-2026-07-27
NEWS-guardian_api-5c9e4bbe1ba1,https://www.theguardian.com/politics/2021/jan/28/uk-government-plan-to-build-24000-homes-faces-legal-challenge,https://www.theguardian.com/politics/2021/jan/28/uk-government-plan-to-build-24000-homes-faces-legal-challenge,,,2026-07-22T21:10:25+00:00,URL-5c9e4bbe1ba1,1,e465560a2f58f19c,unique_url,,url-canon-v1.0-2026-07-27
NEWS-guardian_api-5ce140b45966,https://www.theguardian.com/society/2013/feb/05/elderly-woman-left-to-starve,https://www.theguardian.com/society/2013/feb/05/elderly-woman-left-to-starve,,,2026-07-22T21:08:42+00:00,URL-5ce140b45966,1,6274561b106c613c,unique_url,,url-canon-v1.0-2026-07-27
NEWS-guardian_api-5cf3d2d69103,https://www.theguardian.com/social-care-network/2016/dec/21/theresa-may-recognises-social-care-crisis-but-solution-seems-far-off,https://www.theguardian.com/social-care-network/2016/dec/21/theresa-may-recognises-social-care-crisis-but-solution-seems-far-off,,,2026-07-22T21:09:40+00:00,URL-5cf3d2d69103,1,b51119ed0795566e,unique_url,,url-canon-v1.0-2026-07-27
NEWS-guardian_api-5d14b9f44b30,https://www.theguardian.com/commentisfree/2020/dec/08/codpieces-zeppelins-best-brexit,https://www.theguardian.com/commentisfree/2020/dec/08/codpieces-zeppelins-best-brexit,,,2026-07-22T21:10:03+00:00,URL-5d14b9f44b30,1,fb06d2839aa0347d,unique_url,,url-canon-v1.0-2026-07-27
NEWS-guardian_api-5d5ab240bf39,https://www.theguardian.com/education/2012/nov/12/primary-national-curriculum-review,https://www.theguardian.com/education/2012/nov/12/primary-national-curriculum-review,,,2026-07-22T21:08:47+00:00,URL-5d5ab240bf39,1,9c4848d743f6649c,unique_url,,url-canon-v1.0-2026-07-27
NEWS-guardian_api-5d716fd544d0,https://www.theguardian.com/uk-news/2025/nov/14/uk-charities-condemn-plans-to-force-migrants-to-volunteer,https://www.theguardian.com/uk-news/2025/nov/14/uk-charities-condemn-plans-to-force-migrants-to-volunteer,,,2026-07-22T21:08:02+00:00,URL-5d716fd544d0,1,d98d66cb7ff1690c,unique_url,,url-canon-v1.0-2026-07-27
NEWS-guardian_api-5d8354d6f359,https://www.theguardian.com/politics/2016/dec/13/theresa-may-week-brexit-labour-motion,https://www.theguardian.com/politics/2016/dec/13/theresa-may-week-brexit-labour-motion,,,2026-07-22T21:09:19+00:00,URL-5d8354d6f359,1,e2c603a60c709799,unique_url,,url-canon-v1.0-2026-07-27
NEWS-guardian_api-5decf15099b2,https://www.theguardian.com/business/live/2017/apr/20/euro-french-election-markets-pound-ftse-imf-business-live,https://www.theguardian.com/business/live/2017/apr/20/euro-french-election-markets-pound-ftse-imf-business-live,,,2026-07-22T21:09:52+00:00,URL-5decf15099b2,1,03ef4f86d9b0439a,unique_url,,url-canon-v1.0-2026-07-27
NEWS-guardian_api-5e03a78aad9d,https://www.theguardian.com/politics/2012/nov/26/ukip-party-coming-in-from-cold,https://www.theguardian.com/politics/2012/nov/26/ukip-party-coming-in-from-cold,,,2026-07-22T21:08:31+00:00,URL-5e03a78aad9d,1,8ec521ca2e1e6a10,unique_url,,url-canon-v1.0-2026-07-27
NEWS-guardian_api-5e8e90f7e5eb,https://www.theguardian.com/education/2026/feb/05/send-costs-bankrupt-english-local-authorities,https://www.theguardian.com/education/2026/feb/05/send-costs-bankrupt-english-local-authorities,,,2026-07-22T21:08:10+00:00,URL-5e8e90f7e5eb,1,25cd03a48882494f,unique_url,,url-canon-v1.0-2026-07-27
NEWS-guardian_api-5eaaac7203a3,https://www.theguardian.com/commentisfree/2016/dec/08/wales-brexit-welsh-national-assembly-uk-constitution,https://www.theguardian.com/commentisfree/2016/dec/08/wales-brexit-welsh-national-assembly-uk-constitution,,,2026-07-22T21:09:47+00:00,URL-5eaaac7203a3,1,4905be1571ee4f05,unique_url,,url-canon-v1.0-2026-07-27
NEWS-guardian_api-5ee7164849c5,https://www.theguardian.com/business/2020/nov/08/bentley-is-leading-the-charge-to-batteries-british-carmakers-must-join-it,https://www.theguardian.com/business/2020/nov/08/bentley-is-leading-the-charge-to-batteries-british-carmakers-must-join-it,,,2026-07-22T21:10:20+00:00,URL-5ee7164849c5,1,ff6ec03af647eda3,unique_url,,url-canon-v1.0-2026-07-27
NEWS-guardian_api-5ef12cf9fcde,https://www.theguardian.com/social-care-network/2016/dec/12/laingbuisson-report-privatising-childrens-social-services,https://www.theguardian.com/social-care-network/2016/dec/12/laingbuisson-report-privatising-childrens-social-services,,,2026-07-22T21:09:39+00:00,URL-5ef12cf9fcde,1,ff26311c7aebc4f3,unique_url,,url-canon-v1.0-2026-07-27
NEWS-guardian_api-5f1595eebd4d,https://www.theguardian.com/politics/2021/apr/25/covid-election-welsh-labour-greater-scrutiny-drakeford,https://www.theguardian.com/politics/2021/apr/25/covid-election-welsh-labour-greater-scrutiny-drakeford,,,2026-07-22T21:10:03+00:00,URL-5f1595eebd4d,1,023566913a1e36d2,unique_url,,url-canon-v1.0-2026-07-27
NEWS-guardian_api-5f21ee44cc5a,https://www.theguardian.com/society/2016/nov/18/mps-call-inquiry-treasurys-refusal-reveal-spending-equalities-analysis,https://www.theguardian.com/society/2016/nov/18/mps-call-inquiry-treasurys-refusal-reveal-spending-equalities-analysis,,,2026-07-22T21:09:39+00:00,URL-5f21ee44cc5a,1,1ec402de58a5e924,unique_url,,url-canon-v1.0-2026-07-27
NEWS-guardian_api-5f24971d0827,https://www.theguardian.com/society/2016/dec/27/young-carers-no-council-support-childrens-commissioner-england-study,https://www.theguardian.com/society/2016/dec/27/young-carers-no-council-support-childrens-commissioner-england-study,,,2026-07-22T21:09:40+00:00,URL-5f24971d0827,1,a5dd9cd870f7ca4b,unique_url,,url-canon-v1.0-2026-07-27
NEWS-guardian_api-5f24cf83da96,https://www.theguardian.com/society/2012/nov/19/breadline-britain-homeless-sleep-church,https://www.theguardian.com/society/2012/nov/19/breadline-britain-homeless-sleep-church,,,2026-07-22T21:08:55+00:00,URL-5f24cf83da96,1,8987080fe86c819a,unique_url,,url-canon-v1.0-2026-07-27
NEWS-guardian_api-5f386627b792,https://www.theguardian.com/money/2020/nov/07/second-covid-lockdown-coronavirus-jobs-pay-bills-mortgage-rent-loans,https://www.theguardian.com/money/2020/nov/07/second-covid-lockdown-coronavirus-jobs-pay-bills-mortgage-rent-loans,,,2026-07-22T21:10:20+00:00,URL-5f386627b792,1,96985e92c19584db,unique_url,,url-canon-v1.0-2026-07-27
NEWS-guardian_api-5f4fe3515060,https://www.theguardian.com/commentisfree/2016/dec/01/blame-trump-brexit-identity-liberalism,https://www.theguardian.com/commentisfree/2016/dec/01/blame-trump-brexit-identity-liberalism,,,2026-07-22T21:09:19+00:00,URL-5f4fe3515060,1,18987b66b2cca869,unique_url,,url-canon-v1.0-2026-07-27
NEWS-guardian_api-5fab8abf39f9,https://www.theguardian.com/politics/2025/nov/21/nathan-gill-former-reform-uk-wales-leader-jailed-bribes-pro-russia-statements-mep,https://www.theguardian.com/politics/2025/nov/21/nathan-gill-former-reform-uk-wales-leader-jailed-bribes-pro-russia-statements-mep,,,2026-07-22T21:07:45+00:00,URL-5fab8abf39f9,1,940a5f0e63e233e4,unique_url,,url-canon-v1.0-2026-07-27
NEWS-guardian_api-5fff03450392,https://www.theguardian.com/politics/2026/apr/26/voters-contend-with-grotesque-leaflets-and-dodgy-data-in-english-local-elections-say-analysts,https://www.theguardian.com/politics/2026/apr/26/voters-contend-with-grotesque-leaflets-and-dodgy-data-in-english-local-elections-say-analysts,,,2026-07-22T21:07:54+00:00,URL-5fff03450392,1,17701d14dc044d63,unique_url,,url-canon-v1.0-2026-07-27
NEWS-guardian_api-6061977b41da,https://www.theguardian.com/world/2020/dec/31/cancel-new-years-eve-parties-as-covid-loves-a-crowd-urge-uk-officials,https://www.theguardian.com/world/2020/dec/31/cancel-new-years-eve-parties-as-covid-loves-a-crowd-urge-uk-officials,,,2026-07-22T21:10:32+00:00,URL-6061977b41da,1,d32131896c69b954,unique_url,,url-canon-v1.0-2026-07-27
NEWS-guardian_api-60f9fc746824,https://www.theguardian.com/society/2012/dec/15/troubled-families-high-intensity-intervention,https://www.theguardian.com/society/2012/dec/15/troubled-families-high-intensity-intervention,,,2026-07-22T21:08:55+00:00,URL-60f9fc746824,1,e57b6f624982413b,unique_url,,url-canon-v1.0-2026-07-27
NEWS-guardian_api-60fe73947b5c,https://www.theguardian.com/politics/blog/2013/mar/13/pmqs-mps-gove-misleading-parliament-claim,https://www.theguardian.com/politics/blog/2013/mar/13/pmqs-mps-gove-misleading-parliament-claim,,,2026-07-22T21:09:07+00:00,URL-60fe73947b5c,1,844f9d7441b5f8b9,unique_url,,url-canon-v1.0-2026-07-27
NEWS-guardian_api-617eb67c74fc,https://www.theguardian.com/politics/2012/nov/23/uk-roads-crisis-point-potholes,https://www.theguardian.com/politics/2012/nov/23/uk-roads-crisis-point-potholes,,,2026-07-22T21:08:55+00:00,URL-617eb67c74fc,1,7a5c33dea99b8130,unique_url,,url-canon-v1.0-2026-07-27
NEWS-guardian_api-618f23b6319d,https://www.theguardian.com/uk-news/2025/nov/28/city-cant-banks-rachel-reeves-jp-morgan-jp-morgan-goldman-sachs-budget,https://www.theguardian.com/uk-news/2025/nov/28/city-cant-banks-rachel-reeves-jp-morgan-jp-morgan-goldman-sachs-budget,,,2026-07-22T21:07:48+00:00,URL-618f23b6319d,1,c84a85bfdbcf018f,unique_url,,url-canon-v1.0-2026-07-27
NEWS-guardian_api-61d1f7ea6f97,https://www.theguardian.com/politics/2012/dec/31/david-cameron-coalition-shaky-year,https://www.theguardian.com/politics/2012/dec/31/david-cameron-coalition-shaky-year,,,2026-07-22T21:08:34+00:00,URL-61d1f7ea6f97,1,687962a7d2f0c5c1,unique_url,,url-canon-v1.0-2026-07-27
NEWS-guardian_api-6204dac49076,https://www.theguardian.com/politics/2016/nov/22/nigel-farage-will-not-be-ambassador-to-us-say-no10-and-foreign-office-donald-trump,https://www.theguardian.com/politics/2016/nov/22/nigel-farage-will-not-be-ambassador-to-us-say-no10-and-foreign-office-donald-trump,,,2026-07-22T21:09:15+00:00,URL-6204dac49076,1,5bb3651d94da5a19,unique_url,,url-canon-v1.0-2026-07-27
NEWS-guardian_api-62141cd0f425,https://www.theguardian.com/education/2020/nov/08/marcus-rashford-forces-boris-johnson-into-second-u-turn-on-child-food-poverty,https://www.theguardian.com/education/2020/nov/08/marcus-rashford-forces-boris-johnson-into-second-u-turn-on-child-food-poverty,,,2026-07-22T21:10:28+00:00,URL-62141cd0f425,1,d6632ba883cc50ae,unique_url,,url-canon-v1.0-2026-07-27
NEWS-guardian_api-6289435e4680,https://www.theguardian.com/politics/2021/feb/18/gove-relaxed-about-losing-key-brexit-brief-to-lord-frost-allies-suggest,https://www.theguardian.com/politics/2021/feb/18/gove-relaxed-about-losing-key-brexit-brief-to-lord-frost-allies-suggest,,,2026-07-22T21:10:32+00:00,URL-6289435e4680,1,9195999f6497743b,unique_url,,url-canon-v1.0-2026-07-27
NEWS-guardian_api-62a5806dd716,https://www.theguardian.com/politics/2026/feb/05/calls-to-halt-uk-palantir-contracts-grow-amid-lack-of-transparency-over-deals,https://www.theguardian.com/politics/2026/feb/05/calls-to-halt-uk-palantir-contracts-grow-amid-lack-of-transparency-over-deals,,,2026-07-22T21:08:18+00:00,URL-62a5806dd716,1,a8bcebb9db43b1f1,unique_url,,url-canon-v1.0-2026-07-27
NEWS-guardian_api-62aee842a370,https://www.theguardian.com/local-government-network/2012/dec/10/good-death-local-government-end-of-life-care,https://www.theguardian.com/local-government-network/2012/dec/10/good-death-local-government-end-of-life-care,,,2026-07-22T21:08:55+00:00,URL-62aee842a370,1,d49fa5e3918fb279,unique_url,,url-canon-v1.0-2026-07-27
NEWS-guardian_api-62d961a87f30,https://www.theguardian.com/commentisfree/2012/nov/07/boris-johnson-london-transport-fares,https://www.theguardian.com/commentisfree/2012/nov/07/boris-johnson-london-transport-fares,,,2026-07-22T21:08:47+00:00,URL-62d961a87f30,1,b11540112be09573,unique_url,,url-canon-v1.0-2026-07-27
NEWS-guardian_api-62f7537dd0ca,https://www.theguardian.com/politics/blog/live/2016/dec/05/government-welcomes-casey-reviews-as-valuable-contribution-to-integration-debate-politics-live,https://www.theguardian.com/politics/blog/live/2016/dec/05/government-welcomes-casey-reviews-as-valuable-contribution-to-integration-debate-politics-live,,,2026-07-22T21:09:19+00:00,URL-62f7537dd0ca,1,65e11f4af0994d6a,unique_url,,url-canon-v1.0-2026-07-27
NEWS-guardian_api-62fe4a09a8bc,https://www.theguardian.com/books/2016/nov/05/authors-join-national-protest-against-library-closures,https://www.theguardian.com/books/2016/nov/05/authors-join-national-protest-against-library-closures,,,2026-07-22T21:09:36+00:00,URL-62fe4a09a8bc,1,e39eb75d5e9bac10,unique_url,,url-canon-v1.0-2026-07-27
NEWS-guardian_api-631ad152b42e,https://www.theguardian.com/world/2021/feb/04/black-over-80s-in-england-half-as-likely-to-have-had-covid-vaccine,https://www.theguardian.com/world/2021/feb/04/black-over-80s-in-england-half-as-likely-to-have-had-covid-vaccine,,,2026-07-22T21:10:32+00:00,URL-631ad152b42e,1,fe4430d61a168efa,unique_url,,url-canon-v1.0-2026-07-27
NEWS-guardian_api-63249280657e,https://www.theguardian.com/uk-news/2025/nov/21/man-pleads-guilty-rape-12-year-old-girl-nuneaton-anti-asylum-protests,https://www.theguardian.com/uk-news/2025/nov/21/man-pleads-guilty-rape-12-year-old-girl-nuneaton-anti-asylum-protests,,,2026-07-22T21:07:45+00:00,URL-63249280657e,1,63c199986a64cf72,unique_url,,url-canon-v1.0-2026-07-27
NEWS-guardian_api-636742cb02ad,https://www.theguardian.com/politics/live/2025/nov/25/nigel-farage-nathan-gill-labour-reform-uk-russia-keir-starmer-uk-politics-live-news,https://www.theguardian.com/politics/live/2025/nov/25/nigel-farage-nathan-gill-labour-reform-uk-russia-keir-starmer-uk-politics-live-news,,,2026-07-22T21:07:45+00:00,URL-636742cb02ad,1,92a173777c3185e3,unique_url,,url-canon-v1.0-2026-07-27
NEWS-guardian_api-63ca9b1b4b0f,https://www.theguardian.com/commentisfree/2012/nov/30/ukip-byelections-historic-night,https://www.theguardian.com/commentisfree/2012/nov/30/ukip-byelections-historic-night,,,2026-07-22T21:08:31+00:00,URL-63ca9b1b4b0f,1,8ee95b924e9910d9,unique_url,,url-canon-v1.0-2026-07-27
NEWS-guardian_api-63cd462e0de3,https://www.theguardian.com/society/2016/dec/06/secret-plans-to-transform-nhs-zara-aziz,https://www.theguardian.com/society/2016/dec/06/secret-plans-to-transform-nhs-zara-aziz,,,2026-07-22T21:09:39+00:00,URL-63cd462e0de3,1,1e07a464d8086cae,unique_url,,url-canon-v1.0-2026-07-27
NEWS-guardian_api-63e900bb0602,https://www.theguardian.com/uk-news/2021/jan/13/wendy-simon-the-interim-mayor-running-liverpool-from-her-living-room,https://www.theguardian.com/uk-news/2021/jan/13/wendy-simon-the-interim-mayor-running-liverpool-from-her-living-room,,,2026-07-22T21:10:25+00:00,URL-63e900bb0602,1,991fe2d1fe8144d1,unique_url,,url-canon-v1.0-2026-07-27
NEWS-guardian_api-6421f301f273,https://www.theguardian.com/uk/2012/dec/04/chilling-facts-for-the-chancellor,https://www.theguardian.com/uk/2012/dec/04/chilling-facts-for-the-chancellor,,,2026-07-22T21:08:55+00:00,URL-6421f301f273,1,8da4eb44319a7669,unique_url,,url-canon-v1.0-2026-07-27
NEWS-guardian_api-6461572860a1,https://www.theguardian.com/social-enterprise-network/2012/nov/09/growing-role-social-enteprrise-local-government,https://www.theguardian.com/social-enterprise-network/2012/nov/09/growing-role-social-enteprrise-local-government,,,2026-07-22T21:08:55+00:00,URL-6461572860a1,1,2744ddc7006a2eca,unique_url,,url-canon-v1.0-2026-07-27
NEWS-guardian_api-6469ce186488,https://www.theguardian.com/local-government-network/2012/nov/16/asset-management-economic-growth,https://www.theguardian.com/local-government-network/2012/nov/16/asset-management-economic-growth,,,2026-07-22T21:08:55+00:00,URL-6469ce186488,1,917dae3d699eb624,unique_url,,url-canon-v1.0-2026-07-27
NEWS-guardian_api-64bae2898f6b,https://www.theguardian.com/uk/2012/dec/05/autumn-statement-ground-pinch-tynemouth,https://www.theguardian.com/uk/2012/dec/05/autumn-statement-ground-pinch-tynemouth,,,2026-07-22T21:08:38+00:00,URL-64bae2898f6b,1,c088258ed55d638a,unique_url,,url-canon-v1.0-2026-07-27
NEWS-guardian_api-64bdac8c5221,https://www.theguardian.com/politics/2016/nov/29/ukip-to-push-for-instant-brexit-without-triggering-article-50,https://www.theguardian.com/politics/2016/nov/29/ukip-to-push-for-instant-brexit-without-triggering-article-50,,,2026-07-22T21:09:19+00:00,URL-64bdac8c5221,1,acd632fb2bbe9565,unique_url,,url-canon-v1.0-2026-07-27
NEWS-guardian_api-64d0584b57fa,https://www.theguardian.com/healthcare-network/2017/jan/13/nhs-crisis-more-money-linked-reform,https://www.theguardian.com/healthcare-network/2017/jan/13/nhs-crisis-more-money-linked-reform,,,2026-07-22T21:09:40+00:00,URL-64d0584b57fa,1,7cec796f56ed1fbe,unique_url,,url-canon-v1.0-2026-07-27
NEWS-guardian_api-64ea38ced8bd,https://www.theguardian.com/education/2021/mar/28/after-assembly-i-cried-surrey-school-grapples-with-race-issues,https://www.theguardian.com/education/2021/mar/28/after-assembly-i-cried-surrey-school-grapples-with-race-issues,,,2026-07-22T21:10:13+00:00,URL-64ea38ced8bd,1,396e940ae3fa2925,unique_url,,url-canon-v1.0-2026-07-27
NEWS-guardian_api-64f85aafa865,https://www.theguardian.com/business/2017/jan/17/uk-inflation-hits-two-year-high,https://www.theguardian.com/business/2017/jan/17/uk-inflation-hits-two-year-high,,,2026-07-22T21:09:22+00:00,URL-64f85aafa865,1,f27c5260329d0bb8,unique_url,,url-canon-v1.0-2026-07-27
NEWS-guardian_api-6533fc1560ed,https://www.theguardian.com/commentisfree/2020/dec/22/build-back-better-johnson-government-inequality,https://www.theguardian.com/commentisfree/2020/dec/22/build-back-better-johnson-government-inequality,,,2026-07-22T21:10:32+00:00,URL-6533fc1560ed,1,f5ec0155c9cd9b68,unique_url,,url-canon-v1.0-2026-07-27
NEWS-guardian_api-653d77c519fa,https://www.theguardian.com/lifeandstyle/2012/nov/27/samantha-cameron-davidcameron,https://www.theguardian.com/lifeandstyle/2012/nov/27/samantha-cameron-davidcameron,,,2026-07-22T21:08:31+00:00,URL-653d77c519fa,1,c030dd52d2fc1ae6,unique_url,,url-canon-v1.0-2026-07-27
NEWS-guardian_api-65435bf1ccdc,https://www.theguardian.com/society/2017/jan/11/flexible-arrangements-in-social-work-bill-may-endanger-children,https://www.theguardian.com/society/2017/jan/11/flexible-arrangements-in-social-work-bill-may-endanger-children,,,2026-07-22T21:09:47+00:00,URL-65435bf1ccdc,1,c3a66e7fdd8b9710,unique_url,,url-canon-v1.0-2026-07-27
NEWS-guardian_api-656a147b1b36,https://www.theguardian.com/society/2026/feb/02/heres-how-we-can-save-britains-high-streets,https://www.theguardian.com/society/2026/feb/02/heres-how-we-can-save-britains-high-streets,,,2026-07-22T21:08:10+00:00,URL-656a147b1b36,1,0bee99553dc58c2b,unique_url,,url-canon-v1.0-2026-07-27
NEWS-guardian_api-65c48a759434,https://www.theguardian.com/politics/2017/jan/03/morale-is-really-high-lib-dems-scent-revival-in-south-west,https://www.theguardian.com/politics/2017/jan/03/morale-is-really-high-lib-dems-scent-revival-in-south-west,,,2026-07-22T21:09:19+00:00,URL-65c48a759434,1,591bf3776c414466,unique_url,,url-canon-v1.0-2026-07-27
NEWS-guardian_api-65d028edfda0,https://www.theguardian.com/environment/2012/nov/08/ash-dieback-government-powerless-disease,https://www.theguardian.com/environment/2012/nov/08/ash-dieback-government-powerless-disease,,,2026-07-22T21:08:47+00:00,URL-65d028edfda0,1,b916149ccd3e29cb,unique_url,,url-canon-v1.0-2026-07-27
NEWS-guardian_api-65e068da20e9,https://www.theguardian.com/politics/2016/nov/19/tories-trusted-by-twice-as-many-voters-with-economy-than-labour-poll,https://www.theguardian.com/politics/2016/nov/19/tories-trusted-by-twice-as-many-voters-with-economy-than-labour-poll,,,2026-07-22T21:09:15+00:00,URL-65e068da20e9,1,50ac4b4c3660002b,unique_url,,url-canon-v1.0-2026-07-27
NEWS-guardian_api-662b7d7df5a1,https://www.theguardian.com/politics/2012/nov/08/labour-corby-voters-louise-mensch,https://www.theguardian.com/politics/2012/nov/08/labour-corby-voters-louise-mensch,,,2026-07-22T21:08:30+00:00,URL-662b7d7df5a1,1,87474cd2c8115a1c,unique_url,,url-canon-v1.0-2026-07-27
NEWS-guardian_api-66ef2f0626da,https://www.theguardian.com/politics/2026/feb/17/explainer-ministers-delaying-local-elections-england,https://www.theguardian.com/politics/2026/feb/17/explainer-ministers-delaying-local-elections-england,,,2026-07-22T21:08:10+00:00,URL-66ef2f0626da,1,d0ff7eec39b83fa4,unique_url,,url-canon-v1.0-2026-07-27
NEWS-guardian_api-6727d27634a9,https://www.theguardian.com/commentisfree/2025/nov/10/green-party-zack-polanski-struck-nerve-politics,https://www.theguardian.com/commentisfree/2025/nov/10/green-party-zack-polanski-struck-nerve-politics,,,2026-07-22T21:07:52+00:00,URL-6727d27634a9,1,01ec07316def2f21,unique_url,,url-canon-v1.0-2026-07-27
NEWS-guardian_api-67561b426ca6,https://www.theguardian.com/science/brain-flapping/2016/dec/13/mental-illness-and-poverty-you-cant-tackle-one-without-the-other,https://www.theguardian.com/science/brain-flapping/2016/dec/13/mental-illness-and-poverty-you-cant-tackle-one-without-the-other,,,2026-07-22T21:09:22+00:00,URL-67561b426ca6,1,fd95a17b8b7d677b,unique_url,,url-canon-v1.0-2026-07-27
NEWS-guardian_api-6771e88873f0,https://www.theguardian.com/business/2025/nov/16/i-think-the-city-is-falling-apart-leicester-braces-for-a-make-or-break-budget,https://www.theguardian.com/business/2025/nov/16/i-think-the-city-is-falling-apart-leicester-braces-for-a-make-or-break-budget,,,2026-07-22T21:07:52+00:00,URL-6771e88873f0,1,6b7a4a658841ae49,unique_url,,url-canon-v1.0-2026-07-27
NEWS-guardian_api-67bef115d97a,https://www.theguardian.com/society/2012/dec/11/local-enterprise-partnerships-decentralise-funding,https://www.theguardian.com/society/2012/dec/11/local-enterprise-partnerships-decentralise-funding,,,2026-07-22T21:08:55+00:00,URL-67bef115d97a,1,466a8b4a8f6a2061,unique_url,,url-canon-v1.0-2026-07-27
NEWS-guardian_api-67d6b70539a0,https://www.theguardian.com/commentisfree/2016/nov/08/cars-choke-communities-pollution-diesel,https://www.theguardian.com/commentisfree/2016/nov/08/cars-choke-communities-pollution-diesel,,,2026-07-22T21:09:32+00:00,URL-67d6b70539a0,1,d6953f5a87be7d5a,unique_url,,url-canon-v1.0-2026-07-27
NEWS-guardian_api-683826a1b2cf,https://www.theguardian.com/commentisfree/2021/mar/14/save-your-local-pub-and-defeat-populism,https://www.theguardian.com/commentisfree/2021/mar/14/save-your-local-pub-and-defeat-populism,,,2026-07-22T21:10:03+00:00,URL-683826a1b2cf,1,aad82c228a9f0118,unique_url,,url-canon-v1.0-2026-07-27
NEWS-guardian_api-687a70d77798,https://www.theguardian.com/politics/2016/dec/23/who-will-win-the-copeland-byelection,https://www.theguardian.com/politics/2016/dec/23/who-will-win-the-copeland-byelection,,,2026-07-22T21:09:19+00:00,URL-687a70d77798,1,4eb42dc80fcb7daf,unique_url,,url-canon-v1.0-2026-07-27
NEWS-guardian_api-6881aee1fdce,https://www.theguardian.com/commentisfree/2013/jan/12/labour-policy-big-ideas,https://www.theguardian.com/commentisfree/2013/jan/12/labour-policy-big-ideas,,,2026-07-22T21:09:02+00:00,URL-6881aee1fdce,1,561d3ed134497fd1,unique_url,,url-canon-v1.0-2026-07-27
NEWS-guardian_api-68844d3b5480,https://www.theguardian.com/society/2017/jan/06/social-care-crisis-theresa-may-under-pressure-to-act-fast,https://www.theguardian.com/society/2017/jan/06/social-care-crisis-theresa-may-under-pressure-to-act-fast,,,2026-07-22T21:09:40+00:00,URL-68844d3b5480,1,3e199bad7e095c06,unique_url,,url-canon-v1.0-2026-07-27
NEWS-guardian_api-68d8ba5d7b5a,https://www.theguardian.com/politics/2025/nov/09/developers-met-ministers-dozens-of-times-over-planning-bill-while-ecologists-were-shut-out,https://www.theguardian.com/politics/2025/nov/09/developers-met-ministers-dozens-of-times-over-planning-bill-while-ecologists-were-shut-out,,,2026-07-22T21:08:06+00:00,URL-68d8ba5d7b5a,1,b6f0e381d36d88bd,unique_url,,url-canon-v1.0-2026-07-27
NEWS-guardian_api-68e20af25616,https://www.theguardian.com/uk-news/2025/nov/21/budget-2025-centrists-uk-economy-civil-service-warning,https://www.theguardian.com/uk-news/2025/nov/21/budget-2025-centrists-uk-economy-civil-service-warning,,,2026-07-22T21:07:45+00:00,URL-68e20af25616,1,8c5b9a5e39496ede,unique_url,,url-canon-v1.0-2026-07-27
NEWS-guardian_api-6923c3754cf7,https://www.theguardian.com/business/2012/dec/07/britain-recessions-history,https://www.theguardian.com/business/2012/dec/07/britain-recessions-history,,,2026-07-22T21:08:38+00:00,URL-6923c3754cf7,1,a7498f1e2dbd95f8,unique_url,,url-canon-v1.0-2026-07-27
NEWS-guardian_api-694d54e9c420,https://www.theguardian.com/politics/blog/2012/nov/27/miliband-balls-autumn-statement-live-blog,https://www.theguardian.com/politics/blog/2012/nov/27/miliband-balls-autumn-statement-live-blog,,,2026-07-22T21:08:31+00:00,URL-694d54e9c420,1,7c3f5dcf7612c5b7,unique_url,,url-canon-v1.0-2026-07-27
NEWS-guardian_api-6956474b3b82,https://www.theguardian.com/politics/blog/live/2017/jan/26/brexit-article-5-bill-david-davis-theresa-may-accused-of-grovelling-after-praising-trump-for-renewing-america-politics-live,https://www.theguardian.com/politics/blog/live/2017/jan/26/brexit-article-5-bill-david-davis-theresa-may-accused-of-grovelling-after-praising-trump-for-renewing-america-politics-live,,,2026-07-22T21:09:47+00:00,URL-6956474b3b82,1,27a5b87ac2743bd1,unique_url,,url-canon-v1.0-2026-07-27
NEWS-guardian_api-6968eee4537b,https://www.theguardian.com/politics/2021/mar/01/woking-council-accused-of-discouraging-vulnerable-voters-postal-vote-id,https://www.theguardian.com/politics/2021/mar/01/woking-council-accused-of-discouraging-vulnerable-voters-postal-vote-id,,,2026-07-22T21:10:13+00:00,URL-6968eee4537b,1,e01952cb18cfc1ec,unique_url,,url-canon-v1.0-2026-07-27
NEWS-guardian_api-6971295f5237,https://www.theguardian.com/business/live/2020/nov/12/uk-economy-q3-gdp-september-covid-19-growth-markets-ftse-business-live,https://www.theguardian.com/business/live/2020/nov/12/uk-economy-q3-gdp-september-covid-19-growth-markets-ftse-business-live,,,2026-07-22T21:10:17+00:00,URL-6971295f5237,1,7b7896f9a8089a55,unique_url,,url-canon-v1.0-2026-07-27
NEWS-guardian_api-69a5abd89c4c,https://www.theguardian.com/politics/audio/2012/nov/22/politics-weekly-podcast-cameron-eu-budget,https://www.theguardian.com/politics/audio/2012/nov/22/politics-weekly-podcast-cameron-eu-budget,,,2026-07-22T21:08:30+00:00,URL-69a5abd89c4c,1,4eeb48229d478f6d,unique_url,,url-canon-v1.0-2026-07-27
NEWS-guardian_api-69c1c2aa60e5,https://www.theguardian.com/society/2016/nov/08/mental-health-assessments-needed-for-children-in-care,https://www.theguardian.com/society/2016/nov/08/mental-health-assessments-needed-for-children-in-care,,,2026-07-22T21:09:32+00:00,URL-69c1c2aa60e5,1,4dc5ef28165c27e4,unique_url,,url-canon-v1.0-2026-07-27
NEWS-guardian_api-69c628af74f1,https://www.theguardian.com/commentisfree/2016/nov/21/how-do-we-fight-loudmouth-politics-authoritarianism-populism-paul-mason,https://www.theguardian.com/commentisfree/2016/nov/21/how-do-we-fight-loudmouth-politics-authoritarianism-populism-paul-mason,,,2026-07-22T21:09:15+00:00,URL-69c628af74f1,1,3dbe3e2f8343d195,unique_url,,url-canon-v1.0-2026-07-27
NEWS-guardian_api-69f0ea4b734c,https://www.theguardian.com/business/2016/nov/15/uk-inflation-rate-dips-to-09,https://www.theguardian.com/business/2016/nov/15/uk-inflation-rate-dips-to-09,,,2026-07-22T21:09:22+00:00,URL-69f0ea4b734c,1,f6d661b3dd315782,unique_url,,url-canon-v1.0-2026-07-27
NEWS-guardian_api-6a0bc28bad7c,https://www.theguardian.com/politics/2012/nov/28/nigel-farage-cameron-westminster-digested,https://www.theguardian.com/politics/2012/nov/28/nigel-farage-cameron-westminster-digested,,,2026-07-22T21:08:31+00:00,URL-6a0bc28bad7c,1,1b11e2bdd493db16,unique_url,,url-canon-v1.0-2026-07-27
NEWS-guardian_api-6a1d41c8bf86,https://www.theguardian.com/world/live/2021/jan/25/coronavirus-live-news-biden-to-reinstate-covid-travel-ban-as-world-nears-100m-cases,https://www.theguardian.com/world/live/2021/jan/25/coronavirus-live-news-biden-to-reinstate-covid-travel-ban-as-world-nears-100m-cases,,,2026-07-22T21:10:32+00:00,URL-6a1d41c8bf86,1,4dd7b0ca1c86fa63,unique_url,,url-canon-v1.0-2026-07-27
NEWS-guardian_api-6a2dde88b57c,https://www.theguardian.com/society/2020/nov/14/waiting-list-for-council-homes-in-england-will-double-to-2-million,https://www.theguardian.com/society/2020/nov/14/waiting-list-for-council-homes-in-england-will-double-to-2-million,,,2026-07-22T21:10:25+00:00,URL-6a2dde88b57c,1,de655cd8c347a4b5,unique_url,,url-canon-v1.0-2026-07-27
NEWS-guardian_api-6a718a68a9e4,https://www.theguardian.com/politics/2017/jan/25/theresa-may-agrees-to-publish-brexit-white-paper,https://www.theguardian.com/politics/2017/jan/25/theresa-may-agrees-to-publish-brexit-white-paper,,,2026-07-22T21:09:47+00:00,URL-6a718a68a9e4,1,6e43be6332fbb8ce,unique_url,,url-canon-v1.0-2026-07-27
NEWS-guardian_api-6ab082717baf,https://www.theguardian.com/politics/live/2026/feb/08/peter-mandelson-payoff-keir-starmer-jeffrey-epstein-ambassadoruk-politics-live-news-updates,https://www.theguardian.com/politics/live/2026/feb/08/peter-mandelson-payoff-keir-starmer-jeffrey-epstein-ambassadoruk-politics-live-news-updates,,,2026-07-22T21:08:10+00:00,URL-6ab082717baf,1,f8cfdc8904ff4a71,unique_url,,url-canon-v1.0-2026-07-27
NEWS-guardian_api-6abc0767f39c,https://www.theguardian.com/politics/2020/nov/22/rishi-sunak-says-public-sector-pay-freeze-is-not-a-return-to-austerity,https://www.theguardian.com/politics/2020/nov/22/rishi-sunak-says-public-sector-pay-freeze-is-not-a-return-to-austerity,,,2026-07-22T21:10:32+00:00,URL-6abc0767f39c,1,6432a37aa712a7bb,unique_url,,url-canon-v1.0-2026-07-27
NEWS-guardian_api-6ac4237905f0,https://www.theguardian.com/society/2012/dec/15/cleaners-living-wage-campaign,https://www.theguardian.com/society/2012/dec/15/cleaners-living-wage-campaign,,,2026-07-22T21:08:38+00:00,URL-6ac4237905f0,1,4d494d2d717afcf4,unique_url,,url-canon-v1.0-2026-07-27
NEWS-guardian_api-6afc512b523d,https://www.theguardian.com/business/2013/feb/12/uk-inflation-unchanged-fourth-successive-month,https://www.theguardian.com/business/2013/feb/12/uk-inflation-unchanged-fourth-successive-month,,,2026-07-22T21:08:38+00:00,URL-6afc512b523d,1,5043654317ceba72,unique_url,,url-canon-v1.0-2026-07-27
NEWS-guardian_api-6b0972675fa2,https://www.theguardian.com/commentisfree/2025/nov/24/english-public-school-nigel-farage-reform-leader,https://www.theguardian.com/commentisfree/2025/nov/24/english-public-school-nigel-farage-reform-leader,,,2026-07-22T21:07:45+00:00,URL-6b0972675fa2,1,faeb7e48c9b3b8e5,unique_url,,url-canon-v1.0-2026-07-27
NEWS-guardian_api-6b23797a3a5c,https://www.theguardian.com/politics/2016/nov/15/brexit-weekly-briefing-trump-win-eu-exit-plan,https://www.theguardian.com/politics/2016/nov/15/brexit-weekly-briefing-trump-win-eu-exit-plan,,,2026-07-22T21:09:32+00:00,URL-6b23797a3a5c,1,b74acd339c901307,unique_url,,url-canon-v1.0-2026-07-27
NEWS-guardian_api-6b29f3ae679e,https://www.theguardian.com/politics/2016/nov/28/is-progressive-alliance-only-way-stop-hard-right-populism,https://www.theguardian.com/politics/2016/nov/28/is-progressive-alliance-only-way-stop-hard-right-populism,,,2026-07-22T21:09:19+00:00,URL-6b29f3ae679e,1,b9441e32c3df4ec1,unique_url,,url-canon-v1.0-2026-07-27
NEWS-guardian_api-6b3902c12fb7,https://www.theguardian.com/politics/2016/nov/08/theresa-may-struggles-take-back-control-maybot-india-brexit,https://www.theguardian.com/politics/2016/nov/08/theresa-may-struggles-take-back-control-maybot-india-brexit,,,2026-07-22T21:09:15+00:00,URL-6b3902c12fb7,1,10373ab6c4bd92c4,unique_url,,url-canon-v1.0-2026-07-27
NEWS-guardian_api-6baa365c3fbb,https://www.theguardian.com/society/2021/jan/14/covid-officials-underestimated-number-of-rough-sleepers-in-england-needing-help,https://www.theguardian.com/society/2021/jan/14/covid-officials-underestimated-number-of-rough-sleepers-in-england-needing-help,,,2026-07-22T21:10:25+00:00,URL-6baa365c3fbb,1,ead495d1f57ae5c8,unique_url,,url-canon-v1.0-2026-07-27
NEWS-guardian_api-6bcef84bbf82,https://www.theguardian.com/public-leaders-network/2016/dec/20/brexit-whitehall-black-hole-2016,https://www.theguardian.com/public-leaders-network/2016/dec/20/brexit-whitehall-black-hole-2016,,,2026-07-22T21:09:47+00:00,URL-6bcef84bbf82,1,5af1791725464463,unique_url,,url-canon-v1.0-2026-07-27
NEWS-guardian_api-6c997e3ce7e9,https://www.theguardian.com/world/live/2021/feb/06/coronavirus-live-news-greece-astrazeneca-vaccine-under-65s-melbourne-lebanon-covid-19-uk-europe,https://www.theguardian.com/world/live/2021/feb/06/coronavirus-live-news-greece-astrazeneca-vaccine-under-65s-melbourne-lebanon-covid-19-uk-europe,,,2026-07-22T21:10:32+00:00,URL-6c997e3ce7e9,1,d81fa3e0dea4071b,unique_url,,url-canon-v1.0-2026-07-27
NEWS-guardian_api-6cc41d9d21eb,https://www.theguardian.com/business/2012/nov/10/utilities-water-bills,https://www.theguardian.com/business/2012/nov/10/utilities-water-bills,,,2026-07-22T21:08:47+00:00,URL-6cc41d9d21eb,1,f560e4d6dee6c4e7,unique_url,,url-canon-v1.0-2026-07-27
NEWS-guardian_api-6ceeeb0f0c07,https://www.theguardian.com/commentisfree/2025/nov/13/labour-fail-connect-youth-voters-students-reform,https://www.theguardian.com/commentisfree/2025/nov/13/labour-fail-connect-youth-voters-students-reform,,,2026-07-22T21:07:52+00:00,URL-6ceeeb0f0c07,1,df726bfefb86b998,unique_url,,url-canon-v1.0-2026-07-27
NEWS-guardian_api-6cf3ac03bd95,https://www.theguardian.com/politics/2012/nov/04/cabinet-minister-resign-eurosceptic-revolt,https://www.theguardian.com/politics/2012/nov/04/cabinet-minister-resign-eurosceptic-revolt,,,2026-07-22T21:08:51+00:00,URL-6cf3ac03bd95,1,51226db775550de9,unique_url,,url-canon-v1.0-2026-07-27
NEWS-guardian_api-6d9cb3bbbaf4,https://www.theguardian.com/commentisfree/2012/nov/18/andrew-rawnsley-public-to-blame-for-voter-apathy,https://www.theguardian.com/commentisfree/2012/nov/18/andrew-rawnsley-public-to-blame-for-voter-apathy,,,2026-07-22T21:08:30+00:00,URL-6d9cb3bbbaf4,1,8e60466fc750982f,unique_url,,url-canon-v1.0-2026-07-27
NEWS-guardian_api-6da11a8e8977,https://www.theguardian.com/society/2020/nov/24/norman-lamb-covid-widening-inequality-young-people,https://www.theguardian.com/society/2020/nov/24/norman-lamb-covid-widening-inequality-young-people,,,2026-07-22T21:10:25+00:00,URL-6da11a8e8977,1,6d4c106fc8e42b38,unique_url,,url-canon-v1.0-2026-07-27
NEWS-guardian_api-6daed2478fe8,https://www.theguardian.com/news/2016/nov/13/britons-cruelly-mis-sold-truth-about-brexit-european-union,https://www.theguardian.com/news/2016/nov/13/britons-cruelly-mis-sold-truth-about-brexit-european-union,,,2026-07-22T21:09:15+00:00,URL-6daed2478fe8,1,b7240a79be9cc953,unique_url,,url-canon-v1.0-2026-07-27
NEWS-guardian_api-6de367518f69,https://www.theguardian.com/books/2016/nov/21/all-out-war-tim-shipman-the-brexit-club-owen-bennett-bad-boys-of-brexit-arron-banks-review,https://www.theguardian.com/books/2016/nov/21/all-out-war-tim-shipman-the-brexit-club-owen-bennett-bad-boys-of-brexit-arron-banks-review,,,2026-07-22T21:09:15+00:00,URL-6de367518f69,1,cf75ea1fdec5feb9,unique_url,,url-canon-v1.0-2026-07-27
NEWS-guardian_api-6de8c1a76c06,https://www.theguardian.com/politics/2025/nov/11/thin-majorities-and-chaotic-strategy-push-labour-mps-toward-regime-change,https://www.theguardian.com/politics/2025/nov/11/thin-majorities-and-chaotic-strategy-push-labour-mps-toward-regime-change,,,2026-07-22T21:07:44+00:00,URL-6de8c1a76c06,1,b1e081afc7d8c345,unique_url,,url-canon-v1.0-2026-07-27
NEWS-guardian_api-6e661c4c5fdf,https://www.theguardian.com/society/2026/mar/25/fifteen-new-councils-to-be-created-in-south-and-east-of-england,https://www.theguardian.com/society/2026/mar/25/fifteen-new-councils-to-be-created-in-south-and-east-of-england,,,2026-07-22T21:07:58+00:00,URL-6e661c4c5fdf,1,19a2583c7a7f645b,unique_url,,url-canon-v1.0-2026-07-27
NEWS-guardian_api-6e815cf94ffb,https://www.theguardian.com/politics/2016/nov/28/paul-nuttall-ukip-leadership-election-nigel-farage-suzanne-evans,https://www.theguardian.com/politics/2016/nov/28/paul-nuttall-ukip-leadership-election-nigel-farage-suzanne-evans,,,2026-07-22T21:09:19+00:00,URL-6e815cf94ffb,1,fc0551c4a34d7404,unique_url,,url-canon-v1.0-2026-07-27
NEWS-guardian_api-6edb0939f2cd,https://www.theguardian.com/tv-and-radio/tvandradioblog/2012/nov/09/nadine-dorries-jungle-reality-tv,https://www.theguardian.com/tv-and-radio/tvandradioblog/2012/nov/09/nadine-dorries-jungle-reality-tv,,,2026-07-22T21:08:30+00:00,URL-6edb0939f2cd,1,9a6d7d65d69ac26a,unique_url,,url-canon-v1.0-2026-07-27
NEWS-guardian_api-6eddca9d5ecc,https://www.theguardian.com/politics/2021/jan/09/may-elections-to-go-ahead-in-uk-despite-coronavirus-concerns,https://www.theguardian.com/politics/2021/jan/09/may-elections-to-go-ahead-in-uk-despite-coronavirus-concerns,,,2026-07-22T21:10:25+00:00,URL-6eddca9d5ecc,1,e268f98890c3748b,unique_url,,url-canon-v1.0-2026-07-27
NEWS-guardian_api-6f3e24795ced,https://www.theguardian.com/business/live/2020/nov/10/uk-unemployment-redundancies-record-high-covid-19-markets-business-live,https://www.theguardian.com/business/live/2020/nov/10/uk-unemployment-redundancies-record-high-covid-19-markets-business-live,,,2026-07-22T21:10:17+00:00,URL-6f3e24795ced,1,f4103a15e05895ac,unique_url,,url-canon-v1.0-2026-07-27
NEWS-guardian_api-6f47fc867544,https://www.theguardian.com/environment/2025/nov/09/last-youth-centre-in-one-of-englands-most-deprived-coastal-areas-faces-closure,https://www.theguardian.com/environment/2025/nov/09/last-youth-centre-in-one-of-englands-most-deprived-coastal-areas-faces-closure,,,2026-07-22T21:07:44+00:00,URL-6f47fc867544,1,7bb5a478e55c55c8,unique_url,,url-canon-v1.0-2026-07-27
NEWS-guardian_api-6f601fb9fb8d,https://www.theguardian.com/uk-news/2025/nov/14/no-10-tells-labour-mps-it-expects-support-for-tough-new-asylum-policies,https://www.theguardian.com/uk-news/2025/nov/14/no-10-tells-labour-mps-it-expects-support-for-tough-new-asylum-policies,,,2026-07-22T21:07:44+00:00,URL-6f601fb9fb8d,1,cccf645841b13410,unique_url,,url-canon-v1.0-2026-07-27
NEWS-guardian_api-6f7dc9b27427,https://www.theguardian.com/uk-news/2021/apr/23/man-24-arrested-over-mass-tree-felling-in-surrey,https://www.theguardian.com/uk-news/2021/apr/23/man-24-arrested-over-mass-tree-felling-in-surrey,,,2026-07-22T21:10:13+00:00,URL-6f7dc9b27427,1,c71c1b0683aa06f6,unique_url,,url-canon-v1.0-2026-07-27
NEWS-guardian_api-6f8a444c5aa4,https://www.theguardian.com/social-care-network/2016/nov/30/government-inaction-on-social-care-funding-needs-a-radical-response,https://www.theguardian.com/social-care-network/2016/nov/30/government-inaction-on-social-care-funding-needs-a-radical-response,,,2026-07-22T21:09:39+00:00,URL-6f8a444c5aa4,1,6f607c28bc81e5a6,unique_url,,url-canon-v1.0-2026-07-27
NEWS-guardian_api-6f97aae48937,https://www.theguardian.com/politics/2025/nov/29/your-partys-first-conference-shows-little-sign-of-achieving-fresh-start,https://www.theguardian.com/politics/2025/nov/29/your-partys-first-conference-shows-little-sign-of-achieving-fresh-start,,,2026-07-22T21:07:48+00:00,URL-6f97aae48937,1,483748973e89d3e7,unique_url,,url-canon-v1.0-2026-07-27
NEWS-guardian_api-6fba19b0b0c5,https://www.theguardian.com/housing-network/2012/nov/23/live-discussion-future-of-arms-length-management-housing,https://www.theguardian.com/housing-network/2012/nov/23/live-discussion-future-of-arms-length-management-housing,,,2026-07-22T21:08:55+00:00,URL-6fba19b0b0c5,1,07b3a7fbd820c641,unique_url,,url-canon-v1.0-2026-07-27
NEWS-guardian_api-6fcd0f935b56,https://www.theguardian.com/business/2016/dec/11/trump-federal-reserve-interest-rates-janet-yellen,https://www.theguardian.com/business/2016/dec/11/trump-federal-reserve-interest-rates-janet-yellen,,,2026-07-22T21:09:22+00:00,URL-6fcd0f935b56,1,77204a4b39bdbdc3,unique_url,,url-canon-v1.0-2026-07-27
NEWS-guardian_api-6ff3089e09d2,https://www.theguardian.com/politics/2025/nov/09/can-nigel-farage-emulate-success-enjoyed-by-italys-far-right-giorgia-meloni,https://www.theguardian.com/politics/2025/nov/09/can-nigel-farage-emulate-success-enjoyed-by-italys-far-right-giorgia-meloni,,,2026-07-22T21:07:44+00:00,URL-6ff3089e09d2,1,bdbd5407efec61d5,unique_url,,url-canon-v1.0-2026-07-27
NEWS-guardian_api-6ff37f53e24b,https://www.theguardian.com/society/2025/nov/19/starmer-struggling-overhaul-services-lack-of-planning-says-thinktank,https://www.theguardian.com/society/2025/nov/19/starmer-struggling-overhaul-services-lack-of-planning-says-thinktank,,,2026-07-22T21:08:10+00:00,URL-6ff37f53e24b,1,152994374a466f6d,unique_url,,url-canon-v1.0-2026-07-27
NEWS-guardian_api-7001fd0d6ded,https://www.theguardian.com/commentisfree/2020/nov/24/tories-working-class-elite-red-wall,https://www.theguardian.com/commentisfree/2020/nov/24/tories-working-class-elite-red-wall,,,2026-07-22T21:10:32+00:00,URL-7001fd0d6ded,1,7089536bf252c6bb,unique_url,,url-canon-v1.0-2026-07-27
NEWS-guardian_api-70077e90b400,https://www.theguardian.com/commentisfree/2016/dec/04/observer-view-integration-in-british-society,https://www.theguardian.com/commentisfree/2016/dec/04/observer-view-integration-in-british-society,,,2026-07-22T21:09:39+00:00,URL-70077e90b400,1,94c58a3de4fca088,unique_url,,url-canon-v1.0-2026-07-27
NEWS-guardian_api-70414cf7d1e2,https://www.theguardian.com/commentisfree/2016/dec/19/take-back-control-slogan-left-power-right-state-intervention,https://www.theguardian.com/commentisfree/2016/dec/19/take-back-control-slogan-left-power-right-state-intervention,,,2026-07-22T21:09:47+00:00,URL-70414cf7d1e2,1,a4fde30875ca07a9,unique_url,,url-canon-v1.0-2026-07-27
NEWS-guardian_api-70454d75b731,https://www.theguardian.com/world/live/2021/jan/21/coronavirus-live-news-who-says-dont-panic-all-will-get-covid-vaccine-new-us-cdc-director-sworn-in,https://www.theguardian.com/world/live/2021/jan/21/coronavirus-live-news-who-says-dont-panic-all-will-get-covid-vaccine-new-us-cdc-director-sworn-in,,,2026-07-22T21:10:25+00:00,URL-70454d75b731,1,b221642f9b779cd1,unique_url,,url-canon-v1.0-2026-07-27
NEWS-guardian_api-710cf40911df,https://www.theguardian.com/money/2016/dec/30/councils-told-to-keep-tax-hikes-low-despite-social-care-budget-holes,https://www.theguardian.com/money/2016/dec/30/councils-told-to-keep-tax-hikes-low-despite-social-care-budget-holes,,,2026-07-22T21:09:26+00:00,URL-710cf40911df,1,473bf893e63390ed,unique_url,,url-canon-v1.0-2026-07-27
NEWS-guardian_api-71658910c072,https://www.theguardian.com/politics/2016/dec/17/labour-gains-two-points-since-november,https://www.theguardian.com/politics/2016/dec/17/labour-gains-two-points-since-november,,,2026-07-22T21:09:19+00:00,URL-71658910c072,1,56cab1e1c3ce56a1,unique_url,,url-canon-v1.0-2026-07-27
NEWS-guardian_api-716b81c69ce8,https://www.theguardian.com/education/2017/jan/06/schools-breaking-point-apprenticeship-levy,https://www.theguardian.com/education/2017/jan/06/schools-breaking-point-apprenticeship-levy,,,2026-07-22T21:09:40+00:00,URL-716b81c69ce8,1,1bf76b9d0709a3b8,unique_url,,url-canon-v1.0-2026-07-27
NEWS-guardian_api-71b4c8345a90,https://www.theguardian.com/uk-news/2021/mar/06/nhs-body-in-england-urges-minority-ethnic-people-to-fill-out-census,https://www.theguardian.com/uk-news/2021/mar/06/nhs-body-in-england-urges-minority-ethnic-people-to-fill-out-census,,,2026-07-22T21:10:33+00:00,URL-71b4c8345a90,1,da0a23594c0838a1,unique_url,,url-canon-v1.0-2026-07-27
NEWS-guardian_api-725f2447c941,https://www.theguardian.com/society/2012/nov/05/living-wage-adopted-government-boris,https://www.theguardian.com/society/2012/nov/05/living-wage-adopted-government-boris,,,2026-07-22T21:08:47+00:00,URL-725f2447c941,1,90016be964786244,unique_url,,url-canon-v1.0-2026-07-27
NEWS-guardian_api-726181339b1d,https://www.theguardian.com/business/2016/nov/06/european-commission-examine-terms-uk-deal-nissan,https://www.theguardian.com/business/2016/nov/06/european-commission-examine-terms-uk-deal-nissan,,,2026-07-22T21:09:43+00:00,URL-726181339b1d,1,95d0d22c09a9d186,unique_url,,url-canon-v1.0-2026-07-27
NEWS-guardian_api-72770f6e1ecd,https://www.theguardian.com/politics/live/2026/jan/28/keir-starmer-labour-reform-uk-gorton-and-denton-byelection-andy-burnham-conservatives-politics-latest-news,https://www.theguardian.com/politics/live/2026/jan/28/keir-starmer-labour-reform-uk-gorton-and-denton-byelection-andy-burnham-conservatives-politics-latest-news,,,2026-07-22T21:08:18+00:00,URL-72770f6e1ecd,1,f722bb91a4f07b8f,unique_url,,url-canon-v1.0-2026-07-27
NEWS-guardian_api-729173d4ed1e,https://www.theguardian.com/membership/2021/jan/02/guardian-readers-on-their-hopes-and-fears-for-2021,https://www.theguardian.com/membership/2021/jan/02/guardian-readers-on-their-hopes-and-fears-for-2021,,,2026-07-22T21:10:32+00:00,URL-729173d4ed1e,1,aeeb38af33654009,unique_url,,url-canon-v1.0-2026-07-27
NEWS-guardian_api-729ca587fa50,https://www.theguardian.com/local-government-network/2012/dec/04/live-discussion-flexible-service-delivery,https://www.theguardian.com/local-government-network/2012/dec/04/live-discussion-flexible-service-delivery,,,2026-07-22T21:08:42+00:00,URL-729ca587fa50,1,3bfc756b98fbc5bb,unique_url,,url-canon-v1.0-2026-07-27
NEWS-guardian_api-72a422e0272e,https://www.theguardian.com/public-leaders-network/2012/nov/09/roundup-local-partnerships-lord-heseltine,https://www.theguardian.com/public-leaders-network/2012/nov/09/roundup-local-partnerships-lord-heseltine,,,2026-07-22T21:08:47+00:00,URL-72a422e0272e,1,4b871620ab5d8efa,unique_url,,url-canon-v1.0-2026-07-27
NEWS-guardian_api-72ac295c00a6,https://www.theguardian.com/environment/2012/nov/03/uk-dash-gas,https://www.theguardian.com/environment/2012/nov/03/uk-dash-gas,,,2026-07-22T21:08:51+00:00,URL-72ac295c00a6,1,9952d0eef63f46f0,unique_url,,url-canon-v1.0-2026-07-27
NEWS-guardian_api-72bac896d872,https://www.theguardian.com/business/2017/feb/08/uk-government-green-energy-subsidies-energy-bills,https://www.theguardian.com/business/2017/feb/08/uk-government-green-energy-subsidies-energy-bills,,,2026-07-22T21:09:23+00:00,URL-72bac896d872,1,a94ccf55e095d940,unique_url,,url-canon-v1.0-2026-07-27
NEWS-guardian_api-72bc73d0d65b,https://www.theguardian.com/politics/2012/nov/03/miliband-living-wage,https://www.theguardian.com/politics/2012/nov/03/miliband-living-wage,,,2026-07-22T21:08:51+00:00,URL-72bc73d0d65b,1,ec17f70f684bea90,unique_url,,url-canon-v1.0-2026-07-27
NEWS-guardian_api-72da926fc9db,https://www.theguardian.com/world/2020/nov/10/exclusive-vaccine-taskforce-chief-may-benefit-from-49m-uk-investment,https://www.theguardian.com/world/2020/nov/10/exclusive-vaccine-taskforce-chief-may-benefit-from-49m-uk-investment,,,2026-07-22T21:10:17+00:00,URL-72da926fc9db,1,d5b93d4ea51c3a54,unique_url,,url-canon-v1.0-2026-07-27
NEWS-guardian_api-72f0ae321dc5,https://www.theguardian.com/healthcare-network/2013/jan/29/healthwatch-conflicts-interest,https://www.theguardian.com/healthcare-network/2013/jan/29/healthwatch-conflicts-interest,,,2026-07-22T21:09:02+00:00,URL-72f0ae321dc5,1,dfb13e25b5f8de05,unique_url,,url-canon-v1.0-2026-07-27
NEWS-guardian_api-7320f9433f18,https://www.theguardian.com/politics/2016/nov/06/labour-will-not-block-article-50-jeremy-corbyn-allies-confirm,https://www.theguardian.com/politics/2016/nov/06/labour-will-not-block-article-50-jeremy-corbyn-allies-confirm,,,2026-07-22T21:09:36+00:00,URL-7320f9433f18,1,80039547ebdd4b7f,unique_url,,url-canon-v1.0-2026-07-27
NEWS-guardian_api-73c3e0ac1388,https://www.theguardian.com/careers/2016/dec/28/how-the-world-of-work-changed-in-2016,https://www.theguardian.com/careers/2016/dec/28/how-the-world-of-work-changed-in-2016,,,2026-07-22T21:09:22+00:00,URL-73c3e0ac1388,1,b5702953be22928e,unique_url,,url-canon-v1.0-2026-07-27
NEWS-guardian_api-73cbb42e6427,https://www.theguardian.com/politics/2016/nov/14/all-the-president-elects-men-donald-trump-nigel-farage-photo,https://www.theguardian.com/politics/2016/nov/14/all-the-president-elects-men-donald-trump-nigel-farage-photo,,,2026-07-22T21:09:15+00:00,URL-73cbb42e6427,1,af253477cea597d3,unique_url,,url-canon-v1.0-2026-07-27
NEWS-guardian_api-73e3f30ddd08,https://www.theguardian.com/healthcare-network/2012/dec/07/today-in-healthcare-7-december,https://www.theguardian.com/healthcare-network/2012/dec/07/today-in-healthcare-7-december,,,2026-07-22T21:09:02+00:00,URL-73e3f30ddd08,1,fbc2a9e81cf8be01,unique_url,,url-canon-v1.0-2026-07-27
NEWS-guardian_api-73e81f6f1558,https://www.theguardian.com/business/2012/nov/13/eurozone-crisis-greece-time-bailoiut-funds,https://www.theguardian.com/business/2012/nov/13/eurozone-crisis-greece-time-bailoiut-funds,,,2026-07-22T21:08:38+00:00,URL-73e81f6f1558,1,d41c45632bcaca1d,unique_url,,url-canon-v1.0-2026-07-27
NEWS-guardian_api-7435374144a7,https://www.theguardian.com/commentisfree/2012/nov/20/energy-bills-the-government-gets-warmer,https://www.theguardian.com/commentisfree/2012/nov/20/energy-bills-the-government-gets-warmer,,,2026-07-22T21:08:38+00:00,URL-7435374144a7,1,16284cab50540480,unique_url,,url-canon-v1.0-2026-07-27
NEWS-guardian_api-743aa7ad9b8b,https://www.theguardian.com/uk-news/2026/feb/09/reform-worcestershire-council-tax-england-largest-rise,https://www.theguardian.com/uk-news/2026/feb/09/reform-worcestershire-council-tax-england-largest-rise,,,2026-07-22T21:08:10+00:00,URL-743aa7ad9b8b,1,6e39893981c5780c,unique_url,,url-canon-v1.0-2026-07-27
NEWS-guardian_api-744120222a52,https://www.theguardian.com/uk-news/2021/mar/04/tax-and-spending-experts-say-sunaks-budget-doesnt-add-up,https://www.theguardian.com/uk-news/2021/mar/04/tax-and-spending-experts-say-sunaks-budget-doesnt-add-up,,,2026-07-22T21:10:33+00:00,URL-744120222a52,1,67ec46034d63c98e,unique_url,,url-canon-v1.0-2026-07-27
NEWS-guardian_api-74667f2f65a1,https://www.theguardian.com/education/2016/nov/13/what-will-brexit-mean-for-british-universities,https://www.theguardian.com/education/2016/nov/13/what-will-brexit-mean-for-british-universities,,,2026-07-22T21:09:32+00:00,URL-74667f2f65a1,1,269999af9e5ffd6b,unique_url,,url-canon-v1.0-2026-07-27
NEWS-guardian_api-746a62416bce,https://www.theguardian.com/public-leaders-network/2013/feb/07/public-leaders-summit-bob-kerslake,https://www.theguardian.com/public-leaders-network/2013/feb/07/public-leaders-summit-bob-kerslake,,,2026-07-22T21:09:02+00:00,URL-746a62416bce,1,9d06301796fdf95b,unique_url,,url-canon-v1.0-2026-07-27
NEWS-guardian_api-746ea8af0532,https://www.theguardian.com/uk-news/2025/nov/08/uk-to-announce-plans-to-emulate-stringent-danish-immigration-system,https://www.theguardian.com/uk-news/2025/nov/08/uk-to-announce-plans-to-emulate-stringent-danish-immigration-system,,,2026-07-22T21:07:44+00:00,URL-746ea8af0532,1,8ee7cfded61b23bc,unique_url,,url-canon-v1.0-2026-07-27
NEWS-guardian_api-74bbc7c62cd4,https://www.theguardian.com/healthcare-network/2013/jan/15/today-in-healthcare-15-january,https://www.theguardian.com/healthcare-network/2013/jan/15/today-in-healthcare-15-january,,,2026-07-22T21:09:02+00:00,URL-74bbc7c62cd4,1,e5b0ccc4e334d65f,unique_url,,url-canon-v1.0-2026-07-27
NEWS-guardian_api-74ed5b2d65fc,https://www.theguardian.com/world/2020/nov/13/digested-week-covid-vaccine-and-cummings-exit-offer-hope-of-sorts,https://www.theguardian.com/world/2020/nov/13/digested-week-covid-vaccine-and-cummings-exit-offer-hope-of-sorts,,,2026-07-22T21:10:17+00:00,URL-74ed5b2d65fc,1,5ff6fd6c194f7a46,unique_url,,url-canon-v1.0-2026-07-27
NEWS-guardian_api-7500f66e845f,https://www.theguardian.com/public-leaders-network/2012/nov/20/home-oxygen-service-nhs-patients,https://www.theguardian.com/public-leaders-network/2012/nov/20/home-oxygen-service-nhs-patients,,,2026-07-22T21:09:02+00:00,URL-7500f66e845f,1,5dcd8a5f13470432,unique_url,,url-canon-v1.0-2026-07-27
NEWS-guardian_api-7553c7a871b6,https://www.theguardian.com/politics/live/2021/mar/08/uk-covid-live-news-minister-defends-pupil-isolation-after-rapid-test-results-as-schools-return-in-england,https://www.theguardian.com/politics/live/2021/mar/08/uk-covid-live-news-minister-defends-pupil-isolation-after-rapid-test-results-as-schools-return-in-england,,,2026-07-22T21:10:33+00:00,URL-7553c7a871b6,1,4ef808d56a052fda,unique_url,,url-canon-v1.0-2026-07-27
NEWS-guardian_api-755893ae1e20,https://www.theguardian.com/society/2012/dec/03/nhs-budget-two-tier-thinktank,https://www.theguardian.com/society/2012/dec/03/nhs-budget-two-tier-thinktank,,,2026-07-22T21:09:02+00:00,URL-755893ae1e20,1,e0ca02bd21e5214c,unique_url,,url-canon-v1.0-2026-07-27
NEWS-guardian_api-7571845e9649,https://www.theguardian.com/uk/2012/nov/03/boris-johnson-airport-plans,https://www.theguardian.com/uk/2012/nov/03/boris-johnson-airport-plans,,,2026-07-22T21:08:51+00:00,URL-7571845e9649,1,b231c738afbf54a3,unique_url,,url-canon-v1.0-2026-07-27
NEWS-guardian_api-75d0407e7570,https://www.theguardian.com/society/2016/nov/08/lowell-goddard-home-office-failed-to-defend-me-over-racism-claims,https://www.theguardian.com/society/2016/nov/08/lowell-goddard-home-office-failed-to-defend-me-over-racism-claims,,,2026-07-22T21:09:32+00:00,URL-75d0407e7570,1,f6394e8faedb8378,unique_url,,url-canon-v1.0-2026-07-27
NEWS-guardian_api-75f01eefc68b,https://www.theguardian.com/uk/2012/nov/12/birmingham-council-equal-pay,https://www.theguardian.com/uk/2012/nov/12/birmingham-council-equal-pay,,,2026-07-22T21:08:55+00:00,URL-75f01eefc68b,1,4d3b196b623c43ee,unique_url,,url-canon-v1.0-2026-07-27
NEWS-guardian_api-768104c2cc58,https://www.theguardian.com/books/2016/nov/05/leading-authors-join-protest-march-against-cuts-to-cultural-services,https://www.theguardian.com/books/2016/nov/05/leading-authors-join-protest-march-against-cuts-to-cultural-services,,,2026-07-22T21:09:39+00:00,URL-768104c2cc58,1,c5e7d80ab9f399e9,unique_url,,url-canon-v1.0-2026-07-27
NEWS-guardian_api-76f5aed1e89e,https://www.theguardian.com/local-government-network/2012/nov/15/social-value-commissioning-best-practice,https://www.theguardian.com/local-government-network/2012/nov/15/social-value-commissioning-best-practice,,,2026-07-22T21:09:02+00:00,URL-76f5aed1e89e,1,f277990ea961ee38,unique_url,,url-canon-v1.0-2026-07-27
NEWS-guardian_api-775f95b2aee7,https://www.theguardian.com/world/2025/nov/11/tuesday-briefing-what-the-bbcs-new-crisis-reveals-about-its-failures-and-future,https://www.theguardian.com/world/2025/nov/11/tuesday-briefing-what-the-bbcs-new-crisis-reveals-about-its-failures-and-future,,,2026-07-22T21:07:44+00:00,URL-775f95b2aee7,1,dafec73e65a3cdd8,unique_url,,url-canon-v1.0-2026-07-27
NEWS-guardian_api-77fac87581da,https://www.theguardian.com/business/2016/nov/16/employment-brexit-vote-claimant-count,https://www.theguardian.com/business/2016/nov/16/employment-brexit-vote-claimant-count,,,2026-07-22T21:09:22+00:00,URL-77fac87581da,1,d4f1730aa1c37c1c,unique_url,,url-canon-v1.0-2026-07-27
NEWS-guardian_api-7855e3fa4f40,https://www.theguardian.com/politics/2012/dec/25/britain-end-of-year-olympic-verdict,https://www.theguardian.com/politics/2012/dec/25/britain-end-of-year-olympic-verdict,,,2026-07-22T21:08:34+00:00,URL-7855e3fa4f40,1,665a0cd3d41da91c,unique_url,,url-canon-v1.0-2026-07-27
NEWS-guardian_api-786f21b78646,https://www.theguardian.com/commentisfree/2021/jan/06/rishi-sunak-britain-economy-families-businesses,https://www.theguardian.com/commentisfree/2021/jan/06/rishi-sunak-britain-economy-families-businesses,,,2026-07-22T21:10:32+00:00,URL-786f21b78646,1,eecc548f055fc336,unique_url,,url-canon-v1.0-2026-07-27
NEWS-guardian_api-787f2c32a217,https://www.theguardian.com/politics/2016/nov/28/paul-nuttall-elected-as-ukip-leader,https://www.theguardian.com/politics/2016/nov/28/paul-nuttall-elected-as-ukip-leader,,,2026-07-22T21:09:19+00:00,URL-787f2c32a217,1,209a07f8c13b71bb,unique_url,,url-canon-v1.0-2026-07-27
NEWS-guardian_api-78a80ce36fb8,https://www.theguardian.com/healthcare-network/2016/dec/14/bridging-the-divide-how-can-the-nhs-get-collaboration-right,https://www.theguardian.com/healthcare-network/2016/dec/14/bridging-the-divide-how-can-the-nhs-get-collaboration-right,,,2026-07-22T21:09:47+00:00,URL-78a80ce36fb8,1,7e45e94e2b4c13c7,unique_url,,url-canon-v1.0-2026-07-27
NEWS-guardian_api-78c1b7d75cf3,https://www.theguardian.com/politics/2013/feb/20/remove-the-gag-on-whistleblowers,https://www.theguardian.com/politics/2013/feb/20/remove-the-gag-on-whistleblowers,,,2026-07-22T21:09:02+00:00,URL-78c1b7d75cf3,1,dac7cf9cb9a0378f,unique_url,,url-canon-v1.0-2026-07-27
NEWS-guardian_api-791575c1c5f9,https://www.theguardian.com/commentisfree/2016/dec/30/progressive-alliance-labour-tories,https://www.theguardian.com/commentisfree/2016/dec/30/progressive-alliance-labour-tories,,,2026-07-22T21:09:19+00:00,URL-791575c1c5f9,1,aaab495cac3bed15,unique_url,,url-canon-v1.0-2026-07-27
NEWS-guardian_api-79344a4f3603,https://www.theguardian.com/commentisfree/2012/nov/07/nadine-dorries-celebrity-mp,https://www.theguardian.com/commentisfree/2012/nov/07/nadine-dorries-celebrity-mp,,,2026-07-22T21:08:30+00:00,URL-79344a4f3603,1,d668edaffaf8673b,unique_url,,url-canon-v1.0-2026-07-27
NEWS-guardian_api-797167399f12,https://www.theguardian.com/business/2012/dec/18/uk-economic-woes-three-numbers,https://www.theguardian.com/business/2012/dec/18/uk-economic-woes-three-numbers,,,2026-07-22T21:08:38+00:00,URL-797167399f12,1,af0a80d1e3a2d424,unique_url,,url-canon-v1.0-2026-07-27
NEWS-guardian_api-79746de7f7ee,https://www.theguardian.com/politics/2016/nov/14/theresa-may-is-nuts-not-to-use-nigel-farages-hotline-to-the-white-house,https://www.theguardian.com/politics/2016/nov/14/theresa-may-is-nuts-not-to-use-nigel-farages-hotline-to-the-white-house,,,2026-07-22T21:09:15+00:00,URL-79746de7f7ee,1,92408fcad02d3c95,unique_url,,url-canon-v1.0-2026-07-27
NEWS-guardian_api-798e3f4ed3de,https://www.theguardian.com/politics/2021/jan/02/logjams-british-borders-lorry-drivers-kent-brexit-rules,https://www.theguardian.com/politics/2021/jan/02/logjams-british-borders-lorry-drivers-kent-brexit-rules,,,2026-07-22T21:09:58+00:00,URL-798e3f4ed3de,1,7e2a53ab363d0776,unique_url,,url-canon-v1.0-2026-07-27
NEWS-guardian_api-79aabe52ce20,https://www.theguardian.com/public-leaders-network/2016/dec/28/reasons-for-public-services-to-be-cheerful-in-2017,https://www.theguardian.com/public-leaders-network/2016/dec/28/reasons-for-public-services-to-be-cheerful-in-2017,,,2026-07-22T21:09:47+00:00,URL-79aabe52ce20,1,59fe980c6141a1a3,unique_url,,url-canon-v1.0-2026-07-27
NEWS-guardian_api-79d42a4c95fb,https://www.theguardian.com/world/live/2021/feb/04/coronavirus-live-news-canada-has-secured-nearly-10-vaccine-doses-per-person-us-deaths-pass-450000,https://www.theguardian.com/world/live/2021/feb/04/coronavirus-live-news-canada-has-secured-nearly-10-vaccine-doses-per-person-us-deaths-pass-450000,,,2026-07-22T21:10:32+00:00,URL-79d42a4c95fb,1,16d66d5a601bea53,unique_url,,url-canon-v1.0-2026-07-27
NEWS-guardian_api-79e4454dcd61,https://www.theguardian.com/politics/blog/2012/nov/05/boris-johnson-miliband-living-wage-live,https://www.theguardian.com/politics/blog/2012/nov/05/boris-johnson-miliband-living-wage-live,,,2026-07-22T21:08:47+00:00,URL-79e4454dcd61,1,7f44ab77eae6a505,unique_url,,url-canon-v1.0-2026-07-27
NEWS-guardian_api-7a40e6d634a4,https://www.theguardian.com/politics/live/2020/nov/09/coronavirus-covid-uk-live-news-updates-keir-starmer-boris-johnson,https://www.theguardian.com/politics/live/2020/nov/09/coronavirus-covid-uk-live-news-updates-keir-starmer-boris-johnson,,,2026-07-22T21:10:17+00:00,URL-7a40e6d634a4,1,5af6c19c5e8e0387,unique_url,,url-canon-v1.0-2026-07-27
NEWS-guardian_api-7aad34d8017e,https://www.theguardian.com/uk-news/2020/nov/10/wales-government-no-gcse-a-levels-exams-next-summer,https://www.theguardian.com/uk-news/2020/nov/10/wales-government-no-gcse-a-levels-exams-next-summer,,,2026-07-22T21:10:17+00:00,URL-7aad34d8017e,1,d16730183fa34715,unique_url,,url-canon-v1.0-2026-07-27
NEWS-guardian_api-7ac5be3b79ce,https://www.theguardian.com/uk/davehillblog/2013/jan/29/who-loves-london-and-who-doesn-t,https://www.theguardian.com/uk/davehillblog/2013/jan/29/who-loves-london-and-who-doesn-t,,,2026-07-22T21:08:38+00:00,URL-7ac5be3b79ce,1,65e1e62e384a278b,unique_url,,url-canon-v1.0-2026-07-27
NEWS-guardian_api-7ac64738f70c,https://www.theguardian.com/politics/2013/jan/23/tories-cameron-speech-europe-problem,https://www.theguardian.com/politics/2013/jan/23/tories-cameron-speech-europe-problem,,,2026-07-22T21:08:34+00:00,URL-7ac64738f70c,1,d5029bce54f0b09b,unique_url,,url-canon-v1.0-2026-07-27
NEWS-guardian_api-7ac7e566cbf6,https://www.theguardian.com/society/2025/nov/11/david-lammy-says-91-prisoners-freed-in-error-in-england-and-wales-since-april,https://www.theguardian.com/society/2025/nov/11/david-lammy-says-91-prisoners-freed-in-error-in-england-and-wales-since-april,,,2026-07-22T21:08:02+00:00,URL-7ac7e566cbf6,1,1a34e09f5fbdb51d,unique_url,,url-canon-v1.0-2026-07-27
NEWS-guardian_api-7ae473813b7a,https://www.theguardian.com/uk/blog/2012/dec/05/autumn-statement-2012-george-osborne,https://www.theguardian.com/uk/blog/2012/dec/05/autumn-statement-2012-george-osborne,,,2026-07-22T21:08:34+00:00,URL-7ae473813b7a,1,8d6de2e04f7e013e,unique_url,,url-canon-v1.0-2026-07-27
NEWS-guardian_api-7b33009ac742,https://www.theguardian.com/politics/2021/jan/17/revealed-tory-mps-and-commentators-who-joined-banned-app-parler,https://www.theguardian.com/politics/2021/jan/17/revealed-tory-mps-and-commentators-who-joined-banned-app-parler,,,2026-07-22T21:10:03+00:00,URL-7b33009ac742,1,461884c39528f20e,unique_url,,url-canon-v1.0-2026-07-27
NEWS-guardian_api-7b8655fb30a1,https://www.theguardian.com/uk-news/2025/dec/29/number-people-britons-must-be-born-in-uk-rising-study,https://www.theguardian.com/uk-news/2025/dec/29/number-people-britons-must-be-born-in-uk-rising-study,,,2026-07-22T21:08:18+00:00,URL-7b8655fb30a1,1,fd7307428a07dee5,unique_url,,url-canon-v1.0-2026-07-27
NEWS-guardian_api-7bb82af70286,https://www.theguardian.com/society/2025/dec/08/local-authorities-england-and-wales-warn-finances-breaking-point,https://www.theguardian.com/society/2025/dec/08/local-authorities-england-and-wales-warn-finances-breaking-point,,,2026-07-22T21:08:10+00:00,URL-7bb82af70286,1,c2e506a536e1cfa7,unique_url,,url-canon-v1.0-2026-07-27
NEWS-guardian_api-7bcdc36e04eb,https://www.theguardian.com/commentisfree/2021/jan/16/scotland-needs-unity-not-division-and-that-is-why-i-want-to-lead-scottish-labour,https://www.theguardian.com/commentisfree/2021/jan/16/scotland-needs-unity-not-division-and-that-is-why-i-want-to-lead-scottish-labour,,,2026-07-22T21:10:32+00:00,URL-7bcdc36e04eb,1,8a20d32ef7f6950d,unique_url,,url-canon-v1.0-2026-07-27
NEWS-guardian_api-7bcfe62e18d6,https://www.theguardian.com/healthcare-network/2012/nov/05/secure-trust-electronic-patient-records,https://www.theguardian.com/healthcare-network/2012/nov/05/secure-trust-electronic-patient-records,,,2026-07-22T21:08:58+00:00,URL-7bcfe62e18d6,1,1b4701d90d73051c,unique_url,,url-canon-v1.0-2026-07-27
NEWS-guardian_api-7c0365f0da3a,https://www.theguardian.com/society/2025/nov/09/milburn-review-mental-health-disability-youth-unemployment,https://www.theguardian.com/society/2025/nov/09/milburn-review-mental-health-disability-youth-unemployment,,,2026-07-22T21:08:06+00:00,URL-7c0365f0da3a,1,282aca0996514f49,unique_url,,url-canon-v1.0-2026-07-27
NEWS-guardian_api-7c28a7c2c3a2,https://www.theguardian.com/world/2020/nov/13/covid-test-for-mass-uk-screening-could-miss-up-to-half-of-cases-say-scientists,https://www.theguardian.com/world/2020/nov/13/covid-test-for-mass-uk-screening-could-miss-up-to-half-of-cases-say-scientists,,,2026-07-22T21:10:17+00:00,URL-7c28a7c2c3a2,1,17e5d0870f6c3dd1,unique_url,,url-canon-v1.0-2026-07-27
NEWS-guardian_api-7ccc5fc9089b,https://www.theguardian.com/commentisfree/2012/dec/07/britain-real-shirkers-scroungers,https://www.theguardian.com/commentisfree/2012/dec/07/britain-real-shirkers-scroungers,,,2026-07-22T21:08:38+00:00,URL-7ccc5fc9089b,1,550d1ed9ba62e0d1,unique_url,,url-canon-v1.0-2026-07-27
NEWS-guardian_api-7cf057334d25,https://www.theguardian.com/world/2021/jan/18/when-how-will-i-get-covid-vaccine-uk,https://www.theguardian.com/world/2021/jan/18/when-how-will-i-get-covid-vaccine-uk,,,2026-07-22T21:10:32+00:00,URL-7cf057334d25,1,c733dacd08f1e1d7,unique_url,,url-canon-v1.0-2026-07-27
NEWS-guardian_api-7d2c78a960b8,https://www.theguardian.com/society/2012/nov/18/families-rising-food-prices-budgets,https://www.theguardian.com/society/2012/nov/18/families-rising-food-prices-budgets,,,2026-07-22T21:08:38+00:00,URL-7d2c78a960b8,1,52e7200a66f7441d,unique_url,,url-canon-v1.0-2026-07-27
NEWS-guardian_api-7d33c1754124,https://www.theguardian.com/politics/2012/nov/30/nigel-farage-ukip-third-party,https://www.theguardian.com/politics/2012/nov/30/nigel-farage-ukip-third-party,,,2026-07-22T21:08:31+00:00,URL-7d33c1754124,1,59253a9ef2b8ec2a,unique_url,,url-canon-v1.0-2026-07-27
NEWS-guardian_api-7d463b309a54,https://www.theguardian.com/public-leaders-network/2012/dec/06/digital-default-strategy-government-culture-change,https://www.theguardian.com/public-leaders-network/2012/dec/06/digital-default-strategy-government-culture-change,,,2026-07-22T21:09:02+00:00,URL-7d463b309a54,1,44d8d4a416aa734c,unique_url,,url-canon-v1.0-2026-07-27
NEWS-guardian_api-7dd3f7d510fc,https://www.theguardian.com/world/2021/jan/03/generation-z-and-the-covid-pandemic-im-100-more-politicised,https://www.theguardian.com/world/2021/jan/03/generation-z-and-the-covid-pandemic-im-100-more-politicised,,,2026-07-22T21:10:32+00:00,URL-7dd3f7d510fc,1,8501a5e88ecfbe57,unique_url,,url-canon-v1.0-2026-07-27
NEWS-guardian_api-7de4908ee828,https://www.theguardian.com/society/2012/nov/26/rotherham-council-leader-ukip-fostering,https://www.theguardian.com/society/2012/nov/26/rotherham-council-leader-ukip-fostering,,,2026-07-22T21:08:31+00:00,URL-7de4908ee828,1,6c1a44f4bec03c57,unique_url,,url-canon-v1.0-2026-07-27
NEWS-guardian_api-7e1ec6b6e691,https://www.theguardian.com/culture/2016/nov/30/art-world-protest-fate-of-new-art-gallery-walsall-grayson-perry-letter-closure,https://www.theguardian.com/culture/2016/nov/30/art-world-protest-fate-of-new-art-gallery-walsall-grayson-perry-letter-closure,,,2026-07-22T21:09:39+00:00,URL-7e1ec6b6e691,1,765e8b7f50432495,unique_url,,url-canon-v1.0-2026-07-27
NEWS-guardian_api-7e2b1b7c4f92,https://www.theguardian.com/commentisfree/2026/feb/12/britain-care-system-promotes-modern-slavery-reform,https://www.theguardian.com/commentisfree/2026/feb/12/britain-care-system-promotes-modern-slavery-reform,,,2026-07-22T21:08:18+00:00,URL-7e2b1b7c4f92,1,8cfb36b3d291eabe,unique_url,,url-canon-v1.0-2026-07-27
NEWS-guardian_api-7e4d5606ab94,https://www.theguardian.com/politics/2016/dec/17/theresa-may-urged-to-act-on-eu-migrant-rights,https://www.theguardian.com/politics/2016/dec/17/theresa-may-urged-to-act-on-eu-migrant-rights,,,2026-07-22T21:09:47+00:00,URL-7e4d5606ab94,1,d748c4fd8e6214f1,unique_url,,url-canon-v1.0-2026-07-27
NEWS-guardian_api-7e566405b881,https://www.theguardian.com/uk-news/2017/mar/09/late-2018-could-be-best-time-for-new-scottish-referendum-says-sturgeon,https://www.theguardian.com/uk-news/2017/mar/09/late-2018-could-be-best-time-for-new-scottish-referendum-says-sturgeon,,,2026-07-22T21:09:52+00:00,URL-7e566405b881,1,bf30a71e2571f16a,unique_url,,url-canon-v1.0-2026-07-27
NEWS-guardian_api-7eaafe7bc86f,https://www.theguardian.com/politics/live/2025/nov/21/uk-politics-latest-news-labour-conservatives-keir-starmer-g20,https://www.theguardian.com/politics/live/2025/nov/21/uk-politics-latest-news-labour-conservatives-keir-starmer-g20,,,2026-07-22T21:07:45+00:00,URL-7eaafe7bc86f,1,02c12c29696fba54,unique_url,,url-canon-v1.0-2026-07-27
NEWS-guardian_api-7f680997cc49,https://www.theguardian.com/politics/2013/feb/14/hugh-muir-diary-hurley-epsom,https://www.theguardian.com/politics/2013/feb/14/hugh-muir-diary-hurley-epsom,,,2026-07-22T21:08:42+00:00,URL-7f680997cc49,1,8458f08ceffe80c8,unique_url,,url-canon-v1.0-2026-07-27
NEWS-guardian_api-7f7006410a6b,https://www.theguardian.com/commentisfree/2012/dec/08/benefit-cuts-condemned-by-church-charity,https://www.theguardian.com/commentisfree/2012/dec/08/benefit-cuts-condemned-by-church-charity,,,2026-07-22T21:09:02+00:00,URL-7f7006410a6b,1,7d68b120e4cfecb8,unique_url,,url-canon-v1.0-2026-07-27
NEWS-guardian_api-7f72cc0500f8,https://www.theguardian.com/commentisfree/2016/nov/13/the-guardian-view-on-social-care-higher-taxes-or-worse-services,https://www.theguardian.com/commentisfree/2016/nov/13/the-guardian-view-on-social-care-higher-taxes-or-worse-services,,,2026-07-22T21:09:39+00:00,URL-7f72cc0500f8,1,ba13079039437567,unique_url,,url-canon-v1.0-2026-07-27
NEWS-guardian_api-7fddfc2533b9,https://www.theguardian.com/society/2012/nov/06/johann-lamont-facing-scotland-choice,https://www.theguardian.com/society/2012/nov/06/johann-lamont-facing-scotland-choice,,,2026-07-22T21:08:55+00:00,URL-7fddfc2533b9,1,22450c35eff711bb,unique_url,,url-canon-v1.0-2026-07-27
NEWS-guardian_api-8005f5820d69,https://www.theguardian.com/politics/blog/2013/mar/20/budget-2013-live-blog-osborne,https://www.theguardian.com/politics/blog/2013/mar/20/budget-2013-live-blog-osborne,,,2026-07-22T21:09:07+00:00,URL-8005f5820d69,1,7cf4936a6a02b7ed,unique_url,,url-canon-v1.0-2026-07-27
NEWS-guardian_api-801fab331e9d,https://www.theguardian.com/uk-news/live/2025/nov/26/budget-2025-rachel-reeves-tax-cash-isa-minimum-wage-latest-news-updates,https://www.theguardian.com/uk-news/live/2025/nov/26/budget-2025-rachel-reeves-tax-cash-isa-minimum-wage-latest-news-updates,,,2026-07-22T21:07:48+00:00,URL-801fab331e9d,1,15de12a1d7a346e8,unique_url,,url-canon-v1.0-2026-07-27
NEWS-guardian_api-805bdc5aab3a,https://www.theguardian.com/politics/blog/live/2017/feb/21/paul-nuttall-takes-party-in-stoke-byelection-hustings-after-ukip-resignations-politics-live,https://www.theguardian.com/politics/blog/live/2017/feb/21/paul-nuttall-takes-party-in-stoke-byelection-hustings-after-ukip-resignations-politics-live,,,2026-07-22T21:09:52+00:00,URL-805bdc5aab3a,1,94f946def72ab5e5,unique_url,,url-canon-v1.0-2026-07-27
NEWS-guardian_api-809ad76e4d3b,https://www.theguardian.com/politics/live/2026/feb/13/keir-starmer-cabinet-secretary-chris-wormald-labour-badenoch-conservatives-uk-latest-news-updates,https://www.theguardian.com/politics/live/2026/feb/13/keir-starmer-cabinet-secretary-chris-wormald-labour-badenoch-conservatives-uk-latest-news-updates,,,2026-07-22T21:08:18+00:00,URL-809ad76e4d3b,1,3546653f29903eca,unique_url,,url-canon-v1.0-2026-07-27
NEWS-guardian_api-80b0c42503eb,https://www.theguardian.com/society/2020/nov/07/care-homes-they-dont-put-loneliness-on-death-certificates-but-it-is-a-killer,https://www.theguardian.com/society/2020/nov/07/care-homes-they-dont-put-loneliness-on-death-certificates-but-it-is-a-killer,,,2026-07-22T21:10:20+00:00,URL-80b0c42503eb,1,f3fe5905901afb15,unique_url,,url-canon-v1.0-2026-07-27
NEWS-guardian_api-80d5450b1426,https://www.theguardian.com/sport/2017/feb/08/jockey-club-sandown-racing-news-tips,https://www.theguardian.com/sport/2017/feb/08/jockey-club-sandown-racing-news-tips,,,2026-07-22T21:09:26+00:00,URL-80d5450b1426,1,1f7658efeb69f50d,unique_url,,url-canon-v1.0-2026-07-27
NEWS-guardian_api-80e2397c5b60,https://www.theguardian.com/local-government-network/2012/nov/09/richard-vize-local-economic-growth,https://www.theguardian.com/local-government-network/2012/nov/09/richard-vize-local-economic-growth,,,2026-07-22T21:08:55+00:00,URL-80e2397c5b60,1,ad341b8a4c14f7db,unique_url,,url-canon-v1.0-2026-07-27
NEWS-guardian_api-80edbe762b90,https://www.theguardian.com/politics/live/2025/nov/28/workers-rights-bill-unfair-dismissal-uk-politics-latest-news-updates-labour-budget-keir-starmer,https://www.theguardian.com/politics/live/2025/nov/28/workers-rights-bill-unfair-dismissal-uk-politics-latest-news-updates-labour-budget-keir-starmer,,,2026-07-22T21:07:48+00:00,URL-80edbe762b90,1,4b99a10fb7c29770,unique_url,,url-canon-v1.0-2026-07-27
NEWS-guardian_api-80f4d08f259e,https://www.theguardian.com/society/2012/dec/19/when-privitisation-gp-practices-wrong,https://www.theguardian.com/society/2012/dec/19/when-privitisation-gp-practices-wrong,,,2026-07-22T21:08:42+00:00,URL-80f4d08f259e,1,3ce2357f543a31ee,unique_url,,url-canon-v1.0-2026-07-27
NEWS-guardian_api-812a25fc4636,https://www.theguardian.com/local-government-network/2012/nov/27/town-team-special-advisors-common-problems,https://www.theguardian.com/local-government-network/2012/nov/27/town-team-special-advisors-common-problems,,,2026-07-22T21:08:55+00:00,URL-812a25fc4636,1,e87c1ec101e63b65,unique_url,,url-canon-v1.0-2026-07-27
NEWS-guardian_api-814b88f00908,https://www.theguardian.com/commentisfree/2013/jan/28/liberal-democrat-vote-boundary-reform,https://www.theguardian.com/commentisfree/2013/jan/28/liberal-democrat-vote-boundary-reform,,,2026-07-22T21:08:38+00:00,URL-814b88f00908,1,bf6fabd67d17fc05,unique_url,,url-canon-v1.0-2026-07-27
NEWS-guardian_api-815206f48d16,https://www.theguardian.com/uk-news/2025/nov/27/leaders-hope-budget-funding-will-boost-labour-in-next-years-scotland-and-wales-elections,https://www.theguardian.com/uk-news/2025/nov/27/leaders-hope-budget-funding-will-boost-labour-in-next-years-scotland-and-wales-elections,,,2026-07-22T21:07:48+00:00,URL-815206f48d16,1,79d992c13fecc60b,unique_url,,url-canon-v1.0-2026-07-27
NEWS-guardian_api-815b302017a0,https://www.theguardian.com/society/2026/feb/16/government-cancels-plan-to-delay-local-council-elections-in-england,https://www.theguardian.com/society/2026/feb/16/government-cancels-plan-to-delay-local-council-elections-in-england,,,2026-07-22T21:08:10+00:00,URL-815b302017a0,1,d664ed75c3f883b2,unique_url,,url-canon-v1.0-2026-07-27
NEWS-guardian_api-816f71092d34,https://www.theguardian.com/politics/2016/dec/16/the-brexit-fallout-for-eu-citizens-in-the-uk-and-brits-in-the-eu-qa,https://www.theguardian.com/politics/2016/dec/16/the-brexit-fallout-for-eu-citizens-in-the-uk-and-brits-in-the-eu-qa,,,2026-07-22T21:09:47+00:00,URL-816f71092d34,1,8c23d7e16de3a35e,unique_url,,url-canon-v1.0-2026-07-27
NEWS-guardian_api-8180a0acaa84,https://www.theguardian.com/commentisfree/2020/nov/09/inheritance-work-middle-class-home-ownership-cost-of-housing-wages,https://www.theguardian.com/commentisfree/2020/nov/09/inheritance-work-middle-class-home-ownership-cost-of-housing-wages,,,2026-07-22T21:10:28+00:00,URL-8180a0acaa84,1,94c64420b270dcac,unique_url,,url-canon-v1.0-2026-07-27
NEWS-guardian_api-81a5f7d1d764,https://www.theguardian.com/politics/2016/dec/23/nigel-farage-says-ukips-only-mp-douglas-carswell-clacton-should-not-be-in-party,https://www.theguardian.com/politics/2016/dec/23/nigel-farage-says-ukips-only-mp-douglas-carswell-clacton-should-not-be-in-party,,,2026-07-22T21:09:19+00:00,URL-81a5f7d1d764,1,c70f028c47d79b46,unique_url,,url-canon-v1.0-2026-07-27
NEWS-guardian_api-81c52a2cdcb8,https://www.theguardian.com/technology/2026/mar/23/mps-urge-uk-government-halt-palantir-contract-fca,https://www.theguardian.com/technology/2026/mar/23/mps-urge-uk-government-halt-palantir-contract-fca,,,2026-07-22T21:08:18+00:00,URL-81c52a2cdcb8,1,e8f9e4be48a14657,unique_url,,url-canon-v1.0-2026-07-27
NEWS-guardian_api-81ec4f63466d,https://www.theguardian.com/society/2016/dec/10/care-for-elderly-crisis-how-to-improve-quality-of-life,https://www.theguardian.com/society/2016/dec/10/care-for-elderly-crisis-how-to-improve-quality-of-life,,,2026-07-22T21:09:26+00:00,URL-81ec4f63466d,1,e54e555b68b3fd3f,unique_url,,url-canon-v1.0-2026-07-27
NEWS-guardian_api-820c71d7223e,https://www.theguardian.com/public-leaders-network/2017/feb/08/power-regions-more-devolution-cities-brexit,https://www.theguardian.com/public-leaders-network/2017/feb/08/power-regions-more-devolution-cities-brexit,,,2026-07-22T21:09:47+00:00,URL-820c71d7223e,1,9fbc9b175d2b500b,unique_url,,url-canon-v1.0-2026-07-27
NEWS-guardian_api-8213ba591593,https://www.theguardian.com/world/2025/nov/20/thursday-briefing-what-fresh-claims-of-racism-and-antisemitism-at-school-mean-for-nigel-farage,https://www.theguardian.com/world/2025/nov/20/thursday-briefing-what-fresh-claims-of-racism-and-antisemitism-at-school-mean-for-nigel-farage,,,2026-07-22T21:07:44+00:00,URL-8213ba591593,1,843f205254780774,unique_url,,url-canon-v1.0-2026-07-27
NEWS-guardian_api-825d02c7b058,https://www.theguardian.com/politics/2026/jan/22/local-elections-to-be-delayed-in-29-areas-in-england-as-part-of-shake-up-of-councils,https://www.theguardian.com/politics/2026/jan/22/local-elections-to-be-delayed-in-29-areas-in-england-as-part-of-shake-up-of-councils,,,2026-07-22T21:07:54+00:00,URL-825d02c7b058,1,6b3363c1981ef81c,unique_url,,url-canon-v1.0-2026-07-27
NEWS-guardian_api-826254789616,https://www.theguardian.com/society/2012/dec/09/generation-rent-locked-out-home-ownership,https://www.theguardian.com/society/2012/dec/09/generation-rent-locked-out-home-ownership,,,2026-07-22T21:08:38+00:00,URL-826254789616,1,b8672dd983250e55,unique_url,,url-canon-v1.0-2026-07-27
NEWS-guardian_api-82904b71d181,https://www.theguardian.com/environment/2020/nov/10/natural-england-cut-to-the-bone-and-unable-to-protect-wildlife-staff-claim-aoe,https://www.theguardian.com/environment/2020/nov/10/natural-england-cut-to-the-bone-and-unable-to-protect-wildlife-staff-claim-aoe,,,2026-07-22T21:10:17+00:00,URL-82904b71d181,1,a87dfe7de69d11d5,unique_url,,url-canon-v1.0-2026-07-27
NEWS-guardian_api-832ecffdc3ab,https://www.theguardian.com/society/2016/nov/06/equal-pay-gender-gap-britain-women-earnings-men,https://www.theguardian.com/society/2016/nov/06/equal-pay-gender-gap-britain-women-earnings-men,,,2026-07-22T21:09:36+00:00,URL-832ecffdc3ab,1,50ca15bc81d50c59,unique_url,,url-canon-v1.0-2026-07-27
NEWS-guardian_api-8333180e7923,https://www.theguardian.com/politics/2016/nov/18/anna-soubry-interview,https://www.theguardian.com/politics/2016/nov/18/anna-soubry-interview,,,2026-07-22T21:09:15+00:00,URL-8333180e7923,1,16122ce4b372dcf7,unique_url,,url-canon-v1.0-2026-07-27
NEWS-guardian_api-833def95e09c,https://www.theguardian.com/uk/2012/nov/15/police-and-crime-commissioner-election-sketch,https://www.theguardian.com/uk/2012/nov/15/police-and-crime-commissioner-election-sketch,,,2026-07-22T21:08:30+00:00,URL-833def95e09c,1,effbea68c758fc59,unique_url,,url-canon-v1.0-2026-07-27
NEWS-guardian_api-834a06667985,https://www.theguardian.com/business/2020/nov/08/gdp-is-still-looking-lean-despite-or-because-of-augusts-discount-dinners,https://www.theguardian.com/business/2020/nov/08/gdp-is-still-looking-lean-despite-or-because-of-augusts-discount-dinners,,,2026-07-22T21:10:20+00:00,URL-834a06667985,1,1123efb5dd5ced79,unique_url,,url-canon-v1.0-2026-07-27
NEWS-guardian_api-836ab1f7bd05,https://www.theguardian.com/politics/blog/2013/jan/07/cameron-clegg-coalition-review-live-blog,https://www.theguardian.com/politics/blog/2013/jan/07/cameron-clegg-coalition-review-live-blog,,,2026-07-22T21:08:34+00:00,URL-836ab1f7bd05,1,9740a9027ddf1abc,unique_url,,url-canon-v1.0-2026-07-27
NEWS-guardian_api-8378fadc540d,https://www.theguardian.com/politics/live/2025/dec/17/uk-politics-live-eu-erasmus-scheme-labour-conservatives-doctors-strike-wes-streeting-latest-news-updates,https://www.theguardian.com/politics/live/2025/dec/17/uk-politics-live-eu-erasmus-scheme-labour-conservatives-doctors-strike-wes-streeting-latest-news-updates,,,2026-07-22T21:08:10+00:00,URL-8378fadc540d,1,3264c0f578c6b289,unique_url,,url-canon-v1.0-2026-07-27
NEWS-guardian_api-83ef92c038ec,https://www.theguardian.com/politics/2025/nov/24/reform-uk-claim-savings-english-councils-fact-checked,https://www.theguardian.com/politics/2025/nov/24/reform-uk-claim-savings-english-councils-fact-checked,,,2026-07-22T21:07:45+00:00,URL-83ef92c038ec,1,1dc40d4aac56c161,unique_url,,url-canon-v1.0-2026-07-27
NEWS-guardian_api-840b36b35340,https://www.theguardian.com/politics/2016/nov/12/nigel-farage-arrives-in-new-york-to-meet-president-elect,https://www.theguardian.com/politics/2016/nov/12/nigel-farage-arrives-in-new-york-to-meet-president-elect,,,2026-07-22T21:09:15+00:00,URL-840b36b35340,1,63d314289dfd0f23,unique_url,,url-canon-v1.0-2026-07-27
NEWS-guardian_api-8450082906fd,https://www.theguardian.com/politics/2016/nov/06/michael-gove-brexit-committee-conference,https://www.theguardian.com/politics/2016/nov/06/michael-gove-brexit-committee-conference,,,2026-07-22T21:09:36+00:00,URL-8450082906fd,1,ac87c7a2d9cf4218,unique_url,,url-canon-v1.0-2026-07-27
NEWS-guardian_api-845cafda71ad,https://www.theguardian.com/politics/2016/nov/07/attorney-general-jeremy-wright-defends-judges-criticised-brexit-ruling,https://www.theguardian.com/politics/2016/nov/07/attorney-general-jeremy-wright-defends-judges-criticised-brexit-ruling,,,2026-07-22T21:09:15+00:00,URL-845cafda71ad,1,5833921f9cdb80fd,unique_url,,url-canon-v1.0-2026-07-27
NEWS-guardian_api-84a775d4ad10,https://www.theguardian.com/politics/2025/dec/11/reform-uk-accused-rash-promises-council-tax-cuts-warwickshire-chiefs,https://www.theguardian.com/politics/2025/dec/11/reform-uk-accused-rash-promises-council-tax-cuts-warwickshire-chiefs,,,2026-07-22T21:08:10+00:00,URL-84a775d4ad10,1,161e40cf8e900bf1,unique_url,,url-canon-v1.0-2026-07-27
NEWS-guardian_api-84d7fee97b43,https://www.theguardian.com/commentisfree/2021/jan/27/empty-nightingale-hospitals-government-healthcare-staff,https://www.theguardian.com/commentisfree/2021/jan/27/empty-nightingale-hospitals-government-healthcare-staff,,,2026-07-22T21:10:32+00:00,URL-84d7fee97b43,1,d6e6a06953029032,unique_url,,url-canon-v1.0-2026-07-27
NEWS-guardian_api-85443f19374b,https://www.theguardian.com/commentisfree/2012/nov/07/love-thinktanks-iain-duncan-smith-csj,https://www.theguardian.com/commentisfree/2012/nov/07/love-thinktanks-iain-duncan-smith-csj,,,2026-07-22T21:08:55+00:00,URL-85443f19374b,1,09005b8e4668596f,unique_url,,url-canon-v1.0-2026-07-27
NEWS-guardian_api-857b1aedd9a7,https://www.theguardian.com/politics/2016/nov/16/paddy-ashdown-urges-british-progressive-centre-to-unite,https://www.theguardian.com/politics/2016/nov/16/paddy-ashdown-urges-british-progressive-centre-to-unite,,,2026-07-22T21:09:15+00:00,URL-857b1aedd9a7,1,037a580594c7e955,unique_url,,url-canon-v1.0-2026-07-27
NEWS-guardian_api-85a3e1e1f416,https://www.theguardian.com/politics/2013/jan/04/hugh-muir-diary-nigel-farage-card,https://www.theguardian.com/politics/2013/jan/04/hugh-muir-diary-nigel-farage-card,,,2026-07-22T21:08:34+00:00,URL-85a3e1e1f416,1,94692319574a7a6b,unique_url,,url-canon-v1.0-2026-07-27
NEWS-guardian_api-85aa2166b08c,https://www.theguardian.com/uk-news/2026/mar/25/ex-tory-minister-crispin-blunt-pleads-guilty-possession-drugs,https://www.theguardian.com/uk-news/2026/mar/25/ex-tory-minister-crispin-blunt-pleads-guilty-possession-drugs,,,2026-07-22T21:07:58+00:00,URL-85aa2166b08c,1,3bfea408deb9a694,unique_url,,url-canon-v1.0-2026-07-27
NEWS-guardian_api-8605978f4fbe,https://www.theguardian.com/society/2017/jan/05/government-offers-7bn-affordable-homes-fund-housing-providers,https://www.theguardian.com/society/2017/jan/05/government-offers-7bn-affordable-homes-fund-housing-providers,,,2026-07-22T21:09:40+00:00,URL-8605978f4fbe,1,8e49b3a543db289c,unique_url,,url-canon-v1.0-2026-07-27
NEWS-guardian_api-861a72e5ab17,https://www.theguardian.com/business/2016/dec/14/uk-unemployment-rate-pay-growth-jobless-ons,https://www.theguardian.com/business/2016/dec/14/uk-unemployment-rate-pay-growth-jobless-ons,,,2026-07-22T21:09:22+00:00,URL-861a72e5ab17,1,e2e0323830d7e950,unique_url,,url-canon-v1.0-2026-07-27
NEWS-guardian_api-86576d3b9078,https://www.theguardian.com/politics/2025/nov/11/racism-returning-to-uk-politics-says-starmer,https://www.theguardian.com/politics/2025/nov/11/racism-returning-to-uk-politics-says-starmer,,,2026-07-22T21:07:44+00:00,URL-86576d3b9078,1,c8a28406bae5fb8b,unique_url,,url-canon-v1.0-2026-07-27
NEWS-guardian_api-86721046a89c,https://www.theguardian.com/uk-news/2021/mar/19/could-hartlepool-sever-ties-with-labour-for-the-first-time-in-60-years,https://www.theguardian.com/uk-news/2021/mar/19/could-hartlepool-sever-ties-with-labour-for-the-first-time-in-60-years,,,2026-07-22T21:09:58+00:00,URL-86721046a89c,1,5f2b13a3d6613498,unique_url,,url-canon-v1.0-2026-07-27
NEWS-guardian_api-8679bf0d0f52,https://www.theguardian.com/business/live/2017/jan/19/davos-2017-theresa-may-addresses-the-world-economic-forum-business-live,https://www.theguardian.com/business/live/2017/jan/19/davos-2017-theresa-may-addresses-the-world-economic-forum-business-live,,,2026-07-22T21:09:22+00:00,URL-8679bf0d0f52,1,8601e89b02555f9a,unique_url,,url-canon-v1.0-2026-07-27
NEWS-guardian_api-869aa24c5488,https://www.theguardian.com/news/2021/jan/22/jewish-students-are-protected-by-the-ihra-definition-of-antisemitism,https://www.theguardian.com/news/2021/jan/22/jewish-students-are-protected-by-the-ihra-definition-of-antisemitism,,,2026-07-22T21:10:13+00:00,URL-869aa24c5488,1,c1be74645d080e87,unique_url,,url-canon-v1.0-2026-07-27
NEWS-guardian_api-86b8de3b78ae,https://www.theguardian.com/politics/2016/nov/08/liz-truss-confronted-by-tory-mps-handling-of-article-50-row,https://www.theguardian.com/politics/2016/nov/08/liz-truss-confronted-by-tory-mps-handling-of-article-50-row,,,2026-07-22T21:09:32+00:00,URL-86b8de3b78ae,1,39a6998b3639bdbb,unique_url,,url-canon-v1.0-2026-07-27
NEWS-guardian_api-86c887caf4a2,https://www.theguardian.com/politics/2012/dec/15/nigel-farage-ukip-anti-gay-groups,https://www.theguardian.com/politics/2012/dec/15/nigel-farage-ukip-anti-gay-groups,,,2026-07-22T21:08:34+00:00,URL-86c887caf4a2,1,00741a2c17161523,unique_url,,url-canon-v1.0-2026-07-27
NEWS-guardian_api-86d2ace2724d,https://www.theguardian.com/commentisfree/2012/nov/14/why-we-striking-against-austerity-europe,https://www.theguardian.com/commentisfree/2012/nov/14/why-we-striking-against-austerity-europe,,,2026-07-22T21:08:38+00:00,URL-86d2ace2724d,1,510d46665a0c66fa,unique_url,,url-canon-v1.0-2026-07-27
NEWS-guardian_api-86d4e160894e,https://www.theguardian.com/uk-news/2025/nov/27/the-sticking-plasters-in-labour-budget-wont-fix-a-broken-economy,https://www.theguardian.com/uk-news/2025/nov/27/the-sticking-plasters-in-labour-budget-wont-fix-a-broken-economy,,,2026-07-22T21:07:48+00:00,URL-86d4e160894e,1,be4b1d748e092165,unique_url,,url-canon-v1.0-2026-07-27
NEWS-guardian_api-871cb6ea0bb9,https://www.theguardian.com/politics/2021/feb/28/rishi-sunak-budget-furlough-scheme-coronavirus,https://www.theguardian.com/politics/2021/feb/28/rishi-sunak-budget-furlough-scheme-coronavirus,,,2026-07-22T21:10:33+00:00,URL-871cb6ea0bb9,1,7d5fbf48bdf3b257,unique_url,,url-canon-v1.0-2026-07-27
NEWS-guardian_api-8725f001e36f,https://www.theguardian.com/society/2013/jan/29/wales-found-winning-formula-healthcare,https://www.theguardian.com/society/2013/jan/29/wales-found-winning-formula-healthcare,,,2026-07-22T21:09:02+00:00,URL-8725f001e36f,1,4d9ff6e98e378480,unique_url,,url-canon-v1.0-2026-07-27
NEWS-guardian_api-8731ac96ccb7,https://www.theguardian.com/politics/2012/nov/14/corby-byelection-tory-candidate-elusive,https://www.theguardian.com/politics/2012/nov/14/corby-byelection-tory-candidate-elusive,,,2026-07-22T21:08:30+00:00,URL-8731ac96ccb7,1,7c10f9c6883273db,unique_url,,url-canon-v1.0-2026-07-27
NEWS-guardian_api-873a456cf4f6,https://www.theguardian.com/commentisfree/2025/nov/09/21st-century-politics-labour-tories-turbulence-green-party-reform,https://www.theguardian.com/commentisfree/2025/nov/09/21st-century-politics-labour-tories-turbulence-green-party-reform,,,2026-07-22T21:08:06+00:00,URL-873a456cf4f6,1,74e24220d63d0cdd,unique_url,,url-canon-v1.0-2026-07-27
NEWS-guardian_api-874b523727d0,https://www.theguardian.com/politics/2021/mar/10/labour-condemns-taxpayer-funding-of-jab-film-that-could-boost-local-tory-votes,https://www.theguardian.com/politics/2021/mar/10/labour-condemns-taxpayer-funding-of-jab-film-that-could-boost-local-tory-votes,,,2026-07-22T21:10:33+00:00,URL-874b523727d0,1,70eeb026c9a8f19a,unique_url,,url-canon-v1.0-2026-07-27
NEWS-guardian_api-875900f6c6d3,https://www.theguardian.com/uk-news/2025/nov/20/labour-tighter-rules-benefits-housing-people-migrating-to-uk-shabana-mahmood,https://www.theguardian.com/uk-news/2025/nov/20/labour-tighter-rules-benefits-housing-people-migrating-to-uk-shabana-mahmood,,,2026-07-22T21:07:44+00:00,URL-875900f6c6d3,1,5c07355f54f4b3a1,unique_url,,url-canon-v1.0-2026-07-27
NEWS-guardian_api-876c30fab903,https://www.theguardian.com/politics/2020/nov/21/boris-johnson-acted-illegally-over-jobs-for-top-anti-covid-staff,https://www.theguardian.com/politics/2020/nov/21/boris-johnson-acted-illegally-over-jobs-for-top-anti-covid-staff,,,2026-07-22T21:10:32+00:00,URL-876c30fab903,1,27518fd3ad511f4b,unique_url,,url-canon-v1.0-2026-07-27
NEWS-guardian_api-87b9f63366b4,https://www.theguardian.com/politics/2025/nov/20/ministers-call-on-farage-to-address-alleged-repulsive-teenage-racism,https://www.theguardian.com/politics/2025/nov/20/ministers-call-on-farage-to-address-alleged-repulsive-teenage-racism,,,2026-07-22T21:07:44+00:00,URL-87b9f63366b4,1,ca9186b0d52a56c2,unique_url,,url-canon-v1.0-2026-07-27
NEWS-guardian_api-87c983cdc10f,https://www.theguardian.com/politics/2020/nov/13/the-going-of-cummings-seems-not-to-be-the-triumph-he-expected,https://www.theguardian.com/politics/2020/nov/13/the-going-of-cummings-seems-not-to-be-the-triumph-he-expected,,,2026-07-22T21:10:17+00:00,URL-87c983cdc10f,1,482d0ffa3e0d4a12,unique_url,,url-canon-v1.0-2026-07-27
NEWS-guardian_api-88381c9fc9c9,https://www.theguardian.com/commentisfree/2013/jan/09/financial-transparency-privatised-nhs,https://www.theguardian.com/commentisfree/2013/jan/09/financial-transparency-privatised-nhs,,,2026-07-22T21:09:02+00:00,URL-88381c9fc9c9,1,e0b9352e5d01acc4,unique_url,,url-canon-v1.0-2026-07-27
NEWS-guardian_api-88e751d96451,https://www.theguardian.com/education/2016/nov/09/i-feel-genuinely-sad-european-postgrads-discuss-brexit,https://www.theguardian.com/education/2016/nov/09/i-feel-genuinely-sad-european-postgrads-discuss-brexit,,,2026-07-22T21:09:32+00:00,URL-88e751d96451,1,2a5907db6f953833,unique_url,,url-canon-v1.0-2026-07-27
NEWS-guardian_api-890673bc61c4,https://www.theguardian.com/politics/blog/live/2017/mar/02/john-mcdonnell-sets-out-labours-three-priorities-for-the-budget-politics-live,https://www.theguardian.com/politics/blog/live/2017/mar/02/john-mcdonnell-sets-out-labours-three-priorities-for-the-budget-politics-live,,,2026-07-22T21:09:23+00:00,URL-890673bc61c4,1,3d28f239c5c0f1fa,unique_url,,url-canon-v1.0-2026-07-27
NEWS-guardian_api-894657e4477c,https://www.theguardian.com/politics/2026/jan/27/senedd-passes-budget-after-welsh-labour-make-deal-with-plaid-cymru,https://www.theguardian.com/politics/2026/jan/27/senedd-passes-budget-after-welsh-labour-make-deal-with-plaid-cymru,,,2026-07-22T21:08:10+00:00,URL-894657e4477c,1,5b2fed7601c0c4a4,unique_url,,url-canon-v1.0-2026-07-27
NEWS-guardian_api-896faad4b594,https://www.theguardian.com/politics/2026/jan/06/labour-election-strategy-protect-mp-over-winning-seats-deputy-pm,https://www.theguardian.com/politics/2026/jan/06/labour-election-strategy-protect-mp-over-winning-seats-deputy-pm,,,2026-07-22T21:08:18+00:00,URL-896faad4b594,1,5ab32b25acc1fab0,unique_url,,url-canon-v1.0-2026-07-27
NEWS-guardian_api-8984c2ad4f60,https://www.theguardian.com/uk/the-northerner/2012/dec/21/conservatives-year-north-2012,https://www.theguardian.com/uk/the-northerner/2012/dec/21/conservatives-year-north-2012,,,2026-07-22T21:08:34+00:00,URL-8984c2ad4f60,1,24e24b2846b1c82d,unique_url,,url-canon-v1.0-2026-07-27
NEWS-guardian_api-89983abcc5d1,https://www.theguardian.com/politics/live/2020/nov/11/uk-coronavirus-live-johnson-tories-lockdown-chief-of-staff-covid-latest-updates,https://www.theguardian.com/politics/live/2020/nov/11/uk-coronavirus-live-johnson-tories-lockdown-chief-of-staff-covid-latest-updates,,,2026-07-22T21:10:17+00:00,URL-89983abcc5d1,1,bfb92dd969281458,unique_url,,url-canon-v1.0-2026-07-27
NEWS-guardian_api-8a292563638e,https://www.theguardian.com/commentisfree/2016/nov/06/why-the-brexit-judges-were-right-article-50,https://www.theguardian.com/commentisfree/2016/nov/06/why-the-brexit-judges-were-right-article-50,,,2026-07-22T21:09:15+00:00,URL-8a292563638e,1,3963621fbc8973eb,unique_url,,url-canon-v1.0-2026-07-27
NEWS-guardian_api-8a3715512066,https://www.theguardian.com/money/blog/2013/jan/04/debt-advice-clinic-your-questions,https://www.theguardian.com/money/blog/2013/jan/04/debt-advice-clinic-your-questions,,,2026-07-22T21:08:38+00:00,URL-8a3715512066,1,fd038971ebbdf239,unique_url,,url-canon-v1.0-2026-07-27
NEWS-guardian_api-8a3b4436bfc3,https://www.theguardian.com/politics/live/2026/jan/06/badenoch-trump-venezuela-maduro-starmer-streeting-uk-politics-latest-news-updates,https://www.theguardian.com/politics/live/2026/jan/06/badenoch-trump-venezuela-maduro-starmer-streeting-uk-politics-latest-news-updates,,,2026-07-22T21:08:18+00:00,URL-8a3b4436bfc3,1,320de6039fc1c377,unique_url,,url-canon-v1.0-2026-07-27
NEWS-guardian_api-8a3d2dbc1d20,https://www.theguardian.com/society/2016/dec/12/birmingham-council-chief-years-of-cuts-could-have-catastrophic-consequences,https://www.theguardian.com/society/2016/dec/12/birmingham-council-chief-years-of-cuts-could-have-catastrophic-consequences,,,2026-07-22T21:09:39+00:00,URL-8a3d2dbc1d20,1,9d6d54dd33820ef7,unique_url,,url-canon-v1.0-2026-07-27
NEWS-guardian_api-8a4b9b7d2350,https://www.theguardian.com/politics/blog/2012/nov/21/defence-politics-michael-white-chris-mullin,https://www.theguardian.com/politics/blog/2012/nov/21/defence-politics-michael-white-chris-mullin,,,2026-07-22T21:08:30+00:00,URL-8a4b9b7d2350,1,97d70ea28dae72ce,unique_url,,url-canon-v1.0-2026-07-27
NEWS-guardian_api-8a783705f74e,https://www.theguardian.com/commentisfree/2012/dec/20/libor-rate-rigging-hospital-crisis,https://www.theguardian.com/commentisfree/2012/dec/20/libor-rate-rigging-hospital-crisis,,,2026-07-22T21:09:02+00:00,URL-8a783705f74e,1,772c90e219b81a49,unique_url,,url-canon-v1.0-2026-07-27
NEWS-guardian_api-8a849cd56bab,https://www.theguardian.com/world/live/2020/nov/08/coronavirus-live-news-france-daily-cases-exceed-40000-melbourne-ends-ring-of-steel,https://www.theguardian.com/world/live/2020/nov/08/coronavirus-live-news-france-daily-cases-exceed-40000-melbourne-ends-ring-of-steel,,,2026-07-22T21:09:58+00:00,URL-8a849cd56bab,1,e2e1e01bca8c5f28,unique_url,,url-canon-v1.0-2026-07-27
NEWS-guardian_api-8aadc09fa9eb,https://www.theguardian.com/politics/video/2012/nov/25/ukip-leader-foster-children-couple-video,https://www.theguardian.com/politics/video/2012/nov/25/ukip-leader-foster-children-couple-video,,,2026-07-22T21:08:30+00:00,URL-8aadc09fa9eb,1,,unique_url,,url-canon-v1.0-2026-07-27
NEWS-guardian_api-8abbf951fc56,https://www.theguardian.com/local-government-network/2012/nov/07/social-value-under-the-spotlight,https://www.theguardian.com/local-government-network/2012/nov/07/social-value-under-the-spotlight,,,2026-07-22T21:08:55+00:00,URL-8abbf951fc56,1,48dfae2497f525c6,unique_url,,url-canon-v1.0-2026-07-27
NEWS-guardian_api-8ae0aa97db90,https://www.theguardian.com/world/2025/nov/25/tuesday-briefing-inside-the-latest-lords-scandal-and-the-future-of-the-peers,https://www.theguardian.com/world/2025/nov/25/tuesday-briefing-inside-the-latest-lords-scandal-and-the-future-of-the-peers,,,2026-07-22T21:07:45+00:00,URL-8ae0aa97db90,1,037f24417385bae4,unique_url,,url-canon-v1.0-2026-07-27
NEWS-guardian_api-8bbaae33397b,https://www.theguardian.com/society/2021/jan/08/england-councils-told-to-redouble-efforts-on-housing-rough-sleepers-covid-vaccine,https://www.theguardian.com/society/2021/jan/08/england-councils-told-to-redouble-efforts-on-housing-rough-sleepers-covid-vaccine,,,2026-07-22T21:10:25+00:00,URL-8bbaae33397b,1,66daa6a239a4910e,unique_url,,url-canon-v1.0-2026-07-27
NEWS-guardian_api-8bd05c36376f,https://www.theguardian.com/society/2012/nov/08/g4s-loses-wolds-prison-contract,https://www.theguardian.com/society/2012/nov/08/g4s-loses-wolds-prison-contract,,,2026-07-22T21:08:47+00:00,URL-8bd05c36376f,1,6909cc8f46d02f52,unique_url,,url-canon-v1.0-2026-07-27
NEWS-guardian_api-8c159b6f23f1,https://www.theguardian.com/politics/2025/nov/28/green-party-policies-on-israel-are-appealing-to-young-british-jews,https://www.theguardian.com/politics/2025/nov/28/green-party-policies-on-israel-are-appealing-to-young-british-jews,,,2026-07-22T21:07:48+00:00,URL-8c159b6f23f1,1,ace6e8f6eab144d6,unique_url,,url-canon-v1.0-2026-07-27
NEWS-guardian_api-8c9b7a4a8233,https://www.theguardian.com/media/2025/nov/09/bbc-bias-row-timeline-a-week-of-hostile-headlines-and-calls-for-heads-to-roll,https://www.theguardian.com/media/2025/nov/09/bbc-bias-row-timeline-a-week-of-hostile-headlines-and-calls-for-heads-to-roll,,,2026-07-22T21:08:21+00:00,URL-8c9b7a4a8233,1,41f6c6690b415691,unique_url,,url-canon-v1.0-2026-07-27
NEWS-guardian_api-8c9e69c4971f,https://www.theguardian.com/politics/live/2025/nov/13/ed-miliband-wes-streeting-keir-starmer-briefing-news-updates-uk-politics-live,https://www.theguardian.com/politics/live/2025/nov/13/ed-miliband-wes-streeting-keir-starmer-briefing-news-updates-uk-politics-live,,,2026-07-22T21:07:44+00:00,URL-8c9e69c4971f,1,9fde5ac36396c97a,unique_url,,url-canon-v1.0-2026-07-27
NEWS-guardian_api-8cadf818edfa,https://www.theguardian.com/politics/live/2020/dec/30/brexit-deal-bill-coronavirus-boris-johnson-covid-live-news-updates,https://www.theguardian.com/politics/live/2020/dec/30/brexit-deal-bill-coronavirus-boris-johnson-covid-live-news-updates,,,2026-07-22T21:10:03+00:00,URL-8cadf818edfa,1,374be8ea8c9fb807,unique_url,,url-canon-v1.0-2026-07-27
NEWS-guardian_api-8cc6ccd647a7,https://www.theguardian.com/business/2012/nov/12/starbucks-tax-avoidance-controversy,https://www.theguardian.com/business/2012/nov/12/starbucks-tax-avoidance-controversy,,,2026-07-22T21:08:47+00:00,URL-8cc6ccd647a7,1,0b3237cf0ff5b5b4,unique_url,,url-canon-v1.0-2026-07-27
NEWS-guardian_api-8cfc048a5781,https://www.theguardian.com/commentisfree/2021/jan/04/coronavirus-care-central-society-politics,https://www.theguardian.com/commentisfree/2021/jan/04/coronavirus-care-central-society-politics,,,2026-07-22T21:10:32+00:00,URL-8cfc048a5781,1,c7b04dca5fb90241,unique_url,,url-canon-v1.0-2026-07-27
NEWS-guardian_api-8d6d54880aba,https://www.theguardian.com/commentisfree/2020/nov/10/populist-divisions-covid-nigel-farage-second-wave,https://www.theguardian.com/commentisfree/2020/nov/10/populist-divisions-covid-nigel-farage-second-wave,,,2026-07-22T21:09:58+00:00,URL-8d6d54880aba,1,972428d226203810,unique_url,,url-canon-v1.0-2026-07-27
NEWS-guardian_api-8d7b00b2bf6a,https://www.theguardian.com/politics/2012/dec/19/cameron-miliband-poverty-food-banks,https://www.theguardian.com/politics/2012/dec/19/cameron-miliband-poverty-food-banks,,,2026-07-22T21:08:38+00:00,URL-8d7b00b2bf6a,1,0b094276fd203eea,unique_url,,url-canon-v1.0-2026-07-27
NEWS-guardian_api-8d9e7faca022,https://www.theguardian.com/public-leaders-network/2012/nov/12/lord-heseltine-public-sector-procurement,https://www.theguardian.com/public-leaders-network/2012/nov/12/lord-heseltine-public-sector-procurement,,,2026-07-22T21:08:47+00:00,URL-8d9e7faca022,1,39bbde021372820f,unique_url,,url-canon-v1.0-2026-07-27
NEWS-guardian_api-8da67145bd33,https://www.theguardian.com/business/live/2020/nov/18/uk-inflation-cpi-clothing-food-ftse-bitcoin-business-live,https://www.theguardian.com/business/live/2020/nov/18/uk-inflation-cpi-clothing-food-ftse-bitcoin-business-live,,,2026-07-22T21:10:07+00:00,URL-8da67145bd33,1,99fd502a4a3e47c4,unique_url,,url-canon-v1.0-2026-07-27
NEWS-guardian_api-8dac85dbd070,https://www.theguardian.com/business/2012/nov/06/fall-uk-industrial-output-weakness-economy,https://www.theguardian.com/business/2012/nov/06/fall-uk-industrial-output-weakness-economy,,,2026-07-22T21:08:47+00:00,URL-8dac85dbd070,1,e40af57889decce9,unique_url,,url-canon-v1.0-2026-07-27
NEWS-guardian_api-8db482333bf9,https://www.theguardian.com/society/2025/nov/16/call-for-inquiry-after-families-stripped-of-child-benefit-due-to-flawed-travel-data,https://www.theguardian.com/society/2025/nov/16/call-for-inquiry-after-families-stripped-of-child-benefit-due-to-flawed-travel-data,,,2026-07-22T21:08:02+00:00,URL-8db482333bf9,1,eae3cb7d55ea33d2,unique_url,,url-canon-v1.0-2026-07-27
NEWS-guardian_api-8db50a066dea,https://www.theguardian.com/politics/2017/jan/17/an-alternative-to-mays-brexit-speech-by-guardian-readers,https://www.theguardian.com/politics/2017/jan/17/an-alternative-to-mays-brexit-speech-by-guardian-readers,,,2026-07-22T21:09:26+00:00,URL-8db50a066dea,1,e5022551fb2d2377,unique_url,,url-canon-v1.0-2026-07-27
NEWS-guardian_api-8dfa46907902,https://www.theguardian.com/commentisfree/2021/apr/03/alex-salmond-alba-party-prospects-holyrood,https://www.theguardian.com/commentisfree/2021/apr/03/alex-salmond-alba-party-prospects-holyrood,,,2026-07-22T21:10:38+00:00,URL-8dfa46907902,1,9db296a15b3b47a8,unique_url,,url-canon-v1.0-2026-07-27
NEWS-guardian_api-8e1685d245eb,https://www.theguardian.com/politics/blog/2013/jan/15/police-pay-theresa-may-live-blog,https://www.theguardian.com/politics/blog/2013/jan/15/police-pay-theresa-may-live-blog,,,2026-07-22T21:08:34+00:00,URL-8e1685d245eb,1,a2e7a980096e590d,unique_url,,url-canon-v1.0-2026-07-27
NEWS-guardian_api-8e17fedbf564,https://www.theguardian.com/society/2016/nov/25/the-future-of-the-nhs-and-social-care-for-better-or-worse,https://www.theguardian.com/society/2016/nov/25/the-future-of-the-nhs-and-social-care-for-better-or-worse,,,2026-07-22T21:09:39+00:00,URL-8e17fedbf564,1,0081893d4ce43d51,unique_url,,url-canon-v1.0-2026-07-27
NEWS-guardian_api-8e1e12c67285,https://www.theguardian.com/environment/2012/nov/09/ash-dieback-disease-impossible-eradicate,https://www.theguardian.com/environment/2012/nov/09/ash-dieback-disease-impossible-eradicate,,,2026-07-22T21:08:47+00:00,URL-8e1e12c67285,1,593d9a2471dbc33c,unique_url,,url-canon-v1.0-2026-07-27
NEWS-guardian_api-8e258579bb6e,https://www.theguardian.com/politics/2016/nov/16/lord-nigel-farage-theresa-may-declines-to-rule-out-peerage-for-ukip-leader,https://www.theguardian.com/politics/2016/nov/16/lord-nigel-farage-theresa-may-declines-to-rule-out-peerage-for-ukip-leader,,,2026-07-22T21:09:15+00:00,URL-8e258579bb6e,1,bcf0ddfdfadef6ca,unique_url,,url-canon-v1.0-2026-07-27
NEWS-guardian_api-8e4d013ec8a4,https://www.theguardian.com/society/2021/feb/12/coronavirus-shows-what-we-are-capable-of-nhs-vaccine-triumph,https://www.theguardian.com/society/2021/feb/12/coronavirus-shows-what-we-are-capable-of-nhs-vaccine-triumph,,,2026-07-22T21:10:13+00:00,URL-8e4d013ec8a4,1,e750fed62a45931f,unique_url,,url-canon-v1.0-2026-07-27
NEWS-guardian_api-8e6ffc19551a,https://www.theguardian.com/politics/blog/2013/mar/01/eastleigh-byelection-result-michael-white,https://www.theguardian.com/politics/blog/2013/mar/01/eastleigh-byelection-result-michael-white,,,2026-07-22T21:08:42+00:00,URL-8e6ffc19551a,1,20a1ad4f4b58befd,unique_url,,url-canon-v1.0-2026-07-27
NEWS-guardian_api-8e9cf350d76d,https://www.theguardian.com/politics/blog/2013/jan/21/cameron-algeria-hostage-crisis-live-blog,https://www.theguardian.com/politics/blog/2013/jan/21/cameron-algeria-hostage-crisis-live-blog,,,2026-07-22T21:08:34+00:00,URL-8e9cf350d76d,1,f27cb754b39ff647,unique_url,,url-canon-v1.0-2026-07-27
NEWS-guardian_api-8ef0471b6af8,https://www.theguardian.com/politics/2020/dec/31/from-leave-vote-to-last-ditch-deal-a-big-brexit-timeline,https://www.theguardian.com/politics/2020/dec/31/from-leave-vote-to-last-ditch-deal-a-big-brexit-timeline,,,2026-07-22T21:10:03+00:00,URL-8ef0471b6af8,1,421b69ba6fd81ea0,unique_url,,url-canon-v1.0-2026-07-27
NEWS-guardian_api-8f0b18943090,https://www.theguardian.com/uk-news/2020/nov/08/uks-coronavirus-vaccine-taskforce-chief-faces-questions-over-biotech-fund,https://www.theguardian.com/uk-news/2020/nov/08/uks-coronavirus-vaccine-taskforce-chief-faces-questions-over-biotech-fund,,,2026-07-22T21:10:17+00:00,URL-8f0b18943090,1,cf87b7dd53ed0cd6,unique_url,,url-canon-v1.0-2026-07-27
NEWS-guardian_api-8f0f8c974200,https://www.theguardian.com/politics/2016/dec/03/can-ukip-survive-brexit-eu-party-funding-donors-referendum-nigel-farage,https://www.theguardian.com/politics/2016/dec/03/can-ukip-survive-brexit-eu-party-funding-donors-referendum-nigel-farage,,,2026-07-22T21:09:19+00:00,URL-8f0f8c974200,1,464436a383c05fa4,unique_url,,url-canon-v1.0-2026-07-27
NEWS-guardian_api-8f21ed1fa60a,https://www.theguardian.com/politics/live/2020/nov/13/dominic-cummings-boris-johnson-coronavirus-covid-19-latest-updates-live,https://www.theguardian.com/politics/live/2020/nov/13/dominic-cummings-boris-johnson-coronavirus-covid-19-latest-updates-live,,,2026-07-22T21:10:25+00:00,URL-8f21ed1fa60a,1,6f74780a53a8f190,unique_url,,url-canon-v1.0-2026-07-27
NEWS-guardian_api-8f3d3ae0d2d4,https://www.theguardian.com/media/2025/nov/09/tim-davies-resignation-restore-public-trust-in-bbc,https://www.theguardian.com/media/2025/nov/09/tim-davies-resignation-restore-public-trust-in-bbc,,,2026-07-22T21:08:14+00:00,URL-8f3d3ae0d2d4,1,0328a3fb0b311e2a,unique_url,,url-canon-v1.0-2026-07-27
NEWS-guardian_api-8f8bb614b9a0,https://www.theguardian.com/technology/2017/feb/06/robots-could-replace-250000-uk-public-sector-workers,https://www.theguardian.com/technology/2017/feb/06/robots-could-replace-250000-uk-public-sector-workers,,,2026-07-22T21:09:47+00:00,URL-8f8bb614b9a0,1,3a4cfeb18c57276a,unique_url,,url-canon-v1.0-2026-07-27
NEWS-guardian_api-8f98ab604ef4,https://www.theguardian.com/uk/blog/2012/nov/26/uk-floods-chaos-live,https://www.theguardian.com/uk/blog/2012/nov/26/uk-floods-chaos-live,,,2026-07-22T21:08:55+00:00,URL-8f98ab604ef4,1,ae971cba8dfef70c,unique_url,,url-canon-v1.0-2026-07-27
NEWS-guardian_api-8fbd749e189f,https://www.theguardian.com/politics/2012/nov/06/child-abuse-inquiries-theresa-may,https://www.theguardian.com/politics/2012/nov/06/child-abuse-inquiries-theresa-may,,,2026-07-22T21:08:47+00:00,URL-8fbd749e189f,1,1fe26981000f522f,unique_url,,url-canon-v1.0-2026-07-27
NEWS-guardian_api-8fe9e26be587,https://www.theguardian.com/politics/2020/nov/25/sunak-announces-record-peacetime-borrowing-to-combat-historic-downturn-covid-19,https://www.theguardian.com/politics/2020/nov/25/sunak-announces-record-peacetime-borrowing-to-combat-historic-downturn-covid-19,,,2026-07-22T21:10:32+00:00,URL-8fe9e26be587,1,e796a485fe0153f6,unique_url,,url-canon-v1.0-2026-07-27
NEWS-guardian_api-8ff323b1e22d,https://www.theguardian.com/uk-news/2025/nov/24/rachel-reeves-urges-labour-mps-to-back-her-make-or-break-budget,https://www.theguardian.com/uk-news/2025/nov/24/rachel-reeves-urges-labour-mps-to-back-her-make-or-break-budget,,,2026-07-22T21:08:18+00:00,URL-8ff323b1e22d,1,16a9127b2298ae12,unique_url,,url-canon-v1.0-2026-07-27
NEWS-guardian_api-8ffd47655aec,https://www.theguardian.com/commentisfree/2026/mar/10/britain-social-care-politicians-public-national-care-service,https://www.theguardian.com/commentisfree/2026/mar/10/britain-social-care-politicians-public-national-care-service,,,2026-07-22T21:08:18+00:00,URL-8ffd47655aec,1,f31ff189544ee124,unique_url,,url-canon-v1.0-2026-07-27
NEWS-guardian_api-90177cc9bab6,https://www.theguardian.com/uk-news/davehillblog/2017/jan/01/london-must-stand-strong-in-2017-if-its-golden-age-is-not-to-end,https://www.theguardian.com/uk-news/davehillblog/2017/jan/01/london-must-stand-strong-in-2017-if-its-golden-age-is-not-to-end,,,2026-07-22T21:09:22+00:00,URL-90177cc9bab6,1,99a7d725c20f6fd0,unique_url,,url-canon-v1.0-2026-07-27
NEWS-guardian_api-9037b4d37882,https://www.theguardian.com/uk/2012/nov/09/tony-blair-john-prescott-police,https://www.theguardian.com/uk/2012/nov/09/tony-blair-john-prescott-police,,,2026-07-22T21:08:30+00:00,URL-9037b4d37882,1,d3393f3729115622,unique_url,,url-canon-v1.0-2026-07-27
NEWS-guardian_api-90a2a79b04a2,https://www.theguardian.com/social-care-network/2016/dec/20/a-council-tax-rise-alone-will-not-solve-the-social-care-funding-crisis,https://www.theguardian.com/social-care-network/2016/dec/20/a-council-tax-rise-alone-will-not-solve-the-social-care-funding-crisis,,,2026-07-22T21:09:40+00:00,URL-90a2a79b04a2,1,e512bd98f1c13516,unique_url,,url-canon-v1.0-2026-07-27
NEWS-guardian_api-90d756d9b37a,https://www.theguardian.com/politics/2026/mar/21/labour-minister-al-carns-claims-on-expenses-for-promotional-videos-birmingham,https://www.theguardian.com/politics/2026/mar/21/labour-minister-al-carns-claims-on-expenses-for-promotional-videos-birmingham,,,2026-07-22T21:08:18+00:00,URL-90d756d9b37a,1,d6909aed98258c06,unique_url,,url-canon-v1.0-2026-07-27
NEWS-guardian_api-90e2798071e0,https://www.theguardian.com/business/2012/nov/13/gas-price-riggers-stiff-penalties,https://www.theguardian.com/business/2012/nov/13/gas-price-riggers-stiff-penalties,,,2026-07-22T21:08:47+00:00,URL-90e2798071e0,1,20cc73d1a7ebbf12,unique_url,,url-canon-v1.0-2026-07-27
NEWS-guardian_api-90e3441d06cf,https://www.theguardian.com/news/2017/jan/01/brexit-trump-and-bad-news-for-labour-our-readers-predict-2017,https://www.theguardian.com/news/2017/jan/01/brexit-trump-and-bad-news-for-labour-our-readers-predict-2017,,,2026-07-22T21:09:19+00:00,URL-90e3441d06cf,1,eb2a4d4a0925a847,unique_url,,url-canon-v1.0-2026-07-27
NEWS-guardian_api-90fcfd779edf,https://www.theguardian.com/world/2020/nov/11/uk-death-toll-from-covid-19-passes-50000,https://www.theguardian.com/world/2020/nov/11/uk-death-toll-from-covid-19-passes-50000,,,2026-07-22T21:10:17+00:00,URL-90fcfd779edf,1,13daec61f7ca91ff,unique_url,,url-canon-v1.0-2026-07-27
NEWS-guardian_api-9129479d7816,https://www.theguardian.com/world/2021/may/05/tory-quarrels-betrayals-uk-post-brexit-future-barnier-eu,https://www.theguardian.com/world/2021/may/05/tory-quarrels-betrayals-uk-post-brexit-future-barnier-eu,,,2026-07-22T21:10:03+00:00,URL-9129479d7816,1,29b4868461c693ed,unique_url,,url-canon-v1.0-2026-07-27
NEWS-guardian_api-9134b8067593,https://www.theguardian.com/uk/2012/dec/05/50000-new-homes-autumn-statement,https://www.theguardian.com/uk/2012/dec/05/50000-new-homes-autumn-statement,,,2026-07-22T21:08:55+00:00,URL-9134b8067593,1,ee049df83c8117d7,unique_url,,url-canon-v1.0-2026-07-27
NEWS-guardian_api-9137f1f539c1,https://www.theguardian.com/politics/2026/jan/13/government-rolls-back-digital-identity-card-plans,https://www.theguardian.com/politics/2026/jan/13/government-rolls-back-digital-identity-card-plans,,,2026-07-22T21:08:18+00:00,URL-9137f1f539c1,1,a36607f87068a833,unique_url,,url-canon-v1.0-2026-07-27
NEWS-guardian_api-913a7fda6f88,https://www.theguardian.com/politics/2012/dec/29/opinium-observer-poll-labour-conservatives,https://www.theguardian.com/politics/2012/dec/29/opinium-observer-poll-labour-conservatives,,,2026-07-22T21:08:34+00:00,URL-913a7fda6f88,1,cbf4b3b21133d2e7,unique_url,,url-canon-v1.0-2026-07-27
NEWS-guardian_api-91431c6c7940,https://www.theguardian.com/uk-news/2021/apr/21/surrey-tree-cutter-residents-horrified-by-mindless-vandalism,https://www.theguardian.com/uk-news/2021/apr/21/surrey-tree-cutter-residents-horrified-by-mindless-vandalism,,,2026-07-22T21:10:13+00:00,URL-91431c6c7940,1,6d72e28385678e8a,unique_url,,url-canon-v1.0-2026-07-27
NEWS-guardian_api-91453703a00d,https://www.theguardian.com/environment/2012/nov/11/marks-and-spencer-green-government,https://www.theguardian.com/environment/2012/nov/11/marks-and-spencer-green-government,,,2026-07-22T21:08:47+00:00,URL-91453703a00d,1,26ff0467fe7772cc,unique_url,,url-canon-v1.0-2026-07-27
NEWS-guardian_api-9181caa4dc4b,https://www.theguardian.com/commentisfree/2012/nov/15/poverty-and-the-coalition-counting-the-poor-out,https://www.theguardian.com/commentisfree/2012/nov/15/poverty-and-the-coalition-counting-the-poor-out,,,2026-07-22T21:08:38+00:00,URL-9181caa4dc4b,1,c1d40c8a176d282a,unique_url,,url-canon-v1.0-2026-07-27
NEWS-guardian_api-91fd53146cc0,https://www.theguardian.com/world/live/2021/mar/04/coronavirus-live-news-covid-death-rates-10-times-higher-in-countries-where-most-adults-overweight,https://www.theguardian.com/world/live/2021/mar/04/coronavirus-live-news-covid-death-rates-10-times-higher-in-countries-where-most-adults-overweight,,,2026-07-22T21:10:33+00:00,URL-91fd53146cc0,1,7271d891501c67f3,unique_url,,url-canon-v1.0-2026-07-27
NEWS-guardian_api-9230cf58b627,https://www.theguardian.com/local-government-network/2012/dec/04/council-tax-benefit-deadline-uncertainty,https://www.theguardian.com/local-government-network/2012/dec/04/council-tax-benefit-deadline-uncertainty,,,2026-07-22T21:08:55+00:00,URL-9230cf58b627,1,3e5ab370e5eee20a,unique_url,,url-canon-v1.0-2026-07-27
NEWS-guardian_api-92326a242c77,https://www.theguardian.com/law/2020/nov/07/stop-and-search-plans-risk-perpetually-criminalising-people-say-uk-rights-groups,https://www.theguardian.com/law/2020/nov/07/stop-and-search-plans-risk-perpetually-criminalising-people-say-uk-rights-groups,,,2026-07-22T21:10:20+00:00,URL-92326a242c77,1,91e8a4545093dab0,unique_url,,url-canon-v1.0-2026-07-27
NEWS-guardian_api-92577cec4ad0,https://www.theguardian.com/politics/2020/nov/08/keir-starmer-urges-labour-to-learn-from-joe-bidens-broad-coalition,https://www.theguardian.com/politics/2020/nov/08/keir-starmer-urges-labour-to-learn-from-joe-bidens-broad-coalition,,,2026-07-22T21:10:17+00:00,URL-92577cec4ad0,1,afa0aadcc77d109e,unique_url,,url-canon-v1.0-2026-07-27
NEWS-guardian_api-928d8692a596,https://www.theguardian.com/society/2020/dec/18/clapped-out-kit-long-delays-too-few-beds-staff-nhs-2021-sorry-state,https://www.theguardian.com/society/2020/dec/18/clapped-out-kit-long-delays-too-few-beds-staff-nhs-2021-sorry-state,,,2026-07-22T21:10:32+00:00,URL-928d8692a596,1,ece1951ac99931d4,unique_url,,url-canon-v1.0-2026-07-27
NEWS-guardian_api-929b1fa9d130,https://www.theguardian.com/politics/2026/feb/17/council-leader-claims-local-authority-bullied-to-delay-polls-for-extra-funding-and-powers,https://www.theguardian.com/politics/2026/feb/17/council-leader-claims-local-authority-bullied-to-delay-polls-for-extra-funding-and-powers,,,2026-07-22T21:08:10+00:00,URL-929b1fa9d130,1,7cec802bf88aa696,unique_url,,url-canon-v1.0-2026-07-27
NEWS-guardian_api-92b23a3531c5,https://www.theguardian.com/society/2012/nov/06/lord-heseltine-report-local-government,https://www.theguardian.com/society/2012/nov/06/lord-heseltine-report-local-government,,,2026-07-22T21:08:55+00:00,URL-92b23a3531c5,1,760b11cb21dce57d,unique_url,,url-canon-v1.0-2026-07-27
NEWS-guardian_api-92f831d50e12,https://www.theguardian.com/politics/live/2020/dec/24/brexit-deal-united-kingdom-european-union-boris-johnson-live-news-updates,https://www.theguardian.com/politics/live/2020/dec/24/brexit-deal-united-kingdom-european-union-boris-johnson-live-news-updates,,,2026-07-22T21:10:03+00:00,URL-92f831d50e12,1,288b428b43dabf5d,unique_url,,url-canon-v1.0-2026-07-27
NEWS-guardian_api-930b508b6d9f,https://www.theguardian.com/commentisfree/2012/nov/08/romney-defeat-tory-rethink-no-chance,https://www.theguardian.com/commentisfree/2012/nov/08/romney-defeat-tory-rethink-no-chance,,,2026-07-22T21:08:30+00:00,URL-930b508b6d9f,1,1c138484b8a022d5,unique_url,,url-canon-v1.0-2026-07-27
NEWS-guardian_api-9346eadeaaca,https://www.theguardian.com/politics/live/2021/may/04/starmer-elections-poll-tories-hartlepool-win-covid-coronavirus-latest-updates-politics-live,https://www.theguardian.com/politics/live/2021/may/04/starmer-elections-poll-tories-hartlepool-win-covid-coronavirus-latest-updates-politics-live,,,2026-07-22T21:09:58+00:00,URL-9346eadeaaca,1,a8779bca79df8134,unique_url,,url-canon-v1.0-2026-07-27
NEWS-guardian_api-9429632d0a41,https://www.theguardian.com/business/2017/feb/19/is-this-the-end-of-uks-retail-boom,https://www.theguardian.com/business/2017/feb/19/is-this-the-end-of-uks-retail-boom,,,2026-07-22T21:09:23+00:00,URL-9429632d0a41,1,6b2623fc1ff67492,unique_url,,url-canon-v1.0-2026-07-27
NEWS-guardian_api-94559906b006,https://www.theguardian.com/commentisfree/2016/nov/07/2017-election-tories-theresa-may-brexit,https://www.theguardian.com/commentisfree/2016/nov/07/2017-election-tories-theresa-may-brexit,,,2026-07-22T21:09:15+00:00,URL-94559906b006,1,cbcc9de7baf1a615,unique_url,,url-canon-v1.0-2026-07-27
NEWS-guardian_api-945ab560fa81,https://www.theguardian.com/politics/2013/feb/14/immigrants-taking-advantage-cameron,https://www.theguardian.com/politics/2013/feb/14/immigrants-taking-advantage-cameron,,,2026-07-22T21:09:02+00:00,URL-945ab560fa81,1,df5bdd4f030be81f,unique_url,,url-canon-v1.0-2026-07-27
NEWS-guardian_api-9475bcc5eee1,https://www.theguardian.com/uk-news/2016/nov/06/hammond-chancellor-autumn-statement-economy,https://www.theguardian.com/uk-news/2016/nov/06/hammond-chancellor-autumn-statement-economy,,,2026-07-22T21:09:36+00:00,URL-9475bcc5eee1,1,3bb2c7abecf45db6,unique_url,,url-canon-v1.0-2026-07-27
NEWS-guardian_api-94b17d2875cf,https://www.theguardian.com/politics/2016/nov/06/ministers-press-for-interim-eu-deal-to-avoid-article-50-cliff-edge,https://www.theguardian.com/politics/2016/nov/06/ministers-press-for-interim-eu-deal-to-avoid-article-50-cliff-edge,,,2026-07-22T21:09:43+00:00,URL-94b17d2875cf,1,b5803eac0ffe79aa,unique_url,,url-canon-v1.0-2026-07-27
NEWS-guardian_api-955916c75837,https://www.theguardian.com/world/2013/jan/23/cameron-puts-up-eu-smokescreen,https://www.theguardian.com/world/2013/jan/23/cameron-puts-up-eu-smokescreen,,,2026-07-22T21:09:02+00:00,URL-955916c75837,1,776d5dbacc8e1a0c,unique_url,,url-canon-v1.0-2026-07-27
NEWS-guardian_api-95a348c0ca98,https://www.theguardian.com/politics/2020/dec/18/take-back-control-with-ma-rainey,https://www.theguardian.com/politics/2020/dec/18/take-back-control-with-ma-rainey,,,2026-07-22T21:10:03+00:00,URL-95a348c0ca98,1,647b6aab3a8e68db,unique_url,,url-canon-v1.0-2026-07-27
NEWS-guardian_api-95d73413bd9b,https://www.theguardian.com/politics/2016/nov/11/nigel-farage-boris-johnson-blame-theresa-may-for-donald-trump-snubbing-uk,https://www.theguardian.com/politics/2016/nov/11/nigel-farage-boris-johnson-blame-theresa-may-for-donald-trump-snubbing-uk,,,2026-07-22T21:09:15+00:00,URL-95d73413bd9b,1,3847f4debf39a0fc,unique_url,,url-canon-v1.0-2026-07-27
NEWS-guardian_api-960704f300dc,https://www.theguardian.com/politics/live/2026/feb/23/send-white-paper-keir-starmer-labour-reform-tories-uk-politics-latest-news-updates,https://www.theguardian.com/politics/live/2026/feb/23/send-white-paper-keir-starmer-labour-reform-tories-uk-politics-latest-news-updates,,,2026-07-22T21:08:10+00:00,URL-960704f300dc,1,ceb11a6b9520bc17,unique_url,,url-canon-v1.0-2026-07-27
NEWS-guardian_api-96128d1df7cb,https://www.theguardian.com/uk-news/2025/nov/27/income-tax-threshold-freeze-will-hit-poorer-households-harder-experts-say,https://www.theguardian.com/uk-news/2025/nov/27/income-tax-threshold-freeze-will-hit-poorer-households-harder-experts-say,,,2026-07-22T21:08:10+00:00,URL-96128d1df7cb,1,7fe30a034e072f42,unique_url,,url-canon-v1.0-2026-07-27
NEWS-guardian_api-962fa010968e,https://www.theguardian.com/politics/2016/nov/14/uk-must-become-global-leader-in-free-trade-theresa-may-brexit-vote-donald-trump-election,https://www.theguardian.com/politics/2016/nov/14/uk-must-become-global-leader-in-free-trade-theresa-may-brexit-vote-donald-trump-election,,,2026-07-22T21:09:15+00:00,URL-962fa010968e,1,37298ff98fc7d246,unique_url,,url-canon-v1.0-2026-07-27
NEWS-guardian_api-968f78bea44e,https://www.theguardian.com/politics/2021/jan/01/keep-the-light-on-joy-for-some-regret-for-others-at-brexit-endgame,https://www.theguardian.com/politics/2021/jan/01/keep-the-light-on-joy-for-some-regret-for-others-at-brexit-endgame,,,2026-07-22T21:10:03+00:00,URL-968f78bea44e,1,c76cee182e8b5304,unique_url,,url-canon-v1.0-2026-07-27
NEWS-guardian_api-96b3e4035938,https://www.theguardian.com/lifeandstyle/2026/apr/18/the-families-torn-apart-by-older-relatives-going-far-right,https://www.theguardian.com/lifeandstyle/2026/apr/18/the-families-torn-apart-by-older-relatives-going-far-right,,,2026-07-22T21:07:58+00:00,URL-96b3e4035938,1,389c65b71bc9ffb3,unique_url,,url-canon-v1.0-2026-07-27
NEWS-guardian_api-97a412d724ee,https://www.theguardian.com/society/2021/jan/03/tough-new-domestic-abuse-tsar-prepares-to-shape-laws-to-protect-threatened-women,https://www.theguardian.com/society/2021/jan/03/tough-new-domestic-abuse-tsar-prepares-to-shape-laws-to-protect-threatened-women,,,2026-07-22T21:10:25+00:00,URL-97a412d724ee,1,dd85fe383c47cdfa,unique_url,,url-canon-v1.0-2026-07-27
NEWS-guardian_api-97ab421a883b,https://www.theguardian.com/society/2016/nov/08/trussell-trust-to-deliver-more-emergency-food-parcels-than-ever-before,https://www.theguardian.com/society/2016/nov/08/trussell-trust-to-deliver-more-emergency-food-parcels-than-ever-before,,,2026-07-22T21:09:32+00:00,URL-97ab421a883b,1,6b067617697bef52,unique_url,,url-canon-v1.0-2026-07-27
NEWS-guardian_api-97afb69083f2,https://www.theguardian.com/society/2012/nov/06/child-abuse-scandal-police-inquiry,https://www.theguardian.com/society/2012/nov/06/child-abuse-scandal-police-inquiry,,,2026-07-22T21:08:47+00:00,URL-97afb69083f2,1,620d19e697533192,unique_url,,url-canon-v1.0-2026-07-27
NEWS-guardian_api-97b3a5489c02,https://www.theguardian.com/politics/live/2021/mar/10/uk-covid-live-news-coronavirus-test-and-trace-vaccine-pmqs-latest-updates,https://www.theguardian.com/politics/live/2021/mar/10/uk-covid-live-news-coronavirus-test-and-trace-vaccine-pmqs-latest-updates,,,2026-07-22T21:10:07+00:00,URL-97b3a5489c02,1,89d3f88324962e68,unique_url,,url-canon-v1.0-2026-07-27
NEWS-guardian_api-97dcf0d72091,https://www.theguardian.com/politics/2025/dec/02/cryptocurrency-political-donations-uk-ban-election-bill,https://www.theguardian.com/politics/2025/dec/02/cryptocurrency-political-donations-uk-ban-election-bill,,,2026-07-22T21:07:48+00:00,URL-97dcf0d72091,1,546771300de224c0,unique_url,,url-canon-v1.0-2026-07-27
NEWS-guardian_api-97e10857c0e0,https://www.theguardian.com/commentisfree/2021/mar/18/labour-electoral-system-priti-patel-mayoral-elections,https://www.theguardian.com/commentisfree/2021/mar/18/labour-electoral-system-priti-patel-mayoral-elections,,,2026-07-22T21:10:03+00:00,URL-97e10857c0e0,1,63beb9ea51cde1dc,unique_url,,url-canon-v1.0-2026-07-27
NEWS-guardian_api-97eff15e7f72,https://www.theguardian.com/politics/blog/2013/feb/28/eastleigh-byelection-polls-open-live-blog,https://www.theguardian.com/politics/blog/2013/feb/28/eastleigh-byelection-polls-open-live-blog,,,2026-07-22T21:09:07+00:00,URL-97eff15e7f72,1,7ce4e42331a6d5a2,unique_url,,url-canon-v1.0-2026-07-27
NEWS-guardian_api-9828b51cdedf,https://www.theguardian.com/politics/2025/nov/21/labour-mps-urge-reeves-to-drop-private-finance-plans-for-nhs-buildings-pfi,https://www.theguardian.com/politics/2025/nov/21/labour-mps-urge-reeves-to-drop-private-finance-plans-for-nhs-buildings-pfi,,,2026-07-22T21:08:18+00:00,URL-9828b51cdedf,1,b666f7f5b129423f,unique_url,,url-canon-v1.0-2026-07-27
NEWS-guardian_api-989c88ce03bd,https://www.theguardian.com/education/2016/nov/15/how-students-are-striking-for-affordable-university-rent-and-winning,https://www.theguardian.com/education/2016/nov/15/how-students-are-striking-for-affordable-university-rent-and-winning,,,2026-07-22T21:09:22+00:00,URL-989c88ce03bd,1,c32444406087aad3,unique_url,,url-canon-v1.0-2026-07-27
NEWS-guardian_api-98a91361b682,https://www.theguardian.com/business/2016/nov/07/uk-austerity-policies-amount-to-violations-of-disabled-peoples-rights,https://www.theguardian.com/business/2016/nov/07/uk-austerity-policies-amount-to-violations-of-disabled-peoples-rights,,,2026-07-22T21:09:32+00:00,URL-98a91361b682,1,acec214ee65c4d7d,unique_url,,url-canon-v1.0-2026-07-27
NEWS-guardian_api-98b0c703a9cf,https://www.theguardian.com/society/2016/nov/22/teresa-pearce-fabric-decent-society-breaking-down,https://www.theguardian.com/society/2016/nov/22/teresa-pearce-fabric-decent-society-breaking-down,,,2026-07-22T21:09:39+00:00,URL-98b0c703a9cf,1,b8fe25776e485ce5,unique_url,,url-canon-v1.0-2026-07-27
NEWS-guardian_api-98e49f238542,https://www.theguardian.com/uk/2012/dec/04/george-osborne-cuts-autumn-statement,https://www.theguardian.com/uk/2012/dec/04/george-osborne-cuts-autumn-statement,,,2026-07-22T21:08:55+00:00,URL-98e49f238542,1,f9bf8773623b78e6,unique_url,,url-canon-v1.0-2026-07-27
NEWS-guardian_api-98f8377fc89b,https://www.theguardian.com/commentisfree/2017/feb/23/austerity-britain-10-portions-fruit-and-veg,https://www.theguardian.com/commentisfree/2017/feb/23/austerity-britain-10-portions-fruit-and-veg,,,2026-07-22T21:09:23+00:00,URL-98f8377fc89b,1,9ac727b7a78619ae,unique_url,,url-canon-v1.0-2026-07-27
NEWS-guardian_api-990b63e28504,https://www.theguardian.com/society/2016/dec/05/casey-report-criticised-for-focus-on-uk-muslim-communities,https://www.theguardian.com/society/2016/dec/05/casey-report-criticised-for-focus-on-uk-muslim-communities,,,2026-07-22T21:09:19+00:00,URL-990b63e28504,1,08000d51acb6af69,unique_url,,url-canon-v1.0-2026-07-27
NEWS-guardian_api-991f8d5613ca,https://www.theguardian.com/world/2025/nov/16/shabana-mahmood-warns-labour-mps-dark-forces-are-stirring-up-anger-over-migration,https://www.theguardian.com/world/2025/nov/16/shabana-mahmood-warns-labour-mps-dark-forces-are-stirring-up-anger-over-migration,,,2026-07-22T21:07:44+00:00,URL-991f8d5613ca,1,4558b030f0bbfe29,unique_url,,url-canon-v1.0-2026-07-27
NEWS-guardian_api-992d73bb1ded,https://www.theguardian.com/society/2021/jan/21/new-funding-to-tackle-drug-misuse-is-820m-less-than-ministers-were-advised,https://www.theguardian.com/society/2021/jan/21/new-funding-to-tackle-drug-misuse-is-820m-less-than-ministers-were-advised,,,2026-07-22T21:10:25+00:00,URL-992d73bb1ded,1,328ece234df0178b,unique_url,,url-canon-v1.0-2026-07-27
NEWS-guardian_api-9932c3dbc144,https://www.theguardian.com/healthcare-network/2012/nov/28/today-in-healthcare-kings-fund-annual-conference,https://www.theguardian.com/healthcare-network/2012/nov/28/today-in-healthcare-kings-fund-annual-conference,,,2026-07-22T21:08:55+00:00,URL-9932c3dbc144,1,711049930750bd12,unique_url,,url-canon-v1.0-2026-07-27
NEWS-guardian_api-99477371d0ca,https://www.theguardian.com/politics/2020/nov/13/tory-mps-hail-dominic-cummings-departure-and-look-for-reset,https://www.theguardian.com/politics/2020/nov/13/tory-mps-hail-dominic-cummings-departure-and-look-for-reset,,,2026-07-22T21:10:17+00:00,URL-99477371d0ca,1,edd995a4a277b7c2,unique_url,,url-canon-v1.0-2026-07-27
NEWS-guardian_api-995cc8d64dc8,https://www.theguardian.com/public-leaders-network/2016/nov/11/ourday-local-government-share-your-pictures,https://www.theguardian.com/public-leaders-network/2016/nov/11/ourday-local-government-share-your-pictures,,,2026-07-22T21:09:39+00:00,URL-995cc8d64dc8,1,afefc443abac5724,unique_url,,url-canon-v1.0-2026-07-27
NEWS-guardian_api-996b3e45374b,https://www.theguardian.com/society/2016/dec/22/home-ownership-among-25-year-olds-in-england-and-wales-has-halved-in-20-years,https://www.theguardian.com/society/2016/dec/22/home-ownership-among-25-year-olds-in-england-and-wales-has-halved-in-20-years,,,2026-07-22T21:09:40+00:00,URL-996b3e45374b,1,8b99d9480d3f9964,unique_url,,url-canon-v1.0-2026-07-27
NEWS-guardian_api-996d92277db6,https://www.theguardian.com/politics/live/2021/mar/02/uk-covid-live-coronavirus-vaccine-boris-johnson-phe-latest-updates,https://www.theguardian.com/politics/live/2021/mar/02/uk-covid-live-coronavirus-vaccine-boris-johnson-phe-latest-updates,,,2026-07-22T21:10:33+00:00,URL-996d92277db6,1,29dc5cb7b32fd159,unique_url,,url-canon-v1.0-2026-07-27
NEWS-guardian_api-998d8eeeceb7,https://www.theguardian.com/politics/2013/jan/12/britain-leave-eu-power-poll,https://www.theguardian.com/politics/2013/jan/12/britain-leave-eu-power-poll,,,2026-07-22T21:08:34+00:00,URL-998d8eeeceb7,1,12469791308eadf0,unique_url,,url-canon-v1.0-2026-07-27
NEWS-guardian_api-99afe59d909f,https://www.theguardian.com/world/2020/nov/13/covid-vaccines-in-the-uk-who-is-in-charge-and-what-is-the-plan,https://www.theguardian.com/world/2020/nov/13/covid-vaccines-in-the-uk-who-is-in-charge-and-what-is-the-plan,,,2026-07-22T21:10:17+00:00,URL-99afe59d909f,1,18e992345cdffd64,unique_url,,url-canon-v1.0-2026-07-27
NEWS-guardian_api-99c2fa43dc02,https://www.theguardian.com/politics/2013/feb/26/liberal-democrats-slump-rating-eastleigh,https://www.theguardian.com/politics/2013/feb/26/liberal-democrats-slump-rating-eastleigh,,,2026-07-22T21:09:07+00:00,URL-99c2fa43dc02,1,a91bacda3e287ec7,unique_url,,url-canon-v1.0-2026-07-27
NEWS-guardian_api-99d9f6ee8e3a,https://www.theguardian.com/politics/2026/mar/26/parties-launch-holyrood-campaigns-against-backdrop-of-voter-indecision,https://www.theguardian.com/politics/2026/mar/26/parties-launch-holyrood-campaigns-against-backdrop-of-voter-indecision,,,2026-07-22T21:08:18+00:00,URL-99d9f6ee8e3a,1,0e667046b23c17a0,unique_url,,url-canon-v1.0-2026-07-27
NEWS-guardian_api-99ffe3ff25dc,https://www.theguardian.com/business/live/2025/nov/17/japan-economy-contracts-exports-us-tariffs-trade-war-ftse-stock-markets-business-live-news,https://www.theguardian.com/business/live/2025/nov/17/japan-economy-contracts-exports-us-tariffs-trade-war-ftse-stock-markets-business-live-news,,,2026-07-22T21:08:02+00:00,URL-99ffe3ff25dc,1,29c207b74a65a567,unique_url,,url-canon-v1.0-2026-07-27
NEWS-guardian_api-9a051552e382,https://www.theguardian.com/politics/live/2025/nov/10/labour-rachel-reeves-election-manifesto-tax-budget-news-updates-uk-politics-live,https://www.theguardian.com/politics/live/2025/nov/10/labour-rachel-reeves-election-manifesto-tax-budget-news-updates-uk-politics-live,,,2026-07-22T21:07:44+00:00,URL-9a051552e382,1,48ab2cdb896b38df,unique_url,,url-canon-v1.0-2026-07-27
NEWS-guardian_api-9a37aff949d7,https://www.theguardian.com/society/2016/dec/21/homelessness-england-rising-scandal-rough-sleeping,https://www.theguardian.com/society/2016/dec/21/homelessness-england-rising-scandal-rough-sleeping,,,2026-07-22T21:09:40+00:00,URL-9a37aff949d7,1,65815272ff7f0dc4,unique_url,,url-canon-v1.0-2026-07-27
NEWS-guardian_api-9a63006306bd,https://www.theguardian.com/media/ng-interactive/2025/nov/15/is-running-the-bbc-an-impossible-job,https://www.theguardian.com/media/ng-interactive/2025/nov/15/is-running-the-bbc-an-impossible-job,,,2026-07-22T21:07:44+00:00,URL-9a63006306bd,1,6d91310dbdf4b8b0,unique_url,,url-canon-v1.0-2026-07-27
NEWS-guardian_api-9a6323004f63,https://www.theguardian.com/commentisfree/2012/nov/03/modern-day-slavery,https://www.theguardian.com/commentisfree/2012/nov/03/modern-day-slavery,,,2026-07-22T21:08:51+00:00,URL-9a6323004f63,1,6eca3e8419ef41de,unique_url,,url-canon-v1.0-2026-07-27
NEWS-guardian_api-9a841421ad12,https://www.theguardian.com/politics/live/2025/nov/14/rachel-reeves-income-tax-budget-keir-starmer-labour-uk-politics-latest-news,https://www.theguardian.com/politics/live/2025/nov/14/rachel-reeves-income-tax-budget-keir-starmer-labour-uk-politics-latest-news,,,2026-07-22T21:07:44+00:00,URL-9a841421ad12,1,ffac86a79cdb5de1,unique_url,,url-canon-v1.0-2026-07-27
NEWS-guardian_api-9a94481c9af6,https://www.theguardian.com/money/2012/dec/31/borrowers-pay-off-8bn-mortgage-debt,https://www.theguardian.com/money/2012/dec/31/borrowers-pay-off-8bn-mortgage-debt,,,2026-07-22T21:08:38+00:00,URL-9a94481c9af6,1,56bfe43858df8043,unique_url,,url-canon-v1.0-2026-07-27
NEWS-guardian_api-9a9e6a803055,https://www.theguardian.com/society/2017/jan/03/society-2017-prisons-homelessness-welfare-reforms-nhs-social-care,https://www.theguardian.com/society/2017/jan/03/society-2017-prisons-homelessness-welfare-reforms-nhs-social-care,,,2026-07-22T21:09:40+00:00,URL-9a9e6a803055,1,c09e63bcb7e657b5,unique_url,,url-canon-v1.0-2026-07-27
NEWS-guardian_api-9ac34d1dfd4c,https://www.theguardian.com/politics/2016/nov/07/keir-starmer-labour-will-not-block-article-50-but-must-know-plan,https://www.theguardian.com/politics/2016/nov/07/keir-starmer-labour-will-not-block-article-50-but-must-know-plan,,,2026-07-22T21:09:15+00:00,URL-9ac34d1dfd4c,1,1bbbbd202aaabe03,unique_url,,url-canon-v1.0-2026-07-27
NEWS-guardian_api-9b221d667027,https://www.theguardian.com/commentisfree/2017/jan/15/nhs-crisis-open-eyes-theresa-may,https://www.theguardian.com/commentisfree/2017/jan/15/nhs-crisis-open-eyes-theresa-may,,,2026-07-22T21:09:47+00:00,URL-9b221d667027,1,f75a08e45c6ed02e,unique_url,,url-canon-v1.0-2026-07-27
NEWS-guardian_api-9b3c0d62f64f,https://www.theguardian.com/politics/2025/nov/24/politicians-urge-labour-to-restore-electoral-commission-independence,https://www.theguardian.com/politics/2025/nov/24/politicians-urge-labour-to-restore-electoral-commission-independence,,,2026-07-22T21:07:45+00:00,URL-9b3c0d62f64f,1,2ae93d1646c6aafd,unique_url,,url-canon-v1.0-2026-07-27
NEWS-guardian_api-9b5f0691509c,https://www.theguardian.com/business/2013/jan/15/eurozone-crisis-german-gdp-shrinking-inflation,https://www.theguardian.com/business/2013/jan/15/eurozone-crisis-german-gdp-shrinking-inflation,,,2026-07-22T21:08:38+00:00,URL-9b5f0691509c,1,4f4f43e2838817b2,unique_url,,url-canon-v1.0-2026-07-27
NEWS-guardian_api-9b7c2dc00eaa,https://www.theguardian.com/politics/2012/nov/17/eu-referendum-poll,https://www.theguardian.com/politics/2012/nov/17/eu-referendum-poll,,,2026-07-22T21:08:30+00:00,URL-9b7c2dc00eaa,1,e597656588c7668b,unique_url,,url-canon-v1.0-2026-07-27
NEWS-guardian_api-9b8fd5ddfb07,https://www.theguardian.com/business/2013/jan/05/hard-working-families-osborne,https://www.theguardian.com/business/2013/jan/05/hard-working-families-osborne,,,2026-07-22T21:08:38+00:00,URL-9b8fd5ddfb07,1,abc6d0c2b696a363,unique_url,,url-canon-v1.0-2026-07-27
NEWS-guardian_api-9babbdea3d59,https://www.theguardian.com/healthcare-network/2013/jan/28/ccgs-commission-housing,https://www.theguardian.com/healthcare-network/2013/jan/28/ccgs-commission-housing,,,2026-07-22T21:09:02+00:00,URL-9babbdea3d59,1,e9622f2a88a561cb,unique_url,,url-canon-v1.0-2026-07-27
NEWS-guardian_api-9bb88c1df86c,https://www.theguardian.com/world/2025/nov/10/first-edition-cop30,https://www.theguardian.com/world/2025/nov/10/first-edition-cop30,,,2026-07-22T21:07:44+00:00,URL-9bb88c1df86c,1,c4183c0fd75c4e92,unique_url,,url-canon-v1.0-2026-07-27
NEWS-guardian_api-9bbc488fef97,https://www.theguardian.com/local-government-network/2013/jan/04/local-government-spending-cuts-austerity,https://www.theguardian.com/local-government-network/2013/jan/04/local-government-spending-cuts-austerity,,,2026-07-22T21:09:02+00:00,URL-9bbc488fef97,1,39042eda3476a88c,unique_url,,url-canon-v1.0-2026-07-27
NEWS-guardian_api-9be4f391a784,https://www.theguardian.com/politics/2026/feb/01/wales-independence-plaid-cymru-green-coalition-reform-cardiff-caerphilly-byelection,https://www.theguardian.com/politics/2026/feb/01/wales-independence-plaid-cymru-green-coalition-reform-cardiff-caerphilly-byelection,,,2026-07-22T21:08:18+00:00,URL-9be4f391a784,1,20fe5f9294c1cd9c,unique_url,,url-canon-v1.0-2026-07-27
NEWS-guardian_api-9beb4ba71288,https://www.theguardian.com/uk-news/2021/jan/29/scotland-draft-budget-bakes-in-inequality-campaigners-covid,https://www.theguardian.com/uk-news/2021/jan/29/scotland-draft-budget-bakes-in-inequality-campaigners-covid,,,2026-07-22T21:10:25+00:00,URL-9beb4ba71288,1,b746c2d40d2d25fb,unique_url,,url-canon-v1.0-2026-07-27
NEWS-guardian_api-9bfe243fd61c,https://www.theguardian.com/world/2020/dec/09/north-west-england-has-highest-proportion-of-people-shielding-from-covid,https://www.theguardian.com/world/2020/dec/09/north-west-england-has-highest-proportion-of-people-shielding-from-covid,,,2026-07-22T21:10:32+00:00,URL-9bfe243fd61c,1,be7c27f0f9ebdc97,unique_url,,url-canon-v1.0-2026-07-27
NEWS-guardian_api-9c0cd6e96736,https://www.theguardian.com/uk-news/2026/feb/17/hartlepool-councillors-threaten-to-quit-labour-childrens-social-care-budget,https://www.theguardian.com/uk-news/2026/feb/17/hartlepool-councillors-threaten-to-quit-labour-childrens-social-care-budget,,,2026-07-22T21:08:10+00:00,URL-9c0cd6e96736,1,75853e1edbfff2b2,unique_url,,url-canon-v1.0-2026-07-27
NEWS-guardian_api-9c0f4ec0ccfb,https://www.theguardian.com/politics/2016/nov/28/caroline-lucas-green-party-richmond-park-byelection-lib-dems,https://www.theguardian.com/politics/2016/nov/28/caroline-lucas-green-party-richmond-park-byelection-lib-dems,,,2026-07-22T21:09:19+00:00,URL-9c0f4ec0ccfb,1,cc56c8c2f04b6ee9,unique_url,,url-canon-v1.0-2026-07-27
NEWS-guardian_api-9c414281645b,https://www.theguardian.com/politics/blog/2012/nov/26/ukip-gets-christmas-presents-early,https://www.theguardian.com/politics/blog/2012/nov/26/ukip-gets-christmas-presents-early,,,2026-07-22T21:08:31+00:00,URL-9c414281645b,1,7361d9334ef2a25d,unique_url,,url-canon-v1.0-2026-07-27
NEWS-guardian_api-9c64ec2d6f54,https://www.theguardian.com/commentisfree/2016/dec/10/observer-editorial-government-must-increase-funding-social-care,https://www.theguardian.com/commentisfree/2016/dec/10/observer-editorial-government-must-increase-funding-social-care,,,2026-07-22T21:09:39+00:00,URL-9c64ec2d6f54,1,8fa9fe06002b2995,unique_url,,url-canon-v1.0-2026-07-27
NEWS-guardian_api-9cb531d892e7,https://www.theguardian.com/public-leaders-network/2012/dec/05/chancellor-aim-shrink-not-transform-state,https://www.theguardian.com/public-leaders-network/2012/dec/05/chancellor-aim-shrink-not-transform-state,,,2026-07-22T21:09:02+00:00,URL-9cb531d892e7,1,317c8d7780c0198c,unique_url,,url-canon-v1.0-2026-07-27
NEWS-guardian_api-9cd7757d7618,https://www.theguardian.com/commentisfree/2017/feb/06/labour-mps-vote-against-brexit-bill-amendments,https://www.theguardian.com/commentisfree/2017/feb/06/labour-mps-vote-against-brexit-bill-amendments,,,2026-07-22T21:09:47+00:00,URL-9cd7757d7618,1,0f2b15f6cea43da7,unique_url,,url-canon-v1.0-2026-07-27
NEWS-guardian_api-9d877a6710cf,https://www.theguardian.com/commentisfree/2017/jan/26/theresa-may-flight-donald-trump-book-guy-shafted,https://www.theguardian.com/commentisfree/2017/jan/26/theresa-may-flight-donald-trump-book-guy-shafted,,,2026-07-22T21:09:47+00:00,URL-9d877a6710cf,1,62a6afff0be9759e,unique_url,,url-canon-v1.0-2026-07-27
NEWS-guardian_api-9d878eaf6734,https://www.theguardian.com/politics/live/2026/mar/24/rachel-reeves-uk-economy-keir-starmer-iran-war-uk-politics-latest-news-updates,https://www.theguardian.com/politics/live/2026/mar/24/rachel-reeves-uk-economy-keir-starmer-iran-war-uk-politics-latest-news-updates,,,2026-07-22T21:07:54+00:00,URL-9d878eaf6734,1,3702410d6c816b23,unique_url,,url-canon-v1.0-2026-07-27
NEWS-guardian_api-9d8b1d2d6e1c,https://www.theguardian.com/politics/2025/nov/19/farages-wholesale-denial-of-detailed-racism-claims-is-troubling-says-former-extremism-adviser,https://www.theguardian.com/politics/2025/nov/19/farages-wholesale-denial-of-detailed-racism-claims-is-troubling-says-former-extremism-adviser,,,2026-07-22T21:07:44+00:00,URL-9d8b1d2d6e1c,1,b39fe1b13a254ab1,unique_url,,url-canon-v1.0-2026-07-27
NEWS-guardian_api-9d96a21d22cf,https://www.theguardian.com/politics/2017/jan/16/welsh-government-tables-bill-to-overturn-trade-union-act,https://www.theguardian.com/politics/2017/jan/16/welsh-government-tables-bill-to-overturn-trade-union-act,,,2026-07-22T21:09:47+00:00,URL-9d96a21d22cf,1,13bff3001fbba21f,unique_url,,url-canon-v1.0-2026-07-27
NEWS-guardian_api-9dea17fa1487,https://www.theguardian.com/world/2020/nov/26/englands-new-covid-rules-what-is-allowed-in-tiers-1-2-and-3,https://www.theguardian.com/world/2020/nov/26/englands-new-covid-rules-what-is-allowed-in-tiers-1-2-and-3,,,2026-07-22T21:10:12+00:00,URL-9dea17fa1487,1,3593bd52269cda87,unique_url,,url-canon-v1.0-2026-07-27
NEWS-guardian_api-9df3712946c6,https://www.theguardian.com/politics/live/2020/nov/12/coronavirus-covid-boris-johnson-lee-cain-keir-starmer-uk-politics-live,https://www.theguardian.com/politics/live/2020/nov/12/coronavirus-covid-boris-johnson-lee-cain-keir-starmer-uk-politics-live,,,2026-07-22T21:10:17+00:00,URL-9df3712946c6,1,3dcd4b794a23053b,unique_url,,url-canon-v1.0-2026-07-27
NEWS-guardian_api-9e291825f8a4,https://www.theguardian.com/world/live/2021/feb/08/uk-covid-live-oxford-vaccine-south-african-variant-coronavirus-latest-updates,https://www.theguardian.com/world/live/2021/feb/08/uk-covid-live-oxford-vaccine-south-african-variant-coronavirus-latest-updates,,,2026-07-22T21:10:32+00:00,URL-9e291825f8a4,1,7d346030a65d8ab6,unique_url,,url-canon-v1.0-2026-07-27
NEWS-guardian_api-9e65f7b3ed6d,https://www.theguardian.com/politics/2021/feb/27/austerity-is-alive-and-well-and-giving-public-services-a-kicking,https://www.theguardian.com/politics/2021/feb/27/austerity-is-alive-and-well-and-giving-public-services-a-kicking,,,2026-07-22T21:10:13+00:00,URL-9e65f7b3ed6d,1,607c75e8ca8655e6,unique_url,,url-canon-v1.0-2026-07-27
NEWS-guardian_api-9ec4bcb84a91,https://www.theguardian.com/society/2017/jan/11/care-home-closures-funding-crisis,https://www.theguardian.com/society/2017/jan/11/care-home-closures-funding-crisis,,,2026-07-22T21:09:40+00:00,URL-9ec4bcb84a91,1,e90d33f81e26f6fe,unique_url,,url-canon-v1.0-2026-07-27
NEWS-guardian_api-9efd49e01acc,https://www.theguardian.com/society/2020/nov/24/croydon-council-outlines-drastic-cuts-to-jobs-and-services,https://www.theguardian.com/society/2020/nov/24/croydon-council-outlines-drastic-cuts-to-jobs-and-services,,,2026-07-22T21:10:25+00:00,URL-9efd49e01acc,1,844e052073dad543,unique_url,,url-canon-v1.0-2026-07-27
NEWS-guardian_api-9f47203960c4,https://www.theguardian.com/public-leaders-network/2012/dec/05/autumn-statement-local-government-policy,https://www.theguardian.com/public-leaders-network/2012/dec/05/autumn-statement-local-government-policy,,,2026-07-22T21:08:55+00:00,URL-9f47203960c4,1,16228343cee3faad,unique_url,,url-canon-v1.0-2026-07-27
NEWS-guardian_api-9f5d941bc5b2,https://www.theguardian.com/commentisfree/2017/jan/20/war-austerity-has-begun-surrey-conservative-council-tax,https://www.theguardian.com/commentisfree/2017/jan/20/war-austerity-has-begun-surrey-conservative-council-tax,,,2026-07-22T21:09:26+00:00,URL-9f5d941bc5b2,1,5bd71f7b79edef49,unique_url,,url-canon-v1.0-2026-07-27
NEWS-guardian_api-9f7fef5677d6,https://www.theguardian.com/business/2025/nov/12/labour-infighting-rachel-reeves-budget-government-bond-markets,https://www.theguardian.com/business/2025/nov/12/labour-infighting-rachel-reeves-budget-government-bond-markets,,,2026-07-22T21:07:52+00:00,URL-9f7fef5677d6,1,1062ce33712c2149,unique_url,,url-canon-v1.0-2026-07-27
NEWS-guardian_api-9f8de059d739,https://www.theguardian.com/politics/2016/nov/13/nigel-farage-donald-trump-crispin-blunt-ukip,https://www.theguardian.com/politics/2016/nov/13/nigel-farage-donald-trump-crispin-blunt-ukip,,,2026-07-22T21:09:15+00:00,URL-9f8de059d739,1,e11e10bdc5880e60,unique_url,,url-canon-v1.0-2026-07-27
NEWS-guardian_api-9f906b2ed08e,https://www.theguardian.com/politics/2025/nov/26/is-nigel-farage-claim-that-allegations-of-racism-are-a-response-to-a-dislike-of-his-politics-true,https://www.theguardian.com/politics/2025/nov/26/is-nigel-farage-claim-that-allegations-of-racism-are-a-response-to-a-dislike-of-his-politics-true,,,2026-07-22T21:07:48+00:00,URL-9f906b2ed08e,1,e3c4fd807bfd02ba,unique_url,,url-canon-v1.0-2026-07-27
NEWS-guardian_api-9fc08541dbc1,https://www.theguardian.com/politics/2012/nov/26/what-politicians-should-not-say,https://www.theguardian.com/politics/2012/nov/26/what-politicians-should-not-say,,,2026-07-22T21:08:31+00:00,URL-9fc08541dbc1,1,6308a04bccd0ab83,unique_url,,url-canon-v1.0-2026-07-27
NEWS-guardian_api-a062362a13da,https://www.theguardian.com/commentisfree/2012/nov/04/labour-european-exit-ed-miliband,https://www.theguardian.com/commentisfree/2012/nov/04/labour-european-exit-ed-miliband,,,2026-07-22T21:08:30+00:00,URL-a062362a13da,1,f7f319a27dd89992,unique_url,,url-canon-v1.0-2026-07-27
NEWS-guardian_api-a097c8edcfb8,https://www.theguardian.com/commentisfree/belief/2013/jan/04/gay-bishops-ruling-church-england,https://www.theguardian.com/commentisfree/belief/2013/jan/04/gay-bishops-ruling-church-england,,,2026-07-22T21:08:34+00:00,URL-a097c8edcfb8,1,aff45312a8c4f35a,unique_url,,url-canon-v1.0-2026-07-27
NEWS-guardian_api-a0c034f3f7e4,https://www.theguardian.com/politics/blog/2012/dec/13/george-osborne-questioned-autumn-statement-live,https://www.theguardian.com/politics/blog/2012/dec/13/george-osborne-questioned-autumn-statement-live,,,2026-07-22T21:08:34+00:00,URL-a0c034f3f7e4,1,db91ab44cdf76e17,unique_url,,url-canon-v1.0-2026-07-27
NEWS-guardian_api-a160b7854d18,https://www.theguardian.com/politics/2020/nov/08/boris-johnson-under-pressure-to-avoid-no-deal-brexit-after-biden-victory,https://www.theguardian.com/politics/2020/nov/08/boris-johnson-under-pressure-to-avoid-no-deal-brexit-after-biden-victory,,,2026-07-22T21:10:20+00:00,URL-a160b7854d18,1,48ddb1a8db2e32ee,unique_url,,url-canon-v1.0-2026-07-27
NEWS-guardian_api-a1800d20c4be,https://www.theguardian.com/uk-news/2026/jan/13/scottish-budget-snp-government-cuts-taxes-for-lowest-earners,https://www.theguardian.com/uk-news/2026/jan/13/scottish-budget-snp-government-cuts-taxes-for-lowest-earners,,,2026-07-22T21:08:18+00:00,URL-a1800d20c4be,1,144221714d4dc900,unique_url,,url-canon-v1.0-2026-07-27
NEWS-guardian_api-a1af1b6135a1,https://www.theguardian.com/politics/2016/nov/14/theresa-may-does-not-need-third-person-nigel-farage-in-trump-relationship-no-10,https://www.theguardian.com/politics/2016/nov/14/theresa-may-does-not-need-third-person-nigel-farage-in-trump-relationship-no-10,,,2026-07-22T21:09:15+00:00,URL-a1af1b6135a1,1,91e5520d6cc5014d,unique_url,,url-canon-v1.0-2026-07-27
NEWS-guardian_api-a1bcade4c62d,https://www.theguardian.com/politics/2025/nov/16/angela-rayner-condemns-labour-infighting-but-does-not-rule-out-running-for-leader,https://www.theguardian.com/politics/2025/nov/16/angela-rayner-condemns-labour-infighting-but-does-not-rule-out-running-for-leader,,,2026-07-22T21:08:02+00:00,URL-a1bcade4c62d,1,3b5997dbb20e5e9e,unique_url,,url-canon-v1.0-2026-07-27
NEWS-guardian_api-a1d448911e18,https://www.theguardian.com/politics/2025/nov/16/how-to-stop-the-rise-of-reform-uk-expose-its-contradictions,https://www.theguardian.com/politics/2025/nov/16/how-to-stop-the-rise-of-reform-uk-expose-its-contradictions,,,2026-07-22T21:07:44+00:00,URL-a1d448911e18,1,62d1fe68a373b41b,unique_url,,url-canon-v1.0-2026-07-27
NEWS-guardian_api-a25d7b01d031,https://www.theguardian.com/global/blog/2017/jan/18/pmqs-verdict-may-sees-off-corbyn-over-brexit,https://www.theguardian.com/global/blog/2017/jan/18/pmqs-verdict-may-sees-off-corbyn-over-brexit,,,2026-07-22T21:09:47+00:00,URL-a25d7b01d031,1,65813b663a0cbd3b,unique_url,,url-canon-v1.0-2026-07-27
NEWS-guardian_api-a29310502a51,https://www.theguardian.com/housing-network/2016/nov/23/autumn-statement-2016-social-housing,https://www.theguardian.com/housing-network/2016/nov/23/autumn-statement-2016-social-housing,,,2026-07-22T21:09:39+00:00,URL-a29310502a51,1,e26b8c8bad59b4a7,unique_url,,url-canon-v1.0-2026-07-27
NEWS-guardian_api-a2b89eb4e351,https://www.theguardian.com/commentisfree/2016/nov/11/nigel-farage-donald-trump-groper-in-chief-ukip,https://www.theguardian.com/commentisfree/2016/nov/11/nigel-farage-donald-trump-groper-in-chief-ukip,,,2026-07-22T21:09:15+00:00,URL-a2b89eb4e351,1,258224785c9506e0,unique_url,,url-canon-v1.0-2026-07-27
NEWS-guardian_api-a2f2dacf9a68,https://www.theguardian.com/commentisfree/2016/dec/12/mark-carney-britains-car-wash-economy-low-wage-jobs,https://www.theguardian.com/commentisfree/2016/dec/12/mark-carney-britains-car-wash-economy-low-wage-jobs,,,2026-07-22T21:09:47+00:00,URL-a2f2dacf9a68,1,eee07790d26f4ea2,unique_url,,url-canon-v1.0-2026-07-27
NEWS-guardian_api-a3577fa415ba,https://www.theguardian.com/world/live/2021/jan/24/coronavirus-live-news-us-nears-25m-cases-as-three-infections-linked-to-australian-open-confirmed-as-uk-strain,https://www.theguardian.com/world/live/2021/jan/24/coronavirus-live-news-us-nears-25m-cases-as-three-infections-linked-to-australian-open-confirmed-as-uk-strain,,,2026-07-22T21:10:25+00:00,URL-a3577fa415ba,1,d0496f9dd2501cb6,unique_url,,url-canon-v1.0-2026-07-27
NEWS-guardian_api-a35f26140bb2,https://www.theguardian.com/education/2012/nov/12/council-for-defence-of-british-universities,https://www.theguardian.com/education/2012/nov/12/council-for-defence-of-british-universities,,,2026-07-22T21:08:47+00:00,URL-a35f26140bb2,1,4585c2aa0047d420,unique_url,,url-canon-v1.0-2026-07-27
NEWS-guardian_api-a4219bda4679,https://www.theguardian.com/education/2012/nov/09/students-must-demand-debt-abolition-for-all,https://www.theguardian.com/education/2012/nov/09/students-must-demand-debt-abolition-for-all,,,2026-07-22T21:08:38+00:00,URL-a4219bda4679,1,909f04e34391a5b0,unique_url,,url-canon-v1.0-2026-07-27
NEWS-guardian_api-a4439b78711f,https://www.theguardian.com/society/2020/nov/19/cut-to-anti-bullying-funding-in-england-for-lgbtq-young-people-callous,https://www.theguardian.com/society/2020/nov/19/cut-to-anti-bullying-funding-in-england-for-lgbtq-young-people-callous,,,2026-07-22T21:10:25+00:00,URL-a4439b78711f,1,62d34d87b5a75078,unique_url,,url-canon-v1.0-2026-07-27
NEWS-guardian_api-a44a37b3b283,https://www.theguardian.com/uk-news/2016/nov/12/councils-accuse-home-office-of-dragging-heels-over-calais-migrant-children,https://www.theguardian.com/uk-news/2016/nov/12/councils-accuse-home-office-of-dragging-heels-over-calais-migrant-children,,,2026-07-22T21:09:39+00:00,URL-a44a37b3b283,1,85a70d814f4d1e51,unique_url,,url-canon-v1.0-2026-07-27
NEWS-guardian_api-a4674f1776ed,https://www.theguardian.com/business/2013/jan/15/rising-energy-bills-inflation,https://www.theguardian.com/business/2013/jan/15/rising-energy-bills-inflation,,,2026-07-22T21:08:38+00:00,URL-a4674f1776ed,1,0f46fe871e003cb3,unique_url,,url-canon-v1.0-2026-07-27
NEWS-guardian_api-a48b3d0d3f89,https://www.theguardian.com/news/2016/dec/04/big-issue-social-care-funding-crisis,https://www.theguardian.com/news/2016/dec/04/big-issue-social-care-funding-crisis,,,2026-07-22T21:09:39+00:00,URL-a48b3d0d3f89,1,58c0184303746a8e,unique_url,,url-canon-v1.0-2026-07-27
NEWS-guardian_api-a4af35c0a94d,https://www.theguardian.com/world/2012/nov/19/britain-sleepwalking-eu-exit-cameron,https://www.theguardian.com/world/2012/nov/19/britain-sleepwalking-eu-exit-cameron,,,2026-07-22T21:08:30+00:00,URL-a4af35c0a94d,1,e4f0180c06969027,unique_url,,url-canon-v1.0-2026-07-27
NEWS-guardian_api-a4bead9c2b69,https://www.theguardian.com/society/2017/feb/19/basic-income-finland-low-wages-fewer-jobs,https://www.theguardian.com/society/2017/feb/19/basic-income-finland-low-wages-fewer-jobs,,,2026-07-22T21:09:23+00:00,URL-a4bead9c2b69,1,462f82d96d4055a7,unique_url,,url-canon-v1.0-2026-07-27
NEWS-guardian_api-a5331bdd8760,https://www.theguardian.com/commentisfree/2021/mar/11/johnson-success-cop26-climate-conference,https://www.theguardian.com/commentisfree/2021/mar/11/johnson-success-cop26-climate-conference,,,2026-07-22T21:10:07+00:00,URL-a5331bdd8760,1,f91aea65ec3ca388,unique_url,,url-canon-v1.0-2026-07-27
NEWS-guardian_api-a53c2ee2c9c6,https://www.theguardian.com/commentisfree/2021/jan/17/oh-see-how-the-tories-now-run-from-donald-trump,https://www.theguardian.com/commentisfree/2021/jan/17/oh-see-how-the-tories-now-run-from-donald-trump,,,2026-07-22T21:10:03+00:00,URL-a53c2ee2c9c6,1,d8bf18baf89491e9,unique_url,,url-canon-v1.0-2026-07-27
NEWS-guardian_api-a5417b0cdeb9,https://www.theguardian.com/politics/blog/live/2017/jan/09/theresa-may-speech-mental-health-shared-society-cross-chief-says-his-humanitarian-crisis-label-for-nhs-fully-justified-politics-live,https://www.theguardian.com/politics/blog/live/2017/jan/09/theresa-may-speech-mental-health-shared-society-cross-chief-says-his-humanitarian-crisis-label-for-nhs-fully-justified-politics-live,,,2026-07-22T21:09:19+00:00,URL-a5417b0cdeb9,1,ae1c40ee4b479989,unique_url,,url-canon-v1.0-2026-07-27
NEWS-guardian_api-a560d9f8cf2b,https://www.theguardian.com/media/2012/nov/12/bbc-entwistle-deal-cameron-mps,https://www.theguardian.com/media/2012/nov/12/bbc-entwistle-deal-cameron-mps,,,2026-07-22T21:08:47+00:00,URL-a560d9f8cf2b,1,0b63b02593c53f6c,unique_url,,url-canon-v1.0-2026-07-27
NEWS-guardian_api-a579d2ff7743,https://www.theguardian.com/commentisfree/2013/mar/31/french-lesson-ed-miliband-proper-plan,https://www.theguardian.com/commentisfree/2013/mar/31/french-lesson-ed-miliband-proper-plan,,,2026-07-22T21:09:08+00:00,URL-a579d2ff7743,1,de9b352015b9ee64,unique_url,,url-canon-v1.0-2026-07-27
NEWS-guardian_api-a5b892916f80,https://www.theguardian.com/politics/2025/nov/13/reform-uk-accused-racism-student-organisation-matthew-goodwin,https://www.theguardian.com/politics/2025/nov/13/reform-uk-accused-racism-student-organisation-matthew-goodwin,,,2026-07-22T21:07:44+00:00,URL-a5b892916f80,1,e5a211007f8d1e45,unique_url,,url-canon-v1.0-2026-07-27
NEWS-guardian_api-a5b90c061570,https://www.theguardian.com/politics/blog/live/2016/nov/29/tories-have-16-pt-lead-over-labour-and-highest-vote-share-for-7-years-poll-suggests-politics-live,https://www.theguardian.com/politics/blog/live/2016/nov/29/tories-have-16-pt-lead-over-labour-and-highest-vote-share-for-7-years-poll-suggests-politics-live,,,2026-07-22T21:09:19+00:00,URL-a5b90c061570,1,de281a39227f8eeb,unique_url,,url-canon-v1.0-2026-07-27
NEWS-guardian_api-a5c5724f9f23,https://www.theguardian.com/politics/2016/dec/10/miliband-soft-brexit-labour-conflict-grows-migration,https://www.theguardian.com/politics/2016/dec/10/miliband-soft-brexit-labour-conflict-grows-migration,,,2026-07-22T21:09:52+00:00,URL-a5c5724f9f23,1,e1441ce6cf27d549,unique_url,,url-canon-v1.0-2026-07-27
NEWS-guardian_api-a65190cf1025,https://www.theguardian.com/world/2016/nov/16/cctv-cameras-being-switched-off-to-save-money-watchdog-warns,https://www.theguardian.com/world/2016/nov/16/cctv-cameras-being-switched-off-to-save-money-watchdog-warns,,,2026-07-22T21:09:39+00:00,URL-a65190cf1025,1,d31a0b679239c591,unique_url,,url-canon-v1.0-2026-07-27
NEWS-guardian_api-a6536d41127f,https://www.theguardian.com/environment/2020/nov/17/the-key-areas-of-boris-johnsons-green-industrial-revolution,https://www.theguardian.com/environment/2020/nov/17/the-key-areas-of-boris-johnsons-green-industrial-revolution,,,2026-07-22T21:10:25+00:00,URL-a6536d41127f,1,75c24cf74ee61a1b,unique_url,,url-canon-v1.0-2026-07-27
NEWS-guardian_api-a66652bc8a47,https://www.theguardian.com/society-professionals/2016/nov/30/guardian-public-service-awards-2016-learning-and-development-winner-independent-lives,https://www.theguardian.com/society-professionals/2016/nov/30/guardian-public-service-awards-2016-learning-and-development-winner-independent-lives,,,2026-07-22T21:09:47+00:00,URL-a66652bc8a47,1,51958fa48f4af8ce,unique_url,,url-canon-v1.0-2026-07-27
NEWS-guardian_api-a6f49eb23ff3,https://www.theguardian.com/uk/2012/nov/12/police-crime-commissioner-elections-green,https://www.theguardian.com/uk/2012/nov/12/police-crime-commissioner-elections-green,,,2026-07-22T21:08:47+00:00,URL-a6f49eb23ff3,1,20cd394135a2e6c7,unique_url,,url-canon-v1.0-2026-07-27
NEWS-guardian_api-a729d85f83ad,https://www.theguardian.com/commentisfree/2021/jan/27/rishi-sunak-brinkmanship-crisis-furlough-universal-credit,https://www.theguardian.com/commentisfree/2021/jan/27/rishi-sunak-brinkmanship-crisis-furlough-universal-credit,,,2026-07-22T21:10:32+00:00,URL-a729d85f83ad,1,c92d57480deab7f8,unique_url,,url-canon-v1.0-2026-07-27
NEWS-guardian_api-a763cb454f46,https://www.theguardian.com/uk-news/2025/nov/10/legal-experts-politicians-criticise-process-ban-palestine-action,https://www.theguardian.com/uk-news/2025/nov/10/legal-experts-politicians-criticise-process-ban-palestine-action,,,2026-07-22T21:08:02+00:00,URL-a763cb454f46,1,5f9f8c980241569d,unique_url,,url-canon-v1.0-2026-07-27
NEWS-guardian_api-a77f3798216e,https://www.theguardian.com/commentisfree/2016/nov/30/social-care-life-support-chancellor-autumn-statement-cuts,https://www.theguardian.com/commentisfree/2016/nov/30/social-care-life-support-chancellor-autumn-statement-cuts,,,2026-07-22T21:09:47+00:00,URL-a77f3798216e,1,f5e053e5b09b4cfb,unique_url,,url-canon-v1.0-2026-07-27
NEWS-guardian_api-a7db6852f796,https://www.theguardian.com/uk-news/2026/jan/20/starmer-could-face-rebellion-by-north-west-labour-mps-over-local-funding,https://www.theguardian.com/uk-news/2026/jan/20/starmer-could-face-rebellion-by-north-west-labour-mps-over-local-funding,,,2026-07-22T21:08:10+00:00,URL-a7db6852f796,1,c9687464dce90a19,unique_url,,url-canon-v1.0-2026-07-27
NEWS-guardian_api-a8146c7d1b03,https://www.theguardian.com/politics/2021/may/04/if-starmer-wants-to-win-hartlepool-polls-suggest-he-should-stop-visiting,https://www.theguardian.com/politics/2021/may/04/if-starmer-wants-to-win-hartlepool-polls-suggest-he-should-stop-visiting,,,2026-07-22T21:10:38+00:00,URL-a8146c7d1b03,1,17dc67903f1e1867,unique_url,,url-canon-v1.0-2026-07-27
NEWS-guardian_api-a84c1bf5c451,https://www.theguardian.com/business/2016/dec/13/uk-inflation-november-petrol-clothing-ons,https://www.theguardian.com/business/2016/dec/13/uk-inflation-november-petrol-clothing-ons,,,2026-07-22T21:09:22+00:00,URL-a84c1bf5c451,1,80966005a6f49bb5,unique_url,,url-canon-v1.0-2026-07-27
NEWS-guardian_api-a8687574c3f9,https://www.theguardian.com/society/2012/nov/21/newcastle-council-slash-jobs-close-libraries,https://www.theguardian.com/society/2012/nov/21/newcastle-council-slash-jobs-close-libraries,,,2026-07-22T21:08:55+00:00,URL-a8687574c3f9,1,ca32ee797aa21ed3,unique_url,,url-canon-v1.0-2026-07-27
NEWS-guardian_api-a94408b405be,https://www.theguardian.com/uk-news/2016/nov/29/scottish-councils-cash-reserves-are-running-out-says-watchdog,https://www.theguardian.com/uk-news/2016/nov/29/scottish-councils-cash-reserves-are-running-out-says-watchdog,,,2026-07-22T21:09:39+00:00,URL-a94408b405be,1,83af0ce9ca066dcd,unique_url,,url-canon-v1.0-2026-07-27
NEWS-guardian_api-a9d809687d42,https://www.theguardian.com/politics/live/2021/jan/20/uk-coronavirus-live-priti-patel-calls-for-vaccine-priority-list-to-be-changed-so-police-get-priority,https://www.theguardian.com/politics/live/2021/jan/20/uk-coronavirus-live-priti-patel-calls-for-vaccine-priority-list-to-be-changed-so-police-get-priority,,,2026-07-22T21:10:25+00:00,URL-a9d809687d42,1,e812bca273130be4,unique_url,,url-canon-v1.0-2026-07-27
NEWS-guardian_api-aa23e1a9fb65,https://www.theguardian.com/uk-news/2016/nov/15/uk-tax-cuts-pwc-philip-hammond-autumn-statement-gdp-growth,https://www.theguardian.com/uk-news/2016/nov/15/uk-tax-cuts-pwc-philip-hammond-autumn-statement-gdp-growth,,,2026-07-22T21:09:32+00:00,URL-aa23e1a9fb65,1,5d195b77aa80eacf,unique_url,,url-canon-v1.0-2026-07-27
NEWS-guardian_api-aa4e72df8f6b,https://www.theguardian.com/uk/2012/nov/25/rotherham-council-ukip-foster,https://www.theguardian.com/uk/2012/nov/25/rotherham-council-ukip-foster,,,2026-07-22T21:08:30+00:00,URL-aa4e72df8f6b,1,3b0a93ff881093c0,unique_url,,url-canon-v1.0-2026-07-27
NEWS-guardian_api-aa5df3a6ec8c,https://www.theguardian.com/uk-news/2017/jan/24/nhs-hands-over-patient-records-to-home-office-for-immigration-crackdown,https://www.theguardian.com/uk-news/2017/jan/24/nhs-hands-over-patient-records-to-home-office-for-immigration-crackdown,,,2026-07-22T21:09:47+00:00,URL-aa5df3a6ec8c,1,5712691a7cb8e69a,unique_url,,url-canon-v1.0-2026-07-27
NEWS-guardian_api-aa7aa062bb23,https://www.theguardian.com/politics/2012/nov/09/metropolitan-lines-boris-johnson-fares-increases,https://www.theguardian.com/politics/2012/nov/09/metropolitan-lines-boris-johnson-fares-increases,,,2026-07-22T21:08:38+00:00,URL-aa7aa062bb23,1,3ca8788b3eddb7b9,unique_url,,url-canon-v1.0-2026-07-27
NEWS-guardian_api-aa8a04b696ea,https://www.theguardian.com/politics/live/2025/dec/11/uk-politics-latest-news-updates-labour-conservatives-house-of-lords,https://www.theguardian.com/politics/live/2025/dec/11/uk-politics-latest-news-updates-labour-conservatives-house-of-lords,,,2026-07-22T21:08:10+00:00,URL-aa8a04b696ea,1,9c63d7b1aaae63bf,unique_url,,url-canon-v1.0-2026-07-27
NEWS-guardian_api-aae0d552d3f5,https://www.theguardian.com/politics/video/2012/nov/24/ukip-fostering-children-ed-miliband-video,https://www.theguardian.com/politics/video/2012/nov/24/ukip-fostering-children-ed-miliband-video,,,2026-07-22T21:08:30+00:00,URL-aae0d552d3f5,1,,unique_url,,url-canon-v1.0-2026-07-27
NEWS-guardian_api-aaf71274576d,https://www.theguardian.com/commentisfree/2016/dec/04/richmond-park-byelection-lib-dems-brexit-sleaford-earthquake,https://www.theguardian.com/commentisfree/2016/dec/04/richmond-park-byelection-lib-dems-brexit-sleaford-earthquake,,,2026-07-22T21:09:19+00:00,URL-aaf71274576d,1,ac1574c573a23e26,unique_url,,url-canon-v1.0-2026-07-27
NEWS-guardian_api-ab2b483c433e,https://www.theguardian.com/politics/2013/jan/20/david-cameron-europe-speech-delivered,https://www.theguardian.com/politics/2013/jan/20/david-cameron-europe-speech-delivered,,,2026-07-22T21:08:34+00:00,URL-ab2b483c433e,1,f281e90e5ebff1c7,unique_url,,url-canon-v1.0-2026-07-27
NEWS-guardian_api-ab6e562290c5,https://www.theguardian.com/politics/live/2025/nov/18/labour-asylum-seekers-keir-starmer-reform-nigel-farage-uk-politics-latest-news,https://www.theguardian.com/politics/live/2025/nov/18/labour-asylum-seekers-keir-starmer-reform-nigel-farage-uk-politics-latest-news,,,2026-07-22T21:07:44+00:00,URL-ab6e562290c5,1,4e1cd25d9690bf46,unique_url,,url-canon-v1.0-2026-07-27
NEWS-guardian_api-ab70e67e9d1f,https://www.theguardian.com/business/2017/jan/31/theresa-may-inequality-margaret-thatcher-resolution-foundation,https://www.theguardian.com/business/2017/jan/31/theresa-may-inequality-margaret-thatcher-resolution-foundation,,,2026-07-22T21:09:23+00:00,URL-ab70e67e9d1f,1,3a2319c125e20f96,unique_url,,url-canon-v1.0-2026-07-27
NEWS-guardian_api-abb2097edd47,https://www.theguardian.com/education/2017/feb/07/what-if-uk-university-goes-bust-ucas-students,https://www.theguardian.com/education/2017/feb/07/what-if-uk-university-goes-bust-ucas-students,,,2026-07-22T21:09:26+00:00,URL-abb2097edd47,1,e227ead119b717c6,unique_url,,url-canon-v1.0-2026-07-27
NEWS-guardian_api-abb6fb8ca3ba,https://www.theguardian.com/society/2016/nov/05/rising-rents-force-housing-policy-change-homes-tory,https://www.theguardian.com/society/2016/nov/05/rising-rents-force-housing-policy-change-homes-tory,,,2026-07-22T21:09:36+00:00,URL-abb6fb8ca3ba,1,851b00206cb16443,unique_url,,url-canon-v1.0-2026-07-27
NEWS-guardian_api-ac071eb6ccd1,https://www.theguardian.com/politics/2016/dec/22/sheffield-city-regions-bid-to-absorb-chesterfield-faces-legal-setback,https://www.theguardian.com/politics/2016/dec/22/sheffield-city-regions-bid-to-absorb-chesterfield-faces-legal-setback,,,2026-07-22T21:09:40+00:00,URL-ac071eb6ccd1,1,7db27395a6776a3f,unique_url,,url-canon-v1.0-2026-07-27
NEWS-guardian_api-ac4bfab7e055,https://www.theguardian.com/business/2016/nov/20/jam-tomorrow-all-philip-hammond-is-likely-to-offer-struggling-britons,https://www.theguardian.com/business/2016/nov/20/jam-tomorrow-all-philip-hammond-is-likely-to-offer-struggling-britons,,,2026-07-22T21:09:22+00:00,URL-ac4bfab7e055,1,32c8cc9c7f6118c5,unique_url,,url-canon-v1.0-2026-07-27
NEWS-guardian_api-ac4d9b6218c2,https://www.theguardian.com/politics/2013/mar/09/britons-george-osborne-opinion-poll,https://www.theguardian.com/politics/2013/mar/09/britons-george-osborne-opinion-poll,,,2026-07-22T21:09:07+00:00,URL-ac4d9b6218c2,1,19263149fc4dcd70,unique_url,,url-canon-v1.0-2026-07-27
NEWS-guardian_api-ac54978f4427,https://www.theguardian.com/commentisfree/2020/nov/13/the-guardian-view-on-the-care-system-stop-this-cruelty-to-children,https://www.theguardian.com/commentisfree/2020/nov/13/the-guardian-view-on-the-care-system-stop-this-cruelty-to-children,,,2026-07-22T21:10:25+00:00,URL-ac54978f4427,1,2dddb17a0046f025,unique_url,,url-canon-v1.0-2026-07-27
NEWS-guardian_api-ac6654dfc1d2,https://www.theguardian.com/commentisfree/2013/jan/02/iain-duncan-smith-polemic-politics-cynical,https://www.theguardian.com/commentisfree/2013/jan/02/iain-duncan-smith-polemic-politics-cynical,,,2026-07-22T21:08:38+00:00,URL-ac6654dfc1d2,1,eb11317bac7eced8,unique_url,,url-canon-v1.0-2026-07-27
NEWS-guardian_api-ac73fbd39c4a,https://www.theguardian.com/politics/2025/nov/10/billionaire-tory-donor-lord-bamford-gives-200000-to-reform-uk,https://www.theguardian.com/politics/2025/nov/10/billionaire-tory-donor-lord-bamford-gives-200000-to-reform-uk,,,2026-07-22T21:07:44+00:00,URL-ac73fbd39c4a,1,f31b41185e41e0bb,unique_url,,url-canon-v1.0-2026-07-27
NEWS-guardian_api-ac7963ab6758,https://www.theguardian.com/environment/2026/feb/26/calls-to-move-england-home-insulation-scheme-into-council-workers-hands,https://www.theguardian.com/environment/2026/feb/26/calls-to-move-england-home-insulation-scheme-into-council-workers-hands,,,2026-07-22T21:08:10+00:00,URL-ac7963ab6758,1,d84805045db52413,unique_url,,url-canon-v1.0-2026-07-27
NEWS-guardian_api-ac9ce3ab1439,https://www.theguardian.com/commentisfree/2020/nov/07/boris-johnson-cant-tame-crackpot-rebels-because-hes-one-of-them,https://www.theguardian.com/commentisfree/2020/nov/07/boris-johnson-cant-tame-crackpot-rebels-because-hes-one-of-them,,,2026-07-22T21:10:20+00:00,URL-ac9ce3ab1439,1,cd372796ff8f3587,unique_url,,url-canon-v1.0-2026-07-27
NEWS-guardian_api-acb9b43b90a3,https://www.theguardian.com/politics/2016/dec/13/labour-must-fight-battle-of-our-times-over-hard-brexit-says-keir-starmer,https://www.theguardian.com/politics/2016/dec/13/labour-must-fight-battle-of-our-times-over-hard-brexit-says-keir-starmer,,,2026-07-22T21:09:19+00:00,URL-acb9b43b90a3,1,3ff7adf7b3c9d979,unique_url,,url-canon-v1.0-2026-07-27
NEWS-guardian_api-acea947ab662,https://www.theguardian.com/commentisfree/2012/nov/25/britain-europe-european-union,https://www.theguardian.com/commentisfree/2012/nov/25/britain-europe-european-union,,,2026-07-22T21:08:30+00:00,URL-acea947ab662,1,0dbd8be73fc94613,unique_url,,url-canon-v1.0-2026-07-27
NEWS-guardian_api-ad460bd44472,https://www.theguardian.com/commentisfree/2020/dec/18/keir-starmer-britain-brexit-pandemic,https://www.theguardian.com/commentisfree/2020/dec/18/keir-starmer-britain-brexit-pandemic,,,2026-07-22T21:10:32+00:00,URL-ad460bd44472,1,6247acbb41a50fbc,unique_url,,url-canon-v1.0-2026-07-27
NEWS-guardian_api-ae151a9e6b78,https://www.theguardian.com/commentisfree/2025/dec/08/disabled-people-luxury-cars-rightwing-lie-labour-motability,https://www.theguardian.com/commentisfree/2025/dec/08/disabled-people-luxury-cars-rightwing-lie-labour-motability,,,2026-07-22T21:08:18+00:00,URL-ae151a9e6b78,1,2bec2c25854e8241,unique_url,,url-canon-v1.0-2026-07-27
NEWS-guardian_api-ae2a9d32e60c,https://www.theguardian.com/society/2025/dec/24/motor-neurone-disease-die-home-adaptations-campaigners,https://www.theguardian.com/society/2025/dec/24/motor-neurone-disease-die-home-adaptations-campaigners,,,2026-07-22T21:08:10+00:00,URL-ae2a9d32e60c,1,72bbaddc70ce0309,unique_url,,url-canon-v1.0-2026-07-27
NEWS-guardian_api-ae8d528a0868,https://www.theguardian.com/uk-news/2017/jan/05/northumbria-police-chief-fight-cuts-women-refuges-sunderland-vera-baird,https://www.theguardian.com/uk-news/2017/jan/05/northumbria-police-chief-fight-cuts-women-refuges-sunderland-vera-baird,,,2026-07-22T21:09:40+00:00,URL-ae8d528a0868,1,dff2c8f17884da8a,unique_url,,url-canon-v1.0-2026-07-27
NEWS-guardian_api-aec1424fae27,https://www.theguardian.com/politics/blog/live/2016/dec/13/labour-will-fight-to-stop-a-hard-brexit-says-starmer-politics-live,https://www.theguardian.com/politics/blog/live/2016/dec/13/labour-will-fight-to-stop-a-hard-brexit-says-starmer-politics-live,,,2026-07-22T21:09:19+00:00,URL-aec1424fae27,1,695cb449015f28e4,unique_url,,url-canon-v1.0-2026-07-27
NEWS-guardian_api-aec7f785b2e4,https://www.theguardian.com/society/2016/dec/12/social-care-spending-falling-postcode-lottery,https://www.theguardian.com/society/2016/dec/12/social-care-spending-falling-postcode-lottery,,,2026-07-22T21:09:39+00:00,URL-aec7f785b2e4,1,774bf9c4905d8335,unique_url,,url-canon-v1.0-2026-07-27
NEWS-guardian_api-aed22ca1ec42,https://www.theguardian.com/money/2016/nov/12/refsuing-child-benefit-new-mums-state-pension-hit,https://www.theguardian.com/money/2016/nov/12/refsuing-child-benefit-new-mums-state-pension-hit,,,2026-07-22T21:09:32+00:00,URL-aed22ca1ec42,1,51da815cf3d21b6f,unique_url,,url-canon-v1.0-2026-07-27
NEWS-guardian_api-af443b63928e,https://www.theguardian.com/commentisfree/2020/nov/10/covid-lockdown-nigel-farage-brexit-national-panic,https://www.theguardian.com/commentisfree/2020/nov/10/covid-lockdown-nigel-farage-brexit-national-panic,,,2026-07-22T21:10:03+00:00,URL-af443b63928e,1,85b90027220dada1,unique_url,,url-canon-v1.0-2026-07-27
NEWS-guardian_api-af5720e50b3a,https://www.theguardian.com/commentisfree/2016/dec/18/brexit-leavers-fear-their-lies-will-haunt-them,https://www.theguardian.com/commentisfree/2016/dec/18/brexit-leavers-fear-their-lies-will-haunt-them,,,2026-07-22T21:09:19+00:00,URL-af5720e50b3a,1,04bf7de2850af135,unique_url,,url-canon-v1.0-2026-07-27
NEWS-guardian_api-afdeacd4a377,https://www.theguardian.com/politics/blog/2012/dec/17/clegg-speech-welfare-tories-live-blog,https://www.theguardian.com/politics/blog/2012/dec/17/clegg-speech-welfare-tories-live-blog,,,2026-07-22T21:08:34+00:00,URL-afdeacd4a377,1,ab085906d99e0a0d,unique_url,,url-canon-v1.0-2026-07-27
NEWS-guardian_api-afe6843cf8f0,https://www.theguardian.com/commentisfree/2025/nov/10/bbc-enemies-attack-robbie-gibb-board,https://www.theguardian.com/commentisfree/2025/nov/10/bbc-enemies-attack-robbie-gibb-board,,,2026-07-22T21:08:02+00:00,URL-afe6843cf8f0,1,3933adb9f5d86a0c,unique_url,,url-canon-v1.0-2026-07-27
NEWS-guardian_api-b038452a9ef5,https://www.theguardian.com/politics/2016/nov/10/how-uk-politics-trade-and-security-could-be-affected-by-trump,https://www.theguardian.com/politics/2016/nov/10/how-uk-politics-trade-and-security-could-be-affected-by-trump,,,2026-07-22T21:09:15+00:00,URL-b038452a9ef5,1,b61120ecadb68c6a,unique_url,,url-canon-v1.0-2026-07-27
NEWS-guardian_api-b06e280013c4,https://www.theguardian.com/society/2021/jan/13/lowest-paid-in-uk-have-suffered-the-most-financially-in-the-pandemic-report-finds,https://www.theguardian.com/society/2021/jan/13/lowest-paid-in-uk-have-suffered-the-most-financially-in-the-pandemic-report-finds,,,2026-07-22T21:10:07+00:00,URL-b06e280013c4,1,6a880d6afd4c4394,unique_url,,url-canon-v1.0-2026-07-27
NEWS-guardian_api-b0790b0382a4,https://www.theguardian.com/politics/live/2017/apr/21/general-election-2017-campaign-brexit-corbyn-may-farron-politics-live,https://www.theguardian.com/politics/live/2017/apr/21/general-election-2017-campaign-brexit-corbyn-may-farron-politics-live,,,2026-07-22T21:09:52+00:00,URL-b0790b0382a4,1,360600798e70f7bf,unique_url,,url-canon-v1.0-2026-07-27
NEWS-guardian_api-b083390c72d2,https://www.theguardian.com/world/2012/nov/06/eu-budget-watchdog-funds-wasted,https://www.theguardian.com/world/2012/nov/06/eu-budget-watchdog-funds-wasted,,,2026-07-22T21:08:47+00:00,URL-b083390c72d2,1,fd44f11754db5b94,unique_url,,url-canon-v1.0-2026-07-27
NEWS-guardian_api-b0b39f3474ab,https://www.theguardian.com/commentisfree/2025/nov/25/the-guardian-view-on-renewing-municipal-england-the-tories-malign-legacy-lives-on,https://www.theguardian.com/commentisfree/2025/nov/25/the-guardian-view-on-renewing-municipal-england-the-tories-malign-legacy-lives-on,,,2026-07-22T21:08:10+00:00,URL-b0b39f3474ab,1,8c26c4bcfd6fb046,unique_url,,url-canon-v1.0-2026-07-27
NEWS-guardian_api-b0bd6fc9c322,https://www.theguardian.com/environment/2012/nov/12/ash-dieback-ministers-accused,https://www.theguardian.com/environment/2012/nov/12/ash-dieback-ministers-accused,,,2026-07-22T21:08:47+00:00,URL-b0bd6fc9c322,1,709f375f0443c2d3,unique_url,,url-canon-v1.0-2026-07-27
NEWS-guardian_api-b0df746edc1c,https://www.theguardian.com/politics/2025/nov/18/keir-starmer-labour-party-infighting-briefing-fightback,https://www.theguardian.com/politics/2025/nov/18/keir-starmer-labour-party-infighting-briefing-fightback,,,2026-07-22T21:07:44+00:00,URL-b0df746edc1c,1,ed64f94a93a0eff7,unique_url,,url-canon-v1.0-2026-07-27
NEWS-guardian_api-b11d686d1daf,https://www.theguardian.com/politics/2016/nov/10/nigel-farage-jokes-about-trumps-alleged-sexual-assaults,https://www.theguardian.com/politics/2016/nov/10/nigel-farage-jokes-about-trumps-alleged-sexual-assaults,,,2026-07-22T21:09:15+00:00,URL-b11d686d1daf,1,ebc8555ff87ca7e9,unique_url,,url-canon-v1.0-2026-07-27
NEWS-guardian_api-b13464c89042,https://www.theguardian.com/world/2021/may/04/tuesday-briefing-starmer-labour,https://www.theguardian.com/world/2021/may/04/tuesday-briefing-starmer-labour,,,2026-07-22T21:10:03+00:00,URL-b13464c89042,1,ca8b0b609f16b537,unique_url,,url-canon-v1.0-2026-07-27
NEWS-guardian_api-b138fad0d570,https://www.theguardian.com/politics/blog/2012/dec/20/welfare-benefits-uprating-politics-live-blog,https://www.theguardian.com/politics/blog/2012/dec/20/welfare-benefits-uprating-politics-live-blog,,,2026-07-22T21:08:34+00:00,URL-b138fad0d570,1,ebb1477e82c8f4b5,unique_url,,url-canon-v1.0-2026-07-27
NEWS-guardian_api-b14821938693,https://www.theguardian.com/politics/video/2012/nov/24/michael-gove-rotherham-children-ukip-video,https://www.theguardian.com/politics/video/2012/nov/24/michael-gove-rotherham-children-ukip-video,,,2026-07-22T21:08:30+00:00,URL-b14821938693,1,,unique_url,,url-canon-v1.0-2026-07-27
NEWS-guardian_api-b17f87d44d51,https://www.theguardian.com/commentisfree/2025/dec/04/uk-economy-bad-truth-income-public-services,https://www.theguardian.com/commentisfree/2025/dec/04/uk-economy-bad-truth-income-public-services,,,2026-07-22T21:08:18+00:00,URL-b17f87d44d51,1,6419d3485c6a2bb0,unique_url,,url-canon-v1.0-2026-07-27
NEWS-guardian_api-b1903606c16c,https://www.theguardian.com/uk-news/2025/nov/18/this-capitulation-to-racist-rhetoric-will-not-end-well-for-labour-or-britain,https://www.theguardian.com/uk-news/2025/nov/18/this-capitulation-to-racist-rhetoric-will-not-end-well-for-labour-or-britain,,,2026-07-22T21:07:44+00:00,URL-b1903606c16c,1,6c510a46e0e07e2c,unique_url,,url-canon-v1.0-2026-07-27
NEWS-guardian_api-b1aaa8c855fe,https://www.theguardian.com/uk-news/2021/apr/14/authorities-clamp-down-on-hospitality-in-windsor-ahead-of-prince-philip-funeral,https://www.theguardian.com/uk-news/2021/apr/14/authorities-clamp-down-on-hospitality-in-windsor-ahead-of-prince-philip-funeral,,,2026-07-22T21:10:13+00:00,URL-b1aaa8c855fe,1,232e11b057d2a55d,unique_url,,url-canon-v1.0-2026-07-27
NEWS-guardian_api-b1d8e00ef5c5,https://www.theguardian.com/politics/2021/apr/02/past-and-present-labour-mps-square-off-in-hartlepool,https://www.theguardian.com/politics/2021/apr/02/past-and-present-labour-mps-square-off-in-hartlepool,,,2026-07-22T21:09:58+00:00,URL-b1d8e00ef5c5,1,5b3ca3f47cca7645,unique_url,,url-canon-v1.0-2026-07-27
NEWS-guardian_api-b1dfc6b35e85,https://www.theguardian.com/local-government-network/2012/nov/29/city-deals-second-wave-david-marlow,https://www.theguardian.com/local-government-network/2012/nov/29/city-deals-second-wave-david-marlow,,,2026-07-22T21:08:55+00:00,URL-b1dfc6b35e85,1,fb72163893a08b8e,unique_url,,url-canon-v1.0-2026-07-27
NEWS-guardian_api-b2a5bbd9725b,https://www.theguardian.com/politics/2025/nov/19/nigel-farage-allegations-racist-behaviour-school,https://www.theguardian.com/politics/2025/nov/19/nigel-farage-allegations-racist-behaviour-school,,,2026-07-22T21:07:44+00:00,URL-b2a5bbd9725b,1,bef8e47379a7bdaf,unique_url,,url-canon-v1.0-2026-07-27
NEWS-guardian_api-b321e0fcb83d,https://www.theguardian.com/society/2017/feb/28/prison-officers-england-and-wales-industrial-action,https://www.theguardian.com/society/2017/feb/28/prison-officers-england-and-wales-industrial-action,,,2026-07-22T21:09:23+00:00,URL-b321e0fcb83d,1,14eb772e28a1b258,unique_url,,url-canon-v1.0-2026-07-27
NEWS-guardian_api-b3225d7214f4,https://www.theguardian.com/politics/blog/2012/nov/07/obama-victory-reaction-pmqs-clegg-live,https://www.theguardian.com/politics/blog/2012/nov/07/obama-victory-reaction-pmqs-clegg-live,,,2026-07-22T21:08:47+00:00,URL-b3225d7214f4,1,dac20d4a980d9d23,unique_url,,url-canon-v1.0-2026-07-27
NEWS-guardian_api-b33a8f5c200e,https://www.theguardian.com/politics/2016/nov/30/lib-dems-eye-victory-over-zac-goldsmith-richmond-park,https://www.theguardian.com/politics/2016/nov/30/lib-dems-eye-victory-over-zac-goldsmith-richmond-park,,,2026-07-22T21:09:19+00:00,URL-b33a8f5c200e,1,a140904fb6cf0fc3,unique_url,,url-canon-v1.0-2026-07-27
NEWS-guardian_api-b374579f5c34,https://www.theguardian.com/politics/2016/dec/23/post-brexit-landscape-squeeze-labour-out-warns-new-report-corbyn-ukip-conservatives,https://www.theguardian.com/politics/2016/dec/23/post-brexit-landscape-squeeze-labour-out-warns-new-report-corbyn-ukip-conservatives,,,2026-07-22T21:09:19+00:00,URL-b374579f5c34,1,06f3b102c9291dba,unique_url,,url-canon-v1.0-2026-07-27
NEWS-guardian_api-b3845a91402d,https://www.theguardian.com/society/2021/feb/01/flat-owners-should-not-have-to-pay-for-cladding-removal-say-tory-mps,https://www.theguardian.com/society/2021/feb/01/flat-owners-should-not-have-to-pay-for-cladding-removal-say-tory-mps,,,2026-07-22T21:10:25+00:00,URL-b3845a91402d,1,8e111b1b95cbd7f5,unique_url,,url-canon-v1.0-2026-07-27
NEWS-guardian_api-b38bbc775a00,https://www.theguardian.com/politics/2012/dec/16/boris-johnson-theresa-may-immigration,https://www.theguardian.com/politics/2012/dec/16/boris-johnson-theresa-may-immigration,,,2026-07-22T21:08:34+00:00,URL-b38bbc775a00,1,f080de11ab9bde97,unique_url,,url-canon-v1.0-2026-07-27
NEWS-guardian_api-b391a2167988,https://www.theguardian.com/uk-news/davehillblog/2016/dec/02/zac-goldsmiths-richmond-park-defeat-sends-message-from-london-to-the-uk,https://www.theguardian.com/uk-news/davehillblog/2016/dec/02/zac-goldsmiths-richmond-park-defeat-sends-message-from-london-to-the-uk,,,2026-07-22T21:09:19+00:00,URL-b391a2167988,1,8ddd16fd551c792f,unique_url,,url-canon-v1.0-2026-07-27
NEWS-guardian_api-b3a2a26ceed1,https://www.theguardian.com/local-government-network/2012/nov/21/how-to-identify-120000-troubled-families,https://www.theguardian.com/local-government-network/2012/nov/21/how-to-identify-120000-troubled-families,,,2026-07-22T21:08:55+00:00,URL-b3a2a26ceed1,1,bf6e693aa98a1e77,unique_url,,url-canon-v1.0-2026-07-27
NEWS-guardian_api-b40684ca1627,https://www.theguardian.com/business/2025/nov/19/uk-inflation-falls-budget-october-rachel-reeves-interest-rate,https://www.theguardian.com/business/2025/nov/19/uk-inflation-falls-budget-october-rachel-reeves-interest-rate,,,2026-07-22T21:07:52+00:00,URL-b40684ca1627,1,1b20c7433febafb6,unique_url,,url-canon-v1.0-2026-07-27
NEWS-guardian_api-b4214c9c9abf,https://www.theguardian.com/environment/2026/apr/20/from-a-surrey-oil-well-to-the-supreme-court-how-an-activist-changed-uk-climate-law,https://www.theguardian.com/environment/2026/apr/20/from-a-surrey-oil-well-to-the-supreme-court-how-an-activist-changed-uk-climate-law,,,2026-07-22T21:07:58+00:00,URL-b4214c9c9abf,1,1b5118ca5631490c,unique_url,,url-canon-v1.0-2026-07-27
NEWS-guardian_api-b45cfb217554,https://www.theguardian.com/uk-news/2020/nov/12/no-10-wanted-to-pull-off-a-covid-briefing-but-they-called-alok-sharma,https://www.theguardian.com/uk-news/2020/nov/12/no-10-wanted-to-pull-off-a-covid-briefing-but-they-called-alok-sharma,,,2026-07-22T21:10:17+00:00,URL-b45cfb217554,1,b22cfeb240a84ba3,unique_url,,url-canon-v1.0-2026-07-27
NEWS-guardian_api-b48d01a86b76,https://www.theguardian.com/uk-news/2026/feb/20/police-quiz-former-prince-andrew-protection-officers-over-epstein-links,https://www.theguardian.com/uk-news/2026/feb/20/police-quiz-former-prince-andrew-protection-officers-over-epstein-links,,,2026-07-22T21:07:58+00:00,URL-b48d01a86b76,1,f0022c2021e5c8b2,unique_url,,url-canon-v1.0-2026-07-27
NEWS-guardian_api-b4926290de19,https://www.theguardian.com/business/2017/jan/10/corbyn-wage-cap-pay-city-labour,https://www.theguardian.com/business/2017/jan/10/corbyn-wage-cap-pay-city-labour,,,2026-07-22T21:09:47+00:00,URL-b4926290de19,1,bdad15299aef281e,unique_url,,url-canon-v1.0-2026-07-27
NEWS-guardian_api-b4a51dbcbb79,https://www.theguardian.com/local-government-network/2012/dec/08/local-government-experts-flexible-commissioning,https://www.theguardian.com/local-government-network/2012/dec/08/local-government-experts-flexible-commissioning,,,2026-07-22T21:08:55+00:00,URL-b4a51dbcbb79,1,16e5d3b2f0ad7dbf,unique_url,,url-canon-v1.0-2026-07-27
NEWS-guardian_api-b4a9b14f1d0c,https://www.theguardian.com/uk/2012/nov/12/police-crime-commissioners-election-guide,https://www.theguardian.com/uk/2012/nov/12/police-crime-commissioners-election-guide,,,2026-07-22T21:08:30+00:00,URL-b4a9b14f1d0c,1,26b3b9c476cd8086,unique_url,,url-canon-v1.0-2026-07-27
NEWS-guardian_api-b4b0e5153d01,https://www.theguardian.com/politics/2021/mar/18/britain-heading-for-new-era-of-austerity-thinktank-warns,https://www.theguardian.com/politics/2021/mar/18/britain-heading-for-new-era-of-austerity-thinktank-warns,,,2026-07-22T21:10:33+00:00,URL-b4b0e5153d01,1,946306457b43e4b3,unique_url,,url-canon-v1.0-2026-07-27
NEWS-guardian_api-b4f850de5a26,https://www.theguardian.com/commentisfree/2026/jan/11/uk-high-streets-reform-shops-closing-hope,https://www.theguardian.com/commentisfree/2026/jan/11/uk-high-streets-reform-shops-closing-hope,,,2026-07-22T21:08:10+00:00,URL-b4f850de5a26,1,ccf815deb3e51ccf,unique_url,,url-canon-v1.0-2026-07-27
NEWS-guardian_api-b4ffc643185d,https://www.theguardian.com/society/2016/dec/14/labour-vows-to-double-number-of-homes-reserved-for-homeless,https://www.theguardian.com/society/2016/dec/14/labour-vows-to-double-number-of-homes-reserved-for-homeless,,,2026-07-22T21:09:40+00:00,URL-b4ffc643185d,1,95818445b81c82da,unique_url,,url-canon-v1.0-2026-07-27
NEWS-guardian_api-b534784a0521,https://www.theguardian.com/world/2021/mar/23/uk-faces-covid-decade-due-to-damage-done-by-pandemic-says-report,https://www.theguardian.com/world/2021/mar/23/uk-faces-covid-decade-due-to-damage-done-by-pandemic-says-report,,,2026-07-22T21:10:33+00:00,URL-b534784a0521,1,7b0bcc9049155766,unique_url,,url-canon-v1.0-2026-07-27
NEWS-guardian_api-b56da745b23a,https://www.theguardian.com/politics/blog/live/2016/nov/08/ifs-says-brexit-means-austerity-likely-to-continue-into-next-decade-politics-live,https://www.theguardian.com/politics/blog/live/2016/nov/08/ifs-says-brexit-means-austerity-likely-to-continue-into-next-decade-politics-live,,,2026-07-22T21:09:15+00:00,URL-b56da745b23a,1,db8e3036f4057840,unique_url,,url-canon-v1.0-2026-07-27
NEWS-guardian_api-b57e55e593b0,https://www.theguardian.com/society/2012/nov/14/council-cuts-targeted-deprived-areas,https://www.theguardian.com/society/2012/nov/14/council-cuts-targeted-deprived-areas,,,2026-07-22T21:08:55+00:00,URL-b57e55e593b0,1,470b45bff83b21ab,unique_url,,url-canon-v1.0-2026-07-27
NEWS-guardian_api-b5885257c870,https://www.theguardian.com/politics/scottish-independence-blog/2013/jan/15/scotland-nicola-sturgeon-independence-talks,https://www.theguardian.com/politics/scottish-independence-blog/2013/jan/15/scotland-nicola-sturgeon-independence-talks,,,2026-07-22T21:09:07+00:00,URL-b5885257c870,1,c6d57a0bfd6425cd,unique_url,,url-canon-v1.0-2026-07-27
NEWS-guardian_api-b59c4aa0fc64,https://www.theguardian.com/healthcare-network/2012/nov/08/today-in-healthcare-8-november,https://www.theguardian.com/healthcare-network/2012/nov/08/today-in-healthcare-8-november,,,2026-07-22T21:08:47+00:00,URL-b59c4aa0fc64,1,769ff53ab95aec4d,unique_url,,url-canon-v1.0-2026-07-27
NEWS-guardian_api-b5b69dac2b8b,https://www.theguardian.com/politics/blog/2012/nov/21/pmqs-cameron-miliband-live-blog,https://www.theguardian.com/politics/blog/2012/nov/21/pmqs-cameron-miliband-live-blog,,,2026-07-22T21:08:30+00:00,URL-b5b69dac2b8b,1,4758f7a3b58c397f,unique_url,,url-canon-v1.0-2026-07-27
NEWS-guardian_api-b5e1e600a70e,https://www.theguardian.com/commentisfree/2012/dec/31/us-warning-tories-ukip-cameron-farage,https://www.theguardian.com/commentisfree/2012/dec/31/us-warning-tories-ukip-cameron-farage,,,2026-07-22T21:08:34+00:00,URL-b5e1e600a70e,1,c0888da33e8bcbe2,unique_url,,url-canon-v1.0-2026-07-27
NEWS-guardian_api-b614b6d88348,https://www.theguardian.com/money/2016/nov/05/higher-inflation-rising-debt-millions-fall-living-standards,https://www.theguardian.com/money/2016/nov/05/higher-inflation-rising-debt-millions-fall-living-standards,,,2026-07-22T21:09:36+00:00,URL-b614b6d88348,1,58c402b5c94afea7,unique_url,,url-canon-v1.0-2026-07-27
NEWS-guardian_api-b67a68a0e79e,https://www.theguardian.com/politics/2020/nov/30/englands-covid-tiers-impact-report-what-it-says-and-doesnt-say,https://www.theguardian.com/politics/2020/nov/30/englands-covid-tiers-impact-report-what-it-says-and-doesnt-say,,,2026-07-22T21:10:32+00:00,URL-b67a68a0e79e,1,f3d58e49c67834c7,unique_url,,url-canon-v1.0-2026-07-27
NEWS-guardian_api-b6f44ecaabd6,https://www.theguardian.com/business/live/2017/jan/20/davos-2017-philip-hammond-brexit-world-economic-outlook-lagarde-kissinger-trump-live,https://www.theguardian.com/business/live/2017/jan/20/davos-2017-philip-hammond-brexit-world-economic-outlook-lagarde-kissinger-trump-live,,,2026-07-22T21:09:22+00:00,URL-b6f44ecaabd6,1,78559bd207189db1,unique_url,,url-canon-v1.0-2026-07-27
NEWS-guardian_api-b6f995c8bac1,https://www.theguardian.com/education/2016/nov/15/cooperative-schools-grammar-education,https://www.theguardian.com/education/2016/nov/15/cooperative-schools-grammar-education,,,2026-07-22T21:09:32+00:00,URL-b6f995c8bac1,1,28e073614f60a66f,unique_url,,url-canon-v1.0-2026-07-27
NEWS-guardian_api-b70618ca390f,https://www.theguardian.com/politics/blog/live/2016/nov/15/mcdonnell-urges-government-to-adopt-labours-pro-investment-fiscal-rules-politics-live,https://www.theguardian.com/politics/blog/live/2016/nov/15/mcdonnell-urges-government-to-adopt-labours-pro-investment-fiscal-rules-politics-live,,,2026-07-22T21:09:15+00:00,URL-b70618ca390f,1,d1318f1c2d5ddea5,unique_url,,url-canon-v1.0-2026-07-27
NEWS-guardian_api-b71e9bb23b30,https://www.theguardian.com/politics/2020/nov/08/boris-johnson-biden-us-president-uk-no-deal-brexit,https://www.theguardian.com/politics/2020/nov/08/boris-johnson-biden-us-president-uk-no-deal-brexit,,,2026-07-22T21:10:17+00:00,URL-b71e9bb23b30,1,ecee63272aeaf11a,unique_url,,url-canon-v1.0-2026-07-27
NEWS-guardian_api-b722a5151c87,https://www.theguardian.com/society/2025/nov/13/hospital-consultants-gearing-up-to-join-resident-doctors-in-striking-over-pay,https://www.theguardian.com/society/2025/nov/13/hospital-consultants-gearing-up-to-join-resident-doctors-in-striking-over-pay,,,2026-07-22T21:08:02+00:00,URL-b722a5151c87,1,8fffeb51b9c69595,unique_url,,url-canon-v1.0-2026-07-27
NEWS-guardian_api-b746c5ddaf42,https://www.theguardian.com/housing-network/2016/dec/09/housing-poverty-trap-work-doesnt-pay,https://www.theguardian.com/housing-network/2016/dec/09/housing-poverty-trap-work-doesnt-pay,,,2026-07-22T21:09:22+00:00,URL-b746c5ddaf42,1,31b1e87f0185fa68,unique_url,,url-canon-v1.0-2026-07-27
NEWS-guardian_api-b770c5591478,https://www.theguardian.com/politics/2016/nov/28/brexit-means-only-major-crisis-will-focus-ministers-on-to-nhs,https://www.theguardian.com/politics/2016/nov/28/brexit-means-only-major-crisis-will-focus-ministers-on-to-nhs,,,2026-07-22T21:09:39+00:00,URL-b770c5591478,1,510747cebd21125e,unique_url,,url-canon-v1.0-2026-07-27
NEWS-guardian_api-b7885b0b4682,https://www.theguardian.com/politics/blog/live/2016/nov/21/theresa-may-cbi-speech-signals-plan-to-put-workers-on-company-boards-being-watered-down-politics-live,https://www.theguardian.com/politics/blog/live/2016/nov/21/theresa-may-cbi-speech-signals-plan-to-put-workers-on-company-boards-being-watered-down-politics-live,,,2026-07-22T21:09:15+00:00,URL-b7885b0b4682,1,e8a8030dbca02c16,unique_url,,url-canon-v1.0-2026-07-27
NEWS-guardian_api-b7bbfc44b664,https://www.theguardian.com/politics/2020/nov/25/spending-review-2020-rishi-sunak-key-points,https://www.theguardian.com/politics/2020/nov/25/spending-review-2020-rishi-sunak-key-points,,,2026-07-22T21:10:25+00:00,URL-b7bbfc44b664,1,d7afee3018b92fd8,unique_url,,url-canon-v1.0-2026-07-27
NEWS-guardian_api-b88e521c3d0b,https://www.theguardian.com/uk-news/ng-interactive/2025/nov/22/a-make-or-break-budget-inside-the-treasury-rachel-reeves,https://www.theguardian.com/uk-news/ng-interactive/2025/nov/22/a-make-or-break-budget-inside-the-treasury-rachel-reeves,,,2026-07-22T21:08:18+00:00,URL-b88e521c3d0b,1,f0f8d82d8edca0fe,unique_url,,url-canon-v1.0-2026-07-27
NEWS-guardian_api-b8c5ba78882e,https://www.theguardian.com/politics/live/2026/apr/08/keir-starmer-iran-war-trump-ceasefire-gulf-strait-of-hormuz-labour-conservatives-liberal-democrats-reform-scotland-holyrood-uk-politics-latest-news-updates,https://www.theguardian.com/politics/live/2026/apr/08/keir-starmer-iran-war-trump-ceasefire-gulf-strait-of-hormuz-labour-conservatives-liberal-democrats-reform-scotland-holyrood-uk-politics-latest-news-updates,,,2026-07-22T21:08:23+00:00,URL-b8c5ba78882e,1,682217064dbd7968,unique_url,,url-canon-v1.0-2026-07-27
NEWS-guardian_api-b92f923b14d5,https://www.theguardian.com/business/2013/apr/16/eurozone-crisis-growth-markets-oil-price,https://www.theguardian.com/business/2013/apr/16/eurozone-crisis-growth-markets-oil-price,,,2026-07-22T21:09:08+00:00,URL-b92f923b14d5,1,bcdb609346106831,unique_url,,url-canon-v1.0-2026-07-27
NEWS-guardian_api-b95171a27d19,https://www.theguardian.com/politics/blog/2013/jan/16/cameron-miliband-pmqs-fresh-start-live,https://www.theguardian.com/politics/blog/2013/jan/16/cameron-miliband-pmqs-fresh-start-live,,,2026-07-22T21:08:34+00:00,URL-b95171a27d19,1,27f9cea8f8ebe72d,unique_url,,url-canon-v1.0-2026-07-27
NEWS-guardian_api-b9b485cd23c0,https://www.theguardian.com/politics/blog/2012/nov/26/cameron-eu-budget-statement-live-blog,https://www.theguardian.com/politics/blog/2012/nov/26/cameron-eu-budget-statement-live-blog,,,2026-07-22T21:08:31+00:00,URL-b9b485cd23c0,1,623f041f6d7eb0ba,unique_url,,url-canon-v1.0-2026-07-27
NEWS-guardian_api-b9ca7cf4cf72,https://www.theguardian.com/politics/2026/jan/05/reform-uk-empty-rhetoric-plan-hike-council-tax-derbyshire,https://www.theguardian.com/politics/2026/jan/05/reform-uk-empty-rhetoric-plan-hike-council-tax-derbyshire,,,2026-07-22T21:08:10+00:00,URL-b9ca7cf4cf72,1,4bda33efab238d28,unique_url,,url-canon-v1.0-2026-07-27
NEWS-guardian_api-b9d1f9711a7c,https://www.theguardian.com/uk-news/2025/nov/26/budget-2025-key-points-rachel-reeves,https://www.theguardian.com/uk-news/2025/nov/26/budget-2025-key-points-rachel-reeves,,,2026-07-22T21:08:18+00:00,URL-b9d1f9711a7c,1,6db0cdea628df071,unique_url,,url-canon-v1.0-2026-07-27
NEWS-guardian_api-b9d210492f43,https://www.theguardian.com/world/2020/dec/26/explainer-what-are-the-new-covid-rules-in-the-uk-from-boxing-day,https://www.theguardian.com/world/2020/dec/26/explainer-what-are-the-new-covid-rules-in-the-uk-from-boxing-day,,,2026-07-22T21:10:12+00:00,URL-b9d210492f43,1,a15a9ce98cf178a5,unique_url,,url-canon-v1.0-2026-07-27
NEWS-guardian_api-b9d32ab9391c,https://www.theguardian.com/social-enterprise-network/2012/dec/11/mythbusting-bogus-social-enterprise-threat,https://www.theguardian.com/social-enterprise-network/2012/dec/11/mythbusting-bogus-social-enterprise-threat,,,2026-07-22T21:09:02+00:00,URL-b9d32ab9391c,1,23269836181e6c9f,unique_url,,url-canon-v1.0-2026-07-27
NEWS-guardian_api-ba0c9e3273dd,https://www.theguardian.com/commentisfree/2016/dec/06/labour-open-door-immigration-policy-nonsense-windrush-irish-migrants,https://www.theguardian.com/commentisfree/2016/dec/06/labour-open-door-immigration-policy-nonsense-windrush-irish-migrants,,,2026-07-22T21:09:47+00:00,URL-ba0c9e3273dd,1,ef30a8d7e6e667a2,unique_url,,url-canon-v1.0-2026-07-27
NEWS-guardian_api-ba3a61353696,https://www.theguardian.com/politics/2025/nov/16/when-reality-bites-the-rapid-rise-and-chaotic-fall-of-reform-uk-in-cornwall,https://www.theguardian.com/politics/2025/nov/16/when-reality-bites-the-rapid-rise-and-chaotic-fall-of-reform-uk-in-cornwall,,,2026-07-22T21:07:44+00:00,URL-ba3a61353696,1,1f91767b7de5fc35,unique_url,,url-canon-v1.0-2026-07-27
NEWS-guardian_api-baa91e0d9e61,https://www.theguardian.com/politics/2016/dec/05/ukip-donor-arron-banks-hints-he-may-stop-supporting-party,https://www.theguardian.com/politics/2016/dec/05/ukip-donor-arron-banks-hints-he-may-stop-supporting-party,,,2026-07-22T21:09:19+00:00,URL-baa91e0d9e61,1,2f68e36326ad8e75,unique_url,,url-canon-v1.0-2026-07-27
NEWS-guardian_api-bac223e42622,https://www.theguardian.com/commentisfree/2016/nov/07/prison-doctor-jails-inmates-addicts-sentences,https://www.theguardian.com/commentisfree/2016/nov/07/prison-doctor-jails-inmates-addicts-sentences,,,2026-07-22T21:09:32+00:00,URL-bac223e42622,1,ea753d5db08298ea,unique_url,,url-canon-v1.0-2026-07-27
NEWS-guardian_api-baf8f3c7a02d,https://www.theguardian.com/uk/2012/dec/05/autumn-statement-2012-what-business-organisations-want,https://www.theguardian.com/uk/2012/dec/05/autumn-statement-2012-what-business-organisations-want,,,2026-07-22T21:08:55+00:00,URL-baf8f3c7a02d,1,d91153578203eff0,unique_url,,url-canon-v1.0-2026-07-27
NEWS-guardian_api-bb20adee0f3a,https://www.theguardian.com/society/2017/jan/12/nhs-winter-crisis-simon-stevens-stephen-dorrell-health,https://www.theguardian.com/society/2017/jan/12/nhs-winter-crisis-simon-stevens-stephen-dorrell-health,,,2026-07-22T21:09:47+00:00,URL-bb20adee0f3a,1,064eca525f144c07,unique_url,,url-canon-v1.0-2026-07-27
NEWS-guardian_api-bb3a56e9bcc5,https://www.theguardian.com/uk-news/2021/mar/03/budget-2021-labour-keir-starmer-backs-delay-in-raising-corporation-tax,https://www.theguardian.com/uk-news/2021/mar/03/budget-2021-labour-keir-starmer-backs-delay-in-raising-corporation-tax,,,2026-07-22T21:10:33+00:00,URL-bb3a56e9bcc5,1,1f6605f60474bb69,unique_url,,url-canon-v1.0-2026-07-27
NEWS-guardian_api-bbbb401ce3ee,https://www.theguardian.com/politics/2017/feb/08/pmqs-verdict-jeremy-corbyn-leaked-texts-upper-hand-surrey-council,https://www.theguardian.com/politics/2017/feb/08/pmqs-verdict-jeremy-corbyn-leaked-texts-upper-hand-surrey-council,,,2026-07-22T21:09:26+00:00,URL-bbbb401ce3ee,1,2877e21f4e890f0e,unique_url,,url-canon-v1.0-2026-07-27
NEWS-guardian_api-bbbf0e7bd860,https://www.theguardian.com/commentisfree/2016/dec/10/brexit-must-be-fair-to-working-people-ed-miliband,https://www.theguardian.com/commentisfree/2016/dec/10/brexit-must-be-fair-to-working-people-ed-miliband,,,2026-07-22T21:09:19+00:00,URL-bbbf0e7bd860,1,5b78164654d6f110,unique_url,,url-canon-v1.0-2026-07-27
NEWS-guardian_api-bbc04760baba,https://www.theguardian.com/politics/2012/nov/19/ukip-eu-poll,https://www.theguardian.com/politics/2012/nov/19/ukip-eu-poll,,,2026-07-22T21:08:30+00:00,URL-bbc04760baba,1,0ee482004a04bfbe,unique_url,,url-canon-v1.0-2026-07-27
NEWS-guardian_api-bc4422ee9f45,https://www.theguardian.com/world/live/2020/nov/11/coronavirus-live-news-governments-scramble-to-secure-vaccine-doses-as-us-infections-top-100000-for-seventh-day-in-a-row,https://www.theguardian.com/world/live/2020/nov/11/coronavirus-live-news-governments-scramble-to-secure-vaccine-doses-as-us-infections-top-100000-for-seventh-day-in-a-row,,,2026-07-22T21:10:17+00:00,URL-bc4422ee9f45,1,1bde00b8516d06de,unique_url,,url-canon-v1.0-2026-07-27
NEWS-guardian_api-bc671211ec14,https://www.theguardian.com/uk-news/2025/nov/08/home-office-want-copy-denmark-immigration-system,https://www.theguardian.com/uk-news/2025/nov/08/home-office-want-copy-denmark-immigration-system,,,2026-07-22T21:08:06+00:00,URL-bc671211ec14,1,972b88e919d399a9,unique_url,,url-canon-v1.0-2026-07-27
NEWS-guardian_api-bca0537f5817,https://www.theguardian.com/politics/2020/nov/11/inquiry-raises-concerns-over-how-36bn-towns-fund-was-distributed,https://www.theguardian.com/politics/2020/nov/11/inquiry-raises-concerns-over-how-36bn-towns-fund-was-distributed,,,2026-07-22T21:10:25+00:00,URL-bca0537f5817,1,93b2136bf98ca768,unique_url,,url-canon-v1.0-2026-07-27
NEWS-guardian_api-bcbb942073ad,https://www.theguardian.com/uk-news/2016/nov/07/mod-to-sell-tenth-of-uk-defence-sites-by-2040,https://www.theguardian.com/uk-news/2016/nov/07/mod-to-sell-tenth-of-uk-defence-sites-by-2040,,,2026-07-22T21:09:32+00:00,URL-bcbb942073ad,1,29b03a0163a7684e,unique_url,,url-canon-v1.0-2026-07-27
NEWS-guardian_api-bd112d73749b,https://www.theguardian.com/politics/2020/nov/08/three-times-as-many-british-voters-favour-joe-biden-than-donald-trump,https://www.theguardian.com/politics/2020/nov/08/three-times-as-many-british-voters-favour-joe-biden-than-donald-trump,,,2026-07-22T21:10:20+00:00,URL-bd112d73749b,1,bb44edbf23b09e3c,unique_url,,url-canon-v1.0-2026-07-27
NEWS-guardian_api-bd8471fab19f,https://www.theguardian.com/world/live/2021/feb/26/coronavirus-live-news-france-may-impose-regional-lockdowns-south-korea-starts-vaccinations,https://www.theguardian.com/world/live/2021/feb/26/coronavirus-live-news-france-may-impose-regional-lockdowns-south-korea-starts-vaccinations,,,2026-07-22T21:10:32+00:00,URL-bd8471fab19f,1,8db0b4408ad686ce,unique_url,,url-canon-v1.0-2026-07-27
NEWS-guardian_api-bd8d1fd0fc89,https://www.theguardian.com/politics/2016/dec/02/lib-dems-unseat-zac-goldsmith-in-richmond-park-byelection,https://www.theguardian.com/politics/2016/dec/02/lib-dems-unseat-zac-goldsmith-in-richmond-park-byelection,,,2026-07-22T21:09:19+00:00,URL-bd8d1fd0fc89,1,b924506ec65eebf9,unique_url,,url-canon-v1.0-2026-07-27
NEWS-guardian_api-bdeb49468b86,https://www.theguardian.com/uk-news/2025/dec/26/labour-alienating-rural-people-with-plan-to-ban-trail-hunting-says-countryside-alliance,https://www.theguardian.com/uk-news/2025/dec/26/labour-alienating-rural-people-with-plan-to-ban-trail-hunting-says-countryside-alliance,,,2026-07-22T21:07:54+00:00,URL-bdeb49468b86,1,c62402ec0dbd95b9,unique_url,,url-canon-v1.0-2026-07-27
NEWS-guardian_api-bdf65e536b64,https://www.theguardian.com/politics/2013/jan/27/clegg-eu-referendum-national-interest,https://www.theguardian.com/politics/2013/jan/27/clegg-eu-referendum-national-interest,,,2026-07-22T21:09:07+00:00,URL-bdf65e536b64,1,15014851ed457906,unique_url,,url-canon-v1.0-2026-07-27
NEWS-guardian_api-be07c17c0c58,https://www.theguardian.com/commentisfree/2016/nov/06/engineering-early-election-tempting-for-theresa-may,https://www.theguardian.com/commentisfree/2016/nov/06/engineering-early-election-tempting-for-theresa-may,,,2026-07-22T21:09:36+00:00,URL-be07c17c0c58,1,739a83895fedc2f1,unique_url,,url-canon-v1.0-2026-07-27
NEWS-guardian_api-be485bdc3b41,https://www.theguardian.com/politics/2025/nov/18/most-reform-uk-voters-would-back-wealth-tax-on-very-rich-poll-suggests,https://www.theguardian.com/politics/2025/nov/18/most-reform-uk-voters-would-back-wealth-tax-on-very-rich-poll-suggests,,,2026-07-22T21:07:44+00:00,URL-be485bdc3b41,1,9656ea947833cc84,unique_url,,url-canon-v1.0-2026-07-27
NEWS-guardian_api-be4ba59f8b87,https://www.theguardian.com/politics/2025/nov/21/cryptocurrency-farage-donor-used-for-russian-war-effort,https://www.theguardian.com/politics/2025/nov/21/cryptocurrency-farage-donor-used-for-russian-war-effort,,,2026-07-22T21:07:44+00:00,URL-be4ba59f8b87,1,b320db5aff5e1076,unique_url,,url-canon-v1.0-2026-07-27
NEWS-guardian_api-be5b11434a57,https://www.theguardian.com/society/2021/jan/07/call-to-provide-shelter-for-rough-sleepers-over-uk-winter-lockdown,https://www.theguardian.com/society/2021/jan/07/call-to-provide-shelter-for-rough-sleepers-over-uk-winter-lockdown,,,2026-07-22T21:10:25+00:00,URL-be5b11434a57,1,e545e36b77c21532,unique_url,,url-canon-v1.0-2026-07-27
NEWS-guardian_api-be9885253cb9,https://www.theguardian.com/uk/2012/nov/15/police-commissioner-elections-sluggish-turnout,https://www.theguardian.com/uk/2012/nov/15/police-commissioner-elections-sluggish-turnout,,,2026-07-22T21:08:30+00:00,URL-be9885253cb9,1,8e3787884f1c85b9,unique_url,,url-canon-v1.0-2026-07-27
NEWS-guardian_api-bee780289b00,https://www.theguardian.com/society/2017/feb/07/surrey-council-abandons-plan-raise-council-tax-15-poll,https://www.theguardian.com/society/2017/feb/07/surrey-council-abandons-plan-raise-council-tax-15-poll,,,2026-07-22T21:09:26+00:00,URL-bee780289b00,1,a10a086a98927d0a,unique_url,,url-canon-v1.0-2026-07-27
NEWS-guardian_api-bf26d97344d9,https://www.theguardian.com/local-government-network/2012/dec/06/councils-finance-chancellors-autumn-statement,https://www.theguardian.com/local-government-network/2012/dec/06/councils-finance-chancellors-autumn-statement,,,2026-07-22T21:08:55+00:00,URL-bf26d97344d9,1,bd9a92d8b0968e3b,unique_url,,url-canon-v1.0-2026-07-27
NEWS-guardian_api-bf409353afa9,https://www.theguardian.com/commentisfree/2016/dec/18/oath-allegiance-british-values-politics-sajid-javid,https://www.theguardian.com/commentisfree/2016/dec/18/oath-allegiance-british-values-politics-sajid-javid,,,2026-07-22T21:09:19+00:00,URL-bf409353afa9,1,5355d324b6b8ef54,unique_url,,url-canon-v1.0-2026-07-27
NEWS-guardian_api-bf63b96cf7ab,https://www.theguardian.com/politics/blog/live/2016/nov/07/labour-wants-brexit-plan-but-will-not-block-artice-50-outright-starmer-says-politics-live,https://www.theguardian.com/politics/blog/live/2016/nov/07/labour-wants-brexit-plan-but-will-not-block-artice-50-outright-starmer-says-politics-live,,,2026-07-22T21:09:15+00:00,URL-bf63b96cf7ab,1,1c0f5141656bea3b,unique_url,,url-canon-v1.0-2026-07-27
NEWS-guardian_api-bf71a36fc359,https://www.theguardian.com/politics/2016/nov/21/ukip-led-pan-european-party-misspent-over-half-million-euro,https://www.theguardian.com/politics/2016/nov/21/ukip-led-pan-european-party-misspent-over-half-million-euro,,,2026-07-22T21:09:15+00:00,URL-bf71a36fc359,1,f73843d5747d4850,unique_url,,url-canon-v1.0-2026-07-27
NEWS-guardian_api-bf9b85b690df,https://www.theguardian.com/uk-news/2016/nov/18/home-office-agrees-review-plan-deport-afghanistan-teenager-bashir-naderi,https://www.theguardian.com/uk-news/2016/nov/18/home-office-agrees-review-plan-deport-afghanistan-teenager-bashir-naderi,,,2026-07-22T21:09:15+00:00,URL-bf9b85b690df,1,a4c7452b1d86a1ca,unique_url,,url-canon-v1.0-2026-07-27
NEWS-guardian_api-bfd3434e7d03,https://www.theguardian.com/public-leaders-network/2012/nov/20/north-lanarkshire-council-suicides-scotland,https://www.theguardian.com/public-leaders-network/2012/nov/20/north-lanarkshire-council-suicides-scotland,,,2026-07-22T21:09:02+00:00,URL-bfd3434e7d03,1,c57abcf4bb1c9380,unique_url,,url-canon-v1.0-2026-07-27
NEWS-guardian_api-bff61e15eff5,https://www.theguardian.com/commentisfree/2013/apr/11/benefits-not-electoral-winner-cameron-presumed,https://www.theguardian.com/commentisfree/2013/apr/11/benefits-not-electoral-winner-cameron-presumed,,,2026-07-22T21:09:08+00:00,URL-bff61e15eff5,1,0c0a89a0f5c8c7f2,unique_url,,url-canon-v1.0-2026-07-27
NEWS-guardian_api-bff7b2710165,https://www.theguardian.com/uk-news/2025/nov/15/death-by-a-thousand-cuts-the-people-who-could-face-deportation-under-reform,https://www.theguardian.com/uk-news/2025/nov/15/death-by-a-thousand-cuts-the-people-who-could-face-deportation-under-reform,,,2026-07-22T21:07:44+00:00,URL-bff7b2710165,1,112ca9dc9364aa25,unique_url,,url-canon-v1.0-2026-07-27
NEWS-guardian_api-bffbd0d2c159,https://www.theguardian.com/commentisfree/2012/nov/26/ukip-seriously-unserious-editorial,https://www.theguardian.com/commentisfree/2012/nov/26/ukip-seriously-unserious-editorial,,,2026-07-22T21:08:31+00:00,URL-bffbd0d2c159,1,fefcf8c7644f7697,unique_url,,url-canon-v1.0-2026-07-27
NEWS-guardian_api-c009854b0f8f,https://www.theguardian.com/society/2025/nov/15/english-councils-sell-off-social-clubs-sports-centres,https://www.theguardian.com/society/2025/nov/15/english-councils-sell-off-social-clubs-sports-centres,,,2026-07-22T21:08:10+00:00,URL-c009854b0f8f,1,cf578b3f8c123515,unique_url,,url-canon-v1.0-2026-07-27
NEWS-guardian_api-c063f37ad2cb,https://www.theguardian.com/society/2016/nov/24/housing-gets-4bn-boost-to-increase-number-of-new-homes,https://www.theguardian.com/society/2016/nov/24/housing-gets-4bn-boost-to-increase-number-of-new-homes,,,2026-07-22T21:09:39+00:00,URL-c063f37ad2cb,1,bda63f9d94f44224,unique_url,,url-canon-v1.0-2026-07-27
NEWS-guardian_api-c06ac8209ebb,https://www.theguardian.com/local-government-network/2013/mar/02/expert-round-up-councils-local-energy-schemes,https://www.theguardian.com/local-government-network/2013/mar/02/expert-round-up-councils-local-energy-schemes,,,2026-07-22T21:08:42+00:00,URL-c06ac8209ebb,1,0c37ed0a9a4271ab,unique_url,,url-canon-v1.0-2026-07-27
NEWS-guardian_api-c0e874a7c919,https://www.theguardian.com/commentisfree/2025/dec/22/the-guardian-view-on-hope-with-your-help-charities-can-help-to-repair-the-social-fabric,https://www.theguardian.com/commentisfree/2025/dec/22/the-guardian-view-on-hope-with-your-help-charities-can-help-to-repair-the-social-fabric,,,2026-07-22T21:08:10+00:00,URL-c0e874a7c919,1,b64f34fee50d8f1d,unique_url,,url-canon-v1.0-2026-07-27
NEWS-guardian_api-c10af7ba9e3b,https://www.theguardian.com/world/2020/nov/10/tuesday-briefing-vaccine-news-moves-the-needle-in-covid-fight,https://www.theguardian.com/world/2020/nov/10/tuesday-briefing-vaccine-news-moves-the-needle-in-covid-fight,,,2026-07-22T21:10:17+00:00,URL-c10af7ba9e3b,1,260c99e494f3bf45,unique_url,,url-canon-v1.0-2026-07-27
NEWS-guardian_api-c11f41411228,https://www.theguardian.com/politics/live/2025/nov/09/mistaken-prisoner-releases-labour-budget-uk-politics-live,https://www.theguardian.com/politics/live/2025/nov/09/mistaken-prisoner-releases-labour-budget-uk-politics-live,,,2026-07-22T21:08:06+00:00,URL-c11f41411228,1,d58ffa5f2dbfa73c,unique_url,,url-canon-v1.0-2026-07-27
NEWS-guardian_api-c1613ad8175e,https://www.theguardian.com/business/2025/nov/09/obr-2025-budget-verdict-important-but-bond-market-key-rachel-reeves,https://www.theguardian.com/business/2025/nov/09/obr-2025-budget-verdict-important-but-bond-market-key-rachel-reeves,,,2026-07-22T21:08:06+00:00,URL-c1613ad8175e,1,18a8164ee63e6ec9,unique_url,,url-canon-v1.0-2026-07-27
NEWS-guardian_api-c196d9cc2fcf,https://www.theguardian.com/commentisfree/2021/mar/05/the-guardian-view-on-an-nhs-pay-offer-looks-like-contempt-for-covid-heroes,https://www.theguardian.com/commentisfree/2021/mar/05/the-guardian-view-on-an-nhs-pay-offer-looks-like-contempt-for-covid-heroes,,,2026-07-22T21:10:33+00:00,URL-c196d9cc2fcf,1,539a3dda94445174,unique_url,,url-canon-v1.0-2026-07-27
NEWS-guardian_api-c19b7efd857e,https://www.theguardian.com/uk/2012/nov/25/rotherham-byelection-ukip-golden-moment,https://www.theguardian.com/uk/2012/nov/25/rotherham-byelection-ukip-golden-moment,,,2026-07-22T21:08:30+00:00,URL-c19b7efd857e,1,dac0a3fbe34f0c57,unique_url,,url-canon-v1.0-2026-07-27
NEWS-guardian_api-c1c41f2146e5,https://www.theguardian.com/healthcare-network/2012/nov/05/today-in-healthcare-5-november,https://www.theguardian.com/healthcare-network/2012/nov/05/today-in-healthcare-5-november,,,2026-07-22T21:08:38+00:00,URL-c1c41f2146e5,1,376c8733eef0cf0e,unique_url,,url-canon-v1.0-2026-07-27
NEWS-guardian_api-c1e218cf6593,https://www.theguardian.com/politics/2016/nov/22/the-futures-bright-the-futures-orange-in-trumptastic-uk,https://www.theguardian.com/politics/2016/nov/22/the-futures-bright-the-futures-orange-in-trumptastic-uk,,,2026-07-22T21:09:15+00:00,URL-c1e218cf6593,1,224a22fdf99d1f16,unique_url,,url-canon-v1.0-2026-07-27
NEWS-guardian_api-c21e8e8fa23b,https://www.theguardian.com/teacher-network/teacher-blog/2012/nov/04/gove-openness-government-teacher-ideas,https://www.theguardian.com/teacher-network/teacher-blog/2012/nov/04/gove-openness-government-teacher-ideas,,,2026-07-22T21:08:51+00:00,URL-c21e8e8fa23b,1,517b9bcec87d102d,unique_url,,url-canon-v1.0-2026-07-27
NEWS-guardian_api-c22069457b1b,https://www.theguardian.com/commentisfree/2017/jan/19/brussels-tough-wait-corporate-america-writes-the-rules,https://www.theguardian.com/commentisfree/2017/jan/19/brussels-tough-wait-corporate-america-writes-the-rules,,,2026-07-22T21:09:47+00:00,URL-c22069457b1b,1,faa79a2f8d8d0c85,unique_url,,url-canon-v1.0-2026-07-27
NEWS-guardian_api-c23b270ae40d,https://www.theguardian.com/commentisfree/2012/nov/04/andrew-rawnsley-tory-eu-rebellion-cynical,https://www.theguardian.com/commentisfree/2012/nov/04/andrew-rawnsley-tory-eu-rebellion-cynical,,,2026-07-22T21:08:51+00:00,URL-c23b270ae40d,1,4f12931b3910e7cd,unique_url,,url-canon-v1.0-2026-07-27
NEWS-guardian_api-c286b3618e54,https://www.theguardian.com/commentisfree/2013/feb/10/eastleigh-byelection-huhne-crewe-cameron,https://www.theguardian.com/commentisfree/2013/feb/10/eastleigh-byelection-huhne-crewe-cameron,,,2026-07-22T21:08:38+00:00,URL-c286b3618e54,1,7da2e210081a6e62,unique_url,,url-canon-v1.0-2026-07-27
NEWS-guardian_api-c2935bc45647,https://www.theguardian.com/education/2021/jan/14/schools-in-england-told-not-to-provide-free-school-meals-at-half-term,https://www.theguardian.com/education/2021/jan/14/schools-in-england-told-not-to-provide-free-school-meals-at-half-term,,,2026-07-22T21:10:25+00:00,URL-c2935bc45647,1,eda6f5d31203f066,unique_url,,url-canon-v1.0-2026-07-27
NEWS-guardian_api-c2cf501b7164,https://www.theguardian.com/media/2025/nov/18/ofcom-complaints-gb-news-defendants-foreign-sounding-names,https://www.theguardian.com/media/2025/nov/18/ofcom-complaints-gb-news-defendants-foreign-sounding-names,,,2026-07-22T21:07:44+00:00,URL-c2cf501b7164,1,1926460bc3325191,unique_url,,url-canon-v1.0-2026-07-27
NEWS-guardian_api-c2e45865c612,https://www.theguardian.com/world/2016/nov/05/refugees-northern-france-dunkirk-calais-camp-demolished,https://www.theguardian.com/world/2016/nov/05/refugees-northern-france-dunkirk-calais-camp-demolished,,,2026-07-22T21:09:36+00:00,URL-c2e45865c612,1,06daaf7ab3bb5d9e,unique_url,,url-canon-v1.0-2026-07-27
NEWS-guardian_api-c2ff79a03d60,https://www.theguardian.com/healthcare-network/2017/jan/31/nhs-transformation-plans-health-service,https://www.theguardian.com/healthcare-network/2017/jan/31/nhs-transformation-plans-health-service,,,2026-07-22T21:09:47+00:00,URL-c2ff79a03d60,1,5db8fc5290174c6f,unique_url,,url-canon-v1.0-2026-07-27
NEWS-guardian_api-c31f44f17ea5,https://www.theguardian.com/business/2020/nov/10/a-million-people-may-quit-self-employment-in-covid-hit-uk-study,https://www.theguardian.com/business/2020/nov/10/a-million-people-may-quit-self-employment-in-covid-hit-uk-study,,,2026-07-22T21:10:17+00:00,URL-c31f44f17ea5,1,ab4acd52559d2303,unique_url,,url-canon-v1.0-2026-07-27
NEWS-guardian_api-c366ed6b1910,https://www.theguardian.com/politics/2012/nov/19/ukip-benefiting-disillusionment-politics-poll,https://www.theguardian.com/politics/2012/nov/19/ukip-benefiting-disillusionment-politics-poll,,,2026-07-22T21:08:30+00:00,URL-c366ed6b1910,1,bab0ddcba034e1df,unique_url,,url-canon-v1.0-2026-07-27
NEWS-guardian_api-c3f9e86e48b4,https://www.theguardian.com/politics/live/2025/nov/20/covid-inquiry-report-pandemic-labour-conservatives-andy-burnham-uk-politics-live-news,https://www.theguardian.com/politics/live/2025/nov/20/covid-inquiry-report-pandemic-labour-conservatives-andy-burnham-uk-politics-live-news,,,2026-07-22T21:07:52+00:00,URL-c3f9e86e48b4,1,513de327484daee5,unique_url,,url-canon-v1.0-2026-07-27
NEWS-guardian_api-c3fd77048910,https://www.theguardian.com/uk-news/2016/dec/08/corbyn-line-on-eu-immigration-risks-helping-ukip-warns-welsh-first-minister,https://www.theguardian.com/uk-news/2016/dec/08/corbyn-line-on-eu-immigration-risks-helping-ukip-warns-welsh-first-minister,,,2026-07-22T21:09:19+00:00,URL-c3fd77048910,1,db39570c682fc850,unique_url,,url-canon-v1.0-2026-07-27
NEWS-guardian_api-c42c2f624f08,https://www.theguardian.com/politics/blog/live/2016/dec/15/brexit-theresa-may-brussels-care-council-tax-warning-eu-trade-deal-could-take-10-years-accused-of-gloomy-pessimism-politics-live,https://www.theguardian.com/politics/blog/live/2016/dec/15/brexit-theresa-may-brussels-care-council-tax-warning-eu-trade-deal-could-take-10-years-accused-of-gloomy-pessimism-politics-live,,,2026-07-22T21:09:19+00:00,URL-c42c2f624f08,1,10bdc186694abb2b,unique_url,,url-canon-v1.0-2026-07-27
NEWS-guardian_api-c47644311898,https://www.theguardian.com/world/2012/dec/28/david-cameron-britain-eu-accident,https://www.theguardian.com/world/2012/dec/28/david-cameron-britain-eu-accident,,,2026-07-22T21:08:34+00:00,URL-c47644311898,1,1d68286f149569c9,unique_url,,url-canon-v1.0-2026-07-27
NEWS-guardian_api-c4a49b22c46c,https://www.theguardian.com/politics/2013/jan/09/hugh-muir-diary-scientology-wright,https://www.theguardian.com/politics/2013/jan/09/hugh-muir-diary-scientology-wright,,,2026-07-22T21:08:34+00:00,URL-c4a49b22c46c,1,023bb65d84230a71,unique_url,,url-canon-v1.0-2026-07-27
NEWS-guardian_api-c4ed1a2f4744,https://www.theguardian.com/commentisfree/2013/feb/12/poll-large-labour-lead-guardian-icm,https://www.theguardian.com/commentisfree/2013/feb/12/poll-large-labour-lead-guardian-icm,,,2026-07-22T21:09:07+00:00,URL-c4ed1a2f4744,1,55916a9b1d963213,unique_url,,url-canon-v1.0-2026-07-27
NEWS-guardian_api-c5113a8e36b9,https://www.theguardian.com/politics/2020/nov/07/brexit-talks-remain-deadlocked-going-into-decisive-week,https://www.theguardian.com/politics/2020/nov/07/brexit-talks-remain-deadlocked-going-into-decisive-week,,,2026-07-22T21:10:20+00:00,URL-c5113a8e36b9,1,adc725d30c5eaea9,unique_url,,url-canon-v1.0-2026-07-27
NEWS-guardian_api-c522f7862e23,https://www.theguardian.com/football/live/2025/nov/09/liverpool-travel-to-manchester-city-premier-league-buildup-and-more-matchday-live,https://www.theguardian.com/football/live/2025/nov/09/liverpool-travel-to-manchester-city-premier-league-buildup-and-more-matchday-live,,,2026-07-22T21:08:06+00:00,URL-c522f7862e23,1,9bbcebffeb30a813,unique_url,,url-canon-v1.0-2026-07-27
NEWS-guardian_api-c5274d93663e,https://www.theguardian.com/politics/2025/nov/28/a-public-inquiry-on-brexit-might-make-it-easier-for-us-to-rejoin-the-eu,https://www.theguardian.com/politics/2025/nov/28/a-public-inquiry-on-brexit-might-make-it-easier-for-us-to-rejoin-the-eu,,,2026-07-22T21:07:48+00:00,URL-c5274d93663e,1,fb4600b4a701235e,unique_url,,url-canon-v1.0-2026-07-27
NEWS-guardian_api-c596a61c8246,https://www.theguardian.com/news/blog/2012/nov/23/your-views-on-the-news,https://www.theguardian.com/news/blog/2012/nov/23/your-views-on-the-news,,,2026-07-22T21:08:38+00:00,URL-c596a61c8246,1,057a6a1650955e41,unique_url,,url-canon-v1.0-2026-07-27
NEWS-guardian_api-c5c274899b3b,https://www.theguardian.com/society/2012/dec/11/ukip-david-cameron-gay-marriage,https://www.theguardian.com/society/2012/dec/11/ukip-david-cameron-gay-marriage,,,2026-07-22T21:08:34+00:00,URL-c5c274899b3b,1,1924bb808e29faf6,unique_url,,url-canon-v1.0-2026-07-27
NEWS-guardian_api-c62d5c10e288,https://www.theguardian.com/business/live/2020/nov/20/uk-national-debt-october-borrowing-covid-19-retail-sales-ftse-business-live,https://www.theguardian.com/business/live/2020/nov/20/uk-national-debt-october-borrowing-covid-19-retail-sales-ftse-business-live,,,2026-07-22T21:10:32+00:00,URL-c62d5c10e288,1,f6b26bb6fc10f6b8,unique_url,,url-canon-v1.0-2026-07-27
NEWS-guardian_api-c63a4934183c,https://www.theguardian.com/commentisfree/2017/feb/06/the-guardian-view-on-the-nhs-more-cash-less-dog-whistling-needed,https://www.theguardian.com/commentisfree/2017/feb/06/the-guardian-view-on-the-nhs-more-cash-less-dog-whistling-needed,,,2026-07-22T21:09:47+00:00,URL-c63a4934183c,1,52956ec3378977cf,unique_url,,url-canon-v1.0-2026-07-27
NEWS-guardian_api-c655a70793b7,https://www.theguardian.com/commentisfree/2021/feb/01/uk-government-pupils-covid-pandemic-public-spending-schools-tories,https://www.theguardian.com/commentisfree/2021/feb/01/uk-government-pupils-covid-pandemic-public-spending-schools-tories,,,2026-07-22T21:10:32+00:00,URL-c655a70793b7,1,ef001f8520d2c79e,unique_url,,url-canon-v1.0-2026-07-27
NEWS-guardian_api-c68fbc5203d1,https://www.theguardian.com/uk-news/2025/nov/14/why-did-labour-abandon-plans-to-raise-income-tax-in-the-budget,https://www.theguardian.com/uk-news/2025/nov/14/why-did-labour-abandon-plans-to-raise-income-tax-in-the-budget,,,2026-07-22T21:08:02+00:00,URL-c68fbc5203d1,1,eb25c61ade4e8a62,unique_url,,url-canon-v1.0-2026-07-27
NEWS-guardian_api-c6d39bf3fa39,https://www.theguardian.com/uk/the-northerner/2013/feb/13/police-service-reforms-northern-england,https://www.theguardian.com/uk/the-northerner/2013/feb/13/police-service-reforms-northern-england,,,2026-07-22T21:09:02+00:00,URL-c6d39bf3fa39,1,4ac4dd1837e9f05e,unique_url,,url-canon-v1.0-2026-07-27
NEWS-guardian_api-c726af230abd,https://www.theguardian.com/society/2016/nov/13/revealed-dozens-of-children-still-treated-on-adult-psychiatric-wards,https://www.theguardian.com/society/2016/nov/13/revealed-dozens-of-children-still-treated-on-adult-psychiatric-wards,,,2026-07-22T21:09:32+00:00,URL-c726af230abd,1,5451c85bf9ff9b26,unique_url,,url-canon-v1.0-2026-07-27
NEWS-guardian_api-c77c46a9a286,https://www.theguardian.com/commentisfree/2025/nov/14/wes-streeting-no-10-reforms-nhs-health-secretary-public-services-labour,https://www.theguardian.com/commentisfree/2025/nov/14/wes-streeting-no-10-reforms-nhs-health-secretary-public-services-labour,,,2026-07-22T21:08:18+00:00,URL-c77c46a9a286,1,301213fbb20d5dac,unique_url,,url-canon-v1.0-2026-07-27
NEWS-guardian_api-c7a72cd1a9ed,https://www.theguardian.com/politics/2016/nov/06/gina-miller-brexit-ruling-prevents-uk-from-being-a-tin-pot-dicatorship,https://www.theguardian.com/politics/2016/nov/06/gina-miller-brexit-ruling-prevents-uk-from-being-a-tin-pot-dicatorship,,,2026-07-22T21:09:15+00:00,URL-c7a72cd1a9ed,1,ece5603b93a0fd99,unique_url,,url-canon-v1.0-2026-07-27
NEWS-guardian_api-c7cddedf66ef,https://www.theguardian.com/business/2016/nov/15/who-really-benefits-from-free-trade-agreements-like-ttip-ceta-and-nafta,https://www.theguardian.com/business/2016/nov/15/who-really-benefits-from-free-trade-agreements-like-ttip-ceta-and-nafta,,,2026-07-22T21:09:15+00:00,URL-c7cddedf66ef,1,1a048683ebdaf0e5,unique_url,,url-canon-v1.0-2026-07-27
NEWS-guardian_api-c81ed460ef10,https://www.theguardian.com/politics/2026/jan/15/multimillionaire-leader-reform-scotland-net-worth-malcolm-offord,https://www.theguardian.com/politics/2026/jan/15/multimillionaire-leader-reform-scotland-net-worth-malcolm-offord,,,2026-07-22T21:08:23+00:00,URL-c81ed460ef10,1,1f8c7bf3c4711780,unique_url,,url-canon-v1.0-2026-07-27
NEWS-guardian_api-c83f69d19c40,https://www.theguardian.com/media/2020/dec/21/call-off-plan-to-relax-law-on-licence-fee-non-payment-says-labour,https://www.theguardian.com/media/2020/dec/21/call-off-plan-to-relax-law-on-licence-fee-non-payment-says-labour,,,2026-07-22T21:10:03+00:00,URL-c83f69d19c40,1,3452beb615321c93,unique_url,,url-canon-v1.0-2026-07-27
NEWS-guardian_api-c87b31a82452,https://www.theguardian.com/commentisfree/2013/feb/03/capitalism-reform-essential,https://www.theguardian.com/commentisfree/2013/feb/03/capitalism-reform-essential,,,2026-07-22T21:08:38+00:00,URL-c87b31a82452,1,6041d9446a457c4b,unique_url,,url-canon-v1.0-2026-07-27
NEWS-guardian_api-c88a525879ca,https://www.theguardian.com/business/2016/nov/05/economic-woe-trump-style-movements-created-worldwide,https://www.theguardian.com/business/2016/nov/05/economic-woe-trump-style-movements-created-worldwide,,,2026-07-22T21:09:32+00:00,URL-c88a525879ca,1,7e26cdf45bfbb303,unique_url,,url-canon-v1.0-2026-07-27
NEWS-guardian_api-c8fa36209be8,https://www.theguardian.com/politics/2016/nov/06/labour-byelection-candidate-would-vote-against-brexit-bill,https://www.theguardian.com/politics/2016/nov/06/labour-byelection-candidate-would-vote-against-brexit-bill,,,2026-07-22T21:09:15+00:00,URL-c8fa36209be8,1,903aec40256b299b,unique_url,,url-canon-v1.0-2026-07-27
NEWS-guardian_api-c90a5501afa5,https://www.theguardian.com/society/2012/dec/11/homelessness-payment-results-social-bond,https://www.theguardian.com/society/2012/dec/11/homelessness-payment-results-social-bond,,,2026-07-22T21:09:02+00:00,URL-c90a5501afa5,1,46eb6ef5cb2fe582,unique_url,,url-canon-v1.0-2026-07-27
NEWS-guardian_api-c91e43ff9b34,https://www.theguardian.com/politics/2016/nov/11/no-10-denies-nigel-farage-will-be-given-go-between-role-with-us,https://www.theguardian.com/politics/2016/nov/11/no-10-denies-nigel-farage-will-be-given-go-between-role-with-us,,,2026-07-22T21:09:15+00:00,URL-c91e43ff9b34,1,a3af08771846981a,unique_url,,url-canon-v1.0-2026-07-27
NEWS-guardian_api-c9503ef51808,https://www.theguardian.com/technology/2025/nov/08/elon-musk-global-far-right,https://www.theguardian.com/technology/2025/nov/08/elon-musk-global-far-right,,,2026-07-22T21:08:02+00:00,URL-c9503ef51808,1,96d3d88bcc956d56,unique_url,,url-canon-v1.0-2026-07-27
NEWS-guardian_api-c97a3cbcccfd,https://www.theguardian.com/politics/live/2026/feb/26/gorton-and-denton-byelection-green-party-labour-reform-uk-politics-latest-news-updates,https://www.theguardian.com/politics/live/2026/feb/26/gorton-and-denton-byelection-green-party-labour-reform-uk-politics-latest-news-updates,,,2026-07-22T21:08:10+00:00,URL-c97a3cbcccfd,1,0283c6841ae0db9a,unique_url,,url-canon-v1.0-2026-07-27
NEWS-guardian_api-c97c0ac2b079,https://www.theguardian.com/technology/2012/nov/12/google-amazon-starbucks-tax-avoidance,https://www.theguardian.com/technology/2012/nov/12/google-amazon-starbucks-tax-avoidance,,,2026-07-22T21:08:47+00:00,URL-c97c0ac2b079,1,82790a825475647d,unique_url,,url-canon-v1.0-2026-07-27
NEWS-guardian_api-c9b546b05954,https://www.theguardian.com/politics/live/2020/nov/25/uk-politics-live-rishi-sunak-spending-review-2020-covid-jobs-crisis,https://www.theguardian.com/politics/live/2020/nov/25/uk-politics-live-rishi-sunak-spending-review-2020-covid-jobs-crisis,,,2026-07-22T21:10:03+00:00,URL-c9b546b05954,1,09c4bbb0d5d7b199,unique_url,,url-canon-v1.0-2026-07-27
NEWS-guardian_api-c9b5afece9af,https://www.theguardian.com/politics/2016/nov/06/truss-and-may-forced-to-stand-up-for-article-50-judges-after-tabloid-abuse,https://www.theguardian.com/politics/2016/nov/06/truss-and-may-forced-to-stand-up-for-article-50-judges-after-tabloid-abuse,,,2026-07-22T21:09:15+00:00,URL-c9b5afece9af,1,811da45fda96b4c5,unique_url,,url-canon-v1.0-2026-07-27
NEWS-guardian_api-cad005d506ba,https://www.theguardian.com/commentisfree/2016/nov/27/what-has-become-of-conservatism-trump-farage-le-pen-brexit,https://www.theguardian.com/commentisfree/2016/nov/27/what-has-become-of-conservatism-trump-farage-le-pen-brexit,,,2026-07-22T21:09:19+00:00,URL-cad005d506ba,1,ba0c2f3cee14668d,unique_url,,url-canon-v1.0-2026-07-27
NEWS-guardian_api-cad124aa89df,https://www.theguardian.com/business/2025/nov/17/rachel-reeves-holiday-tax-english-hotel-airbnb-stays,https://www.theguardian.com/business/2025/nov/17/rachel-reeves-holiday-tax-english-hotel-airbnb-stays,,,2026-07-22T21:07:52+00:00,URL-cad124aa89df,1,b16295cf675fdabd,unique_url,,url-canon-v1.0-2026-07-27
NEWS-guardian_api-cbc77fbf3c9a,https://www.theguardian.com/business/2017/feb/07/ifs-warns-steep-cuts-tax-rises-40bn-black-hole-uk,https://www.theguardian.com/business/2017/feb/07/ifs-warns-steep-cuts-tax-rises-40bn-black-hole-uk,,,2026-07-22T21:09:47+00:00,URL-cbc77fbf3c9a,1,73f5958b59dfd6e4,unique_url,,url-canon-v1.0-2026-07-27
NEWS-guardian_api-cc346cf5f614,https://www.theguardian.com/business/2020/dec/10/uk-economy-almost-at-a-standstill-before-new-covid-restrictions-hit-ons-says,https://www.theguardian.com/business/2020/dec/10/uk-economy-almost-at-a-standstill-before-new-covid-restrictions-hit-ons-says,,,2026-07-22T21:10:32+00:00,URL-cc346cf5f614,1,80c7f8fffce2b621,unique_url,,url-canon-v1.0-2026-07-27
NEWS-guardian_api-cc48151f2747,https://www.theguardian.com/commentisfree/live/2017/apr/28/has-brexit-poisoned-british-politics-join-our-live-look-at-the-week,https://www.theguardian.com/commentisfree/live/2017/apr/28/has-brexit-poisoned-british-politics-join-our-live-look-at-the-week,,,2026-07-22T21:09:28+00:00,URL-cc48151f2747,1,6583c6d41254f84c,unique_url,,url-canon-v1.0-2026-07-27
NEWS-guardian_api-cc5eafac860d,https://www.theguardian.com/world/2013/feb/02/romania-uk-immigrants-diplomatic-row,https://www.theguardian.com/world/2013/feb/02/romania-uk-immigrants-diplomatic-row,,,2026-07-22T21:09:02+00:00,URL-cc5eafac860d,1,fa4472061576dcbe,unique_url,,url-canon-v1.0-2026-07-27
NEWS-guardian_api-ccbca17daefd,https://www.theguardian.com/commentisfree/2016/nov/10/brexit-trump-whitelash-politicians-must-not-pander,https://www.theguardian.com/commentisfree/2016/nov/10/brexit-trump-whitelash-politicians-must-not-pander,,,2026-07-22T21:09:15+00:00,URL-ccbca17daefd,1,896108a17c8e3fb2,unique_url,,url-canon-v1.0-2026-07-27
NEWS-guardian_api-cccb13dc0ef5,https://www.theguardian.com/commentisfree/2013/feb/21/eastleigh-byelection-pivotal-political-event,https://www.theguardian.com/commentisfree/2013/feb/21/eastleigh-byelection-pivotal-political-event,,,2026-07-22T21:09:07+00:00,URL-cccb13dc0ef5,1,2967674d697091d7,unique_url,,url-canon-v1.0-2026-07-27
NEWS-guardian_api-cd075eb41fa8,https://www.theguardian.com/politics/2026/jan/05/let-me-explain-why-we-cant-stand-keir-starmer,https://www.theguardian.com/politics/2026/jan/05/let-me-explain-why-we-cant-stand-keir-starmer,,,2026-07-22T21:08:18+00:00,URL-cd075eb41fa8,1,3235b683ca8482d0,unique_url,,url-canon-v1.0-2026-07-27
NEWS-guardian_api-cd3ce95d3f19,https://www.theguardian.com/world/live/2020/nov/18/coronavirus-live-news-senator-chuck-grassley-tests-positive-airlines-offer-covid-testing,https://www.theguardian.com/world/live/2020/nov/18/coronavirus-live-news-senator-chuck-grassley-tests-positive-airlines-offer-covid-testing,,,2026-07-22T21:10:07+00:00,URL-cd3ce95d3f19,1,1b445fba68020399,unique_url,,url-canon-v1.0-2026-07-27
NEWS-guardian_api-cd3cf8112921,https://www.theguardian.com/politics/2026/mar/09/ministers-to-ask-randomly-selected-britons-to-feed-into-digital-id-consultation,https://www.theguardian.com/politics/2026/mar/09/ministers-to-ask-randomly-selected-britons-to-feed-into-digital-id-consultation,,,2026-07-22T21:08:18+00:00,URL-cd3cf8112921,1,b194a81a0f3ced0d,unique_url,,url-canon-v1.0-2026-07-27
NEWS-guardian_api-cd60111470b6,https://www.theguardian.com/business/2017/feb/14/low-inflation-over-uk-consumer-finances-take-a-hit,https://www.theguardian.com/business/2017/feb/14/low-inflation-over-uk-consumer-finances-take-a-hit,,,2026-07-22T21:09:23+00:00,URL-cd60111470b6,1,7f397cd34bd31b8b,unique_url,,url-canon-v1.0-2026-07-27
NEWS-guardian_api-cd6ec2a877bc,https://www.theguardian.com/society/2013/jan/08/england-housing-crisis-ignored-politicians,https://www.theguardian.com/society/2013/jan/08/england-housing-crisis-ignored-politicians,,,2026-07-22T21:08:42+00:00,URL-cd6ec2a877bc,1,97e7f201fb2542f4,unique_url,,url-canon-v1.0-2026-07-27
NEWS-guardian_api-cdf7220256f8,https://www.theguardian.com/politics/2020/nov/08/dominic-raab-joe-biden-no-deal-brexit,https://www.theguardian.com/politics/2020/nov/08/dominic-raab-joe-biden-no-deal-brexit,,,2026-07-22T21:10:20+00:00,URL-cdf7220256f8,1,07308eced55a799a,unique_url,,url-canon-v1.0-2026-07-27
NEWS-guardian_api-ce08be473068,https://www.theguardian.com/politics/2020/nov/08/welsh-first-minister-end-covid-lockdown-firebreak-mark-drakeford,https://www.theguardian.com/politics/2020/nov/08/welsh-first-minister-end-covid-lockdown-firebreak-mark-drakeford,,,2026-07-22T21:10:20+00:00,URL-ce08be473068,1,c006f9ffacabb2de,unique_url,,url-canon-v1.0-2026-07-27
NEWS-guardian_api-ce586d2402c9,https://www.theguardian.com/commentisfree/2025/nov/17/labour-briefing-office-drama-no-10,https://www.theguardian.com/commentisfree/2025/nov/17/labour-briefing-office-drama-no-10,,,2026-07-22T21:07:52+00:00,URL-ce586d2402c9,1,0abd201d73ef7160,unique_url,,url-canon-v1.0-2026-07-27
NEWS-guardian_api-ce614f0fffc6,https://www.theguardian.com/commentisfree/cartoon/2012/nov/25/ukip-parent-fostering-row-farage,https://www.theguardian.com/commentisfree/cartoon/2012/nov/25/ukip-parent-fostering-row-farage,,,2026-07-22T21:08:30+00:00,URL-ce614f0fffc6,1,,unique_url,,url-canon-v1.0-2026-07-27
NEWS-guardian_api-ce6cd571b152,https://www.theguardian.com/politics/blog/live/2017/jan/10/jeremy-corbyns-morning-interviews-politics-live,https://www.theguardian.com/politics/blog/live/2017/jan/10/jeremy-corbyns-morning-interviews-politics-live,,,2026-07-22T21:09:19+00:00,URL-ce6cd571b152,1,34274d8f03b5e9fb,unique_url,,url-canon-v1.0-2026-07-27
NEWS-guardian_api-cf142eed0094,https://www.theguardian.com/commentisfree/2017/jan/24/crisis-social-care-rebels-tories-surrey-county-council,https://www.theguardian.com/commentisfree/2017/jan/24/crisis-social-care-rebels-tories-surrey-county-council,,,2026-07-22T21:09:26+00:00,URL-cf142eed0094,1,8b018ca3f9de0d65,unique_url,,url-canon-v1.0-2026-07-27
NEWS-guardian_api-cf70a80fe42a,https://www.theguardian.com/society/2012/nov/28/kings-fund-report-nhs-cracks,https://www.theguardian.com/society/2012/nov/28/kings-fund-report-nhs-cracks,,,2026-07-22T21:08:31+00:00,URL-cf70a80fe42a,1,bdf156f04bd45d8f,unique_url,,url-canon-v1.0-2026-07-27
NEWS-guardian_api-cfc56033ac3b,https://www.theguardian.com/business/2013/jan/18/pay-rises-economy-fuel-inflation,https://www.theguardian.com/business/2013/jan/18/pay-rises-economy-fuel-inflation,,,2026-07-22T21:08:38+00:00,URL-cfc56033ac3b,1,543ba03254b5305f,unique_url,,url-canon-v1.0-2026-07-27
NEWS-guardian_api-cfe35b255bb5,https://www.theguardian.com/commentisfree/2012/dec/28/nationalarchives-welfare,https://www.theguardian.com/commentisfree/2012/dec/28/nationalarchives-welfare,,,2026-07-22T21:09:02+00:00,URL-cfe35b255bb5,1,744aa2b7d6571125,unique_url,,url-canon-v1.0-2026-07-27
NEWS-guardian_api-d0144242e603,https://www.theguardian.com/uk-news/2025/nov/25/rachel-reeves-expected-to-scrap-300m-in-tax-breaks-for-motability-scheme,https://www.theguardian.com/uk-news/2025/nov/25/rachel-reeves-expected-to-scrap-300m-in-tax-breaks-for-motability-scheme,,,2026-07-22T21:07:45+00:00,URL-d0144242e603,1,18e7fdd69b054665,unique_url,,url-canon-v1.0-2026-07-27
NEWS-guardian_api-d03a3689db9b,https://www.theguardian.com/politics/2025/nov/15/nigel-farage-is-todays-enoch-powell-and-his-appeal-down-to-slow-economy-says-minister,https://www.theguardian.com/politics/2025/nov/15/nigel-farage-is-todays-enoch-powell-and-his-appeal-down-to-slow-economy-says-minister,,,2026-07-22T21:07:44+00:00,URL-d03a3689db9b,1,486cc4ccdd23c7f1,unique_url,,url-canon-v1.0-2026-07-27
NEWS-guardian_api-d071d5574daa,https://www.theguardian.com/commentisfree/2020/dec/09/covid-finished-off-high-streets-replace-preston-wrexham,https://www.theguardian.com/commentisfree/2020/dec/09/covid-finished-off-high-streets-replace-preston-wrexham,,,2026-07-22T21:10:25+00:00,URL-d071d5574daa,1,768a6881e73b0c7d,unique_url,,url-canon-v1.0-2026-07-27
NEWS-guardian_api-d09f4defdb06,https://www.theguardian.com/business/2016/nov/13/trump-election-means-britain-turn-against-brexit,https://www.theguardian.com/business/2016/nov/13/trump-election-means-britain-turn-against-brexit,,,2026-07-22T21:09:15+00:00,URL-d09f4defdb06,1,880d0cef223ba891,unique_url,,url-canon-v1.0-2026-07-27
NEWS-guardian_api-d0ad8d2565d0,https://www.theguardian.com/world/2016/nov/05/child-refugees-calais-traumatised-and-depressed,https://www.theguardian.com/world/2016/nov/05/child-refugees-calais-traumatised-and-depressed,,,2026-07-22T21:09:36+00:00,URL-d0ad8d2565d0,1,55a0c282d775e480,unique_url,,url-canon-v1.0-2026-07-27
NEWS-guardian_api-d0b9fb865bca,https://www.theguardian.com/society/2012/nov/25/women-equality-gender-gap-bishops,https://www.theguardian.com/society/2012/nov/25/women-equality-gender-gap-bishops,,,2026-07-22T21:08:38+00:00,URL-d0b9fb865bca,1,1c3c00d6ffea2633,unique_url,,url-canon-v1.0-2026-07-27
NEWS-guardian_api-d0e43475efd8,https://www.theguardian.com/commentisfree/2017/jan/23/complaining-brexit-economic-benefits-government-cost-of-living-multinationals,https://www.theguardian.com/commentisfree/2017/jan/23/complaining-brexit-economic-benefits-government-cost-of-living-multinationals,,,2026-07-22T21:09:22+00:00,URL-d0e43475efd8,1,0fc5da8445557369,unique_url,,url-canon-v1.0-2026-07-27
NEWS-guardian_api-d0e677e5bc64,https://www.theguardian.com/commentisfree/2012/dec/30/cameron-miliband-clegg-predictions-for-2013,https://www.theguardian.com/commentisfree/2012/dec/30/cameron-miliband-clegg-predictions-for-2013,,,2026-07-22T21:08:34+00:00,URL-d0e677e5bc64,1,e3bf86d32c7948fd,unique_url,,url-canon-v1.0-2026-07-27
NEWS-guardian_api-d0f9c6b12713,https://www.theguardian.com/world/live/2016/nov/26/fidel-castro-death-cuban-leader-live-updates,https://www.theguardian.com/world/live/2016/nov/26/fidel-castro-death-cuban-leader-live-updates,,,2026-07-22T21:09:47+00:00,URL-d0f9c6b12713,1,89c9ea15c2833f60,unique_url,,url-canon-v1.0-2026-07-27
NEWS-guardian_api-d105b02300f3,https://www.theguardian.com/commentisfree/2016/nov/06/poison-in-our-political-discourse-is-threat-to-sense-and-reason,https://www.theguardian.com/commentisfree/2016/nov/06/poison-in-our-political-discourse-is-threat-to-sense-and-reason,,,2026-07-22T21:09:56+00:00,URL-d105b02300f3,1,cb87817e1687311e,unique_url,,url-canon-v1.0-2026-07-27
NEWS-guardian_api-d11095338b5c,https://www.theguardian.com/politics/2012/dec/15/ukip-labour-tories-poll,https://www.theguardian.com/politics/2012/dec/15/ukip-labour-tories-poll,,,2026-07-22T21:08:34+00:00,URL-d11095338b5c,1,83fb0745af45b6ce,unique_url,,url-canon-v1.0-2026-07-27
NEWS-guardian_api-d11c2225305c,https://www.theguardian.com/society/blog/2013/feb/06/mid-staffordshire-nhs-trust-inquiry-report-published-live,https://www.theguardian.com/society/blog/2013/feb/06/mid-staffordshire-nhs-trust-inquiry-report-published-live,,,2026-07-22T21:09:02+00:00,URL-d11c2225305c,1,c32c03fd5da7074a,unique_url,,url-canon-v1.0-2026-07-27
NEWS-guardian_api-d15e025f540b,https://www.theguardian.com/politics/live/2021/mar/03/budget-2021-rishi-sunak-fiscal-firepower-protect-jobs-covid-furlough,https://www.theguardian.com/politics/live/2021/mar/03/budget-2021-rishi-sunak-fiscal-firepower-protect-jobs-covid-furlough,,,2026-07-22T21:10:33+00:00,URL-d15e025f540b,1,4185a704f85ecb40,unique_url,,url-canon-v1.0-2026-07-27
NEWS-guardian_api-d205dc347b92,https://www.theguardian.com/uk/2012/dec/06/true-tory-colours-revealed-autumn-statement,https://www.theguardian.com/uk/2012/dec/06/true-tory-colours-revealed-autumn-statement,,,2026-07-22T21:09:02+00:00,URL-d205dc347b92,1,29f97cc8977e3383,unique_url,,url-canon-v1.0-2026-07-27
NEWS-guardian_api-d21d167eeeae,https://www.theguardian.com/social-care-network/2016/dec/06/jobs-learning-disability-services-risk-wage,https://www.theguardian.com/social-care-network/2016/dec/06/jobs-learning-disability-services-risk-wage,,,2026-07-22T21:09:39+00:00,URL-d21d167eeeae,1,fb07975755f5533b,unique_url,,url-canon-v1.0-2026-07-27
NEWS-guardian_api-d23b4b9bfe24,https://www.theguardian.com/commentisfree/2020/dec/27/the-observer-view-on-the-brexit-deal,https://www.theguardian.com/commentisfree/2020/dec/27/the-observer-view-on-the-brexit-deal,,,2026-07-22T21:10:32+00:00,URL-d23b4b9bfe24,1,f03f5c8c68bfd3cc,unique_url,,url-canon-v1.0-2026-07-27
NEWS-guardian_api-d26123047d53,https://www.theguardian.com/business/live/2025/nov/13/uk-gdp-report-economy-growth-jlr-hack-stock-markets-pound-bonds-business-live-news,https://www.theguardian.com/business/live/2025/nov/13/uk-gdp-report-economy-growth-jlr-hack-stock-markets-pound-bonds-business-live-news,,,2026-07-22T21:07:52+00:00,URL-d26123047d53,1,005a75ca83ce044f,unique_url,,url-canon-v1.0-2026-07-27
NEWS-guardian_api-d27cc05720ea,https://www.theguardian.com/politics/live/2025/nov/12/keir-starmer-wes-streeting-labour-leadership-pmqs-kemi-badenoch-conservatives-uk-politics-live-news,https://www.theguardian.com/politics/live/2025/nov/12/keir-starmer-wes-streeting-labour-leadership-pmqs-kemi-badenoch-conservatives-uk-politics-live-news,,,2026-07-22T21:07:44+00:00,URL-d27cc05720ea,1,f2156f0f267ca3dd,unique_url,,url-canon-v1.0-2026-07-27
NEWS-guardian_api-d2ab9e3a4023,https://www.theguardian.com/healthcare-network/2012/nov/27/today-in-healthcare-27-november,https://www.theguardian.com/healthcare-network/2012/nov/27/today-in-healthcare-27-november,,,2026-07-22T21:08:55+00:00,URL-d2ab9e3a4023,1,2b17e37ab823e5db,unique_url,,url-canon-v1.0-2026-07-27
NEWS-guardian_api-d2ec7a17776d,https://www.theguardian.com/society/2025/nov/20/councils-north-england-midlands-more-funding-shake-up,https://www.theguardian.com/society/2025/nov/20/councils-north-england-midlands-more-funding-shake-up,,,2026-07-22T21:08:10+00:00,URL-d2ec7a17776d,1,8b44978930d854dc,unique_url,,url-canon-v1.0-2026-07-27
NEWS-guardian_api-d323a620796c,https://www.theguardian.com/politics/2017/apr/21/sturgeon-refuses-to-rule-out-snp-coalitions-with-tories-in-local-councils,https://www.theguardian.com/politics/2017/apr/21/sturgeon-refuses-to-rule-out-snp-coalitions-with-tories-in-local-councils,,,2026-07-22T21:09:52+00:00,URL-d323a620796c,1,c60395879ffeb215,unique_url,,url-canon-v1.0-2026-07-27
NEWS-guardian_api-d32a0a6f89dd,https://www.theguardian.com/commentisfree/2026/jan/17/a-and-e-broken-wrist-nhs,https://www.theguardian.com/commentisfree/2026/jan/17/a-and-e-broken-wrist-nhs,,,2026-07-22T21:08:18+00:00,URL-d32a0a6f89dd,1,86f607f26f0e2711,unique_url,,url-canon-v1.0-2026-07-27
NEWS-guardian_api-d332f7f996a3,https://www.theguardian.com/politics/2016/nov/22/nigel-farage-uk-ambassador-us-donald-trump,https://www.theguardian.com/politics/2016/nov/22/nigel-farage-uk-ambassador-us-donald-trump,,,2026-07-22T21:09:15+00:00,URL-d332f7f996a3,1,6e8db6a76af2892a,unique_url,,url-canon-v1.0-2026-07-27
NEWS-guardian_api-d348cdf6a1be,https://www.theguardian.com/uk-news/2017/feb/01/home-office-asked-former-nhs-digital-boss-to-share-data-to-trace-immigration-offenders,https://www.theguardian.com/uk-news/2017/feb/01/home-office-asked-former-nhs-digital-boss-to-share-data-to-trace-immigration-offenders,,,2026-07-22T21:09:47+00:00,URL-d348cdf6a1be,1,5eaead400f52274e,unique_url,,url-canon-v1.0-2026-07-27
NEWS-guardian_api-d364204d783f,https://www.theguardian.com/theguardian/2012/nov/15/pay-inflation-mayors-nhs-amazon,https://www.theguardian.com/theguardian/2012/nov/15/pay-inflation-mayors-nhs-amazon,,,2026-07-22T21:08:42+00:00,URL-d364204d783f,1,fa05dab92f98e741,unique_url,,url-canon-v1.0-2026-07-27
NEWS-guardian_api-d3b4ce9a0f6b,https://www.theguardian.com/commentisfree/2021/feb/05/labour-southern-england-red-wall-voters-keir-starmer,https://www.theguardian.com/commentisfree/2021/feb/05/labour-southern-england-red-wall-voters-keir-starmer,,,2026-07-22T21:10:13+00:00,URL-d3b4ce9a0f6b,1,a3334761333c5287,unique_url,,url-canon-v1.0-2026-07-27
NEWS-guardian_api-d3cde60e6448,https://www.theguardian.com/public-leaders-network/2012/nov/19/roundup-how-to-consult-citizens,https://www.theguardian.com/public-leaders-network/2012/nov/19/roundup-how-to-consult-citizens,,,2026-07-22T21:09:02+00:00,URL-d3cde60e6448,1,21d8fafd8a4f84dc,unique_url,,url-canon-v1.0-2026-07-27
NEWS-guardian_api-d3d76f7d8406,https://www.theguardian.com/society/2016/dec/18/do-not-wash-your-hands-of-nhs-and-social-care-problems-mps-told,https://www.theguardian.com/society/2016/dec/18/do-not-wash-your-hands-of-nhs-and-social-care-problems-mps-told,,,2026-07-22T21:09:40+00:00,URL-d3d76f7d8406,1,98028aaa414de6a9,unique_url,,url-canon-v1.0-2026-07-27
NEWS-guardian_api-d3de5e2c071e,https://www.theguardian.com/business/live/2016/dec/13/markets-uk-inflation-unicredit-restructuring-greece-business-live,https://www.theguardian.com/business/live/2016/dec/13/markets-uk-inflation-unicredit-restructuring-greece-business-live,,,2026-07-22T21:09:22+00:00,URL-d3de5e2c071e,1,63beeec6a683bded,unique_url,,url-canon-v1.0-2026-07-27
NEWS-guardian_api-d3f50d1cbd8d,https://www.theguardian.com/media/2025/nov/22/daily-mail-owner-strikes-deal-buy-telegraph-titles-rothermere,https://www.theguardian.com/media/2025/nov/22/daily-mail-owner-strikes-deal-buy-telegraph-titles-rothermere,,,2026-07-22T21:07:45+00:00,URL-d3f50d1cbd8d,1,18ac6148127d1290,unique_url,,url-canon-v1.0-2026-07-27
NEWS-guardian_api-d40151e92172,https://www.theguardian.com/social-care-network/2012/dec/11/winterbourne-view-report-reactions-social-care,https://www.theguardian.com/social-care-network/2012/dec/11/winterbourne-view-report-reactions-social-care,,,2026-07-22T21:08:55+00:00,URL-d40151e92172,1,186b4d4cc568ce95,unique_url,,url-canon-v1.0-2026-07-27
NEWS-guardian_api-d415c9fede44,https://www.theguardian.com/commentisfree/2013/jan/08/benefits-taking-money-from-the-poor-editorial,https://www.theguardian.com/commentisfree/2013/jan/08/benefits-taking-money-from-the-poor-editorial,,,2026-07-22T21:08:38+00:00,URL-d415c9fede44,1,d8f88f28c7b0c97d,unique_url,,url-canon-v1.0-2026-07-27
NEWS-guardian_api-d419c9c4b0d0,https://www.theguardian.com/books/2016/dec/02/authors-stamp-new-library-strategy-too-little-too-late,https://www.theguardian.com/books/2016/dec/02/authors-stamp-new-library-strategy-too-little-too-late,,,2026-07-22T21:09:39+00:00,URL-d419c9c4b0d0,1,8355ced89f220606,unique_url,,url-canon-v1.0-2026-07-27
NEWS-guardian_api-d42b50d26ef0,https://www.theguardian.com/uk-news/2025/nov/20/labours-asylum-plans-strike-at-the-heart-of-britains-commitment-to-fairness-and-justice,https://www.theguardian.com/uk-news/2025/nov/20/labours-asylum-plans-strike-at-the-heart-of-britains-commitment-to-fairness-and-justice,,,2026-07-22T21:07:44+00:00,URL-d42b50d26ef0,1,827aa44e465c2af8,unique_url,,url-canon-v1.0-2026-07-27
NEWS-guardian_api-d457f14c8167,https://www.theguardian.com/politics/blog/2016/dec/22/thirty-things-you-didnt-know-about-the-eu-referendum,https://www.theguardian.com/politics/blog/2016/dec/22/thirty-things-you-didnt-know-about-the-eu-referendum,,,2026-07-22T21:09:19+00:00,URL-d457f14c8167,1,059c3d81e9751316,unique_url,,url-canon-v1.0-2026-07-27
NEWS-guardian_api-d494f5e36567,https://www.theguardian.com/commentisfree/2016/dec/12/devolve-issue-of-immigration-communities,https://www.theguardian.com/commentisfree/2016/dec/12/devolve-issue-of-immigration-communities,,,2026-07-22T21:09:19+00:00,URL-d494f5e36567,1,3f4db0810cc94796,unique_url,,url-canon-v1.0-2026-07-27
NEWS-guardian_api-d4a4d7e56edb,https://www.theguardian.com/politics/live/2021/mar/11/uk-covid-live-news-coronavirus-starmer-labour-may-elections,https://www.theguardian.com/politics/live/2021/mar/11/uk-covid-live-news-coronavirus-starmer-labour-may-elections,,,2026-07-22T21:10:33+00:00,URL-d4a4d7e56edb,1,212c4f92f7516834,unique_url,,url-canon-v1.0-2026-07-27
NEWS-guardian_api-d4f4cabda9cf,https://www.theguardian.com/society/2016/nov/26/nhs-elderly-care-close-to-collapse,https://www.theguardian.com/society/2016/nov/26/nhs-elderly-care-close-to-collapse,,,2026-07-22T21:09:39+00:00,URL-d4f4cabda9cf,1,8c77c2e426dc1df5,unique_url,,url-canon-v1.0-2026-07-27
NEWS-guardian_api-d52a697edfaa,https://www.theguardian.com/theobserver/2012/nov/11/profile-nadine-dorries,https://www.theguardian.com/theobserver/2012/nov/11/profile-nadine-dorries,,,2026-07-22T21:08:30+00:00,URL-d52a697edfaa,1,9c75a3d8ebc1507d,unique_url,,url-canon-v1.0-2026-07-27
NEWS-guardian_api-d53b89c45266,https://www.theguardian.com/money/2013/jan/28/half-uk-household-burdened-debt,https://www.theguardian.com/money/2013/jan/28/half-uk-household-burdened-debt,,,2026-07-22T21:08:38+00:00,URL-d53b89c45266,1,6e70ee98beb36854,unique_url,,url-canon-v1.0-2026-07-27
NEWS-guardian_api-d59de44747f0,https://www.theguardian.com/business/2025/nov/11/uk-unemployment-rises-budget-ons-jobs-hmrc,https://www.theguardian.com/business/2025/nov/11/uk-unemployment-rises-budget-ons-jobs-hmrc,,,2026-07-22T21:08:02+00:00,URL-d59de44747f0,1,a25c5bdb357df7db,unique_url,,url-canon-v1.0-2026-07-27
NEWS-guardian_api-d5b220610ad5,https://www.theguardian.com/society/2020/dec/22/thirty-two-years-of-covering-social-care-and-older-people-are-still-neglected,https://www.theguardian.com/society/2020/dec/22/thirty-two-years-of-covering-social-care-and-older-people-are-still-neglected,,,2026-07-22T21:10:25+00:00,URL-d5b220610ad5,1,46e4eff88599a066,unique_url,,url-canon-v1.0-2026-07-27
NEWS-guardian_api-d5c5cede0d78,https://www.theguardian.com/politics/2020/dec/09/quick-and-easy-what-leavers-said-about-uk-eu-brexit-trade-deal,https://www.theguardian.com/politics/2020/dec/09/quick-and-easy-what-leavers-said-about-uk-eu-brexit-trade-deal,,,2026-07-22T21:10:03+00:00,URL-d5c5cede0d78,1,91b577c22e1acfbe,unique_url,,url-canon-v1.0-2026-07-27
NEWS-guardian_api-d68a3aaa87f0,https://www.theguardian.com/world/commentisfree/2025/nov/25/british-politics-us-rightwing-christianity-nigel-farage-tommy-robinson-adf,https://www.theguardian.com/world/commentisfree/2025/nov/25/british-politics-us-rightwing-christianity-nigel-farage-tommy-robinson-adf,,,2026-07-22T21:07:45+00:00,URL-d68a3aaa87f0,1,242436c1ccbfc38f,unique_url,,url-canon-v1.0-2026-07-27
NEWS-guardian_api-d68b69c55d4e,https://www.theguardian.com/uk/2013/jan/31/number-police-officers-drops-lowest,https://www.theguardian.com/uk/2013/jan/31/number-police-officers-drops-lowest,,,2026-07-22T21:08:42+00:00,URL-d68b69c55d4e,1,40f13627c844a09a,unique_url,,url-canon-v1.0-2026-07-27
NEWS-guardian_api-d69521c2b342,https://www.theguardian.com/commentisfree/2016/dec/29/racism-primary-schools-tories-immigration,https://www.theguardian.com/commentisfree/2016/dec/29/racism-primary-schools-tories-immigration,,,2026-07-22T21:09:19+00:00,URL-d69521c2b342,1,dcc253f2dd8fedac,unique_url,,url-canon-v1.0-2026-07-27
NEWS-guardian_api-d6b325201d22,https://www.theguardian.com/politics/blog/live/2017/jan/03/corbyn-labour-fabian-society-report-saying-labour-needs-pact-with-other-parties-to-win-election-politics-live,https://www.theguardian.com/politics/blog/live/2017/jan/03/corbyn-labour-fabian-society-report-saying-labour-needs-pact-with-other-parties-to-win-election-politics-live,,,2026-07-22T21:09:19+00:00,URL-d6b325201d22,1,6cc55e1ec096c3b3,unique_url,,url-canon-v1.0-2026-07-27
NEWS-guardian_api-d6f00ce6f1b0,https://www.theguardian.com/politics/2017/jan/03/no-labour-pacts-with-other-parties-says-shadow-minister-john-healey,https://www.theguardian.com/politics/2017/jan/03/no-labour-pacts-with-other-parties-says-shadow-minister-john-healey,,,2026-07-22T21:09:19+00:00,URL-d6f00ce6f1b0,1,43a16484f3a2d977,unique_url,,url-canon-v1.0-2026-07-27
NEWS-guardian_api-d74f5e4509df,https://www.theguardian.com/environment/2020/nov/08/labour-urges-uk-to-redouble-efforts-to-tackle-climate-crisis-after-biden-victory,https://www.theguardian.com/environment/2020/nov/08/labour-urges-uk-to-redouble-efforts-to-tackle-climate-crisis-after-biden-victory,,,2026-07-22T21:10:20+00:00,URL-d74f5e4509df,1,489a3a5437bd14c9,unique_url,,url-canon-v1.0-2026-07-27
NEWS-guardian_api-d79bb4ef9b8b,https://www.theguardian.com/social-enterprise-network/blog/2012/dec/21/social-value-act-small-contracts,https://www.theguardian.com/social-enterprise-network/blog/2012/dec/21/social-value-act-small-contracts,,,2026-07-22T21:09:02+00:00,URL-d79bb4ef9b8b,1,4654f2bdd6205c0e,unique_url,,url-canon-v1.0-2026-07-27
NEWS-guardian_api-d7f9040b6ee6,https://www.theguardian.com/commentisfree/2020/dec/01/cant-be-led-wont-be-led-johnsons-backbench-rebels-are-incapable-of-loyalty,https://www.theguardian.com/commentisfree/2020/dec/01/cant-be-led-wont-be-led-johnsons-backbench-rebels-are-incapable-of-loyalty,,,2026-07-22T21:10:03+00:00,URL-d7f9040b6ee6,1,d521a1b18245d466,unique_url,,url-canon-v1.0-2026-07-27
NEWS-guardian_api-d80c75f6a32b,https://www.theguardian.com/politics/2020/nov/28/scottish-independence-never-been-so-certain-sturgeon-to-tell-snp,https://www.theguardian.com/politics/2020/nov/28/scottish-independence-never-been-so-certain-sturgeon-to-tell-snp,,,2026-07-22T21:10:32+00:00,URL-d80c75f6a32b,1,56e8bc686bba14ed,unique_url,,url-canon-v1.0-2026-07-27
NEWS-guardian_api-d8c8f5695952,https://www.theguardian.com/society/2020/nov/11/croydon-council-in-london-bans-spending-over-66m-budget-hole,https://www.theguardian.com/society/2020/nov/11/croydon-council-in-london-bans-spending-over-66m-budget-hole,,,2026-07-22T21:10:25+00:00,URL-d8c8f5695952,1,7cdb459ea1374b95,unique_url,,url-canon-v1.0-2026-07-27
NEWS-guardian_api-d8cd60dc846b,https://www.theguardian.com/society/2016/nov/08/yvette-cooper-lowell-goddard-is-a-disgrace,https://www.theguardian.com/society/2016/nov/08/yvette-cooper-lowell-goddard-is-a-disgrace,,,2026-07-22T21:09:32+00:00,URL-d8cd60dc846b,1,2e717739a7d44504,unique_url,,url-canon-v1.0-2026-07-27
NEWS-guardian_api-d954dd985731,https://www.theguardian.com/politics/blog/live/2016/dec/02/liberal-democrats-celebrate-after-surprise-win-over-zac-goldsmith-in-brexit-byelection-live-reaction,https://www.theguardian.com/politics/blog/live/2016/dec/02/liberal-democrats-celebrate-after-surprise-win-over-zac-goldsmith-in-brexit-byelection-live-reaction,,,2026-07-22T21:09:19+00:00,URL-d954dd985731,1,c7140a36e0aec504,unique_url,,url-canon-v1.0-2026-07-27
NEWS-guardian_api-d97c1db412e5,https://www.theguardian.com/uk-news/2025/nov/13/police-and-commissioners-to-be-abolished-government-to-announce,https://www.theguardian.com/uk-news/2025/nov/13/police-and-commissioners-to-be-abolished-government-to-announce,,,2026-07-22T21:07:44+00:00,URL-d97c1db412e5,1,ad42b54705c900df,unique_url,,url-canon-v1.0-2026-07-27
NEWS-guardian_api-d985f98c3b34,https://www.theguardian.com/politics/live/2020/nov/10/uk-covid-coronavirus-live-news-updates-pfizer-vaccine-boris-johnson-brexit-nhs,https://www.theguardian.com/politics/live/2020/nov/10/uk-covid-coronavirus-live-news-updates-pfizer-vaccine-boris-johnson-brexit-nhs,,,2026-07-22T21:10:17+00:00,URL-d985f98c3b34,1,e0598c6f0a76d4e4,unique_url,,url-canon-v1.0-2026-07-27
NEWS-guardian_api-d9a934d0dcbf,https://www.theguardian.com/politics/2012/nov/30/rotherham-byelection-labour-ukip,https://www.theguardian.com/politics/2012/nov/30/rotherham-byelection-labour-ukip,,,2026-07-22T21:08:31+00:00,URL-d9a934d0dcbf,1,cddfa7b057547506,unique_url,,url-canon-v1.0-2026-07-27
NEWS-guardian_api-d9bf2566ae10,https://www.theguardian.com/commentisfree/2012/dec/25/state-of-the-nation-a-medal-for-the-voters,https://www.theguardian.com/commentisfree/2012/dec/25/state-of-the-nation-a-medal-for-the-voters,,,2026-07-22T21:08:34+00:00,URL-d9bf2566ae10,1,009d1757a28d0280,unique_url,,url-canon-v1.0-2026-07-27
NEWS-guardian_api-d9dc0af8f38d,https://www.theguardian.com/politics/2025/nov/10/maybe-the-bbc-can-learn-a-thing-or-two-about-fake-news-from-trump,https://www.theguardian.com/politics/2025/nov/10/maybe-the-bbc-can-learn-a-thing-or-two-about-fake-news-from-trump,,,2026-07-22T21:07:44+00:00,URL-d9dc0af8f38d,1,076e65b87923560f,unique_url,,url-canon-v1.0-2026-07-27
NEWS-guardian_api-da076b205c66,https://www.theguardian.com/commentisfree/2025/nov/25/shameful-attacks-covid-inquiry-right-anti-science-delusion-lockdowns,https://www.theguardian.com/commentisfree/2025/nov/25/shameful-attacks-covid-inquiry-right-anti-science-delusion-lockdowns,,,2026-07-22T21:07:45+00:00,URL-da076b205c66,1,9654fee9153ab20c,unique_url,,url-canon-v1.0-2026-07-27
NEWS-guardian_api-da696af4ddae,https://www.theguardian.com/sustainable-business/blog/urban-environments-ageing-population-design,https://www.theguardian.com/sustainable-business/blog/urban-environments-ageing-population-design,,,2026-07-22T21:08:38+00:00,URL-da696af4ddae,1,2241b7ad434c7dfa,unique_url,,url-canon-v1.0-2026-07-27
NEWS-guardian_api-da6cd5d790cf,https://www.theguardian.com/media/live/2025/nov/12/bbc-donald-trump-panorama-tim-davie-board-robbie-gibb-latest-news-updates,https://www.theguardian.com/media/live/2025/nov/12/bbc-donald-trump-panorama-tim-davie-board-robbie-gibb-latest-news-updates,,,2026-07-22T21:07:44+00:00,URL-da6cd5d790cf,1,ede913ccf4fb99f6,unique_url,,url-canon-v1.0-2026-07-27
NEWS-guardian_api-daf630730606,https://www.theguardian.com/society/2012/nov/12/council-pension-schemes-timebomb-report,https://www.theguardian.com/society/2012/nov/12/council-pension-schemes-timebomb-report,,,2026-07-22T21:08:55+00:00,URL-daf630730606,1,e39afe9696c4dedb,unique_url,,url-canon-v1.0-2026-07-27
NEWS-guardian_api-db8e86d23fa5,https://www.theguardian.com/politics/2026/mar/24/ed-davey-lib-dems-reform-uk-tories-trump-style-politics-local-elections,https://www.theguardian.com/politics/2026/mar/24/ed-davey-lib-dems-reform-uk-tories-trump-style-politics-local-elections,,,2026-07-22T21:07:54+00:00,URL-db8e86d23fa5,1,e205a93abe5edae4,unique_url,,url-canon-v1.0-2026-07-27
NEWS-guardian_api-dba9b708664b,https://www.theguardian.com/politics/2016/dec/15/labour-plans-jeremy-corbyn-relaunch-as-a-leftwing-populist,https://www.theguardian.com/politics/2016/dec/15/labour-plans-jeremy-corbyn-relaunch-as-a-leftwing-populist,,,2026-07-22T21:09:19+00:00,URL-dba9b708664b,1,c910073430c9c00e,unique_url,,url-canon-v1.0-2026-07-27
NEWS-guardian_api-dbee489006a9,https://www.theguardian.com/uk-news/2025/nov/24/bond-market-power-rachel-reeves-budget,https://www.theguardian.com/uk-news/2025/nov/24/bond-market-power-rachel-reeves-budget,,,2026-07-22T21:07:45+00:00,URL-dbee489006a9,1,0e1c76452cb7a259,unique_url,,url-canon-v1.0-2026-07-27
NEWS-guardian_api-dbffe59c2a37,https://www.theguardian.com/world/2025/nov/19/wednesday-briefing-why-strangulation-during-sex-has-become-so-common-among-teenagers,https://www.theguardian.com/world/2025/nov/19/wednesday-briefing-why-strangulation-during-sex-has-become-so-common-among-teenagers,,,2026-07-22T21:07:44+00:00,URL-dbffe59c2a37,1,fe539205a4f5a065,unique_url,,url-canon-v1.0-2026-07-27
NEWS-guardian_api-dc9c6505fe49,https://www.theguardian.com/business/2016/nov/11/housebuilding-stalls-britain-eu-construction,https://www.theguardian.com/business/2016/nov/11/housebuilding-stalls-britain-eu-construction,,,2026-07-22T21:09:32+00:00,URL-dc9c6505fe49,1,eb0673a8a57fb012,unique_url,,url-canon-v1.0-2026-07-27
NEWS-guardian_api-dca3632efdcd,https://www.theguardian.com/business/2017/jan/16/uk-inflation-to-hit-a-two-year-high,https://www.theguardian.com/business/2017/jan/16/uk-inflation-to-hit-a-two-year-high,,,2026-07-22T21:09:22+00:00,URL-dca3632efdcd,1,f7b4e9d75b99f83c,unique_url,,url-canon-v1.0-2026-07-27
NEWS-guardian_api-dca45bd4c7eb,https://www.theguardian.com/politics/blog/live/2016/nov/16/pmqs-may-corbyn-brexit-uk-wants-brexit-deal-that-is-intellectually-impossible-says-eurozone-chief-politics-live,https://www.theguardian.com/politics/blog/live/2016/nov/16/pmqs-may-corbyn-brexit-uk-wants-brexit-deal-that-is-intellectually-impossible-says-eurozone-chief-politics-live,,,2026-07-22T21:09:15+00:00,URL-dca45bd4c7eb,1,c6003bb189b2a0bc,unique_url,,url-canon-v1.0-2026-07-27
NEWS-guardian_api-dcb62e199e24,https://www.theguardian.com/politics/2016/nov/06/brexit-eu-questions-high-court-judges-constitution,https://www.theguardian.com/politics/2016/nov/06/brexit-eu-questions-high-court-judges-constitution,,,2026-07-22T21:09:36+00:00,URL-dcb62e199e24,1,8a3493d622e01b1c,unique_url,,url-canon-v1.0-2026-07-27
NEWS-guardian_api-dcdc30d05f30,https://www.theguardian.com/society/2020/nov/21/well-slash-vital-services-if-sunak-withholds-4bn-englands-councils-warn,https://www.theguardian.com/society/2020/nov/21/well-slash-vital-services-if-sunak-withholds-4bn-englands-councils-warn,,,2026-07-22T21:10:25+00:00,URL-dcdc30d05f30,1,a92296c9488ca0cf,unique_url,,url-canon-v1.0-2026-07-27
NEWS-guardian_api-dcfb7477da1a,https://www.theguardian.com/global/2016/nov/16/nigel-farage-english-cricket-zafar-ansari,https://www.theguardian.com/global/2016/nov/16/nigel-farage-english-cricket-zafar-ansari,,,2026-07-22T21:09:15+00:00,URL-dcfb7477da1a,1,dca9e417243736ae,unique_url,,url-canon-v1.0-2026-07-27
NEWS-guardian_api-dd450c4add06,https://www.theguardian.com/voluntary-sector-network/2016/nov/23/voluntary-sector-reactions-2016-autumn-statement,https://www.theguardian.com/voluntary-sector-network/2016/nov/23/voluntary-sector-reactions-2016-autumn-statement,,,2026-07-22T21:09:39+00:00,URL-dd450c4add06,1,0a9ca8cc7ce999f2,unique_url,,url-canon-v1.0-2026-07-27
NEWS-guardian_api-dd670ddc6928,https://www.theguardian.com/world/2020/nov/17/one-in-four-hull-children-absent-from-school-as-covid-cases-soar,https://www.theguardian.com/world/2020/nov/17/one-in-four-hull-children-absent-from-school-as-covid-cases-soar,,,2026-07-22T21:10:32+00:00,URL-dd670ddc6928,1,9c32301132be15fb,unique_url,,url-canon-v1.0-2026-07-27
NEWS-guardian_api-dd93a3003147,https://www.theguardian.com/commentisfree/2025/nov/30/labour-economic-renewal-budget-left-right-economy,https://www.theguardian.com/commentisfree/2025/nov/30/labour-economic-renewal-budget-left-right-economy,,,2026-07-22T21:08:18+00:00,URL-dd93a3003147,1,2b293f50620ef895,unique_url,,url-canon-v1.0-2026-07-27
NEWS-guardian_api-dd97a3812d92,https://www.theguardian.com/commentisfree/2021/mar/24/priti-patel-asylum-system-refugees-uk-britain,https://www.theguardian.com/commentisfree/2021/mar/24/priti-patel-asylum-system-refugees-uk-britain,,,2026-07-22T21:10:33+00:00,URL-dd97a3812d92,1,ca6a149eba383012,unique_url,,url-canon-v1.0-2026-07-27
NEWS-guardian_api-ddf1c73612b6,https://www.theguardian.com/business/2012/dec/18/inflation-food-petrol-prices,https://www.theguardian.com/business/2012/dec/18/inflation-food-petrol-prices,,,2026-07-22T21:08:38+00:00,URL-ddf1c73612b6,1,644c3c5c966d7f74,unique_url,,url-canon-v1.0-2026-07-27
NEWS-guardian_api-de0ad7cc7c30,https://www.theguardian.com/commentisfree/2016/dec/03/richmond-byelection-lib-dem-win-message-tories-from-moderates,https://www.theguardian.com/commentisfree/2016/dec/03/richmond-byelection-lib-dem-win-message-tories-from-moderates,,,2026-07-22T21:09:19+00:00,URL-de0ad7cc7c30,1,3317f61a6d80739b,unique_url,,url-canon-v1.0-2026-07-27
NEWS-guardian_api-de14fda465d9,https://www.theguardian.com/uk-news/2020/dec/20/ive-been-unfairly-targeted-says-academic-at-heart-of-national-trust-woke-row,https://www.theguardian.com/uk-news/2020/dec/20/ive-been-unfairly-targeted-says-academic-at-heart-of-national-trust-woke-row,,,2026-07-22T21:10:12+00:00,URL-de14fda465d9,1,09944c98b14fdb16,unique_url,,url-canon-v1.0-2026-07-27
NEWS-guardian_api-de35fe4ba424,https://www.theguardian.com/football/2017/jan/23/tim-farron-millwall-plans-scrapped-charity-revelations,https://www.theguardian.com/football/2017/jan/23/tim-farron-millwall-plans-scrapped-charity-revelations,,,2026-07-22T21:09:26+00:00,URL-de35fe4ba424,1,a1fd34bdd653c9b8,unique_url,,url-canon-v1.0-2026-07-27
NEWS-guardian_api-de6ba365a393,https://www.theguardian.com/business/live/2021/apr/21/uk-inflation-rises-covid-fears-markets-ftse-pound-dow-business-live,https://www.theguardian.com/business/live/2021/apr/21/uk-inflation-rises-covid-fears-markets-ftse-pound-dow-business-live,,,2026-07-22T21:10:07+00:00,URL-de6ba365a393,1,9cc97829a7f4a69d,unique_url,,url-canon-v1.0-2026-07-27
NEWS-guardian_api-de7da753ebc5,https://www.theguardian.com/politics/2025/dec/31/zack-polanski-offering-voters-unicorns-and-fantasy-solutions-says-head-of-fabian-society,https://www.theguardian.com/politics/2025/dec/31/zack-polanski-offering-voters-unicorns-and-fantasy-solutions-says-head-of-fabian-society,,,2026-07-22T21:08:18+00:00,URL-de7da753ebc5,1,c3405d573e6fc9f7,unique_url,,url-canon-v1.0-2026-07-27
NEWS-guardian_api-dec4512273f6,https://www.theguardian.com/politics/blog/2012/nov/30/ukip-labour-byelections-live-blog,https://www.theguardian.com/politics/blog/2012/nov/30/ukip-labour-byelections-live-blog,,,2026-07-22T21:08:31+00:00,URL-dec4512273f6,1,36a4880bbf7910d1,unique_url,,url-canon-v1.0-2026-07-27
NEWS-guardian_api-def738cf0e47,https://www.theguardian.com/world/2025/nov/24/uk-wildfires-more-areas-in-2025-than-since-records-began,https://www.theguardian.com/world/2025/nov/24/uk-wildfires-more-areas-in-2025-than-since-records-began,,,2026-07-22T21:08:10+00:00,URL-def738cf0e47,1,670f394c5e1d1779,unique_url,,url-canon-v1.0-2026-07-27
NEWS-guardian_api-df15c0169af6,https://www.theguardian.com/money/2012/dec/31/mortgages-nationwide,https://www.theguardian.com/money/2012/dec/31/mortgages-nationwide,,,2026-07-22T21:08:38+00:00,URL-df15c0169af6,1,e2e3164a45953d15,unique_url,,url-canon-v1.0-2026-07-27
NEWS-guardian_api-df30c5680f7c,https://www.theguardian.com/politics/2025/nov/22/america-is-british-heaven-is-a-socialist-state-david-attenborough-is-anti-human-theories-of-reform-mp-danny-kruger,https://www.theguardian.com/politics/2025/nov/22/america-is-british-heaven-is-a-socialist-state-david-attenborough-is-anti-human-theories-of-reform-mp-danny-kruger,,,2026-07-22T21:07:45+00:00,URL-df30c5680f7c,1,11f15da6a1a94126,unique_url,,url-canon-v1.0-2026-07-27
NEWS-guardian_api-df4d905fca2a,https://www.theguardian.com/society/2016/nov/29/no-country-for-old-men-and-women-nor-for-children-shortcomings-in-uk-care,https://www.theguardian.com/society/2016/nov/29/no-country-for-old-men-and-women-nor-for-children-shortcomings-in-uk-care,,,2026-07-22T21:09:39+00:00,URL-df4d905fca2a,1,01de20d05b8ab29f,unique_url,,url-canon-v1.0-2026-07-27
NEWS-guardian_api-df6125750933,https://www.theguardian.com/society/2012/nov/13/public-sector-recruitment-continuing-despite-cuts,https://www.theguardian.com/society/2012/nov/13/public-sector-recruitment-continuing-despite-cuts,,,2026-07-22T21:09:02+00:00,URL-df6125750933,1,384f7c4e93df3223,unique_url,,url-canon-v1.0-2026-07-27
NEWS-guardian_api-df7b4024db83,https://www.theguardian.com/politics/blog/live/2016/dec/20/theressa-may-liaison-committee-brexit-sturgeon-single-market-says-leaving-single-market-would-be-potentially-devastating-for-scotland-politics-live,https://www.theguardian.com/politics/blog/live/2016/dec/20/theressa-may-liaison-committee-brexit-sturgeon-single-market-says-leaving-single-market-would-be-potentially-devastating-for-scotland-politics-live,,,2026-07-22T21:09:19+00:00,URL-df7b4024db83,1,5e94077f0650af9a,unique_url,,url-canon-v1.0-2026-07-27
NEWS-guardian_api-dfc615684617,https://www.theguardian.com/commentisfree/2020/nov/08/donald-trump-defeat-wonderful-for-world-trouble-for-boris-johnson,https://www.theguardian.com/commentisfree/2020/nov/08/donald-trump-defeat-wonderful-for-world-trouble-for-boris-johnson,,,2026-07-22T21:10:20+00:00,URL-dfc615684617,1,874be5da6e5d69bf,unique_url,,url-canon-v1.0-2026-07-27
NEWS-guardian_api-dfd06c891e64,https://www.theguardian.com/healthcare-network/2012/nov/29/today-in-healthcare-economist-global-summit,https://www.theguardian.com/healthcare-network/2012/nov/29/today-in-healthcare-economist-global-summit,,,2026-07-22T21:08:55+00:00,URL-dfd06c891e64,1,f50cf5c8efd3093b,unique_url,,url-canon-v1.0-2026-07-27
NEWS-guardian_api-e055a3a82316,https://www.theguardian.com/politics/2016/nov/14/theresa-may-plans-trump-charm-offensive-after-snub-to-farage,https://www.theguardian.com/politics/2016/nov/14/theresa-may-plans-trump-charm-offensive-after-snub-to-farage,,,2026-07-22T21:09:15+00:00,URL-e055a3a82316,1,38cbd3449ab3dbdf,unique_url,,url-canon-v1.0-2026-07-27
NEWS-guardian_api-e07fe85d62f4,https://www.theguardian.com/politics/2017/mar/13/nicola-sturgeon-fires-starting-gun-on-second-scottish-independence-referendum,https://www.theguardian.com/politics/2017/mar/13/nicola-sturgeon-fires-starting-gun-on-second-scottish-independence-referendum,,,2026-07-22T21:09:52+00:00,URL-e07fe85d62f4,1,95ec50696be416dc,unique_url,,url-canon-v1.0-2026-07-27
NEWS-guardian_api-e0a9a9a4b97f,https://www.theguardian.com/politics/blog/live/2016/nov/09/britain-reacts-to-shock-us-result-politics-live,https://www.theguardian.com/politics/blog/live/2016/nov/09/britain-reacts-to-shock-us-result-politics-live,,,2026-07-22T21:09:15+00:00,URL-e0a9a9a4b97f,1,f8f45e24aa34e1d7,unique_url,,url-canon-v1.0-2026-07-27
NEWS-guardian_api-e0ca3011d653,https://www.theguardian.com/politics/blog/2012/nov/06/north-wales-abuse-inquries-live-blog,https://www.theguardian.com/politics/blog/2012/nov/06/north-wales-abuse-inquries-live-blog,,,2026-07-22T21:08:30+00:00,URL-e0ca3011d653,1,2114212592accf5d,unique_url,,url-canon-v1.0-2026-07-27
NEWS-guardian_api-e0d9206fb5b9,https://www.theguardian.com/uk/2012/nov/14/police-and-crime-commissioner-election-apathy,https://www.theguardian.com/uk/2012/nov/14/police-and-crime-commissioner-election-apathy,,,2026-07-22T21:08:30+00:00,URL-e0d9206fb5b9,1,53a40e6caa8734b2,unique_url,,url-canon-v1.0-2026-07-27
NEWS-guardian_api-e0f17ffc5ed1,https://www.theguardian.com/commentisfree/2012/nov/10/water-industry-tax-simon-hughes,https://www.theguardian.com/commentisfree/2012/nov/10/water-industry-tax-simon-hughes,,,2026-07-22T21:08:47+00:00,URL-e0f17ffc5ed1,1,4093fbe3e2ba240c,unique_url,,url-canon-v1.0-2026-07-27
NEWS-guardian_api-e1223e426b02,https://www.theguardian.com/politics/2025/nov/12/will-nigel-farage-embrace-europe-following-giorgia-melonis-lead,https://www.theguardian.com/politics/2025/nov/12/will-nigel-farage-embrace-europe-following-giorgia-melonis-lead,,,2026-07-22T21:07:44+00:00,URL-e1223e426b02,1,d859b2dfcd1f7a86,unique_url,,url-canon-v1.0-2026-07-27
NEWS-guardian_api-e127d2625c6c,https://www.theguardian.com/politics/live/2021/may/05/boris-johnson-keir-starmer-campaign-labour-super-thursday-elections-politics-live-covid-coronavirus-latest-updates,https://www.theguardian.com/politics/live/2021/may/05/boris-johnson-keir-starmer-campaign-labour-super-thursday-elections-politics-live-covid-coronavirus-latest-updates,,,2026-07-22T21:10:03+00:00,URL-e127d2625c6c,1,37d16c8362ba9f28,unique_url,,url-canon-v1.0-2026-07-27
NEWS-guardian_api-e14b67ba8d11,https://www.theguardian.com/business/2020/nov/27/uks-economy-suffers-in-november-but-covid-vaccine-hopes-ease-gloom,https://www.theguardian.com/business/2020/nov/27/uks-economy-suffers-in-november-but-covid-vaccine-hopes-ease-gloom,,,2026-07-22T21:10:07+00:00,URL-e14b67ba8d11,1,71e66ecb9d227dd5,unique_url,,url-canon-v1.0-2026-07-27
NEWS-guardian_api-e1741c44a60f,https://www.theguardian.com/politics/shortcuts/2016/nov/14/pass-notes-brex-pistols-trump-farage-15-nov,https://www.theguardian.com/politics/shortcuts/2016/nov/14/pass-notes-brex-pistols-trump-farage-15-nov,,,2026-07-22T21:09:15+00:00,URL-e1741c44a60f,1,53f4c09e6f8c8c6e,unique_url,,url-canon-v1.0-2026-07-27
NEWS-guardian_api-e18cc51b3c46,https://www.theguardian.com/public-leaders-network/2017/jan/26/brexit-civil-service-public-services-afraid,https://www.theguardian.com/public-leaders-network/2017/jan/26/brexit-civil-service-public-services-afraid,,,2026-07-22T21:09:47+00:00,URL-e18cc51b3c46,1,dc547234e09a66f7,unique_url,,url-canon-v1.0-2026-07-27
NEWS-guardian_api-e2001566d58a,https://www.theguardian.com/politics/2012/nov/05/david-cameron-gulf-arms-trip,https://www.theguardian.com/politics/2012/nov/05/david-cameron-gulf-arms-trip,,,2026-07-22T21:08:58+00:00,URL-e2001566d58a,1,5ce65eacad4b7c97,unique_url,,url-canon-v1.0-2026-07-27
NEWS-guardian_api-e2097df72479,https://www.theguardian.com/politics/ng-interactive/2025/nov/18/deeply-shocking-nigel-farage-faces-fresh-claims-of-racism-and-antisemitism-at-school,https://www.theguardian.com/politics/ng-interactive/2025/nov/18/deeply-shocking-nigel-farage-faces-fresh-claims-of-racism-and-antisemitism-at-school,,,2026-07-22T21:07:44+00:00,URL-e2097df72479,1,c808087ada5b3fc2,unique_url,,url-canon-v1.0-2026-07-27
NEWS-guardian_api-e245af725ad1,https://www.theguardian.com/politics/2025/dec/03/farage-tells-donors-he-expects-reform-to-do-election-deal-with-tories-report,https://www.theguardian.com/politics/2025/dec/03/farage-tells-donors-he-expects-reform-to-do-election-deal-with-tories-report,,,2026-07-22T21:08:18+00:00,URL-e245af725ad1,1,b1ea6d71dda2ddc2,unique_url,,url-canon-v1.0-2026-07-27
NEWS-guardian_api-e24d358aad5e,https://www.theguardian.com/society/2016/dec/01/shelter-homelessness-england-charity-poverty-social-housing,https://www.theguardian.com/society/2016/dec/01/shelter-homelessness-england-charity-poverty-social-housing,,,2026-07-22T21:09:39+00:00,URL-e24d358aad5e,1,3c082644ff247ecf,unique_url,,url-canon-v1.0-2026-07-27
NEWS-guardian_api-e27041541080,https://www.theguardian.com/commentisfree/2012/nov/30/labour-byelections-coalition-ukip,https://www.theguardian.com/commentisfree/2012/nov/30/labour-byelections-coalition-ukip,,,2026-07-22T21:08:34+00:00,URL-e27041541080,1,023c4d357759313e,unique_url,,url-canon-v1.0-2026-07-27
NEWS-guardian_api-e29d8afa3d40,https://www.theguardian.com/society/2026/jan/08/under-pressure-charities-face-conflicting-demands,https://www.theguardian.com/society/2026/jan/08/under-pressure-charities-face-conflicting-demands,,,2026-07-22T21:08:18+00:00,URL-e29d8afa3d40,1,5be15d8757d00853,unique_url,,url-canon-v1.0-2026-07-27
NEWS-guardian_api-e2dfbebe74f3,https://www.theguardian.com/politics/live/2021/jan/18/uk-covid-live-coronavirus-vaccine-boris-johnson-keir-starmer-universal-credit-latest-news-updates,https://www.theguardian.com/politics/live/2021/jan/18/uk-covid-live-coronavirus-vaccine-boris-johnson-keir-starmer-universal-credit-latest-news-updates,,,2026-07-22T21:10:25+00:00,URL-e2dfbebe74f3,1,e76bf74d538e2c2d,unique_url,,url-canon-v1.0-2026-07-27
NEWS-guardian_api-e2e572470c8c,https://www.theguardian.com/environment/2020/nov/12/reaching-uk-net-zero-target-cheaper-than-we-thought-says-climate-adviser,https://www.theguardian.com/environment/2020/nov/12/reaching-uk-net-zero-target-cheaper-than-we-thought-says-climate-adviser,,,2026-07-22T21:10:17+00:00,URL-e2e572470c8c,1,f4fbf32f1b2195b7,unique_url,,url-canon-v1.0-2026-07-27
NEWS-guardian_api-e3d7085348ca,https://www.theguardian.com/commentisfree/2013/apr/21/labour-lib-dems-tories-all-beware-ukip,https://www.theguardian.com/commentisfree/2013/apr/21/labour-lib-dems-tories-all-beware-ukip,,,2026-07-22T21:09:08+00:00,URL-e3d7085348ca,1,fe78a4bfca1922e4,unique_url,,url-canon-v1.0-2026-07-27
NEWS-guardian_api-e3d93c1b16f2,https://www.theguardian.com/society/2020/nov/18/covid-exposed-damage-families-austerity,https://www.theguardian.com/society/2020/nov/18/covid-exposed-damage-families-austerity,,,2026-07-22T21:10:25+00:00,URL-e3d93c1b16f2,1,8b872c8d02bea0c9,unique_url,,url-canon-v1.0-2026-07-27
NEWS-guardian_api-e3eab3eae9ee,https://www.theguardian.com/society/2025/dec/17/will-resident-doctors-lose-support-over-latest-strike,https://www.theguardian.com/society/2025/dec/17/will-resident-doctors-lose-support-over-latest-strike,,,2026-07-22T21:08:18+00:00,URL-e3eab3eae9ee,1,b104b8c78c871011,unique_url,,url-canon-v1.0-2026-07-27
NEWS-guardian_api-e3f61b6a4b4f,https://www.theguardian.com/commentisfree/2012/dec/07/teachers-students-performance-related-pay,https://www.theguardian.com/commentisfree/2012/dec/07/teachers-students-performance-related-pay,,,2026-07-22T21:08:38+00:00,URL-e3f61b6a4b4f,1,9205dafeefa25e31,unique_url,,url-canon-v1.0-2026-07-27
NEWS-guardian_api-e4143fc63ae4,https://www.theguardian.com/local-government-network/2012/nov/14/city-deals-stoke-on-trent-staffordshire,https://www.theguardian.com/local-government-network/2012/nov/14/city-deals-stoke-on-trent-staffordshire,,,2026-07-22T21:08:55+00:00,URL-e4143fc63ae4,1,0c4e81113667595f,unique_url,,url-canon-v1.0-2026-07-27
NEWS-guardian_api-e43188efd3e7,https://www.theguardian.com/business/live/2021/feb/17/uk-inflation-furniture-food-house-prices-markets-ftse-pound-bitcoin-business-live,https://www.theguardian.com/business/live/2021/feb/17/uk-inflation-furniture-food-house-prices-markets-ftse-pound-bitcoin-business-live,,,2026-07-22T21:10:07+00:00,URL-e43188efd3e7,1,ecc8aec0483fca52,unique_url,,url-canon-v1.0-2026-07-27
NEWS-guardian_api-e453f5dce06c,https://www.theguardian.com/commentisfree/2012/dec/02/stewart-lee-ukip-fostering,https://www.theguardian.com/commentisfree/2012/dec/02/stewart-lee-ukip-fostering,,,2026-07-22T21:08:34+00:00,URL-e453f5dce06c,1,3f41f65b0f63061c,unique_url,,url-canon-v1.0-2026-07-27
NEWS-guardian_api-e486eed78770,https://www.theguardian.com/politics/2026/mar/11/zack-polanski-repeated-claim-hypnosis-can-increase-breast-size-bbc-interview-reveals,https://www.theguardian.com/politics/2026/mar/11/zack-polanski-repeated-claim-hypnosis-can-increase-breast-size-bbc-interview-reveals,,,2026-07-22T21:08:18+00:00,URL-e486eed78770,1,db09b03a68323ee6,unique_url,,url-canon-v1.0-2026-07-27
NEWS-guardian_api-e533fffa17bf,https://www.theguardian.com/politics/2012/nov/27/nadine-dorries-im-celebrity-hysterical,https://www.theguardian.com/politics/2012/nov/27/nadine-dorries-im-celebrity-hysterical,,,2026-07-22T21:08:31+00:00,URL-e533fffa17bf,1,8b0f331f843dff67,unique_url,,url-canon-v1.0-2026-07-27
NEWS-guardian_api-e53a1a0c7ab9,https://www.theguardian.com/politics/2013/jan/14/tax-break-treatment-health-firms,https://www.theguardian.com/politics/2013/jan/14/tax-break-treatment-health-firms,,,2026-07-22T21:09:02+00:00,URL-e53a1a0c7ab9,1,4bc7431d6cce3320,unique_url,,url-canon-v1.0-2026-07-27
NEWS-guardian_api-e586b4419ec1,https://www.theguardian.com/politics/2017/jan/02/labour-election-jeremy-corbyn-fabian-society,https://www.theguardian.com/politics/2017/jan/02/labour-election-jeremy-corbyn-fabian-society,,,2026-07-22T21:09:19+00:00,URL-e586b4419ec1,1,12c8d7ff6385ee1e,unique_url,,url-canon-v1.0-2026-07-27
NEWS-guardian_api-e5a21a7dd1b1,https://www.theguardian.com/commentisfree/2025/nov/26/rachel-reeves-budget-economic-policy-brexit,https://www.theguardian.com/commentisfree/2025/nov/26/rachel-reeves-budget-economic-policy-brexit,,,2026-07-22T21:07:48+00:00,URL-e5a21a7dd1b1,1,7623b3ada3286731,unique_url,,url-canon-v1.0-2026-07-27
NEWS-guardian_api-e5aa0496951b,https://www.theguardian.com/society/2016/nov/10/nhs-bed-blocking-rises-sixth-month-patients-hospital,https://www.theguardian.com/society/2016/nov/10/nhs-bed-blocking-rises-sixth-month-patients-hospital,,,2026-07-22T21:09:32+00:00,URL-e5aa0496951b,1,dae6c90d17af12f0,unique_url,,url-canon-v1.0-2026-07-27
NEWS-guardian_api-e5e3fe88a9dd,https://www.theguardian.com/politics/2012/nov/23/david-cameron-privatisation-adviser-health-lobbyist,https://www.theguardian.com/politics/2012/nov/23/david-cameron-privatisation-adviser-health-lobbyist,,,2026-07-22T21:09:02+00:00,URL-e5e3fe88a9dd,1,c6fe8d74f33457d4,unique_url,,url-canon-v1.0-2026-07-27
NEWS-guardian_api-e5e8fa5a5b3c,https://www.theguardian.com/business/2016/nov/06/half-of-uk-deficit-is-result-of-job-destruction-in-older-industrial-areas,https://www.theguardian.com/business/2016/nov/06/half-of-uk-deficit-is-result-of-job-destruction-in-older-industrial-areas,,,2026-07-22T21:09:36+00:00,URL-e5e8fa5a5b3c,1,804437da11699399,unique_url,,url-canon-v1.0-2026-07-27
NEWS-guardian_api-e60e8558523d,https://www.theguardian.com/commentisfree/2012/nov/08/nadine-dorries-wins-im-a-celebrity,https://www.theguardian.com/commentisfree/2012/nov/08/nadine-dorries-wins-im-a-celebrity,,,2026-07-22T21:08:30+00:00,URL-e60e8558523d,1,fe693a8127f113c8,unique_url,,url-canon-v1.0-2026-07-27
NEWS-guardian_api-e64bd6b44e30,https://www.theguardian.com/higher-education-network/blog/2012/nov/05/willetts-higher-education-policy-evidence,https://www.theguardian.com/higher-education-network/blog/2012/nov/05/willetts-higher-education-policy-evidence,,,2026-07-22T21:08:47+00:00,URL-e64bd6b44e30,1,c0d4554cfa40a169,unique_url,,url-canon-v1.0-2026-07-27
NEWS-guardian_api-e6a82ddf040a,https://www.theguardian.com/commentisfree/2012/nov/18/corby-byelection-result-parties-react-eu,https://www.theguardian.com/commentisfree/2012/nov/18/corby-byelection-result-parties-react-eu,,,2026-07-22T21:08:30+00:00,URL-e6a82ddf040a,1,4b32120915a6acf5,unique_url,,url-canon-v1.0-2026-07-27
NEWS-guardian_api-e6e2d3386082,https://www.theguardian.com/politics/2016/nov/05/jeremy-corbyn-crackdown-tax-dodgers,https://www.theguardian.com/politics/2016/nov/05/jeremy-corbyn-crackdown-tax-dodgers,,,2026-07-22T21:09:36+00:00,URL-e6e2d3386082,1,28624705bc78081c,unique_url,,url-canon-v1.0-2026-07-27
NEWS-guardian_api-e751700cdf28,https://www.theguardian.com/social-care-network/2013/feb/06/councils-cutting-funding-care-leavers,https://www.theguardian.com/social-care-network/2013/feb/06/councils-cutting-funding-care-leavers,,,2026-07-22T21:08:38+00:00,URL-e751700cdf28,1,03622c0935cf0183,unique_url,,url-canon-v1.0-2026-07-27
NEWS-guardian_api-e76f9df2c5bb,https://www.theguardian.com/politics/2017/jan/15/homes-planned-for-green-belt-have-risen-to-360000-in-england,https://www.theguardian.com/politics/2017/jan/15/homes-planned-for-green-belt-have-risen-to-360000-in-england,,,2026-07-22T21:09:26+00:00,URL-e76f9df2c5bb,1,53a4b31b4acca29e,unique_url,,url-canon-v1.0-2026-07-27
NEWS-guardian_api-e77d5f8dbcbc,https://www.theguardian.com/society/2026/feb/12/nhs-deal-with-ai-firm-palantir-called-into-question-after-officials-concerns-revealed,https://www.theguardian.com/society/2026/feb/12/nhs-deal-with-ai-firm-palantir-called-into-question-after-officials-concerns-revealed,,,2026-07-22T21:08:18+00:00,URL-e77d5f8dbcbc,1,7a4602ccd849e17e,unique_url,,url-canon-v1.0-2026-07-27
NEWS-guardian_api-e7b18b12c59d,https://www.theguardian.com/public-leaders-network/2016/nov/23/local-government-mixed-views-autumn-statement-social-care-devolution-philip-hammond,https://www.theguardian.com/public-leaders-network/2016/nov/23/local-government-mixed-views-autumn-statement-social-care-devolution-philip-hammond,,,2026-07-22T21:09:39+00:00,URL-e7b18b12c59d,1,bce3c44e7552cdd9,unique_url,,url-canon-v1.0-2026-07-27
NEWS-guardian_api-e8036604b42a,https://www.theguardian.com/business/2021/mar/04/ifs-criticises-remarkable-move-not-to-phase-out-universal-credit-uplift,https://www.theguardian.com/business/2021/mar/04/ifs-criticises-remarkable-move-not-to-phase-out-universal-credit-uplift,,,2026-07-22T21:10:33+00:00,URL-e8036604b42a,1,3537377dea59bbf8,unique_url,,url-canon-v1.0-2026-07-27
NEWS-guardian_api-e845351e1f37,https://www.theguardian.com/business/2020/dec/17/serco-to-repay-furlough-money-staff-frontline-bonuses-test-and-trace-coronavirus,https://www.theguardian.com/business/2020/dec/17/serco-to-repay-furlough-money-staff-frontline-bonuses-test-and-trace-coronavirus,,,2026-07-22T21:10:32+00:00,URL-e845351e1f37,1,f1257edee7fd6a2b,unique_url,,url-canon-v1.0-2026-07-27
NEWS-guardian_api-e84f209773c3,https://www.theguardian.com/education/2026/feb/19/send-special-needs-support-eligibility-review-secondary-school-england,https://www.theguardian.com/education/2026/feb/19/send-special-needs-support-eligibility-review-secondary-school-england,,,2026-07-22T21:08:10+00:00,URL-e84f209773c3,1,288c96f0503a9d8b,unique_url,,url-canon-v1.0-2026-07-27
NEWS-guardian_api-e881223a242d,https://www.theguardian.com/healthcare-network/2012/nov/13/today-in-healthcare-13-november-nhs-mandate,https://www.theguardian.com/healthcare-network/2012/nov/13/today-in-healthcare-13-november-nhs-mandate,,,2026-07-22T21:08:47+00:00,URL-e881223a242d,1,f4a4eb87649be7e0,unique_url,,url-canon-v1.0-2026-07-27
NEWS-guardian_api-e8d543987e25,https://www.theguardian.com/global-development/2012/nov/04/uk-cut-aid-to-india,https://www.theguardian.com/global-development/2012/nov/04/uk-cut-aid-to-india,,,2026-07-22T21:08:58+00:00,URL-e8d543987e25,1,2bb7ab5fed9dcc30,unique_url,,url-canon-v1.0-2026-07-27
NEWS-guardian_api-e8d7ecd0dd71,https://www.theguardian.com/politics/blog/2012/nov/15/police-crime-commissioner-elections-politics-live,https://www.theguardian.com/politics/blog/2012/nov/15/police-crime-commissioner-elections-politics-live,,,2026-07-22T21:08:30+00:00,URL-e8d7ecd0dd71,1,520e8c192210be2d,unique_url,,url-canon-v1.0-2026-07-27
NEWS-guardian_api-e952f181ef5d,https://www.theguardian.com/commentisfree/2020/nov/23/the-guardian-view-on-public-sector-pay-clapping-not-caring,https://www.theguardian.com/commentisfree/2020/nov/23/the-guardian-view-on-public-sector-pay-clapping-not-caring,,,2026-07-22T21:10:07+00:00,URL-e952f181ef5d,1,4170b1d5703d9327,unique_url,,url-canon-v1.0-2026-07-27
NEWS-guardian_api-e95da1c1f91e,https://www.theguardian.com/business/economics-blog/2017/jan/16/uk-economy-bankofengland-stagflation-inflation-growth,https://www.theguardian.com/business/economics-blog/2017/jan/16/uk-economy-bankofengland-stagflation-inflation-growth,,,2026-07-22T21:09:22+00:00,URL-e95da1c1f91e,1,d3c671573cd4f9b2,unique_url,,url-canon-v1.0-2026-07-27
NEWS-guardian_api-e99627f30d11,https://www.theguardian.com/commentisfree/2025/nov/27/labour-budget-tory-two-child-benefit-cap,https://www.theguardian.com/commentisfree/2025/nov/27/labour-budget-tory-two-child-benefit-cap,,,2026-07-22T21:08:18+00:00,URL-e99627f30d11,1,761dfc9ab5a65d1c,unique_url,,url-canon-v1.0-2026-07-27
NEWS-guardian_api-e99ee2966d2a,https://www.theguardian.com/public-leaders-network/2013/jan/25/public-services-winter-private-collaboration,https://www.theguardian.com/public-leaders-network/2013/jan/25/public-services-winter-private-collaboration,,,2026-07-22T21:09:02+00:00,URL-e99ee2966d2a,1,d9bbdedafa90e238,unique_url,,url-canon-v1.0-2026-07-27
NEWS-guardian_api-e9c758899767,https://www.theguardian.com/politics/2012/nov/14/windfarms-coalition-environment-byelection,https://www.theguardian.com/politics/2012/nov/14/windfarms-coalition-environment-byelection,,,2026-07-22T21:08:30+00:00,URL-e9c758899767,1,357b7471022fa7d8,unique_url,,url-canon-v1.0-2026-07-27
NEWS-guardian_api-e9e888a7dc65,https://www.theguardian.com/politics/2021/mar/07/nigel-farage-quits-as-reform-uk-leader-in-step-back-from-party-politics,https://www.theguardian.com/politics/2021/mar/07/nigel-farage-quits-as-reform-uk-leader-in-step-back-from-party-politics,,,2026-07-22T21:09:58+00:00,URL-e9e888a7dc65,1,53130fb1b53af037,unique_url,,url-canon-v1.0-2026-07-27
NEWS-guardian_api-e9fa991e2ee6,https://www.theguardian.com/local-government-network/2012/dec/06/planning-localism-lawyers-charter-policy,https://www.theguardian.com/local-government-network/2012/dec/06/planning-localism-lawyers-charter-policy,,,2026-07-22T21:08:55+00:00,URL-e9fa991e2ee6,1,0d04eb7b9bdd50d5,unique_url,,url-canon-v1.0-2026-07-27
NEWS-guardian_api-ea32482298e3,https://www.theguardian.com/money/2017/feb/05/social-care-council-cuts-maidenhead-surrey-theresa-may-liverpool,https://www.theguardian.com/money/2017/feb/05/social-care-council-cuts-maidenhead-surrey-theresa-may-liverpool,,,2026-07-22T21:09:26+00:00,URL-ea32482298e3,1,1b879bcc1a85e4f4,unique_url,,url-canon-v1.0-2026-07-27
NEWS-guardian_api-ea5e0eca89a9,https://www.theguardian.com/politics/2025/nov/21/farage-views-on-russia-tested-jailing-nathan-gill-reform,https://www.theguardian.com/politics/2025/nov/21/farage-views-on-russia-tested-jailing-nathan-gill-reform,,,2026-07-22T21:07:45+00:00,URL-ea5e0eca89a9,1,e7de2d4c7857da89,unique_url,,url-canon-v1.0-2026-07-27
NEWS-guardian_api-eab94a9b77ce,https://www.theguardian.com/culture/charlottehigginsblog/2012/nov/23/lee-hall-newcastle-cut-culture,https://www.theguardian.com/culture/charlottehigginsblog/2012/nov/23/lee-hall-newcastle-cut-culture,,,2026-07-22T21:08:55+00:00,URL-eab94a9b77ce,1,d04883e31c13faaf,unique_url,,url-canon-v1.0-2026-07-27
NEWS-guardian_api-eaee87086d07,https://www.theguardian.com/money/2016/nov/19/mortgage-rates-fixed-deals-brexit-trump,https://www.theguardian.com/money/2016/nov/19/mortgage-rates-fixed-deals-brexit-trump,,,2026-07-22T21:09:15+00:00,URL-eaee87086d07,1,0fb22c9ba040cbbb,unique_url,,url-canon-v1.0-2026-07-27
NEWS-guardian_api-eb473469589d,https://www.theguardian.com/politics/live/2026/feb/18/keir-starmer-labour-youth-unemployment-minimum-wage-eluned-morgan-wales-robert-jenrick-reform-conservatives-kemi-badenoch-uk-politics-latest,https://www.theguardian.com/politics/live/2026/feb/18/keir-starmer-labour-youth-unemployment-minimum-wage-eluned-morgan-wales-robert-jenrick-reform-conservatives-kemi-badenoch-uk-politics-latest,,,2026-07-22T21:08:10+00:00,URL-eb473469589d,1,bf02007d9bf83959,unique_url,,url-canon-v1.0-2026-07-27
NEWS-guardian_api-eb50ceac2df1,https://www.theguardian.com/uk-news/2026/feb/17/jim-ratcliffe-repugnant-words-have-sullied-manchester-united-reputation,https://www.theguardian.com/uk-news/2026/feb/17/jim-ratcliffe-repugnant-words-have-sullied-manchester-united-reputation,,,2026-07-22T21:08:18+00:00,URL-eb50ceac2df1,1,c3de339fa152de7d,unique_url,,url-canon-v1.0-2026-07-27
NEWS-guardian_api-eb6f7ee02d0d,https://www.theguardian.com/society/2017/jan/26/is-surrey-council-taking-a-stand-or-letting-the-tories-off-the-hook,https://www.theguardian.com/society/2017/jan/26/is-surrey-council-taking-a-stand-or-letting-the-tories-off-the-hook,,,2026-07-22T21:09:26+00:00,URL-eb6f7ee02d0d,1,d8562d14bfdb9f5f,unique_url,,url-canon-v1.0-2026-07-27
NEWS-guardian_api-ebe1cc7b26d5,https://www.theguardian.com/environment/2012/nov/04/grassroots-support-for-green-spaces,https://www.theguardian.com/environment/2012/nov/04/grassroots-support-for-green-spaces,,,2026-07-22T21:08:58+00:00,URL-ebe1cc7b26d5,1,f50f40bed4c979fa,unique_url,,url-canon-v1.0-2026-07-27
NEWS-guardian_api-ebf77d538269,https://www.theguardian.com/politics/2017/apr/20/surrey-labour-progressive-alliance,https://www.theguardian.com/politics/2017/apr/20/surrey-labour-progressive-alliance,,,2026-07-22T21:09:28+00:00,URL-ebf77d538269,1,39909ed9546cf5c4,unique_url,,url-canon-v1.0-2026-07-27
NEWS-guardian_api-ec712ce67f1c,https://www.theguardian.com/world/live/2020/dec/22/coronavirus-live-news-biden-receives-vaccine-as-global-death-toll-passes-17m,https://www.theguardian.com/world/live/2020/dec/22/coronavirus-live-news-biden-receives-vaccine-as-global-death-toll-passes-17m,,,2026-07-22T21:10:32+00:00,URL-ec712ce67f1c,1,0dd49914cfdee9e6,unique_url,,url-canon-v1.0-2026-07-27
NEWS-guardian_api-ec933d862412,https://www.theguardian.com/business/2025/nov/11/unemployment-budget-interest-rates-pay-rachel-reeves,https://www.theguardian.com/business/2025/nov/11/unemployment-budget-interest-rates-pay-rachel-reeves,,,2026-07-22T21:07:44+00:00,URL-ec933d862412,1,319812248dd18b6b,unique_url,,url-canon-v1.0-2026-07-27
NEWS-guardian_api-ed30e80d6da9,https://www.theguardian.com/commentisfree/2012/dec/19/ukip-conservatives,https://www.theguardian.com/commentisfree/2012/dec/19/ukip-conservatives,,,2026-07-22T21:08:34+00:00,URL-ed30e80d6da9,1,0cdf786c79f0c97b,unique_url,,url-canon-v1.0-2026-07-27
NEWS-guardian_api-ed65e9ea315f,https://www.theguardian.com/commentisfree/2012/nov/18/editorial-britain-leaving-european-union,https://www.theguardian.com/commentisfree/2012/nov/18/editorial-britain-leaving-european-union,,,2026-07-22T21:08:30+00:00,URL-ed65e9ea315f,1,2f7320b4ac866d2f,unique_url,,url-canon-v1.0-2026-07-27
NEWS-guardian_api-ed80536b929e,https://www.theguardian.com/politics/live/2026/feb/12/uk-politics-latest-news-updates-labour-jim-ratcliffe-keir-starmer,https://www.theguardian.com/politics/live/2026/feb/12/uk-politics-latest-news-updates-labour-jim-ratcliffe-keir-starmer,,,2026-07-22T21:08:10+00:00,URL-ed80536b929e,1,d8712a35d849480f,unique_url,,url-canon-v1.0-2026-07-27
NEWS-guardian_api-edd64b50d64b,https://www.theguardian.com/world/2020/nov/09/monday-briefing-biden-to-make-covid-top-priority,https://www.theguardian.com/world/2020/nov/09/monday-briefing-biden-to-make-covid-top-priority,,,2026-07-22T21:10:17+00:00,URL-edd64b50d64b,1,a48f78cf746d620a,unique_url,,url-canon-v1.0-2026-07-27
NEWS-guardian_api-edf7a0e04a57,https://www.theguardian.com/commentisfree/2016/nov/07/bond-traders-trots-mumsnet-left-centre-farages-mob,https://www.theguardian.com/commentisfree/2016/nov/07/bond-traders-trots-mumsnet-left-centre-farages-mob,,,2026-07-22T21:09:15+00:00,URL-edf7a0e04a57,1,8df3e9251de32b7a,unique_url,,url-canon-v1.0-2026-07-27
NEWS-guardian_api-ee0e74bb87d4,https://www.theguardian.com/politics/2017/mar/21/brexit-weekly-briefing-uk-rift-widens-as-may-names-article-50-day,https://www.theguardian.com/politics/2017/mar/21/brexit-weekly-briefing-uk-rift-widens-as-may-names-article-50-day,,,2026-07-22T21:09:52+00:00,URL-ee0e74bb87d4,1,0c87e93f7af635cc,unique_url,,url-canon-v1.0-2026-07-27
NEWS-guardian_api-eee96e087161,https://www.theguardian.com/uk-news/2025/nov/21/labours-immigration-policy-is-not-the-britain-we-want,https://www.theguardian.com/uk-news/2025/nov/21/labours-immigration-policy-is-not-the-britain-we-want,,,2026-07-22T21:07:45+00:00,URL-eee96e087161,1,dc91e563129c8b95,unique_url,,url-canon-v1.0-2026-07-27
NEWS-guardian_api-eee99ba739e6,https://www.theguardian.com/politics/2016/dec/05/eu-remainers-views-must-be-heard-and-brexit-fighting-must-end-says-davidson,https://www.theguardian.com/politics/2016/dec/05/eu-remainers-views-must-be-heard-and-brexit-fighting-must-end-says-davidson,,,2026-07-22T21:09:19+00:00,URL-eee99ba739e6,1,c7c936933de97c39,unique_url,,url-canon-v1.0-2026-07-27
NEWS-guardian_api-eefda122af39,https://www.theguardian.com/commentisfree/2025/dec/22/labour-2025-apprenticeships-workers-wages-price-rises-children,https://www.theguardian.com/commentisfree/2025/dec/22/labour-2025-apprenticeships-workers-wages-price-rises-children,,,2026-07-22T21:08:18+00:00,URL-eefda122af39,1,5fa7f54bd39b4067,unique_url,,url-canon-v1.0-2026-07-27
NEWS-guardian_api-ef26989191c7,https://www.theguardian.com/society/2025/nov/20/up-to-50000-nurses-could-quit-uk-over-immigration-plans-survey-suggests,https://www.theguardian.com/society/2025/nov/20/up-to-50000-nurses-could-quit-uk-over-immigration-plans-survey-suggests,,,2026-07-22T21:07:44+00:00,URL-ef26989191c7,1,b3394e798eb39f13,unique_url,,url-canon-v1.0-2026-07-27
NEWS-guardian_api-efba48be975b,https://www.theguardian.com/society/2017/jan/11/social-care-needs-funds-but-could-make-savings,https://www.theguardian.com/society/2017/jan/11/social-care-needs-funds-but-could-make-savings,,,2026-07-22T21:09:40+00:00,URL-efba48be975b,1,c79841e4fa76ff7a,unique_url,,url-canon-v1.0-2026-07-27
NEWS-guardian_api-efbd8ee86ac5,https://www.theguardian.com/society/2016/dec/10/tory-plans-making-social-care-worse,https://www.theguardian.com/society/2016/dec/10/tory-plans-making-social-care-worse,,,2026-07-22T21:09:39+00:00,URL-efbd8ee86ac5,1,65e46e2ef2f9e1a6,unique_url,,url-canon-v1.0-2026-07-27
NEWS-guardian_api-f029021ae3b0,https://www.theguardian.com/world/2020/nov/08/tories-warn-boris-johnson-of-bigger-revolt-if-theres-a-third-lockdown,https://www.theguardian.com/world/2020/nov/08/tories-warn-boris-johnson-of-bigger-revolt-if-theres-a-third-lockdown,,,2026-07-22T21:10:20+00:00,URL-f029021ae3b0,1,1dc9a15425a9dbb3,unique_url,,url-canon-v1.0-2026-07-27
NEWS-guardian_api-f03b11174e43,https://www.theguardian.com/politics/live/2020/dec/07/brexit-barnier-eu-uk-trade-talks-fishing-covid-coronavirus-vaccine-latest-updates-politics-live,https://www.theguardian.com/politics/live/2020/dec/07/brexit-barnier-eu-uk-trade-talks-fishing-covid-coronavirus-vaccine-latest-updates-politics-live,,,2026-07-22T21:10:03+00:00,URL-f03b11174e43,1,b92252feaafa04f7,unique_url,,url-canon-v1.0-2026-07-27
NEWS-guardian_api-f0619eb82d54,https://www.theguardian.com/society/2020/nov/13/three-quarters-of-englands-care-workers-earn-below-real-living-wage,https://www.theguardian.com/society/2020/nov/13/three-quarters-of-englands-care-workers-earn-below-real-living-wage,,,2026-07-22T21:10:07+00:00,URL-f0619eb82d54,1,04020d476626e6c6,unique_url,,url-canon-v1.0-2026-07-27
NEWS-guardian_api-f0a1608f580f,https://www.theguardian.com/lifeandstyle/2025/nov/20/dog-cat-abandonment-soars-owners-struggle-cost-of-living-crisis,https://www.theguardian.com/lifeandstyle/2025/nov/20/dog-cat-abandonment-soars-owners-struggle-cost-of-living-crisis,,,2026-07-22T21:07:52+00:00,URL-f0a1608f580f,1,0643d1de48cda3ec,unique_url,,url-canon-v1.0-2026-07-27
NEWS-guardian_api-f0a68b031390,https://www.theguardian.com/commentisfree/2016/dec/28/the-guardian-view-on-english-local-identities-a-clash-of-cash-against-community,https://www.theguardian.com/commentisfree/2016/dec/28/the-guardian-view-on-english-local-identities-a-clash-of-cash-against-community,,,2026-07-22T21:09:40+00:00,URL-f0a68b031390,1,d9ee192bf789712b,unique_url,,url-canon-v1.0-2026-07-27
NEWS-guardian_api-f0bf3f647f76,https://www.theguardian.com/politics/2021/jan/11/calls-to-escalate-english-lockdown-amid-fears-one-in-five-may-have-had-covid,https://www.theguardian.com/politics/2021/jan/11/calls-to-escalate-english-lockdown-amid-fears-one-in-five-may-have-had-covid,,,2026-07-22T21:10:12+00:00,URL-f0bf3f647f76,1,351b14e1a34bff30,unique_url,,url-canon-v1.0-2026-07-27
NEWS-guardian_api-f0e1fbfa261a,https://www.theguardian.com/healthcare-network/2013/jan/22/today-in-healthcare-22-january,https://www.theguardian.com/healthcare-network/2013/jan/22/today-in-healthcare-22-january,,,2026-07-22T21:08:42+00:00,URL-f0e1fbfa261a,1,2a3db36dac12b62b,unique_url,,url-canon-v1.0-2026-07-27
NEWS-guardian_api-f1253002ecf1,https://www.theguardian.com/politics/2025/nov/24/farage-urged-to-explain-conspiracy-theories-linked-to-antisemitism-he-voiced-in-us-media,https://www.theguardian.com/politics/2025/nov/24/farage-urged-to-explain-conspiracy-theories-linked-to-antisemitism-he-voiced-in-us-media,,,2026-07-22T21:07:45+00:00,URL-f1253002ecf1,1,fb4985f04da8f20b,unique_url,,url-canon-v1.0-2026-07-27
NEWS-guardian_api-f15a5afe3963,https://www.theguardian.com/politics/2012/nov/22/nadine-dorries-im-celebrity-poll,https://www.theguardian.com/politics/2012/nov/22/nadine-dorries-im-celebrity-poll,,,2026-07-22T21:08:30+00:00,URL-f15a5afe3963,1,ad157958562a33fd,unique_url,,url-canon-v1.0-2026-07-27
NEWS-guardian_api-f179eb8f1ab9,https://www.theguardian.com/politics/live/2025/nov/11/bbc-crisis-labour-conservatives-donald-trump-lawsuit-politics-live-updates,https://www.theguardian.com/politics/live/2025/nov/11/bbc-crisis-labour-conservatives-donald-trump-lawsuit-politics-live-updates,,,2026-07-22T21:07:44+00:00,URL-f179eb8f1ab9,1,b7932cb722c3c73a,unique_url,,url-canon-v1.0-2026-07-27
NEWS-guardian_api-f198f258e879,https://www.theguardian.com/uk-news/2016/nov/23/labour-pours-scorn-over-autumn-statement-for-ignoring-sick-and-old,https://www.theguardian.com/uk-news/2016/nov/23/labour-pours-scorn-over-autumn-statement-for-ignoring-sick-and-old,,,2026-07-22T21:09:39+00:00,URL-f198f258e879,1,7e0f44ffcafacf7a,unique_url,,url-canon-v1.0-2026-07-27
NEWS-guardian_api-f1a8eba5ae8c,https://www.theguardian.com/local-government-network/2012/dec/04/data-sharing-reluctance-local-government,https://www.theguardian.com/local-government-network/2012/dec/04/data-sharing-reluctance-local-government,,,2026-07-22T21:09:02+00:00,URL-f1a8eba5ae8c,1,f4e33190bba159b6,unique_url,,url-canon-v1.0-2026-07-27
NEWS-guardian_api-f1be9e3dc792,https://www.theguardian.com/society/2012/nov/20/trapped-couples-partners-relationships,https://www.theguardian.com/society/2012/nov/20/trapped-couples-partners-relationships,,,2026-07-22T21:08:38+00:00,URL-f1be9e3dc792,1,e37470b9ca820961,unique_url,,url-canon-v1.0-2026-07-27
NEWS-guardian_api-f1edb08d1f32,https://www.theguardian.com/uk-news/2025/nov/26/five-key-charts-2025-budget-statement-rachel-reeves,https://www.theguardian.com/uk-news/2025/nov/26/five-key-charts-2025-budget-statement-rachel-reeves,,,2026-07-22T21:08:18+00:00,URL-f1edb08d1f32,1,35e2ad07b6d82c9a,unique_url,,url-canon-v1.0-2026-07-27
NEWS-guardian_api-f1ee8a546380,https://www.theguardian.com/public-leaders-network/blog/2012/nov/05/public-managers-oppose-outsourced-policy-making,https://www.theguardian.com/public-leaders-network/blog/2012/nov/05/public-managers-oppose-outsourced-policy-making,,,2026-07-22T21:09:02+00:00,URL-f1ee8a546380,1,4232d95742352c0e,unique_url,,url-canon-v1.0-2026-07-27
NEWS-guardian_api-f23baa72ace0,https://www.theguardian.com/commentisfree/2021/feb/12/farage-flotilla-rotting-brexit-fish,https://www.theguardian.com/commentisfree/2021/feb/12/farage-flotilla-rotting-brexit-fish,,,2026-07-22T21:10:03+00:00,URL-f23baa72ace0,1,3804901de313730e,unique_url,,url-canon-v1.0-2026-07-27
NEWS-guardian_api-f2502a01aab5,https://www.theguardian.com/politics/2020/nov/08/nigel-farage-reform-party-relaunch-marked-low-key-anti-lockdown-protest,https://www.theguardian.com/politics/2020/nov/08/nigel-farage-reform-party-relaunch-marked-low-key-anti-lockdown-protest,,,2026-07-22T21:09:58+00:00,URL-f2502a01aab5,1,d9accb86e7edee34,unique_url,,url-canon-v1.0-2026-07-27
NEWS-guardian_api-f26e627cf62e,https://www.theguardian.com/politics/live/2025/nov/19/pmqs-uk-politics-latest-news-john-healey-rachel-reeves-keir-starmer-labour,https://www.theguardian.com/politics/live/2025/nov/19/pmqs-uk-politics-latest-news-john-healey-rachel-reeves-keir-starmer-labour,,,2026-07-22T21:07:44+00:00,URL-f26e627cf62e,1,7ff79ca368cbfca8,unique_url,,url-canon-v1.0-2026-07-27
NEWS-guardian_api-f271e0725a4c,https://www.theguardian.com/commentisfree/2025/nov/22/danish-model-centre-left-parties-labour-doesnt-work,https://www.theguardian.com/commentisfree/2025/nov/22/danish-model-centre-left-parties-labour-doesnt-work,,,2026-07-22T21:07:45+00:00,URL-f271e0725a4c,1,4caed08aa78d7405,unique_url,,url-canon-v1.0-2026-07-27
NEWS-guardian_api-f29ea7e88d71,https://www.theguardian.com/commentisfree/2021/feb/01/eu-missteps-vaccines-brexit-fatal-error,https://www.theguardian.com/commentisfree/2021/feb/01/eu-missteps-vaccines-brexit-fatal-error,,,2026-07-22T21:10:32+00:00,URL-f29ea7e88d71,1,058f83e6db1c40c2,unique_url,,url-canon-v1.0-2026-07-27
NEWS-guardian_api-f331230e4a69,https://www.theguardian.com/commentisfree/2017/jan/12/nhs-dental-service-payment-system-tooth-extractions-children,https://www.theguardian.com/commentisfree/2017/jan/12/nhs-dental-service-payment-system-tooth-extractions-children,,,2026-07-22T21:09:40+00:00,URL-f331230e4a69,1,f6c13b80a2a8f906,unique_url,,url-canon-v1.0-2026-07-27
NEWS-guardian_api-f349e341dd2d,https://www.theguardian.com/politics/2025/dec/08/its-scotlands-energy-snp-to-focus-on-renewables-in-holyrood-election,https://www.theguardian.com/politics/2025/dec/08/its-scotlands-energy-snp-to-focus-on-renewables-in-holyrood-election,,,2026-07-22T21:08:18+00:00,URL-f349e341dd2d,1,1d4dcb699db453e5,unique_url,,url-canon-v1.0-2026-07-27
NEWS-guardian_api-f352158feeaa,https://www.theguardian.com/politics/live/2026/feb/10/keir-starmer-labour-leadership-uk-live-updates-politics-cabinet-latest-news,https://www.theguardian.com/politics/live/2026/feb/10/keir-starmer-labour-leadership-uk-live-updates-politics-cabinet-latest-news,,,2026-07-22T21:08:10+00:00,URL-f352158feeaa,1,aaee6d01c2fa7bf4,unique_url,,url-canon-v1.0-2026-07-27
NEWS-guardian_api-f36fb22b99ba,https://www.theguardian.com/local-government-network/2012/nov/06/localism-public-services-blackheath-community-library,https://www.theguardian.com/local-government-network/2012/nov/06/localism-public-services-blackheath-community-library,,,2026-07-22T21:08:55+00:00,URL-f36fb22b99ba,1,00eeff5801eca00b,unique_url,,url-canon-v1.0-2026-07-27
NEWS-guardian_api-f37b15fd49c5,https://www.theguardian.com/uk-news/2016/nov/15/dilapidated-military-bases-putting-uk-armed-forces-readiness-at-risk,https://www.theguardian.com/uk-news/2016/nov/15/dilapidated-military-bases-putting-uk-armed-forces-readiness-at-risk,,,2026-07-22T21:09:32+00:00,URL-f37b15fd49c5,1,3d61c4381d84a790,unique_url,,url-canon-v1.0-2026-07-27
NEWS-guardian_api-f3b3af7c0808,https://www.theguardian.com/money/2025/nov/20/tell-us-have-you-visited-or-worked-at-a-uk-warm-bank,https://www.theguardian.com/money/2025/nov/20/tell-us-have-you-visited-or-worked-at-a-uk-warm-bank,,,2026-07-22T21:07:52+00:00,URL-f3b3af7c0808,1,b4ef92413a9206ed,unique_url,,url-canon-v1.0-2026-07-27
NEWS-guardian_api-f3d58325a0f4,https://www.theguardian.com/politics/2020/nov/15/no-deal-fears-rise-as-boris-johnson-least-willing-to-budge-on-brexit,https://www.theguardian.com/politics/2020/nov/15/no-deal-fears-rise-as-boris-johnson-least-willing-to-budge-on-brexit,,,2026-07-22T21:09:58+00:00,URL-f3d58325a0f4,1,67d1f19ac0f7fe3d,unique_url,,url-canon-v1.0-2026-07-27
NEWS-guardian_api-f3ff9a9831f1,https://www.theguardian.com/society/2012/nov/06/nhs-staff-regional-pay-labour,https://www.theguardian.com/society/2012/nov/06/nhs-staff-regional-pay-labour,,,2026-07-22T21:08:38+00:00,URL-f3ff9a9831f1,1,cb577e4c17bf6a72,unique_url,,url-canon-v1.0-2026-07-27
NEWS-guardian_api-f48abe173d25,https://www.theguardian.com/local-government-network/2012/dec/12/skills-council-staff-salary-workforce,https://www.theguardian.com/local-government-network/2012/dec/12/skills-council-staff-salary-workforce,,,2026-07-22T21:08:55+00:00,URL-f48abe173d25,1,00131c93e0360c0f,unique_url,,url-canon-v1.0-2026-07-27
NEWS-guardian_api-f4c770d5cb74,https://www.theguardian.com/uk-news/2021/apr/02/carrie-symonds-aspinall-foundation-a-network-of-family-wealth-and-a-charity-investigation,https://www.theguardian.com/uk-news/2021/apr/02/carrie-symonds-aspinall-foundation-a-network-of-family-wealth-and-a-charity-investigation,,,2026-07-22T21:10:03+00:00,URL-f4c770d5cb74,1,4da8970220132520,unique_url,,url-canon-v1.0-2026-07-27
NEWS-guardian_api-f4fe6a62d68d,https://www.theguardian.com/business/2016/nov/06/the-legacy-of-leaving-old-industrial-britain-to-rot-is-becoming-clear,https://www.theguardian.com/business/2016/nov/06/the-legacy-of-leaving-old-industrial-britain-to-rot-is-becoming-clear,,,2026-07-22T21:09:36+00:00,URL-f4fe6a62d68d,1,cdd945a3d3241a83,unique_url,,url-canon-v1.0-2026-07-27
NEWS-guardian_api-f51b7e399edd,https://www.theguardian.com/politics/blog/live/2016/dec/12/philip-hammond-treasury-social-care-considering-lettting-councils-raise-council-tax-to-fund-social-care-politics-live,https://www.theguardian.com/politics/blog/live/2016/dec/12/philip-hammond-treasury-social-care-considering-lettting-councils-raise-council-tax-to-fund-social-care-politics-live,,,2026-07-22T21:09:19+00:00,URL-f51b7e399edd,1,fe2f968194fc8679,unique_url,,url-canon-v1.0-2026-07-27
NEWS-guardian_api-f54be252ce05,https://www.theguardian.com/politics/2025/nov/30/rachel-reeves-denies-lying-public-budget-tax-rises,https://www.theguardian.com/politics/2025/nov/30/rachel-reeves-denies-lying-public-budget-tax-rises,,,2026-07-22T21:07:48+00:00,URL-f54be252ce05,1,e28a27e8c813413a,unique_url,,url-canon-v1.0-2026-07-27
NEWS-guardian_api-f5604aea27bc,https://www.theguardian.com/world/2016/nov/05/trade-uk-india-suffer-double-hit-theresa-may-visit-brexit-sterling,https://www.theguardian.com/world/2016/nov/05/trade-uk-india-suffer-double-hit-theresa-may-visit-brexit-sterling,,,2026-07-22T21:09:36+00:00,URL-f5604aea27bc,1,112537c0b40c4f9b,unique_url,,url-canon-v1.0-2026-07-27
NEWS-guardian_api-f58d9240dff9,https://www.theguardian.com/society/2021/jan/10/your-13m-brings-young-people-hope-in-a-traumatic-year,https://www.theguardian.com/society/2021/jan/10/your-13m-brings-young-people-hope-in-a-traumatic-year,,,2026-07-22T21:10:07+00:00,URL-f58d9240dff9,1,5979c7226c1bc804,unique_url,,url-canon-v1.0-2026-07-27
NEWS-guardian_api-f5b4a573a9fc,https://www.theguardian.com/media/live/2025/nov/10/bbc-tim-davie-resigns-bias-panorama-donald-trump-latest-news-updates,https://www.theguardian.com/media/live/2025/nov/10/bbc-tim-davie-resigns-bias-panorama-donald-trump-latest-news-updates,,,2026-07-22T21:07:44+00:00,URL-f5b4a573a9fc,1,4a60d44f7b1b300d,unique_url,,url-canon-v1.0-2026-07-27
NEWS-guardian_api-f5cc9e550817,https://www.theguardian.com/commentisfree/2017/feb/03/brexit-extreme-article-50-vote-labour,https://www.theguardian.com/commentisfree/2017/feb/03/brexit-extreme-article-50-vote-labour,,,2026-07-22T21:09:47+00:00,URL-f5cc9e550817,1,9b1cb830537157fa,unique_url,,url-canon-v1.0-2026-07-27
NEWS-guardian_api-f5d4d66ec35a,https://www.theguardian.com/world/2021/feb/24/nhs-covid-app-prove-vaccinated-status-access-venues-pubs-in-england,https://www.theguardian.com/world/2021/feb/24/nhs-covid-app-prove-vaccinated-status-access-venues-pubs-in-england,,,2026-07-22T21:10:32+00:00,URL-f5d4d66ec35a,1,d7d40e676d4c9e1b,unique_url,,url-canon-v1.0-2026-07-27
NEWS-guardian_api-f603109bee47,https://www.theguardian.com/world/2021/jan/11/fifty-uk-vaccination-hubs-will-help-deliver-2m-jabs-a-week-say-ministers,https://www.theguardian.com/world/2021/jan/11/fifty-uk-vaccination-hubs-will-help-deliver-2m-jabs-a-week-say-ministers,,,2026-07-22T21:10:32+00:00,URL-f603109bee47,1,c59bc695b35c9df0,unique_url,,url-canon-v1.0-2026-07-27
NEWS-guardian_api-f6282807186d,https://www.theguardian.com/social-care-network/2016/dec/06/new-manifesto-for-social-care-is-essential-service-users-should-write-it,https://www.theguardian.com/social-care-network/2016/dec/06/new-manifesto-for-social-care-is-essential-service-users-should-write-it,,,2026-07-22T21:09:39+00:00,URL-f6282807186d,1,10fdd207da4348c1,unique_url,,url-canon-v1.0-2026-07-27
NEWS-guardian_api-f62cf723e3b3,https://www.theguardian.com/politics/blog/2013/jan/23/cameron-europe-speech-referendum-live-blog,https://www.theguardian.com/politics/blog/2013/jan/23/cameron-europe-speech-referendum-live-blog,,,2026-07-22T21:08:34+00:00,URL-f62cf723e3b3,1,61586deefabea7f7,unique_url,,url-canon-v1.0-2026-07-27
NEWS-guardian_api-f63a80d1742e,https://www.theguardian.com/world/2012/nov/19/david-cameron-eu-picking-pockets,https://www.theguardian.com/world/2012/nov/19/david-cameron-eu-picking-pockets,,,2026-07-22T21:08:30+00:00,URL-f63a80d1742e,1,feed8842f594a057,unique_url,,url-canon-v1.0-2026-07-27
NEWS-guardian_api-f69f6b561824,https://www.theguardian.com/commentisfree/2013/jan/03/world-without-work,https://www.theguardian.com/commentisfree/2013/jan/03/world-without-work,,,2026-07-22T21:08:38+00:00,URL-f69f6b561824,1,f864b2dc11020f5e,unique_url,,url-canon-v1.0-2026-07-27
NEWS-guardian_api-f6b37f18b32a,https://www.theguardian.com/politics/live/2026/jan/22/uk-will-not-be,https://www.theguardian.com/politics/live/2026/jan/22/uk-will-not-be,,,2026-07-22T21:08:10+00:00,URL-f6b37f18b32a,1,2e78d5475489cac2,unique_url,,url-canon-v1.0-2026-07-27
NEWS-guardian_api-f79050822815,https://www.theguardian.com/commentisfree/2026/mar/01/labour-reform-progressives-gorton-and-denton-party,https://www.theguardian.com/commentisfree/2026/mar/01/labour-reform-progressives-gorton-and-denton-party,,,2026-07-22T21:08:18+00:00,URL-f79050822815,1,61b26a689441530a,unique_url,,url-canon-v1.0-2026-07-27
NEWS-guardian_api-f79d9ad0be32,https://www.theguardian.com/politics/2012/nov/03/david-cameron-boris-johnson-airport,https://www.theguardian.com/politics/2012/nov/03/david-cameron-boris-johnson-airport,,,2026-07-22T21:08:51+00:00,URL-f79d9ad0be32,1,b52d15874e44c9b8,unique_url,,url-canon-v1.0-2026-07-27
NEWS-guardian_api-f7a7a3a15568,https://www.theguardian.com/society/2025/nov/13/surrey-services-failures-sara-sharif-murder-safeguarding-review,https://www.theguardian.com/society/2025/nov/13/surrey-services-failures-sara-sharif-murder-safeguarding-review,,,2026-07-22T21:07:58+00:00,URL-f7a7a3a15568,1,cf082952cb23cb2b,unique_url,,url-canon-v1.0-2026-07-27
NEWS-guardian_api-f7b65218f9b2,https://www.theguardian.com/commentisfree/2020/nov/17/croydons-bankruptcy-is-the-result-of-austerity-and-more-councils-will-follow,https://www.theguardian.com/commentisfree/2020/nov/17/croydons-bankruptcy-is-the-result-of-austerity-and-more-councils-will-follow,,,2026-07-22T21:10:25+00:00,URL-f7b65218f9b2,1,0df4c0875125465d,unique_url,,url-canon-v1.0-2026-07-27
NEWS-guardian_api-f7f67efe332c,https://www.theguardian.com/media/2026/mar/06/german-twist-in-the-telegraph-tale-shatters-lord-rothermeres-dreams,https://www.theguardian.com/media/2026/mar/06/german-twist-in-the-telegraph-tale-shatters-lord-rothermeres-dreams,,,2026-07-22T21:07:54+00:00,URL-f7f67efe332c,1,a3fd75708b2cb71d,unique_url,,url-canon-v1.0-2026-07-27
NEWS-guardian_api-f806005f741a,https://www.theguardian.com/business/2012/nov/19/eurozone-crisis-greece-aid-programme-imf,https://www.theguardian.com/business/2012/nov/19/eurozone-crisis-greece-aid-programme-imf,,,2026-07-22T21:08:55+00:00,URL-f806005f741a,1,197e48e78fc0824a,unique_url,,url-canon-v1.0-2026-07-27
NEWS-guardian_api-f82442ef14a3,https://www.theguardian.com/business/2021/feb/26/rates-may-have-to-rise-sooner-to-tame-inflation-threat-says-bank-economist,https://www.theguardian.com/business/2021/feb/26/rates-may-have-to-rise-sooner-to-tame-inflation-threat-says-bank-economist,,,2026-07-22T21:10:07+00:00,URL-f82442ef14a3,1,2b5811ef42c24553,unique_url,,url-canon-v1.0-2026-07-27
NEWS-guardian_api-f831c0579e89,https://www.theguardian.com/uk-news/2026/jan/28/englands-most-deprived-areas-to-get-worse-by-next-election-report-for-no-10-finds,https://www.theguardian.com/uk-news/2026/jan/28/englands-most-deprived-areas-to-get-worse-by-next-election-report-for-no-10-finds,,,2026-07-22T21:08:10+00:00,URL-f831c0579e89,1,281e2b89e60ab211,unique_url,,url-canon-v1.0-2026-07-27
NEWS-guardian_api-f83574e71536,https://www.theguardian.com/politics/blog/2012/nov/16/corby-police-election-results-politics-live,https://www.theguardian.com/politics/blog/2012/nov/16/corby-police-election-results-politics-live,,,2026-07-22T21:08:30+00:00,URL-f83574e71536,1,1e9ea49d4c0ffc08,unique_url,,url-canon-v1.0-2026-07-27
NEWS-guardian_api-f840250c048f,https://www.theguardian.com/politics/2012/nov/13/tory-mp-corby-anti-windfarm-film,https://www.theguardian.com/politics/2012/nov/13/tory-mp-corby-anti-windfarm-film,,,2026-07-22T21:08:30+00:00,URL-f840250c048f,1,ae0328469c096db3,unique_url,,url-canon-v1.0-2026-07-27
NEWS-guardian_api-f8e4538c74f2,https://www.theguardian.com/politics/2025/nov/19/ask-young-reform-voters-their-views,https://www.theguardian.com/politics/2025/nov/19/ask-young-reform-voters-their-views,,,2026-07-22T21:07:44+00:00,URL-f8e4538c74f2,1,8417f60e1a669730,unique_url,,url-canon-v1.0-2026-07-27
NEWS-guardian_api-f8f810dd8258,https://www.theguardian.com/business/2020/nov/07/independent-shops-hit-out-at-high-street-chains-trading-during-lockdown,https://www.theguardian.com/business/2020/nov/07/independent-shops-hit-out-at-high-street-chains-trading-during-lockdown,,,2026-07-22T21:10:17+00:00,URL-f8f810dd8258,1,05828999b43db1e0,unique_url,,url-canon-v1.0-2026-07-27
NEWS-guardian_api-f913d79128a5,https://www.theguardian.com/commentisfree/2012/nov/19/labour-europe-britains-divide-editorial,https://www.theguardian.com/commentisfree/2012/nov/19/labour-europe-britains-divide-editorial,,,2026-07-22T21:08:30+00:00,URL-f913d79128a5,1,a74af144b6ad6ae1,unique_url,,url-canon-v1.0-2026-07-27
NEWS-guardian_api-f92c61f81a2a,https://www.theguardian.com/politics/2016/nov/06/brexit-high-court-decision-nothing-ruled-out,https://www.theguardian.com/politics/2016/nov/06/brexit-high-court-decision-nothing-ruled-out,,,2026-07-22T21:09:15+00:00,URL-f92c61f81a2a,1,2d1d4674778132fd,unique_url,,url-canon-v1.0-2026-07-27
NEWS-guardian_api-f961ed89b4fe,https://www.theguardian.com/uk-news/2021/apr/13/labour-calls-shaun-bailey-condemn-fair-tax-campaign-ads-attacking-sadiq-khan-london-mayoral-candidate,https://www.theguardian.com/uk-news/2021/apr/13/labour-calls-shaun-bailey-condemn-fair-tax-campaign-ads-attacking-sadiq-khan-london-mayoral-candidate,,,2026-07-22T21:10:03+00:00,URL-f961ed89b4fe,1,01023f0b3607dcc5,unique_url,,url-canon-v1.0-2026-07-27
NEWS-guardian_api-f9675c88c056,https://www.theguardian.com/politics/2020/nov/13/dominic-cummings-time-could-be-running-out-for-pms-controversial-aide,https://www.theguardian.com/politics/2020/nov/13/dominic-cummings-time-could-be-running-out-for-pms-controversial-aide,,,2026-07-22T21:10:17+00:00,URL-f9675c88c056,1,9f053b520ebff08b,unique_url,,url-canon-v1.0-2026-07-27
NEWS-guardian_api-f9c82f1235c8,https://www.theguardian.com/business/2021/apr/12/central-bank-hooked-covid-stimulus-plan-mervyn-king-bank-england-governor-inflation-risk,https://www.theguardian.com/business/2021/apr/12/central-bank-hooked-covid-stimulus-plan-mervyn-king-bank-england-governor-inflation-risk,,,2026-07-22T21:10:07+00:00,URL-f9c82f1235c8,1,70ef4a84ddab99f4,unique_url,,url-canon-v1.0-2026-07-27
NEWS-guardian_api-f9fc47b07150,https://www.theguardian.com/business/economics-blog/2012/nov/13/uk-inflation-stubborn-higher,https://www.theguardian.com/business/economics-blog/2012/nov/13/uk-inflation-stubborn-higher,,,2026-07-22T21:08:38+00:00,URL-f9fc47b07150,1,e01fe609a3e131e6,unique_url,,url-canon-v1.0-2026-07-27
NEWS-guardian_api-fa1c3fc9840d,https://www.theguardian.com/politics/2016/nov/09/labour-mps-travel-brussels-debate-brexit-emma-reynolds,https://www.theguardian.com/politics/2016/nov/09/labour-mps-travel-brussels-debate-brexit-emma-reynolds,,,2026-07-22T21:09:32+00:00,URL-fa1c3fc9840d,1,c042e71588ab0270,unique_url,,url-canon-v1.0-2026-07-27
NEWS-guardian_api-fa39e97acb6a,https://www.theguardian.com/politics/2012/nov/14/grant-shapps-hatfield,https://www.theguardian.com/politics/2012/nov/14/grant-shapps-hatfield,,,2026-07-22T21:08:55+00:00,URL-fa39e97acb6a,1,1a4b600716edca6b,unique_url,,url-canon-v1.0-2026-07-27
NEWS-guardian_api-fa7c65831a5e,https://www.theguardian.com/business/2013/feb/12/eurozone-crisis-live-rajoy-austerity-draghi,https://www.theguardian.com/business/2013/feb/12/eurozone-crisis-live-rajoy-austerity-draghi,,,2026-07-22T21:08:38+00:00,URL-fa7c65831a5e,1,3704509835b23598,unique_url,,url-canon-v1.0-2026-07-27
NEWS-guardian_api-fa7e9b5dec27,https://www.theguardian.com/politics/blog/2012/nov/13/gas-market-price-politics-live,https://www.theguardian.com/politics/blog/2012/nov/13/gas-market-price-politics-live,,,2026-07-22T21:08:30+00:00,URL-fa7e9b5dec27,1,cb56e5f77e255d6a,unique_url,,url-canon-v1.0-2026-07-27
NEWS-guardian_api-fabc17859d75,https://www.theguardian.com/culture/2012/nov/07/henry-moore-sculpture-tower-hamlets-sale,https://www.theguardian.com/culture/2012/nov/07/henry-moore-sculpture-tower-hamlets-sale,,,2026-07-22T21:08:55+00:00,URL-fabc17859d75,1,496d2547cb53a14d,unique_url,,url-canon-v1.0-2026-07-27
NEWS-guardian_api-fae76634b019,https://www.theguardian.com/world/2012/dec/26/euroscepticism-growing-voters-poll,https://www.theguardian.com/world/2012/dec/26/euroscepticism-growing-voters-poll,,,2026-07-22T21:08:34+00:00,URL-fae76634b019,1,137a6936b2b6fa21,unique_url,,url-canon-v1.0-2026-07-27
NEWS-guardian_api-faeedb239b96,https://www.theguardian.com/politics/2021/mar/11/sunak-defends-budget-plans-and-insists-1-rise-for-nhs-staff-is-fair,https://www.theguardian.com/politics/2021/mar/11/sunak-defends-budget-plans-and-insists-1-rise-for-nhs-staff-is-fair,,,2026-07-22T21:10:33+00:00,URL-faeedb239b96,1,af8de67354b59710,unique_url,,url-canon-v1.0-2026-07-27
NEWS-guardian_api-faff6a8d78fe,https://www.theguardian.com/politics/2012/dec/28/margaret-thatcher-role-plan-to-dismantle-welfare-state-revealed,https://www.theguardian.com/politics/2012/dec/28/margaret-thatcher-role-plan-to-dismantle-welfare-state-revealed,,,2026-07-22T21:09:02+00:00,URL-faff6a8d78fe,1,e479447fd825f7ed,unique_url,,url-canon-v1.0-2026-07-27
NEWS-guardian_api-fb33092c3182,https://www.theguardian.com/uk/2012/nov/13/police-crime-commissioner-elections-explained,https://www.theguardian.com/uk/2012/nov/13/police-crime-commissioner-elections-explained,,,2026-07-22T21:08:30+00:00,URL-fb33092c3182,1,8a1b983971f1523b,unique_url,,url-canon-v1.0-2026-07-27
NEWS-guardian_api-fb3609bd4965,https://www.theguardian.com/politics/2016/dec/18/oath-of-allegiance-will-not-beat-radicalisation-says-diane-abbott,https://www.theguardian.com/politics/2016/dec/18/oath-of-allegiance-will-not-beat-radicalisation-says-diane-abbott,,,2026-07-22T21:09:47+00:00,URL-fb3609bd4965,1,0b57b5f3efa09b1f,unique_url,,url-canon-v1.0-2026-07-27
NEWS-guardian_api-fb5e74f41b2d,https://www.theguardian.com/media/2021/feb/28/taking-on-the-tech-giants-whether-its-the-cia-or-facebook-cori-crider-likes-a-fight,https://www.theguardian.com/media/2021/feb/28/taking-on-the-tech-giants-whether-its-the-cia-or-facebook-cori-crider-likes-a-fight,,,2026-07-22T21:10:33+00:00,URL-fb5e74f41b2d,1,412da6a8d4cc8ccc,unique_url,,url-canon-v1.0-2026-07-27
NEWS-guardian_api-fb77f5f08d32,https://www.theguardian.com/local-government-network/2012/dec/14/local-government-funding-eric-pickles,https://www.theguardian.com/local-government-network/2012/dec/14/local-government-funding-eric-pickles,,,2026-07-22T21:08:55+00:00,URL-fb77f5f08d32,1,e6adf6b4731761d8,unique_url,,url-canon-v1.0-2026-07-27
NEWS-guardian_api-fbabbe049f1e,https://www.theguardian.com/public-leaders-network/2016/nov/25/transport-chancellor-local-government-finance,https://www.theguardian.com/public-leaders-network/2016/nov/25/transport-chancellor-local-government-finance,,,2026-07-22T21:09:39+00:00,URL-fbabbe049f1e,1,5420a6bb03f67279,unique_url,,url-canon-v1.0-2026-07-27
NEWS-guardian_api-fc266c6fe730,https://www.theguardian.com/business/live/2021/apr/13/uk-economy-gdp-growth-covid-19-trade-us-inflation-markets-ftse-dow-business-live,https://www.theguardian.com/business/live/2021/apr/13/uk-economy-gdp-growth-covid-19-trade-us-inflation-markets-ftse-dow-business-live,,,2026-07-22T21:10:07+00:00,URL-fc266c6fe730,1,51b28a7d2c0b44d8,unique_url,,url-canon-v1.0-2026-07-27
NEWS-guardian_api-fc42fa870ddc,https://www.theguardian.com/politics/live/2026/mar/30/starmer-iran-war-labour-values-local-elections-campaign-launch-uk-politics-latest,https://www.theguardian.com/politics/live/2026/mar/30/starmer-iran-war-labour-values-local-elections-campaign-launch-uk-politics-latest,,,2026-07-22T21:08:18+00:00,URL-fc42fa870ddc,1,5eac1e3647c95923,unique_url,,url-canon-v1.0-2026-07-27
NEWS-guardian_api-fc4550411128,https://www.theguardian.com/business/2021/jan/10/better-leisure-centres-being-bailed-out-across-uk-says-gll-chief,https://www.theguardian.com/business/2021/jan/10/better-leisure-centres-being-bailed-out-across-uk-says-gll-chief,,,2026-07-22T21:10:25+00:00,URL-fc4550411128,1,10c2b7db93abecea,unique_url,,url-canon-v1.0-2026-07-27
NEWS-guardian_api-fc602e3eb10c,https://www.theguardian.com/commentisfree/2025/nov/18/labour-leadership-election-keir-starmer-wes-streeting,https://www.theguardian.com/commentisfree/2025/nov/18/labour-leadership-election-keir-starmer-wes-streeting,,,2026-07-22T21:07:44+00:00,URL-fc602e3eb10c,1,804c6c0e44d5457e,unique_url,,url-canon-v1.0-2026-07-27
NEWS-guardian_api-fc801bb2c90c,https://www.theguardian.com/politics/2016/nov/18/brexit-row-keir-starmer-john-mcdonnell-threatens-labour-truce,https://www.theguardian.com/politics/2016/nov/18/brexit-row-keir-starmer-john-mcdonnell-threatens-labour-truce,,,2026-07-22T21:09:15+00:00,URL-fc801bb2c90c,1,1d181c96a0ddb524,unique_url,,url-canon-v1.0-2026-07-27
NEWS-guardian_api-fcb1dac29fa8,https://www.theguardian.com/politics/2012/nov/26/tory-campaign-chief-pact-ukip,https://www.theguardian.com/politics/2012/nov/26/tory-campaign-chief-pact-ukip,,,2026-07-22T21:08:31+00:00,URL-fcb1dac29fa8,1,b56753d17eef23c5,unique_url,,url-canon-v1.0-2026-07-27
NEWS-guardian_api-fcc24916d456,https://www.theguardian.com/politics/live/2026/jan/13/uk-politics-latest-news-labour-conservatives-keir-starmer,https://www.theguardian.com/politics/live/2026/jan/13/uk-politics-latest-news-labour-conservatives-keir-starmer,,,2026-07-22T21:08:10+00:00,URL-fcc24916d456,1,3a4a32129ace4678,unique_url,,url-canon-v1.0-2026-07-27
NEWS-guardian_api-fcd52f1b0282,https://www.theguardian.com/technology/2021/apr/21/lobbying-row-james-dyson-is-no-stranger-to-political-controversy,https://www.theguardian.com/technology/2021/apr/21/lobbying-row-james-dyson-is-no-stranger-to-political-controversy,,,2026-07-22T21:10:03+00:00,URL-fcd52f1b0282,1,b99fe795e710342f,unique_url,,url-canon-v1.0-2026-07-27
NEWS-guardian_api-fcfb81b2dc09,https://www.theguardian.com/social-care-network/2012/nov/23/restorative-justice-live-discussion-roundup,https://www.theguardian.com/social-care-network/2012/nov/23/restorative-justice-live-discussion-roundup,,,2026-07-22T21:08:42+00:00,URL-fcfb81b2dc09,1,e2395168c1bcaa4b,unique_url,,url-canon-v1.0-2026-07-27
NEWS-guardian_api-fd51ea9a80c7,https://www.theguardian.com/politics/blog/2012/dec/18/queen-attends-cabinet-live-blog,https://www.theguardian.com/politics/blog/2012/dec/18/queen-attends-cabinet-live-blog,,,2026-07-22T21:08:34+00:00,URL-fd51ea9a80c7,1,d76474855f985e86,unique_url,,url-canon-v1.0-2026-07-27
NEWS-guardian_api-fd7a5bb23ab3,https://www.theguardian.com/politics/blog/live/2017/jan/31/article-50-debate-brexit-government-lying-about-how-easy-brexit-will-be-says-owen-smith-politics-live,https://www.theguardian.com/politics/blog/live/2017/jan/31/article-50-debate-brexit-government-lying-about-how-easy-brexit-will-be-says-owen-smith-politics-live,,,2026-07-22T21:09:47+00:00,URL-fd7a5bb23ab3,1,b8099b9fb8ed7b1c,unique_url,,url-canon-v1.0-2026-07-27
NEWS-guardian_api-fd7ce34f4e6c,https://www.theguardian.com/politics/2016/nov/28/richmond-park-byelection-and-prospect-of-progressive-alliance,https://www.theguardian.com/politics/2016/nov/28/richmond-park-byelection-and-prospect-of-progressive-alliance,,,2026-07-22T21:09:19+00:00,URL-fd7ce34f4e6c,1,6840fa8c3c7c1ebf,unique_url,,url-canon-v1.0-2026-07-27
NEWS-guardian_api-fd9d6be0d90e,https://www.theguardian.com/society/2017/jan/10/words-are-not-enough-to-tackle-the-crisis-in-mental-health,https://www.theguardian.com/society/2017/jan/10/words-are-not-enough-to-tackle-the-crisis-in-mental-health,,,2026-07-22T21:09:47+00:00,URL-fd9d6be0d90e,1,a38a4b995669a0ad,unique_url,,url-canon-v1.0-2026-07-27
NEWS-guardian_api-fe0ec6ec6e01,https://www.theguardian.com/local-government-network/2012/dec/17/heseltine-local-government-growth-localism,https://www.theguardian.com/local-government-network/2012/dec/17/heseltine-local-government-growth-localism,,,2026-07-22T21:08:55+00:00,URL-fe0ec6ec6e01,1,e9918bb959abb075,unique_url,,url-canon-v1.0-2026-07-27
NEWS-guardian_api-fe329a10135c,https://www.theguardian.com/politics/2017/feb/08/prime-minister-switches-to-maybot-mode-to-avoid-difficult-questions,https://www.theguardian.com/politics/2017/feb/08/prime-minister-switches-to-maybot-mode-to-avoid-difficult-questions,,,2026-07-22T21:09:26+00:00,URL-fe329a10135c,1,5160a0cb8b4e8e4e,unique_url,,url-canon-v1.0-2026-07-27
NEWS-guardian_api-fe74fd7fb270,https://www.theguardian.com/politics/2025/nov/19/reform-uk-senedd-member-laura-anne-jones-suspended-for-racial-slur,https://www.theguardian.com/politics/2025/nov/19/reform-uk-senedd-member-laura-anne-jones-suspended-for-racial-slur,,,2026-07-22T21:07:44+00:00,URL-fe74fd7fb270,1,4a428f55d0d5f08a,unique_url,,url-canon-v1.0-2026-07-27
NEWS-guardian_api-fea2606b93aa,https://www.theguardian.com/public-leaders-network/2013/feb/13/bob-kerslake-public-sector-leadership,https://www.theguardian.com/public-leaders-network/2013/feb/13/bob-kerslake-public-sector-leadership,,,2026-07-22T21:09:02+00:00,URL-fea2606b93aa,1,9bc694da3d7b5afb,unique_url,,url-canon-v1.0-2026-07-27
NEWS-guardian_api-fec05cfe0e6a,https://www.theguardian.com/politics/2017/jan/09/jeremy-corbyn-uk-is-better-off-out-of-eu-with-managed-migration,https://www.theguardian.com/politics/2017/jan/09/jeremy-corbyn-uk-is-better-off-out-of-eu-with-managed-migration,,,2026-07-22T21:09:19+00:00,URL-fec05cfe0e6a,1,4d51e038c4ddb7a9,unique_url,,url-canon-v1.0-2026-07-27
NEWS-guardian_api-fecf1125e39a,https://www.theguardian.com/business/live/2017/feb/13/markets-rally-trump-effect-abe-summit-eurozone-greece-business-live,https://www.theguardian.com/business/live/2017/feb/13/markets-rally-trump-effect-abe-summit-eurozone-greece-business-live,,,2026-07-22T21:09:23+00:00,URL-fecf1125e39a,1,32449f480e0daf20,unique_url,,url-canon-v1.0-2026-07-27
NEWS-guardian_api-fef2db1295c4,https://www.theguardian.com/world/2025/nov/13/friday-briefing-inside-the-dispute-driving-resident-doctors-back-to-the-picket-line,https://www.theguardian.com/world/2025/nov/13/friday-briefing-inside-the-dispute-driving-resident-doctors-back-to-the-picket-line,,,2026-07-22T21:08:02+00:00,URL-fef2db1295c4,1,afe12b2061da12a2,unique_url,,url-canon-v1.0-2026-07-27
NEWS-guardian_api-ffa46ec41993,https://www.theguardian.com/uk-news/davehillblog/2016/nov/25/richmond-park-byelection-what-exactly-is-it-for,https://www.theguardian.com/uk-news/davehillblog/2016/nov/25/richmond-park-byelection-what-exactly-is-it-for,,,2026-07-22T21:09:19+00:00,URL-ffa46ec41993,1,4b56e67516f79acf,unique_url,,url-canon-v1.0-2026-07-27
NEWS-guardian_api-ffd5e292a2bc,https://www.theguardian.com/politics/2021/mar/08/hancocks-grandmother-would-be-unimpressed-by-pay-rise-say-nhs-staff,https://www.theguardian.com/politics/2021/mar/08/hancocks-grandmother-would-be-unimpressed-by-pay-rise-say-nhs-staff,,,2026-07-22T21:10:33+00:00,URL-ffd5e292a2bc,1,bfafc3d6439da15a,unique_url,,url-canon-v1.0-2026-07-27
NEWS-guardian_api-fffa6b608391,https://www.theguardian.com/world/live/2020/nov/15/coronavirus-live-news-us-confirms-177000-daily-cases-as-victoria-marks-16-days-with-no-infections,https://www.theguardian.com/world/live/2020/nov/15/coronavirus-live-news-us-confirms-177000-daily-cases-as-victoria-marks-16-days-with-no-infections,,,2026-07-22T21:10:32+00:00,URL-fffa6b608391,1,6837ca2457549327,unique_url,,url-canon-v1.0-2026-07-27
NEWS-guildford_dragon-1c38b966faf4,https://web.archive.org/web/20161223025239/http://www.guildford-dragon.com/2016/12/05/opinion-richmond-election-result-mean-guildford/,https://www.guildford-dragon.com/2016/12/05/opinion-richmond-election-result-mean-guildford,wayback_unwrapped;scheme_https;trailing_slash,20161223025239,2026-07-23T12:59:12+00:00,URL-39ab24b20b44,1,7c3f2d41b31dbcd7,unique_url,,url-canon-v1.0-2026-07-27
NEWS-guildford_dragon-343b8ded2e2a,https://web.archive.org/web/20170430165300/http://www.guildford-dragon.com/2017/04/26/guildford-lib-dems-greens-considering-election-pact/,https://www.guildford-dragon.com/2017/04/26/guildford-lib-dems-greens-considering-election-pact,wayback_unwrapped;scheme_https;trailing_slash,20170430165300,2026-07-23T13:00:55+00:00,URL-5bedf9d314f6,1,0696e80756ba5e71,unique_url,,url-canon-v1.0-2026-07-27
NEWS-guildford_dragon-388d5b733d68,https://web.archive.org/web/20210408185610/https://www.guildford-dragon.com/2021/04/08/surrey-county-council-elections-debate-on-what-could-affect-the-outcome/,https://www.guildford-dragon.com/2021/04/08/surrey-county-council-elections-debate-on-what-could-affect-the-outcome,wayback_unwrapped;trailing_slash,20210408185610,2026-07-23T13:12:43+00:00,URL-9c549bf98e64,1,962477c0d539e487,unique_url,,url-canon-v1.0-2026-07-27
NEWS-guildford_dragon-40ac34fceac8,https://web.archive.org/web/20210123103235/https://www.guildford-dragon.com/2021/01/23/local-politicians-use-social-media-and-zoom-as-decision-on-elections-awaited/,https://www.guildford-dragon.com/2021/01/23/local-politicians-use-social-media-and-zoom-as-decision-on-elections-awaited,wayback_unwrapped;trailing_slash,20210123103235,2026-07-23T13:11:16+00:00,URL-5610d314016d,1,82e24bea63f59a8c,unique_url,,url-canon-v1.0-2026-07-27
NEWS-guildford_dragon-4c0a30842861,https://web.archive.org/web/20170328014840/http://www.guildford-dragon.com/2017/03/27/opinion-county-council-elections-not-opinion-poll/,https://www.guildford-dragon.com/2017/03/27/opinion-county-council-elections-not-opinion-poll,wayback_unwrapped;scheme_https;trailing_slash,20170328014840,2026-07-23T12:59:53+00:00,URL-61c0b110edc2,1,797a58965e4e9f65,unique_url,,url-canon-v1.0-2026-07-27
NEWS-guildford_dragon-66c8415ee5a7,https://web.archive.org/web/20170215220343/http://www.guildford-dragon.com/2017/02/15/letter-doesnt-gvg-put-forward-candidates-elections/,https://www.guildford-dragon.com/2017/02/15/letter-doesnt-gvg-put-forward-candidates-elections,wayback_unwrapped;scheme_https;trailing_slash,20170215220343,2026-07-23T12:59:26+00:00,URL-ee7c02c864d8,1,034191d3534d65d8,unique_url,,url-canon-v1.0-2026-07-27
NEWS-guildford_dragon-8131c9199780,https://web.archive.org/web/20210211131340/https://www.guildford-dragon.com/2021/02/11/county-council-adult-care-tax-cut-seen-as-election-sweetener/,https://www.guildford-dragon.com/2021/02/11/county-council-adult-care-tax-cut-seen-as-election-sweetener,wayback_unwrapped;trailing_slash,20210211131340,2026-07-23T13:11:48+00:00,URL-c30909be0e38,1,1499966fe7b494be,unique_url,,url-canon-v1.0-2026-07-27
NEWS-guildford_dragon-8f5b302d0bbf,https://web.archive.org/web/20170217103436/http://www.guildford-dragon.com/2017/02/16/dragon-interview-bill-stokoe-gvg-not-put-candidates-election/,https://www.guildford-dragon.com/2017/02/16/dragon-interview-bill-stokoe-gvg-not-put-candidates-election,wayback_unwrapped;scheme_https;trailing_slash,20170217103436,2026-07-23T12:59:40+00:00,URL-c110a992fa17,1,faf5cdde8a90839e,unique_url,,url-canon-v1.0-2026-07-27
NEWS-guildford_dragon-b5de1719712d,https://web.archive.org/web/20210321121954/https://www.guildford-dragon.com/2021/03/21/opinion-who-can-believe-this-desperate-tory-pre-election-ploy/,https://www.guildford-dragon.com/2021/03/21/opinion-who-can-believe-this-desperate-tory-pre-election-ploy,wayback_unwrapped;trailing_slash,20210321121954,2026-07-23T13:12:06+00:00,URL-af92ad2524df,1,4ece6ca895ddcdf9,unique_url,,url-canon-v1.0-2026-07-27
NEWS-guildford_dragon-bd8991767823,https://web.archive.org/web/20170426191857/http://www.guildford-dragon.com/2017/04/14/letter-can-no-longer-support-conservatives-local-elections/,https://www.guildford-dragon.com/2017/04/14/letter-can-no-longer-support-conservatives-local-elections,wayback_unwrapped;scheme_https;trailing_slash,20170426191857,2026-07-23T13:00:06+00:00,URL-10c212175bb6,1,cf9a656d8557e367,unique_url,,url-canon-v1.0-2026-07-27
NEWS-guildford_dragon-c4c267f5f96d,https://web.archive.org/web/20210323112418/https://www.guildford-dragon.com/2021/03/23/letter-see-through-this-blatant-cynical-conservative-electioneering/,https://www.guildford-dragon.com/2021/03/23/letter-see-through-this-blatant-cynical-conservative-electioneering,wayback_unwrapped;trailing_slash,20210323112418,2026-07-23T13:12:22+00:00,URL-a38b94a247a8,1,2c0d41da18cb5762,unique_url,,url-canon-v1.0-2026-07-27
NEWS-guildford_dragon-cfab18cda9bf,https://web.archive.org/web/20210208220752/https://www.guildford-dragon.com/2021/02/08/local-parties-have-their-say-on-go-ahead-for-may-6-elections/,https://www.guildford-dragon.com/2021/02/08/local-parties-have-their-say-on-go-ahead-for-may-6-elections,wayback_unwrapped;trailing_slash,20210208220752,2026-07-23T13:11:32+00:00,URL-639b31390fcd,1,74021ad9326076a1,unique_url,,url-canon-v1.0-2026-07-27
NEWS-guildford_dragon-d8c0187430a0,https://web.archive.org/web/20170427033245/http://www.guildford-dragon.com:80/2017/04/18/general-election-called-june-8-guildford-politicians-comment/,https://www.guildford-dragon.com/2017/04/18/general-election-called-june-8-guildford-politicians-comment,wayback_unwrapped;scheme_https;default_port;trailing_slash,20170427033245,2026-07-23T13:00:21+00:00,URL-a988a4f7c828,1,fae2d1bc4f140b1e,unique_url,,url-canon-v1.0-2026-07-27
NEWS-guildford_dragon-e541cb662b89,https://web.archive.org/web/20170429232156/http://www.guildford-dragon.com/2017/04/20/take-pick-guildford-divisions-candidate-lists-scc-election/,https://www.guildford-dragon.com/2017/04/20/take-pick-guildford-divisions-candidate-lists-scc-election,wayback_unwrapped;scheme_https;trailing_slash,20170429232156,2026-07-23T13:00:38+00:00,URL-8671b7d7e34c,1,5e52f7de87fdab05,unique_url,,url-canon-v1.0-2026-07-27
NEWS-surreylive-0a0e8c2a1016,https://web.archive.org/web/20170425001353/http://www.getsurrey.co.uk:80/news/surrey-news/elderly-stanwell-woman-left-housebound-12928313,https://www.getsurrey.co.uk/news/surrey-news/elderly-stanwell-woman-left-housebound-12928313,wayback_unwrapped;scheme_https;default_port,20170425001353,2026-07-23T11:34:58+00:00,URL-b46f7e130b51,1,8ec532c2fc6cbef1,unique_url,,url-canon-v1.0-2026-07-27
NEWS-surreylive-0e36e5a49dfd,https://web.archive.org/web/20170324213235/http://www.getsurrey.co.uk/news/surrey-news/a25-shere-crash-road-closed-12795004,https://www.getsurrey.co.uk/news/surrey-news/a25-shere-crash-road-closed-12795004,wayback_unwrapped;scheme_https,20170324213235,2026-07-23T11:33:22+00:00,URL-161f52aef12f,1,f6819b1d0c011cf6,unique_url,,url-canon-v1.0-2026-07-27
NEWS-surreylive-0facb544d283,https://web.archive.org/web/20210204092217/https://www.getsurrey.co.uk/news/surrey-news/stanwell-residents-say-feel-neglected-19754588,https://www.getsurrey.co.uk/news/surrey-news/stanwell-residents-say-feel-neglected-19754588,wayback_unwrapped,20210204092217,2026-07-23T12:03:06+00:00,URL-0facb544d283,1,f9100bb50fba3b1e,unique_url,,url-canon-v1.0-2026-07-27
NEWS-surreylive-1351f85c19fc,https://web.archive.org/web/20170215190759/http://www.getsurrey.co.uk/news/surrey-news/bagshot-man-cleared-wrongdoing-after-12607795,https://www.getsurrey.co.uk/news/surrey-news/bagshot-man-cleared-wrongdoing-after-12607795,wayback_unwrapped;scheme_https,20170215190759,2026-07-23T11:20:06+00:00,URL-113c3ddb01a5,1,d5b7b53c51c1efd2,unique_url,,url-canon-v1.0-2026-07-27
NEWS-surreylive-15853fa74661,https://web.archive.org/web/20260417060507/https://www.getsurrey.co.uk/news/surrey-news/surrey-heath-west-election-candidates-33764524,https://www.getsurrey.co.uk/news/surrey-news/surrey-heath-west-election-candidates-33764524,wayback_unwrapped,20260417060507,2026-07-22T21:14:03+00:00,URL-15853fa74661,1,2041345c494cbf23,unique_url,,url-canon-v1.0-2026-07-27
NEWS-surreylive-1751a8550ef0,https://web.archive.org/web/20161108015206/http://www.getsurrey.co.uk/news/surrey-news/banstead-car-crash-early-hours-12134437,https://www.getsurrey.co.uk/news/surrey-news/banstead-car-crash-early-hours-12134437,wayback_unwrapped;scheme_https,20161108015206,2026-07-23T11:21:28+00:00,URL-fac057b5287a,1,811e88638cd30902,unique_url,,url-canon-v1.0-2026-07-27
NEWS-surreylive-19952195c4f1,https://web.archive.org/web/20210418111636/https://www.getsurrey.co.uk/news/surrey-news/large-police-presence-tadworth-officers-20411778,https://www.getsurrey.co.uk/news/surrey-news/large-police-presence-tadworth-officers-20411778,wayback_unwrapped,20210418111636,2026-07-23T12:06:41+00:00,URL-19952195c4f1,1,a5e1eeeb98c9478c,unique_url,,url-canon-v1.0-2026-07-27
NEWS-surreylive-1d71be81f2ae,https://web.archive.org/web/20210311105846/https://www.getsurrey.co.uk/news/surrey-news/body-found-field-near-ashtead-20069630,https://www.getsurrey.co.uk/news/surrey-news/body-found-field-near-ashtead-20069630,wayback_unwrapped,20210311105846,2026-07-23T11:39:14+00:00,URL-1d71be81f2ae,1,1b67563ed3422dc2,unique_url,,url-canon-v1.0-2026-07-27
NEWS-surreylive-2360b288b189,https://web.archive.org/web/20170322000135/http://www.getsurrey.co.uk/news/surrey-news/tadworth-woman-jail-term-cut-12776733.amp,https://www.getsurrey.co.uk/news/surrey-news/tadworth-woman-jail-term-cut-12776733,wayback_unwrapped;scheme_https;amp_path,20170322000135,2026-07-23T11:37:52+00:00,URL-ba93c7bbaef5,2,952c0b37fce84eed,url_variant_probable_same_page,variant_merge_content_differs,url-canon-v1.0-2026-07-27
NEWS-surreylive-238bb5a742d3,https://web.archive.org/web/20170324214653/http://www.getsurrey.co.uk/news/surrey-news/a25-shere-road-crash-motorcyclist-12795457.amp,https://www.getsurrey.co.uk/news/surrey-news/a25-shere-road-crash-motorcyclist-12795457,wayback_unwrapped;scheme_https;amp_path,20170324214653,2026-07-23T11:33:47+00:00,URL-82cdc6891f13,2,7f338321e4194391,url_variant_probable_same_page,variant_merge_content_differs,url-canon-v1.0-2026-07-27
NEWS-surreylive-28c2619c9143,https://web.archive.org/web/20210429172211/https://www.getsurrey.co.uk/news/surrey-news/epsom-ewell-local-election-candidates-20486944,https://www.getsurrey.co.uk/news/surrey-news/epsom-ewell-local-election-candidates-20486944,wayback_unwrapped,20210429172211,2026-07-23T13:16:52+00:00,URL-28c2619c9143,1,ae217abdca6cfca2,unique_url,,url-canon-v1.0-2026-07-27
NEWS-surreylive-2a7a9746000c,https://web.archive.org/web/20170216201422/http://www.getsurrey.co.uk/news/surrey-news/jail-ashtead-teenager-after-nasty-12615441,https://www.getsurrey.co.uk/news/surrey-news/jail-ashtead-teenager-after-nasty-12615441,wayback_unwrapped;scheme_https,20170216201422,2026-07-23T11:17:04+00:00,URL-b6e7b02c9d35,1,eeab8e7f7067b37e,unique_url,,url-canon-v1.0-2026-07-27
NEWS-surreylive-31dc715da600,https://web.archive.org/web/20170430020557/http://www.getsurrey.co.uk:80/news/surrey-news/general-election-delays-pilot-scheme-12923327,https://www.getsurrey.co.uk/news/surrey-news/general-election-delays-pilot-scheme-12923327,wayback_unwrapped;scheme_https;default_port,20170430020557,2026-07-23T13:09:38+00:00,URL-f6c93de57019,1,e3b1f50c4123665a,unique_url,,url-canon-v1.0-2026-07-27
NEWS-surreylive-324ea61b57c1,https://web.archive.org/web/20260311045803/https://www.getsurrey.co.uk/news/surrey-news/addlestones-hybrid-football-centre-game-33564962,https://www.getsurrey.co.uk/news/surrey-news/addlestones-hybrid-football-centre-game-33564962,wayback_unwrapped,20260311045803,2026-07-23T00:50:59+00:00,URL-324ea61b57c1,1,1e1c1fad0d03e02f,unique_url,,url-canon-v1.0-2026-07-27
NEWS-surreylive-363897b95052,https://web.archive.org/web/20201226091417/https://www.getsurrey.co.uk/news/surrey-news/woman-found-unconscious-ashtead-road-19521927,https://www.getsurrey.co.uk/news/surrey-news/woman-found-unconscious-ashtead-road-19521927,wayback_unwrapped,20201226091417,2026-07-23T11:39:27+00:00,URL-363897b95052,1,ed8df159d2948679,unique_url,,url-canon-v1.0-2026-07-27
NEWS-surreylive-39affecd8be2,https://web.archive.org/web/20251128111900/https://www.getsurrey.co.uk/news/surrey-news/drug-dealer-arrested-stanwell-claimed-32960845,https://www.getsurrey.co.uk/news/surrey-news/drug-dealer-arrested-stanwell-claimed-32960845,wayback_unwrapped,20251128111900,2026-07-23T11:12:47+00:00,URL-39affecd8be2,1,a8300aeef0bee271,unique_url,,url-canon-v1.0-2026-07-27
NEWS-surreylive-3ba3c873216d,https://web.archive.org/web/20170330180520/http://www.getsurrey.co.uk/news/surrey-news/stanwell-crash-appeal-after-car-12820262,https://www.getsurrey.co.uk/news/surrey-news/stanwell-crash-appeal-after-car-12820262,wayback_unwrapped;scheme_https,20170330180520,2026-07-23T11:35:22+00:00,URL-c006b915080b,1,9dc5e49ea2540ede,unique_url,,url-canon-v1.0-2026-07-27
NEWS-surreylive-40aed1a13f2f,https://web.archive.org/web/20210322192028/https://www.getsurrey.co.uk/news/surrey-news/fatal-banstead-house-fire-victim-20229393,https://www.getsurrey.co.uk/news/surrey-news/fatal-banstead-house-fire-victim-20229393,wayback_unwrapped,20210322192028,2026-07-23T11:46:21+00:00,URL-40aed1a13f2f,1,d96e9c7c3c3a9502,unique_url,,url-canon-v1.0-2026-07-27
NEWS-surreylive-4a0c5b29bbd0,https://web.archive.org/web/20210319215542/https://www.getsurrey.co.uk/news/surrey-news/gmb-warns-reigate-banstead-residents-20217405,https://www.getsurrey.co.uk/news/surrey-news/gmb-warns-reigate-banstead-residents-20217405,wayback_unwrapped,20210319215542,2026-07-23T11:46:47+00:00,URL-4a0c5b29bbd0,1,70093951f85079af,unique_url,,url-canon-v1.0-2026-07-27
NEWS-surreylive-4d362b433d57,https://web.archive.org/web/20170429125712/http://www.getsurrey.co.uk/whats-on/food-drink-news/general-election-themed-menu-featuring-12952079,https://www.getsurrey.co.uk/whats-on/food-drink-news/general-election-themed-menu-featuring-12952079,wayback_unwrapped;scheme_https,20170429125712,2026-07-23T13:08:32+00:00,URL-19fccd37faeb,1,5a59f8fa93d87554,unique_url,,url-canon-v1.0-2026-07-27
NEWS-surreylive-4dd8ff0e6f7a,https://web.archive.org/web/20210505102042/https://www.getsurrey.co.uk/news/surrey-news/surrey-local-election-2021-conservatives-20512143,https://www.getsurrey.co.uk/news/surrey-news/surrey-local-election-2021-conservatives-20512143,wayback_unwrapped,20210505102042,2026-07-23T13:16:38+00:00,URL-4dd8ff0e6f7a,1,9d6735e63a3904b2,unique_url,,url-canon-v1.0-2026-07-27
NEWS-surreylive-5377e37e19b3,https://web.archive.org/web/20170217101133/http://www.getsurrey.co.uk/news/surrey-news/bagshot-residents-fury-over-shambolic-12613059,https://www.getsurrey.co.uk/news/surrey-news/bagshot-residents-fury-over-shambolic-12613059,wayback_unwrapped;scheme_https,20170217101133,2026-07-23T11:19:56+00:00,URL-e2b2340407db,1,121448f1583df26b,unique_url,,url-canon-v1.0-2026-07-27
NEWS-surreylive-5dd48b5e7d46,https://web.archive.org/web/20170504150230/http://www.getsurrey.co.uk:80/news/surrey-news/guildford-election-candidates-must-address-12948348,https://www.getsurrey.co.uk/news/surrey-news/guildford-election-candidates-must-address-12948348,wayback_unwrapped;scheme_https;default_port,20170504150230,2026-07-23T13:08:45+00:00,URL-8f0ce6c1a840,1,6b19a1ed796e3ab3,unique_url,,url-canon-v1.0-2026-07-27
NEWS-surreylive-635da7b45cf7,https://web.archive.org/web/20210324103631/https://www.getsurrey.co.uk/news/surrey-news/reigate-banstead-face-rubbish-pile-20238733,https://www.getsurrey.co.uk/news/surrey-news/reigate-banstead-face-rubbish-pile-20238733,wayback_unwrapped,20210324103631,2026-07-23T11:46:09+00:00,URL-635da7b45cf7,1,e038f15b223e4c2d,unique_url,,url-canon-v1.0-2026-07-27
NEWS-surreylive-65935ea5be4c,https://web.archive.org/web/20260113124036/https://www.getsurrey.co.uk/news/surrey-news/addlestone-serious-accident-live-traffic-33218869,https://www.getsurrey.co.uk/news/surrey-news/addlestone-serious-accident-live-traffic-33218869,wayback_unwrapped,20260113124036,2026-07-23T00:51:24+00:00,URL-65935ea5be4c,1,8f0b1c134d6ba408,unique_url,,url-canon-v1.0-2026-07-27
NEWS-surreylive-6eff5123960f,https://web.archive.org/web/20170425191543/http://www.getsurrey.co.uk/news/local-news/knaphill-bagshot-road-crash-emergency-12941621,https://www.getsurrey.co.uk/news/local-news/knaphill-bagshot-road-crash-emergency-12941621,wayback_unwrapped;scheme_https,20170425191543,2026-07-23T11:19:19+00:00,URL-e31957ba1fcd,1,90f093122183001e,unique_url,,url-canon-v1.0-2026-07-27
NEWS-surreylive-70e1f2a713d6,https://web.archive.org/web/20210319164426/https://www.getsurrey.co.uk/news/surrey-news/gallery/fire-investigators-assess-remains-banstead-20215659,https://www.getsurrey.co.uk/news/surrey-news/gallery/fire-investigators-assess-remains-banstead-20215659,wayback_unwrapped,20210319164426,2026-07-23T11:47:00+00:00,URL-70e1f2a713d6,1,8534178f64c17cb0,unique_url,,url-canon-v1.0-2026-07-27
NEWS-surreylive-73f3e60cb4f6,https://web.archive.org/web/20161217001052/http://www.getsurrey.co.uk:80/news/surrey-news/dangerous-game-chicken-ashtead-level-12328860,https://www.getsurrey.co.uk/news/surrey-news/dangerous-game-chicken-ashtead-level-12328860,wayback_unwrapped;scheme_https;default_port,20161217001052,2026-07-23T11:17:43+00:00,URL-89bab52fbb01,2,6d6f3175bed074c3,url_variant_probable_same_page,variant_merge_content_differs,url-canon-v1.0-2026-07-27
NEWS-surreylive-740cdbc61d50,https://web.archive.org/web/20170409220036/http://www.getsurrey.co.uk:80/news/surrey-news/security-guard-delivering-cash-stanwell-12864757,https://www.getsurrey.co.uk/news/surrey-news/security-guard-delivering-cash-stanwell-12864757,wayback_unwrapped;scheme_https;default_port,20170409220036,2026-07-23T11:35:09+00:00,URL-e53b51b0593d,1,4b0dfd2c6cb1dd1c,unique_url,,url-canon-v1.0-2026-07-27
NEWS-surreylive-79ca9b8d86d9,https://web.archive.org/web/20260226135254/https://www.getsurrey.co.uk/news/surrey-news/rubbish-depot-stanwell-moor-approved-33490917,https://www.getsurrey.co.uk/news/surrey-news/rubbish-depot-stanwell-moor-approved-33490917,wayback_unwrapped,20260226135254,2026-07-23T11:12:10+00:00,URL-79ca9b8d86d9,1,124bcd86d4b1a183,unique_url,,url-canon-v1.0-2026-07-27
NEWS-surreylive-7a29d15d8401,https://web.archive.org/web/20260505104028/https://www.getsurrey.co.uk/news/surrey-news/east-surrey-local-elections-every-33888027,https://www.getsurrey.co.uk/news/surrey-news/east-surrey-local-elections-every-33888027,wayback_unwrapped,20260505104028,2026-07-22T21:13:26+00:00,URL-7a29d15d8401,1,42f66d0106eba022,unique_url,,url-canon-v1.0-2026-07-27
NEWS-surreylive-7a5d9378d086,https://web.archive.org/web/20210505193638/https://www.getsurrey.co.uk/news/surrey-news/tandridge-local-election-candidates-2021-20528328,https://www.getsurrey.co.uk/news/surrey-news/tandridge-local-election-candidates-2021-20528328,wayback_unwrapped,20210505193638,2026-07-23T13:16:26+00:00,URL-7a5d9378d086,1,ccef3daf090e89d1,unique_url,,url-canon-v1.0-2026-07-27
NEWS-surreylive-80c40c269d60,https://web.archive.org/web/20210321151640/https://www.getsurrey.co.uk/news/surrey-news/response-time-fatal-banstead-fire-20224665,https://www.getsurrey.co.uk/news/surrey-news/response-time-fatal-banstead-fire-20224665,wayback_unwrapped,20210321151640,2026-07-23T11:46:35+00:00,URL-80c40c269d60,1,ffa61d25c8a483cc,unique_url,,url-canon-v1.0-2026-07-27
NEWS-surreylive-881fffe231de,https://web.archive.org/web/20170401190419/http://www.getsurrey.co.uk/news/surrey-news/bagshot-a322-crash-driver-flees-12830698,https://www.getsurrey.co.uk/news/surrey-news/bagshot-a322-crash-driver-flees-12830698,wayback_unwrapped;scheme_https,20170401190419,2026-07-23T11:19:45+00:00,URL-39e66f6e1fa7,1,e7c35718ef23e583,unique_url,,url-canon-v1.0-2026-07-27
NEWS-surreylive-8992d7a6d812,https://web.archive.org/web/20210504094153/https://www.getsurrey.co.uk/news/surrey-news/reigate-banstead-local-election-candidates-20481060,https://www.getsurrey.co.uk/news/surrey-news/reigate-banstead-local-election-candidates-20481060,wayback_unwrapped,20210504094153,2026-07-23T11:45:57+00:00,URL-8992d7a6d812,1,ec897efc1d409550,unique_url,,url-canon-v1.0-2026-07-27
NEWS-surreylive-938b4b38443f,https://web.archive.org/web/20260224185051/https://www.getsurrey.co.uk/news/surrey-news/huge-police-presence-stanwell-after-33483789,https://www.getsurrey.co.uk/news/surrey-news/huge-police-presence-stanwell-after-33483789,wayback_unwrapped,20260224185051,2026-07-23T11:12:35+00:00,URL-938b4b38443f,1,8531c287fa7708a6,unique_url,,url-canon-v1.0-2026-07-27
NEWS-surreylive-947b8d167aa2,https://web.archive.org/web/20210428113332/https://www.getsurrey.co.uk/news/surrey-news/election-tandridge-district-postponed-after-20481292,https://www.getsurrey.co.uk/news/surrey-news/election-tandridge-district-postponed-after-20481292,wayback_unwrapped,20210428113332,2026-07-23T13:17:18+00:00,URL-947b8d167aa2,1,fabab8e15816fd67,unique_url,,url-canon-v1.0-2026-07-27
NEWS-surreylive-9acba38b7713,https://web.archive.org/web/20170215085133/http://www.getsurrey.co.uk/news/surrey-news/network-rail-host-ashtead-level-12603746,https://www.getsurrey.co.uk/news/surrey-news/network-rail-host-ashtead-level-12603746,wayback_unwrapped;scheme_https,20170215085133,2026-07-23T11:17:17+00:00,URL-acb2fcb35c90,1,15650a7462b05f68,unique_url,,url-canon-v1.0-2026-07-27
NEWS-surreylive-9f80db7dd6d3,https://web.archive.org/web/20260417055542/https://www.getsurrey.co.uk/news/surrey-news/elections-mole-valley-east-surrey-33764500,https://www.getsurrey.co.uk/news/surrey-news/elections-mole-valley-east-surrey-33764500,wayback_unwrapped,20260417055542,2026-07-22T21:14:13+00:00,URL-9f80db7dd6d3,1,be10ab41ca64b932,unique_url,,url-canon-v1.0-2026-07-27
NEWS-surreylive-a2280e59c566,https://web.archive.org/web/20170427012323/http://www.getsurrey.co.uk/news/surrey-news/general-election-jeremy-hunts-opponents-12942584,https://www.getsurrey.co.uk/news/surrey-news/general-election-jeremy-hunts-opponents-12942584,wayback_unwrapped;scheme_https,20170427012323,2026-07-23T13:09:26+00:00,URL-298c3b3c7820,1,afeba4691298d5ee,unique_url,,url-canon-v1.0-2026-07-27
NEWS-surreylive-a6406ac817f8,https://web.archive.org/web/20260415015638/https://www.getsurrey.co.uk/news/surrey-news/surrey-election-deadlines-approaching-postal-33769130,https://www.getsurrey.co.uk/news/surrey-news/surrey-election-deadlines-approaching-postal-33769130,wayback_unwrapped,20260415015638,2026-07-22T21:13:52+00:00,URL-a6406ac817f8,1,053ab3b78e524489,unique_url,,url-canon-v1.0-2026-07-27
NEWS-surreylive-a6c6c8234913,https://web.archive.org/web/20170324213836/http://www.getsurrey.co.uk/news/surrey-news/a25-shere-road-crash-motorcyclist-12795457,https://www.getsurrey.co.uk/news/surrey-news/a25-shere-road-crash-motorcyclist-12795457,wayback_unwrapped;scheme_https,20170324213836,2026-07-23T11:33:10+00:00,URL-82cdc6891f13,2,8d9d6a94fac2d49c,url_variant_probable_same_page,variant_merge_content_differs,url-canon-v1.0-2026-07-27
NEWS-surreylive-a7508a84b847,https://web.archive.org/web/20170310085418/http://www.getsurrey.co.uk/news/surrey-news/banstead-tabby-cat-injured-horrendous-12719390,https://www.getsurrey.co.uk/news/surrey-news/banstead-tabby-cat-injured-horrendous-12719390,wayback_unwrapped;scheme_https,20170310085418,2026-07-23T11:21:04+00:00,URL-9d1a382424c7,1,3cd5169a3d629703,unique_url,,url-canon-v1.0-2026-07-27
NEWS-surreylive-b17b25e099ea,https://web.archive.org/web/20170501023037/http://www.getsurrey.co.uk:80/news/surrey-news/general-election-gove-not-announced-12957436,https://www.getsurrey.co.uk/news/surrey-news/general-election-gove-not-announced-12957436,wayback_unwrapped;scheme_https;default_port,20170501023037,2026-07-23T13:08:20+00:00,URL-473188a47aee,1,500afeceadccadc7,unique_url,,url-canon-v1.0-2026-07-27
NEWS-surreylive-b1eaf77d795f,https://web.archive.org/web/20170428085824/http://www.getsurrey.co.uk/news/surrey-news/general-election-jeremy-hunt-launches-12947169,https://www.getsurrey.co.uk/news/surrey-news/general-election-jeremy-hunt-launches-12947169,wayback_unwrapped;scheme_https,20170428085824,2026-07-23T13:08:58+00:00,URL-7ef3f6dd73b4,1,998400c13506cf44,unique_url,,url-canon-v1.0-2026-07-27
NEWS-surreylive-b1f737e52256,https://web.archive.org/web/20170210212211/http://www.getsurrey.co.uk/news/surrey-news/dangerous-game-chicken-ashtead-level-12328860.amp,https://www.getsurrey.co.uk/news/surrey-news/dangerous-game-chicken-ashtead-level-12328860,wayback_unwrapped;scheme_https;amp_path,20170210212211,2026-07-23T11:18:06+00:00,URL-89bab52fbb01,2,048697622e294ee4,url_variant_probable_same_page,variant_merge_content_differs,url-canon-v1.0-2026-07-27
NEWS-surreylive-b6967f5376d3,https://web.archive.org/web/20170402143939/http://www.getsurrey.co.uk/news/surrey-news/a322-bagshot-crash-eyewitness-describes-12832579,https://www.getsurrey.co.uk/news/surrey-news/a322-bagshot-crash-eyewitness-describes-12832579,wayback_unwrapped;scheme_https,20170402143939,2026-07-23T11:19:31+00:00,URL-2db9c68bb224,1,c733518ba9a16256,unique_url,,url-canon-v1.0-2026-07-27
NEWS-surreylive-b75c6e16094e,https://web.archive.org/web/20210109175026/https://www.getsurrey.co.uk/news/surrey-news/shere-residents-fear-leaving-homes-19586941,https://www.getsurrey.co.uk/news/surrey-news/shere-residents-fear-leaving-homes-19586941,wayback_unwrapped,20210109175026,2026-07-23T11:59:41+00:00,URL-b75c6e16094e,1,ee6e7d143d4b3283,unique_url,,url-canon-v1.0-2026-07-27
NEWS-surreylive-bac443acaaa5,https://web.archive.org/web/20170321214627/http://www.getsurrey.co.uk/news/surrey-news/tadworth-woman-jail-term-cut-12776733,https://www.getsurrey.co.uk/news/surrey-news/tadworth-woman-jail-term-cut-12776733,wayback_unwrapped;scheme_https,20170321214627,2026-07-23T11:37:03+00:00,URL-ba93c7bbaef5,2,caeeb32f9b29a7f5,url_variant_probable_same_page,variant_merge_content_differs,url-canon-v1.0-2026-07-27
NEWS-surreylive-c2e8248a07db,https://web.archive.org/web/20161211213244/http://www.getsurrey.co.uk/news/surrey-news/ashtead-almshouse-resident-facing-eviction-12304113,https://www.getsurrey.co.uk/news/surrey-news/ashtead-almshouse-resident-facing-eviction-12304113,wayback_unwrapped;scheme_https,20161211213244,2026-07-23T11:17:55+00:00,URL-a6c78249125e,1,06ec1fc1d556973d,unique_url,,url-canon-v1.0-2026-07-27
NEWS-surreylive-ca033efc5b75,https://web.archive.org/web/20260312190625/https://www.getsurrey.co.uk/news/surrey-news/hotel-centre-stanwell-asylum-seeker-33580590,https://www.getsurrey.co.uk/news/surrey-news/hotel-centre-stanwell-asylum-seeker-33580590,wayback_unwrapped,20260312190625,2026-07-23T11:11:43+00:00,URL-ca033efc5b75,1,017dfafa76129897,unique_url,,url-canon-v1.0-2026-07-27
NEWS-surreylive-d05e30e901e5,https://web.archive.org/web/20170425234311/http://www.getsurrey.co.uk/news/surrey-news/knaphill-bagshot-road-crash-lorry-12943594,https://www.getsurrey.co.uk/news/surrey-news/knaphill-bagshot-road-crash-lorry-12943594,wayback_unwrapped;scheme_https,20170425234311,2026-07-23T11:19:07+00:00,URL-664fe6ae2055,1,1552d90c39f610d5,unique_url,,url-canon-v1.0-2026-07-27
NEWS-surreylive-d11dfe8a4c58,https://web.archive.org/web/20170426142345/http://www.getsurrey.co.uk/news/surrey-news/general-election-huge-opportunity-prevent-12943211,https://www.getsurrey.co.uk/news/surrey-news/general-election-huge-opportunity-prevent-12943211,wayback_unwrapped;scheme_https,20170426142345,2026-07-23T13:09:11+00:00,URL-8838cde2f4ab,1,b42cbeaf2b8c5e05,unique_url,,url-canon-v1.0-2026-07-27
NEWS-surreylive-e724583d3c91,https://web.archive.org/web/20161216211219/http://www.getsurrey.co.uk/news/surrey-news/banstead-baggage-handler-among-five-12329668,https://www.getsurrey.co.uk/news/surrey-news/banstead-baggage-handler-among-five-12329668,wayback_unwrapped;scheme_https,20161216211219,2026-07-23T11:21:16+00:00,URL-eba342d3e40f,1,5d7a818ca8b49145,unique_url,,url-canon-v1.0-2026-07-27
NEWS-surreylive-e94d8358f003,https://web.archive.org/web/20170328222538/http://www.getsurrey.co.uk/news/surrey-news/a25-shere-road-crash-motorcyclist-12811429,https://www.getsurrey.co.uk/news/surrey-news/a25-shere-road-crash-motorcyclist-12811429,wayback_unwrapped;scheme_https,20170328222538,2026-07-23T11:32:58+00:00,URL-46efb55e0954,1,a48912564cfcbcfb,unique_url,,url-canon-v1.0-2026-07-27
NEWS-surreylive-eeea7bca3fc7,https://web.archive.org/web/20260505102834/https://www.getsurrey.co.uk/news/surrey-news/west-surrey-local-elections-every-33887777,https://www.getsurrey.co.uk/news/surrey-news/west-surrey-local-elections-every-33887777,wayback_unwrapped,20260505102834,2026-07-22T21:13:41+00:00,URL-eeea7bca3fc7,1,d34d491a806a5b2b,unique_url,,url-canon-v1.0-2026-07-27
NEWS-surreylive-f97da7ded240,https://web.archive.org/web/20170203122942/http://www.getsurrey.co.uk/news/surrey-news/stanwell-man-avoids-immediate-jail-12548442,https://www.getsurrey.co.uk/news/surrey-news/stanwell-man-avoids-immediate-jail-12548442,wayback_unwrapped;scheme_https,20170203122942,2026-07-23T11:35:47+00:00,URL-6360f92512aa,1,5d3963c32d7451f1,unique_url,,url-canon-v1.0-2026-07-27
NEWS-surreylive-fb11d4a7d847,https://web.archive.org/web/20170420073248/http://www.getsurrey.co.uk/news/surrey-news/general-election-heres-what-surreys-12914581,https://www.getsurrey.co.uk/news/surrey-news/general-election-heres-what-surreys-12914581,wayback_unwrapped;scheme_https,20170420073248,2026-07-23T13:09:51+00:00,URL-ce7b046061ca,1,0321efc7cb30df34,unique_url,,url-canon-v1.0-2026-07-27
NEWS-surreylive-fd4a7b389d0c,https://web.archive.org/web/20260304123651/https://www.getsurrey.co.uk/news/surrey-news/stanwell-asylum-seeker-hotel-protests-33527964,https://www.getsurrey.co.uk/news/surrey-news/stanwell-asylum-seeker-hotel-protests-33527964,wayback_unwrapped,20260304123651,2026-07-23T11:11:56+00:00,URL-fd4a7b389d0c,1,2e5c80fb2fdfb0d0,unique_url,,url-canon-v1.0-2026-07-27
