year,council,ward,party_raw,party_canonical,candidate,votes,candidate_vote_share,candidate_rank,candidate_elected,seats_contested,people_who_voted,registered_voters,turnout_percent,turnout_data_source,turnout_is_reliable,event_type,polling_date,source_url,source_table_index,source_caption,source_heading,source_section,total_candidate_votes,ward_index_status
2013,Surrey County Council,Cranleigh & Ewhurst,UK Independence Party,UK Independence Party,"Brind, Simon",935,26,2,False,1,,10771,,,False,scheduled,2013-05-02,https://mycouncil.surreycc.gov.uk/mgElectionAreaResults.aspx?ID=100&RPID=454305731&XXR=0,,,,,3634,Incomplete
2013,Surrey County Council,Cranleigh & Ewhurst,Labour and Co-operative,Labour and Co-operative,"Macdermott, Lynda May",334,9,4,False,1,,10771,,,False,scheduled,2013-05-02,https://mycouncil.surreycc.gov.uk/mgElectionAreaResults.aspx?ID=100&RPID=454305731&XXR=0,,,,,3634,Incomplete
2013,Surrey County Council,Cranleigh & Ewhurst,Liberal Democrats,Liberal Democrats,"Reed, Ken",523,14,3,False,1,,10771,,,False,scheduled,2013-05-02,https://mycouncil.surreycc.gov.uk/mgElectionAreaResults.aspx?ID=100&RPID=454305731&XXR=0,,,,,3634,Incomplete
2013,Surrey County Council,Cranleigh & Ewhurst,Conservative,Conservative,"Young, Alan Edward",1842,51,1,True,1,,10771,,,False,scheduled,2013-05-02,https://mycouncil.surreycc.gov.uk/mgElectionAreaResults.aspx?ID=100&RPID=454305731&XXR=0,,,,,3634,Incomplete
2013,Surrey County Council,Dorking Hills,UK Independence Party,UK Independence Party,"Afonso, Apolinario",847,19,3,False,1,,10758,41.0,wikipedia_reported_turnout_percent,True,scheduled,2013-05-02,https://mycouncil.surreycc.gov.uk/mgElectionAreaResults.aspx?ID=101&RPID=454305731&XXR=0,,,,,4430,Incomplete
2013,Surrey County Council,Dorking Hills,The Green Party,The Green Party,"Fewster, Jacquetta Jane",200,5,4,False,1,,10758,41.0,wikipedia_reported_turnout_percent,True,scheduled,2013-05-02,https://mycouncil.surreycc.gov.uk/mgElectionAreaResults.aspx?ID=101&RPID=454305731&XXR=0,,,,,4430,Incomplete
2013,Surrey County Council,Dorking Hills,Conservative,Conservative,"Hack, Lynne",1189,27,2,False,1,,10758,41.0,wikipedia_reported_turnout_percent,True,scheduled,2013-05-02,https://mycouncil.surreycc.gov.uk/mgElectionAreaResults.aspx?ID=101&RPID=454305731&XXR=0,,,,,4430,Incomplete
2013,Surrey County Council,Dorking Hills,Labour,Labour,"Orde, Jonathan",151,3,5,False,1,,10758,41.0,wikipedia_reported_turnout_percent,True,scheduled,2013-05-02,https://mycouncil.surreycc.gov.uk/mgElectionAreaResults.aspx?ID=101&RPID=454305731&XXR=0,,,,,4430,Incomplete
2013,Surrey County Council,Dorking Hills,Liberal Democrats,Liberal Democrats,"Watson, Hazel Valerie Ann",2043,46,1,True,1,,10758,41.0,wikipedia_reported_turnout_percent,True,scheduled,2013-05-02,https://mycouncil.surreycc.gov.uk/mgElectionAreaResults.aspx?ID=101&RPID=454305731&XXR=0,,,,,4430,Incomplete
2013,Surrey County Council,Dorking Rural,Conservative,Conservative,"Clack, Helyn",1810,40,1,True,1,,10952,41.0,wikipedia_reported_turnout_percent,True,scheduled,2013-05-02,https://mycouncil.surreycc.gov.uk/mgElectionAreaResults.aspx?ID=102&RPID=454305731&XXR=0,,,,,4533,Incomplete
2013,Surrey County Council,Dorking Rural,UK Independence Party,UK Independence Party,"Jones, Leigh",935,21,3,False,1,,10952,41.0,wikipedia_reported_turnout_percent,True,scheduled,2013-05-02,https://mycouncil.surreycc.gov.uk/mgElectionAreaResults.aspx?ID=102&RPID=454305731&XXR=0,,,,,4533,Incomplete
2013,Surrey County Council,Dorking Rural,Labour,Labour,"Ward, Malcolm Victor",261,6,4,False,1,,10952,41.0,wikipedia_reported_turnout_percent,True,scheduled,2013-05-02,https://mycouncil.surreycc.gov.uk/mgElectionAreaResults.aspx?ID=102&RPID=454305731&XXR=0,,,,,4533,Incomplete
2013,Surrey County Council,Dorking Rural,Liberal Democrats,Liberal Democrats,"Ward, Michael Burdett",1527,34,2,False,1,,10952,41.0,wikipedia_reported_turnout_percent,True,scheduled,2013-05-02,https://mycouncil.surreycc.gov.uk/mgElectionAreaResults.aspx?ID=102&RPID=454305731&XXR=0,,,,,4533,Incomplete
2013,Surrey County Council,Dorking South and the Holmwoods,Liberal Democrats,Liberal Democrats,"Cooksey, Stephen John",1532,42,1,True,1,,10423,,,False,scheduled,2013-05-02,https://mycouncil.surreycc.gov.uk/mgElectionAreaResults.aspx?ID=103&RPID=454305731&XXR=0,,,,,3608,Incomplete
2013,Surrey County Council,Dorking South and the Holmwoods,UK Independence Party,UK Independence Party,"Foulston, Michael",774,21,3,False,1,,10423,,,False,scheduled,2013-05-02,https://mycouncil.surreycc.gov.uk/mgElectionAreaResults.aspx?ID=103&RPID=454305731&XXR=0,,,,,3608,Incomplete
2013,Surrey County Council,Dorking South and the Holmwoods,Conservative,Conservative,"Morton, James",974,27,2,False,1,,10423,,,False,scheduled,2013-05-02,https://mycouncil.surreycc.gov.uk/mgElectionAreaResults.aspx?ID=103&RPID=454305731&XXR=0,,,,,3608,Incomplete
2013,Surrey County Council,Dorking South and the Holmwoods,Labour,Labour,"Pemberton, Frank",328,9,4,False,1,,10423,,,False,scheduled,2013-05-02,https://mycouncil.surreycc.gov.uk/mgElectionAreaResults.aspx?ID=103&RPID=454305731&XXR=0,,,,,3608,Incomplete
2013,Surrey County Council,Earlswood and Reigate South,UK Independence Party,UK Independence Party,"Fox, Joseph Brian",899,31,2,False,1,2923,10290,28.41,wikipedia_reported_turnout_percent,True,scheduled,2013-05-02,https://mycouncil.surreycc.gov.uk/mgElectionAreaResults.aspx?ID=104&RPID=454305731&XXR=0,,,,,2923,Incomplete
2013,Surrey County Council,Earlswood and Reigate South,Liberal Democrats,Liberal Democrats,"Lambell, Anthony John",219,7,5,False,1,2923,10290,28.41,wikipedia_reported_turnout_percent,True,scheduled,2013-05-02,https://mycouncil.surreycc.gov.uk/mgElectionAreaResults.aspx?ID=104&RPID=454305731&XXR=0,,,,,2923,Incomplete
2013,Surrey County Council,Earlswood and Reigate South,The Green Party,The Green Party,"Smith, Katie",235,8,4,False,1,2923,10290,28.41,wikipedia_reported_turnout_percent,True,scheduled,2013-05-02,https://mycouncil.surreycc.gov.uk/mgElectionAreaResults.aspx?ID=104&RPID=454305731&XXR=0,,,,,2923,Incomplete
2013,Surrey County Council,Earlswood and Reigate South,Conservative,Conservative,"Thomson, Barbara",955,33,1,True,1,2923,10290,28.41,wikipedia_reported_turnout_percent,True,scheduled,2013-05-02,https://mycouncil.surreycc.gov.uk/mgElectionAreaResults.aspx?ID=104&RPID=454305731&XXR=0,,,,,2923,Incomplete
2013,Surrey County Council,Earlswood and Reigate South,Labour,Labour,"Wildridge, Graham",615,21,3,False,1,2923,10290,28.41,wikipedia_reported_turnout_percent,True,scheduled,2013-05-02,https://mycouncil.surreycc.gov.uk/mgElectionAreaResults.aspx?ID=104&RPID=454305731&XXR=0,,,,,2923,Incomplete
2013,Surrey County Council,East Molesey and Esher,Official Monster Raving Loony Party,Official Monster Raving Loony Party,"""Chinners""",34,1,6,False,1,2739,9575,28.61,wikipedia_reported_turnout_percent,True,scheduled,2013-05-02,https://mycouncil.surreycc.gov.uk/mgElectionAreaResults.aspx?ID=105&RPID=454305731&XXR=0,,,,,2739,Incomplete
2013,Surrey County Council,East Molesey and Esher,Conservative,Conservative,"Bax, Steve",1110,41,2,False,1,2739,9575,28.61,wikipedia_reported_turnout_percent,True,scheduled,2013-05-02,https://mycouncil.surreycc.gov.uk/mgElectionAreaResults.aspx?ID=105&RPID=454305731&XXR=0,,,,,2739,Incomplete
2013,Surrey County Council,East Molesey and Esher,UK Independence Party,UK Independence Party,"Marshall, Trevor Gregory",291,11,3,False,1,2739,9575,28.61,wikipedia_reported_turnout_percent,True,scheduled,2013-05-02,https://mycouncil.surreycc.gov.uk/mgElectionAreaResults.aspx?ID=105&RPID=454305731&XXR=0,,,,,2739,Incomplete
2013,Surrey County Council,East Molesey and Esher,Liberal Democrats,Liberal Democrats,"Nagle, Paul Terence",63,2,5,False,1,2739,9575,28.61,wikipedia_reported_turnout_percent,True,scheduled,2013-05-02,https://mycouncil.surreycc.gov.uk/mgElectionAreaResults.aspx?ID=105&RPID=454305731&XXR=0,,,,,2739,Incomplete
2013,Surrey County Council,East Molesey and Esher,Esher and Molesey Residents' Associations,Esher and Molesey Residents' Associations,"Selleck, Stuart John",1134,41,1,True,1,2739,9575,28.61,wikipedia_reported_turnout_percent,True,scheduled,2013-05-02,https://mycouncil.surreycc.gov.uk/mgElectionAreaResults.aspx?ID=105&RPID=454305731&XXR=0,,,,,2739,Incomplete
2013,Surrey County Council,East Molesey and Esher,Labour,Labour,"Threlkeld, Irene",107,4,4,False,1,2739,9575,28.61,wikipedia_reported_turnout_percent,True,scheduled,2013-05-02,https://mycouncil.surreycc.gov.uk/mgElectionAreaResults.aspx?ID=105&RPID=454305731&XXR=0,,,,,2739,Incomplete
2013,Surrey County Council,Egham,Labour,Labour,"Bell, David",341,20,3,False,1,,8208,21.0,wikipedia_reported_turnout_percent,True,scheduled,2013-05-02,https://mycouncil.surreycc.gov.uk/mgElectionAreaResults.aspx?ID=106&RPID=454305731&XXR=0,,,,,1721,Incomplete
2013,Surrey County Council,Egham,UK Independence Party,UK Independence Party,"Cornell, Gwendoline",481,28,2,False,1,,8208,21.0,wikipedia_reported_turnout_percent,True,scheduled,2013-05-02,https://mycouncil.surreycc.gov.uk/mgElectionAreaResults.aspx?ID=106&RPID=454305731&XXR=0,,,,,1721,Incomplete
2013,Surrey County Council,Egham,Conservative,Conservative,"Lay, Yvonna",730,42,1,True,1,,8208,21.0,wikipedia_reported_turnout_percent,True,scheduled,2013-05-02,https://mycouncil.surreycc.gov.uk/mgElectionAreaResults.aspx?ID=106&RPID=454305731&XXR=0,,,,,1721,Incomplete
2013,Surrey County Council,Egham,Liberal Democrats,Liberal Democrats,"Mead, Dorian",169,10,4,False,1,,8208,21.0,wikipedia_reported_turnout_percent,True,scheduled,2013-05-02,https://mycouncil.surreycc.gov.uk/mgElectionAreaResults.aspx?ID=106&RPID=454305731&XXR=0,,,,,1721,Incomplete
2013,Surrey County Council,Englefield Green,UK Independence Party,UK Independence Party,"Gynn, John Steve",541,24,2,False,1,,11436,19.5,wikipedia_reported_turnout_percent,True,scheduled,2013-05-02,https://mycouncil.surreycc.gov.uk/mgElectionAreaResults.aspx?ID=107&RPID=454305731&XXR=0,,,,,2223,Incomplete
2013,Surrey County Council,Englefield Green,Conservative,Conservative,"Heath, Marisa",950,43,1,True,1,,11436,19.5,wikipedia_reported_turnout_percent,True,scheduled,2013-05-02,https://mycouncil.surreycc.gov.uk/mgElectionAreaResults.aspx?ID=107&RPID=454305731&XXR=0,,,,,2223,Incomplete
2013,Surrey County Council,Englefield Green,The Green Party,The Green Party,"Majainah, Rustam George",224,10,4,False,1,,11436,19.5,wikipedia_reported_turnout_percent,True,scheduled,2013-05-02,https://mycouncil.surreycc.gov.uk/mgElectionAreaResults.aspx?ID=107&RPID=454305731&XXR=0,,,,,2223,Incomplete
2013,Surrey County Council,Englefield Green,Labour,Labour,"Tyrrell Killian, Jack",349,16,3,False,1,,11436,19.5,wikipedia_reported_turnout_percent,True,scheduled,2013-05-02,https://mycouncil.surreycc.gov.uk/mgElectionAreaResults.aspx?ID=107&RPID=454305731&XXR=0,,,,,2223,Incomplete
2013,Surrey County Council,Englefield Green,Liberal Democrats,Liberal Democrats,"Watson, Andy",159,7,5,False,1,,11436,19.5,wikipedia_reported_turnout_percent,True,scheduled,2013-05-02,https://mycouncil.surreycc.gov.uk/mgElectionAreaResults.aspx?ID=107&RPID=454305731&XXR=0,,,,,2223,Incomplete
2013,Surrey County Council,Epsom Town & Downs,UK Independence Party,UK Independence Party,"Bonner-Fomes, Iain Henry",502,13,3,False,1,,11222,33.0,wikipedia_reported_turnout_percent,True,scheduled,2013-05-02,https://mycouncil.surreycc.gov.uk/mgElectionAreaResults.aspx?ID=108&RPID=454305731&XXR=0,,,,,3722,Incomplete
2013,Surrey County Council,Epsom Town & Downs,Labour,Labour,"Chinn, Kate",289,8,5,False,1,,11222,33.0,wikipedia_reported_turnout_percent,True,scheduled,2013-05-02,https://mycouncil.surreycc.gov.uk/mgElectionAreaResults.aspx?ID=108&RPID=454305731&XXR=0,,,,,3722,Incomplete
2013,Surrey County Council,Epsom Town & Downs,Residents Association,Residents Association,"Dallen, Neil Andrew",1060,28,2,False,1,,11222,33.0,wikipedia_reported_turnout_percent,True,scheduled,2013-05-02,https://mycouncil.surreycc.gov.uk/mgElectionAreaResults.aspx?ID=108&RPID=454305731&XXR=0,,,,,3722,Incomplete
2013,Surrey County Council,Epsom Town & Downs,Liberal Democrats,Liberal Democrats,"Kelly, Alison",423,11,4,False,1,,11222,33.0,wikipedia_reported_turnout_percent,True,scheduled,2013-05-02,https://mycouncil.surreycc.gov.uk/mgElectionAreaResults.aspx?ID=108&RPID=454305731&XXR=0,,,,,3722,Incomplete
2013,Surrey County Council,Epsom Town & Downs,Conservative,Conservative,"Mountain, Tina",1448,39,1,True,1,,11222,33.0,wikipedia_reported_turnout_percent,True,scheduled,2013-05-02,https://mycouncil.surreycc.gov.uk/mgElectionAreaResults.aspx?ID=108&RPID=454305731&XXR=0,,,,,3722,Incomplete
2013,Surrey County Council,Epsom West,Residents Association,Residents Association,"Ardern-Jones, Paul",693,23,2,False,1,,10291,,,False,scheduled,2013-05-02,https://mycouncil.surreycc.gov.uk/mgElectionAreaResults.aspx?ID=109&RPID=454305731&XXR=0,,,,,3046,Incomplete
2013,Surrey County Council,Epsom West,UK Independence Party,UK Independence Party,"Crawford, David John",494,16,4,False,1,,10291,,,False,scheduled,2013-05-02,https://mycouncil.surreycc.gov.uk/mgElectionAreaResults.aspx?ID=109&RPID=454305731&XXR=0,,,,,3046,Incomplete
2013,Surrey County Council,Epsom West,Labour,Labour,"Dyke, Steve",616,20,3,False,1,,10291,,,False,scheduled,2013-05-02,https://mycouncil.surreycc.gov.uk/mgElectionAreaResults.aspx?ID=109&RPID=454305731&XXR=0,,,,,3046,Incomplete
2013,Surrey County Council,Epsom West,Conservative,Conservative,"Fraser, Mhairi Joanna",389,13,5,False,1,,10291,,,False,scheduled,2013-05-02,https://mycouncil.surreycc.gov.uk/mgElectionAreaResults.aspx?ID=109&RPID=454305731&XXR=0,,,,,3046,Incomplete
2013,Surrey County Council,Epsom West,Liberal Democrats,Liberal Democrats,"Lallement, Stella",854,28,1,True,1,,10291,,,False,scheduled,2013-05-02,https://mycouncil.surreycc.gov.uk/mgElectionAreaResults.aspx?ID=109&RPID=454305731&XXR=0,,,,,3046,Incomplete
2013,Surrey County Council,Ewell,Residents Association,Residents Association,"Beckett, John",2065,63,1,True,1,,11946,27.0,wikipedia_reported_turnout_percent,True,scheduled,2013-05-02,https://mycouncil.surreycc.gov.uk/mgElectionAreaResults.aspx?ID=110&RPID=454305731&XXR=0,,,,,3271,Incomplete
2013,Surrey County Council,Ewell,Conservative,Conservative,"Chatterton, Alison Jane",359,11,3,False,1,,11946,27.0,wikipedia_reported_turnout_percent,True,scheduled,2013-05-02,https://mycouncil.surreycc.gov.uk/mgElectionAreaResults.aspx?ID=110&RPID=454305731&XXR=0,,,,,3271,Incomplete
2013,Surrey County Council,Ewell,Liberal Democrats,Liberal Democrats,"Dapre, Jim",84,3,5,False,1,,11946,27.0,wikipedia_reported_turnout_percent,True,scheduled,2013-05-02,https://mycouncil.surreycc.gov.uk/mgElectionAreaResults.aspx?ID=110&RPID=454305731&XXR=0,,,,,3271,Incomplete
2013,Surrey County Council,Ewell,UK Independence Party,UK Independence Party,"Hunt, David John",539,16,2,False,1,,11946,27.0,wikipedia_reported_turnout_percent,True,scheduled,2013-05-02,https://mycouncil.surreycc.gov.uk/mgElectionAreaResults.aspx?ID=110&RPID=454305731&XXR=0,,,,,3271,Incomplete
2013,Surrey County Council,Ewell,The Green Party,The Green Party,"O'Brien, Donna Maya",76,2,6,False,1,,11946,27.0,wikipedia_reported_turnout_percent,True,scheduled,2013-05-02,https://mycouncil.surreycc.gov.uk/mgElectionAreaResults.aspx?ID=110&RPID=454305731&XXR=0,,,,,3271,Incomplete
2013,Surrey County Council,Ewell,Labour,Labour,"Taylor, Rosemary Janette",148,5,4,False,1,,11946,27.0,wikipedia_reported_turnout_percent,True,scheduled,2013-05-02,https://mycouncil.surreycc.gov.uk/mgElectionAreaResults.aspx?ID=110&RPID=454305731&XXR=0,,,,,3271,Incomplete
2013,Surrey County Council,"Ewell Court, Auriol & Cuddington",Liberal Democrats,Liberal Democrats,"Ahmed, Rusmat Roland Arthur",90,3,5,False,1,,12018,,,False,scheduled,2013-05-02,https://mycouncil.surreycc.gov.uk/mgElectionAreaResults.aspx?ID=111&RPID=454305731&XXR=0,,,,,3463,Incomplete
2013,Surrey County Council,"Ewell Court, Auriol & Cuddington",Conservative,Conservative,"Edwards, Carole",310,9,3,False,1,,12018,,,False,scheduled,2013-05-02,https://mycouncil.surreycc.gov.uk/mgElectionAreaResults.aspx?ID=111&RPID=454305731&XXR=0,,,,,3463,Incomplete
2013,Surrey County Council,"Ewell Court, Auriol & Cuddington",UK Independence Party,UK Independence Party,"Kemp, Roger",624,18,2,False,1,,12018,,,False,scheduled,2013-05-02,https://mycouncil.surreycc.gov.uk/mgElectionAreaResults.aspx?ID=111&RPID=454305731&XXR=0,,,,,3463,Incomplete
2013,Surrey County Council,"Ewell Court, Auriol & Cuddington",Residents Association,Residents Association,"Kington, Eber Alan",2233,64,1,True,1,,12018,,,False,scheduled,2013-05-02,https://mycouncil.surreycc.gov.uk/mgElectionAreaResults.aspx?ID=111&RPID=454305731&XXR=0,,,,,3463,Incomplete
2013,Surrey County Council,"Ewell Court, Auriol & Cuddington",Labour,Labour,"Luxton, Colin",206,6,4,False,1,,12018,,,False,scheduled,2013-05-02,https://mycouncil.surreycc.gov.uk/mgElectionAreaResults.aspx?ID=111&RPID=454305731&XXR=0,,,,,3463,Incomplete
2013,Surrey County Council,Farnham Central,Independent,Independent,"Bryan, Mike",583,19,3,False,1,,10257,30.0,wikipedia_reported_turnout_percent,True,scheduled,2013-05-02,https://mycouncil.surreycc.gov.uk/mgElectionAreaResults.aspx?ID=112&RPID=454305731&XXR=0,,,,,3113,Incomplete
2013,Surrey County Council,Farnham Central,Liberal Democrats,Liberal Democrats,"Edge, Stewart David",562,18,4,False,1,,10257,30.0,wikipedia_reported_turnout_percent,True,scheduled,2013-05-02,https://mycouncil.surreycc.gov.uk/mgElectionAreaResults.aspx?ID=112&RPID=454305731&XXR=0,,,,,3113,Incomplete
2013,Surrey County Council,Farnham Central,Conservative,Conservative,"Frost, Pat",1035,33,1,True,1,,10257,30.0,wikipedia_reported_turnout_percent,True,scheduled,2013-05-02,https://mycouncil.surreycc.gov.uk/mgElectionAreaResults.aspx?ID=112&RPID=454305731&XXR=0,,,,,3113,Incomplete
2013,Surrey County Council,Farnham Central,UK Independence Party,UK Independence Party,"Nockels, Bob",697,22,2,False,1,,10257,30.0,wikipedia_reported_turnout_percent,True,scheduled,2013-05-02,https://mycouncil.surreycc.gov.uk/mgElectionAreaResults.aspx?ID=112&RPID=454305731&XXR=0,,,,,3113,Incomplete
2013,Surrey County Council,Farnham Central,Labour,Labour,"Roberts, Hadleigh Vaughan",236,8,5,False,1,,10257,30.0,wikipedia_reported_turnout_percent,True,scheduled,2013-05-02,https://mycouncil.surreycc.gov.uk/mgElectionAreaResults.aspx?ID=112&RPID=454305731&XXR=0,,,,,3113,Incomplete
2013,Surrey County Council,Farnham North,Labour,Labour,"Fearnley, Janet",231,7,5,False,1,,9980,31.0,wikipedia_reported_turnout_percent,True,scheduled,2013-05-02,https://mycouncil.surreycc.gov.uk/mgElectionAreaResults.aspx?ID=113&RPID=454305731&XXR=0,,,,,3122,Incomplete
2013,Surrey County Council,Farnham North,Independent,Independent,"Hyman, Jerry",575,18,3,False,1,,9980,31.0,wikipedia_reported_turnout_percent,True,scheduled,2013-05-02,https://mycouncil.surreycc.gov.uk/mgElectionAreaResults.aspx?ID=113&RPID=454305731&XXR=0,,,,,3122,Incomplete
2013,Surrey County Council,Farnham North,Conservative,Conservative,"Le Gal, Denise",1005,32,1,True,1,,9980,31.0,wikipedia_reported_turnout_percent,True,scheduled,2013-05-02,https://mycouncil.surreycc.gov.uk/mgElectionAreaResults.aspx?ID=113&RPID=454305731&XXR=0,,,,,3122,Incomplete
2013,Surrey County Council,Farnham North,Liberal Democrats,Liberal Democrats,"Norris, Mark William",349,11,4,False,1,,9980,31.0,wikipedia_reported_turnout_percent,True,scheduled,2013-05-02,https://mycouncil.surreycc.gov.uk/mgElectionAreaResults.aspx?ID=113&RPID=454305731&XXR=0,,,,,3122,Incomplete
2013,Surrey County Council,Farnham North,UK Independence Party,UK Independence Party,"Swann, Alexandra",962,31,2,False,1,,9980,31.0,wikipedia_reported_turnout_percent,True,scheduled,2013-05-02,https://mycouncil.surreycc.gov.uk/mgElectionAreaResults.aspx?ID=113&RPID=454305731&XXR=0,,,,,3122,Incomplete
2013,Surrey County Council,Farnham South,Labour,Labour,"Anniballi, Joan",233,7,5,False,1,,9781,34.0,wikipedia_reported_turnout_percent,True,scheduled,2013-05-02,https://mycouncil.surreycc.gov.uk/mgElectionAreaResults.aspx?ID=114&RPID=454305731&XXR=0,,,,,3338,Incomplete
2013,Surrey County Council,Farnham South,Independent,Independent,"Beaman, David",344,10,4,False,1,,9781,34.0,wikipedia_reported_turnout_percent,True,scheduled,2013-05-02,https://mycouncil.surreycc.gov.uk/mgElectionAreaResults.aspx?ID=114&RPID=454305731&XXR=0,,,,,3338,Incomplete
2013,Surrey County Council,Farnham South,Independent,Independent,Mark Edward Westcott,542,16,2,False,1,,9781,34.0,wikipedia_reported_turnout_percent,True,scheduled,2013-05-02,https://mycouncil.surreycc.gov.uk/mgElectionAreaResults.aspx?ID=114&RPID=454305731&XXR=0,,,,,3338,Incomplete
2013,Surrey County Council,Farnham South,Conservative,Conservative,"Munro, David",1677,50,1,True,1,,9781,34.0,wikipedia_reported_turnout_percent,True,scheduled,2013-05-02,https://mycouncil.surreycc.gov.uk/mgElectionAreaResults.aspx?ID=114&RPID=454305731&XXR=0,,,,,3338,Incomplete
2013,Surrey County Council,Farnham South,UK Independence Party,UK Independence Party,"Weck, Ivo Jozef Franciscus",542,16,3,False,1,,9781,34.0,wikipedia_reported_turnout_percent,True,scheduled,2013-05-02,https://mycouncil.surreycc.gov.uk/mgElectionAreaResults.aspx?ID=114&RPID=454305731&XXR=0,,,,,3338,Incomplete
2013,Surrey County Council,"Foxhills, Thorpe & Virginia Water",Conservative,Conservative,"Few, Mel",1540,53,1,True,1,,10747,27.0,wikipedia_reported_turnout_percent,True,scheduled,2013-05-02,https://mycouncil.surreycc.gov.uk/mgElectionAreaResults.aspx?ID=115&RPID=454305731&XXR=0,,,,,2908,Incomplete
2013,Surrey County Council,"Foxhills, Thorpe & Virginia Water",Labour,Labour,"Gurney, John Colin",362,12,3,False,1,,10747,27.0,wikipedia_reported_turnout_percent,True,scheduled,2013-05-02,https://mycouncil.surreycc.gov.uk/mgElectionAreaResults.aspx?ID=115&RPID=454305731&XXR=0,,,,,2908,Incomplete
2013,Surrey County Council,"Foxhills, Thorpe & Virginia Water",Liberal Democrats,Liberal Democrats,"Heath, Ian",174,6,4,False,1,,10747,27.0,wikipedia_reported_turnout_percent,True,scheduled,2013-05-02,https://mycouncil.surreycc.gov.uk/mgElectionAreaResults.aspx?ID=115&RPID=454305731&XXR=0,,,,,2908,Incomplete
2013,Surrey County Council,"Foxhills, Thorpe & Virginia Water",UK Independence Party,UK Independence Party,"Wood, Graham Frank",832,29,2,False,1,,10747,27.0,wikipedia_reported_turnout_percent,True,scheduled,2013-05-02,https://mycouncil.surreycc.gov.uk/mgElectionAreaResults.aspx?ID=115&RPID=454305731&XXR=0,,,,,2908,Incomplete
2013,Surrey County Council,Frimley Green and Mytchett,UK Independence Party,UK Independence Party,"Chapman, Paul J",867,33,2,False,1,2636,10445,25.0,wikipedia_reported_turnout_percent,True,scheduled,2013-05-02,https://mycouncil.surreycc.gov.uk/mgElectionAreaResults.aspx?ID=116&RPID=454305731&XXR=0,,,,,2636,Incomplete
2013,Surrey County Council,Frimley Green and Mytchett,Liberal Democrats,Liberal Democrats,"Ferguson, Cindy",481,18,3,False,1,2636,10445,25.0,wikipedia_reported_turnout_percent,True,scheduled,2013-05-02,https://mycouncil.surreycc.gov.uk/mgElectionAreaResults.aspx?ID=116&RPID=454305731&XXR=0,,,,,2636,Incomplete
2013,Surrey County Council,Frimley Green and Mytchett,Labour,Labour,"Olmo, Jacques",326,12,4,False,1,2636,10445,25.0,wikipedia_reported_turnout_percent,True,scheduled,2013-05-02,https://mycouncil.surreycc.gov.uk/mgElectionAreaResults.aspx?ID=116&RPID=454305731&XXR=0,,,,,2636,Incomplete
2013,Surrey County Council,Frimley Green and Mytchett,Conservative,Conservative,"Pitt, Chris",962,36,1,True,1,2636,10445,25.0,wikipedia_reported_turnout_percent,True,scheduled,2013-05-02,https://mycouncil.surreycc.gov.uk/mgElectionAreaResults.aspx?ID=116&RPID=454305731&XXR=0,,,,,2636,Incomplete
2013,Surrey County Council,Godalming North,Conservative,Conservative,"Cosser, Steve",1541,44,1,True,1,,11249,31.0,wikipedia_reported_turnout_percent,True,scheduled,2013-05-02,https://mycouncil.surreycc.gov.uk/mgElectionAreaResults.aspx?ID=117&RPID=454305731&XXR=0,,,,,3494,Incomplete
2013,Surrey County Council,Godalming North,Liberal Democrats,Liberal Democrats,"Haveron, Patrick Kennedy",731,21,2,False,1,,11249,31.0,wikipedia_reported_turnout_percent,True,scheduled,2013-05-02,https://mycouncil.surreycc.gov.uk/mgElectionAreaResults.aspx?ID=117&RPID=454305731&XXR=0,,,,,3494,Incomplete
2013,Surrey County Council,Godalming North,Labour,Labour,"Park, Robert",563,16,4,False,1,,11249,31.0,wikipedia_reported_turnout_percent,True,scheduled,2013-05-02,https://mycouncil.surreycc.gov.uk/mgElectionAreaResults.aspx?ID=117&RPID=454305731&XXR=0,,,,,3494,Incomplete
2013,Surrey County Council,Godalming North,UK Independence Party,UK Independence Party,"Swainson, Jon",659,19,3,False,1,,11249,31.0,wikipedia_reported_turnout_percent,True,scheduled,2013-05-02,https://mycouncil.surreycc.gov.uk/mgElectionAreaResults.aspx?ID=117&RPID=454305731&XXR=0,,,,,3494,Incomplete
2013,Surrey County Council,"Godalming South, Milford & Witley",UK Independence Party,UK Independence Party,"Clark, Tim",793,22,2,False,1,,10953,33.0,wikipedia_reported_turnout_percent,True,scheduled,2013-05-02,https://mycouncil.surreycc.gov.uk/mgElectionAreaResults.aspx?ID=118&RPID=454305731&XXR=0,,,,,3611,Incomplete
2013,Surrey County Council,"Godalming South, Milford & Witley",Liberal Democrats,Liberal Democrats,"Farthing, Paul Stephen",429,12,3,False,1,,10953,33.0,wikipedia_reported_turnout_percent,True,scheduled,2013-05-02,https://mycouncil.surreycc.gov.uk/mgElectionAreaResults.aspx?ID=118&RPID=454305731&XXR=0,,,,,3611,Incomplete
2013,Surrey County Council,"Godalming South, Milford & Witley",Conservative,Conservative,"Martin, Peter",2062,57,1,True,1,,10953,33.0,wikipedia_reported_turnout_percent,True,scheduled,2013-05-02,https://mycouncil.surreycc.gov.uk/mgElectionAreaResults.aspx?ID=118&RPID=454305731&XXR=0,,,,,3611,Incomplete
2013,Surrey County Council,"Godalming South, Milford & Witley",Labour,Labour,"Williams, Michael Richard",327,9,4,False,1,,10953,33.0,wikipedia_reported_turnout_percent,True,scheduled,2013-05-02,https://mycouncil.surreycc.gov.uk/mgElectionAreaResults.aspx?ID=118&RPID=454305731&XXR=0,,,,,3611,Incomplete
2013,Surrey County Council,Godstone,Labour,Labour,"Baharier, Linda Ruth",257,8,4,False,1,,9236,33.0,wikipedia_reported_turnout_percent,True,scheduled,2013-05-02,https://mycouncil.surreycc.gov.uk/mgElectionAreaResults.aspx?ID=119&RPID=454305731&XXR=0,,,,,3039,Incomplete
2013,Surrey County Council,Godstone,English Democrats - 'Putting England First!',English Democrats - 'Putting England First!',"Beddoes, Daniel",39,1,5,False,1,,9236,33.0,wikipedia_reported_turnout_percent,True,scheduled,2013-05-02,https://mycouncil.surreycc.gov.uk/mgElectionAreaResults.aspx?ID=119&RPID=454305731&XXR=0,,,,,3039,Incomplete
2013,Surrey County Council,Godstone,Liberal Democrats,Liberal Democrats,"Fowler, Richard Barry",359,12,3,False,1,,9236,33.0,wikipedia_reported_turnout_percent,True,scheduled,2013-05-02,https://mycouncil.surreycc.gov.uk/mgElectionAreaResults.aspx?ID=119&RPID=454305731&XXR=0,,,,,3039,Incomplete
2013,Surrey County Council,Godstone,Conservative,Conservative,"Knight, Graham John",1171,39,2,False,1,,9236,33.0,wikipedia_reported_turnout_percent,True,scheduled,2013-05-02,https://mycouncil.surreycc.gov.uk/mgElectionAreaResults.aspx?ID=119&RPID=454305731&XXR=0,,,,,3039,Incomplete
2013,Surrey County Council,Godstone,UK Independence Party,UK Independence Party,"Windsor, Helena Mary",1213,40,1,True,1,,9236,33.0,wikipedia_reported_turnout_percent,True,scheduled,2013-05-02,https://mycouncil.surreycc.gov.uk/mgElectionAreaResults.aspx?ID=119&RPID=454305731&XXR=0,,,,,3039,Incomplete
2013,Surrey County Council,Goldsworth East and Horsell Village,Liberal Democrats,Liberal Democrats,"Barker, Ann-Marie",1249,34,2,False,1,3728,11295,33.01,wikipedia_reported_turnout_percent,True,scheduled,2013-05-02,https://mycouncil.surreycc.gov.uk/mgElectionAreaResults.aspx?ID=120&RPID=454305731&XXR=0,,,,,3714,Incomplete
2013,Surrey County Council,Goldsworth East and Horsell Village,UK Independence Party,UK Independence Party,"Earl, Howard",681,18,3,False,1,3728,11295,33.01,wikipedia_reported_turnout_percent,True,scheduled,2013-05-02,https://mycouncil.surreycc.gov.uk/mgElectionAreaResults.aspx?ID=120&RPID=454305731&XXR=0,,,,,3714,Incomplete
2013,Surrey County Council,Goldsworth East and Horsell Village,Conservative,Conservative,"Kemp, Colin Sidney",1343,36,1,True,1,3728,11295,33.01,wikipedia_reported_turnout_percent,True,scheduled,2013-05-02,https://mycouncil.surreycc.gov.uk/mgElectionAreaResults.aspx?ID=120&RPID=454305731&XXR=0,,,,,3714,Incomplete
2013,Surrey County Council,Goldsworth East and Horsell Village,Labour,Labour,"Shah, Akhil Viren",441,12,4,False,1,3728,11295,33.01,wikipedia_reported_turnout_percent,True,scheduled,2013-05-02,https://mycouncil.surreycc.gov.uk/mgElectionAreaResults.aspx?ID=120&RPID=454305731&XXR=0,,,,,3714,Incomplete
2013,Surrey County Council,Guildford East,Conservative,Conservative,"Ellwood, Graham",1874,50,1,True,1,,10419,36.0,wikipedia_reported_turnout_percent,True,scheduled,2013-05-02,https://mycouncil.surreycc.gov.uk/mgElectionAreaResults.aspx?ID=121&RPID=454305731&XXR=0,,,,,3757,Incomplete
2013,Surrey County Council,Guildford East,Labour,Labour,"Hill, Malcolm Piers",384,10,4,False,1,,10419,36.0,wikipedia_reported_turnout_percent,True,scheduled,2013-05-02,https://mycouncil.surreycc.gov.uk/mgElectionAreaResults.aspx?ID=121&RPID=454305731&XXR=0,,,,,3757,Incomplete
2013,Surrey County Council,Guildford East,Liberal Democrats,Liberal Democrats,"Mayne, Ted",931,25,2,False,1,,10419,36.0,wikipedia_reported_turnout_percent,True,scheduled,2013-05-02,https://mycouncil.surreycc.gov.uk/mgElectionAreaResults.aspx?ID=121&RPID=454305731&XXR=0,,,,,3757,Incomplete
2013,Surrey County Council,Guildford East,UK Independence Party,UK Independence Party,"Reardon, Colin James",568,15,3,False,1,,10419,36.0,wikipedia_reported_turnout_percent,True,scheduled,2013-05-02,https://mycouncil.surreycc.gov.uk/mgElectionAreaResults.aspx?ID=121&RPID=454305731&XXR=0,,,,,3757,Incomplete
2013,Surrey County Council,Guildford North,Labour,Labour,"Hassell, Michael Joseph",648,20,4,False,1,,11632,27.0,wikipedia_reported_turnout_percent,True,scheduled,2013-05-02,https://mycouncil.surreycc.gov.uk/mgElectionAreaResults.aspx?ID=122&RPID=454305731&XXR=0,,,,,3197,Incomplete
2013,Surrey County Council,Guildford North,Liberal Democrats,Liberal Democrats,"Searle, Pauline Ann",1115,35,1,True,1,,11632,27.0,wikipedia_reported_turnout_percent,True,scheduled,2013-05-02,https://mycouncil.surreycc.gov.uk/mgElectionAreaResults.aspx?ID=122&RPID=454305731&XXR=0,,,,,3197,Incomplete
2013,Surrey County Council,Guildford North,UK Independence Party,UK Independence Party,"Sheppard, David",659,21,3,False,1,,11632,27.0,wikipedia_reported_turnout_percent,True,scheduled,2013-05-02,https://mycouncil.surreycc.gov.uk/mgElectionAreaResults.aspx?ID=122&RPID=454305731&XXR=0,,,,,3197,Incomplete
2013,Surrey County Council,Guildford North,Conservative,Conservative,"Stokes, Sharon",775,24,2,False,1,,11632,27.0,wikipedia_reported_turnout_percent,True,scheduled,2013-05-02,https://mycouncil.surreycc.gov.uk/mgElectionAreaResults.aspx?ID=122&RPID=454305731&XXR=0,,,,,3197,Incomplete
2013,Surrey County Council,Guildford South-East,Liberal Democrats,Liberal Democrats,"Blundell, Kelly-Marie",905,26,2,False,1,,10441,,,False,scheduled,2013-05-02,https://mycouncil.surreycc.gov.uk/mgElectionAreaResults.aspx?ID=123&RPID=454305731&XXR=0,,,,,3503,Incomplete
2013,Surrey County Council,Guildford South-East,Conservative,Conservative,"Brett-Warburton, Mark",1865,53,1,True,1,,10441,,,False,scheduled,2013-05-02,https://mycouncil.surreycc.gov.uk/mgElectionAreaResults.aspx?ID=123&RPID=454305731&XXR=0,,,,,3503,Incomplete
2013,Surrey County Council,Guildford South-East,Labour,Labour,"Rajasingham, Rajanathan",307,9,4,False,1,,10441,,,False,scheduled,2013-05-02,https://mycouncil.surreycc.gov.uk/mgElectionAreaResults.aspx?ID=123&RPID=454305731&XXR=0,,,,,3503,Incomplete
2013,Surrey County Council,Guildford South-East,UK Independence Party,UK Independence Party,"Wadman, Nyree",426,12,3,False,1,,10441,,,False,scheduled,2013-05-02,https://mycouncil.surreycc.gov.uk/mgElectionAreaResults.aspx?ID=123&RPID=454305731&XXR=0,,,,,3503,Incomplete
2013,Surrey County Council,Guildford South-West,Conservative,Conservative,"Christiansen, Nils",1039,33,2,False,1,,10950,29.0,wikipedia_reported_turnout_percent,True,scheduled,2013-05-02,https://mycouncil.surreycc.gov.uk/mgElectionAreaResults.aspx?ID=124&RPID=454305731&XXR=0,,,,,3165,Incomplete
2013,Surrey County Council,Guildford South-West,Labour,Labour,"Davies, Mary Alice",411,13,3,False,1,,10950,29.0,wikipedia_reported_turnout_percent,True,scheduled,2013-05-02,https://mycouncil.surreycc.gov.uk/mgElectionAreaResults.aspx?ID=124&RPID=454305731&XXR=0,,,,,3165,Incomplete
2013,Surrey County Council,Guildford South-West,Liberal Democrats,Liberal Democrats,"Goodwin, David John",1189,38,1,True,1,,10950,29.0,wikipedia_reported_turnout_percent,True,scheduled,2013-05-02,https://mycouncil.surreycc.gov.uk/mgElectionAreaResults.aspx?ID=124&RPID=454305731&XXR=0,,,,,3165,Incomplete
2013,Surrey County Council,Guildford South-West,"The Peace Party - Non-violence, Justice, Environment","The Peace Party - Non-violence, Justice, Environment","May, Tom",117,4,5,False,1,,10950,29.0,wikipedia_reported_turnout_percent,True,scheduled,2013-05-02,https://mycouncil.surreycc.gov.uk/mgElectionAreaResults.aspx?ID=124&RPID=454305731&XXR=0,,,,,3165,Incomplete
2013,Surrey County Council,Guildford South-West,UK Independence Party,UK Independence Party,"McEvoy, Laura Elizabeth",409,13,4,False,1,,10950,29.0,wikipedia_reported_turnout_percent,True,scheduled,2013-05-02,https://mycouncil.surreycc.gov.uk/mgElectionAreaResults.aspx?ID=124&RPID=454305731&XXR=0,,,,,3165,Incomplete
2013,Surrey County Council,Guildford West,UK Independence Party,UK Independence Party,"Hodge, Laurence Dietrich",435,21,3,False,1,,10481,20.0,wikipedia_reported_turnout_percent,True,scheduled,2013-05-02,https://mycouncil.surreycc.gov.uk/mgElectionAreaResults.aspx?ID=125&RPID=454305731&XXR=0,,,,,2091,Incomplete
2013,Surrey County Council,Guildford West,"The Peace Party - Non-violence, Justice, Environment","The Peace Party - Non-violence, Justice, Environment","Morris, John Hugh",105,5,5,False,1,,10481,20.0,wikipedia_reported_turnout_percent,True,scheduled,2013-05-02,https://mycouncil.surreycc.gov.uk/mgElectionAreaResults.aspx?ID=125&RPID=454305731&XXR=0,,,,,2091,Incomplete
2013,Surrey County Council,Guildford West,Conservative,Conservative,"Varveris, Chris",325,16,4,False,1,,10481,20.0,wikipedia_reported_turnout_percent,True,scheduled,2013-05-02,https://mycouncil.surreycc.gov.uk/mgElectionAreaResults.aspx?ID=125&RPID=454305731&XXR=0,,,,,2091,Incomplete
2013,Surrey County Council,Guildford West,Labour,Labour,"Walter, Brian Stanley",494,24,2,False,1,,10481,20.0,wikipedia_reported_turnout_percent,True,scheduled,2013-05-02,https://mycouncil.surreycc.gov.uk/mgElectionAreaResults.aspx?ID=125&RPID=454305731&XXR=0,,,,,2091,Incomplete
2013,Surrey County Council,Guildford West,Liberal Democrats,Liberal Democrats,"White, Fiona",732,35,1,True,1,,10481,20.0,wikipedia_reported_turnout_percent,True,scheduled,2013-05-02,https://mycouncil.surreycc.gov.uk/mgElectionAreaResults.aspx?ID=125&RPID=454305731&XXR=0,,,,,2091,Incomplete
2013,Surrey County Council,Haslemere,Independent,Independent,"Barton, Nikki",1208,35,1,True,1,,9725,35.0,wikipedia_reported_turnout_percent,True,scheduled,2013-05-02,https://mycouncil.surreycc.gov.uk/mgElectionAreaResults.aspx?ID=126&RPID=454305731&XXR=0,,,,,3408,Incomplete
2013,Surrey County Council,Haslemere,UK Independence Party,UK Independence Party,"Culligan, Patricia Anne",573,17,3,False,1,,9725,35.0,wikipedia_reported_turnout_percent,True,scheduled,2013-05-02,https://mycouncil.surreycc.gov.uk/mgElectionAreaResults.aspx?ID=126&RPID=454305731&XXR=0,,,,,3408,Incomplete
2013,Surrey County Council,Haslemere,Conservative,Conservative,"Mulliner, Stephen",1188,35,2,False,1,,9725,35.0,wikipedia_reported_turnout_percent,True,scheduled,2013-05-02,https://mycouncil.surreycc.gov.uk/mgElectionAreaResults.aspx?ID=126&RPID=454305731&XXR=0,,,,,3408,Incomplete
2013,Surrey County Council,Haslemere,Liberal Democrats,Liberal Democrats,"Nicholson, Peter John",285,8,4,False,1,,9725,35.0,wikipedia_reported_turnout_percent,True,scheduled,2013-05-02,https://mycouncil.surreycc.gov.uk/mgElectionAreaResults.aspx?ID=126&RPID=454305731&XXR=0,,,,,3408,Incomplete
2013,Surrey County Council,Haslemere,Labour,Labour,"Scales, Nick",154,5,5,False,1,,9725,35.0,wikipedia_reported_turnout_percent,True,scheduled,2013-05-02,https://mycouncil.surreycc.gov.uk/mgElectionAreaResults.aspx?ID=126&RPID=454305731&XXR=0,,,,,3408,Incomplete
2013,Surrey County Council,Heatherside and Parkside,Conservative,Conservative,"Ivison, David",1438,52,1,True,1,2784,10382,26.0,wikipedia_reported_turnout_percent,True,scheduled,2013-05-02,https://mycouncil.surreycc.gov.uk/mgElectionAreaResults.aspx?ID=127&RPID=454305731&XXR=0,,,,,2784,Incomplete
2013,Surrey County Council,Heatherside and Parkside,Liberal Democrats,Liberal Democrats,"Tapper, Graham",431,15,3,False,1,2784,10382,26.0,wikipedia_reported_turnout_percent,True,scheduled,2013-05-02,https://mycouncil.surreycc.gov.uk/mgElectionAreaResults.aspx?ID=127&RPID=454305731&XXR=0,,,,,2784,Incomplete
2013,Surrey County Council,Heatherside and Parkside,UK Independence Party,UK Independence Party,"Thomas, Andrew",701,25,2,False,1,2784,10382,26.0,wikipedia_reported_turnout_percent,True,scheduled,2013-05-02,https://mycouncil.surreycc.gov.uk/mgElectionAreaResults.aspx?ID=127&RPID=454305731&XXR=0,,,,,2784,Incomplete
2013,Surrey County Council,Heatherside and Parkside,Labour,Labour,"Tonks, Paul",214,8,4,False,1,2784,10382,26.0,wikipedia_reported_turnout_percent,True,scheduled,2013-05-02,https://mycouncil.surreycc.gov.uk/mgElectionAreaResults.aspx?ID=127&RPID=454305731&XXR=0,,,,,2784,Incomplete
2013,Surrey County Council,Hersham,Hersham Village Society,Hersham Village Society,"Green, Roy",1153,35,2,False,1,3300,10060,32.8,wikipedia_reported_turnout_percent,True,scheduled,2013-05-02,https://mycouncil.surreycc.gov.uk/mgElectionAreaResults.aspx?ID=128&RPID=454305731&XXR=0,,,,,3300,Incomplete
2013,Surrey County Council,Hersham,Labour,Labour,"Hamilton, Irene",245,7,4,False,1,3300,10060,32.8,wikipedia_reported_turnout_percent,True,scheduled,2013-05-02,https://mycouncil.surreycc.gov.uk/mgElectionAreaResults.aspx?ID=128&RPID=454305731&XXR=0,,,,,3300,Incomplete
2013,Surrey County Council,Hersham,Conservative,Conservative,"Hicks, Margaret Aileen",1323,40,1,True,1,3300,10060,32.8,wikipedia_reported_turnout_percent,True,scheduled,2013-05-02,https://mycouncil.surreycc.gov.uk/mgElectionAreaResults.aspx?ID=128&RPID=454305731&XXR=0,,,,,3300,Incomplete
2013,Surrey County Council,Hersham,Liberal Democrats,Liberal Democrats,"Lumb, Simon Nicholas",120,4,5,False,1,3300,10060,32.8,wikipedia_reported_turnout_percent,True,scheduled,2013-05-02,https://mycouncil.surreycc.gov.uk/mgElectionAreaResults.aspx?ID=128&RPID=454305731&XXR=0,,,,,3300,Incomplete
2013,Surrey County Council,Hersham,UK Independence Party,UK Independence Party,"Newbold, Richard Angus",459,14,3,False,1,3300,10060,32.8,wikipedia_reported_turnout_percent,True,scheduled,2013-05-02,https://mycouncil.surreycc.gov.uk/mgElectionAreaResults.aspx?ID=128&RPID=454305731&XXR=0,,,,,3300,Incomplete
2013,Surrey County Council,"Hinchley Wood, Claygate and Oxshott",Liberal Democrats,Liberal Democrats,"Ashraf, Keya",1153,30,2,False,1,3885,11962,32.48,wikipedia_reported_turnout_percent,True,scheduled,2013-05-02,https://mycouncil.surreycc.gov.uk/mgElectionAreaResults.aspx?ID=129&RPID=454305731&XXR=0,,,,,3885,Incomplete
2013,Surrey County Council,"Hinchley Wood, Claygate and Oxshott",Conservative,Conservative,"Bennison, Mike",1943,50,1,True,1,3885,11962,32.48,wikipedia_reported_turnout_percent,True,scheduled,2013-05-02,https://mycouncil.surreycc.gov.uk/mgElectionAreaResults.aspx?ID=129&RPID=454305731&XXR=0,,,,,3885,Incomplete
2013,Surrey County Council,"Hinchley Wood, Claygate and Oxshott",UK Independence Party,UK Independence Party,"Collignon, Bernard Michael",569,15,3,False,1,3885,11962,32.48,wikipedia_reported_turnout_percent,True,scheduled,2013-05-02,https://mycouncil.surreycc.gov.uk/mgElectionAreaResults.aspx?ID=129&RPID=454305731&XXR=0,,,,,3885,Incomplete
2013,Surrey County Council,"Hinchley Wood, Claygate and Oxshott",Labour,Labour,"Francis, Sheila",220,6,4,False,1,3885,11962,32.48,wikipedia_reported_turnout_percent,True,scheduled,2013-05-02,https://mycouncil.surreycc.gov.uk/mgElectionAreaResults.aspx?ID=129&RPID=454305731&XXR=0,,,,,3885,Incomplete
2013,Surrey County Council,Horley East,Liberal Democrats,Liberal Democrats,"Deevoy, Tim",243,11,4,False,1,2281,9228,24.72,wikipedia_reported_turnout_percent,True,scheduled,2013-05-02,https://mycouncil.surreycc.gov.uk/mgElectionAreaResults.aspx?ID=130&RPID=454305731&XXR=0,,,,,2281,Incomplete
2013,Surrey County Council,Horley East,Labour,Labour,"Mabbett, Linda Jane",253,11,3,False,1,2281,9228,24.72,wikipedia_reported_turnout_percent,True,scheduled,2013-05-02,https://mycouncil.surreycc.gov.uk/mgElectionAreaResults.aspx?ID=130&RPID=454305731&XXR=0,,,,,2281,Incomplete
2013,Surrey County Council,Horley East,Conservative,Conservative,"Ross-Tomlin, Dorothy",1069,47,1,True,1,2281,9228,24.72,wikipedia_reported_turnout_percent,True,scheduled,2013-05-02,https://mycouncil.surreycc.gov.uk/mgElectionAreaResults.aspx?ID=130&RPID=454305731&XXR=0,,,,,2281,Incomplete
2013,Surrey County Council,Horley East,UK Independence Party,UK Independence Party,"Stevens, Christian",716,31,2,False,1,2281,9228,24.72,wikipedia_reported_turnout_percent,True,scheduled,2013-05-02,https://mycouncil.surreycc.gov.uk/mgElectionAreaResults.aspx?ID=130&RPID=454305731&XXR=0,,,,,2281,Incomplete
2013,Surrey County Council,"Horley West, Salfords & Sidlow",UK Independence Party,UK Independence Party,"Brooke-Harte, Timothy Francis",889,36,2,False,1,2477,9631,25.72,wikipedia_reported_turnout_percent,True,scheduled,2013-05-02,https://mycouncil.surreycc.gov.uk/mgElectionAreaResults.aspx?ID=131&RPID=454305731&XXR=0,,,,,2477,Incomplete
2013,Surrey County Council,"Horley West, Salfords & Sidlow",Liberal Democrats,Liberal Democrats,"Hamilton, Barry James",215,9,4,False,1,2477,9631,25.72,wikipedia_reported_turnout_percent,True,scheduled,2013-05-02,https://mycouncil.surreycc.gov.uk/mgElectionAreaResults.aspx?ID=131&RPID=454305731&XXR=0,,,,,2477,Incomplete
2013,Surrey County Council,"Horley West, Salfords & Sidlow",Conservative,Conservative,"Hammond, Kay",1038,42,1,True,1,2477,9631,25.72,wikipedia_reported_turnout_percent,True,scheduled,2013-05-02,https://mycouncil.surreycc.gov.uk/mgElectionAreaResults.aspx?ID=131&RPID=454305731&XXR=0,,,,,2477,Incomplete
2013,Surrey County Council,"Horley West, Salfords & Sidlow",Labour,Labour,"Norgrove, Rosie",335,14,3,False,1,2477,9631,25.72,wikipedia_reported_turnout_percent,True,scheduled,2013-05-02,https://mycouncil.surreycc.gov.uk/mgElectionAreaResults.aspx?ID=131&RPID=454305731&XXR=0,,,,,2477,Incomplete
2013,Surrey County Council,Horsleys,Conservative,Conservative,"Barker, Bill",2177,60,1,True,1,,9830,,,False,scheduled,2013-05-02,https://mycouncil.surreycc.gov.uk/mgElectionAreaResults.aspx?ID=132&RPID=454305731&XXR=0,,,,,3614,Incomplete
2013,Surrey County Council,Horsleys,UK Independence Party,UK Independence Party,"Evans, Garreth Peter",750,21,2,False,1,,9830,,,False,scheduled,2013-05-02,https://mycouncil.surreycc.gov.uk/mgElectionAreaResults.aspx?ID=132&RPID=454305731&XXR=0,,,,,3614,Incomplete
2013,Surrey County Council,Horsleys,Labour,Labour,"Fiddes, Carolyn",258,7,4,False,1,,9830,,,False,scheduled,2013-05-02,https://mycouncil.surreycc.gov.uk/mgElectionAreaResults.aspx?ID=132&RPID=454305731&XXR=0,,,,,3614,Incomplete
2013,Surrey County Council,Horsleys,Liberal Democrats,Liberal Democrats,"Pindar, Arnold George",429,12,3,False,1,,9830,,,False,scheduled,2013-05-02,https://mycouncil.surreycc.gov.uk/mgElectionAreaResults.aspx?ID=132&RPID=454305731&XXR=0,,,,,3614,Incomplete
2013,Surrey County Council,Knaphill and Goldsworth West,Labour,Labour,"Brown, Paul James",255,7,5,False,1,3642,11021,33.05,wikipedia_reported_turnout_percent,True,scheduled,2013-05-02,https://mycouncil.surreycc.gov.uk/mgElectionAreaResults.aspx?ID=133&RPID=454305731&XXR=0,,,,,3631,Incomplete
2013,Surrey County Council,Knaphill and Goldsworth West,UK Independence Party,UK Independence Party,"Davies, Matthew",537,15,3,False,1,3642,11021,33.05,wikipedia_reported_turnout_percent,True,scheduled,2013-05-02,https://mycouncil.surreycc.gov.uk/mgElectionAreaResults.aspx?ID=133&RPID=454305731&XXR=0,,,,,3631,Incomplete
2013,Surrey County Council,Knaphill and Goldsworth West,Independent,Independent,"Dunham, Martin",352,10,4,False,1,3642,11021,33.05,wikipedia_reported_turnout_percent,True,scheduled,2013-05-02,https://mycouncil.surreycc.gov.uk/mgElectionAreaResults.aspx?ID=133&RPID=454305731&XXR=0,,,,,3631,Incomplete
2013,Surrey County Council,Knaphill and Goldsworth West,Conservative,Conservative,"Hussain, Saj",1771,49,1,True,1,3642,11021,33.05,wikipedia_reported_turnout_percent,True,scheduled,2013-05-02,https://mycouncil.surreycc.gov.uk/mgElectionAreaResults.aspx?ID=133&RPID=454305731&XXR=0,,,,,3631,Incomplete
2013,Surrey County Council,Knaphill and Goldsworth West,Liberal Democrats,Liberal Democrats,"Liddington, Tina",716,20,2,False,1,3642,11021,33.05,wikipedia_reported_turnout_percent,True,scheduled,2013-05-02,https://mycouncil.surreycc.gov.uk/mgElectionAreaResults.aspx?ID=133&RPID=454305731&XXR=0,,,,,3631,Incomplete
2013,Surrey County Council,Laleham and Shepperton,Liberal Democrats,Liberal Democrats,"Dunn, Richard Douglas",246,8,4,False,1,,10417,31.0,wikipedia_reported_turnout_percent,True,scheduled,2013-05-02,https://mycouncil.surreycc.gov.uk/mgElectionAreaResults.aspx?ID=134&RPID=454305731&XXR=0,,,,,3223,Incomplete
2013,Surrey County Council,Laleham and Shepperton,UK Independence Party,UK Independence Party,"Thatcher, Linda Jean",902,28,2,False,1,,10417,31.0,wikipedia_reported_turnout_percent,True,scheduled,2013-05-02,https://mycouncil.surreycc.gov.uk/mgElectionAreaResults.aspx?ID=134&RPID=454305731&XXR=0,,,,,3223,Incomplete
2013,Surrey County Council,Laleham and Shepperton,Conservative,Conservative,"Walsh, Richard",1701,53,1,True,1,,10417,31.0,wikipedia_reported_turnout_percent,True,scheduled,2013-05-02,https://mycouncil.surreycc.gov.uk/mgElectionAreaResults.aspx?ID=134&RPID=454305731&XXR=0,,,,,3223,Incomplete
2013,Surrey County Council,Laleham and Shepperton,Labour,Labour,"Went, John",374,12,3,False,1,,10417,31.0,wikipedia_reported_turnout_percent,True,scheduled,2013-05-02,https://mycouncil.surreycc.gov.uk/mgElectionAreaResults.aspx?ID=134&RPID=454305731&XXR=0,,,,,3223,Incomplete
2013,Surrey County Council,Leatherhead and Fetcham East,UK Independence Party,UK Independence Party,"Bird, Roger",1048,28,2,False,1,,11787,31.5,wikipedia_reported_turnout_percent,True,scheduled,2013-05-02,https://mycouncil.surreycc.gov.uk/mgElectionAreaResults.aspx?ID=135&RPID=454305731&XXR=0,,,,,3691,Incomplete
2013,Surrey County Council,Leatherhead and Fetcham East,Conservative,Conservative,"Hall, Tim",1564,42,1,True,1,,11787,31.5,wikipedia_reported_turnout_percent,True,scheduled,2013-05-02,https://mycouncil.surreycc.gov.uk/mgElectionAreaResults.aspx?ID=135&RPID=454305731&XXR=0,,,,,3691,Incomplete
2013,Surrey County Council,Leatherhead and Fetcham East,Liberal Democrats,Liberal Democrats,"Lewis-Carr, Bridget",782,21,3,False,1,,11787,31.5,wikipedia_reported_turnout_percent,True,scheduled,2013-05-02,https://mycouncil.surreycc.gov.uk/mgElectionAreaResults.aspx?ID=135&RPID=454305731&XXR=0,,,,,3691,Incomplete
2013,Surrey County Council,Leatherhead and Fetcham East,Labour,Labour,"Mallon, Robert",297,8,4,False,1,,11787,31.5,wikipedia_reported_turnout_percent,True,scheduled,2013-05-02,https://mycouncil.surreycc.gov.uk/mgElectionAreaResults.aspx?ID=135&RPID=454305731&XXR=0,,,,,3691,Incomplete
2013,Surrey County Council,"Lightwater, West End and Bisley",Liberal Democrats,Liberal Democrats,"Bennie, Fran",286,9,4,False,1,3021,11599,26.0,wikipedia_reported_turnout_percent,True,scheduled,2013-05-02,https://mycouncil.surreycc.gov.uk/mgElectionAreaResults.aspx?ID=136&RPID=454305731&XXR=0,,,,,3021,Incomplete
2013,Surrey County Council,"Lightwater, West End and Bisley",Conservative,Conservative,"Page, Adrian",1562,52,1,True,1,3021,11599,26.0,wikipedia_reported_turnout_percent,True,scheduled,2013-05-02,https://mycouncil.surreycc.gov.uk/mgElectionAreaResults.aspx?ID=136&RPID=454305731&XXR=0,,,,,3021,Incomplete
2013,Surrey County Council,"Lightwater, West End and Bisley",Labour,Labour,"Sheehan, Mick",328,11,3,False,1,3021,11599,26.0,wikipedia_reported_turnout_percent,True,scheduled,2013-05-02,https://mycouncil.surreycc.gov.uk/mgElectionAreaResults.aspx?ID=136&RPID=454305731&XXR=0,,,,,3021,Incomplete
2013,Surrey County Council,"Lightwater, West End and Bisley",UK Independence Party,UK Independence Party,"Squire, Richard",845,28,2,False,1,3021,11599,26.0,wikipedia_reported_turnout_percent,True,scheduled,2013-05-02,https://mycouncil.surreycc.gov.uk/mgElectionAreaResults.aspx?ID=136&RPID=454305731&XXR=0,,,,,3021,Incomplete
2013,Surrey County Council,Lingfield,UK Independence Party,UK Independence Party,"Bailey, Graham",952,25,3,False,1,,11857,33.0,wikipedia_reported_turnout_percent,True,scheduled,2013-05-02,https://mycouncil.surreycc.gov.uk/mgElectionAreaResults.aspx?ID=137&RPID=454305731&XXR=0,,,,,3868,Incomplete
2013,Surrey County Council,Lingfield,Labour,Labour,"Case-Green, Stephen Charles",257,7,4,False,1,,11857,33.0,wikipedia_reported_turnout_percent,True,scheduled,2013-05-02,https://mycouncil.surreycc.gov.uk/mgElectionAreaResults.aspx?ID=137&RPID=454305731&XXR=0,,,,,3868,Incomplete
2013,Surrey County Council,Lingfield,,,"D'Avray, Christopher David",1171,30,2,False,1,,11857,33.0,wikipedia_reported_turnout_percent,True,scheduled,2013-05-02,https://mycouncil.surreycc.gov.uk/mgElectionAreaResults.aspx?ID=137&RPID=454305731&XXR=0,,,,,3868,Incomplete
2013,Surrey County Council,Lingfield,Conservative,Conservative,"Sydney, Michael",1488,38,1,True,1,,11857,33.0,wikipedia_reported_turnout_percent,True,scheduled,2013-05-02,https://mycouncil.surreycc.gov.uk/mgElectionAreaResults.aspx?ID=137&RPID=454305731&XXR=0,,,,,3868,Incomplete
2013,Surrey County Council,Lower Sunbury and Halliford,Liberal Democrats,Liberal Democrats,"Dunn, Sandra Ann",1023,34,2,False,1,,10292,29.0,wikipedia_reported_turnout_percent,True,scheduled,2013-05-02,https://mycouncil.surreycc.gov.uk/mgElectionAreaResults.aspx?ID=138&RPID=454305731&XXR=0,,,,,3017,Incomplete
2013,Surrey County Council,Lower Sunbury and Halliford,Conservative,Conservative,"Evans, Tim",1117,37,1,True,1,,10292,29.0,wikipedia_reported_turnout_percent,True,scheduled,2013-05-02,https://mycouncil.surreycc.gov.uk/mgElectionAreaResults.aspx?ID=138&RPID=454305731&XXR=0,,,,,3017,Incomplete
2013,Surrey County Council,Lower Sunbury and Halliford,UK Independence Party,UK Independence Party,"Wood, Nick",877,29,3,False,1,,10292,29.0,wikipedia_reported_turnout_percent,True,scheduled,2013-05-02,https://mycouncil.surreycc.gov.uk/mgElectionAreaResults.aspx?ID=138&RPID=454305731&XXR=0,,,,,3017,Incomplete
2013,Surrey County Council,Merstham & Banstead South,UK Independence Party,UK Independence Party,"Cambridge, Bob",698,28,2,False,1,2514,9924,25.33,wikipedia_reported_turnout_percent,True,scheduled,2013-05-02,https://mycouncil.surreycc.gov.uk/mgElectionAreaResults.aspx?ID=139&RPID=454305731&XXR=0,,,,,2514,Incomplete
2013,Surrey County Council,Merstham & Banstead South,Conservative,Conservative,"Gardner, Bob",1095,44,1,True,1,2514,9924,25.33,wikipedia_reported_turnout_percent,True,scheduled,2013-05-02,https://mycouncil.surreycc.gov.uk/mgElectionAreaResults.aspx?ID=139&RPID=454305731&XXR=0,,,,,2514,Incomplete
2013,Surrey County Council,Merstham & Banstead South,Labour,Labour,"Halford, Julie",450,18,3,False,1,2514,9924,25.33,wikipedia_reported_turnout_percent,True,scheduled,2013-05-02,https://mycouncil.surreycc.gov.uk/mgElectionAreaResults.aspx?ID=139&RPID=454305731&XXR=0,,,,,2514,Incomplete
2013,Surrey County Council,Merstham & Banstead South,Liberal Democrats,Liberal Democrats,"Howell, Christopher Ian",271,11,4,False,1,2514,9924,25.33,wikipedia_reported_turnout_percent,True,scheduled,2013-05-02,https://mycouncil.surreycc.gov.uk/mgElectionAreaResults.aspx?ID=139&RPID=454305731&XXR=0,,,,,2514,Incomplete
2013,Surrey County Council,Nork & Tattenhams,Liberal Democrats,Liberal Democrats,"Gee, Stephen Mark",91,3,5,False,1,3309,11783,28.08,wikipedia_reported_turnout_percent,True,scheduled,2013-05-02,https://mycouncil.surreycc.gov.uk/mgElectionAreaResults.aspx?ID=140&RPID=454305731&XXR=0,,,,,3309,Incomplete
2013,Surrey County Council,Nork & Tattenhams,UK Independence Party,UK Independence Party,"Grant, Andre Edward",583,18,2,False,1,3309,11783,28.08,wikipedia_reported_turnout_percent,True,scheduled,2013-05-02,https://mycouncil.surreycc.gov.uk/mgElectionAreaResults.aspx?ID=140&RPID=454305731&XXR=0,,,,,3309,Incomplete
2013,Surrey County Council,Nork & Tattenhams,Nork and Tattenhams Residents' Associations,Nork and Tattenhams Residents' Associations,"Harrison, Nick",1954,59,1,True,1,3309,11783,28.08,wikipedia_reported_turnout_percent,True,scheduled,2013-05-02,https://mycouncil.surreycc.gov.uk/mgElectionAreaResults.aspx?ID=140&RPID=454305731&XXR=0,,,,,3309,Incomplete
2013,Surrey County Council,Nork & Tattenhams,Labour,Labour,"Scott, Clive George",111,3,4,False,1,3309,11783,28.08,wikipedia_reported_turnout_percent,True,scheduled,2013-05-02,https://mycouncil.surreycc.gov.uk/mgElectionAreaResults.aspx?ID=140&RPID=454305731&XXR=0,,,,,3309,Incomplete
2013,Surrey County Council,Nork & Tattenhams,Conservative,Conservative,"Shillinglaw, Patsy",517,16,3,False,1,3309,11783,28.08,wikipedia_reported_turnout_percent,True,scheduled,2013-05-02,https://mycouncil.surreycc.gov.uk/mgElectionAreaResults.aspx?ID=140&RPID=454305731&XXR=0,,,,,3309,Incomplete
2013,Surrey County Council,Nork & Tattenhams,The Green Party,The Green Party,"Smith, Derek Wilfred",53,2,6,False,1,3309,11783,28.08,wikipedia_reported_turnout_percent,True,scheduled,2013-05-02,https://mycouncil.surreycc.gov.uk/mgElectionAreaResults.aspx?ID=140&RPID=454305731&XXR=0,,,,,3309,Incomplete
2013,Surrey County Council,Oxted,UK Independence Party,UK Independence Party,"Dean, Christopher Charles",1245,29,2,False,1,,11811,36.0,wikipedia_reported_turnout_percent,True,scheduled,2013-05-02,https://mycouncil.surreycc.gov.uk/mgElectionAreaResults.aspx?ID=141&RPID=454305731&XXR=0,,,,,4244,Incomplete
2013,Surrey County Council,Oxted,Labour,Labour,"Philpot, Terry",478,11,3,False,1,,11811,36.0,wikipedia_reported_turnout_percent,True,scheduled,2013-05-02,https://mycouncil.surreycc.gov.uk/mgElectionAreaResults.aspx?ID=141&RPID=454305731&XXR=0,,,,,4244,Incomplete
2013,Surrey County Council,Oxted,Liberal Democrats,Liberal Democrats,"Roberts, Peter",381,9,4,False,1,,11811,36.0,wikipedia_reported_turnout_percent,True,scheduled,2013-05-02,https://mycouncil.surreycc.gov.uk/mgElectionAreaResults.aspx?ID=141&RPID=454305731&XXR=0,,,,,4244,Incomplete
2013,Surrey County Council,Oxted,Conservative,Conservative,"Skellett, Nick",1894,45,1,True,1,,11811,36.0,wikipedia_reported_turnout_percent,True,scheduled,2013-05-02,https://mycouncil.surreycc.gov.uk/mgElectionAreaResults.aspx?ID=141&RPID=454305731&XXR=0,,,,,4244,Incomplete
2013,Surrey County Council,Oxted,The Green Party,The Green Party,"Thompson-Stewart, James Alan",246,6,5,False,1,,11811,36.0,wikipedia_reported_turnout_percent,True,scheduled,2013-05-02,https://mycouncil.surreycc.gov.uk/mgElectionAreaResults.aspx?ID=141&RPID=454305731&XXR=0,,,,,4244,Incomplete
2013,Surrey County Council,Redhill East,Conservative,Conservative,"Coad, Richard",645,22,2,False,1,2929,10131,28.91,wikipedia_reported_turnout_percent,True,scheduled,2013-05-02,https://mycouncil.surreycc.gov.uk/mgElectionAreaResults.aspx?ID=142&RPID=454305731&XXR=0,,,,,2929,Incomplete
2013,Surrey County Council,Redhill East,Liberal Democrats,Liberal Democrats,"Cressy, Andrew James",103,4,5,False,1,2929,10131,28.91,wikipedia_reported_turnout_percent,True,scheduled,2013-05-02,https://mycouncil.surreycc.gov.uk/mgElectionAreaResults.aspx?ID=142&RPID=454305731&XXR=0,,,,,2929,Incomplete
2013,Surrey County Council,Redhill East,Labour,Labour,"Dack, Stewart James",345,12,4,False,1,2929,10131,28.91,wikipedia_reported_turnout_percent,True,scheduled,2013-05-02,https://mycouncil.surreycc.gov.uk/mgElectionAreaResults.aspx?ID=142&RPID=454305731&XXR=0,,,,,2929,Incomplete
2013,Surrey County Council,Redhill East,The Green Party,The Green Party,"Essex, Jonathan",1457,50,1,True,1,2929,10131,28.91,wikipedia_reported_turnout_percent,True,scheduled,2013-05-02,https://mycouncil.surreycc.gov.uk/mgElectionAreaResults.aspx?ID=142&RPID=454305731&XXR=0,,,,,2929,Incomplete
2013,Surrey County Council,Redhill East,UK Independence Party,UK Independence Party,"Stiff, Colin Brian",379,13,3,False,1,2929,10131,28.91,wikipedia_reported_turnout_percent,True,scheduled,2013-05-02,https://mycouncil.surreycc.gov.uk/mgElectionAreaResults.aspx?ID=142&RPID=454305731&XXR=0,,,,,2929,Incomplete
2013,Surrey County Council,Redhill West & Meadvale,Labour,Labour,"Berge, John Michael",364,11,5,False,1,3279,10174,32.23,wikipedia_reported_turnout_percent,True,scheduled,2013-05-02,https://mycouncil.surreycc.gov.uk/mgElectionAreaResults.aspx?ID=143&RPID=454305731&XXR=0,,,,,3279,Incomplete
2013,Surrey County Council,Redhill West & Meadvale,Conservative,Conservative,"Bramhall, Natalie",995,30,1,True,1,3279,10174,32.23,wikipedia_reported_turnout_percent,True,scheduled,2013-05-02,https://mycouncil.surreycc.gov.uk/mgElectionAreaResults.aspx?ID=143&RPID=454305731&XXR=0,,,,,3279,Incomplete
2013,Surrey County Council,Redhill West & Meadvale,The Green Party,The Green Party,"Finch, Sarah",700,21,2,False,1,3279,10174,32.23,wikipedia_reported_turnout_percent,True,scheduled,2013-05-02,https://mycouncil.surreycc.gov.uk/mgElectionAreaResults.aspx?ID=143&RPID=454305731&XXR=0,,,,,3279,Incomplete
2013,Surrey County Council,Redhill West & Meadvale,Liberal Democrats,Liberal Democrats,"Lambell, Peter John",587,18,4,False,1,3279,10174,32.23,wikipedia_reported_turnout_percent,True,scheduled,2013-05-02,https://mycouncil.surreycc.gov.uk/mgElectionAreaResults.aspx?ID=143&RPID=454305731&XXR=0,,,,,3279,Incomplete
2013,Surrey County Council,Redhill West & Meadvale,UK Independence Party,UK Independence Party,"Pearson, Tim",633,19,3,False,1,3279,10174,32.23,wikipedia_reported_turnout_percent,True,scheduled,2013-05-02,https://mycouncil.surreycc.gov.uk/mgElectionAreaResults.aspx?ID=143&RPID=454305731&XXR=0,,,,,3279,Incomplete
2013,Surrey County Council,Reigate,Liberal Democrats,Liberal Democrats,"Dyer, William Peter Henry",579,18,2,False,1,3231,10419,31.01,wikipedia_reported_turnout_percent,True,scheduled,2013-05-02,https://mycouncil.surreycc.gov.uk/mgElectionAreaResults.aspx?ID=144&RPID=454305731&XXR=0,,,,,3231,Incomplete
2013,Surrey County Council,Reigate,Conservative,Conservative,"Grant-Duff, Zully",1588,49,1,True,1,3231,10419,31.01,wikipedia_reported_turnout_percent,True,scheduled,2013-05-02,https://mycouncil.surreycc.gov.uk/mgElectionAreaResults.aspx?ID=144&RPID=454305731&XXR=0,,,,,3231,Incomplete
2013,Surrey County Council,Reigate,UK Independence Party,UK Independence Party,"Russell, Stephen David Alfred",515,16,3,False,1,3231,10419,31.01,wikipedia_reported_turnout_percent,True,scheduled,2013-05-02,https://mycouncil.surreycc.gov.uk/mgElectionAreaResults.aspx?ID=144&RPID=454305731&XXR=0,,,,,3231,Incomplete
2013,Surrey County Council,Reigate,Labour,Labour,"Saunders, Andrew David",281,9,4,False,1,3231,10419,31.01,wikipedia_reported_turnout_percent,True,scheduled,2013-05-02,https://mycouncil.surreycc.gov.uk/mgElectionAreaResults.aspx?ID=144&RPID=454305731&XXR=0,,,,,3231,Incomplete
2013,Surrey County Council,Reigate,The Green Party,The Green Party,"Truscott, Bryn",268,8,5,False,1,3231,10419,31.01,wikipedia_reported_turnout_percent,True,scheduled,2013-05-02,https://mycouncil.surreycc.gov.uk/mgElectionAreaResults.aspx?ID=144&RPID=454305731&XXR=0,,,,,3231,Incomplete
2013,Surrey County Council,Shalford,UK Independence Party,UK Independence Party,"Johnson, George",1411,51,1,True,1,,10528,,,False,scheduled,2013-05-02,https://mycouncil.surreycc.gov.uk/mgElectionAreaResults.aspx?ID=145&RPID=454305731&XXR=0,,,,,2781,Incomplete
2013,Surrey County Council,Shalford,Liberal Democrats,Liberal Democrats,"Potter, George Matthews",1023,37,2,False,1,,10528,,,False,scheduled,2013-05-02,https://mycouncil.surreycc.gov.uk/mgElectionAreaResults.aspx?ID=145&RPID=454305731&XXR=0,,,,,2781,Incomplete
2013,Surrey County Council,Shalford,Labour,Labour,"Seber, Rose",347,12,3,False,1,,10528,,,False,scheduled,2013-05-02,https://mycouncil.surreycc.gov.uk/mgElectionAreaResults.aspx?ID=145&RPID=454305731&XXR=0,,,,,2781,Incomplete
2013,Surrey County Council,Shere,Liberal Democrats,Liberal Democrats,"Merryweather, Marilyn",361,11,3,False,1,,9707,,,False,scheduled,2013-05-02,https://mycouncil.surreycc.gov.uk/mgElectionAreaResults.aspx?ID=146&RPID=454305731&XXR=0,,,,,3355,Incomplete
2013,Surrey County Council,Shere,Conservative,Conservative,"Taylor, Keith",1907,57,1,True,1,,9707,,,False,scheduled,2013-05-02,https://mycouncil.surreycc.gov.uk/mgElectionAreaResults.aspx?ID=146&RPID=454305731&XXR=0,,,,,3355,Incomplete
2013,Surrey County Council,Shere,UK Independence Party,UK Independence Party,"Walker, Donna",778,23,2,False,1,,9707,,,False,scheduled,2013-05-02,https://mycouncil.surreycc.gov.uk/mgElectionAreaResults.aspx?ID=146&RPID=454305731&XXR=0,,,,,3355,Incomplete
2013,Surrey County Council,Shere,Labour,Labour,"Woof, Robin Clifford",309,9,4,False,1,,9707,,,False,scheduled,2013-05-02,https://mycouncil.surreycc.gov.uk/mgElectionAreaResults.aspx?ID=146&RPID=454305731&XXR=0,,,,,3355,Incomplete
2013,Surrey County Council,Staines,Labour,Labour,"Khan, Imtiaz",371,13,3,False,1,,10473,26.0,wikipedia_reported_turnout_percent,True,scheduled,2013-05-02,https://mycouncil.surreycc.gov.uk/mgElectionAreaResults.aspx?ID=147&RPID=454305731&XXR=0,,,,,2770,Incomplete
2013,Surrey County Council,Staines,UK Independence Party,UK Independence Party,"Kincses, Marion",622,22,2,False,1,,10473,26.0,wikipedia_reported_turnout_percent,True,scheduled,2013-05-02,https://mycouncil.surreycc.gov.uk/mgElectionAreaResults.aspx?ID=147&RPID=454305731&XXR=0,,,,,2770,Incomplete
2013,Surrey County Council,Staines,Conservative,Conservative,"Saliagopoulos, Denise",1307,47,1,True,1,,10473,26.0,wikipedia_reported_turnout_percent,True,scheduled,2013-05-02,https://mycouncil.surreycc.gov.uk/mgElectionAreaResults.aspx?ID=147&RPID=454305731&XXR=0,,,,,2770,Incomplete
2013,Surrey County Council,Staines,Spelthorne Independent Party Candidate,Spelthorne Independent Party Candidate,"Stanton, Jacqueline",231,8,5,False,1,,10473,26.0,wikipedia_reported_turnout_percent,True,scheduled,2013-05-02,https://mycouncil.surreycc.gov.uk/mgElectionAreaResults.aspx?ID=147&RPID=454305731&XXR=0,,,,,2770,Incomplete
2013,Surrey County Council,Staines,Liberal Democrats,Liberal Democrats,"Vincent, Susan Jane",239,9,4,False,1,,10473,26.0,wikipedia_reported_turnout_percent,True,scheduled,2013-05-02,https://mycouncil.surreycc.gov.uk/mgElectionAreaResults.aspx?ID=147&RPID=454305731&XXR=0,,,,,2770,Incomplete
2013,Surrey County Council,Staines South and Ashford West,Liberal Democrats,Liberal Democrats,"Edwards, Jon",119,4,4,False,1,,10920,28.0,wikipedia_reported_turnout_percent,True,scheduled,2013-05-02,https://mycouncil.surreycc.gov.uk/mgElectionAreaResults.aspx?ID=148&RPID=454305731&XXR=0,,,,,3095,Incomplete
2013,Surrey County Council,Staines South and Ashford West,UK Independence Party,UK Independence Party,"Jenkins, Daniel John Christopher",1175,38,1,True,1,,10920,28.0,wikipedia_reported_turnout_percent,True,scheduled,2013-05-02,https://mycouncil.surreycc.gov.uk/mgElectionAreaResults.aspx?ID=148&RPID=454305731&XXR=0,,,,,3095,Incomplete
2013,Surrey County Council,Staines South and Ashford West,Labour,Labour,"Johnston, John",630,20,3,False,1,,10920,28.0,wikipedia_reported_turnout_percent,True,scheduled,2013-05-02,https://mycouncil.surreycc.gov.uk/mgElectionAreaResults.aspx?ID=148&RPID=454305731&XXR=0,,,,,3095,Incomplete
2013,Surrey County Council,Staines South and Ashford West,Conservative,Conservative,"Turner-Stewart, Denise",1171,38,2,False,1,,10920,28.0,wikipedia_reported_turnout_percent,True,scheduled,2013-05-02,https://mycouncil.surreycc.gov.uk/mgElectionAreaResults.aspx?ID=148&RPID=454305731&XXR=0,,,,,3095,Incomplete
2013,Surrey County Council,Stanwell and Stanwell Moor,UK Independence Party,UK Independence Party,"Cox, Geoff",588,24,3,False,1,,9856,24.0,wikipedia_reported_turnout_percent,True,scheduled,2013-05-02,https://mycouncil.surreycc.gov.uk/mgElectionAreaResults.aspx?ID=149&RPID=454305731&XXR=0,,,,,2404,Incomplete
2013,Surrey County Council,Stanwell and Stanwell Moor,Conservative,Conservative,"Davis, Colin",599,25,2,False,1,,9856,24.0,wikipedia_reported_turnout_percent,True,scheduled,2013-05-02,https://mycouncil.surreycc.gov.uk/mgElectionAreaResults.aspx?ID=149&RPID=454305731&XXR=0,,,,,2404,Incomplete
2013,Surrey County Council,Stanwell and Stanwell Moor,Labour,Labour,"Evans, Robert",847,35,1,True,1,,9856,24.0,wikipedia_reported_turnout_percent,True,scheduled,2013-05-02,https://mycouncil.surreycc.gov.uk/mgElectionAreaResults.aspx?ID=149&RPID=454305731&XXR=0,,,,,2404,Incomplete
2013,Surrey County Council,Stanwell and Stanwell Moor,Spelthorne Independent Party Candidate,Spelthorne Independent Party Candidate,"Flurry, Kevin Ernest",253,11,4,False,1,,9856,24.0,wikipedia_reported_turnout_percent,True,scheduled,2013-05-02,https://mycouncil.surreycc.gov.uk/mgElectionAreaResults.aspx?ID=149&RPID=454305731&XXR=0,,,,,2404,Incomplete
2013,Surrey County Council,Stanwell and Stanwell Moor,Liberal Democrats,Liberal Democrats,"Georges, Fares Daud",117,5,5,False,1,,9856,24.0,wikipedia_reported_turnout_percent,True,scheduled,2013-05-02,https://mycouncil.surreycc.gov.uk/mgElectionAreaResults.aspx?ID=149&RPID=454305731&XXR=0,,,,,2404,Incomplete
2013,Surrey County Council,Sunbury Common & Ashford Common,Liberal Democrats,Liberal Democrats,"Beardsmore, Ian Joseph",1025,40,1,True,1,,11522,22.0,wikipedia_reported_turnout_percent,True,scheduled,2013-05-02,https://mycouncil.surreycc.gov.uk/mgElectionAreaResults.aspx?ID=150&RPID=454305731&XXR=0,,,,,2590,Incomplete
2013,Surrey County Council,Sunbury Common & Ashford Common,UK Independence Party,UK Independence Party,"Fowler, Mark Adrian",658,25,2,False,1,,11522,22.0,wikipedia_reported_turnout_percent,True,scheduled,2013-05-02,https://mycouncil.surreycc.gov.uk/mgElectionAreaResults.aspx?ID=150&RPID=454305731&XXR=0,,,,,2590,Incomplete
2013,Surrey County Council,Sunbury Common & Ashford Common,Conservative,Conservative,"Frazer, Chris",549,21,3,False,1,,11522,22.0,wikipedia_reported_turnout_percent,True,scheduled,2013-05-02,https://mycouncil.surreycc.gov.uk/mgElectionAreaResults.aspx?ID=150&RPID=454305731&XXR=0,,,,,2590,Incomplete
2013,Surrey County Council,Sunbury Common & Ashford Common,Labour,Labour,"Wrightson, Sarah",358,14,4,False,1,,11522,22.0,wikipedia_reported_turnout_percent,True,scheduled,2013-05-02,https://mycouncil.surreycc.gov.uk/mgElectionAreaResults.aspx?ID=150&RPID=454305731&XXR=0,,,,,2590,Incomplete
2013,Surrey County Council,"Tadworth, Walton & Kingswood",Conservative,Conservative,"Gosling, Michael Lawrence",1500,53,1,True,1,2832,10596,26.73,wikipedia_reported_turnout_percent,True,scheduled,2013-05-02,https://mycouncil.surreycc.gov.uk/mgElectionAreaResults.aspx?ID=151&RPID=454305731&XXR=0,,,,,2832,Incomplete
2013,Surrey County Council,"Tadworth, Walton & Kingswood",UK Independence Party,UK Independence Party,"Leach, Robert",901,32,2,False,1,2832,10596,26.73,wikipedia_reported_turnout_percent,True,scheduled,2013-05-02,https://mycouncil.surreycc.gov.uk/mgElectionAreaResults.aspx?ID=151&RPID=454305731&XXR=0,,,,,2832,Incomplete
2013,Surrey County Council,"Tadworth, Walton & Kingswood",The Green Party,The Green Party,"Morten, Alistair",230,8,3,False,1,2832,10596,26.73,wikipedia_reported_turnout_percent,True,scheduled,2013-05-02,https://mycouncil.surreycc.gov.uk/mgElectionAreaResults.aspx?ID=151&RPID=454305731&XXR=0,,,,,2832,Incomplete
2013,Surrey County Council,"Tadworth, Walton & Kingswood",Liberal Democrats,Liberal Democrats,"Sykes, Judith Briony",201,7,4,False,1,2832,10596,26.73,wikipedia_reported_turnout_percent,True,scheduled,2013-05-02,https://mycouncil.surreycc.gov.uk/mgElectionAreaResults.aspx?ID=151&RPID=454305731&XXR=0,,,,,2832,Incomplete
2013,Surrey County Council,The Byfleets,Liberal Democrats,Liberal Democrats,"Grimshaw, Andy",533,18,3,False,1,2945,10019,29.4,wikipedia_reported_turnout_percent,True,scheduled,2013-05-02,https://mycouncil.surreycc.gov.uk/mgElectionAreaResults.aspx?ID=152&RPID=454305731&XXR=0,,,,,2935,Incomplete
2013,Surrey County Council,The Byfleets,British National Party,British National Party,"Jones, Chris",98,3,5,False,1,2945,10019,29.4,wikipedia_reported_turnout_percent,True,scheduled,2013-05-02,https://mycouncil.surreycc.gov.uk/mgElectionAreaResults.aspx?ID=152&RPID=454305731&XXR=0,,,,,2935,Incomplete
2013,Surrey County Council,The Byfleets,UK Independence Party,UK Independence Party,"Knight, Terry",597,20,2,False,1,2945,10019,29.4,wikipedia_reported_turnout_percent,True,scheduled,2013-05-02,https://mycouncil.surreycc.gov.uk/mgElectionAreaResults.aspx?ID=152&RPID=454305731&XXR=0,,,,,2935,Incomplete
2013,Surrey County Council,The Byfleets,Labour,Labour,"Mullins, Anthony William",231,8,4,False,1,2945,10019,29.4,wikipedia_reported_turnout_percent,True,scheduled,2013-05-02,https://mycouncil.surreycc.gov.uk/mgElectionAreaResults.aspx?ID=152&RPID=454305731&XXR=0,,,,,2935,Incomplete
2013,Surrey County Council,The Byfleets,Conservative,Conservative,"Wilson, Richard Arthur Gillard",1476,50,1,True,1,2945,10019,29.4,wikipedia_reported_turnout_percent,True,scheduled,2013-05-02,https://mycouncil.surreycc.gov.uk/mgElectionAreaResults.aspx?ID=152&RPID=454305731&XXR=0,,,,,2935,Incomplete
2013,Surrey County Council,The Dittons,UK Independence Party,UK Independence Party,"Cunningham, Susannah",483,14,3,False,1,3390,11686,29.01,wikipedia_reported_turnout_percent,True,scheduled,2013-05-02,https://mycouncil.surreycc.gov.uk/mgElectionAreaResults.aspx?ID=153&RPID=454305731&XXR=0,,,,,3390,Incomplete
2013,Surrey County Council,The Dittons,Labour,Labour,"Eldergill, Francis",219,6,4,False,1,3390,11686,29.01,wikipedia_reported_turnout_percent,True,scheduled,2013-05-02,https://mycouncil.surreycc.gov.uk/mgElectionAreaResults.aspx?ID=153&RPID=454305731&XXR=0,,,,,3390,Incomplete
2013,Surrey County Council,The Dittons,Dittons and Weston Green Residents,Dittons and Weston Green Residents,"Hickman, Peter Hayes",1861,55,1,True,1,3390,11686,29.01,wikipedia_reported_turnout_percent,True,scheduled,2013-05-02,https://mycouncil.surreycc.gov.uk/mgElectionAreaResults.aspx?ID=153&RPID=454305731&XXR=0,,,,,3390,Incomplete
2013,Surrey County Council,The Dittons,Liberal Democrats,Liberal Democrats,"Smith, Mike",203,6,5,False,1,3390,11686,29.01,wikipedia_reported_turnout_percent,True,scheduled,2013-05-02,https://mycouncil.surreycc.gov.uk/mgElectionAreaResults.aspx?ID=153&RPID=454305731&XXR=0,,,,,3390,Incomplete
2013,Surrey County Council,The Dittons,Conservative,Conservative,"Stead, Robert",624,18,2,False,1,3390,11686,29.01,wikipedia_reported_turnout_percent,True,scheduled,2013-05-02,https://mycouncil.surreycc.gov.uk/mgElectionAreaResults.aspx?ID=153&RPID=454305731&XXR=0,,,,,3390,Incomplete
2013,Surrey County Council,Walton,The Walton Society,The Walton Society,"Collins, Mike",904,32,2,False,1,2807,11117,25.25,wikipedia_reported_turnout_percent,True,scheduled,2013-05-02,https://mycouncil.surreycc.gov.uk/mgElectionAreaResults.aspx?ID=154&RPID=454305731&XXR=0,,,,,2807,Incomplete
2013,Surrey County Council,Walton,Liberal Democrats,Liberal Democrats,"Davey, Sereena Melody",97,3,5,False,1,2807,11117,25.25,wikipedia_reported_turnout_percent,True,scheduled,2013-05-02,https://mycouncil.surreycc.gov.uk/mgElectionAreaResults.aspx?ID=154&RPID=454305731&XXR=0,,,,,2807,Incomplete
2013,Surrey County Council,Walton,Labour,Labour,"Hawkes, Peter John",316,11,4,False,1,2807,11117,25.25,wikipedia_reported_turnout_percent,True,scheduled,2013-05-02,https://mycouncil.surreycc.gov.uk/mgElectionAreaResults.aspx?ID=154&RPID=454305731&XXR=0,,,,,2807,Incomplete
2013,Surrey County Council,Walton,Conservative,Conservative,"Lake, Rachael",1045,37,1,True,1,2807,11117,25.25,wikipedia_reported_turnout_percent,True,scheduled,2013-05-02,https://mycouncil.surreycc.gov.uk/mgElectionAreaResults.aspx?ID=154&RPID=454305731&XXR=0,,,,,2807,Incomplete
2013,Surrey County Council,Walton,UK Independence Party,UK Independence Party,"Wooldridge, Anita",445,16,3,False,1,2807,11117,25.25,wikipedia_reported_turnout_percent,True,scheduled,2013-05-02,https://mycouncil.surreycc.gov.uk/mgElectionAreaResults.aspx?ID=154&RPID=454305731&XXR=0,,,,,2807,Incomplete
2013,Surrey County Council,Walton South & Oatlands,UK Independence Party,UK Independence Party,"Grant, Gillian Sue",584,20,2,False,1,2938,10886,26.99,wikipedia_reported_turnout_percent,True,scheduled,2013-05-02,https://mycouncil.surreycc.gov.uk/mgElectionAreaResults.aspx?ID=155&RPID=454305731&XXR=0,,,,,2938,Incomplete
2013,Surrey County Council,Walton South & Oatlands,Labour,Labour,"Hawkes, Margaret Mary",350,12,3,False,1,2938,10886,26.99,wikipedia_reported_turnout_percent,True,scheduled,2013-05-02,https://mycouncil.surreycc.gov.uk/mgElectionAreaResults.aspx?ID=155&RPID=454305731&XXR=0,,,,,2938,Incomplete
2013,Surrey County Council,Walton South & Oatlands,Conservative,Conservative,"Samuels, Tony",1682,57,1,True,1,2938,10886,26.99,wikipedia_reported_turnout_percent,True,scheduled,2013-05-02,https://mycouncil.surreycc.gov.uk/mgElectionAreaResults.aspx?ID=155&RPID=454305731&XXR=0,,,,,2938,Incomplete
2013,Surrey County Council,Walton South & Oatlands,Liberal Democrats,Liberal Democrats,"Smith, John Ford",322,11,4,False,1,2938,10886,26.99,wikipedia_reported_turnout_percent,True,scheduled,2013-05-02,https://mycouncil.surreycc.gov.uk/mgElectionAreaResults.aspx?ID=155&RPID=454305731&XXR=0,,,,,2938,Incomplete
2013,Surrey County Council,Warlingham,UK Independence Party,UK Independence Party,"Haley, Martin Arthur",1075,32,2,False,1,,10056,34.0,wikipedia_reported_turnout_percent,True,scheduled,2013-05-02,https://mycouncil.surreycc.gov.uk/mgElectionAreaResults.aspx?ID=156&RPID=454305731&XXR=0,,,,,3408,Incomplete
2013,Surrey County Council,Warlingham,Conservative,Conservative,"Hodge, David",1444,42,1,True,1,,10056,34.0,wikipedia_reported_turnout_percent,True,scheduled,2013-05-02,https://mycouncil.surreycc.gov.uk/mgElectionAreaResults.aspx?ID=156&RPID=454305731&XXR=0,,,,,3408,Incomplete
2013,Surrey County Council,Warlingham,Labour,Labour,"Macdonnell, Sarah Catherine",146,4,4,False,1,,10056,34.0,wikipedia_reported_turnout_percent,True,scheduled,2013-05-02,https://mycouncil.surreycc.gov.uk/mgElectionAreaResults.aspx?ID=156&RPID=454305731&XXR=0,,,,,3408,Incomplete
2013,Surrey County Council,Warlingham,Liberal Democrats,Liberal Democrats,"Morrow, Simon Charles",743,22,3,False,1,,10056,34.0,wikipedia_reported_turnout_percent,True,scheduled,2013-05-02,https://mycouncil.surreycc.gov.uk/mgElectionAreaResults.aspx?ID=156&RPID=454305731&XXR=0,,,,,3408,Incomplete
2013,Surrey County Council,Waverley Eastern Villages,UK Independence Party,UK Independence Party,"Alexander, Hugo Alliott Lighton",744,22,2,False,1,,10598,,,False,scheduled,2013-05-02,https://mycouncil.surreycc.gov.uk/mgElectionAreaResults.aspx?ID=157&RPID=454305731&XXR=0,,,,,3460,Incomplete
2013,Surrey County Council,Waverley Eastern Villages,Liberal Democrats,Liberal Democrats,"Cole, Richard Ernest",366,11,3,False,1,,10598,,,False,scheduled,2013-05-02,https://mycouncil.surreycc.gov.uk/mgElectionAreaResults.aspx?ID=157&RPID=454305731&XXR=0,,,,,3460,Incomplete
2013,Surrey County Council,Waverley Eastern Villages,Labour,Labour,"Johnson, Tony",311,9,4,False,1,,10598,,,False,scheduled,2013-05-02,https://mycouncil.surreycc.gov.uk/mgElectionAreaResults.aspx?ID=157&RPID=454305731&XXR=0,,,,,3460,Incomplete
2013,Surrey County Council,Waverley Eastern Villages,Conservative,Conservative,"Young, Victoria Helen",2039,59,1,True,1,,10598,,,False,scheduled,2013-05-02,https://mycouncil.surreycc.gov.uk/mgElectionAreaResults.aspx?ID=157&RPID=454305731&XXR=0,,,,,3460,Incomplete
2013,Surrey County Council,Waverley Western Villages,Conservative,Conservative,"Harmer, David",1880,61,1,True,1,,9666,32.0,wikipedia_reported_turnout_percent,True,scheduled,2013-05-02,https://mycouncil.surreycc.gov.uk/mgElectionAreaResults.aspx?ID=158&RPID=454305731&XXR=0,,,,,3103,Incomplete
2013,Surrey County Council,Waverley Western Villages,Labour,Labour,"Jones, Andrew Desmond",231,7,4,False,1,,9666,32.0,wikipedia_reported_turnout_percent,True,scheduled,2013-05-02,https://mycouncil.surreycc.gov.uk/mgElectionAreaResults.aspx?ID=158&RPID=454305731&XXR=0,,,,,3103,Incomplete
2013,Surrey County Council,Waverley Western Villages,UK Independence Party,UK Independence Party,"Weingartner, Gail",693,22,2,False,1,,9666,32.0,wikipedia_reported_turnout_percent,True,scheduled,2013-05-02,https://mycouncil.surreycc.gov.uk/mgElectionAreaResults.aspx?ID=158&RPID=454305731&XXR=0,,,,,3103,Incomplete
2013,Surrey County Council,Waverley Western Villages,Liberal Democrats,Liberal Democrats,"Whitby, Geoffrey Conrad",299,10,3,False,1,,9666,32.0,wikipedia_reported_turnout_percent,True,scheduled,2013-05-02,https://mycouncil.surreycc.gov.uk/mgElectionAreaResults.aspx?ID=158&RPID=454305731&XXR=0,,,,,3103,Incomplete
2013,Surrey County Council,West Ewell,UK Independence Party,UK Independence Party,"Cane, Bob",495,18,2,False,1,,11572,24.0,wikipedia_reported_turnout_percent,True,scheduled,2013-05-02,https://mycouncil.surreycc.gov.uk/mgElectionAreaResults.aspx?ID=159&RPID=454305731&XXR=0,,,,,2802,Incomplete
2013,Surrey County Council,West Ewell,Labour,Labour,"Geleit, Rob",370,13,4,False,1,,11572,24.0,wikipedia_reported_turnout_percent,True,scheduled,2013-05-02,https://mycouncil.surreycc.gov.uk/mgElectionAreaResults.aspx?ID=159&RPID=454305731&XXR=0,,,,,2802,Incomplete
2013,Surrey County Council,West Ewell,Liberal Democrats,Liberal Democrats,"Kirkland, Julia Rose",145,5,5,False,1,,11572,24.0,wikipedia_reported_turnout_percent,True,scheduled,2013-05-02,https://mycouncil.surreycc.gov.uk/mgElectionAreaResults.aspx?ID=159&RPID=454305731&XXR=0,,,,,2802,Incomplete
2013,Surrey County Council,West Ewell,Residents Association,Residents Association,"Mason, Jan",1373,49,1,True,1,,11572,24.0,wikipedia_reported_turnout_percent,True,scheduled,2013-05-02,https://mycouncil.surreycc.gov.uk/mgElectionAreaResults.aspx?ID=159&RPID=454305731&XXR=0,,,,,2802,Incomplete
2013,Surrey County Council,West Ewell,Conservative,Conservative,"Pontin, Stephen James",419,15,3,False,1,,11572,24.0,wikipedia_reported_turnout_percent,True,scheduled,2013-05-02,https://mycouncil.surreycc.gov.uk/mgElectionAreaResults.aspx?ID=159&RPID=454305731&XXR=0,,,,,2802,Incomplete
2013,Surrey County Council,West Molesey,UK Independence Party,UK Independence Party,"Clements, Steve Geoffrey",353,13,2,False,1,2736,10090,27.16,wikipedia_reported_turnout_percent,True,scheduled,2013-05-02,https://mycouncil.surreycc.gov.uk/mgElectionAreaResults.aspx?ID=160&RPID=454305731&XXR=0,,,,,2736,Incomplete
2013,Surrey County Council,West Molesey,Official Monster Raving Loony Party,Official Monster Raving Loony Party,Crazy Dave,41,1,6,False,1,2736,10090,27.16,wikipedia_reported_turnout_percent,True,scheduled,2013-05-02,https://mycouncil.surreycc.gov.uk/mgElectionAreaResults.aspx?ID=160&RPID=454305731&XXR=0,,,,,2736,Incomplete
2013,Surrey County Council,West Molesey,Conservative,Conservative,"Elmer, Christine",265,10,3,False,1,2736,10090,27.16,wikipedia_reported_turnout_percent,True,scheduled,2013-05-02,https://mycouncil.surreycc.gov.uk/mgElectionAreaResults.aspx?ID=160&RPID=454305731&XXR=0,,,,,2736,Incomplete
2013,Surrey County Council,West Molesey,The Molesey Residents Association,Molesey Residents' Association,"Mallett, Ernest",1947,71,1,True,1,2736,10090,27.16,wikipedia_reported_turnout_percent,True,scheduled,2013-05-02,https://mycouncil.surreycc.gov.uk/mgElectionAreaResults.aspx?ID=160&RPID=454305731&XXR=0,,,,,2736,Incomplete
2013,Surrey County Council,West Molesey,Liberal Democrats,Liberal Democrats,"Sturgis, Alastair Graham Russell",73,3,4,False,1,2736,10090,27.16,wikipedia_reported_turnout_percent,True,scheduled,2013-05-02,https://mycouncil.surreycc.gov.uk/mgElectionAreaResults.aspx?ID=160&RPID=454305731&XXR=0,,,,,2736,Incomplete
2013,Surrey County Council,West Molesey,Labour,Labour,"Willey, Matt",57,2,5,False,1,2736,10090,27.16,wikipedia_reported_turnout_percent,True,scheduled,2013-05-02,https://mycouncil.surreycc.gov.uk/mgElectionAreaResults.aspx?ID=160&RPID=454305731&XXR=0,,,,,2736,Incomplete
2013,Surrey County Council,Weybridge,Liberal Democrats,Liberal Democrats,"Davis, Andrew",650,21,3,False,1,3115,11144,27.95,wikipedia_reported_turnout_percent,True,scheduled,2013-05-02,https://mycouncil.surreycc.gov.uk/mgElectionAreaResults.aspx?ID=161&RPID=454305731&XXR=0,,,,,3115,Incomplete
2013,Surrey County Council,Weybridge,Weybridge Independents,Weybridge Independents,"Harman, Peter Michael",792,25,2,False,1,3115,11144,27.95,wikipedia_reported_turnout_percent,True,scheduled,2013-05-02,https://mycouncil.surreycc.gov.uk/mgElectionAreaResults.aspx?ID=161&RPID=454305731&XXR=0,,,,,3115,Incomplete
2013,Surrey County Council,Weybridge,UK Independence Party,UK Independence Party,"Lake, Ian Robert",524,17,4,False,1,3115,11144,27.95,wikipedia_reported_turnout_percent,True,scheduled,2013-05-02,https://mycouncil.surreycc.gov.uk/mgElectionAreaResults.aspx?ID=161&RPID=454305731&XXR=0,,,,,3115,Incomplete
2013,Surrey County Council,Weybridge,Labour,Labour,"Lister, Martin Richard",158,5,5,False,1,3115,11144,27.95,wikipedia_reported_turnout_percent,True,scheduled,2013-05-02,https://mycouncil.surreycc.gov.uk/mgElectionAreaResults.aspx?ID=161&RPID=454305731&XXR=0,,,,,3115,Incomplete
2013,Surrey County Council,Weybridge,Conservative,Conservative,"Mahne, Christian Nicholas",991,32,1,True,1,3115,11144,27.95,wikipedia_reported_turnout_percent,True,scheduled,2013-05-02,https://mycouncil.surreycc.gov.uk/mgElectionAreaResults.aspx?ID=161&RPID=454305731&XXR=0,,,,,3115,Incomplete
2013,Surrey County Council,Woking North,Conservative,Conservative,"Carasco, Ben",1456,36,1,True,1,4062,11018,36.87,wikipedia_reported_turnout_percent,True,scheduled,2013-05-02,https://mycouncil.surreycc.gov.uk/mgElectionAreaResults.aspx?ID=162&RPID=454305731&XXR=0,,,,,4041,Incomplete
2013,Surrey County Council,Woking North,Liberal Democrats,Liberal Democrats,"Imran, Muhammed",672,17,3,False,1,4062,11018,36.87,wikipedia_reported_turnout_percent,True,scheduled,2013-05-02,https://mycouncil.surreycc.gov.uk/mgElectionAreaResults.aspx?ID=162&RPID=454305731&XXR=0,,,,,4041,Incomplete
2013,Surrey County Council,Woking North,UK Community Issues Party,UK Community Issues Party,"Osman, Michael",43,1,5,False,1,4062,11018,36.87,wikipedia_reported_turnout_percent,True,scheduled,2013-05-02,https://mycouncil.surreycc.gov.uk/mgElectionAreaResults.aspx?ID=162&RPID=454305731&XXR=0,,,,,4041,Incomplete
2013,Surrey County Council,Woking North,Labour,Labour,"Raja, Mohammad Ilyas",1305,32,2,False,1,4062,11018,36.87,wikipedia_reported_turnout_percent,True,scheduled,2013-05-02,https://mycouncil.surreycc.gov.uk/mgElectionAreaResults.aspx?ID=162&RPID=454305731&XXR=0,,,,,4041,Incomplete
2013,Surrey County Council,Woking North,UK Independence Party,UK Independence Party,"Shaw, Timothy",565,14,4,False,1,4062,11018,36.87,wikipedia_reported_turnout_percent,True,scheduled,2013-05-02,https://mycouncil.surreycc.gov.uk/mgElectionAreaResults.aspx?ID=162&RPID=454305731&XXR=0,,,,,4041,Incomplete
2013,Surrey County Council,Woking South,Conservative,Conservative,"Bellord, Simon James",963,29,2,False,1,3336,10834,30.79,wikipedia_reported_turnout_percent,True,scheduled,2013-05-02,https://mycouncil.surreycc.gov.uk/mgElectionAreaResults.aspx?ID=163&RPID=454305731&XXR=0,,,,,3332,Incomplete
2013,Surrey County Council,Woking South,UK Independence Party,UK Independence Party,"Burberry, Rob",575,17,3,False,1,3336,10834,30.79,wikipedia_reported_turnout_percent,True,scheduled,2013-05-02,https://mycouncil.surreycc.gov.uk/mgElectionAreaResults.aspx?ID=163&RPID=454305731&XXR=0,,,,,3332,Incomplete
2013,Surrey County Council,Woking South,Liberal Democrats,Liberal Democrats,"Forster, Will",1449,43,1,True,1,3336,10834,30.79,wikipedia_reported_turnout_percent,True,scheduled,2013-05-02,https://mycouncil.surreycc.gov.uk/mgElectionAreaResults.aspx?ID=163&RPID=454305731&XXR=0,,,,,3332,Incomplete
2013,Surrey County Council,Woking South,"The Peace Party - Non-violence, Justice, Environment","The Peace Party - Non-violence, Justice, Environment","Roxburgh, Julie",75,2,5,False,1,3336,10834,30.79,wikipedia_reported_turnout_percent,True,scheduled,2013-05-02,https://mycouncil.surreycc.gov.uk/mgElectionAreaResults.aspx?ID=163&RPID=454305731&XXR=0,,,,,3332,Incomplete
2013,Surrey County Council,Woking South,Labour,Labour,"Tudhope, Stephen William",270,8,4,False,1,3336,10834,30.79,wikipedia_reported_turnout_percent,True,scheduled,2013-05-02,https://mycouncil.surreycc.gov.uk/mgElectionAreaResults.aspx?ID=163&RPID=454305731&XXR=0,,,,,3332,Incomplete
2013,Surrey County Council,Woking South East,Conservative,Conservative,"Bowes, Liz",1843,58,1,True,1,3198,10177,31.42,wikipedia_reported_turnout_percent,True,scheduled,2013-05-02,https://mycouncil.surreycc.gov.uk/mgElectionAreaResults.aspx?ID=164&RPID=454305731&XXR=0,,,,,3186,Incomplete
2013,Surrey County Council,Woking South East,Labour,Labour,"Denning, Alex",318,10,4,False,1,3198,10177,31.42,wikipedia_reported_turnout_percent,True,scheduled,2013-05-02,https://mycouncil.surreycc.gov.uk/mgElectionAreaResults.aspx?ID=164&RPID=454305731&XXR=0,,,,,3186,Incomplete
2013,Surrey County Council,Woking South East,Liberal Democrats,Liberal Democrats,"Lyons, Liam",407,13,3,False,1,3198,10177,31.42,wikipedia_reported_turnout_percent,True,scheduled,2013-05-02,https://mycouncil.surreycc.gov.uk/mgElectionAreaResults.aspx?ID=164&RPID=454305731&XXR=0,,,,,3186,Incomplete
2013,Surrey County Council,Woking South East,UK Independence Party,UK Independence Party,"Milner, Robin",618,19,2,False,1,3198,10177,31.42,wikipedia_reported_turnout_percent,True,scheduled,2013-05-02,https://mycouncil.surreycc.gov.uk/mgElectionAreaResults.aspx?ID=164&RPID=454305731&XXR=0,,,,,3186,Incomplete
2013,Surrey County Council,Woking South West,Liberal Democrats,Liberal Democrats,"Howard, Ken",564,20,3,False,1,2796,9563,29.24,wikipedia_reported_turnout_percent,True,scheduled,2013-05-02,https://mycouncil.surreycc.gov.uk/mgElectionAreaResults.aspx?ID=165&RPID=454305731&XXR=0,,,,,2785,Incomplete
2013,Surrey County Council,Woking South West,Conservative,Conservative,"Kemeny, Linda Stephanie",1339,48,1,True,1,2796,9563,29.24,wikipedia_reported_turnout_percent,True,scheduled,2013-05-02,https://mycouncil.surreycc.gov.uk/mgElectionAreaResults.aspx?ID=165&RPID=454305731&XXR=0,,,,,2785,Incomplete
2013,Surrey County Council,Woking South West,UK Independence Party,UK Independence Party,"Taylor, Marcia",589,21,2,False,1,2796,9563,29.24,wikipedia_reported_turnout_percent,True,scheduled,2013-05-02,https://mycouncil.surreycc.gov.uk/mgElectionAreaResults.aspx?ID=165&RPID=454305731&XXR=0,,,,,2785,Incomplete
2013,Surrey County Council,Woking South West,Labour,Labour,"Willis, Tom",293,11,4,False,1,2796,9563,29.24,wikipedia_reported_turnout_percent,True,scheduled,2013-05-02,https://mycouncil.surreycc.gov.uk/mgElectionAreaResults.aspx?ID=165&RPID=454305731&XXR=0,,,,,2785,Incomplete
2013,Surrey County Council,Woodham and New Haw,Conservative,Conservative,"Angell, Mary",1301,47,1,True,1,,9788,28.0,wikipedia_reported_turnout_percent,True,scheduled,2013-05-02,https://mycouncil.surreycc.gov.uk/mgElectionAreaResults.aspx?ID=166&RPID=454305731&XXR=0,,,,,2750,Incomplete
2013,Surrey County Council,Woodham and New Haw,Liberal Democrats,Liberal Democrats,"Coulon, Jennifer",242,9,4,False,1,,9788,28.0,wikipedia_reported_turnout_percent,True,scheduled,2013-05-02,https://mycouncil.surreycc.gov.uk/mgElectionAreaResults.aspx?ID=166&RPID=454305731&XXR=0,,,,,2750,Incomplete
2013,Surrey County Council,Woodham and New Haw,Labour,Labour,"Emerson, Anne",357,13,3,False,1,,9788,28.0,wikipedia_reported_turnout_percent,True,scheduled,2013-05-02,https://mycouncil.surreycc.gov.uk/mgElectionAreaResults.aspx?ID=166&RPID=454305731&XXR=0,,,,,2750,Incomplete
2013,Surrey County Council,Woodham and New Haw,UK Independence Party,UK Independence Party,"Roe, David Simon",850,31,2,False,1,,9788,28.0,wikipedia_reported_turnout_percent,True,scheduled,2013-05-02,https://mycouncil.surreycc.gov.uk/mgElectionAreaResults.aspx?ID=166&RPID=454305731&XXR=0,,,,,2750,Incomplete
2013,Surrey County Council,Worplesdon,Liberal Democrats,Liberal Democrats,"Cragg, Paul Ronald",609,17,3,False,1,,11029,32.0,wikipedia_reported_turnout_percent,True,scheduled,2013-05-02,https://mycouncil.surreycc.gov.uk/mgElectionAreaResults.aspx?ID=167&RPID=454305731&XXR=0,,,,,3534,Incomplete
2013,Surrey County Council,Worplesdon,Labour,Labour,"Jeram, Michael Stanley",332,9,4,False,1,,11029,32.0,wikipedia_reported_turnout_percent,True,scheduled,2013-05-02,https://mycouncil.surreycc.gov.uk/mgElectionAreaResults.aspx?ID=167&RPID=454305731&XXR=0,,,,,3534,Incomplete
2013,Surrey County Council,Worplesdon,UK Independence Party,UK Independence Party,"Wadman, Terry",777,22,2,False,1,,11029,32.0,wikipedia_reported_turnout_percent,True,scheduled,2013-05-02,https://mycouncil.surreycc.gov.uk/mgElectionAreaResults.aspx?ID=167&RPID=454305731&XXR=0,,,,,3534,Incomplete
2013,Surrey County Council,Worplesdon,Conservative,Conservative,"Witham, Keith",1816,51,1,True,1,,11029,32.0,wikipedia_reported_turnout_percent,True,scheduled,2013-05-02,https://mycouncil.surreycc.gov.uk/mgElectionAreaResults.aspx?ID=167&RPID=454305731&XXR=0,,,,,3534,Incomplete
2013,Surrey County Council,Addlestone,Official Monster Raving Loony Party,Official Monster Raving Loony Party,"Collett, Keith David",52,2,5,False,1,,11109,26.0,wikipedia_reported_turnout_percent,True,scheduled,2013-05-02,https://mycouncil.surreycc.gov.uk/mgElectionAreaResults.aspx?ID=87&RPID=454305731&XXR=0,,,,,2891,Incomplete
2013,Surrey County Council,Addlestone,Liberal Democrats,Liberal Democrats,"Falconer, Andrew",182,6,4,False,1,,11109,26.0,wikipedia_reported_turnout_percent,True,scheduled,2013-05-02,https://mycouncil.surreycc.gov.uk/mgElectionAreaResults.aspx?ID=87&RPID=454305731&XXR=0,,,,,2891,Incomplete
2013,Surrey County Council,Addlestone,Conservative,Conservative,"Furey, John Raymond",1146,40,1,True,1,,11109,26.0,wikipedia_reported_turnout_percent,True,scheduled,2013-05-02,https://mycouncil.surreycc.gov.uk/mgElectionAreaResults.aspx?ID=87&RPID=454305731&XXR=0,,,,,2891,Incomplete
2013,Surrey County Council,Addlestone,UK Independence Party,UK Independence Party,"Micklethwait, Toby",922,32,2,False,1,,11109,26.0,wikipedia_reported_turnout_percent,True,scheduled,2013-05-02,https://mycouncil.surreycc.gov.uk/mgElectionAreaResults.aspx?ID=87&RPID=454305731&XXR=0,,,,,2891,Incomplete
2013,Surrey County Council,Addlestone,Labour,Labour,"Neathey, Arran Richard",589,20,3,False,1,,11109,26.0,wikipedia_reported_turnout_percent,True,scheduled,2013-05-02,https://mycouncil.surreycc.gov.uk/mgElectionAreaResults.aspx?ID=87&RPID=454305731&XXR=0,,,,,2891,Incomplete
2013,Surrey County Council,Ash,Liberal Democrats,Liberal Democrats,"Hilliar, Alan",568,20,3,False,1,,9920,28.0,wikipedia_reported_turnout_percent,True,scheduled,2013-05-02,https://mycouncil.surreycc.gov.uk/mgElectionAreaResults.aspx?ID=88&RPID=454305731&XXR=0,,,,,2782,Incomplete
2013,Surrey County Council,Ash,UK Independence Party,UK Independence Party,"Manzoor, Mazhar",573,21,2,False,1,,9920,28.0,wikipedia_reported_turnout_percent,True,scheduled,2013-05-02,https://mycouncil.surreycc.gov.uk/mgElectionAreaResults.aspx?ID=88&RPID=454305731&XXR=0,,,,,2782,Incomplete
2013,Surrey County Council,Ash,Conservative,Conservative,"Moseley, Marsha",1312,47,1,True,1,,9920,28.0,wikipedia_reported_turnout_percent,True,scheduled,2013-05-02,https://mycouncil.surreycc.gov.uk/mgElectionAreaResults.aspx?ID=88&RPID=454305731&XXR=0,,,,,2782,Incomplete
2013,Surrey County Council,Ash,Labour,Labour,"O'Byrne, Joan Anne May",329,12,4,False,1,,9920,28.0,wikipedia_reported_turnout_percent,True,scheduled,2013-05-02,https://mycouncil.surreycc.gov.uk/mgElectionAreaResults.aspx?ID=88&RPID=454305731&XXR=0,,,,,2782,Incomplete
2013,Surrey County Council,Ashford,UK Independence Party,UK Independence Party,"Bromley, Robert Ian",964,33,2,False,1,2929,10768,27.43,wikipedia_reported_turnout_percent,True,scheduled,2013-05-02,https://mycouncil.surreycc.gov.uk/mgElectionAreaResults.aspx?ID=89&RPID=454305731&XXR=0,,,,,2929,Incomplete
2013,Surrey County Council,Ashford,Conservative,Conservative,"Coleman, Carol Ann",1299,44,1,True,1,2929,10768,27.43,wikipedia_reported_turnout_percent,True,scheduled,2013-05-02,https://mycouncil.surreycc.gov.uk/mgElectionAreaResults.aspx?ID=89&RPID=454305731&XXR=0,,,,,2929,Incomplete
2013,Surrey County Council,Ashford,Liberal Democrats,Liberal Democrats,"Gardiner, Kelvin Thomas",155,5,4,False,1,2929,10768,27.43,wikipedia_reported_turnout_percent,True,scheduled,2013-05-02,https://mycouncil.surreycc.gov.uk/mgElectionAreaResults.aspx?ID=89&RPID=454305731&XXR=0,,,,,2929,Incomplete
2013,Surrey County Council,Ashford,Labour,Labour,"Miller, Joe Ian",511,17,3,False,1,2929,10768,27.43,wikipedia_reported_turnout_percent,True,scheduled,2013-05-02,https://mycouncil.surreycc.gov.uk/mgElectionAreaResults.aspx?ID=89&RPID=454305731&XXR=0,,,,,2929,Incomplete
2013,Surrey County Council,Ashtead,Conservative,Conservative,"Ashton, Tim",1332,31,2,False,1,4341,11272,38.51,wikipedia_reported_turnout_percent,True,scheduled,2013-05-02,https://mycouncil.surreycc.gov.uk/mgElectionAreaResults.aspx?ID=90&RPID=454305731&XXR=0,,,,,4341,Incomplete
2013,Surrey County Council,Ashtead,Liberal Democrats,Liberal Democrats,"Becker, Penelope",95,2,5,False,1,4341,11272,38.51,wikipedia_reported_turnout_percent,True,scheduled,2013-05-02,https://mycouncil.surreycc.gov.uk/mgElectionAreaResults.aspx?ID=90&RPID=454305731&XXR=0,,,,,4341,Incomplete
2013,Surrey County Council,Ashtead,UK Independence Party,UK Independence Party,"Daniels, Adrian",465,11,3,False,1,4341,11272,38.51,wikipedia_reported_turnout_percent,True,scheduled,2013-05-02,https://mycouncil.surreycc.gov.uk/mgElectionAreaResults.aspx?ID=90&RPID=454305731&XXR=0,,,,,4341,Incomplete
2013,Surrey County Council,Ashtead,Labour,Labour,"Gilchrist, Susan",166,4,4,False,1,4341,11272,38.51,wikipedia_reported_turnout_percent,True,scheduled,2013-05-02,https://mycouncil.surreycc.gov.uk/mgElectionAreaResults.aspx?ID=90&RPID=454305731&XXR=0,,,,,4341,Incomplete
2013,Surrey County Council,Ashtead,"Ashtead Independent, working with Ashtead Residents","Ashtead Independent, working with Ashtead Residents","Townsend, Christopher",2283,53,1,True,1,4341,11272,38.51,wikipedia_reported_turnout_percent,True,scheduled,2013-05-02,https://mycouncil.surreycc.gov.uk/mgElectionAreaResults.aspx?ID=90&RPID=454305731&XXR=0,,,,,4341,Incomplete
2013,Surrey County Council,"Bagshot, Windlesham and Chobham",Conservative,Conservative,"Goodman, Mike",1674,54,1,True,1,3123,11149,28.0,wikipedia_reported_turnout_percent,True,scheduled,2013-05-02,https://mycouncil.surreycc.gov.uk/mgElectionAreaResults.aspx?ID=91&RPID=454305731&XXR=0,,,,,3123,Incomplete
2013,Surrey County Council,"Bagshot, Windlesham and Chobham",Liberal Democrats,Liberal Democrats,"Hutchinson, Ruth",333,11,4,False,1,3123,11149,28.0,wikipedia_reported_turnout_percent,True,scheduled,2013-05-02,https://mycouncil.surreycc.gov.uk/mgElectionAreaResults.aspx?ID=91&RPID=454305731&XXR=0,,,,,3123,Incomplete
2013,Surrey County Council,"Bagshot, Windlesham and Chobham",UK Independence Party,UK Independence Party,"Shatwell, Robert",690,22,2,False,1,3123,11149,28.0,wikipedia_reported_turnout_percent,True,scheduled,2013-05-02,https://mycouncil.surreycc.gov.uk/mgElectionAreaResults.aspx?ID=91&RPID=454305731&XXR=0,,,,,3123,Incomplete
2013,Surrey County Council,"Bagshot, Windlesham and Chobham",Labour,Labour,"Wilson, Richard",426,14,3,False,1,3123,11149,28.0,wikipedia_reported_turnout_percent,True,scheduled,2013-05-02,https://mycouncil.surreycc.gov.uk/mgElectionAreaResults.aspx?ID=91&RPID=454305731&XXR=0,,,,,3123,Incomplete
2013,Surrey County Council,"Banstead, Woodmansterne & Chipstead",UK Independence Party,UK Independence Party,"Byrne, Christopher",994,33,2,False,1,2996,11229,26.0,wikipedia_reported_turnout_percent,True,scheduled,2013-05-02,https://mycouncil.surreycc.gov.uk/mgElectionAreaResults.aspx?ID=92&RPID=454305731&XXR=0,,,,,2996,Incomplete
2013,Surrey County Council,"Banstead, Woodmansterne & Chipstead",Conservative,Conservative,"Gulati, Ken",1497,50,1,True,1,2996,11229,26.0,wikipedia_reported_turnout_percent,True,scheduled,2013-05-02,https://mycouncil.surreycc.gov.uk/mgElectionAreaResults.aspx?ID=92&RPID=454305731&XXR=0,,,,,2996,Incomplete
2013,Surrey County Council,"Banstead, Woodmansterne & Chipstead",Liberal Democrats,Liberal Democrats,"Kulka, Helen Jane",233,8,4,False,1,2996,11229,26.0,wikipedia_reported_turnout_percent,True,scheduled,2013-05-02,https://mycouncil.surreycc.gov.uk/mgElectionAreaResults.aspx?ID=92&RPID=454305731&XXR=0,,,,,2996,Incomplete
2013,Surrey County Council,"Banstead, Woodmansterne & Chipstead",The Green Party,The Green Party,"Wilson, Phil",272,9,3,False,1,2996,11229,26.0,wikipedia_reported_turnout_percent,True,scheduled,2013-05-02,https://mycouncil.surreycc.gov.uk/mgElectionAreaResults.aspx?ID=92&RPID=454305731&XXR=0,,,,,2996,Incomplete
2013,Surrey County Council,Bookham and Fetcham West,Conservative,Conservative,"Curran, Clare",2155,46,1,True,1,,11941,,,False,scheduled,2013-05-02,https://mycouncil.surreycc.gov.uk/mgElectionAreaResults.aspx?ID=93&RPID=454305731&XXR=0,,,,,4736,Incomplete
2013,Surrey County Council,Bookham and Fetcham West,Labour,Labour,"Davis, Keith",259,5,4,False,1,,11941,,,False,scheduled,2013-05-02,https://mycouncil.surreycc.gov.uk/mgElectionAreaResults.aspx?ID=93&RPID=454305731&XXR=0,,,,,4736,Incomplete
2013,Surrey County Council,Bookham and Fetcham West,Liberal Democrats,Liberal Democrats,"Freeman, Andrew Richard",1218,26,2,False,1,,11941,,,False,scheduled,2013-05-02,https://mycouncil.surreycc.gov.uk/mgElectionAreaResults.aspx?ID=93&RPID=454305731&XXR=0,,,,,4736,Incomplete
2013,Surrey County Council,Bookham and Fetcham West,UK Independence Party,UK Independence Party,"Heelas, Mike",1104,23,3,False,1,,11941,,,False,scheduled,2013-05-02,https://mycouncil.surreycc.gov.uk/mgElectionAreaResults.aspx?ID=93&RPID=454305731&XXR=0,,,,,4736,Incomplete
2013,Surrey County Council,Camberley East,UK Independence Party,UK Independence Party,"Bevan, John",753,30,2,False,1,2530,10699,23.0,wikipedia_reported_turnout_percent,True,scheduled,2013-05-02,https://mycouncil.surreycc.gov.uk/mgElectionAreaResults.aspx?ID=94&RPID=454305731&XXR=0,,,,,2530,Incomplete
2013,Surrey County Council,Camberley East,Conservative,Conservative,"Chapman, Bill",1323,52,1,True,1,2530,10699,23.0,wikipedia_reported_turnout_percent,True,scheduled,2013-05-02,https://mycouncil.surreycc.gov.uk/mgElectionAreaResults.aspx?ID=94&RPID=454305731&XXR=0,,,,,2530,Incomplete
2013,Surrey County Council,Camberley East,Labour,Labour,"Philippson, Linda",454,18,3,False,1,2530,10699,23.0,wikipedia_reported_turnout_percent,True,scheduled,2013-05-02,https://mycouncil.surreycc.gov.uk/mgElectionAreaResults.aspx?ID=94&RPID=454305731&XXR=0,,,,,2530,Incomplete
2013,Surrey County Council,Camberley West,Labour,Labour,"Bates, Rodney",991,31,2,False,1,3247,11355,28.0,wikipedia_reported_turnout_percent,True,scheduled,2013-05-02,https://mycouncil.surreycc.gov.uk/mgElectionAreaResults.aspx?ID=95&RPID=454305731&XXR=0,,,,,3247,Incomplete
2013,Surrey County Council,Camberley West,Conservative,Conservative,"Fuller, Denis",1468,45,1,True,1,3247,11355,28.0,wikipedia_reported_turnout_percent,True,scheduled,2013-05-02,https://mycouncil.surreycc.gov.uk/mgElectionAreaResults.aspx?ID=95&RPID=454305731&XXR=0,,,,,3247,Incomplete
2013,Surrey County Council,Camberley West,UK Independence Party,UK Independence Party,"Remfry, Alexander",788,24,3,False,1,3247,11355,28.0,wikipedia_reported_turnout_percent,True,scheduled,2013-05-02,https://mycouncil.surreycc.gov.uk/mgElectionAreaResults.aspx?ID=95&RPID=454305731&XXR=0,,,,,3247,Incomplete
2013,Surrey County Council,Caterham Hill,UK Independence Party,UK Independence Party,"Baker, Tony",688,20,3,False,1,,10693,33.0,wikipedia_reported_turnout_percent,True,scheduled,2013-05-02,https://mycouncil.surreycc.gov.uk/mgElectionAreaResults.aspx?ID=96&RPID=454305731&XXR=0,,,,,3517,Incomplete
2013,Surrey County Council,Caterham Hill,Labour,Labour,"Houldsworth, Etna",196,6,4,False,1,,10693,33.0,wikipedia_reported_turnout_percent,True,scheduled,2013-05-02,https://mycouncil.surreycc.gov.uk/mgElectionAreaResults.aspx?ID=96&RPID=454305731&XXR=0,,,,,3517,Incomplete
2013,Surrey County Council,Caterham Hill,Liberal Democrats,Liberal Democrats,"Orrick, John Alexander",1625,46,1,True,1,,10693,33.0,wikipedia_reported_turnout_percent,True,scheduled,2013-05-02,https://mycouncil.surreycc.gov.uk/mgElectionAreaResults.aspx?ID=96&RPID=454305731&XXR=0,,,,,3517,Incomplete
2013,Surrey County Council,Caterham Hill,Conservative,Conservative,"Webster, Eithne Monica",1008,29,2,False,1,,10693,33.0,wikipedia_reported_turnout_percent,True,scheduled,2013-05-02,https://mycouncil.surreycc.gov.uk/mgElectionAreaResults.aspx?ID=96&RPID=454305731&XXR=0,,,,,3517,Incomplete
2013,Surrey County Council,Caterham Valley,The Green Party,The Green Party,"Adams, Les",129,5,5,False,1,,8946,30.0,wikipedia_reported_turnout_percent,True,scheduled,2013-05-02,https://mycouncil.surreycc.gov.uk/mgElectionAreaResults.aspx?ID=97&RPID=454305731&XXR=0,,,,,2689,Incomplete
2013,Surrey County Council,Caterham Valley,UK Independence Party,UK Independence Party,"Bolter, Jeffrey Warner",567,21,3,False,1,,8946,30.0,wikipedia_reported_turnout_percent,True,scheduled,2013-05-02,https://mycouncil.surreycc.gov.uk/mgElectionAreaResults.aspx?ID=97&RPID=454305731&XXR=0,,,,,2689,Incomplete
2013,Surrey County Council,Caterham Valley,Labour,Labour,"Burgess, John Richard",209,8,4,False,1,,8946,30.0,wikipedia_reported_turnout_percent,True,scheduled,2013-05-02,https://mycouncil.surreycc.gov.uk/mgElectionAreaResults.aspx?ID=97&RPID=454305731&XXR=0,,,,,2689,Incomplete
2013,Surrey County Council,Caterham Valley,Liberal Democrats,Liberal Democrats,"Lee, David John",694,26,2,False,1,,8946,30.0,wikipedia_reported_turnout_percent,True,scheduled,2013-05-02,https://mycouncil.surreycc.gov.uk/mgElectionAreaResults.aspx?ID=97&RPID=454305731&XXR=0,,,,,2689,Incomplete
2013,Surrey County Council,Caterham Valley,Conservative,Conservative,"Marks, Sally Ann Barbara",1090,41,1,True,1,,8946,30.0,wikipedia_reported_turnout_percent,True,scheduled,2013-05-02,https://mycouncil.surreycc.gov.uk/mgElectionAreaResults.aspx?ID=97&RPID=454305731&XXR=0,,,,,2689,Incomplete
2013,Surrey County Council,Chertsey,Labour,Labour,"Godfrey, Lee John",819,27,3,False,1,,11052,28.0,wikipedia_reported_turnout_percent,True,scheduled,2013-05-02,https://mycouncil.surreycc.gov.uk/mgElectionAreaResults.aspx?ID=98&RPID=454305731&XXR=0,,,,,3065,Incomplete
2013,Surrey County Council,Chertsey,Conservative,Conservative,"Norman, Chris",1284,42,1,True,1,,11052,28.0,wikipedia_reported_turnout_percent,True,scheduled,2013-05-02,https://mycouncil.surreycc.gov.uk/mgElectionAreaResults.aspx?ID=98&RPID=454305731&XXR=0,,,,,3065,Incomplete
2013,Surrey County Council,Chertsey,UK Independence Party,UK Independence Party,"Shire, Adam Christopher",962,31,2,False,1,,11052,28.0,wikipedia_reported_turnout_percent,True,scheduled,2013-05-02,https://mycouncil.surreycc.gov.uk/mgElectionAreaResults.aspx?ID=98&RPID=454305731&XXR=0,,,,,3065,Incomplete
2013,Surrey County Council,Cobham,UK Independence Party,UK Independence Party,"Atkins, Richard Farquhar",651,24,2,False,1,2667,10317,25.85,wikipedia_reported_turnout_percent,True,scheduled,2013-05-02,https://mycouncil.surreycc.gov.uk/mgElectionAreaResults.aspx?ID=99&RPID=454305731&XXR=0,,,,,2667,Incomplete
2013,Surrey County Council,Cobham,Liberal Democrats,Liberal Democrats,"Bellchamber, David Colin",295,11,3,False,1,2667,10317,25.85,wikipedia_reported_turnout_percent,True,scheduled,2013-05-02,https://mycouncil.surreycc.gov.uk/mgElectionAreaResults.aspx?ID=99&RPID=454305731&XXR=0,,,,,2667,Incomplete
2013,Surrey County Council,Cobham,Labour,Labour,"Gray, Carolyn Ann",197,7,4,False,1,2667,10317,25.85,wikipedia_reported_turnout_percent,True,scheduled,2013-05-02,https://mycouncil.surreycc.gov.uk/mgElectionAreaResults.aspx?ID=99&RPID=454305731&XXR=0,,,,,2667,Incomplete
2013,Surrey County Council,Cobham,Conservative,Conservative,"Lewis, Mary",1524,57,1,True,1,2667,10317,25.85,wikipedia_reported_turnout_percent,True,scheduled,2013-05-02,https://mycouncil.surreycc.gov.uk/mgElectionAreaResults.aspx?ID=99&RPID=454305731&XXR=0,,,,,2667,Incomplete
