year,council,ward,party_raw,party_canonical,candidate,votes,candidate_vote_share,candidate_rank,candidate_elected,seats_contested,people_who_voted,registered_voters,turnout_percent,turnout_data_source,turnout_is_reliable,event_type,polling_date,source_url,source_table_index,source_caption,source_heading,source_section,total_candidate_votes,ward_index_status
2026,West Surrey Council,Addlestone Ward,Labour and Co-operative,Labour and Co-operative,Arran Richard Neathey,281,4,9,False,2,3910,10080,39,official_result_page_via_serpapi_extractor,True,scheduled,2026-05-07,https://mycouncil.surreycc.gov.uk/mgElectionAreaResults.aspx?EID=2007&ID=388,,,,,7498,Incomplete
2026,West Surrey Council,Addlestone Ward,Labour and Co-operative,Labour and Co-operative,Elaine Percival,265,4,10,False,2,3910,10080,39,official_result_page_via_serpapi_extractor,True,scheduled,2026-05-07,https://mycouncil.surreycc.gov.uk/mgElectionAreaResults.aspx?EID=2007&ID=388,,,,,7498,Incomplete
2026,West Surrey Council,Addlestone Ward,Conservative,Conservative,George Callaghan,962,13,3,False,2,3910,10080,39,official_result_page_via_serpapi_extractor,True,scheduled,2026-05-07,https://mycouncil.surreycc.gov.uk/mgElectionAreaResults.aspx?EID=2007&ID=388,,,,,7498,Incomplete
2026,West Surrey Council,Addlestone Ward,Liberal Democrats,Liberal Democrats,Jenny Coulon,617,8,7,False,2,3910,10080,39,official_result_page_via_serpapi_extractor,True,scheduled,2026-05-07,https://mycouncil.surreycc.gov.uk/mgElectionAreaResults.aspx?EID=2007&ID=388,,,,,7498,Incomplete
2026,West Surrey Council,Addlestone Ward,Conservative,Conservative,Marilyn Swinney,864,12,4,False,2,3910,10080,39,official_result_page_via_serpapi_extractor,True,scheduled,2026-05-07,https://mycouncil.surreycc.gov.uk/mgElectionAreaResults.aspx?EID=2007&ID=388,,,,,7498,Incomplete
2026,West Surrey Council,Addlestone Ward,The Green Party,The Green Party,Paul Matthew Richens,820,11,5,False,2,3910,10080,39,official_result_page_via_serpapi_extractor,True,scheduled,2026-05-07,https://mycouncil.surreycc.gov.uk/mgElectionAreaResults.aspx?EID=2007&ID=388,,,,,7498,Incomplete
2026,West Surrey Council,Addlestone Ward,Reform UK,Reform UK,Scott Michael Kelly,1254,17,1,True,2,3910,10080,39,official_result_page_via_serpapi_extractor,True,scheduled,2026-05-07,https://mycouncil.surreycc.gov.uk/mgElectionAreaResults.aspx?EID=2007&ID=388,,,,,7498,Incomplete
2026,West Surrey Council,Addlestone Ward,Liberal Democrats,Liberal Democrats,Stuart Andrew Lawrence,547,7,8,False,2,3910,10080,39,official_result_page_via_serpapi_extractor,True,scheduled,2026-05-07,https://mycouncil.surreycc.gov.uk/mgElectionAreaResults.aspx?EID=2007&ID=388,,,,,7498,Incomplete
2026,West Surrey Council,Addlestone Ward,The Green Party,The Green Party,Tobin Matthew Davy Steele,693,9,6,False,2,3910,10080,39,official_result_page_via_serpapi_extractor,True,scheduled,2026-05-07,https://mycouncil.surreycc.gov.uk/mgElectionAreaResults.aspx?EID=2007&ID=388,,,,,7498,Incomplete
2026,West Surrey Council,Addlestone Ward,Reform UK,Reform UK,Vincent Roy Mitchell,1195,16,2,True,2,3910,10080,39,official_result_page_via_serpapi_extractor,True,scheduled,2026-05-07,https://mycouncil.surreycc.gov.uk/mgElectionAreaResults.aspx?EID=2007&ID=388,,,,,7498,Incomplete
2026,West Surrey Council,Ash Ward,Conservative,Conservative,Andrew John Campbell Bolton,1005,10,6,False,2,5123,12401,41,official_result_page_via_serpapi_extractor,True,scheduled,2026-05-07,https://mycouncil.surreycc.gov.uk/mgElectionAreaResults.aspx?EID=2007&ID=389,,,,,9936,Incomplete
2026,West Surrey Council,Ash Ward,Liberal Democrats,Liberal Democrats,Carla Jane Morson,2088,21,1,True,2,5123,12401,41,official_result_page_via_serpapi_extractor,True,scheduled,2026-05-07,https://mycouncil.surreycc.gov.uk/mgElectionAreaResults.aspx?EID=2007&ID=389,,,,,9936,Incomplete
2026,West Surrey Council,Ash Ward,The Green Party,The Green Party,Freya Christine Grondinger,483,5,7,False,2,5123,12401,41,official_result_page_via_serpapi_extractor,True,scheduled,2026-05-07,https://mycouncil.surreycc.gov.uk/mgElectionAreaResults.aspx?EID=2007&ID=389,,,,,9936,Incomplete
2026,West Surrey Council,Ash Ward,Conservative,Conservative,John Kenneth Tonks,1422,14,3,False,2,5123,12401,41,official_result_page_via_serpapi_extractor,True,scheduled,2026-05-07,https://mycouncil.surreycc.gov.uk/mgElectionAreaResults.aspx?EID=2007&ID=389,,,,,9936,Incomplete
2026,West Surrey Council,Ash Ward,The Green Party,The Green Party,Joshua Johan Shahrum -Smith (Known as Josh Shahrum,287,3,8,False,2,5123,12401,41,official_result_page_via_serpapi_extractor,True,scheduled,2026-05-07,https://mycouncil.surreycc.gov.uk/mgElectionAreaResults.aspx?EID=2007&ID=389,,,,,9936,Incomplete
2026,West Surrey Council,Ash Ward,Reform UK,Reform UK,Laurence Dietrich Hodge,1178,12,5,False,2,5123,12401,41,official_result_page_via_serpapi_extractor,True,scheduled,2026-05-07,https://mycouncil.surreycc.gov.uk/mgElectionAreaResults.aspx?EID=2007&ID=389,,,,,9936,Incomplete
2026,West Surrey Council,Ash Ward,Labour,Labour,Lewis Frederick Simmons Jewell,221,2,10,False,2,5123,12401,41,official_result_page_via_serpapi_extractor,True,scheduled,2026-05-07,https://mycouncil.surreycc.gov.uk/mgElectionAreaResults.aspx?EID=2007&ID=389,,,,,9936,Incomplete
2026,West Surrey Council,Ash Ward,Independent,Independent,Nigel Manning,243,2,9,False,2,5123,12401,41,official_result_page_via_serpapi_extractor,True,scheduled,2026-05-07,https://mycouncil.surreycc.gov.uk/mgElectionAreaResults.aspx?EID=2007&ID=389,,,,,9936,Incomplete
2026,West Surrey Council,Ash Ward,Reform UK,Reform UK,Patrick Hugh Joseph Kelly,1204,12,4,False,2,5123,12401,41,official_result_page_via_serpapi_extractor,True,scheduled,2026-05-07,https://mycouncil.surreycc.gov.uk/mgElectionAreaResults.aspx?EID=2007&ID=389,,,,,9936,Incomplete
2026,West Surrey Council,Ash Ward,Liberal Democrats,Liberal Democrats,Philip Edward Bellamy,1805,18,2,True,2,5123,12401,41,official_result_page_via_serpapi_extractor,True,scheduled,2026-05-07,https://mycouncil.surreycc.gov.uk/mgElectionAreaResults.aspx?EID=2007&ID=389,,,,,9936,Incomplete
2026,West Surrey Council,Ashford Ward,Reform UK,Reform UK,Christopher Beresford,1435,14,3,False,2,5151,11427,45,official_result_page_via_serpapi_extractor,True,scheduled,2026-05-07,https://mycouncil.surreycc.gov.uk/mgElectionAreaResults.aspx?EID=2007&ID=390,,,,,10024,Incomplete
2026,West Surrey Council,Ashford Ward,Independent,Independent,Joanne Rose Sexton,1870,19,1,True,2,5151,11427,45,official_result_page_via_serpapi_extractor,True,scheduled,2026-05-07,https://mycouncil.surreycc.gov.uk/mgElectionAreaResults.aspx?EID=2007&ID=390,,,,,10024,Incomplete
2026,West Surrey Council,Ashford Ward,Liberal Democrats,Liberal Democrats,Manu Singh,628,6,7,False,2,5151,11427,45,official_result_page_via_serpapi_extractor,True,scheduled,2026-05-07,https://mycouncil.surreycc.gov.uk/mgElectionAreaResults.aspx?EID=2007&ID=390,,,,,10024,Incomplete
2026,West Surrey Council,Ashford Ward,Labour,Labour,Mark Appleyard,375,4,10,False,2,5151,11427,45,official_result_page_via_serpapi_extractor,True,scheduled,2026-05-07,https://mycouncil.surreycc.gov.uk/mgElectionAreaResults.aspx?EID=2007&ID=390,,,,,10024,Incomplete
2026,West Surrey Council,Ashford Ward,Conservative,Conservative,Paul Woodward,839,8,6,False,2,5151,11427,45,official_result_page_via_serpapi_extractor,True,scheduled,2026-05-07,https://mycouncil.surreycc.gov.uk/mgElectionAreaResults.aspx?EID=2007&ID=390,,,,,10024,Incomplete
2026,West Surrey Council,Ashford Ward,The Green Party,The Green Party,Peter John Hughes,474,5,9,False,2,5151,11427,45,official_result_page_via_serpapi_extractor,True,scheduled,2026-05-07,https://mycouncil.surreycc.gov.uk/mgElectionAreaResults.aspx?EID=2007&ID=390,,,,,10024,Incomplete
2026,West Surrey Council,Ashford Ward,Reform UK,Reform UK,Richard Owen Barratt,1465,15,2,True,2,5151,11427,45,official_result_page_via_serpapi_extractor,True,scheduled,2026-05-07,https://mycouncil.surreycc.gov.uk/mgElectionAreaResults.aspx?EID=2007&ID=390,,,,,10024,Incomplete
2026,West Surrey Council,Ashford Ward,Conservative,Conservative,Rose Chandler,849,8,5,False,2,5151,11427,45,official_result_page_via_serpapi_extractor,True,scheduled,2026-05-07,https://mycouncil.surreycc.gov.uk/mgElectionAreaResults.aspx?EID=2007&ID=390,,,,,10024,Incomplete
2026,West Surrey Council,Ashford Ward,Liberal Democrats,Liberal Democrats,Satpal Thethy,561,6,8,False,2,5151,11427,45,official_result_page_via_serpapi_extractor,True,scheduled,2026-05-07,https://mycouncil.surreycc.gov.uk/mgElectionAreaResults.aspx?EID=2007&ID=390,,,,,10024,Incomplete
2026,West Surrey Council,Ashford Ward,Independent,Independent,Sean Freeman,1209,12,4,False,2,5151,11427,45,official_result_page_via_serpapi_extractor,True,scheduled,2026-05-07,https://mycouncil.surreycc.gov.uk/mgElectionAreaResults.aspx?EID=2007&ID=390,,,,,10024,Incomplete
2026,West Surrey Council,Ashford Ward,Labour,Labour,Sharon Linsell,319,3,11,False,2,5151,11427,45,official_result_page_via_serpapi_extractor,True,scheduled,2026-05-07,https://mycouncil.surreycc.gov.uk/mgElectionAreaResults.aspx?EID=2007&ID=390,,,,,10024,Incomplete
2026,West Surrey Council,"Bagshot, Windlesham & Chobham Ward",Labour,Labour,Archie Michael Alexander Langdon,73,1,10,False,2,5195,11434,45,official_result_page_via_serpapi_extractor,True,scheduled,2026-05-07,https://mycouncil.surreycc.gov.uk/mgElectionAreaResults.aspx?EID=2007&ID=391,,,,,10040,Incomplete
2026,West Surrey Council,"Bagshot, Windlesham & Chobham Ward",Conservative,Conservative,Catherine Gomme,1217,12,5,False,2,5195,11434,45,official_result_page_via_serpapi_extractor,True,scheduled,2026-05-07,https://mycouncil.surreycc.gov.uk/mgElectionAreaResults.aspx?EID=2007&ID=391,,,,,10040,Incomplete
2026,West Surrey Council,"Bagshot, Windlesham & Chobham Ward",The Green Party,The Green Party,Emma-Laura James,275,3,7,False,2,5195,11434,45,official_result_page_via_serpapi_extractor,True,scheduled,2026-05-07,https://mycouncil.surreycc.gov.uk/mgElectionAreaResults.aspx?EID=2007&ID=391,,,,,10040,Incomplete
2026,West Surrey Council,"Bagshot, Windlesham & Chobham Ward",The Green Party,The Green Party,Laura Mae Perkins,208,2,8,False,2,5195,11434,45,official_result_page_via_serpapi_extractor,True,scheduled,2026-05-07,https://mycouncil.surreycc.gov.uk/mgElectionAreaResults.aspx?EID=2007&ID=391,,,,,10040,Incomplete
2026,West Surrey Council,"Bagshot, Windlesham & Chobham Ward",Labour,Labour,Matthew David Clarke,84,1,9,False,2,5195,11434,45,official_result_page_via_serpapi_extractor,True,scheduled,2026-05-07,https://mycouncil.surreycc.gov.uk/mgElectionAreaResults.aspx?EID=2007&ID=391,,,,,10040,Incomplete
2026,West Surrey Council,"Bagshot, Windlesham & Chobham Ward",Reform UK,Reform UK,Richard Godwin Barker,1397,14,3,False,2,5195,11434,45,official_result_page_via_serpapi_extractor,True,scheduled,2026-05-07,https://mycouncil.surreycc.gov.uk/mgElectionAreaResults.aspx?EID=2007&ID=391,,,,,10040,Incomplete
2026,West Surrey Council,"Bagshot, Windlesham & Chobham Ward",Liberal Democrats,Liberal Democrats,Richard Michael Wilson,2097,21,2,True,2,5195,11434,45,official_result_page_via_serpapi_extractor,True,scheduled,2026-05-07,https://mycouncil.surreycc.gov.uk/mgElectionAreaResults.aspx?EID=2007&ID=391,,,,,10040,Incomplete
2026,West Surrey Council,"Bagshot, Windlesham & Chobham Ward",Liberal Democrats,Liberal Democrats,Simon Richard Mackintosh Browne,2105,21,1,True,2,5195,11434,45,official_result_page_via_serpapi_extractor,True,scheduled,2026-05-07,https://mycouncil.surreycc.gov.uk/mgElectionAreaResults.aspx?EID=2007&ID=391,,,,,10040,Incomplete
2026,West Surrey Council,"Bagshot, Windlesham & Chobham Ward",Reform UK,Reform UK,Steed Hayllar-Bennett,1201,12,6,False,2,5195,11434,45,official_result_page_via_serpapi_extractor,True,scheduled,2026-05-07,https://mycouncil.surreycc.gov.uk/mgElectionAreaResults.aspx?EID=2007&ID=391,,,,,10040,Incomplete
2026,West Surrey Council,"Bagshot, Windlesham & Chobham Ward",Conservative,Conservative,Valerie Florence Ann White,1383,14,4,False,2,5195,11434,45,official_result_page_via_serpapi_extractor,True,scheduled,2026-05-07,https://mycouncil.surreycc.gov.uk/mgElectionAreaResults.aspx?EID=2007&ID=391,,,,,10040,Incomplete
2026,West Surrey Council,Camberley East Ward,Reform UK,Reform UK,Anatoly Belnik,1185,12,5,False,2,4991,12037,41,official_result_page_via_serpapi_extractor,True,scheduled,2026-05-07,https://mycouncil.surreycc.gov.uk/mgElectionAreaResults.aspx?EID=2007&ID=392,,,,,9741,Incomplete
2026,West Surrey Council,Camberley East Ward,The Green Party,The Green Party,Becky-Lulu Dartnell,354,4,7,False,2,4991,12037,41,official_result_page_via_serpapi_extractor,True,scheduled,2026-05-07,https://mycouncil.surreycc.gov.uk/mgElectionAreaResults.aspx?EID=2007&ID=392,,,,,9741,Incomplete
2026,West Surrey Council,Camberley East Ward,Labour,Labour,Christopher John Jarvis,138,1,9,False,2,4991,12037,41,official_result_page_via_serpapi_extractor,True,scheduled,2026-05-07,https://mycouncil.surreycc.gov.uk/mgElectionAreaResults.aspx?EID=2007&ID=392,,,,,9741,Incomplete
2026,West Surrey Council,Camberley East Ward,The Green Party,The Green Party,Jack Rice,267,3,8,False,2,4991,12037,41,official_result_page_via_serpapi_extractor,True,scheduled,2026-05-07,https://mycouncil.surreycc.gov.uk/mgElectionAreaResults.aspx?EID=2007&ID=392,,,,,9741,Incomplete
2026,West Surrey Council,Camberley East Ward,Liberal Democrats,Liberal Democrats,Jamie Calder,1880,19,1,True,2,4991,12037,41,official_result_page_via_serpapi_extractor,True,scheduled,2026-05-07,https://mycouncil.surreycc.gov.uk/mgElectionAreaResults.aspx?EID=2007&ID=392,,,,,9741,Incomplete
2026,West Surrey Council,Camberley East Ward,Reform UK,Reform UK,Sam Goggin,1159,12,6,False,2,4991,12037,41,official_result_page_via_serpapi_extractor,True,scheduled,2026-05-07,https://mycouncil.surreycc.gov.uk/mgElectionAreaResults.aspx?EID=2007&ID=392,,,,,9741,Incomplete
2026,West Surrey Council,Camberley East Ward,Conservative,Conservative,Shaun Francis Garrett,1461,15,4,False,2,4991,12037,41,official_result_page_via_serpapi_extractor,True,scheduled,2026-05-07,https://mycouncil.surreycc.gov.uk/mgElectionAreaResults.aspx?EID=2007&ID=392,,,,,9741,Incomplete
2026,West Surrey Council,Camberley East Ward,Labour,Labour,Simon Schofield,100,1,10,False,2,4991,12037,41,official_result_page_via_serpapi_extractor,True,scheduled,2026-05-07,https://mycouncil.surreycc.gov.uk/mgElectionAreaResults.aspx?EID=2007&ID=392,,,,,9741,Incomplete
2026,West Surrey Council,Camberley East Ward,Conservative,Conservative,Trefor Hogg,1593,16,3,False,2,4991,12037,41,official_result_page_via_serpapi_extractor,True,scheduled,2026-05-07,https://mycouncil.surreycc.gov.uk/mgElectionAreaResults.aspx?EID=2007&ID=392,,,,,9741,Incomplete
2026,West Surrey Council,Camberley East Ward,Liberal Democrats,Liberal Democrats,Ying Perrett,1604,16,2,True,2,4991,12037,41,official_result_page_via_serpapi_extractor,True,scheduled,2026-05-07,https://mycouncil.surreycc.gov.uk/mgElectionAreaResults.aspx?EID=2007&ID=392,,,,,9741,Incomplete
2026,West Surrey Council,Camberley West & Frimley Ward,Conservative,Conservative,Adisa-Maria Manole,463,6,6,False,2,3880,10305,38,official_result_page_via_serpapi_extractor,True,scheduled,2026-05-07,https://mycouncil.surreycc.gov.uk/mgElectionAreaResults.aspx?EID=2007&ID=393,,,,,7394,Incomplete
2026,West Surrey Council,Camberley West & Frimley Ward,Liberal Democrats,Liberal Democrats,Alan Robert Ashbery,1824,25,1,True,2,3880,10305,38,official_result_page_via_serpapi_extractor,True,scheduled,2026-05-07,https://mycouncil.surreycc.gov.uk/mgElectionAreaResults.aspx?EID=2007&ID=393,,,,,7394,Incomplete
2026,West Surrey Council,Camberley West & Frimley Ward,Labour,Labour,Charlotte Rosemary Anne Viola,102,1,10,False,2,3880,10305,38,official_result_page_via_serpapi_extractor,True,scheduled,2026-05-07,https://mycouncil.surreycc.gov.uk/mgElectionAreaResults.aspx?EID=2007&ID=393,,,,,7394,Incomplete
2026,West Surrey Council,Camberley West & Frimley Ward,Reform UK,Reform UK,Colin Arthur Montague,1084,15,3,False,2,3880,10305,38,official_result_page_via_serpapi_extractor,True,scheduled,2026-05-07,https://mycouncil.surreycc.gov.uk/mgElectionAreaResults.aspx?EID=2007&ID=393,,,,,7394,Incomplete
2026,West Surrey Council,Camberley West & Frimley Ward,Reform UK,Reform UK,Darryl Kishand Ratiram,962,13,4,False,2,3880,10305,38,official_result_page_via_serpapi_extractor,True,scheduled,2026-05-07,https://mycouncil.surreycc.gov.uk/mgElectionAreaResults.aspx?EID=2007&ID=393,,,,,7394,Incomplete
2026,West Surrey Council,Camberley West & Frimley Ward,The Green Party,The Green Party,Gary Marsh,279,4,8,False,2,3880,10305,38,official_result_page_via_serpapi_extractor,True,scheduled,2026-05-07,https://mycouncil.surreycc.gov.uk/mgElectionAreaResults.aspx?EID=2007&ID=393,,,,,7394,Incomplete
2026,West Surrey Council,Camberley West & Frimley Ward,The Green Party,The Green Party,Linda Allard,390,5,7,False,2,3880,10305,38,official_result_page_via_serpapi_extractor,True,scheduled,2026-05-07,https://mycouncil.surreycc.gov.uk/mgElectionAreaResults.aspx?EID=2007&ID=393,,,,,7394,Incomplete
2026,West Surrey Council,Camberley West & Frimley Ward,Labour,Labour,Mackenzie Iris Bird,161,2,9,False,2,3880,10305,38,official_result_page_via_serpapi_extractor,True,scheduled,2026-05-07,https://mycouncil.surreycc.gov.uk/mgElectionAreaResults.aspx?EID=2007&ID=393,,,,,7394,Incomplete
2026,West Surrey Council,Camberley West & Frimley Ward,Liberal Democrats,Liberal Democrats,Sarbie Kang,1599,22,2,True,2,3880,10305,38,official_result_page_via_serpapi_extractor,True,scheduled,2026-05-07,https://mycouncil.surreycc.gov.uk/mgElectionAreaResults.aspx?EID=2007&ID=393,,,,,7394,Incomplete
2026,West Surrey Council,Camberley West & Frimley Ward,Conservative,Conservative,Toni Hourahane,530,7,5,False,2,3880,10305,38,official_result_page_via_serpapi_extractor,True,scheduled,2026-05-07,https://mycouncil.surreycc.gov.uk/mgElectionAreaResults.aspx?EID=2007&ID=393,,,,,7394,Incomplete
2026,West Surrey Council,Chertsey Ward,Labour,Labour,Bernie Charles Stacey,377,5,10,False,2,4277,10234,42,official_result_page_via_serpapi_extractor,True,scheduled,2026-05-07,https://mycouncil.surreycc.gov.uk/mgElectionAreaResults.aspx?EID=2007&ID=394,,,,,8232,Incomplete
2026,West Surrey Council,Chertsey Ward,Reform UK,Reform UK,Dan Caruso,1174,14,3,False,2,4277,10234,42,official_result_page_via_serpapi_extractor,True,scheduled,2026-05-07,https://mycouncil.surreycc.gov.uk/mgElectionAreaResults.aspx?EID=2007&ID=394,,,,,8232,Incomplete
2026,West Surrey Council,Chertsey Ward,Labour,Labour,Helen Joy Ryder-Smith,464,6,8,False,2,4277,10234,42,official_result_page_via_serpapi_extractor,True,scheduled,2026-05-07,https://mycouncil.surreycc.gov.uk/mgElectionAreaResults.aspx?EID=2007&ID=394,,,,,8232,Incomplete
2026,West Surrey Council,Chertsey Ward,The Green Party,The Green Party,Julie Amanda Jane Gibbs,512,6,6,False,2,4277,10234,42,official_result_page_via_serpapi_extractor,True,scheduled,2026-05-07,https://mycouncil.surreycc.gov.uk/mgElectionAreaResults.aspx?EID=2007&ID=394,,,,,8232,Incomplete
2026,West Surrey Council,Chertsey Ward,Liberal Democrats,Liberal Democrats,Kevin Thomas Lee,585,7,5,False,2,4277,10234,42,official_result_page_via_serpapi_extractor,True,scheduled,2026-05-07,https://mycouncil.surreycc.gov.uk/mgElectionAreaResults.aspx?EID=2007&ID=394,,,,,8232,Incomplete
2026,West Surrey Council,Chertsey Ward,Conservative,Conservative,Mark Gordon Nuti,1717,21,1,True,2,4277,10234,42,official_result_page_via_serpapi_extractor,True,scheduled,2026-05-07,https://mycouncil.surreycc.gov.uk/mgElectionAreaResults.aspx?EID=2007&ID=394,,,,,8232,Incomplete
2026,West Surrey Council,Chertsey Ward,The Green Party,The Green Party,Matthew Ross Axbey,460,6,9,False,2,4277,10234,42,official_result_page_via_serpapi_extractor,True,scheduled,2026-05-07,https://mycouncil.surreycc.gov.uk/mgElectionAreaResults.aspx?EID=2007&ID=394,,,,,8232,Incomplete
2026,West Surrey Council,Chertsey Ward,Liberal Democrats,Liberal Democrats,Richard Francis Grills,472,6,7,False,2,4277,10234,42,official_result_page_via_serpapi_extractor,True,scheduled,2026-05-07,https://mycouncil.surreycc.gov.uk/mgElectionAreaResults.aspx?EID=2007&ID=394,,,,,8232,Incomplete
2026,West Surrey Council,Chertsey Ward,Reform UK,Reform UK,Sam Jonathan Newman,1168,14,4,False,2,4277,10234,42,official_result_page_via_serpapi_extractor,True,scheduled,2026-05-07,https://mycouncil.surreycc.gov.uk/mgElectionAreaResults.aspx?EID=2007&ID=394,,,,,8232,Incomplete
2026,West Surrey Council,Chertsey Ward,Conservative,Conservative,Shannon Kerry Niomi Saise-Marshall,1303,16,2,True,2,4277,10234,42,official_result_page_via_serpapi_extractor,True,scheduled,2026-05-07,https://mycouncil.surreycc.gov.uk/mgElectionAreaResults.aspx?EID=2007&ID=394,,,,,8232,Incomplete
2026,West Surrey Council,Cranleigh & Ewhurst Ward,Liberal Democrats,Liberal Democrats,Brian David Steel,2681,21,2,True,2,6515,12420,52,official_result_page_via_serpapi_extractor,True,scheduled,2026-05-07,https://mycouncil.surreycc.gov.uk/mgElectionAreaResults.aspx?EID=2007&ID=395,,,,,12619,Incomplete
2026,West Surrey Council,Cranleigh & Ewhurst Ward,Reform UK,Reform UK,Diane Martine James,1288,10,5,False,2,6515,12420,52,official_result_page_via_serpapi_extractor,True,scheduled,2026-05-07,https://mycouncil.surreycc.gov.uk/mgElectionAreaResults.aspx?EID=2007&ID=395,,,,,12619,Incomplete
2026,West Surrey Council,Cranleigh & Ewhurst Ward,Reform UK,Reform UK,Ian David Hemingway,1274,10,6,False,2,6515,12420,52,official_result_page_via_serpapi_extractor,True,scheduled,2026-05-07,https://mycouncil.surreycc.gov.uk/mgElectionAreaResults.aspx?EID=2007&ID=395,,,,,12619,Incomplete
2026,West Surrey Council,Cranleigh & Ewhurst Ward,Labour,Labour,James Bryan Mitchell,159,1,9,False,2,6515,12420,52,official_result_page_via_serpapi_extractor,True,scheduled,2026-05-07,https://mycouncil.surreycc.gov.uk/mgElectionAreaResults.aspx?EID=2007&ID=395,,,,,12619,Incomplete
2026,West Surrey Council,Cranleigh & Ewhurst Ward,Liberal Democrats,Liberal Democrats,Liz Townsend,3440,27,1,True,2,6515,12420,52,official_result_page_via_serpapi_extractor,True,scheduled,2026-05-07,https://mycouncil.surreycc.gov.uk/mgElectionAreaResults.aspx?EID=2007&ID=395,,,,,12619,Incomplete
2026,West Surrey Council,Cranleigh & Ewhurst Ward,Conservative,Conservative,Philip Naylor Brooker,1540,12,4,False,2,6515,12420,52,official_result_page_via_serpapi_extractor,True,scheduled,2026-05-07,https://mycouncil.surreycc.gov.uk/mgElectionAreaResults.aspx?EID=2007&ID=395,,,,,12619,Incomplete
2026,West Surrey Council,Cranleigh & Ewhurst Ward,The Green Party,The Green Party,Rafael Fischer,318,3,8,False,2,6515,12420,52,official_result_page_via_serpapi_extractor,True,scheduled,2026-05-07,https://mycouncil.surreycc.gov.uk/mgElectionAreaResults.aspx?EID=2007&ID=395,,,,,12619,Incomplete
2026,West Surrey Council,Cranleigh & Ewhurst Ward,The Green Party,The Green Party,Samantha Jane Young,329,3,7,False,2,6515,12420,52,official_result_page_via_serpapi_extractor,True,scheduled,2026-05-07,https://mycouncil.surreycc.gov.uk/mgElectionAreaResults.aspx?EID=2007&ID=395,,,,,12619,Incomplete
2026,West Surrey Council,Cranleigh & Ewhurst Ward,Conservative,Conservative,Sean Patrick Donovan-Smith,1590,13,3,False,2,6515,12420,52,official_result_page_via_serpapi_extractor,True,scheduled,2026-05-07,https://mycouncil.surreycc.gov.uk/mgElectionAreaResults.aspx?EID=2007&ID=395,,,,,12619,Incomplete
2026,West Surrey Council,Egham Ward,Liberal Democrats,Liberal Democrats,Annabel Mary Jones,204,3,11,False,2,4190,9655,43,official_result_page_via_serpapi_extractor,True,scheduled,2026-05-07,https://mycouncil.surreycc.gov.uk/mgElectionAreaResults.aspx?EID=2007&ID=396,,,,,7960,Incomplete
2026,West Surrey Council,Egham Ward,Labour and Co-operative,Labour and Co-operative,Cai Gorman Parry,676,8,7,False,2,4190,9655,43,official_result_page_via_serpapi_extractor,True,scheduled,2026-05-07,https://mycouncil.surreycc.gov.uk/mgElectionAreaResults.aspx?EID=2007&ID=396,,,,,7960,Incomplete
2026,West Surrey Council,Egham Ward,Independent,Independent,Damien Biggs,188,2,12,False,2,4190,9655,43,official_result_page_via_serpapi_extractor,True,scheduled,2026-05-07,https://mycouncil.surreycc.gov.uk/mgElectionAreaResults.aspx?EID=2007&ID=396,,,,,7960,Incomplete
2026,West Surrey Council,Egham Ward,The Green Party,The Green Party,Danni Batt,701,9,6,False,2,4190,9655,43,official_result_page_via_serpapi_extractor,True,scheduled,2026-05-07,https://mycouncil.surreycc.gov.uk/mgElectionAreaResults.aspx?EID=2007&ID=396,,,,,7960,Incomplete
2026,West Surrey Council,Egham Ward,Reform UK,Reform UK,George Henry Gladstone-New,1014,13,2,True,2,4190,9655,43,official_result_page_via_serpapi_extractor,True,scheduled,2026-05-07,https://mycouncil.surreycc.gov.uk/mgElectionAreaResults.aspx?EID=2007&ID=396,,,,,7960,Incomplete
2026,West Surrey Council,Egham Ward,Runnymede Independent Residents' Group,Runnymede Independent Residents' Group,Gren Elliot,948,12,3,False,2,4190,9655,43,official_result_page_via_serpapi_extractor,True,scheduled,2026-05-07,https://mycouncil.surreycc.gov.uk/mgElectionAreaResults.aspx?EID=2007&ID=396,,,,,7960,Incomplete
2026,West Surrey Council,Egham Ward,Liberal Democrats,Liberal Democrats,Ian David Heath,265,3,10,False,2,4190,9655,43,official_result_page_via_serpapi_extractor,True,scheduled,2026-05-07,https://mycouncil.surreycc.gov.uk/mgElectionAreaResults.aspx?EID=2007&ID=396,,,,,7960,Incomplete
2026,West Surrey Council,Egham Ward,Runnymede Independent Residents' Group,Runnymede Independent Residents' Group,Isabel Alice Mullens,1113,14,1,True,2,4190,9655,43,official_result_page_via_serpapi_extractor,True,scheduled,2026-05-07,https://mycouncil.surreycc.gov.uk/mgElectionAreaResults.aspx?EID=2007&ID=396,,,,,7960,Incomplete
2026,West Surrey Council,Egham Ward,Labour and Co-operative,Labour and Co-operative,Jack Christopher Nayak,709,9,5,False,2,4190,9655,43,official_result_page_via_serpapi_extractor,True,scheduled,2026-05-07,https://mycouncil.surreycc.gov.uk/mgElectionAreaResults.aspx?EID=2007&ID=396,,,,,7960,Incomplete
2026,West Surrey Council,Egham Ward,Conservative,Conservative,John Osborn,648,8,9,False,2,4190,9655,43,official_result_page_via_serpapi_extractor,True,scheduled,2026-05-07,https://mycouncil.surreycc.gov.uk/mgElectionAreaResults.aspx?EID=2007&ID=396,,,,,7960,Incomplete
2026,West Surrey Council,Egham Ward,Reform UK,Reform UK,Lewis Kitt,831,10,4,False,2,4190,9655,43,official_result_page_via_serpapi_extractor,True,scheduled,2026-05-07,https://mycouncil.surreycc.gov.uk/mgElectionAreaResults.aspx?EID=2007&ID=396,,,,,7960,Incomplete
2026,West Surrey Council,Egham Ward,Conservative,Conservative,Rahul Joglekar,663,8,8,False,2,4190,9655,43,official_result_page_via_serpapi_extractor,True,scheduled,2026-05-07,https://mycouncil.surreycc.gov.uk/mgElectionAreaResults.aspx?EID=2007&ID=396,,,,,7960,Incomplete
2026,West Surrey Council,Englefield Green & Virginia Water Ward,Labour and Co-operative,Labour and Co-operative,Abby Louise King,287,4,9,False,2,4097,9302,44,official_result_page_via_serpapi_extractor,True,scheduled,2026-05-07,https://mycouncil.surreycc.gov.uk/mgElectionAreaResults.aspx?EID=2007&ID=397,,,,,7788,Incomplete
2026,West Surrey Council,Englefield Green & Virginia Water Ward,Liberal Democrats,Liberal Democrats,Catharina Elisabeth Wilhelmina Maria Rowsell-Dicke,1146,15,3,False,2,4097,9302,44,official_result_page_via_serpapi_extractor,True,scheduled,2026-05-07,https://mycouncil.surreycc.gov.uk/mgElectionAreaResults.aspx?EID=2007&ID=397,,,,,7788,Incomplete
2026,West Surrey Council,Englefield Green & Virginia Water Ward,Conservative,Conservative,Chris Howorth,1683,22,2,True,2,4097,9302,44,official_result_page_via_serpapi_extractor,True,scheduled,2026-05-07,https://mycouncil.surreycc.gov.uk/mgElectionAreaResults.aspx?EID=2007&ID=397,,,,,7788,Incomplete
2026,West Surrey Council,Englefield Green & Virginia Water Ward,Liberal Democrats,Liberal Democrats,Gaetano Luca Russo,752,10,4,False,2,4097,9302,44,official_result_page_via_serpapi_extractor,True,scheduled,2026-05-07,https://mycouncil.surreycc.gov.uk/mgElectionAreaResults.aspx?EID=2007&ID=397,,,,,7788,Incomplete
2026,West Surrey Council,Englefield Green & Virginia Water Ward,Reform UK,Reform UK,Geoff Read,525,7,6,False,2,4097,9302,44,official_result_page_via_serpapi_extractor,True,scheduled,2026-05-07,https://mycouncil.surreycc.gov.uk/mgElectionAreaResults.aspx?EID=2007&ID=397,,,,,7788,Incomplete
2026,West Surrey Council,Englefield Green & Virginia Water Ward,Reform UK,Reform UK,Graham William Kimber,638,8,5,False,2,4097,9302,44,official_result_page_via_serpapi_extractor,True,scheduled,2026-05-07,https://mycouncil.surreycc.gov.uk/mgElectionAreaResults.aspx?EID=2007&ID=397,,,,,7788,Incomplete
2026,West Surrey Council,Englefield Green & Virginia Water Ward,Conservative,Conservative,Marisa Natalie Heath,1858,24,1,True,2,4097,9302,44,official_result_page_via_serpapi_extractor,True,scheduled,2026-05-07,https://mycouncil.surreycc.gov.uk/mgElectionAreaResults.aspx?EID=2007&ID=397,,,,,7788,Incomplete
2026,West Surrey Council,Englefield Green & Virginia Water Ward,Labour and Co-operative,Labour and Co-operative,Paul Gahir,188,2,10,False,2,4097,9302,44,official_result_page_via_serpapi_extractor,True,scheduled,2026-05-07,https://mycouncil.surreycc.gov.uk/mgElectionAreaResults.aspx?EID=2007&ID=397,,,,,7788,Incomplete
2026,West Surrey Council,Englefield Green & Virginia Water Ward,The Green Party,The Green Party,Rosalie Marinha Turner,357,5,7,False,2,4097,9302,44,official_result_page_via_serpapi_extractor,True,scheduled,2026-05-07,https://mycouncil.surreycc.gov.uk/mgElectionAreaResults.aspx?EID=2007&ID=397,,,,,7788,Incomplete
2026,West Surrey Council,Englefield Green & Virginia Water Ward,The Green Party,The Green Party,Thomas Charles Lagden,354,5,8,False,2,4097,9302,44,official_result_page_via_serpapi_extractor,True,scheduled,2026-05-07,https://mycouncil.surreycc.gov.uk/mgElectionAreaResults.aspx?EID=2007&ID=397,,,,,7788,Incomplete
2026,West Surrey Council,Farnham Central Ward,Farnham Residents,Farnham Residents,Andy MacLeod,1295,13,3,False,2,4924,10882,45,official_result_page_via_serpapi_extractor,True,scheduled,2026-05-07,https://mycouncil.surreycc.gov.uk/mgElectionAreaResults.aspx?EID=2007&ID=398,,,,,9682,Incomplete
2026,West Surrey Council,Farnham Central Ward,Conservative,Conservative,Christopher Neil Storey,654,7,7,False,2,4924,10882,45,official_result_page_via_serpapi_extractor,True,scheduled,2026-05-07,https://mycouncil.surreycc.gov.uk/mgElectionAreaResults.aspx?EID=2007&ID=398,,,,,9682,Incomplete
2026,West Surrey Council,Farnham Central Ward,Farnham Residents,Farnham Residents,David Beaman,1237,13,4,False,2,4924,10882,45,official_result_page_via_serpapi_extractor,True,scheduled,2026-05-07,https://mycouncil.surreycc.gov.uk/mgElectionAreaResults.aspx?EID=2007&ID=398,,,,,9682,Incomplete
2026,West Surrey Council,Farnham Central Ward,The Green Party,The Green Party,Jason Louis Richardson,514,5,9,False,2,4924,10882,45,official_result_page_via_serpapi_extractor,True,scheduled,2026-05-07,https://mycouncil.surreycc.gov.uk/mgElectionAreaResults.aspx?EID=2007&ID=398,,,,,9682,Incomplete
2026,West Surrey Council,Farnham Central Ward,Labour,Labour,John Gaskell,172,2,11,False,2,4924,10882,45,official_result_page_via_serpapi_extractor,True,scheduled,2026-05-07,https://mycouncil.surreycc.gov.uk/mgElectionAreaResults.aspx?EID=2007&ID=398,,,,,9682,Incomplete
2026,West Surrey Council,Farnham Central Ward,Conservative,Conservative,Patrick Thomas Harman Stephens,747,8,5,False,2,4924,10882,45,official_result_page_via_serpapi_extractor,True,scheduled,2026-05-07,https://mycouncil.surreycc.gov.uk/mgElectionAreaResults.aspx?EID=2007&ID=398,,,,,9682,Incomplete
2026,West Surrey Council,Farnham Central Ward,Liberal Democrats,Liberal Democrats,Richard Peter Steijger,1509,16,2,True,2,4924,10882,45,official_result_page_via_serpapi_extractor,True,scheduled,2026-05-07,https://mycouncil.surreycc.gov.uk/mgElectionAreaResults.aspx?EID=2007&ID=398,,,,,9682,Incomplete
2026,West Surrey Council,Farnham Central Ward,The Green Party,The Green Party,Robert Lindsay Douglas Ellis,500,5,10,False,2,4924,10882,45,official_result_page_via_serpapi_extractor,True,scheduled,2026-05-07,https://mycouncil.surreycc.gov.uk/mgElectionAreaResults.aspx?EID=2007&ID=398,,,,,9682,Incomplete
2026,West Surrey Council,Farnham Central Ward,Reform UK,Reform UK,Sandra Johnson,714,7,6,False,2,4924,10882,45,official_result_page_via_serpapi_extractor,True,scheduled,2026-05-07,https://mycouncil.surreycc.gov.uk/mgElectionAreaResults.aspx?EID=2007&ID=398,,,,,9682,Incomplete
2026,West Surrey Council,Farnham Central Ward,Reform UK,Reform UK,Timothy Visser,630,7,8,False,2,4924,10882,45,official_result_page_via_serpapi_extractor,True,scheduled,2026-05-07,https://mycouncil.surreycc.gov.uk/mgElectionAreaResults.aspx?EID=2007&ID=398,,,,,9682,Incomplete
2026,West Surrey Council,Farnham Central Ward,Liberal Democrats,Liberal Democrats,Tony Fairclough,1710,18,1,True,2,4924,10882,45,official_result_page_via_serpapi_extractor,True,scheduled,2026-05-07,https://mycouncil.surreycc.gov.uk/mgElectionAreaResults.aspx?EID=2007&ID=398,,,,,9682,Incomplete
2026,West Surrey Council,Farnham North Ward,Farnham Residents,Farnham Residents,Catherine Powell,1987,21,1,True,2,4718,10519,45,official_result_page_via_serpapi_extractor,True,scheduled,2026-05-07,https://mycouncil.surreycc.gov.uk/mgElectionAreaResults.aspx?EID=2007&ID=399,,,,,9246,Incomplete
2026,West Surrey Council,Farnham North Ward,The Green Party,The Green Party,Chris Brooks,510,6,7,False,2,4718,10519,45,official_result_page_via_serpapi_extractor,True,scheduled,2026-05-07,https://mycouncil.surreycc.gov.uk/mgElectionAreaResults.aspx?EID=2007&ID=399,,,,,9246,Incomplete
2026,West Surrey Council,Farnham North Ward,Reform UK,Reform UK,Ed Cowley,1037,11,3,False,2,4718,10519,45,official_result_page_via_serpapi_extractor,True,scheduled,2026-05-07,https://mycouncil.surreycc.gov.uk/mgElectionAreaResults.aspx?EID=2007&ID=399,,,,,9246,Incomplete
2026,West Surrey Council,Farnham North Ward,Labour,Labour,Howard Kaye,220,2,11,False,2,4718,10519,45,official_result_page_via_serpapi_extractor,True,scheduled,2026-05-07,https://mycouncil.surreycc.gov.uk/mgElectionAreaResults.aspx?EID=2007&ID=399,,,,,9246,Incomplete
2026,West Surrey Council,Farnham North Ward,Trade Unionist and Socialist Coalition,Trade Unionist and Socialist Coalition,Huw William James,25,0,12,False,2,4718,10519,45,official_result_page_via_serpapi_extractor,True,scheduled,2026-05-07,https://mycouncil.surreycc.gov.uk/mgElectionAreaResults.aspx?EID=2007&ID=399,,,,,9246,Incomplete
2026,West Surrey Council,Farnham North Ward,Reform UK,Reform UK,James Edward Macey,958,10,4,False,2,4718,10519,45,official_result_page_via_serpapi_extractor,True,scheduled,2026-05-07,https://mycouncil.surreycc.gov.uk/mgElectionAreaResults.aspx?EID=2007&ID=399,,,,,9246,Incomplete
2026,West Surrey Council,Farnham North Ward,Conservative,Conservative,Joseph Russell Kay,427,5,10,False,2,4718,10519,45,official_result_page_via_serpapi_extractor,True,scheduled,2026-05-07,https://mycouncil.surreycc.gov.uk/mgElectionAreaResults.aspx?EID=2007&ID=399,,,,,9246,Incomplete
2026,West Surrey Council,Farnham North Ward,Liberal Democrats,Liberal Democrats,Mat Brown,854,9,5,False,2,4718,10519,45,official_result_page_via_serpapi_extractor,True,scheduled,2026-05-07,https://mycouncil.surreycc.gov.uk/mgElectionAreaResults.aspx?EID=2007&ID=399,,,,,9246,Incomplete
2026,West Surrey Council,Farnham North Ward,Liberal Democrats,Liberal Democrats,Matthew Wolff Simon,498,5,9,False,2,4718,10519,45,official_result_page_via_serpapi_extractor,True,scheduled,2026-05-07,https://mycouncil.surreycc.gov.uk/mgElectionAreaResults.aspx?EID=2007&ID=399,,,,,9246,Incomplete
2026,West Surrey Council,Farnham North Ward,The Green Party,The Green Party,Natasha Fletcher,500,5,8,False,2,4718,10519,45,official_result_page_via_serpapi_extractor,True,scheduled,2026-05-07,https://mycouncil.surreycc.gov.uk/mgElectionAreaResults.aspx?EID=2007&ID=399,,,,,9246,Incomplete
2026,West Surrey Council,Farnham North Ward,Conservative,Conservative,Pat Frost,540,6,6,False,2,4718,10519,45,official_result_page_via_serpapi_extractor,True,scheduled,2026-05-07,https://mycouncil.surreycc.gov.uk/mgElectionAreaResults.aspx?EID=2007&ID=399,,,,,9246,Incomplete
2026,West Surrey Council,Farnham North Ward,Farnham Residents,Farnham Residents,Sally Dickson,1690,18,2,True,2,4718,10519,45,official_result_page_via_serpapi_extractor,True,scheduled,2026-05-07,https://mycouncil.surreycc.gov.uk/mgElectionAreaResults.aspx?EID=2007&ID=399,,,,,9246,Incomplete
2026,West Surrey Council,Farnham South Ward,Liberal Democrats,Liberal Democrats,Benjamin John Barratt Bristow,1492,16,1,True,2,4858,10180,48,official_result_page_via_serpapi_extractor,True,scheduled,2026-05-07,https://mycouncil.surreycc.gov.uk/mgElectionAreaResults.aspx?EID=2007&ID=400,,,,,9511,Incomplete
2026,West Surrey Council,Farnham South Ward,Reform UK,Reform UK,Christine Mary Fisher,570,6,8,False,2,4858,10180,48,official_result_page_via_serpapi_extractor,True,scheduled,2026-05-07,https://mycouncil.surreycc.gov.uk/mgElectionAreaResults.aspx?EID=2007&ID=400,,,,,9511,Incomplete
2026,West Surrey Council,Farnham South Ward,The Green Party,The Green Party,David Baines,417,4,9,False,2,4858,10180,48,official_result_page_via_serpapi_extractor,True,scheduled,2026-05-07,https://mycouncil.surreycc.gov.uk/mgElectionAreaResults.aspx?EID=2007&ID=400,,,,,9511,Incomplete
2026,West Surrey Council,Farnham South Ward,Reform UK,Reform UK,Dean Charles Boyce,694,7,7,False,2,4858,10180,48,official_result_page_via_serpapi_extractor,True,scheduled,2026-05-07,https://mycouncil.surreycc.gov.uk/mgElectionAreaResults.aspx?EID=2007&ID=400,,,,,9511,Incomplete
2026,West Surrey Council,Farnham South Ward,Farnham Residents,Farnham Residents,George Murray,1197,13,3,False,2,4858,10180,48,official_result_page_via_serpapi_extractor,True,scheduled,2026-05-07,https://mycouncil.surreycc.gov.uk/mgElectionAreaResults.aspx?EID=2007&ID=400,,,,,9511,Incomplete
2026,West Surrey Council,Farnham South Ward,The Green Party,The Green Party,George Wilson,269,3,10,False,2,4858,10180,48,official_result_page_via_serpapi_extractor,True,scheduled,2026-05-07,https://mycouncil.surreycc.gov.uk/mgElectionAreaResults.aspx?EID=2007&ID=400,,,,,9511,Incomplete
2026,West Surrey Council,Farnham South Ward,Independent,Independent,Mark Westcott,172,2,11,False,2,4858,10180,48,official_result_page_via_serpapi_extractor,True,scheduled,2026-05-07,https://mycouncil.surreycc.gov.uk/mgElectionAreaResults.aspx?EID=2007&ID=400,,,,,9511,Incomplete
2026,West Surrey Council,Farnham South Ward,Farnham Residents,Farnham Residents,Michaela Jane Martin,1064,11,6,False,2,4858,10180,48,official_result_page_via_serpapi_extractor,True,scheduled,2026-05-07,https://mycouncil.surreycc.gov.uk/mgElectionAreaResults.aspx?EID=2007&ID=400,,,,,9511,Incomplete
2026,West Surrey Council,Farnham South Ward,Conservative,Conservative,Paul Ronald Stiff,1103,12,4,False,2,4858,10180,48,official_result_page_via_serpapi_extractor,True,scheduled,2026-05-07,https://mycouncil.surreycc.gov.uk/mgElectionAreaResults.aspx?EID=2007&ID=400,,,,,9511,Incomplete
2026,West Surrey Council,Farnham South Ward,Liberal Democrats,Liberal Democrats,Sally Jane Shorthose,1305,14,2,True,2,4858,10180,48,official_result_page_via_serpapi_extractor,True,scheduled,2026-05-07,https://mycouncil.surreycc.gov.uk/mgElectionAreaResults.aspx?EID=2007&ID=400,,,,,9511,Incomplete
2026,West Surrey Council,Farnham South Ward,Labour,Labour,Sam Pritchard,156,2,12,False,2,4858,10180,48,official_result_page_via_serpapi_extractor,True,scheduled,2026-05-07,https://mycouncil.surreycc.gov.uk/mgElectionAreaResults.aspx?EID=2007&ID=400,,,,,9511,Incomplete
2026,West Surrey Council,Farnham South Ward,Conservative,Conservative,Tam Joseph Robert Traynor,1072,11,5,False,2,4858,10180,48,official_result_page_via_serpapi_extractor,True,scheduled,2026-05-07,https://mycouncil.surreycc.gov.uk/mgElectionAreaResults.aspx?EID=2007&ID=400,,,,,9511,Incomplete
2026,West Surrey Council,Frimley Green & Mytchett Ward,Conservative,Conservative,Attieh Fard,1437,14,4,False,2,5345,11180,48,official_result_page_via_serpapi_extractor,True,scheduled,2026-05-07,https://mycouncil.surreycc.gov.uk/mgElectionAreaResults.aspx?EID=2007&ID=401,,,,,10356,Incomplete
2026,West Surrey Council,Frimley Green & Mytchett Ward,The Green Party,The Green Party,Charlie George Kenneth Wilson,273,3,8,False,2,5345,11180,48,official_result_page_via_serpapi_extractor,True,scheduled,2026-05-07,https://mycouncil.surreycc.gov.uk/mgElectionAreaResults.aspx?EID=2007&ID=401,,,,,10356,Incomplete
2026,West Surrey Council,Frimley Green & Mytchett Ward,Labour,Labour,Harry Thomas Hurst,86,1,9,False,2,5345,11180,48,official_result_page_via_serpapi_extractor,True,scheduled,2026-05-07,https://mycouncil.surreycc.gov.uk/mgElectionAreaResults.aspx?EID=2007&ID=401,,,,,10356,Incomplete
2026,West Surrey Council,Frimley Green & Mytchett Ward,Labour,Labour,Indiannah Ellen Hilson-Gregory,84,1,10,False,2,5345,11180,48,official_result_page_via_serpapi_extractor,True,scheduled,2026-05-07,https://mycouncil.surreycc.gov.uk/mgElectionAreaResults.aspx?EID=2007&ID=401,,,,,10356,Incomplete
2026,West Surrey Council,Frimley Green & Mytchett Ward,Liberal Democrats,Liberal Democrats,Jacques Olmo,1911,18,2,True,2,5345,11180,48,official_result_page_via_serpapi_extractor,True,scheduled,2026-05-07,https://mycouncil.surreycc.gov.uk/mgElectionAreaResults.aspx?EID=2007&ID=401,,,,,10356,Incomplete
2026,West Surrey Council,Frimley Green & Mytchett Ward,Liberal Democrats,Liberal Democrats,Morgan Alun Giles Rise,1669,16,3,False,2,5345,11180,48,official_result_page_via_serpapi_extractor,True,scheduled,2026-05-07,https://mycouncil.surreycc.gov.uk/mgElectionAreaResults.aspx?EID=2007&ID=401,,,,,10356,Incomplete
2026,West Surrey Council,Frimley Green & Mytchett Ward,Conservative,Conservative,Paul Deach,2027,20,1,True,2,5345,11180,48,official_result_page_via_serpapi_extractor,True,scheduled,2026-05-07,https://mycouncil.surreycc.gov.uk/mgElectionAreaResults.aspx?EID=2007&ID=401,,,,,10356,Incomplete
2026,West Surrey Council,Frimley Green & Mytchett Ward,Reform UK,Reform UK,Ron Whitcher,1261,12,6,False,2,5345,11180,48,official_result_page_via_serpapi_extractor,True,scheduled,2026-05-07,https://mycouncil.surreycc.gov.uk/mgElectionAreaResults.aspx?EID=2007&ID=401,,,,,10356,Incomplete
2026,West Surrey Council,Frimley Green & Mytchett Ward,The Green Party,The Green Party,Tahir Ahmad,313,3,7,False,2,5345,11180,48,official_result_page_via_serpapi_extractor,True,scheduled,2026-05-07,https://mycouncil.surreycc.gov.uk/mgElectionAreaResults.aspx?EID=2007&ID=401,,,,,10356,Incomplete
2026,West Surrey Council,Frimley Green & Mytchett Ward,Reform UK,Reform UK,Will Anthony Lyons,1295,13,5,False,2,5345,11180,48,official_result_page_via_serpapi_extractor,True,scheduled,2026-05-07,https://mycouncil.surreycc.gov.uk/mgElectionAreaResults.aspx?EID=2007&ID=401,,,,,10356,Incomplete
2026,West Surrey Council,Godalming North Ward,Conservative,Conservative,Daniel Husseini,1443,12,4,False,2,5921,11420,52,official_result_page_via_serpapi_extractor,True,scheduled,2026-05-07,https://mycouncil.surreycc.gov.uk/mgElectionAreaResults.aspx?EID=2007&ID=402,,,,,11645,Incomplete
2026,West Surrey Council,Godalming North Ward,The Green Party,The Green Party,David Brian Foster Faraday,1001,9,5,False,2,5921,11420,52,official_result_page_via_serpapi_extractor,True,scheduled,2026-05-07,https://mycouncil.surreycc.gov.uk/mgElectionAreaResults.aspx?EID=2007&ID=402,,,,,11645,Incomplete
2026,West Surrey Council,Godalming North Ward,Conservative,Conservative,Ed Holliday,1608,14,3,False,2,5921,11420,52,official_result_page_via_serpapi_extractor,True,scheduled,2026-05-07,https://mycouncil.surreycc.gov.uk/mgElectionAreaResults.aspx?EID=2007&ID=402,,,,,11645,Incomplete
2026,West Surrey Council,Godalming North Ward,Reform UK,Reform UK,George James Devereux,672,6,8,False,2,5921,11420,52,official_result_page_via_serpapi_extractor,True,scheduled,2026-05-07,https://mycouncil.surreycc.gov.uk/mgElectionAreaResults.aspx?EID=2007&ID=402,,,,,11645,Incomplete
2026,West Surrey Council,Godalming North Ward,Labour,Labour,John Ivor Stolliday,143,1,9,False,2,5921,11420,52,official_result_page_via_serpapi_extractor,True,scheduled,2026-05-07,https://mycouncil.surreycc.gov.uk/mgElectionAreaResults.aspx?EID=2007&ID=402,,,,,11645,Incomplete
2026,West Surrey Council,Godalming North Ward,Reform UK,Reform UK,Jon Davies,701,6,7,False,2,5921,11420,52,official_result_page_via_serpapi_extractor,True,scheduled,2026-05-07,https://mycouncil.surreycc.gov.uk/mgElectionAreaResults.aspx?EID=2007&ID=402,,,,,11645,Incomplete
2026,West Surrey Council,Godalming North Ward,Liberal Democrats,Liberal Democrats,Penny Rivers,2818,24,1,True,2,5921,11420,52,official_result_page_via_serpapi_extractor,True,scheduled,2026-05-07,https://mycouncil.surreycc.gov.uk/mgElectionAreaResults.aspx?EID=2007&ID=402,,,,,11645,Incomplete
2026,West Surrey Council,Godalming North Ward,Liberal Democrats,Liberal Democrats,Ruth Thomson,2291,20,2,True,2,5921,11420,52,official_result_page_via_serpapi_extractor,True,scheduled,2026-05-07,https://mycouncil.surreycc.gov.uk/mgElectionAreaResults.aspx?EID=2007&ID=402,,,,,11645,Incomplete
2026,West Surrey Council,Godalming North Ward,The Green Party,The Green Party,Stephen Edward Dalton Williams,968,8,6,False,2,5921,11420,52,official_result_page_via_serpapi_extractor,True,scheduled,2026-05-07,https://mycouncil.surreycc.gov.uk/mgElectionAreaResults.aspx?EID=2007&ID=402,,,,,11645,Incomplete
2026,West Surrey Council,"Godalming South, Milford & Witley Ward",Reform UK,Reform UK,Alex Roebuck,666,6,6,False,2,5940,11002,54,official_result_page_via_serpapi_extractor,True,scheduled,2026-05-07,https://mycouncil.surreycc.gov.uk/mgElectionAreaResults.aspx?EID=2007&ID=403,,,,,11606,Incomplete
2026,West Surrey Council,"Godalming South, Milford & Witley Ward",Reform UK,Reform UK,Alfie Treasure,548,5,7,False,2,5940,11002,54,official_result_page_via_serpapi_extractor,True,scheduled,2026-05-07,https://mycouncil.surreycc.gov.uk/mgElectionAreaResults.aspx?EID=2007&ID=403,,,,,11606,Incomplete
2026,West Surrey Council,"Godalming South, Milford & Witley Ward",Labour,Labour,Daphne Rama Balde,114,1,11,False,2,5940,11002,54,official_result_page_via_serpapi_extractor,True,scheduled,2026-05-07,https://mycouncil.surreycc.gov.uk/mgElectionAreaResults.aspx?EID=2007&ID=403,,,,,11606,Incomplete
2026,West Surrey Council,"Godalming South, Milford & Witley Ward",Conservative,Conservative,Ian Peter Lewer,1313,11,4,False,2,5940,11002,54,official_result_page_via_serpapi_extractor,True,scheduled,2026-05-07,https://mycouncil.surreycc.gov.uk/mgElectionAreaResults.aspx?EID=2007&ID=403,,,,,11606,Incomplete
2026,West Surrey Council,"Godalming South, Milford & Witley Ward",The Green Party,The Green Party,Joey Ashworth,531,5,8,False,2,5940,11002,54,official_result_page_via_serpapi_extractor,True,scheduled,2026-05-07,https://mycouncil.surreycc.gov.uk/mgElectionAreaResults.aspx?EID=2007&ID=403,,,,,11606,Incomplete
2026,West Surrey Council,"Godalming South, Milford & Witley Ward",Conservative,Conservative,John Carter Hemmings,1503,13,3,False,2,5940,11002,54,official_result_page_via_serpapi_extractor,True,scheduled,2026-05-07,https://mycouncil.surreycc.gov.uk/mgElectionAreaResults.aspx?EID=2007&ID=403,,,,,11606,Incomplete
2026,West Surrey Council,"Godalming South, Milford & Witley Ward",Independent,Independent,Maxine Gale,1155,10,5,False,2,5940,11002,54,official_result_page_via_serpapi_extractor,True,scheduled,2026-05-07,https://mycouncil.surreycc.gov.uk/mgElectionAreaResults.aspx?EID=2007&ID=403,,,,,11606,Incomplete
2026,West Surrey Council,"Godalming South, Milford & Witley Ward",The Green Party,The Green Party,Morgan Thrift,298,3,10,False,2,5940,11002,54,official_result_page_via_serpapi_extractor,True,scheduled,2026-05-07,https://mycouncil.surreycc.gov.uk/mgElectionAreaResults.aspx?EID=2007&ID=403,,,,,11606,Incomplete
2026,West Surrey Council,"Godalming South, Milford & Witley Ward",Liberal Democrats,Liberal Democrats,Paul David Follows,2809,24,1,True,2,5940,11002,54,official_result_page_via_serpapi_extractor,True,scheduled,2026-05-07,https://mycouncil.surreycc.gov.uk/mgElectionAreaResults.aspx?EID=2007&ID=403,,,,,11606,Incomplete
2026,West Surrey Council,"Godalming South, Milford & Witley Ward",Independent,Independent,Steve Dally,382,3,9,False,2,5940,11002,54,official_result_page_via_serpapi_extractor,True,scheduled,2026-05-07,https://mycouncil.surreycc.gov.uk/mgElectionAreaResults.aspx?EID=2007&ID=403,,,,,11606,Incomplete
2026,West Surrey Council,"Godalming South, Milford & Witley Ward",Liberal Democrats,Liberal Democrats,Victoria Claire Kiehl,2287,20,2,True,2,5940,11002,54,official_result_page_via_serpapi_extractor,True,scheduled,2026-05-07,https://mycouncil.surreycc.gov.uk/mgElectionAreaResults.aspx?EID=2007&ID=403,,,,,11606,Incomplete
2026,West Surrey Council,Goldsworth East & Horsell Village Ward,Reform UK,Reform UK,Cheryl Margaret Bloomer,798,8,3,False,2,5019,10841,46,official_result_page_via_serpapi_extractor,True,scheduled,2026-05-07,https://mycouncil.surreycc.gov.uk/mgElectionAreaResults.aspx?EID=2007&ID=404,,,,,9642,Incomplete
2026,West Surrey Council,Goldsworth East & Horsell Village Ward,The Green Party,The Green Party,Christine Murphy,626,6,6,False,2,5019,10841,46,official_result_page_via_serpapi_extractor,True,scheduled,2026-05-07,https://mycouncil.surreycc.gov.uk/mgElectionAreaResults.aspx?EID=2007&ID=404,,,,,9642,Incomplete
2026,West Surrey Council,Goldsworth East & Horsell Village Ward,Conservative,Conservative,Jim Armitage,733,8,4,False,2,5019,10841,46,official_result_page_via_serpapi_extractor,True,scheduled,2026-05-07,https://mycouncil.surreycc.gov.uk/mgElectionAreaResults.aspx?EID=2007&ID=404,,,,,9642,Incomplete
2026,West Surrey Council,Goldsworth East & Horsell Village Ward,Liberal Democrats,Liberal Democrats,John Morley,3029,31,1,True,2,5019,10841,46,official_result_page_via_serpapi_extractor,True,scheduled,2026-05-07,https://mycouncil.surreycc.gov.uk/mgElectionAreaResults.aspx?EID=2007&ID=404,,,,,9642,Incomplete
2026,West Surrey Council,Goldsworth East & Horsell Village Ward,Liberal Democrats,Liberal Democrats,Lance Patrick Spencer,2746,28,2,True,2,5019,10841,46,official_result_page_via_serpapi_extractor,True,scheduled,2026-05-07,https://mycouncil.surreycc.gov.uk/mgElectionAreaResults.aspx?EID=2007&ID=404,,,,,9642,Incomplete
2026,West Surrey Council,Goldsworth East & Horsell Village Ward,Conservative,Conservative,Martin Howard Michael Benstead,576,6,7,False,2,5019,10841,46,official_result_page_via_serpapi_extractor,True,scheduled,2026-05-07,https://mycouncil.surreycc.gov.uk/mgElectionAreaResults.aspx?EID=2007&ID=404,,,,,9642,Incomplete
2026,West Surrey Council,Goldsworth East & Horsell Village Ward,Reform UK,Reform UK,Robert Sidney Lloyd,731,8,5,False,2,5019,10841,46,official_result_page_via_serpapi_extractor,True,scheduled,2026-05-07,https://mycouncil.surreycc.gov.uk/mgElectionAreaResults.aspx?EID=2007&ID=404,,,,,9642,Incomplete
2026,West Surrey Council,Goldsworth East & Horsell Village Ward,Labour,Labour,Samar Akhlaq Chaudhary,219,2,8,False,2,5019,10841,46,official_result_page_via_serpapi_extractor,True,scheduled,2026-05-07,https://mycouncil.surreycc.gov.uk/mgElectionAreaResults.aspx?EID=2007&ID=404,,,,,9642,Incomplete
2026,West Surrey Council,Goldsworth East & Horsell Village Ward,Labour,Labour,Usman Tahir,184,2,9,False,2,5019,10841,46,official_result_page_via_serpapi_extractor,True,scheduled,2026-05-07,https://mycouncil.surreycc.gov.uk/mgElectionAreaResults.aspx?EID=2007&ID=404,,,,,9642,Incomplete
2026,West Surrey Council,Guildford East Ward,Conservative,Conservative,Adam Stewart Heilbron,1154,11,4,False,2,5400,11134,49,official_result_page_via_serpapi_extractor,True,scheduled,2026-05-07,https://mycouncil.surreycc.gov.uk/mgElectionAreaResults.aspx?EID=2007&ID=405,,,,,10525,Incomplete
2026,West Surrey Council,Guildford East Ward,Conservative,Conservative,David Ian Humphries,1243,12,3,False,2,5400,11134,49,official_result_page_via_serpapi_extractor,True,scheduled,2026-05-07,https://mycouncil.surreycc.gov.uk/mgElectionAreaResults.aspx?EID=2007&ID=405,,,,,10525,Incomplete
2026,West Surrey Council,Guildford East Ward,Reform UK,Reform UK,Dennis Paul,782,7,6,False,2,5400,11134,49,official_result_page_via_serpapi_extractor,True,scheduled,2026-05-07,https://mycouncil.surreycc.gov.uk/mgElectionAreaResults.aspx?EID=2007&ID=405,,,,,10525,Incomplete
2026,West Surrey Council,Guildford East Ward,Liberal Democrats,Liberal Democrats,George Matthew Potter,2818,27,1,True,2,5400,11134,49,official_result_page_via_serpapi_extractor,True,scheduled,2026-05-07,https://mycouncil.surreycc.gov.uk/mgElectionAreaResults.aspx?EID=2007&ID=405,,,,,10525,Incomplete
2026,West Surrey Council,Guildford East Ward,Liberal Democrats,Liberal Democrats,Joanne Helen Shaw,2541,24,2,True,2,5400,11134,49,official_result_page_via_serpapi_extractor,True,scheduled,2026-05-07,https://mycouncil.surreycc.gov.uk/mgElectionAreaResults.aspx?EID=2007&ID=405,,,,,10525,Incomplete
2026,West Surrey Council,Guildford East Ward,The Green Party,The Green Party,Lisa Rose McKeown,490,5,7,False,2,5400,11134,49,official_result_page_via_serpapi_extractor,True,scheduled,2026-05-07,https://mycouncil.surreycc.gov.uk/mgElectionAreaResults.aspx?EID=2007&ID=405,,,,,10525,Incomplete
2026,West Surrey Council,Guildford East Ward,The Green Party,The Green Party,Luís Miguel Barbosa Machado (Known as Luís Machado,446,4,8,False,2,5400,11134,49,official_result_page_via_serpapi_extractor,True,scheduled,2026-05-07,https://mycouncil.surreycc.gov.uk/mgElectionAreaResults.aspx?EID=2007&ID=405,,,,,10525,Incomplete
2026,West Surrey Council,Guildford East Ward,Labour,Labour,Moira Kathleen Noble,234,2,9,False,2,5400,11134,49,official_result_page_via_serpapi_extractor,True,scheduled,2026-05-07,https://mycouncil.surreycc.gov.uk/mgElectionAreaResults.aspx?EID=2007&ID=405,,,,,10525,Incomplete
2026,West Surrey Council,Guildford East Ward,Reform UK,Reform UK,Robert Dowsett Abrams,817,8,5,False,2,5400,11134,49,official_result_page_via_serpapi_extractor,True,scheduled,2026-05-07,https://mycouncil.surreycc.gov.uk/mgElectionAreaResults.aspx?EID=2007&ID=405,,,,,10525,Incomplete
2026,West Surrey Council,Guildford North Ward,Conservative,Conservative,Adrian Stuart Chandler,596,8,7,False,2,4075,10435,39,official_result_page_via_serpapi_extractor,True,scheduled,2026-05-07,https://mycouncil.surreycc.gov.uk/mgElectionAreaResults.aspx?EID=2007&ID=406,,,,,7811,Incomplete
2026,West Surrey Council,Guildford North Ward,Reform UK,Reform UK,Aidan Christopher Wetherill Sallis,813,10,4,False,2,4075,10435,39,official_result_page_via_serpapi_extractor,True,scheduled,2026-05-07,https://mycouncil.surreycc.gov.uk/mgElectionAreaResults.aspx?EID=2007&ID=406,,,,,7811,Incomplete
2026,West Surrey Council,Guildford North Ward,Labour and Co-operative,Labour and Co-operative,Anne Catherine Rouse,332,4,9,False,2,4075,10435,39,official_result_page_via_serpapi_extractor,True,scheduled,2026-05-07,https://mycouncil.surreycc.gov.uk/mgElectionAreaResults.aspx?EID=2007&ID=406,,,,,7811,Incomplete
2026,West Surrey Council,Guildford North Ward,Reform UK,Reform UK,Benjamin John Bispham (known as Ben Bispham),909,12,3,False,2,4075,10435,39,official_result_page_via_serpapi_extractor,True,scheduled,2026-05-07,https://mycouncil.surreycc.gov.uk/mgElectionAreaResults.aspx?EID=2007&ID=406,,,,,7811,Incomplete
2026,West Surrey Council,Guildford North Ward,Liberal Democrats,Liberal Democrats,Catherine Anne Steel (known as Katie Steel),1696,22,1,True,2,4075,10435,39,official_result_page_via_serpapi_extractor,True,scheduled,2026-05-07,https://mycouncil.surreycc.gov.uk/mgElectionAreaResults.aspx?EID=2007&ID=406,,,,,7811,Incomplete
2026,West Surrey Council,Guildford North Ward,The Green Party,The Green Party,Marco Crosta,620,8,6,False,2,4075,10435,39,official_result_page_via_serpapi_extractor,True,scheduled,2026-05-07,https://mycouncil.surreycc.gov.uk/mgElectionAreaResults.aspx?EID=2007&ID=406,,,,,7811,Incomplete
2026,West Surrey Council,Guildford North Ward,Liberal Democrats,Liberal Democrats,Masuk Miah,1590,20,2,True,2,4075,10435,39,official_result_page_via_serpapi_extractor,True,scheduled,2026-05-07,https://mycouncil.surreycc.gov.uk/mgElectionAreaResults.aspx?EID=2007&ID=406,,,,,7811,Incomplete
2026,West Surrey Council,Guildford North Ward,Conservative,Conservative,Neil Edward O'Brien,528,7,8,False,2,4075,10435,39,official_result_page_via_serpapi_extractor,True,scheduled,2026-05-07,https://mycouncil.surreycc.gov.uk/mgElectionAreaResults.aspx?EID=2007&ID=406,,,,,7811,Incomplete
2026,West Surrey Council,Guildford North Ward,The Green Party,The Green Party,Stuart James McAlpine,727,9,5,False,2,4075,10435,39,official_result_page_via_serpapi_extractor,True,scheduled,2026-05-07,https://mycouncil.surreycc.gov.uk/mgElectionAreaResults.aspx?EID=2007&ID=406,,,,,7811,Incomplete
2026,West Surrey Council,Guildford South East Ward,Conservative,Conservative,Alexander Michael Perestaj De Gusmao Fiuza (Known,1336,14,4,False,2,4948,10523,47,official_result_page_via_serpapi_extractor,True,scheduled,2026-05-07,https://mycouncil.surreycc.gov.uk/mgElectionAreaResults.aspx?EID=2007&ID=407,,,,,9651,Incomplete
2026,West Surrey Council,Guildford South East Ward,The Green Party,The Green Party,Charlie Parker,579,6,5,False,2,4948,10523,47,official_result_page_via_serpapi_extractor,True,scheduled,2026-05-07,https://mycouncil.surreycc.gov.uk/mgElectionAreaResults.aspx?EID=2007&ID=407,,,,,9651,Incomplete
2026,West Surrey Council,Guildford South East Ward,Reform UK,Reform UK,Claire Marion Partridge-Waymouth,460,5,8,False,2,4948,10523,47,official_result_page_via_serpapi_extractor,True,scheduled,2026-05-07,https://mycouncil.surreycc.gov.uk/mgElectionAreaResults.aspx?EID=2007&ID=407,,,,,9651,Incomplete
2026,West Surrey Council,Guildford South East Ward,Liberal Democrats,Liberal Democrats,James Sebastian Thornton,2236,23,2,True,2,4948,10523,47,official_result_page_via_serpapi_extractor,True,scheduled,2026-05-07,https://mycouncil.surreycc.gov.uk/mgElectionAreaResults.aspx?EID=2007&ID=407,,,,,9651,Incomplete
2026,West Surrey Council,Guildford South East Ward,The Green Party,The Green Party,Matt Price,496,5,7,False,2,4948,10523,47,official_result_page_via_serpapi_extractor,True,scheduled,2026-05-07,https://mycouncil.surreycc.gov.uk/mgElectionAreaResults.aspx?EID=2007&ID=407,,,,,9651,Incomplete
2026,West Surrey Council,Guildford South East Ward,Labour,Labour,Sean Paul Sussex,166,2,9,False,2,4948,10523,47,official_result_page_via_serpapi_extractor,True,scheduled,2026-05-07,https://mycouncil.surreycc.gov.uk/mgElectionAreaResults.aspx?EID=2007&ID=407,,,,,9651,Incomplete
2026,West Surrey Council,Guildford South East Ward,Conservative,Conservative,Thomas Hugo Van Every (Known as Thom Van Every),1394,14,3,False,2,4948,10523,47,official_result_page_via_serpapi_extractor,True,scheduled,2026-05-07,https://mycouncil.surreycc.gov.uk/mgElectionAreaResults.aspx?EID=2007&ID=407,,,,,9651,Incomplete
2026,West Surrey Council,Guildford South East Ward,Independent,Independent,Tim Wolfenden,126,1,10,False,2,4948,10523,47,official_result_page_via_serpapi_extractor,True,scheduled,2026-05-07,https://mycouncil.surreycc.gov.uk/mgElectionAreaResults.aspx?EID=2007&ID=407,,,,,9651,Incomplete
2026,West Surrey Council,Guildford South East Ward,Liberal Democrats,Liberal Democrats,Vanessa King,2325,24,1,True,2,4948,10523,47,official_result_page_via_serpapi_extractor,True,scheduled,2026-05-07,https://mycouncil.surreycc.gov.uk/mgElectionAreaResults.aspx?EID=2007&ID=407,,,,,9651,Incomplete
2026,West Surrey Council,Guildford South East Ward,Reform UK,Reform UK,Veronica Hurst,533,6,6,False,2,4948,10523,47,official_result_page_via_serpapi_extractor,True,scheduled,2026-05-07,https://mycouncil.surreycc.gov.uk/mgElectionAreaResults.aspx?EID=2007&ID=407,,,,,9651,Incomplete
2026,West Surrey Council,Guildford South West Ward,Conservative,Conservative,André Stuart Hester,562,6,6,False,2,4698,10445,45,official_result_page_via_serpapi_extractor,True,scheduled,2026-05-07,https://mycouncil.surreycc.gov.uk/mgElectionAreaResults.aspx?EID=2007&ID=408,,,,,9111,Incomplete
2026,West Surrey Council,Guildford South West Ward,Liberal Democrats,Liberal Democrats,Angela Marie Goodwin,2595,28,1,True,2,4698,10445,45,official_result_page_via_serpapi_extractor,True,scheduled,2026-05-07,https://mycouncil.surreycc.gov.uk/mgElectionAreaResults.aspx?EID=2007&ID=408,,,,,9111,Incomplete
2026,West Surrey Council,Guildford South West Ward,Reform UK,Reform UK,Charles Whiting,491,5,7,False,2,4698,10445,45,official_result_page_via_serpapi_extractor,True,scheduled,2026-05-07,https://mycouncil.surreycc.gov.uk/mgElectionAreaResults.aspx?EID=2007&ID=408,,,,,9111,Incomplete
2026,West Surrey Council,Guildford South West Ward,The Green Party,The Green Party,Claire Whitehouse,1157,13,3,False,2,4698,10445,45,official_result_page_via_serpapi_extractor,True,scheduled,2026-05-07,https://mycouncil.surreycc.gov.uk/mgElectionAreaResults.aspx?EID=2007&ID=408,,,,,9111,Incomplete
2026,West Surrey Council,Guildford South West Ward,Conservative,Conservative,Honor Jean Brooker,649,7,5,False,2,4698,10445,45,official_result_page_via_serpapi_extractor,True,scheduled,2026-05-07,https://mycouncil.surreycc.gov.uk/mgElectionAreaResults.aspx?EID=2007&ID=408,,,,,9111,Incomplete
2026,West Surrey Council,Guildford South West Ward,Reform UK,Reform UK,John Peter Le Cheminant,485,5,8,False,2,4698,10445,45,official_result_page_via_serpapi_extractor,True,scheduled,2026-05-07,https://mycouncil.surreycc.gov.uk/mgElectionAreaResults.aspx?EID=2007&ID=408,,,,,9111,Incomplete
2026,West Surrey Council,Guildford South West Ward,The Green Party,The Green Party,Matthew Edward Fray (Known as Matt Fray),983,11,4,False,2,4698,10445,45,official_result_page_via_serpapi_extractor,True,scheduled,2026-05-07,https://mycouncil.surreycc.gov.uk/mgElectionAreaResults.aspx?EID=2007&ID=408,,,,,9111,Incomplete
2026,West Surrey Council,Guildford South West Ward,Liberal Democrats,Liberal Democrats,Stephen James Hives (Known as Steve Hives),1989,22,2,True,2,4698,10445,45,official_result_page_via_serpapi_extractor,True,scheduled,2026-05-07,https://mycouncil.surreycc.gov.uk/mgElectionAreaResults.aspx?EID=2007&ID=408,,,,,9111,Incomplete
2026,West Surrey Council,Guildford South West Ward,Labour,Labour,Vlad Stoiana-Mois,200,2,9,False,2,4698,10445,45,official_result_page_via_serpapi_extractor,True,scheduled,2026-05-07,https://mycouncil.surreycc.gov.uk/mgElectionAreaResults.aspx?EID=2007&ID=408,,,,,9111,Incomplete
2026,West Surrey Council,Guildford West Ward,Conservative,Conservative,Christopher Howard Jay,414,6,7,False,2,3645,10270,35,official_result_page_via_serpapi_extractor,True,scheduled,2026-05-07,https://mycouncil.surreycc.gov.uk/mgElectionAreaResults.aspx?EID=2007&ID=409,,,,,7043,Incomplete
2026,West Surrey Council,Guildford West Ward,Reform UK,Reform UK,Dale Stephen Layman,792,11,4,False,2,3645,10270,35,official_result_page_via_serpapi_extractor,True,scheduled,2026-05-07,https://mycouncil.surreycc.gov.uk/mgElectionAreaResults.aspx?EID=2007&ID=409,,,,,7043,Incomplete
2026,West Surrey Council,Guildford West Ward,Labour,Labour,Howard Daniel Smith,407,6,8,False,2,3645,10270,35,official_result_page_via_serpapi_extractor,True,scheduled,2026-05-07,https://mycouncil.surreycc.gov.uk/mgElectionAreaResults.aspx?EID=2007&ID=409,,,,,7043,Incomplete
2026,West Surrey Council,Guildford West Ward,The Green Party,The Green Party,Jack Ewen Mountford,686,10,6,False,2,3645,10270,35,official_result_page_via_serpapi_extractor,True,scheduled,2026-05-07,https://mycouncil.surreycc.gov.uk/mgElectionAreaResults.aspx?EID=2007&ID=409,,,,,7043,Incomplete
2026,West Surrey Council,Guildford West Ward,The Green Party,The Green Party,Jack Laurence Whitehouse,788,11,5,False,2,3645,10270,35,official_result_page_via_serpapi_extractor,True,scheduled,2026-05-07,https://mycouncil.surreycc.gov.uk/mgElectionAreaResults.aspx?EID=2007&ID=409,,,,,7043,Incomplete
2026,West Surrey Council,Guildford West Ward,Liberal Democrats,Liberal Democrats,James Harry Alfred Steel,1227,17,2,True,2,3645,10270,35,official_result_page_via_serpapi_extractor,True,scheduled,2026-05-07,https://mycouncil.surreycc.gov.uk/mgElectionAreaResults.aspx?EID=2007&ID=409,,,,,7043,Incomplete
2026,West Surrey Council,Guildford West Ward,"The Peace Party - Non-violence, Justice, Environment","The Peace Party - Non-violence, Justice, Environment",John Hugh Morris,100,1,10,False,2,3645,10270,35,official_result_page_via_serpapi_extractor,True,scheduled,2026-05-07,https://mycouncil.surreycc.gov.uk/mgElectionAreaResults.aspx?EID=2007&ID=409,,,,,7043,Incomplete
2026,West Surrey Council,Guildford West Ward,Liberal Democrats,Liberal Democrats,Julia Maureen McShane,1534,22,1,True,2,3645,10270,35,official_result_page_via_serpapi_extractor,True,scheduled,2026-05-07,https://mycouncil.surreycc.gov.uk/mgElectionAreaResults.aspx?EID=2007&ID=409,,,,,7043,Incomplete
2026,West Surrey Council,Guildford West Ward,Conservative,Conservative,Malachy Nnaemeka Ujam,294,4,9,False,2,3645,10270,35,official_result_page_via_serpapi_extractor,True,scheduled,2026-05-07,https://mycouncil.surreycc.gov.uk/mgElectionAreaResults.aspx?EID=2007&ID=409,,,,,7043,Incomplete
2026,West Surrey Council,Guildford West Ward,Reform UK,Reform UK,Sophie Elizabeth Katherine Evans,801,11,3,False,2,3645,10270,35,official_result_page_via_serpapi_extractor,True,scheduled,2026-05-07,https://mycouncil.surreycc.gov.uk/mgElectionAreaResults.aspx?EID=2007&ID=409,,,,,7043,Incomplete
2026,West Surrey Council,Haslemere Ward,The Green Party,The Green Party,Alastair Bayliss,638,7,8,False,2,5010,9956,50,official_result_page_via_serpapi_extractor,True,scheduled,2026-05-07,https://mycouncil.surreycc.gov.uk/mgElectionAreaResults.aspx?EID=2007&ID=410,,,,,9794,Incomplete
2026,West Surrey Council,Haslemere Ward,Labour,Labour,Alex Howey,115,1,9,False,2,5010,9956,50,official_result_page_via_serpapi_extractor,True,scheduled,2026-05-07,https://mycouncil.surreycc.gov.uk/mgElectionAreaResults.aspx?EID=2007&ID=410,,,,,9794,Incomplete
2026,West Surrey Council,Haslemere Ward,Reform UK,Reform UK,Barb Witt,735,8,7,False,2,5010,9956,50,official_result_page_via_serpapi_extractor,True,scheduled,2026-05-07,https://mycouncil.surreycc.gov.uk/mgElectionAreaResults.aspx?EID=2007&ID=410,,,,,9794,Incomplete
2026,West Surrey Council,Haslemere Ward,The Green Party,The Green Party,Claire-Louise Matthes,803,8,6,False,2,5010,9956,50,official_result_page_via_serpapi_extractor,True,scheduled,2026-05-07,https://mycouncil.surreycc.gov.uk/mgElectionAreaResults.aspx?EID=2007&ID=410,,,,,9794,Incomplete
2026,West Surrey Council,Haslemere Ward,Conservative,Conservative,Graham Louis Betts,1177,12,4,False,2,5010,9956,50,official_result_page_via_serpapi_extractor,True,scheduled,2026-05-07,https://mycouncil.surreycc.gov.uk/mgElectionAreaResults.aspx?EID=2007&ID=410,,,,,9794,Incomplete
2026,West Surrey Council,Haslemere Ward,Reform UK,Reform UK,Jonathan Robert Nigel Ashworth,857,9,5,False,2,5010,9956,50,official_result_page_via_serpapi_extractor,True,scheduled,2026-05-07,https://mycouncil.surreycc.gov.uk/mgElectionAreaResults.aspx?EID=2007&ID=410,,,,,9794,Incomplete
2026,West Surrey Council,Haslemere Ward,Liberal Democrats,Liberal Democrats,Oli Leach,2441,25,1,True,2,5010,9956,50,official_result_page_via_serpapi_extractor,True,scheduled,2026-05-07,https://mycouncil.surreycc.gov.uk/mgElectionAreaResults.aspx?EID=2007&ID=410,,,,,9794,Incomplete
2026,West Surrey Council,Haslemere Ward,Liberal Democrats,Liberal Democrats,Terry Weldon,1814,19,2,True,2,5010,9956,50,official_result_page_via_serpapi_extractor,True,scheduled,2026-05-07,https://mycouncil.surreycc.gov.uk/mgElectionAreaResults.aspx?EID=2007&ID=410,,,,,9794,Incomplete
2026,West Surrey Council,Haslemere Ward,Conservative,Conservative,Toby Byfield,1214,12,3,False,2,5010,9956,50,official_result_page_via_serpapi_extractor,True,scheduled,2026-05-07,https://mycouncil.surreycc.gov.uk/mgElectionAreaResults.aspx?EID=2007&ID=410,,,,,9794,Incomplete
2026,West Surrey Council,Heatherside & Parkside Ward,The Green Party,The Green Party,Bill Dixon,369,3,8,False,2,5817,11727,50,official_result_page_via_serpapi_extractor,True,scheduled,2026-05-07,https://mycouncil.surreycc.gov.uk/mgElectionAreaResults.aspx?EID=2007&ID=411,,,,,11237,Incomplete
2026,West Surrey Council,Heatherside & Parkside Ward,The Green Party,The Green Party,John James Skipper,649,6,7,False,2,5817,11727,50,official_result_page_via_serpapi_extractor,True,scheduled,2026-05-07,https://mycouncil.surreycc.gov.uk/mgElectionAreaResults.aspx?EID=2007&ID=411,,,,,11237,Incomplete
2026,West Surrey Council,Heatherside & Parkside Ward,Conservative,Conservative,Leo Pargeter,749,7,6,False,2,5817,11727,50,official_result_page_via_serpapi_extractor,True,scheduled,2026-05-07,https://mycouncil.surreycc.gov.uk/mgElectionAreaResults.aspx?EID=2007&ID=411,,,,,11237,Incomplete
2026,West Surrey Council,Heatherside & Parkside Ward,Labour,Labour,Massimo Salvatore Ferrara,104,1,9,False,2,5817,11727,50,official_result_page_via_serpapi_extractor,True,scheduled,2026-05-07,https://mycouncil.surreycc.gov.uk/mgElectionAreaResults.aspx?EID=2007&ID=411,,,,,11237,Incomplete
2026,West Surrey Council,Heatherside & Parkside Ward,Reform UK,Reform UK,Matt Davies,1565,14,3,False,2,5817,11727,50,official_result_page_via_serpapi_extractor,True,scheduled,2026-05-07,https://mycouncil.surreycc.gov.uk/mgElectionAreaResults.aspx?EID=2007&ID=411,,,,,11237,Incomplete
2026,West Surrey Council,Heatherside & Parkside Ward,Reform UK,Reform UK,Max Nelson,1251,11,4,False,2,5817,11727,50,official_result_page_via_serpapi_extractor,True,scheduled,2026-05-07,https://mycouncil.surreycc.gov.uk/mgElectionAreaResults.aspx?EID=2007&ID=411,,,,,11237,Incomplete
2026,West Surrey Council,Heatherside & Parkside Ward,Conservative,Conservative,Neeraj Rashmikant Shah,847,8,5,False,2,5817,11727,50,official_result_page_via_serpapi_extractor,True,scheduled,2026-05-07,https://mycouncil.surreycc.gov.uk/mgElectionAreaResults.aspx?EID=2007&ID=411,,,,,11237,Incomplete
2026,West Surrey Council,Heatherside & Parkside Ward,Liberal Democrats,Liberal Democrats,Nirmal Kang,2791,25,2,True,2,5817,11727,50,official_result_page_via_serpapi_extractor,True,scheduled,2026-05-07,https://mycouncil.surreycc.gov.uk/mgElectionAreaResults.aspx?EID=2007&ID=411,,,,,11237,Incomplete
2026,West Surrey Council,Heatherside & Parkside Ward,Liberal Democrats,Liberal Democrats,Rob Lee,2912,26,1,True,2,5817,11727,50,official_result_page_via_serpapi_extractor,True,scheduled,2026-05-07,https://mycouncil.surreycc.gov.uk/mgElectionAreaResults.aspx?EID=2007&ID=411,,,,,11237,Incomplete
2026,West Surrey Council,Horsleys Ward,Residents for Guildford and Villages,Residents for Guildford and Villages,Catherine-Anne Young (Known as Catherine Young),1845,17,1,True,2,5389,10235,53,official_result_page_via_serpapi_extractor,True,scheduled,2026-05-07,https://mycouncil.surreycc.gov.uk/mgElectionAreaResults.aspx?EID=2007&ID=412,,,,,10544,Incomplete
2026,West Surrey Council,Horsleys Ward,Conservative,Conservative,David Timothy Evans,1446,14,2,True,2,5389,10235,53,official_result_page_via_serpapi_extractor,True,scheduled,2026-05-07,https://mycouncil.surreycc.gov.uk/mgElectionAreaResults.aspx?EID=2007&ID=412,,,,,10544,Incomplete
2026,West Surrey Council,Horsleys Ward,Residents for Guildford and Villages,Residents for Guildford and Villages,Dennis George William Booth,1376,13,4,False,2,5389,10235,53,official_result_page_via_serpapi_extractor,True,scheduled,2026-05-07,https://mycouncil.surreycc.gov.uk/mgElectionAreaResults.aspx?EID=2007&ID=412,,,,,10544,Incomplete
2026,West Surrey Council,Horsleys Ward,The Green Party,The Green Party,Elena Daniilidou,306,3,9,False,2,5389,10235,53,official_result_page_via_serpapi_extractor,True,scheduled,2026-05-07,https://mycouncil.surreycc.gov.uk/mgElectionAreaResults.aspx?EID=2007&ID=412,,,,,10544,Incomplete
2026,West Surrey Council,Horsleys Ward,Reform UK,Reform UK,Henry Lewis Walter,744,7,8,False,2,5389,10235,53,official_result_page_via_serpapi_extractor,True,scheduled,2026-05-07,https://mycouncil.surreycc.gov.uk/mgElectionAreaResults.aspx?EID=2007&ID=412,,,,,10544,Incomplete
2026,West Surrey Council,Horsleys Ward,The Green Party,The Green Party,Isaac Thomas Short,226,2,10,False,2,5389,10235,53,official_result_page_via_serpapi_extractor,True,scheduled,2026-05-07,https://mycouncil.surreycc.gov.uk/mgElectionAreaResults.aspx?EID=2007&ID=412,,,,,10544,Incomplete
2026,West Surrey Council,Horsleys Ward,Labour,Labour,John Howard Barnes,138,1,11,False,2,5389,10235,53,official_result_page_via_serpapi_extractor,True,scheduled,2026-05-07,https://mycouncil.surreycc.gov.uk/mgElectionAreaResults.aspx?EID=2007&ID=412,,,,,10544,Incomplete
2026,West Surrey Council,Horsleys Ward,Reform UK,Reform UK,Martin Sargeant,915,9,7,False,2,5389,10235,53,official_result_page_via_serpapi_extractor,True,scheduled,2026-05-07,https://mycouncil.surreycc.gov.uk/mgElectionAreaResults.aspx?EID=2007&ID=412,,,,,10544,Incomplete
2026,West Surrey Council,Horsleys Ward,Liberal Democrats,Liberal Democrats,Merel Astrid Rehorst-Smith,1181,11,5,False,2,5389,10235,53,official_result_page_via_serpapi_extractor,True,scheduled,2026-05-07,https://mycouncil.surreycc.gov.uk/mgElectionAreaResults.aspx?EID=2007&ID=412,,,,,10544,Incomplete
2026,West Surrey Council,Horsleys Ward,Liberal Democrats,Liberal Democrats,Oliver Guy Kekwick (Known as Olly Kekwick),952,9,6,False,2,5389,10235,53,official_result_page_via_serpapi_extractor,True,scheduled,2026-05-07,https://mycouncil.surreycc.gov.uk/mgElectionAreaResults.aspx?EID=2007&ID=412,,,,,10544,Incomplete
2026,West Surrey Council,Horsleys Ward,Conservative,Conservative,Sam Tough,1415,13,3,False,2,5389,10235,53,official_result_page_via_serpapi_extractor,True,scheduled,2026-05-07,https://mycouncil.surreycc.gov.uk/mgElectionAreaResults.aspx?EID=2007&ID=412,,,,,10544,Incomplete
2026,West Surrey Council,Knaphill & Goldsworth West Ward,Conservative,Conservative,Abid Kayani,387,4,8,False,2,5108,11798,43,official_result_page_via_serpapi_extractor,True,scheduled,2026-05-07,https://mycouncil.surreycc.gov.uk/mgElectionAreaResults.aspx?EID=2007&ID=413,,,,,9709,Incomplete
2026,West Surrey Council,Knaphill & Goldsworth West Ward,Liberal Democrats,Liberal Democrats,Ann-Marie Barker,2556,26,1,True,2,5108,11798,43,official_result_page_via_serpapi_extractor,True,scheduled,2026-05-07,https://mycouncil.surreycc.gov.uk/mgElectionAreaResults.aspx?EID=2007&ID=413,,,,,9709,Incomplete
2026,West Surrey Council,Knaphill & Goldsworth West Ward,Reform UK,Reform UK,Carmel Rose Mary Ardrey,997,10,5,False,2,5108,11798,43,official_result_page_via_serpapi_extractor,True,scheduled,2026-05-07,https://mycouncil.surreycc.gov.uk/mgElectionAreaResults.aspx?EID=2007&ID=413,,,,,9709,Incomplete
2026,West Surrey Council,Knaphill & Goldsworth West Ward,Conservative,Conservative,Debbie Harlow,713,7,6,False,2,5108,11798,43,official_result_page_via_serpapi_extractor,True,scheduled,2026-05-07,https://mycouncil.surreycc.gov.uk/mgElectionAreaResults.aspx?EID=2007&ID=413,,,,,9709,Incomplete
2026,West Surrey Council,Knaphill & Goldsworth West Ward,Reform UK,Reform UK,Emma Charlotte Mulder,1039,11,4,False,2,5108,11798,43,official_result_page_via_serpapi_extractor,True,scheduled,2026-05-07,https://mycouncil.surreycc.gov.uk/mgElectionAreaResults.aspx?EID=2007&ID=413,,,,,9709,Incomplete
2026,West Surrey Council,Knaphill & Goldsworth West Ward,Independent,Independent,Hassan Akberali,1122,12,3,False,2,5108,11798,43,official_result_page_via_serpapi_extractor,True,scheduled,2026-05-07,https://mycouncil.surreycc.gov.uk/mgElectionAreaResults.aspx?EID=2007&ID=413,,,,,9709,Incomplete
2026,West Surrey Council,Knaphill & Goldsworth West Ward,The Green Party,The Green Party,Lewis Ashton,705,7,7,False,2,5108,11798,43,official_result_page_via_serpapi_extractor,True,scheduled,2026-05-07,https://mycouncil.surreycc.gov.uk/mgElectionAreaResults.aspx?EID=2007&ID=413,,,,,9709,Incomplete
2026,West Surrey Council,Knaphill & Goldsworth West Ward,Liberal Democrats,Liberal Democrats,Steve Greentree,2190,23,2,True,2,5108,11798,43,official_result_page_via_serpapi_extractor,True,scheduled,2026-05-07,https://mycouncil.surreycc.gov.uk/mgElectionAreaResults.aspx?EID=2007&ID=413,,,,,9709,Incomplete
2026,West Surrey Council,Laleham & Shepperton Ward,Reform UK,Reform UK,Amar Brar,1293,12,4,False,2,5482,10252,53,official_result_page_via_serpapi_extractor,True,scheduled,2026-05-07,https://mycouncil.surreycc.gov.uk/mgElectionAreaResults.aspx?EID=2007&ID=414,,,,,10731,Incomplete
2026,West Surrey Council,Laleham & Shepperton Ward,Reform UK,Reform UK,Jason Ian Gelver,1520,14,3,False,2,5482,10252,53,official_result_page_via_serpapi_extractor,True,scheduled,2026-05-07,https://mycouncil.surreycc.gov.uk/mgElectionAreaResults.aspx?EID=2007&ID=414,,,,,10731,Incomplete
2026,West Surrey Council,Laleham & Shepperton Ward,Labour,Labour,Kiri Kankhwende,239,2,10,False,2,5482,10252,53,official_result_page_via_serpapi_extractor,True,scheduled,2026-05-07,https://mycouncil.surreycc.gov.uk/mgElectionAreaResults.aspx?EID=2007&ID=414,,,,,10731,Incomplete
2026,West Surrey Council,Laleham & Shepperton Ward,Liberal Democrats,Liberal Democrats,Matt Lindon,622,6,7,False,2,5482,10252,53,official_result_page_via_serpapi_extractor,True,scheduled,2026-05-07,https://mycouncil.surreycc.gov.uk/mgElectionAreaResults.aspx?EID=2007&ID=414,,,,,10731,Incomplete
2026,West Surrey Council,Laleham & Shepperton Ward,Conservative,Conservative,Maureen Attewell,2702,25,1,True,2,5482,10252,53,official_result_page_via_serpapi_extractor,True,scheduled,2026-05-07,https://mycouncil.surreycc.gov.uk/mgElectionAreaResults.aspx?EID=2007&ID=414,,,,,10731,Incomplete
2026,West Surrey Council,Laleham & Shepperton Ward,Liberal Democrats,Liberal Democrats,Michael Alexiou,584,5,8,False,2,5482,10252,53,official_result_page_via_serpapi_extractor,True,scheduled,2026-05-07,https://mycouncil.surreycc.gov.uk/mgElectionAreaResults.aspx?EID=2007&ID=414,,,,,10731,Incomplete
2026,West Surrey Council,Laleham & Shepperton Ward,Conservative,Conservative,Sinead Mooney,2046,19,2,True,2,5482,10252,53,official_result_page_via_serpapi_extractor,True,scheduled,2026-05-07,https://mycouncil.surreycc.gov.uk/mgElectionAreaResults.aspx?EID=2007&ID=414,,,,,10731,Incomplete
2026,West Surrey Council,Laleham & Shepperton Ward,The Green Party,The Green Party,Steven Lee Ringham,688,6,6,False,2,5482,10252,53,official_result_page_via_serpapi_extractor,True,scheduled,2026-05-07,https://mycouncil.surreycc.gov.uk/mgElectionAreaResults.aspx?EID=2007&ID=414,,,,,10731,Incomplete
2026,West Surrey Council,Laleham & Shepperton Ward,The Green Party,The Green Party,Stuart John Whitmore,764,7,5,False,2,5482,10252,53,official_result_page_via_serpapi_extractor,True,scheduled,2026-05-07,https://mycouncil.surreycc.gov.uk/mgElectionAreaResults.aspx?EID=2007&ID=414,,,,,10731,Incomplete
2026,West Surrey Council,Laleham & Shepperton Ward,Labour,Labour,William Kerr,273,3,9,False,2,5482,10252,53,official_result_page_via_serpapi_extractor,True,scheduled,2026-05-07,https://mycouncil.surreycc.gov.uk/mgElectionAreaResults.aspx?EID=2007&ID=414,,,,,10731,Incomplete
2026,West Surrey Council,"Lightwater, West End & Bisley Ward",Independent,Independent,Adrian Robert Page,177,2,10,False,2,5844,12232,48,official_result_page_via_serpapi_extractor,True,scheduled,2026-05-07,https://mycouncil.surreycc.gov.uk/mgElectionAreaResults.aspx?EID=2007&ID=415,,,,,11346,Incomplete
2026,West Surrey Council,"Lightwater, West End & Bisley Ward",Independent,Independent,Graham Victor George Alleway,288,3,7,False,2,5844,12232,48,official_result_page_via_serpapi_extractor,True,scheduled,2026-05-07,https://mycouncil.surreycc.gov.uk/mgElectionAreaResults.aspx?EID=2007&ID=415,,,,,11346,Incomplete
2026,West Surrey Council,"Lightwater, West End & Bisley Ward",The Green Party,The Green Party,Ian Gibbs,282,2,9,False,2,5844,12232,48,official_result_page_via_serpapi_extractor,True,scheduled,2026-05-07,https://mycouncil.surreycc.gov.uk/mgElectionAreaResults.aspx?EID=2007&ID=415,,,,,11346,Incomplete
2026,West Surrey Council,"Lightwater, West End & Bisley Ward",Liberal Democrats,Liberal Democrats,Julie Caron Hoad,2656,23,1,True,2,5844,12232,48,official_result_page_via_serpapi_extractor,True,scheduled,2026-05-07,https://mycouncil.surreycc.gov.uk/mgElectionAreaResults.aspx?EID=2007&ID=415,,,,,11346,Incomplete
2026,West Surrey Council,"Lightwater, West End & Bisley Ward",Reform UK,Reform UK,Malcolm Rees Newbury,1206,11,6,False,2,5844,12232,48,official_result_page_via_serpapi_extractor,True,scheduled,2026-05-07,https://mycouncil.surreycc.gov.uk/mgElectionAreaResults.aspx?EID=2007&ID=415,,,,,11346,Incomplete
2026,West Surrey Council,"Lightwater, West End & Bisley Ward",Reform UK,Reform UK,Peter Alfred Appleford,1462,13,3,False,2,5844,12232,48,official_result_page_via_serpapi_extractor,True,scheduled,2026-05-07,https://mycouncil.surreycc.gov.uk/mgElectionAreaResults.aspx?EID=2007&ID=415,,,,,11346,Incomplete
2026,West Surrey Council,"Lightwater, West End & Bisley Ward",Conservative,Conservative,Rebecca Philippa Jane Jennings-Evans,1269,11,4,False,2,5844,12232,48,official_result_page_via_serpapi_extractor,True,scheduled,2026-05-07,https://mycouncil.surreycc.gov.uk/mgElectionAreaResults.aspx?EID=2007&ID=415,,,,,11346,Incomplete
2026,West Surrey Council,"Lightwater, West End & Bisley Ward",Labour,Labour,Richard Claridge,128,1,11,False,2,5844,12232,48,official_result_page_via_serpapi_extractor,True,scheduled,2026-05-07,https://mycouncil.surreycc.gov.uk/mgElectionAreaResults.aspx?EID=2007&ID=415,,,,,11346,Incomplete
2026,West Surrey Council,"Lightwater, West End & Bisley Ward",Liberal Democrats,Liberal Democrats,Shaun Peter MacDonald,2270,20,2,True,2,5844,12232,48,official_result_page_via_serpapi_extractor,True,scheduled,2026-05-07,https://mycouncil.surreycc.gov.uk/mgElectionAreaResults.aspx?EID=2007&ID=415,,,,,11346,Incomplete
2026,West Surrey Council,"Lightwater, West End & Bisley Ward",The Green Party,The Green Party,Sophia Anthea Mary Hodgson,288,3,8,False,2,5844,12232,48,official_result_page_via_serpapi_extractor,True,scheduled,2026-05-07,https://mycouncil.surreycc.gov.uk/mgElectionAreaResults.aspx?EID=2007&ID=415,,,,,11346,Incomplete
2026,West Surrey Council,"Lightwater, West End & Bisley Ward",Conservative,Conservative,Tony Henderson,1224,11,5,False,2,5844,12232,48,official_result_page_via_serpapi_extractor,True,scheduled,2026-05-07,https://mycouncil.surreycc.gov.uk/mgElectionAreaResults.aspx?EID=2007&ID=415,,,,,11346,Incomplete
2026,West Surrey Council,"Lightwater, West End & Bisley Ward",Independent,Independent,Wendy Dawn Evans,96,1,12,False,2,5844,12232,48,official_result_page_via_serpapi_extractor,True,scheduled,2026-05-07,https://mycouncil.surreycc.gov.uk/mgElectionAreaResults.aspx?EID=2007&ID=415,,,,,11346,Incomplete
2026,West Surrey Council,Lower Sunbury & Halliford Ward,The Green Party,The Green Party,Asbjorn Appleby,360,4,8,False,2,5186,10767,48,official_result_page_via_serpapi_extractor,True,scheduled,2026-05-07,https://mycouncil.surreycc.gov.uk/mgElectionAreaResults.aspx?EID=2007&ID=416,,,,,10123,Incomplete
2026,West Surrey Council,Lower Sunbury & Halliford Ward,Conservative,Conservative,Buddhi Weerasinghe,1586,16,3,False,2,5186,10767,48,official_result_page_via_serpapi_extractor,True,scheduled,2026-05-07,https://mycouncil.surreycc.gov.uk/mgElectionAreaResults.aspx?EID=2007&ID=416,,,,,10123,Incomplete
2026,West Surrey Council,Lower Sunbury & Halliford Ward,Labour,Labour,Costas Loizou,199,2,10,False,2,5186,10767,48,official_result_page_via_serpapi_extractor,True,scheduled,2026-05-07,https://mycouncil.surreycc.gov.uk/mgElectionAreaResults.aspx?EID=2007&ID=416,,,,,10123,Incomplete
2026,West Surrey Council,Lower Sunbury & Halliford Ward,Reform UK,Reform UK,Dan Holland,1291,13,5,False,2,5186,10767,48,official_result_page_via_serpapi_extractor,True,scheduled,2026-05-07,https://mycouncil.surreycc.gov.uk/mgElectionAreaResults.aspx?EID=2007&ID=416,,,,,10123,Incomplete
2026,West Surrey Council,Lower Sunbury & Halliford Ward,Labour,Labour,Gerald Dare,251,2,9,False,2,5186,10767,48,official_result_page_via_serpapi_extractor,True,scheduled,2026-05-07,https://mycouncil.surreycc.gov.uk/mgElectionAreaResults.aspx?EID=2007&ID=416,,,,,10123,Incomplete
2026,West Surrey Council,Lower Sunbury & Halliford Ward,Conservative,Conservative,Matthew Lee,1581,16,4,False,2,5186,10767,48,official_result_page_via_serpapi_extractor,True,scheduled,2026-05-07,https://mycouncil.surreycc.gov.uk/mgElectionAreaResults.aspx?EID=2007&ID=416,,,,,10123,Incomplete
2026,West Surrey Council,Lower Sunbury & Halliford Ward,Liberal Democrats,Liberal Democrats,Paul Vanni,1682,17,2,True,2,5186,10767,48,official_result_page_via_serpapi_extractor,True,scheduled,2026-05-07,https://mycouncil.surreycc.gov.uk/mgElectionAreaResults.aspx?EID=2007&ID=416,,,,,10123,Incomplete
2026,West Surrey Council,Lower Sunbury & Halliford Ward,Liberal Democrats,Liberal Democrats,Richard Herman,1731,17,1,True,2,5186,10767,48,official_result_page_via_serpapi_extractor,True,scheduled,2026-05-07,https://mycouncil.surreycc.gov.uk/mgElectionAreaResults.aspx?EID=2007&ID=416,,,,,10123,Incomplete
2026,West Surrey Council,Lower Sunbury & Halliford Ward,Reform UK,Reform UK,Ritu Parihar,1054,10,6,False,2,5186,10767,48,official_result_page_via_serpapi_extractor,True,scheduled,2026-05-07,https://mycouncil.surreycc.gov.uk/mgElectionAreaResults.aspx?EID=2007&ID=416,,,,,10123,Incomplete
2026,West Surrey Council,Lower Sunbury & Halliford Ward,The Green Party,The Green Party,Simon Trevor Appleby,388,4,7,False,2,5186,10767,48,official_result_page_via_serpapi_extractor,True,scheduled,2026-05-07,https://mycouncil.surreycc.gov.uk/mgElectionAreaResults.aspx?EID=2007&ID=416,,,,,10123,Incomplete
2026,West Surrey Council,Shalford Ward,The Green Party,The Green Party,Adrian Ross Barbrooke,443,5,7,False,2,4897,10332,47,official_result_page_via_serpapi_extractor,True,scheduled,2026-05-07,https://mycouncil.surreycc.gov.uk/mgElectionAreaResults.aspx?EID=2007&ID=417,,,,,9486,Incomplete
2026,West Surrey Council,Shalford Ward,The Green Party,The Green Party,Christopher Simon Wade,381,4,8,False,2,4897,10332,47,official_result_page_via_serpapi_extractor,True,scheduled,2026-05-07,https://mycouncil.surreycc.gov.uk/mgElectionAreaResults.aspx?EID=2007&ID=417,,,,,9486,Incomplete
2026,West Surrey Council,Shalford Ward,Liberal Democrats,Liberal Democrats,Dominique Louise Williams,1364,14,4,False,2,4897,10332,47,official_result_page_via_serpapi_extractor,True,scheduled,2026-05-07,https://mycouncil.surreycc.gov.uk/mgElectionAreaResults.aspx?EID=2007&ID=417,,,,,9486,Incomplete
2026,West Surrey Council,Shalford Ward,Reform UK,Reform UK,Gary Richard Jackson,878,9,6,False,2,4897,10332,47,official_result_page_via_serpapi_extractor,True,scheduled,2026-05-07,https://mycouncil.surreycc.gov.uk/mgElectionAreaResults.aspx?EID=2007&ID=417,,,,,9486,Incomplete
2026,West Surrey Council,Shalford Ward,Conservative,Conservative,Matthew Paul Furniss (Known as Matt Furniss),2062,22,1,True,2,4897,10332,47,official_result_page_via_serpapi_extractor,True,scheduled,2026-05-07,https://mycouncil.surreycc.gov.uk/mgElectionAreaResults.aspx?EID=2007&ID=417,,,,,9486,Incomplete
2026,West Surrey Council,Shalford Ward,Reform UK,Reform UK,Neil Robert Crossley,933,10,5,False,2,4897,10332,47,official_result_page_via_serpapi_extractor,True,scheduled,2026-05-07,https://mycouncil.surreycc.gov.uk/mgElectionAreaResults.aspx?EID=2007&ID=417,,,,,9486,Incomplete
2026,West Surrey Council,Shalford Ward,Labour,Labour,Peter Edmund Lockhart (Known as Peter Lockhart),161,2,9,False,2,4897,10332,47,official_result_page_via_serpapi_extractor,True,scheduled,2026-05-07,https://mycouncil.surreycc.gov.uk/mgElectionAreaResults.aspx?EID=2007&ID=417,,,,,9486,Incomplete
2026,West Surrey Council,Shalford Ward,Conservative,Conservative,Sally Anne Barker (Known as Sallie Barker),1889,20,2,True,2,4897,10332,47,official_result_page_via_serpapi_extractor,True,scheduled,2026-05-07,https://mycouncil.surreycc.gov.uk/mgElectionAreaResults.aspx?EID=2007&ID=417,,,,,9486,Incomplete
2026,West Surrey Council,Shalford Ward,Liberal Democrats,Liberal Democrats,Stephen Philip Mallet,1375,14,3,False,2,4897,10332,47,official_result_page_via_serpapi_extractor,True,scheduled,2026-05-07,https://mycouncil.surreycc.gov.uk/mgElectionAreaResults.aspx?EID=2007&ID=417,,,,,9486,Incomplete
2026,West Surrey Council,Shere Ward,The Green Party,The Green Party,Anthony Ross Hewing (Known as Cynthia Page),463,5,7,False,2,5206,10412,50,official_result_page_via_serpapi_extractor,True,scheduled,2026-05-07,https://mycouncil.surreycc.gov.uk/mgElectionAreaResults.aspx?EID=2007&ID=418,,,,,10064,Incomplete
2026,West Surrey Council,Shere Ward,Reform UK,Reform UK,Christopher Robert Jellard (Known as Chris Jellard,1067,11,5,False,2,5206,10412,50,official_result_page_via_serpapi_extractor,True,scheduled,2026-05-07,https://mycouncil.surreycc.gov.uk/mgElectionAreaResults.aspx?EID=2007&ID=418,,,,,10064,Incomplete
2026,West Surrey Council,Shere Ward,Reform UK,Reform UK,Denis Podany,953,9,6,False,2,5206,10412,50,official_result_page_via_serpapi_extractor,True,scheduled,2026-05-07,https://mycouncil.surreycc.gov.uk/mgElectionAreaResults.aspx?EID=2007&ID=418,,,,,10064,Incomplete
2026,West Surrey Council,Shere Ward,Labour and Co-operative,Labour and Co-operative,James Martin Leo Muller,174,2,9,False,2,5206,10412,50,official_result_page_via_serpapi_extractor,True,scheduled,2026-05-07,https://mycouncil.surreycc.gov.uk/mgElectionAreaResults.aspx?EID=2007&ID=418,,,,,10064,Incomplete
2026,West Surrey Council,Shere Ward,Liberal Democrats,Liberal Democrats,James Paul Markey,1294,13,4,False,2,5206,10412,50,official_result_page_via_serpapi_extractor,True,scheduled,2026-05-07,https://mycouncil.surreycc.gov.uk/mgElectionAreaResults.aspx?EID=2007&ID=418,,,,,10064,Incomplete
2026,West Surrey Council,Shere Ward,Liberal Democrats,Liberal Democrats,Jane Sarah Tyson (Known as Jane Tyson),1308,13,3,False,2,5206,10412,50,official_result_page_via_serpapi_extractor,True,scheduled,2026-05-07,https://mycouncil.surreycc.gov.uk/mgElectionAreaResults.aspx?EID=2007&ID=418,,,,,10064,Incomplete
2026,West Surrey Council,Shere Ward,The Green Party,The Green Party,Martyn James Turner (Known as Martyn Turner),378,4,8,False,2,5206,10412,50,official_result_page_via_serpapi_extractor,True,scheduled,2026-05-07,https://mycouncil.surreycc.gov.uk/mgElectionAreaResults.aspx?EID=2007&ID=418,,,,,10064,Incomplete
2026,West Surrey Council,Shere Ward,Conservative,Conservative,Robert Gurth Hughes (Known as Bob Hughes),2297,23,1,True,2,5206,10412,50,official_result_page_via_serpapi_extractor,True,scheduled,2026-05-07,https://mycouncil.surreycc.gov.uk/mgElectionAreaResults.aspx?EID=2007&ID=418,,,,,10064,Incomplete
2026,West Surrey Council,Shere Ward,Conservative,Conservative,Victoria Lisa Nadine Sena,2130,21,2,True,2,5206,10412,50,official_result_page_via_serpapi_extractor,True,scheduled,2026-05-07,https://mycouncil.surreycc.gov.uk/mgElectionAreaResults.aspx?EID=2007&ID=418,,,,,10064,Incomplete
2026,West Surrey Council,Staines South & Ashford West Ward,Independent,Independent,Ali Lee,277,3,11,False,2,4937,10779,46,official_result_page_via_serpapi_extractor,True,scheduled,2026-05-07,https://mycouncil.surreycc.gov.uk/mgElectionAreaResults.aspx?EID=2007&ID=419,,,,,9621,Incomplete
2026,West Surrey Council,Staines South & Ashford West Ward,The Green Party,The Green Party,Andrea Short,417,4,7,False,2,4937,10779,46,official_result_page_via_serpapi_extractor,True,scheduled,2026-05-07,https://mycouncil.surreycc.gov.uk/mgElectionAreaResults.aspx?EID=2007&ID=419,,,,,9621,Incomplete
2026,West Surrey Council,Staines South & Ashford West Ward,Liberal Democrats,Liberal Democrats,Cara Mackley,1360,14,4,False,2,4937,10779,46,official_result_page_via_serpapi_extractor,True,scheduled,2026-05-07,https://mycouncil.surreycc.gov.uk/mgElectionAreaResults.aspx?EID=2007&ID=419,,,,,9621,Incomplete
2026,West Surrey Council,Staines South & Ashford West Ward,Conservative,Conservative,Darren Clarke,1062,11,6,False,2,4937,10779,46,official_result_page_via_serpapi_extractor,True,scheduled,2026-05-07,https://mycouncil.surreycc.gov.uk/mgElectionAreaResults.aspx?EID=2007&ID=419,,,,,9621,Incomplete
2026,West Surrey Council,Staines South & Ashford West Ward,Conservative,Conservative,Denise Turner-Stewart,1176,12,5,False,2,4937,10779,46,official_result_page_via_serpapi_extractor,True,scheduled,2026-05-07,https://mycouncil.surreycc.gov.uk/mgElectionAreaResults.aspx?EID=2007&ID=419,,,,,9621,Incomplete
2026,West Surrey Council,Staines South & Ashford West Ward,Liberal Democrats,Liberal Democrats,Harleen Boparai,1448,15,2,True,2,4937,10779,46,official_result_page_via_serpapi_extractor,True,scheduled,2026-05-07,https://mycouncil.surreycc.gov.uk/mgElectionAreaResults.aspx?EID=2007&ID=419,,,,,9621,Incomplete
2026,West Surrey Council,Staines South & Ashford West Ward,Reform UK,Reform UK,Ian Robert Brooks,1428,15,3,False,2,4937,10779,46,official_result_page_via_serpapi_extractor,True,scheduled,2026-05-07,https://mycouncil.surreycc.gov.uk/mgElectionAreaResults.aspx?EID=2007&ID=419,,,,,9621,Incomplete
2026,West Surrey Council,Staines South & Ashford West Ward,Labour,Labour,Jared Kidd,281,3,10,False,2,4937,10779,46,official_result_page_via_serpapi_extractor,True,scheduled,2026-05-07,https://mycouncil.surreycc.gov.uk/mgElectionAreaResults.aspx?EID=2007&ID=419,,,,,9621,Incomplete
2026,West Surrey Council,Staines South & Ashford West Ward,Reform UK,Reform UK,Phil Basey,1481,15,1,True,2,4937,10779,46,official_result_page_via_serpapi_extractor,True,scheduled,2026-05-07,https://mycouncil.surreycc.gov.uk/mgElectionAreaResults.aspx?EID=2007&ID=419,,,,,9621,Incomplete
2026,West Surrey Council,Staines South & Ashford West Ward,Independent,Independent,Philip Frederick Baldock,330,3,9,False,2,4937,10779,46,official_result_page_via_serpapi_extractor,True,scheduled,2026-05-07,https://mycouncil.surreycc.gov.uk/mgElectionAreaResults.aspx?EID=2007&ID=419,,,,,9621,Incomplete
2026,West Surrey Council,Staines South & Ashford West Ward,Labour,Labour,Tony Burrell,361,4,8,False,2,4937,10779,46,official_result_page_via_serpapi_extractor,True,scheduled,2026-05-07,https://mycouncil.surreycc.gov.uk/mgElectionAreaResults.aspx?EID=2007&ID=419,,,,,9621,Incomplete
2026,West Surrey Council,Staines Ward,Liberal Democrats,Liberal Democrats,Chris Bateson,1641,17,2,True,2,5040,11413,44,official_result_page_via_serpapi_extractor,True,scheduled,2026-05-07,https://mycouncil.surreycc.gov.uk/mgElectionAreaResults.aspx?EID=2007&ID=420,,,,,9828,Incomplete
2026,West Surrey Council,Staines Ward,The Green Party,The Green Party,Darren Barnard,464,5,9,False,2,5040,11413,44,official_result_page_via_serpapi_extractor,True,scheduled,2026-05-07,https://mycouncil.surreycc.gov.uk/mgElectionAreaResults.aspx?EID=2007&ID=420,,,,,9828,Incomplete
2026,West Surrey Council,Staines Ward,Conservative,Conservative,Denise Saliagopoulos,924,9,5,False,2,5040,11413,44,official_result_page_via_serpapi_extractor,True,scheduled,2026-05-07,https://mycouncil.surreycc.gov.uk/mgElectionAreaResults.aspx?EID=2007&ID=420,,,,,9828,Incomplete
2026,West Surrey Council,Staines Ward,Independent,Independent,Howard Williams,661,7,7,False,2,5040,11413,44,official_result_page_via_serpapi_extractor,True,scheduled,2026-05-07,https://mycouncil.surreycc.gov.uk/mgElectionAreaResults.aspx?EID=2007&ID=420,,,,,9828,Incomplete
2026,West Surrey Council,Staines Ward,Labour,Labour,Ian Gordon Jenkins,250,3,11,False,2,5040,11413,44,official_result_page_via_serpapi_extractor,True,scheduled,2026-05-07,https://mycouncil.surreycc.gov.uk/mgElectionAreaResults.aspx?EID=2007&ID=420,,,,,9828,Incomplete
2026,West Surrey Council,Staines Ward,Reform UK,Reform UK,Jean-Marc Peter France,1052,11,4,False,2,5040,11413,44,official_result_page_via_serpapi_extractor,True,scheduled,2026-05-07,https://mycouncil.surreycc.gov.uk/mgElectionAreaResults.aspx?EID=2007&ID=420,,,,,9828,Incomplete
2026,West Surrey Council,Staines Ward,Conservative,Conservative,John Boughtflower,818,8,6,False,2,5040,11413,44,official_result_page_via_serpapi_extractor,True,scheduled,2026-05-07,https://mycouncil.surreycc.gov.uk/mgElectionAreaResults.aspx?EID=2007&ID=420,,,,,9828,Incomplete
2026,West Surrey Council,Staines Ward,Liberal Democrats,Liberal Democrats,Laura Barker,1989,20,1,True,2,5040,11413,44,official_result_page_via_serpapi_extractor,True,scheduled,2026-05-07,https://mycouncil.surreycc.gov.uk/mgElectionAreaResults.aspx?EID=2007&ID=420,,,,,9828,Incomplete
2026,West Surrey Council,Staines Ward,Labour,Labour,Loukas Christou,276,3,10,False,2,5040,11413,44,official_result_page_via_serpapi_extractor,True,scheduled,2026-05-07,https://mycouncil.surreycc.gov.uk/mgElectionAreaResults.aspx?EID=2007&ID=420,,,,,9828,Incomplete
2026,West Surrey Council,Staines Ward,Official Monster Raving Loony Party,Official Monster Raving Loony Party,Miss Applied Malarkey,87,1,12,False,2,5040,11413,44,official_result_page_via_serpapi_extractor,True,scheduled,2026-05-07,https://mycouncil.surreycc.gov.uk/mgElectionAreaResults.aspx?EID=2007&ID=420,,,,,9828,Incomplete
2026,West Surrey Council,Staines Ward,The Green Party,The Green Party,Steven Goatman,466,5,8,False,2,5040,11413,44,official_result_page_via_serpapi_extractor,True,scheduled,2026-05-07,https://mycouncil.surreycc.gov.uk/mgElectionAreaResults.aspx?EID=2007&ID=420,,,,,9828,Incomplete
2026,West Surrey Council,Staines Ward,Reform UK,Reform UK,Stuart Boyle,1200,12,3,False,2,5040,11413,44,official_result_page_via_serpapi_extractor,True,scheduled,2026-05-07,https://mycouncil.surreycc.gov.uk/mgElectionAreaResults.aspx?EID=2007&ID=420,,,,,9828,Incomplete
2026,West Surrey Council,"Stanwell, Stanwell Moor & Ashford North Ward",The Green Party,The Green Party,Arshid Bashir,428,6,7,False,2,3818,10708,36,official_result_page_via_serpapi_extractor,True,scheduled,2026-05-07,https://mycouncil.surreycc.gov.uk/mgElectionAreaResults.aspx?EID=2007&ID=421,,,,,7313,Incomplete
2026,West Surrey Council,"Stanwell, Stanwell Moor & Ashford North Ward",Liberal Democrats,Liberal Democrats,Gerald Gravett,213,3,9,False,2,3818,10708,36,official_result_page_via_serpapi_extractor,True,scheduled,2026-05-07,https://mycouncil.surreycc.gov.uk/mgElectionAreaResults.aspx?EID=2007&ID=421,,,,,7313,Incomplete
2026,West Surrey Council,"Stanwell, Stanwell Moor & Ashford North Ward",Reform UK,Reform UK,Harry Phillips,1427,20,2,True,2,3818,10708,36,official_result_page_via_serpapi_extractor,True,scheduled,2026-05-07,https://mycouncil.surreycc.gov.uk/mgElectionAreaResults.aspx?EID=2007&ID=421,,,,,7313,Incomplete
2026,West Surrey Council,"Stanwell, Stanwell Moor & Ashford North Ward",The Green Party,The Green Party,Helen Marie Laws,385,5,8,False,2,3818,10708,36,official_result_page_via_serpapi_extractor,True,scheduled,2026-05-07,https://mycouncil.surreycc.gov.uk/mgElectionAreaResults.aspx?EID=2007&ID=421,,,,,7313,Incomplete
2026,West Surrey Council,"Stanwell, Stanwell Moor & Ashford North Ward",Reform UK,Reform UK,Jim McIlroy,1478,20,1,True,2,3818,10708,36,official_result_page_via_serpapi_extractor,True,scheduled,2026-05-07,https://mycouncil.surreycc.gov.uk/mgElectionAreaResults.aspx?EID=2007&ID=421,,,,,7313,Incomplete
2026,West Surrey Council,"Stanwell, Stanwell Moor & Ashford North Ward",Conservative,Conservative,Karen Howkins,773,11,4,False,2,3818,10708,36,official_result_page_via_serpapi_extractor,True,scheduled,2026-05-07,https://mycouncil.surreycc.gov.uk/mgElectionAreaResults.aspx?EID=2007&ID=421,,,,,7313,Incomplete
2026,West Surrey Council,"Stanwell, Stanwell Moor & Ashford North Ward",Liberal Democrats,Liberal Democrats,Malgorzata Kut,178,2,10,False,2,3818,10708,36,official_result_page_via_serpapi_extractor,True,scheduled,2026-05-07,https://mycouncil.surreycc.gov.uk/mgElectionAreaResults.aspx?EID=2007&ID=421,,,,,7313,Incomplete
2026,West Surrey Council,"Stanwell, Stanwell Moor & Ashford North Ward",Conservative,Conservative,Med Buck,976,13,3,False,2,3818,10708,36,official_result_page_via_serpapi_extractor,True,scheduled,2026-05-07,https://mycouncil.surreycc.gov.uk/mgElectionAreaResults.aspx?EID=2007&ID=421,,,,,7313,Incomplete
2026,West Surrey Council,"Stanwell, Stanwell Moor & Ashford North Ward",Labour,Labour,Rebecca Geach,703,10,6,False,2,3818,10708,36,official_result_page_via_serpapi_extractor,True,scheduled,2026-05-07,https://mycouncil.surreycc.gov.uk/mgElectionAreaResults.aspx?EID=2007&ID=421,,,,,7313,Incomplete
2026,West Surrey Council,"Stanwell, Stanwell Moor & Ashford North Ward",Labour,Labour,Sean Beatty,752,10,5,False,2,3818,10708,36,official_result_page_via_serpapi_extractor,True,scheduled,2026-05-07,https://mycouncil.surreycc.gov.uk/mgElectionAreaResults.aspx?EID=2007&ID=421,,,,,7313,Incomplete
2026,West Surrey Council,Sunbury Common & Ashford Common Ward,Labour,Labour,Akash Ruparelia,222,2,11,False,2,4638,11640,40,official_result_page_via_serpapi_extractor,True,scheduled,2026-05-07,https://mycouncil.surreycc.gov.uk/mgElectionAreaResults.aspx?EID=2007&ID=422,,,,,8904,Incomplete
2026,West Surrey Council,Sunbury Common & Ashford Common Ward,Reform UK,Reform UK,Anil Eknath Khedkar,1217,14,4,False,2,4638,11640,40,official_result_page_via_serpapi_extractor,True,scheduled,2026-05-07,https://mycouncil.surreycc.gov.uk/mgElectionAreaResults.aspx?EID=2007&ID=422,,,,,8904,Incomplete
2026,West Surrey Council,Sunbury Common & Ashford Common Ward,The Green Party,The Green Party,Emma Jones,463,5,7,False,2,4638,11640,40,official_result_page_via_serpapi_extractor,True,scheduled,2026-05-07,https://mycouncil.surreycc.gov.uk/mgElectionAreaResults.aspx?EID=2007&ID=422,,,,,8904,Incomplete
2026,West Surrey Council,Sunbury Common & Ashford Common Ward,Liberal Democrats,Liberal Democrats,Harry Boparai,1896,21,1,True,2,4638,11640,40,official_result_page_via_serpapi_extractor,True,scheduled,2026-05-07,https://mycouncil.surreycc.gov.uk/mgElectionAreaResults.aspx?EID=2007&ID=422,,,,,8904,Incomplete
2026,West Surrey Council,Sunbury Common & Ashford Common Ward,Trade Unionist and Socialist Coalition,Trade Unionist and Socialist Coalition,Helen Elizabeth Couchman,35,0,12,False,2,4638,11640,40,official_result_page_via_serpapi_extractor,True,scheduled,2026-05-07,https://mycouncil.surreycc.gov.uk/mgElectionAreaResults.aspx?EID=2007&ID=422,,,,,8904,Incomplete
2026,West Surrey Council,Sunbury Common & Ashford Common Ward,Independent,Independent,Jacqueline Stanton,284,3,10,False,2,4638,11640,40,official_result_page_via_serpapi_extractor,True,scheduled,2026-05-07,https://mycouncil.surreycc.gov.uk/mgElectionAreaResults.aspx?EID=2007&ID=422,,,,,8904,Incomplete
2026,West Surrey Council,Sunbury Common & Ashford Common Ward,Labour,Labour,Mark Kluth,290,3,9,False,2,4638,11640,40,official_result_page_via_serpapi_extractor,True,scheduled,2026-05-07,https://mycouncil.surreycc.gov.uk/mgElectionAreaResults.aspx?EID=2007&ID=422,,,,,8904,Incomplete
2026,West Surrey Council,Sunbury Common & Ashford Common Ward,Independent,Independent,Mary Bing Dong,407,5,8,False,2,4638,11640,40,official_result_page_via_serpapi_extractor,True,scheduled,2026-05-07,https://mycouncil.surreycc.gov.uk/mgElectionAreaResults.aspx?EID=2007&ID=422,,,,,8904,Incomplete
2026,West Surrey Council,Sunbury Common & Ashford Common Ward,Conservative,Conservative,Naz Islam,534,6,6,False,2,4638,11640,40,official_result_page_via_serpapi_extractor,True,scheduled,2026-05-07,https://mycouncil.surreycc.gov.uk/mgElectionAreaResults.aspx?EID=2007&ID=422,,,,,8904,Incomplete
2026,West Surrey Council,Sunbury Common & Ashford Common Ward,Trade Unionist and Socialist Coalition,Trade Unionist and Socialist Coalition,Paul Dennis Couchman,30,0,13,False,2,4638,11640,40,official_result_page_via_serpapi_extractor,True,scheduled,2026-05-07,https://mycouncil.surreycc.gov.uk/mgElectionAreaResults.aspx?EID=2007&ID=422,,,,,8904,Incomplete
2026,West Surrey Council,Sunbury Common & Ashford Common Ward,Reform UK,Reform UK,Rory O'Brien,1428,16,2,True,2,4638,11640,40,official_result_page_via_serpapi_extractor,True,scheduled,2026-05-07,https://mycouncil.surreycc.gov.uk/mgElectionAreaResults.aspx?EID=2007&ID=422,,,,,8904,Incomplete
2026,West Surrey Council,Sunbury Common & Ashford Common Ward,Conservative,Conservative,Simon Bhadye,746,8,5,False,2,4638,11640,40,official_result_page_via_serpapi_extractor,True,scheduled,2026-05-07,https://mycouncil.surreycc.gov.uk/mgElectionAreaResults.aspx?EID=2007&ID=422,,,,,8904,Incomplete
2026,West Surrey Council,Sunbury Common & Ashford Common Ward,Liberal Democrats,Liberal Democrats,Suraj Gyawali,1352,15,3,False,2,4638,11640,40,official_result_page_via_serpapi_extractor,True,scheduled,2026-05-07,https://mycouncil.surreycc.gov.uk/mgElectionAreaResults.aspx?EID=2007&ID=422,,,,,8904,Incomplete
2026,West Surrey Council,The Byfleets Ward,Conservative,Conservative,Colin Sidney Kemp,546,6,7,False,2,4813,10663,45,official_result_page_via_serpapi_extractor,True,scheduled,2026-05-07,https://mycouncil.surreycc.gov.uk/mgElectionAreaResults.aspx?EID=2007&ID=423,,,,,9125,Incomplete
2026,West Surrey Council,The Byfleets Ward,Liberal Democrats,Liberal Democrats,Ian Richardson,1453,16,2,True,2,4813,10663,45,official_result_page_via_serpapi_extractor,True,scheduled,2026-05-07,https://mycouncil.surreycc.gov.uk/mgElectionAreaResults.aspx?EID=2007&ID=423,,,,,9125,Incomplete
2026,West Surrey Council,The Byfleets Ward,Liberal Democrats,Liberal Democrats,Liam Lyons,1743,19,1,True,2,4813,10663,45,official_result_page_via_serpapi_extractor,True,scheduled,2026-05-07,https://mycouncil.surreycc.gov.uk/mgElectionAreaResults.aspx?EID=2007&ID=423,,,,,9125,Incomplete
2026,West Surrey Council,The Byfleets Ward,Reform UK,Reform UK,Mark Aron Hunter,945,10,6,False,2,4813,10663,45,official_result_page_via_serpapi_extractor,True,scheduled,2026-05-07,https://mycouncil.surreycc.gov.uk/mgElectionAreaResults.aspx?EID=2007&ID=423,,,,,9125,Incomplete
2026,West Surrey Council,The Byfleets Ward,Labour,Labour,Mohammed Khan,137,2,10,False,2,4813,10663,45,official_result_page_via_serpapi_extractor,True,scheduled,2026-05-07,https://mycouncil.surreycc.gov.uk/mgElectionAreaResults.aspx?EID=2007&ID=423,,,,,9125,Incomplete
2026,West Surrey Council,The Byfleets Ward,Independent,Independent,Neil James Willetts,1274,14,4,False,2,4813,10663,45,official_result_page_via_serpapi_extractor,True,scheduled,2026-05-07,https://mycouncil.surreycc.gov.uk/mgElectionAreaResults.aspx?EID=2007&ID=423,,,,,9125,Incomplete
2026,West Surrey Council,The Byfleets Ward,Labour,Labour,Oliver Martin Lester,152,2,9,False,2,4813,10663,45,official_result_page_via_serpapi_extractor,True,scheduled,2026-05-07,https://mycouncil.surreycc.gov.uk/mgElectionAreaResults.aspx?EID=2007&ID=423,,,,,9125,Incomplete
2026,West Surrey Council,The Byfleets Ward,Reform UK,Reform UK,Sean Crosbie Flude,972,11,5,False,2,4813,10663,45,official_result_page_via_serpapi_extractor,True,scheduled,2026-05-07,https://mycouncil.surreycc.gov.uk/mgElectionAreaResults.aspx?EID=2007&ID=423,,,,,9125,Incomplete
2026,West Surrey Council,The Byfleets Ward,Independent,Independent,Steve Howes,1413,15,3,False,2,4813,10663,45,official_result_page_via_serpapi_extractor,True,scheduled,2026-05-07,https://mycouncil.surreycc.gov.uk/mgElectionAreaResults.aspx?EID=2007&ID=423,,,,,9125,Incomplete
2026,West Surrey Council,The Byfleets Ward,Conservative,Conservative,Trevor William Leek,490,5,8,False,2,4813,10663,45,official_result_page_via_serpapi_extractor,True,scheduled,2026-05-07,https://mycouncil.surreycc.gov.uk/mgElectionAreaResults.aspx?EID=2007&ID=423,,,,,9125,Incomplete
2026,West Surrey Council,"Thorpe, Longcross & Ottershaw Ward",Labour,Labour,Benjamin William Niblett,161,2,11,False,2,5332,11424,47,official_result_page_via_serpapi_extractor,True,scheduled,2026-05-07,https://mycouncil.surreycc.gov.uk/mgElectionAreaResults.aspx?EID=2007&ID=424,,,,,10374,Incomplete
2026,West Surrey Council,"Thorpe, Longcross & Ottershaw Ward",Reform UK,Reform UK,Carl Jonathan Mann,1729,17,1,True,2,5332,11424,47,official_result_page_via_serpapi_extractor,True,scheduled,2026-05-07,https://mycouncil.surreycc.gov.uk/mgElectionAreaResults.aspx?EID=2007&ID=424,,,,,10374,Incomplete
2026,West Surrey Council,"Thorpe, Longcross & Ottershaw Ward",Liberal Democrats,Liberal Democrats,Don Whyte,1380,13,5,False,2,5332,11424,47,official_result_page_via_serpapi_extractor,True,scheduled,2026-05-07,https://mycouncil.surreycc.gov.uk/mgElectionAreaResults.aspx?EID=2007&ID=424,,,,,10374,Incomplete
2026,West Surrey Council,"Thorpe, Longcross & Ottershaw Ward",Labour,Labour,Jocelyn Mary Boxall,231,2,10,False,2,5332,11424,47,official_result_page_via_serpapi_extractor,True,scheduled,2026-05-07,https://mycouncil.surreycc.gov.uk/mgElectionAreaResults.aspx?EID=2007&ID=424,,,,,10374,Incomplete
2026,West Surrey Council,"Thorpe, Longcross & Ottershaw Ward",The Green Party,The Green Party,John Alexander Kelly,315,3,9,False,2,5332,11424,47,official_result_page_via_serpapi_extractor,True,scheduled,2026-05-07,https://mycouncil.surreycc.gov.uk/mgElectionAreaResults.aspx?EID=2007&ID=424,,,,,10374,Incomplete
2026,West Surrey Council,"Thorpe, Longcross & Ottershaw Ward",Conservative,Conservative,Jonathan Roger Hulley,1623,16,2,True,2,5332,11424,47,official_result_page_via_serpapi_extractor,True,scheduled,2026-05-07,https://mycouncil.surreycc.gov.uk/mgElectionAreaResults.aspx?EID=2007&ID=424,,,,,10374,Incomplete
2026,West Surrey Council,"Thorpe, Longcross & Ottershaw Ward",Independent,Independent,Michael Kenneth Cressey,426,4,7,False,2,5332,11424,47,official_result_page_via_serpapi_extractor,True,scheduled,2026-05-07,https://mycouncil.surreycc.gov.uk/mgElectionAreaResults.aspx?EID=2007&ID=424,,,,,10374,Incomplete
2026,West Surrey Council,"Thorpe, Longcross & Ottershaw Ward",Reform UK,Reform UK,Miles Morris,1416,14,3,False,2,5332,11424,47,official_result_page_via_serpapi_extractor,True,scheduled,2026-05-07,https://mycouncil.surreycc.gov.uk/mgElectionAreaResults.aspx?EID=2007&ID=424,,,,,10374,Incomplete
2026,West Surrey Council,"Thorpe, Longcross & Ottershaw Ward",Conservative,Conservative,Roberto Buono,1403,14,4,False,2,5332,11424,47,official_result_page_via_serpapi_extractor,True,scheduled,2026-05-07,https://mycouncil.surreycc.gov.uk/mgElectionAreaResults.aspx?EID=2007&ID=424,,,,,10374,Incomplete
2026,West Surrey Council,"Thorpe, Longcross & Ottershaw Ward",Liberal Democrats,Liberal Democrats,Sylvia Jane Whyte,1343,13,6,False,2,5332,11424,47,official_result_page_via_serpapi_extractor,True,scheduled,2026-05-07,https://mycouncil.surreycc.gov.uk/mgElectionAreaResults.aspx?EID=2007&ID=424,,,,,10374,Incomplete
2026,West Surrey Council,"Thorpe, Longcross & Ottershaw Ward",The Green Party,The Green Party,Zoe Smith,347,3,8,False,2,5332,11424,47,official_result_page_via_serpapi_extractor,True,scheduled,2026-05-07,https://mycouncil.surreycc.gov.uk/mgElectionAreaResults.aspx?EID=2007&ID=424,,,,,10374,Incomplete
2026,West Surrey Council,Waverley Eastern Villages Ward,Liberal Democrats,Liberal Democrats,Dave Busby,1696,15,3,False,2,5983,11171,54,official_result_page_via_serpapi_extractor,True,scheduled,2026-05-07,https://mycouncil.surreycc.gov.uk/mgElectionAreaResults.aspx?EID=2007&ID=425,,,,,11572,Incomplete
2026,West Surrey Council,Waverley Eastern Villages Ward,Reform UK,Reform UK,Dominique Andre Maurice Crapart,666,6,6,False,2,5983,11171,54,official_result_page_via_serpapi_extractor,True,scheduled,2026-05-07,https://mycouncil.surreycc.gov.uk/mgElectionAreaResults.aspx?EID=2007&ID=425,,,,,11572,Incomplete
2026,West Surrey Council,Waverley Eastern Villages Ward,Reform UK,Reform UK,Graham Thomas Ellwood,703,6,5,False,2,5983,11171,54,official_result_page_via_serpapi_extractor,True,scheduled,2026-05-07,https://mycouncil.surreycc.gov.uk/mgElectionAreaResults.aspx?EID=2007&ID=425,,,,,11572,Incomplete
2026,West Surrey Council,Waverley Eastern Villages Ward,The Green Party,The Green Party,Ingrid Curnock,342,3,7,False,2,5983,11171,54,official_result_page_via_serpapi_extractor,True,scheduled,2026-05-07,https://mycouncil.surreycc.gov.uk/mgElectionAreaResults.aspx?EID=2007&ID=425,,,,,11572,Incomplete
2026,West Surrey Council,Waverley Eastern Villages Ward,Conservative,Conservative,Jane Kathryn Austin,3359,29,1,True,2,5983,11171,54,official_result_page_via_serpapi_extractor,True,scheduled,2026-05-07,https://mycouncil.surreycc.gov.uk/mgElectionAreaResults.aspx?EID=2007&ID=425,,,,,11572,Incomplete
2026,West Surrey Council,Waverley Eastern Villages Ward,Conservative,Conservative,Kevin Neil Deanus,2893,25,2,True,2,5983,11171,54,official_result_page_via_serpapi_extractor,True,scheduled,2026-05-07,https://mycouncil.surreycc.gov.uk/mgElectionAreaResults.aspx?EID=2007&ID=425,,,,,11572,Incomplete
2026,West Surrey Council,Waverley Eastern Villages Ward,The Green Party,The Green Party,Martin William D'Arcy,295,3,8,False,2,5983,11171,54,official_result_page_via_serpapi_extractor,True,scheduled,2026-05-07,https://mycouncil.surreycc.gov.uk/mgElectionAreaResults.aspx?EID=2007&ID=425,,,,,11572,Incomplete
2026,West Surrey Council,Waverley Eastern Villages Ward,Liberal Democrats,Liberal Democrats,Paul William Wright,1488,13,4,False,2,5983,11171,54,official_result_page_via_serpapi_extractor,True,scheduled,2026-05-07,https://mycouncil.surreycc.gov.uk/mgElectionAreaResults.aspx?EID=2007&ID=425,,,,,11572,Incomplete
2026,West Surrey Council,Waverley Eastern Villages Ward,Labour,Labour,Sarah Catherine Davey,130,1,9,False,2,5983,11171,54,official_result_page_via_serpapi_extractor,True,scheduled,2026-05-07,https://mycouncil.surreycc.gov.uk/mgElectionAreaResults.aspx?EID=2007&ID=425,,,,,11572,Incomplete
2026,West Surrey Council,Waverley Western Villages Ward,Labour,Labour,Andrew Jones,108,1,10,False,2,5552,10428,53,official_result_page_via_serpapi_extractor,True,scheduled,2026-05-07,https://mycouncil.surreycc.gov.uk/mgElectionAreaResults.aspx?EID=2007&ID=426,,,,,10780,Incomplete
2026,West Surrey Council,Waverley Western Villages Ward,Reform UK,Reform UK,Christopher John Olive,644,6,7,False,2,5552,10428,53,official_result_page_via_serpapi_extractor,True,scheduled,2026-05-07,https://mycouncil.surreycc.gov.uk/mgElectionAreaResults.aspx?EID=2007&ID=426,,,,,10780,Incomplete
2026,West Surrey Council,Waverley Western Villages Ward,The Green Party,The Green Party,Clare Louise Weightman,329,3,8,False,2,5552,10428,53,official_result_page_via_serpapi_extractor,True,scheduled,2026-05-07,https://mycouncil.surreycc.gov.uk/mgElectionAreaResults.aspx?EID=2007&ID=426,,,,,10780,Incomplete
2026,West Surrey Council,Waverley Western Villages Ward,Independent,Independent,David John Munro,990,9,5,False,2,5552,10428,53,official_result_page_via_serpapi_extractor,True,scheduled,2026-05-07,https://mycouncil.surreycc.gov.uk/mgElectionAreaResults.aspx?EID=2007&ID=426,,,,,10780,Incomplete
2026,West Surrey Council,Waverley Western Villages Ward,Reform UK,Reform UK,Ged Hall,829,8,6,False,2,5552,10428,53,official_result_page_via_serpapi_extractor,True,scheduled,2026-05-07,https://mycouncil.surreycc.gov.uk/mgElectionAreaResults.aspx?EID=2007&ID=426,,,,,10780,Incomplete
2026,West Surrey Council,Waverley Western Villages Ward,Conservative,Conservative,Jean Isobel Arrick,1815,17,4,False,2,5552,10428,53,official_result_page_via_serpapi_extractor,True,scheduled,2026-05-07,https://mycouncil.surreycc.gov.uk/mgElectionAreaResults.aspx?EID=2007&ID=426,,,,,10780,Incomplete
2026,West Surrey Council,Waverley Western Villages Ward,Liberal Democrats,Liberal Democrats,Keith McDonald Buchanan,1941,18,2,True,2,5552,10428,53,official_result_page_via_serpapi_extractor,True,scheduled,2026-05-07,https://mycouncil.surreycc.gov.uk/mgElectionAreaResults.aspx?EID=2007&ID=426,,,,,10780,Incomplete
2026,West Surrey Council,Waverley Western Villages Ward,Liberal Democrats,Liberal Democrats,Mark Ian Merryweather,1853,17,3,False,2,5552,10428,53,official_result_page_via_serpapi_extractor,True,scheduled,2026-05-07,https://mycouncil.surreycc.gov.uk/mgElectionAreaResults.aspx?EID=2007&ID=426,,,,,10780,Incomplete
2026,West Surrey Council,Waverley Western Villages Ward,Conservative,Conservative,Phoebe Sullivan,1961,18,1,True,2,5552,10428,53,official_result_page_via_serpapi_extractor,True,scheduled,2026-05-07,https://mycouncil.surreycc.gov.uk/mgElectionAreaResults.aspx?EID=2007&ID=426,,,,,10780,Incomplete
2026,West Surrey Council,Waverley Western Villages Ward,The Green Party,The Green Party,Simon Leon Lightman,310,3,9,False,2,5552,10428,53,official_result_page_via_serpapi_extractor,True,scheduled,2026-05-07,https://mycouncil.surreycc.gov.uk/mgElectionAreaResults.aspx?EID=2007&ID=426,,,,,10780,Incomplete
2026,West Surrey Council,Woking North Ward,Labour,Labour,Anila Javaid,810,8,4,False,2,5058,11124,45,official_result_page_via_serpapi_extractor,True,scheduled,2026-05-07,https://mycouncil.surreycc.gov.uk/mgElectionAreaResults.aspx?EID=2007&ID=427,,,,,9634,Incomplete
2026,West Surrey Council,Woking North Ward,Liberal Democrats,Liberal Democrats,Attia Aslam,2356,24,1,True,2,5058,11124,45,official_result_page_via_serpapi_extractor,True,scheduled,2026-05-07,https://mycouncil.surreycc.gov.uk/mgElectionAreaResults.aspx?EID=2007&ID=427,,,,,9634,Incomplete
2026,West Surrey Council,Woking North Ward,Reform UK,Reform UK,Jake William Ventham,598,6,7,False,2,5058,11124,45,official_result_page_via_serpapi_extractor,True,scheduled,2026-05-07,https://mycouncil.surreycc.gov.uk/mgElectionAreaResults.aspx?EID=2007&ID=427,,,,,9634,Incomplete
2026,West Surrey Council,Woking North Ward,Heritage Party,Heritage Party,Judith Diana Squire,118,1,10,False,2,5058,11124,45,official_result_page_via_serpapi_extractor,True,scheduled,2026-05-07,https://mycouncil.surreycc.gov.uk/mgElectionAreaResults.aspx?EID=2007&ID=427,,,,,9634,Incomplete
2026,West Surrey Council,Woking North Ward,Conservative,Conservative,Muzaffar Abdullah Ali,658,7,6,False,2,5058,11124,45,official_result_page_via_serpapi_extractor,True,scheduled,2026-05-07,https://mycouncil.surreycc.gov.uk/mgElectionAreaResults.aspx?EID=2007&ID=427,,,,,9634,Incomplete
2026,West Surrey Council,Woking North Ward,Independent,Independent,Riasat Khan,574,6,9,False,2,5058,11124,45,official_result_page_via_serpapi_extractor,True,scheduled,2026-05-07,https://mycouncil.surreycc.gov.uk/mgElectionAreaResults.aspx?EID=2007&ID=427,,,,,9634,Incomplete
2026,West Surrey Council,Woking North Ward,Conservative,Conservative,Shabana Sheikh,586,6,8,False,2,5058,11124,45,official_result_page_via_serpapi_extractor,True,scheduled,2026-05-07,https://mycouncil.surreycc.gov.uk/mgElectionAreaResults.aspx?EID=2007&ID=427,,,,,9634,Incomplete
2026,West Surrey Council,Woking North Ward,Labour,Labour,Tahir Aziz,981,10,3,False,2,5058,11124,45,official_result_page_via_serpapi_extractor,True,scheduled,2026-05-07,https://mycouncil.surreycc.gov.uk/mgElectionAreaResults.aspx?EID=2007&ID=427,,,,,9634,Incomplete
2026,West Surrey Council,Woking North Ward,Reform UK,Reform UK,Trevor Alexander Jones,731,8,5,False,2,5058,11124,45,official_result_page_via_serpapi_extractor,True,scheduled,2026-05-07,https://mycouncil.surreycc.gov.uk/mgElectionAreaResults.aspx?EID=2007&ID=427,,,,,9634,Incomplete
2026,West Surrey Council,Woking North Ward,Liberal Democrats,Liberal Democrats,Zafar Rasab,2222,23,2,True,2,5058,11124,45,official_result_page_via_serpapi_extractor,True,scheduled,2026-05-07,https://mycouncil.surreycc.gov.uk/mgElectionAreaResults.aspx?EID=2007&ID=427,,,,,9634,Incomplete
2026,West Surrey Council,Woking South East Ward,The Green Party,The Green Party,Anastacia Shchybun,398,4,7,False,2,5000,10358,48,official_result_page_via_serpapi_extractor,True,scheduled,2026-05-07,https://mycouncil.surreycc.gov.uk/mgElectionAreaResults.aspx?EID=2007&ID=428,,,,,9634,Incomplete
2026,West Surrey Council,Woking South East Ward,Conservative,Conservative,Ben Edward Maynard,782,8,6,False,2,5000,10358,48,official_result_page_via_serpapi_extractor,True,scheduled,2026-05-07,https://mycouncil.surreycc.gov.uk/mgElectionAreaResults.aspx?EID=2007&ID=428,,,,,9634,Incomplete
2026,West Surrey Council,Woking South East Ward,Reform UK,Reform UK,Christopher Peter Stone,785,8,5,False,2,5000,10358,48,official_result_page_via_serpapi_extractor,True,scheduled,2026-05-07,https://mycouncil.surreycc.gov.uk/mgElectionAreaResults.aspx?EID=2007&ID=428,,,,,9634,Incomplete
2026,West Surrey Council,Woking South East Ward,Liberal Democrats,Liberal Democrats,Ellen Nicholson,2713,28,2,True,2,5000,10358,48,official_result_page_via_serpapi_extractor,True,scheduled,2026-05-07,https://mycouncil.surreycc.gov.uk/mgElectionAreaResults.aspx?EID=2007&ID=428,,,,,9634,Incomplete
2026,West Surrey Council,Woking South East Ward,Liberal Democrats,Liberal Democrats,Peter Graves,2859,30,1,True,2,5000,10358,48,official_result_page_via_serpapi_extractor,True,scheduled,2026-05-07,https://mycouncil.surreycc.gov.uk/mgElectionAreaResults.aspx?EID=2007&ID=428,,,,,9634,Incomplete
2026,West Surrey Council,Woking South East Ward,Labour,Labour,Sabir Hussain,146,2,8,False,2,5000,10358,48,official_result_page_via_serpapi_extractor,True,scheduled,2026-05-07,https://mycouncil.surreycc.gov.uk/mgElectionAreaResults.aspx?EID=2007&ID=428,,,,,9634,Incomplete
2026,West Surrey Council,Woking South East Ward,Labour,Labour,Simona Mirela Popa,135,1,9,False,2,5000,10358,48,official_result_page_via_serpapi_extractor,True,scheduled,2026-05-07,https://mycouncil.surreycc.gov.uk/mgElectionAreaResults.aspx?EID=2007&ID=428,,,,,9634,Incomplete
2026,West Surrey Council,Woking South East Ward,Reform UK,Reform UK,Stephen Frank Aries,903,9,4,False,2,5000,10358,48,official_result_page_via_serpapi_extractor,True,scheduled,2026-05-07,https://mycouncil.surreycc.gov.uk/mgElectionAreaResults.aspx?EID=2007&ID=428,,,,,9634,Incomplete
2026,West Surrey Council,Woking South East Ward,Conservative,Conservative,Steve Dorsett,913,9,3,False,2,5000,10358,48,official_result_page_via_serpapi_extractor,True,scheduled,2026-05-07,https://mycouncil.surreycc.gov.uk/mgElectionAreaResults.aspx?EID=2007&ID=428,,,,,9634,Incomplete
2026,West Surrey Council,Woking South Ward,Reform UK,Reform UK,Alice Margaret Gurr,799,9,3,False,2,4495,10618,42,official_result_page_via_serpapi_extractor,True,scheduled,2026-05-07,https://mycouncil.surreycc.gov.uk/mgElectionAreaResults.aspx?EID=2007&ID=429,,,,,8605,Incomplete
2026,West Surrey Council,Woking South Ward,Conservative,Conservative,Colin Patrick Scott,403,5,8,False,2,4495,10618,42,official_result_page_via_serpapi_extractor,True,scheduled,2026-05-07,https://mycouncil.surreycc.gov.uk/mgElectionAreaResults.aspx?EID=2007&ID=429,,,,,8605,Incomplete
2026,West Surrey Council,Woking South Ward,The Green Party,The Green Party,Gregory Rhys Evans (Known as Harrison Getz),600,7,5,False,2,4495,10618,42,official_result_page_via_serpapi_extractor,True,scheduled,2026-05-07,https://mycouncil.surreycc.gov.uk/mgElectionAreaResults.aspx?EID=2007&ID=429,,,,,8605,Incomplete
2026,West Surrey Council,Woking South Ward,Liberal Democrats,Liberal Democrats,Ian Johnson,2489,29,1,True,2,4495,10618,42,official_result_page_via_serpapi_extractor,True,scheduled,2026-05-07,https://mycouncil.surreycc.gov.uk/mgElectionAreaResults.aspx?EID=2007&ID=429,,,,,8605,Incomplete
2026,West Surrey Council,Woking South Ward,Reform UK,Reform UK,John Allan Petrie,741,9,4,False,2,4495,10618,42,official_result_page_via_serpapi_extractor,True,scheduled,2026-05-07,https://mycouncil.surreycc.gov.uk/mgElectionAreaResults.aspx?EID=2007&ID=429,,,,,8605,Incomplete
2026,West Surrey Council,Woking South Ward,Conservative,Conservative,John Frederick Lawrence,471,5,7,False,2,4495,10618,42,official_result_page_via_serpapi_extractor,True,scheduled,2026-05-07,https://mycouncil.surreycc.gov.uk/mgElectionAreaResults.aspx?EID=2007&ID=429,,,,,8605,Incomplete
2026,West Surrey Council,Woking South Ward,Liberal Democrats,Liberal Democrats,Louise Mary Nell Morales,2480,29,2,True,2,4495,10618,42,official_result_page_via_serpapi_extractor,True,scheduled,2026-05-07,https://mycouncil.surreycc.gov.uk/mgElectionAreaResults.aspx?EID=2007&ID=429,,,,,8605,Incomplete
2026,West Surrey Council,Woking South Ward,The Green Party,The Green Party,Paul Jan Hoekstra,570,7,6,False,2,4495,10618,42,official_result_page_via_serpapi_extractor,True,scheduled,2026-05-07,https://mycouncil.surreycc.gov.uk/mgElectionAreaResults.aspx?EID=2007&ID=429,,,,,8605,Incomplete
2026,West Surrey Council,Woking South Ward,Heritage Party,Heritage Party,Richard Peter Farr Squire,52,1,9,False,2,4495,10618,42,official_result_page_via_serpapi_extractor,True,scheduled,2026-05-07,https://mycouncil.surreycc.gov.uk/mgElectionAreaResults.aspx?EID=2007&ID=429,,,,,8605,Incomplete
2026,West Surrey Council,Woking South West Ward,Conservative,Conservative,Ayesha Azad,1478,14,3,False,2,5616,11397,49,official_result_page_via_serpapi_extractor,True,scheduled,2026-05-07,https://mycouncil.surreycc.gov.uk/mgElectionAreaResults.aspx?EID=2007&ID=430,,,,,10849,Incomplete
2026,West Surrey Council,Woking South West Ward,Reform UK,Reform UK,Charles Thomas De Burgh Wilmot,852,8,6,False,2,5616,11397,49,official_result_page_via_serpapi_extractor,True,scheduled,2026-05-07,https://mycouncil.surreycc.gov.uk/mgElectionAreaResults.aspx?EID=2007&ID=430,,,,,10849,Incomplete
2026,West Surrey Council,Woking South West Ward,Liberal Democrats,Liberal Democrats,Dale Shaun Roberts,2588,24,2,True,2,5616,11397,49,official_result_page_via_serpapi_extractor,True,scheduled,2026-05-07,https://mycouncil.surreycc.gov.uk/mgElectionAreaResults.aspx?EID=2007&ID=430,,,,,10849,Incomplete
2026,West Surrey Council,Woking South West Ward,Reform UK,Reform UK,Gavin John Browning,1024,9,4,False,2,5616,11397,49,official_result_page_via_serpapi_extractor,True,scheduled,2026-05-07,https://mycouncil.surreycc.gov.uk/mgElectionAreaResults.aspx?EID=2007&ID=430,,,,,10849,Incomplete
2026,West Surrey Council,Woking South West Ward,The Green Party,The Green Party,Helen Kingstone,499,5,7,False,2,5616,11397,49,official_result_page_via_serpapi_extractor,True,scheduled,2026-05-07,https://mycouncil.surreycc.gov.uk/mgElectionAreaResults.aspx?EID=2007&ID=430,,,,,10849,Incomplete
2026,West Surrey Council,Woking South West Ward,Liberal Democrats,Liberal Democrats,Leslie Rice,2820,26,1,True,2,5616,11397,49,official_result_page_via_serpapi_extractor,True,scheduled,2026-05-07,https://mycouncil.surreycc.gov.uk/mgElectionAreaResults.aspx?EID=2007&ID=430,,,,,10849,Incomplete
2026,West Surrey Council,Woking South West Ward,The Green Party,The Green Party,Mahil Vasanth,321,3,8,False,2,5616,11397,49,official_result_page_via_serpapi_extractor,True,scheduled,2026-05-07,https://mycouncil.surreycc.gov.uk/mgElectionAreaResults.aspx?EID=2007&ID=430,,,,,10849,Incomplete
2026,West Surrey Council,Woking South West Ward,Conservative,Conservative,Robert Alan Kwiatkowski,954,9,5,False,2,5616,11397,49,official_result_page_via_serpapi_extractor,True,scheduled,2026-05-07,https://mycouncil.surreycc.gov.uk/mgElectionAreaResults.aspx?EID=2007&ID=430,,,,,10849,Incomplete
2026,West Surrey Council,Woking South West Ward,Labour,Labour,Sean O'Malley,143,1,9,False,2,5616,11397,49,official_result_page_via_serpapi_extractor,True,scheduled,2026-05-07,https://mycouncil.surreycc.gov.uk/mgElectionAreaResults.aspx?EID=2007&ID=430,,,,,10849,Incomplete
2026,West Surrey Council,Woking South West Ward,Heritage Party,Heritage Party,Tim Read,66,1,11,False,2,5616,11397,49,official_result_page_via_serpapi_extractor,True,scheduled,2026-05-07,https://mycouncil.surreycc.gov.uk/mgElectionAreaResults.aspx?EID=2007&ID=430,,,,,10849,Incomplete
2026,West Surrey Council,Woking South West Ward,Labour,Labour,Zamzam Ilyas,104,1,10,False,2,5616,11397,49,official_result_page_via_serpapi_extractor,True,scheduled,2026-05-07,https://mycouncil.surreycc.gov.uk/mgElectionAreaResults.aspx?EID=2007&ID=430,,,,,10849,Incomplete
2026,West Surrey Council,Woodham & New Haw Ward,Liberal Democrats,Liberal Democrats,Chelsea Katherine Whyte,1498,15,4,False,2,5325,10938,49,official_result_page_via_serpapi_extractor,True,scheduled,2026-05-07,https://mycouncil.surreycc.gov.uk/mgElectionAreaResults.aspx?EID=2007&ID=431,,,,,10113,Incomplete
2026,West Surrey Council,Woodham & New Haw Ward,Reform UK,Reform UK,Ian Charles George Betteridge,1151,11,5,False,2,5325,10938,49,official_result_page_via_serpapi_extractor,True,scheduled,2026-05-07,https://mycouncil.surreycc.gov.uk/mgElectionAreaResults.aspx?EID=2007&ID=431,,,,,10113,Incomplete
2026,West Surrey Council,Woodham & New Haw Ward,Conservative,Conservative,Josh Brown,1792,18,2,True,2,5325,10938,49,official_result_page_via_serpapi_extractor,True,scheduled,2026-05-07,https://mycouncil.surreycc.gov.uk/mgElectionAreaResults.aspx?EID=2007&ID=431,,,,,10113,Incomplete
2026,West Surrey Council,Woodham & New Haw Ward,The Green Party,The Green Party,Martin Robson,422,4,7,False,2,5325,10938,49,official_result_page_via_serpapi_extractor,True,scheduled,2026-05-07,https://mycouncil.surreycc.gov.uk/mgElectionAreaResults.aspx?EID=2007&ID=431,,,,,10113,Incomplete
2026,West Surrey Council,Woodham & New Haw Ward,Labour,Labour,Martina Goretti Hunter,186,2,8,False,2,5325,10938,49,official_result_page_via_serpapi_extractor,True,scheduled,2026-05-07,https://mycouncil.surreycc.gov.uk/mgElectionAreaResults.aspx?EID=2007&ID=431,,,,,10113,Incomplete
2026,West Surrey Council,Woodham & New Haw Ward,Reform UK,Reform UK,Paul Dimarco,971,10,6,False,2,5325,10938,49,official_result_page_via_serpapi_extractor,True,scheduled,2026-05-07,https://mycouncil.surreycc.gov.uk/mgElectionAreaResults.aspx?EID=2007&ID=431,,,,,10113,Incomplete
2026,West Surrey Council,Woodham & New Haw Ward,Labour,Labour,Richard John Milstead,163,2,9,False,2,5325,10938,49,official_result_page_via_serpapi_extractor,True,scheduled,2026-05-07,https://mycouncil.surreycc.gov.uk/mgElectionAreaResults.aspx?EID=2007&ID=431,,,,,10113,Incomplete
2026,West Surrey Council,Woodham & New Haw Ward,Liberal Democrats,Liberal Democrats,Ronan Stephen McCaughey,1718,17,3,False,2,5325,10938,49,official_result_page_via_serpapi_extractor,True,scheduled,2026-05-07,https://mycouncil.surreycc.gov.uk/mgElectionAreaResults.aspx?EID=2007&ID=431,,,,,10113,Incomplete
2026,West Surrey Council,Woodham & New Haw Ward,Conservative,Conservative,Scott Alderson Lewis,2212,22,1,True,2,5325,10938,49,official_result_page_via_serpapi_extractor,True,scheduled,2026-05-07,https://mycouncil.surreycc.gov.uk/mgElectionAreaResults.aspx?EID=2007&ID=431,,,,,10113,Incomplete
2026,West Surrey Council,Worplesdon Ward,The Green Party,The Green Party,Alexander James McElduff (Known as Alex McElduff),456,5,7,False,2,4837,10401,47,official_result_page_via_serpapi_extractor,True,scheduled,2026-05-07,https://mycouncil.surreycc.gov.uk/mgElectionAreaResults.aspx?EID=2007&ID=432,,,,,9374,Incomplete
2026,West Surrey Council,Worplesdon Ward,Reform UK,Reform UK,Andrew James Berry,1087,12,5,False,2,4837,10401,47,official_result_page_via_serpapi_extractor,True,scheduled,2026-05-07,https://mycouncil.surreycc.gov.uk/mgElectionAreaResults.aspx?EID=2007&ID=432,,,,,9374,Incomplete
2026,West Surrey Council,Worplesdon Ward,Conservative,Conservative,Bilal Hassan Akhtar,1775,19,1,True,2,4837,10401,47,official_result_page_via_serpapi_extractor,True,scheduled,2026-05-07,https://mycouncil.surreycc.gov.uk/mgElectionAreaResults.aspx?EID=2007&ID=432,,,,,9374,Incomplete
2026,West Surrey Council,Worplesdon Ward,Labour,Labour,Brian Jeffrey Creese,196,2,9,False,2,4837,10401,47,official_result_page_via_serpapi_extractor,True,scheduled,2026-05-07,https://mycouncil.surreycc.gov.uk/mgElectionAreaResults.aspx?EID=2007&ID=432,,,,,9374,Incomplete
2026,West Surrey Council,Worplesdon Ward,Liberal Democrats,Liberal Democrats,Jason Martin,1234,13,4,False,2,4837,10401,47,official_result_page_via_serpapi_extractor,True,scheduled,2026-05-07,https://mycouncil.surreycc.gov.uk/mgElectionAreaResults.aspx?EID=2007&ID=432,,,,,9374,Incomplete
2026,West Surrey Council,Worplesdon Ward,The Green Party,The Green Party,Jayden Poudel Sarma (Known as Jayden Sarma),401,4,8,False,2,4837,10401,47,official_result_page_via_serpapi_extractor,True,scheduled,2026-05-07,https://mycouncil.surreycc.gov.uk/mgElectionAreaResults.aspx?EID=2007&ID=432,,,,,9374,Incomplete
2026,West Surrey Council,Worplesdon Ward,Conservative,Conservative,Jonathan George Caladine Lord,1705,18,2,True,2,4837,10401,47,official_result_page_via_serpapi_extractor,True,scheduled,2026-05-07,https://mycouncil.surreycc.gov.uk/mgElectionAreaResults.aspx?EID=2007&ID=432,,,,,9374,Incomplete
2026,West Surrey Council,Worplesdon Ward,Reform UK,Reform UK,Kate Helena Broadhurst (Known as Kate Broadhurst),1062,11,6,False,2,4837,10401,47,official_result_page_via_serpapi_extractor,True,scheduled,2026-05-07,https://mycouncil.surreycc.gov.uk/mgElectionAreaResults.aspx?EID=2007&ID=432,,,,,9374,Incomplete
2026,West Surrey Council,Worplesdon Ward,Liberal Democrats,Liberal Democrats,Matthew Stephen Felgate,1458,16,3,False,2,4837,10401,47,official_result_page_via_serpapi_extractor,True,scheduled,2026-05-07,https://mycouncil.surreycc.gov.uk/mgElectionAreaResults.aspx?EID=2007&ID=432,,,,,9374,Incomplete
